S01B00006275696C642F72656C656173652F7A69676265652E73333714
S214004000081000200970000095B20000E3F10200DD
S214004010E3F102009DB20000A5B20000E3F1020049
S214004020E3F10200E3F10200E3F10200E3F1020033
S214004030A9B2000048310400E3F10200E3F10200F7
S214004040E3F10200E3F10200E3F10200216B00005D
S214004050E3F10200E3F10200E3F10200E3F1020003
S214004060E3F10200E3F10200A9B70000E3F1020069
S214004070E3F10200E3F10200E3F10200E3F10200E3
S214004080E3F10200E3F10200E3F10200E3F10200D3
S214004090E3F10200E3F10200E3F10200E3F10200C3
S2140040A0E3F10200D1730000B5730000E3F10200F3
S2140040B0E3F10200E3F10200E3F10200850B0200E7
S2140040C0C34B0300BF4B0300E9020200D94B0300B9
S2140040D0C74B0300450B0200CB4B030079EF0100F2
S2140040E0C50B0200E3F10200E3F10200E3F1020077
S2140040F0E3F10200E3F10200E3F10200E3F1020063
S214004100E3F10200E3F10200E3F10200E3F1020052
S214004110E3F10200E3F10200E3F10200E3F1020042
S214004120E3F10200E3F10200E3F10200E3F1020032
S208004130E3F10200B0
S214004134F0B5114A114C124E00F00105E3695F0711
S21400414413D40DB9334213D103EA00078F4207D1C3
S2140041540B4A1A40002A14BF6FF001000020F0BD7D
S214004164013AEBD16FF00200F9E74FF0FF30F6E7C3
S2140041746FF00100F3E700BF80969800000003503C
S214004184020001000B4B70B5D96911F480310DD1D2
S21400419401244FF48072084E084DF46020462C64C7
S2140041A41A61FFF7C5FF3464EC6070BD6FF0010060
S2140041B4FBE700BF0000035000100350002003502C
S2140041C438B541F6713301220C4C0021E569E363EE
S2140041D40B4B05F48035DA600223606121202361ED
S2140041E4FFF7A6FF10B92120FFF7A2FF0122054B17
S2140041F4DA600DB10023E36338BD00BF000003504E
S214004204001003500020035070B5134C6061E3693E
S2140042145B071ED40E4656F8043B8D18A361AE42C7
S2140042240BD10423002121202361FFF781FF58B915
S214004234BDE870402120FFF77BBF08210846FFF742
S21400424477FF10B10423236170BD56F8043BA361C5
S214004254E5E74FF0FF30F7E7000003502DE9F84399
S214004264154641F67132164B8946DF69DA63012238
S214004274064603F58053DFF8508007F48037DA608B
S21400428455B9284601220F4BDA601FB10022A3F568
S2140042940053DA63BDE8F88306F5005404EA08041C
S2140042A4A41BAC4228BF2C46494622463046FFF79C
S2140042B4ABFF0028E6D12644A1442D1BE0E700BF4F
S2100042C4000003500020035000E0FFFF45
S2140042D02DE9F04F4FF0FD0BC9B09A460DF11B09C2
S2140042E09DF8503108AFCDF80C90CDF808B0019786
S2140042F0059303890446009383790E4690464188C9
S2140043008288407811F08AF9054650B10090A3885B
S214004310002062883A4911F0C5FC284649B0BDE83D
S214004320F08F99F800002DF09CFF38B12846A3883E
S2140043306288344911F0B6FC8D25EEE75A463946B8
S21400434099F800002DF035FF8346002851D0529B87
S2140043501BB1BDF84C3198424BD8002399F8009019
S2140043600793A9F14102012A5FFA8BF123D8384658
S2140043700139254ADFF898C05FFA81FE734513DBE2
S214004380059B04210792C3B907AF18221F489FED6B
S2140043901A7B02FB060420460A460830394684ED9E
S2140043A0027B16F0A7F911E010F8011F0133514007
S2140043B00CFB01F2E2E7059B33B123464A4638463A
S2140043C000960FF0ADF8A8E70829DED9B8F1000F7F
S2140043D001D088F80090BAF1000F01D0AAF800B01A
S2140043E0529B002B99D05A46184608A916F082F917
S2140043F093E7012591E700BF0000000000000000E1
S21400440046DA03007BDA0300C59D1C81801000207D
S21400441093010001000000002DE9F04F93B0CDE9B4
S2140044200A32DDE91C530E9353EC102BCDE908013C
S214004430104619468DED060B1E9E15F0E5FB80B165
S214004440DDE906014FF0FF32C54B15F005FC40B91B
S214004450DDE906014FF0FF326FF4801315F0DEFB46
S21400446070B1DDE908019DED060B0E9B1E96CDE9A9
S2140044701C53DDE90A3213B0BDE8F04F00F088B9EE
S2140044800022DDE90601002315F0C8FB002800F035
S2140044903381DDE906A303F1004BCBF30A5016F493
S2140044A08063A0F2FF3008BF06250F9315F0DAF8F8
S2140044B09BA3D3E9002315F03FF99BA3D3E9002380
S2140044C014F084FFCBF31304894644F07F518046F2
S2140044D00022A44B504641F4401114F075FF94A3FB
S2140044E0D3E9002315F028F902460B464046494614
S2140044F014F06CFF15F0BAFB044615F0B3F88EA363
S214004500D3E900238046894615F016F90022964B1B
S21400451014F05CFF15F0AAFB89A3D3E90023074635
S2140045204946404615F008F980463846894615F053
S21400453099F885A3D3E9002315F0FEF802460B464A
S2140045404046494614F040FF02460B46CDE90C2390
S21400455015F0F2F8DDE90C23804689461046194628
S21400456014F034FF0022CDE91001804B4046494646
S21400457015F00CFA00227E4B14F028FF02460B467C
S2140045804046494615F002FA00227A4B14F01EFF08
S21400459002460B464046494615F0F8F9DDE90C237D
S2140045A08046894600204FF0804114F00DFF0246F9
S2140045B00B464046494614F009FF02460B46DDE925
S2140045C0100115F0E3F907F2FF3700226A4B14F0EA
S2140045D0FDFE00223B0515F0AFF852465B468046CE
S2140045E0894615F039FB002840F08980CDE90C8912
S2140045F004F16303C62B8CBF0527042731051BD5A2
S21400460053A3D3E900235046594615F01BFB002858
S2140046107FD051A3D3E900235046594615F0FEFA41
S214004620002876D00027A542C6BF2C1B04F1FF3514
S21400463000253C4646F480660E9B9F422CBF4FF0FA
S2140046400008A3EB070816F0020903D0002F18BFD6
S2140046504FF000083CB1DDE90C235046594615F0F2
S21400466095F982468B46DDE906010022002315F007
S214004670D5FA10B10BF100439B46DDE9080126F49C
S2140046800063CDE90183DDE90A324BEC10AB0095FF
S21400469000F07EF802465FB3DDE9091316F0200F3E
S2140046A000F10105089E0CBF65204520B047DDE9F6
S2140046B008010523002205930A23002CCDE90232C7
S2140046C007F1FF374FEAD473B8BF64422A46019316
S2140046D004970A9B00942FF0E2FB0246B9F1000F04
S2140046E006D00B9BC41A0B9B1A190E9BA34245D8E7
S2140046F0104613B0BDE8F08FDDE906ABCDE600222C
S214004700404649461A4B15F041F9013CCDE90C01EB
S2140047106EE7002D90D00F9B002B8DD0013D8BE7D0
S214004720FB799F501344D33FB3C8608B288AC63F9B
S21400473061436F63A787D23F71A379094F930A40FD
S2140047401655B5BBB16B0240EF39FAFE422EE63F76
S2140047502D431CEBE2361A3F0000000080842E41F9
S214004760FFFFEF7F0000F83F0000E03F00002C4016
S21400477000002440000018400000F03F2020DDE943
S2140047800913089DA8470134ADE700BF00000000EC
S2140047902DE9F04F5BEC10AB97B0CDE90501DDE9F4
S2140047A02058CDE90723504652465B465946229F7D
S2140047B015F02AFA70B90323CDE902870193AA4BB4
S2140047C00093DDE90501DDE907232FF09AFA17B01B
S2140047D0BDE8F08F4FF0FF326FF480135046594615
S2140047E015F01CFA28B10423CDE9028701939F4BEC
S2140047F0E6E74FF0FF32504659469D4B15F02CFA2F
S21400480068B19C4A07F00403002B08BF03229A4BAA
S2140048101CBF13460422CDE902870192D0E750461A
S2140048208DA3D3E90023594615F016FA38B98CA3A0
S214004830D3E900235046594615F0F0F968B1DDE992
S2140048400723DDE905014BEC10ABCDE92187209568
S21400485017B0BDE8F04FFFF7DFBD0022002350463B
S214004860594615F0DBF9002800F091805B46524669
S2140048700020002114F0A8FD012382468B460993F0
S21400488017F4806400F08580092D40F285800024AE
S21400489030210EABA5F109020134202C03F8011BD0
S2140048A0A5EB040901D09442F6D15946504615F0BE
S2140048B0DDF9724B054603EBC90393ED007B8DEDE6
S2140048C00A7B14F0CFFE02460B465046594614F0BB
S2140048D07BFDDDE90A2314F02FFF02460B46CDE9E7
S2140048E00C2315F0EBF9064614F0ACFE02460B4618
S2140048F0DDE90C0114F068FD02460B46CDE90C23F9
S21400490000225F4B15F0A8F9002848D00136304643
S21400491014F098FE02460B46DDE90A0115F088F908
S21400492008B100260135B9F1000F45D1284614F02C
S21400493099FE02460B465046594614F045FD0022A5
S2140049404F4B15F06BF910B9E90700D501350A2170
S2140049500EAB1A19202C0AD095FBF1F001FB10556E
S214004960303502F8015B013405460028F2D107F025
S2140049700302012A55D1B8F1000F52D0099A12B994
S21400498017F00C0F01D008F1FF38302240E00990F4
S21400499076E74FF0060988E7A946002485E7002257
S2140049A0DDE90C01364B15F039F90028BBD10EB104
S2140049B0F007B8D50136B6E70A210EAB1A19202C37
S2140049C00DD0B6FBF1F001FB1063092E03F13003A6
S2140049D009F1FF3904F1010402F8013B11D8302136
S2140049E0A1440EAA202CB2D04C4504F101030AD1F2
S2140049F004F158020DEB02042E2204F8202C1C466B
S214004A00A5E70646DBE7A1541C46EBE71A5501343A
S214004A10444506D2202CF9D1CDE9028701940EAB8D
S214004A20CEE6202CF8D0099B3BB12D2204F158038A
S214004A306B4403F8202C0134EEE77A0704D504F122
S214004A4058032B226B44F4E73B07E5D504F15803E3
S214004A5020226B44EDE700BF0000000065CDCD418D
S214004A600000000065CDCDC169F703006DF70300B7
S214004A70FFFFEF7F60F7030065F703007840040050
S214004A800000E03F0000000070B58EB02C22002130
S214004A9003A815F09FFC64234FF002320893CDE97B
S214004AA005230B2301218DF834305B4B8DF8101055
S214004AB01D880D4040F0A980084633F04BFA0A22C4
S214004AC0564B574C1A704FF42873ADF812304FF00F
S214004AD0FF332360534B54491B8820460B82534BAD
S214004AE0534A1B68CD828B61524B0D621B884B82EA
S214004AF0514B1B68CB611CF0DBF820B14FF41B71E7
S214004B004E4834F0BFFA052120682FF0BBFB20B1D9
S214004B1040F27D21494834F0B5FA206814F010FCC4
S214004B20474B206819682FF070FC0C2533F07AFE8E
S214004B306843099033F076FE68430DEB0501079055
S214004B40206816F009FB20B140F295213B4834F06E
S214004B5099FA25681EF0E4FA0022014628462FF04E
S214004B60CCFC20B140F29721344834F08BFA40F266
S214004B700353344D344E2B80052396F90000AB705A
S214004B807F2801D11CF08AF93378EB7033F04AFEA7
S214004B9000EB80008000A88033F044FE0023C000B5
S214004BA04FF0FF31E880AB604FF0FF3018A3D3E939
S214004BB0002333F021FB254920682FF057FC20689E
S214004BC002A930F073F820B14FF434711B4834F06A
S214004BD059FA042220680DEB02012FF0EBFB0428A3
S214004BE004D040F2D721154834F04CFA01A9012030
S214004BF02EF0ECFF06F092FB01201CF0D3FD2BF00C
S214004C004CF81CF0F9FD1CF0E1F80EB070BD00BFCA
S214004C100A0020FF42030000EE540020135C002030
S214004C20144F0020265A0400B86200202C5A0400B4
S214004C307D7F0300245A0400285A04003230040002
S214004C4000600020084F002082650020F17F0300EE
S214004C500348044B834202D0034B03B11847704706
S214004C60B0650020B065002000000000064B074934
S214004C70C91A891048BF0131491003D0044B0BB143
S214004C8001481847704700BFB0650020B065002097
S214004C900000000010B5064C237843B9FFF7D8FF94
S214004CA0044B13B10448AFF300800123237010BDFA
S214004CB0B015002000000000AC7D040008B5044BD1
S214004CC01BB104490448AFF30080BDE80840CDE7B7
S214004CD000000000B4150020AC7D0400A3F5803A67
S214004CE0704700BF154B002B08BF114B9D46FFF7C2
S214004CF0F5FF00218B460F461148124A121A15F08E
S214004D0069FB0C4B002B00D098470B4B002B00D0B8
S214004D1098470020002104000D000B4815F0A0FE67
S214004D2015F030FB200029002AF042F815F086FE28
S214004D30000008000000000000000000081000202E
S214004D4008100020685C0020C9AA010007B50121F0
S214004D5020200DF1070200F033FE58B10223012196
S214004D6020200DF107028DF8073000F039FE03B061
S214004D705DF804FB9DF807100229F8D002220948C6
S214004D8014F016FA022301210DF1070220208DF8F7
S214004D90073000F025FE29F08FFF4FF4FA6000F090
S214004DA01FFDE4E7A894030038B500F081FF012852
S214004DB005D000F07DFF022801D000F091FF064DDF
S214004DC02B783BB900F074FF0128044602D129F085
S214004DD0E6FF2C7038BD00BFCC55002070B50C46E1
S214004DE0088800F069FD94F844300546834214D0E4
S214004DF004F11C06304629F06EFF84F8445029F072
S214004E006EFF1421A064304629F060FF94F8441029
S214004E100248BDE8704014F0CBB970BDD0940300D2
S214004E2010B50446008800F047FDA37884F84400D7
S214004E30834202BF0123E3702371074B04F11C0079
S214004E40C4E9073400F012FE224620880349BDE874
S214004E50104000F049BD00BFA3EA0200DD4D00008F
S214004E6070B5C37804460D461646002B32D1C1B144
S214004E701F4814F09DF9E36CA6600BB1E06D9847EF
S214004E80E368F61A63699E4221D2217E19480131F1
S214004E90C9B2217614F08CF9A36D13B1217EE06DB2
S214004EA09847E57029F01BFF0DB32379FBB9A2687C
S214004EB0238A801A83421AD201230F48237114F0E2
S214004EC077F9236D9BB1E06DBDE87040184701236C
S214004ED02376E6E70029E4D1084814F069F9636D03
S214004EE0E6602571002BDCD0E06D9847D9E770BDF1
S214004EF0ED940300FE9403002C950300199503001F
S214004F00F8B51E46838804460D4617460BB18680C4
S214004F10F8BD8178008829F0E5FD0123E370084B91
S214004F20E5802781A680C4E903340C34204600F0CF
S214004F309DFD29462046BDE8F84029F0C7BE00BFC3
S214004F40EFEA020010B501790446B1FA81F1008853
S214004F50490929F03EFE21796088B1FA81F14909B4
S214004F6029F037FE034B1A68A24204BF00221A60DB
S214004F7010BD00BFCC15002070B543790446A3B120
S214004F8000880E4E04F10805336813B10C4B1B78ED
S214004F906BB1217929F01DFE64210A4B3460A360B1
S214004FA02846BDE8704029F091BE4088E9E70648EB
S214004FB014F0FEF8054B3221A360F1E7CC15002073
S214004FC0CD550020454F000042950300794F000064
S214004FD010B50446E0B10F4814F0EAF801236371F7
S214004FE0A37953B92179208829F0F3FD236B7BB18F
S214004FF0606B0121BDE8104018472046FFF7A2FF6E
S21400500004F1080029F067FE2046FFF7B5FFEDE73C
S21400501010BD00BF7895030010B50446F8B11048DF
S21400502014F0C6F800236371A3796BB92179208840
S214005030B1FA81F1490929F0CCFD236B7BB1606B95
S2140050400021BDE8104018472046FFF77BFF04F11B
S214005050080029F040FE2046FFF78EFFEDE710BD62
S2140050608395030010B5044668B1074814F0A0F80D
S214005070637920461BB1BDE81040FFF7CDBFBDE801
S2140050801040FFF7A5BF10BD8F95030010B50E4C5E
S2140050900E48214614F08CF882210D4814F088F84A
S2140050A082210220A21E00F09BFC014630B134F89B
S2140050B0022C0848BDE8104014F07AB80648BDE84F
S2140050C0104014F075B800BF5A5000209E9503009B
S2140050D0B9950300C49503000896030038B50E4C36
S2140050E082212246022000F06BFCA51C014650B12E
S2140050F022880A4814F05CF847222846084915F02A
S214005100F9FA4623238035F8021C064A0648BDE80D
S214005110384014F04DB800BF5850002013960300D6
S214005120939603005A5000207196030010B504466B
S2140051300146084814F03CF8012C074805D129F030
S2140051402EFDBDE8104001F061B8BDE8104029F022
S21400515028BD00BFDA9603008C5F002070B50024DF
S214005160184D194E3378A34217DC0024174D184EFD
S2140051703378A34217DC0024164D174E3378A3422B
S21400518017DC00F095FD0128144818D129F007FD1A
S214005190BDE87040124800F09DBD2846FFF740FE6F
S2140051A001346035DEE7284629F0DFFC013434356B
S2140051B0DEE7284629F012FD01343835DEE729F00F
S2140051C0F0FCE5E7E41E0020D2550020C4200020B5
S2140051D0D3550020B41C0020D15500208C5F002041
S2140051E02D5100002DE9F04F85B0FFF777FFBA4B41
S2140051F003A8039329F016FD054614F0E7FFB74C05
S214005200C2B21F2A627004D9B54813F0D1FF00F06D
S214005210DBFA2946A01C15F06DFA03A829F002FD5A
S214005220054614F0D3FFC2B21F2A84F8212001D904
S214005230AC48EAE7294604F1220015F05BFA03A819
S21400524029F0F0FC002504462678002E6FD1DFF802
S214005250D092DFF8D0A2DFF8A882FFF77FFF99F898
S21400526000309AF8002098F800109F4813F0A0FF2E
S2140052709AF8003098F800509C4F1D4499F800307A
S2140052803C461D44EDB2012D38BF01253B464FF488
S21400529082714FF6FF720136B5421E7059809A80B1
S2140052A003F10C03F7DC924B90498C48A36000F0A6
S2140052B0FBFDE079A26800EB400002EB800000F006
S2140052C0C9FBE2798A4B0132E27100261C46DFF800
S2140052D034B298F80030B34200F3DB8100274FF079
S2140052E00C0B844A814E9AF8000098F80010B842D9
S2140052F000F3E08100274FF0700808440BFB0066BF
S214005300DFF824A299F80030BB4200F3EF8129466B
S214005310764800F00DFC039B6F491A468B4240F01E
S214005320F481754805B0BDE8F04F13F041BF532E29
S2140053300FD163784C2B40F0F980A378502B40F0C7
S214005340F58001226D4B1A7003A829F06BFC044609
S2140053507AE729D8412EF7D9423E102EF4D801A379
S21400536053F826F0D55300000556000049530000B8
S21400537049530000495300004953000049530000B8
S2140053805B540000495300004953000011540000CC
S214005390BB53000049530000495300004953000026
S2140053A04953000099550000692ECDD1601C29F0A4
S2140053B046FC80B229F07CFCC6E7514B01201978E8
S2140053C00023504A994202F1A402BDDD02F8A20C65
S2140053D00133F7E7601C00F0DBFA0646E01C29F014
S2140053E050FC01210246304600F020FA6022464872
S2140053F0464C03785A43A118A6524FF4FA620A8222
S2140054004FF448724A61424A0A65013303709BE7CB
S214005410601C00F0BDFA0022342780463D4E11463F
S21400542000F004FA30783C4D07FB00F325F80380C3
S214005430EA18E3781046693B18BF0123937029F0F9
S21400544094FB3378354A03FB075500211560012588
S214005450516015742B44337076E7601C00F098FAA0
S21400546000221146804600F0E1F93422294E2A4FE8
S214005470307802FB00F327F80380F918E378084633
S214005480693B18BF01238B7029F06FFB194A002374
S2140054901146906BB0B901EB83113423327802FBCE
S2140054A003738B635DB91D4A2B46114652F8040BF5
S2140054B070B93422307800FB027241F8232033782A
S2140054C00133C8E70133042B02F14002E1D1E9E7DA
S2140054D00133042BEAD1F2E75A500020AC5E0020DC
S2140054E0F99603001097030020970300D0150020BC
S2140054F048160020181900205D970300CD5500209F
S214005500D0550020181A0020D2550020E41E002096
S2140055100FEC0200D3550020C42000208C5F002032
S214005520CE550020CF550020C8170020601C00F084
S2140055302FFA0746E01C29F0A4FB01210246384654
S21400554000F074F96023754E754C3278A4205343EE
S214005550E118E7524FF44873724F0B824B613B7869
S214005560DFF8E0C158430CEB00010CF800304FF4B4
S2140055700070488003200871887102EB420004EB3B
S214005580401432200133DBB201324B718C6081F85B
S214005590A00032703B70D7E6601C00F0F9F90022DC
S2140055A04FF038088146604F114600F03FF93B78CF
S2140055B05E4E08FB03F326F803904FF00109F2183D
S2140055C082F80490E3786BB1E01C00F0E1F9002269
S2140055D00446114600F02AF93B7808FB03635C801A
S2140055E083F806905248534A037899015354397801
S2140055F002EB8314C1EBC10206EBC20262634A1CD3
S2140056003A7002E7601C00F0C3F90746E01C00F0A1
S214005610BFF9002206461146384600F007F9002278
S21400562038241146304600F001F93F483F4A0378D7
S2140056304FF0010E04FB03FC02EB0C0122F80C7089
S2140056404FF0000C81F804E081F806C003EB0E0171
S214005650C9B24C43171916539C1C04707024364E5E
S21400566087F806C0307887F804E04443334FC3EB2E
S214005670C303C1EBC10107EB040C02EBC3033855AF
S21400568002EBC1027044CCF80430CCF8082030702D
S2140056905AE636B117F8053C03EB430304EB8304E4
S2140056A0BC603946584601F02DF801360BF1A40BC4
S2140056B00C370EE63944481E0BFB00600BFB0161FD
S2140056C0C079019200EB400004EB800410468C6029
S2140056D000F02CFE98F80010194839440BFB0161C5
S2140056E000F07AFD019A01374032FCE516F8053CD9
S2140056F0314603EB430304EB830408FB07A0B460C6
S21400570000F0F0FC01370C36FCE513F8011D00290B
S2140057107FF402AE3B2102F8011CFDE5D2550020C5
S214005720E41E0020D0550020D1550020B41C0020D7
S214005730CF55002018190020CE550020C81700208D
S214005740A81C0020181A002007B5022101200DF120
S214005750060200F035F938B9044813F029FDBDF803
S214005760060003B05DF804FB0020FAE77A97030012
S21400577007B50221ADF806000DF10602012000F083
S2140057802FF9014610B1034813F012FD03B05DF87F
S21400579004FB00BF9B97030010B5FFF7D5FF044638
S2140057A00146074813F004FD0121064813F000FDEA
S2140057B024B9BDE810400120FFF7DABF10BD00BFD6
S2140057C0CB970300DD97030008B5044813F0F0FC00
S2140057D000F016F929F070FA29F06BFAF397030037
S2140057E038B50446084D094B28462B6000F03EF9B4
S2140057F0002C18BF21462846BDE8384008BF4FF4A5
S214005800967129F063BA00BFC82100205DEC020043
S21400581010B5044C237823B9034833F0DFFB01238B
S214005820237010BDD5550020A433040073B506467A
S2140058300D461446FFF7ECFF0E4A330AD35C8DF88C
S21400584005608DF804307DB1012C04D0032C09D0FE
S2140058500022012101E02246022101A801F08CFC71
S21400586002B070BD0022F7E704212A460DEB0100C6
S214005870F4E700BF2931040007B5064A030AD35CE3
S2140058808DF8050001A88DF8043001F0A9FC03B0DE
S2140058905DF804FB2931040007B5064A030AD35C09
S2140058A08DF8050001A88DF8043001F0C5FC03B0A2
S2140058B05DF804FB2931040007B50A4A030AD35CE5
S2140058C08DF805008DF8043000230DF1030101A8C2
S2140058D08DF8033001F0DCFC9DF8030003B05DF8A2
S2140058E004FB00BF293104002DE9F043214C85B0AC
S2140058F0064688469146FFF78BFF23781BB901F0D2
S2140059001FFC012323701C4A330AD35C30228DF817
S2140059100C300023194F8DF80D6002FB03F4395D3F
S214005920E51901BB01233B554FF0FF3304F110008E
S21400593013493844AB606E80C5F80480C5F80C90F7
S21400594008F00CFC04F10801042239440D4B0095C4
S21400595003A801F0CBFCA96802460B4813F028FC0C
S21400596005B0BDE8F0830133102BD6D1074813F0FD
S2140059701FFCF5E7D455002029310400F021002053
S21400598063EC020075EC0200009803002E980300FA
S21400599080B10278A2F14103032B0BD8407830384F
S2140059A0C0B2082806D8054B134413F8413C40EA19
S2140059B0032070474FF6FF70704700BF2931040080
S2140059C008B50B4642B101460448006802F0D2FD15
S2140059D0BDE8084029F066B9022008BDF85F00203F
S2140059E008B50B4642B101460448006802F04AFF7B
S2140059F0BDE8084029F056B9022008BDF85F00202F
S214005A00F0B50026124F8DB0FF2300930A223346CE
S214005A10386802A929F0F6FEC0B102AB1D4603EBBA
S214005A20800404E055F8043BB34228BF5E1CAC4239
S214005A303868E9D9296803F0ABF80028F2D02D2899
S214005A40F0D00DB0BDE8F04029F02CB90DB0F0BD97
S214005A50F85F002028B1034B0360034B436000232C
S214005A608360704719000003A05F0020FF2307B57E
S214005A700021044A0093083008F0F4FA03B05DF8F9
S214005A8004FB00BFC7EC02000B4604490246086848
S214005A900349097808B129F029B97047F82400208D
S214005AA0D7550020F8B50C4618B122210E4833F021
S214005AB0E9FA246823685E795F8830463946FFF73E
S214005AC0E3FF08B98120F8BD8568002DFAD0A368E9
S214005AD0E27C39463046A84704460028F2D12DF02D
S214005AE02AF92046EFE700BF56980300F8B515469A
S214005AF00D4A044610680D4A0B46117850B12246EE
S214005B0029F0F4F8034628B100210C27C678B142E4
S214005B1001DB0020F8BD07FB01F45A681019125B80
S214005B20AA42F7D00131F2E7F8240020D75500202A
S214005B302DE9F74F04460D460026454B454F1860A5
S214005B40454B197033010021F85C01360FF054FB09
S214005B500C2EF7D10C2D28BF0C254FF0000901950F
S214005B603C4EDFF800A13D4DDFF8FC80019B4B4525
S214005B7002DC03B0BDE8F08F23784FF0000B3370E3
S214005B8063887380A388B380A379C6F80880B3714E
S214005B90E379C8F8005088F804304FF00003A7688F
S214005BA0A8F80630E3795B450ADC012116F8100BED
S214005BB00FF022FB08F1080809F101090C34D5E7BB
S214005BC04FF0000338886B812880FB784FF0000C7C
S214005BD02B81BA78C5F804A0002A00920CBF802258
S214005BE040222A7379680AF10C02634513DC03EB42
S214005BF043030AEB830ABB6843B1009A4FF6FF7172
S214005C00B2FA82F2164B52092DF025F814350BF134
S214005C10010B0C37C6E7B1F800E00CF1010C22F8D6
S214005C200CEC91F802E00C3202F816EC91F804E065
S214005C300C3102F815EC11F809ECBEF1010F14BF97
S214005C404FF0100E4FF0110E02F814ECCDE700BF27
S214005C50F8240020F83B0020D7550020FC2A00201E
S214005C60A55A0000FC2400207C2D0020014B186063
S214005C70704700BFF424002070B5128805460E4613
S214005C80FFF734FF044670B102790499806814F077
S214005C90F3FB064B1B680BB9002070BD3146284647
S214005CA022889847F8E78620F7E700BFF42400200C
S214005CB008B50EF03DFB022806D0012806D0044B9E
S214005CC018784000C0B208BD0120FCE70220FAE7C1
S214005CD0D6550020014B1860704700BFF024002006
S214005CE0034B1A781AB901221A700AF081BB704762
S214005CF0D65500200022064B10B51A70054B1C68BE
S214005D002CB1FFF7D5FF2346BDE81040184710BD5D
S214005D10D6550020F024002037B50446002832D09F
S214005D200EF006FB022830D160892DF066FBE07984
S214005D30237A003818BF0120012B637A08BF40F091
S214005D4008000BB140F0100063890BB140F004006E
S214005D50257CA188A2790DB1E36873B90C4B0FF0CE
S214005D6027FE217808460FF09FFE2CF06DFE0028D7
S214005D7014BF0320002003B030BDCDE90035054B2D
S214005D800FF016FEEDE70220F5E70120F3E700BF6F
S214005D9093E603005CB603002DE9F04186B00546A5
S214005DA00E4690461F469DF834400EF0C1FA022873
S214005DB024D1082C16D8ADF80C808DF80E702CB1B6
S214005DC022460C990DF10F0014F094FC03AB03343B
S214005DD000930A2231460820094B01940FF0E8FD93
S214005DE018B1032006B0BDE8F081294628460FF01A
S214005DF05BFE2CF029FE0028F4D0F2E70120F1E744
S214005E005CB6030008B50CF051FC014630B10448FE
S214005E1013F0CEF9BDE808400CF0ECBF08BD00BF9B
S214005E20C8980300034B044A5B7C012103201370CF
S214005E30FFF7D6BD8C5F0020D855002010B504466D
S214005E40FFF7F0FFB4F57F4F0BD100240A4B1A88FA
S214005E5013449C70FFF71AF92046BDE81040FFF780
S214005E60BFBC4FF601739C4204D1BDE81040034806
S214005E7028F07DBE10BD00BF585000208C5F00206B
S214005E8010B5074C012122460320FFF799FD28B9DB
S214005E902378044A003B18BF0123537410BD00BF8B
S214005EA0D85500208C5F00200822F8B54C4B3224D1
S214005EB01A7030229A705A7139229A713122DA7128
S214005EC038225C70DC7036241A724FF400121C7193
S214005ED0444C4264C464444C01220465434C851817
S214005EE08465434CC567C465424C434D4466434C89
S214005EF0C0F880508466424C80F848200467414CC5
S214005F0080F854204467202480F8784080F8844045
S214005F1000F12104C0F888403B4C80F86020C0F8AF
S214005F208C403A4C80F86C20C0F89440384C80F88E
S214005F309020C0F8984080F89C20364CC0F8B830C6
S214005F40354BC0F8A440C0F8BC300F24022380F8BC
S214005F50A84080F8C030314C314BC0F8AC40C0F897
S214005F60C430304C304BC0F8B040C0F8C8300924BC
S214005F7082232E4D80F8B44080F8CC302C7C2C4BFD
S214005F80C0F8A000C0F8D03044B12A4B80F8D82022
S214005F90C0F8D43005F11103C0F8DC304FF0000C27
S214005FA0CA798E6802EB42039F00443006EB8303F7
S214005FB026F807C0586001200C349870DC7013185F
S214005FC0CB71FFF75DFFFFF773FE012806D12B7C30
S214005FD023B1BDE8F840154828F0C9BDF8BD00BF9C
S214005FE0D955002042310400010020004131040050
S214005FF0020020004031040005004200030020009B
S2140060003F31040004004200070030003E31040027
S2140060101200100100404200FDFF21002D31040057
S2140060203C3104000600420000FF44018C5F002063
S2140060305850002001FF1001437B044A01211370D1
S21400604000780E30C0B2FFF7CBBC00BFE35500208F
S21400605038B504460078054D0E302A460121C0B2F8
S214006060FFF7AEFC08B92B78637338BDE355002004
S214006070024B53F8200028F020BF00BFDC2D002084
S214006080012908B506D0022907D049B928F00CFF27
S214006090002008BD28F00BFFFAE728F00BFFF7E713
S2140060A0024813F085F80120F3E700BFF5980300D7
S2140060B011461A46024B53F82000FFF7E1BF00BF17
S2140060C0DC2D0020002310B5044683810364A0F86D
S2140060D044304830FFF7CAFC014BC4E9123410BD07
S2140060E0A1EE020038B504460B781A4A43700D46F6
S2140060F042F82300FFF7E6FF2046FFF7A9FF4FF41C
S214006100401323610123144A2375A261134A84F8BD
S2140061102030E261124A84F82C306262114A84F818
S2140061203830A26204F10C0222630F4A04F10D0318
S2140061306263E363EA79A86802EB420300EB83013B
S21400614010344C60094C40F82340094B8B60531CBC
S214006150EB7138BDDC2D0020E25500200800200041
S2140061602A65002000FF300001FF10010201010433
S214006170B160000070B50D460646144613460A4642
S2140061800146114813F014F825B92046BDE87040C2
S214006190FFF754BE072D05D121463046BDE87040B6
S2140061A000F076BA062D05D121463046BDE870408F
S2140061B000F076B8B5F5817F05D121463046BDE8BA
S2140061C07040FFF755BF70BD119903000148FFF7F7
S2140061D04DBD00BF756100004FF4C01330B50360BD
S2140061E001230371074B8C688360CA7902EB420374
S2140061F004EB83056860044844F82300531CCB7105
S21400620030BD00BF433104000400010138B500244E
S214006210044D55F8040B08B128F05DFE01340A2C35
S214006220F7D138BD042E00200229024608B50ED04C
S21400623004D839B9104628F079FE06E04029F9D08E
S214006240412907D1104628F067FE002008BD28F037
S21400625077FEFAE7014812F0ABFFF6E74499030031
S21400626011461A46024B53F82000FFF7DDBF00BF69
S214006270042E0020426B094B52791A7082785A70AD
S214006280C2789A70826B12B190F83C20DA7000786F
S21400629004210930014AC0B2FFF7A2BBE455002032
S2140062A0024B53F8200028F067BE00BF042E0020E3
S2140062B038B504460078084D09302A460421C0B295
S2140062C0FFF77EFB30B96B78A370AB78E370EB78A2
S2140062D084F83C3038BD00BFE455002038B504468D
S2140062E00078114D09302A460421C0B2FFF768FB3A
S2140062F0C8B9A3782A78022B0CD004D863B92046F4
S21400630028F014FE01E0FF2B0AD02046BDE83840F6
S21400631028F0E1BD002AF2D1204628F0FDFDF4E782
S214006320002AF9D1EBE738BDE4550020F8B504465D
S2140063300B78224A0D4642F823004370FFF7B8FF59
S214006340636B1F4A5C631A632046FFF7C7FF20464D
S21400635028F0C1FD4FF4801363600123626BA06BCD
S2140063600532E260174A23722261A21C2375A261DD
S21400637060B1154A84F82030E261E21C6262134A7A
S21400638084F82C3004F13C03A26223630627E979E3
S214006390AE6801EB4103002826F8237006EB830263
S2140063A00CBF02230423D37001239370084B0434DC
S2140063B093604B1C5460EB71F8BD00BF042E0020A8
S2140063C055EF02000340300101FF300102FF1001CB
S2140063D06162000002464179D37808480139042BEF
S2140063E000EB811008D8012B04D80BB928F094BD17
S2140063F028F09CBD28F0A4BD704700BF18190020E7
S21400640002464179D37808480139042B00EB811005
S21400641008D8012B04D80BB928F088BD28F07CBD1D
S21400642028F08EBD704700BF1819002030B587B021
S21400643004464579FFF73CFC012822D1E2786B1E22
S214006440042A1ED8DFE802F00431031F2800104695
S21400645063784FF480728DF804304FF48273ADF891
S21400646006300623ADF8083001238DF80B300023E4
S2140064708DF80A0001A8CDE903238DF81430FFF744
S2140064804BFC07B030BD0A4A02EB83135B6B5B79AB
S214006490181E18BF0120DBE7054A02EB83135B6B6F
S2140064A05B79B3FA83F04009D2E70020D0E700BF5B
S2140064B01819002030B587B004464579FFF7F8FB79
S2140064C0012829D1E3786A1E042B25D8DFE803F0DB
S2140064D00B0B0B032600164B03EB82135B6B5B79EF
S2140064E0003B18BF012362788DF80A308DF804202F
S2140064F04FF482720123ADF8062006228DF80B3089
S214006500ADF8082000234FF4807201A8CDE90323DC
S2140065108DF81430FFF700FC07B030BD044B03EBDA
S21400652082135B6B5B79B3FA83F35B09DBE700BF2F
S2140065301819002010B586B00446FFF7B9FB0128ED
S21400654012D16378094A8DF804304FF48273ADF89F
S21400655006304FF48073CDE90223002301A804938C
S2140065608DF81430FFF7D8FB06B010BD0800070101
S21400657010B586B00446FFF79BFB012820D1627851
S214006580104B8DF804204FF4827294F8A01094F803
S214006590A10059701870ADF8062004934FF480726D
S2140065A00223094901A88DF81430CDE90212FFF73D
S2140065B0B3FB94F8A130013B18BF012384F8A13047
S2140065C006B010BDE85500200800050110B5837818
S2140065D00446D3B10379022B06D143790B48013B1D
S2140065E000EB831028F0ACFCA379022B02D12046E6
S2140065F0FFF71CFF2046FFF7BBFF02232046A4F848
S2140066006C30BDE8104028F0CFBC10BD1819002033
S2140066104388094A082113808388538083681B8A2D
S214006620938090F8A03093718379D371007804300A
S214006630C0B2FFF7D5B900BFDA50002038B50D4616
S21400664004460178104812F0B3FD4FF602739D42DF
S2140066500CD163791BB10D4A12789A4201D20123FC
S21400666063712046BDE83840FFF7D2BFB5F57F4FCF
S214006670F7D1204628F0FDFCA378022B0CBF0122A0
S2140066800022A3689A70ECE75A990300CF550020C1
S214006690024B53F82000FFF7D1BF00BF2C2E00207E
S2140066A038B504460078134D04302A460821C0B297
S2140066B0FFF786F920B1BDE838400F4812F078BDE4
S2140066C02B8863806B88E978A380AA88A3681A82DF
S2140066D0AB7984F8A030EB79A37119B1074B1B781E
S2140066E08B4205D2064812F063FD237801336371AE
S2140066F038BD00BFDA50002074990300CF55002043
S2140067009D990300F8B504460B78484A0D4642F8B2
S21400671023004370FFF7C4FFA268454B0226D364EC
S214006720444BA11C5365444B44481365444B04F149
S2140067300C0CC2E916344FF44013E3600123616188
S214006740E1624049103221632265211D3E4AA16361
S2140067503E49626504F1A002A061E163E265E01CC7
S214006760611D3B4A206261643A483B492266A21D8D
S2140067702374237784F8283084F8343084F8403043
S214006780A16484F84C6084F8583084F86430606201
S214006790A266E879AA6800EB400102EB8107C7F819
S2140067A004C04FF0060C2D4F42F82170C118C9B234
S2140067B001EB410142F821C002EB8107002179601C
S2140067C0274F84F880302767264F84F89830A767CD
S2140067D0254F264BE767264F84F8746084F88C6054
S2140067E0C4F89C3004F16C06831CC4F88470C4F8AA
S2140067F09060204F204EDBB203EB4303C4F8946056
S214006800C4F8887002EB83067034746008261B4C4C
S21400681042F82340C31CDBB203EB430302EB8304C2
S214006820043042F823606160E871F8BD2C2E002029
S214006830C7EF020015F00200CD6500001000300121
S2140068409FEF020001FF300104FF200102FF20013C
S21400685005FF300100FF300103FF2101070001089A
S2140068604A00210044310400510010004631040063
S21400687047310400550021006F0018001200010483
S21400688000239B6AB3F5804F03D21968064A9142EB
S21400689003D00023037083607047012202709A6859
S2140068A09B694260F7E700BF07B0CD5E024B034A24
S2140068B01A6029F066BF00BF0000002002020FF039
S2140068C073B53F4B04461A781AB102221A7002B00A
S2140068D070BDCDE900220028F9D001261E7032F0E6
S2140068E0DFFA384D384B186017F044FA2B785BB94E
S2140068F002F0F2F940B935480823354A35490068B0
S21400690001F038FE00B92E70334B5A68E260334A05
S2140069109A601A6E22605A6E6260D3F87021A26086
S2140069201B6E5C042CD52E4AD368D807FCD42D4B9E
S2140069301A68531C29D04FF4801393402A4A1366D2
S2140069400423294C4FF0804223664FF4806323666D
S214006950102323664FF400536846236601A9226677
S214006960636628F09EFB009B2366019B63662B787C
S214006970002BACD0164B1A6822665B686366A6E7E7
S2140069801A4AD368D907FCD4D1E7194B1B78002BD9
S214006990D6D1184B5A68144B12B94FF480121A66A7
S2140069A0154A526812B94FF400121A66134B5B6808
S2140069B0002BC5D14FF480020B4B1A66C0E700BF10
S2140069C0EB550020EC550020642E0020F85F0020D8
S2140069D0682E0020007108000080004455CEAC00F0
S2140069E000000440C45F00200090004400000450F3
S2140069F0EA5500200080055000C0055000000650F3
S214006A0038B5224D04462B78012B02D001232B707B
S214006A1038BD0028FCD028F069FB013009D028F0EA
S214006A2065FB40F20113984203D0194AD368DB078E
S214006A30FCD42268174B1A6662685A66A268C3F8C6
S214006A407021E268D40744BF00229A60124B1A688D
S214006A50013213D1114A127882B911494968C80720
S214006A6048BF1A600F4A5268D10744BF01221A6015
S214006A700D4A5268D20744BF02221A6017F082F904
S214006A800A4B186832F007FA0023C0E7EB550020DF
S214006A900000044000800044C45F0020EA55002047
S214006AA00080055000C0055000000650642E0020EF
S214006AB070B50024A36AB3F5804F23D21A68134B2F
S214006AC09A421FD1124E337813F0FD0518D14FF4B9
S214006AD080341048FFF7F4FE032004F0CBF90E4B89
S214006AE00320DC6004F0AAF90C4B1C61AB6ADB697E
S214006AF0984704460748FFF783FF0CB90123337015
S214006B00204670BD4FF48174FAE700BF07B0CD5E33
S214006B10EA550020542E002000A0004400900044B7
S214006B2013B5204B1B7803B9FEE700231E4CCDE9B6
S214006B3000336A4608231D49206801F01BFDF8B99A
S214006B401B4AD2F84031D2F840211F2B4FF00103E8
S214006B5011D9203A9340019A1A43019208236A46B3
S214006B601249206801F08EFE124B134A1A6029F073
S214006B7008FE02B010BD9340009A1A430092EDE75B
S214006B802D28F1D10A4AD2F84031D2F840211F2BE5
S214006B904FF0010385BF203A93409340019398BF7E
S214006BA00093DBE7EB550020F85F0020007108003B
S214006BB000800044000000200B020FF038B50025CE
S214006BC0AB6A0446B3F5804F10D21B6BB3F5804F0B
S214006BD00CD20748FFF774FEAB6A20461B6B5B6857
S214006BE09847BDE838400248FFF70ABF38BD00BFE7
S214006BF0702E002013B50024A36A0190B3F5804FD1
S214006C0013D21B6BB3F5804F0FD20948FFF758FE1F
S214006C10A36A01211B6B01A89B6998470446044898
S214006C20FFF7EEFE204602B010BD4FF48174F9E780
S214006C30702E002070B50026B36A0446B3F5804F68
S214006C400D4612D21B6BB3F5804F0ED20848FFF7E5
S214006C5037FEB36A20461B6B29469B699847044655
S214006C600348FFF7CDFE204670BD4FF48174FAE767
S214006C70702E002070B50026B36A0446B3F5804F28
S214006C800D4612D21B6BB3F5804F0ED20848FFF7A5
S214006C9017FEB36A20461B6B2946DB6998470446F5
S214006CA00348FFF7ADFE204670BD4FF48174FAE747
S214006CB0702E0020F8B50027BB6A0446B3F5804F57
S214006CC00D46164611D21B6B7BB10948FFF7F8FD3F
S214006CD0BB6A20461B6B324629465B6A98470446C9
S214006CE00348FFF78DFE2046F8BD4FF40174FAE71F
S214006CF0702E002070B50026B36A0446B3F5804FA8
S214006D000D4612D21B6BB3F5804F0ED20848FFF724
S214006D10D7FDB36A20461B6B29469B6A98470446F4
S214006D200348FFF76DFE204670BD4FF40174FAE786
S214006D30702E0020F0B50027BB6A0446B3F5804FDE
S214006D400D461646ADF5337D20D21B6BB3F5804F4E
S214006D501CD21048FFF7B4FDBB6A20461B6B40F2FE
S214006D60C1225B6A01A99847044630B10948FFF77B
S214006D7047FE20460DF5337DF0BD836A32461B6B19
S214006D802946DB6A01A898470446EFE74FF40174EA
S214006D90EFE700BF702E002010B50024A36AB3F5FD
S214006DA0804F10D21B6BB3F5804F0CD20748FFF70D
S214006DB087FDA36A1B6B1B6B984704460348FFF7C7
S214006DC01FFE204610BD0124FBE700BF702E0020EA
S214006DD0F0B58FB0044601A80E461546FFF7EEFE46
S214006DE09DF80C30012B12D1B5F5402F27D8B4F5FD
S214006DF0402F24D86319B3F5402F20D821462A46C1
S214006E00304613F077FC002420460FB0F0BD002774
S214006E10BB6AB3F5804F15D21B6BB3F5804F11D20A
S214006E200A48FFF74DFDBB6A2A461B6B31462046D3
S214006E305B6B984704460548FFF7E2FDE4E740F23F
S214006E400244E1E740F20114DEE700BF702E0020A6
S214006E50F0B58FB0044601A80E461546FFF7AEFE05
S214006E609DF80C30012B1FD1B5F5402F06D8B4F590
S214006E70402F03D86319B3F5402F13D940F20244CC
S214006E8020460FB0F0BDE258013225D104339D42B2
S214006E90F9D82A463146204628F058F90028EDD081
S214006EA00024EDE70023F2E70027BB6AB3F5804F26
S214006EB015D21B6BB3F5804F11D20A48FFF700FDC1
S214006EC0BB6A2A461B6B314620469B6B9847044696
S214006ED00448FFF795FDD3E740F20344D0E740F2BD
S214006EE00114CDE7702E002070B58EB0044601A8C0
S214006EF00D46FFF763FE9DF80C30012B22D144EAC5
S214006F000503C3F30C03002B33D1B5F5402F04D98A
S214006F1040F2024420460EB070BDB4F5402FF7D8BC
S214006F202544B5F5402FF3D8204604F5005428F044
S214006F3006F9AC4202D00028F6D1E9E70028E7D0EF
S214006F400024E7E70026B36AB3F5804F14D21B6B24
S214006F50B3F5804F10D20A48FFF7B2FCB36A294651
S214006F601B6B2046DB6B984704460548FFF748FD39
S214006F70D0E740F20444CDE740F20114CAE700BF70
S214006F80702E0020BFF34F8F0549064BCA6802F4E7
S214006F90E0621343CB60BFF34F8F00BFFDE700BF37
S214006FA000ED00E00400FA0570B5D0B1C9B10E4E90
S214006FB0431E013913F8014F2046325D02F00302EA
S214006FC0012A11F8012F08BF04F12000B55C05F076
S214006FD00305012D08BF2032801A01D1002CE9D10B
S214006FE070BD0120FCE700BF155904000348044AA1
S214006FF00449121A921028F0F5B800BF3441000078
S214007000D0420000045D002008B5154B83F30A88C3
S21400701000F030F8FFF7EAFF124B13498B4212D309
S2140070200020124B12498B4218D3FDF75BFE1868FE
S21400703050F82240586840F8224001329868824250
S214007040F5D30C33EAE70022F8E71C6844F8220080
S21400705001325C68A242F8D30833E4E70022F8E77E
S21400706008000020B47D0400C07D0400C07D04003C
S214007070C07D0400124B134A70B59A60D3F888207E
S214007080114D42F47002C3F888206FF0010205F536
S2140070900054226641F2FF7262660222C3F8D020D4
S2140070A0BFF34F8FBFF36F8F4FF44036032003F0CC
S2140070B0E1FE0320E66003F0C1FE2E6170BD00BF56
S2140070C000ED00E00040000000800044014B186026
S2140070D0704700BFCC5F0020054B1860054B1B6F48
S2140070E003F00703032B01D130F032B8704700BF1E
S2140070F0D45F0020008000502DE9F04104464FF098
S21400710001080C250D4E0CB9BDE8F08194FAA4F0E8
S214007110B0FA80F00F2808FA00F2C8BF103824EA48
S2140071200204CABF05FB006205FB0062B432576862
S214007130002FE8D09168C0B2B847E4E7802E002060
S21400714008B50C4831F04AFF192003F085FE28B137
S214007150192003F08FFE192003F070FE1A2003F0AA
S2140071607BFE28B11A2003F085FE1A2003F066FE87
S214007170002008BDA43304002DE9F0410E46174652
S214007180054618B30F2923D80378DBB1013BDBB2E1
S214007190022B19D8104AD35C6A78D340DB0717D580
S2140071A00E4BD3F81043ACB931F07AFE80463A461F
S2140071B02846314602F0BEFB404631F06CFE2046C3
S2140071C0BDE8F0817F23E7E70023E5E72224F6E722
S2140071D02124F4E70224F2E79831040000C00350AB
S2140071E010B5044610B30378E3B1013BDBB2022BC3
S2140071F01AD8104AD35C6278D340DB0718D531F032
S2140072004FFE0122617823788A4030214B4341F2B9
S214007210100103F1A04303F570335A5031F03BFEE2
S214007220002010BD7F23E6E70023E4E72220F8E7EE
S2140072302120F6E79831040010B5044610B3037811
S214007240E3B1013BDBB2022B1AD8104AD35C62785A
S214007250D340DB0718D531F023FE0122617823786E
S2140072608A4030214B4342F2100103F1A04303F55C
S21400727070335A5031F00FFE002010BD7F23E6E732
S2140072800023E4E72220F8E72120F6E798310400FF
S21400729038B50D46044618B311B30378E3B1013B85
S2140072A0DBB2022B1AD8104AD35C6278D340DB07D5
S2140072B018D531F0F5FD30222378534303F1A0436F
S2140072C003F570335B696278D34003F001032B70DB
S2140072D031F0E1FD002038BD7F23E6E70023E4E738
S2140072E02220F8E72120F6E7983104002DE9F04146
S2140072F00D4616469846044600284FD000294DD025
S2140073000178002940D04B1EDBB2022B3ED8254A1E
S214007310D25C6378DA40D20701D4FF2940D1022E2E
S21400732001D9042E3CD131F0BBFD23780746FF2B54
S21400733005D032462046296802F042FB28602B68BA
S214007340013309D12378FF2B06D1174B6078D3F889
S214007350241428F086FC286029684B1C18D00C23BF
S214007360124A03FB0122069BC2F80480936023782E
S214007370FF2B04D001230E4A8B40C2F82434384633
S21400738031F089FD002007E07F22C2E70022C0E737
S214007390384631F080FD2D20BDE8F0812220FBE745
S2140073A02120F9E79831040000C00350802E002009
S2140073B000D0035008B502F0B3FA044B00F0553085
S2140073C0C3F82004BDE80840FFF796BE00E003506F
S2140073D008B502F0A5FA044B00F0AA30C3F8200462
S2140073E0BDE80840FFF788BE00E003502DE9F04FE7
S2140073F0144605460E469B46C36B87B001225B6962
S21400740002A960689847EB6B01225B6903A93046C6
S214007410984702A828F0E5FA074648B10023A37566
S21400742063754FF0FF33A360002007B0BDE8F08F10
S21400743003A828F0E3FA0123A375237E04EBC30315
S214007440DE611F846368B3420ED1206003A828F073
S214007450F7FA4FF0FF332075A360237D043B022B21
S21400746026D80023A375DFE723681A1A5342534130
S214007470A37503A828F0E4FA237D834218BFA775F6
S21400748003A828F0BFFA074602A828F0BBFA8742EE
S21400749018BF002303A818BFA37528F0BBFA074639
S2140074A002A828F0B7FA87421CBF0023A375D4E7CA
S2140074B003A828F0A7FA80B1EB6B022230465B697E
S2140074C004A9984704A828F0ACFA0346207D0328B0
S2140074D039D8DFE800F03838040903A8F3E7CC22EF
S2140074E0237E04EBC3031A8401F06EFC109B187015
S2140074F003A8277E28F07AFA04EBC70787F822004D
S214007500237E03A804EBC303B3F8209093F82270FD
S21400751028F078FA804603A828F07CFA8246B8F16C
S214007520000F15D0EB6B022230465B6904A9984722
S21400753004A828F03BFA6075637D6BB90023A37539
S2140075404FF0000838E0227E04EBC2021384CBE73B
S21400755003A828F016FAEEE794F81680B8F1000FA4
S214007560EED0B9F1000F09D1DFB10123E375637ED8
S214007570002B4FD1012F42D1677614E06B6C06EBDF
S2140075800A015A4286EA010010421CBF0022A27578
S2140075905A1E0A409B1A9945D0D8A37D002BE3D1EA
S2140075A0CEE7E37D43B94FF000084B4652463146DE
S2140075B0284627F061FFA060A27D12B123694B44E4
S2140075C023611A49237E097899422AD90133237602
S2140075D0BBF1000F27D032B3E37D23B3B8F1000F21
S2140075E021D1032F1FD0A1684B1C1CD0109B224614
S2140075F0009328460123FFF7F9FEA07513E095F8DF
S214007600343063B9EB6A0133CFD1032FCDD10123D8
S214007610A376C8E7012FCFD0032FC4D1F7E798464B
S214007620C3E70023A375A07DFFE600BFBC310400BE
S2140076302DE9F04F0E46984600238BB004464FF0D7
S214007640FF31104617468DF8133001F0A7FBB6F54C
S214007650801F20D2314605AA04F1080028F013F94D
S214007660451C014603D1237CBBB92D2010E03846CB
S21400767001F094FB0122394620460DF1130327F052
S2140076804DFF0028EFD09DF8133088F8003000201A
S2140076900BB0BDE8F08FB01CE5D1E56A691C36D1A9
S2140076A02046616A27F02EFE0546B31C18BF01234C
S2140076B0DFF8CC900193636A626C0293236805A995
S2140076C002FB053AE36B05225B695046984705A81E
S2140076D028F022FA28F045FA504628F04DFA4FF0E6
S2140076E0000B824601464B1C05D0636C81EA0A02F9
S2140076F05B42134211D02946204627F003FE029B28
S214007700AB422CD0BBF1000F2CD10546D3E7236843
S214007710ED1A636CB5FBF3F5C7E7484601F03EFB90
S2140077200DF1130349462046019A27F0F7FE03465B
S21400773090B1B21C03D0D9F80020B2420CD19DF80B
S214007740132003930D4B88F8002049461A683846E4
S21400775012F0D0FF039B9B46D9F80810C3E7BBF195
S214007760000F82D0B6F5801F91D2314698F80030CF
S2140077707A6804F1080001F03FFA88E7B83104009F
S2140077805C3600202DE9F3410446174698460E461F
S214007790184D816AE36A8B4201D04B1C02D102B0BD
S2140077A0BDE8F081284601F0F9FA01222946204674
S2140077B00DF1070327F0B2FE38B1434629462046AE
S2140077C09DF80720B8470028E9D0A9684A1C04D1CC
S2140077D06968204627F023FE0146012EDAD16B6841
S2140077E081EA0302636C5B421A4218BF4FF0FF3116
S2140077F0D0E700BF303600202DE9F04F4FF0FF33C2
S2140078004FF6FF720025044600F10806C0E909237A
S2140078108BB0C362056205633046884628F004F8DC
S214007820204627F03FFD60BB2046414627F0BAFDC4
S214007830204627F037FD60BB5E200BB0BDE8F08F1A
S2140078402368E26B606C576900FB0530052205A9CA
S214007850B84705A828F060F9012807460CD1294644
S214007860204627F070FD012F024600D1013229463E
S214007870204627F036FD03E028F078F90028EED100
S2140078800135E3699D42DBD3204627F00BFD002837
S214007890CAD000254FF0FF394FF6FF73CA46A846F8
S2140078A0C4E90853E36998450AD3A5EB0905012DF9
S2140078B02CD84FF6FF72636A93423CD16720BCE730
S2140078C02368E26B606C576900FB0830052205A947
S2140078D0B84705A828F020F9834605A828F0F3F84D
S2140078E00746584628F03DF968B1574538BFC4F8F2
S2140078F02480B94528BFB946BD4238BF3D46BA4682
S214007900236A0133236208F10108CBE74FF6FF73C1
S21400791000256362E3699D42CBD2676C2068E36B07
S214007920052207FB05005B6905A9984705A828F00E
S214007930CAF80135EEE7E26B676C2068694607FB1C
S214007940030055690522A847684628F0BCF8626A15
S2140079502368606C4B4D00FB023028F00DF94FF0A9
S214007960FF33A062E3622A466FF00101204605ABB2
S214007970FFF75EFE002846D1AD6829462046E56240
S21400798027F06CFC206320B92046E16A27F047FD0B
S214007990E0622946204627F042FD0546A36A9D423E
S2140079A033D1204627F02DFC00278046B946E369F0
S2140079B099453CD3B84559D92046616A27F0A2FCC0
S2140079C00026054604F1400AB74212D8626C2368C6
S2140079D0694602FB0539E36B05225B694846984712
S2140079E0684628F070F8534602464946E06B28F091
S2140079F0C5F82946204627F085FC0136B0450546E1
S214007A00E2D1642019E7A56AB7E72946204627F0A1
S214007A1025FC236B2946034407462363204627F0AC
S214007A20FEFC0546002FB9D1C4E90B07B6E7636C28
S214007A302568052203FB0955E36B05A95B69284603
S214007A40984705A828F068F828F08BF858B128461B
S214007A5028F092F80146204627F000FC636C143BA1
S214007A60984208BF013709F10109A0E7304627F020
S214007A70DBFE002320461946034AFFF783FE00205C
S214007A80DBE600BF883600200BF502002DE9F0414A
S214007A90036B9046826B07689A4288BF8363426C8A
S214007AA0436A90B002FB0377C36B0E46052201A91A
S214007AB05B6904463846984701A828F02DF8012847
S214007AC00146307057D0656CE26B2368606AD2F866
S214007AD014C005FB0030052206A9E04706A828F0DA
S214007AE01BF801284FF0000523D0D4E90A32012103
S214007AF09342CDE90B458DF834800E958DF83C10F9
S214007B002AD11946204627F08AFC236B626C143370
S214007B109B1AE06223630C9B53B99DF83C303BB143
S214007B20626A616C2368E06B01FB023127F0ACFFF0
S214007B300C9DE36B05225B6901A93846984701A8AE
S214007B4027F0EAFF30702846236BA26B9A4288BF64
S214007B50A36310B0BDE8F081237C33B91C490BAA9F
S214007B6004F1080001F096F8D5E72046194A0BAB59
S214007B70FFF708FECFE7237C23BB2246164904F115
S214007B80080001F087F8616A204627F0DCFB616A8E
S214007B90421C204627F0A5FB054620B9236B626CE5
S214007BA01344143B23632046A16A27F038FC23685D
S214007BB0A062C01A636CB0FBF3F06062204627F048
S214007BC071FCB6E700232046044AFFF7DBFDDAE740
S214007BD031830000AD820000A5F5020041F50200E9
S214007BE073B50D46D11E4A421C461B7E4A419A4238
S214007BF026D129682368994222D3636899421FD800
S214007C00114E0DF107033246FFF712FDC0B9726838
S214007C106B689A4214D19DF80730DA1E53425341DE
S214007C20227E93420CD1636901336361D4E9032356
S214007C30934205D22968A26842F8231001332361D3
S214007C40012002B070BD00BF883600202DE9F04F3D
S214007C509B4689B09DF848309046514A0193136977
S214007C6007465B450D46C0F09580D946536800939D
S214007C70B9F1000F7BD0FB6B01225B6905A9009868
S214007C80984705A827F0BAFE454B1B68984240F077
S214007C90848005A827F0BEFE0428064615D105A850
S214007CA027F0BFFE009B04461E44019B002B3ED1DE
S214007CB0804512D91C46A8EB00083846009927F0E4
S214007CC0AEFBA9EB04090090D2E7FB6B02225B69CE
S214007CD0009806A9984706A8E2E7A0EB08045C45CA
S214007CE028BF5C46032C4644ABEB040B1DD9FB6B4C
S214007CF0294630465B69A208984724F0030304F03F
S214007D00030A1E441D44DDF80480BAF1000FD4D0E7
S214007D10FB6B012206A930465B6998475246284607
S214007D2006A912F0E7FC5544C7E7A246EBE78246F1
S214007D3000F0030302932B1803930644039BA6EB61
S214007D400A00A3EB0A05029B9A4514D1BAF1000F6C
S214007D50B3D0FB6B012206A95B69984752462846BA
S214007D6006A912F083FE0028DDD04FF036094846FB
S214007D7009B0BDE8F08FFB6B012206A95B69984746
S214007D800422284606A912F071FE0028EDD1AAF1B9
S214007D90040AD3E74FF06309E9E74FF06F09E6E717
S214007DA0B43600202DE9F0410F46164698460446A4
S214007DB088B060B390F83450FDB1012127F067FA1F
S214007DC000210E9BCDE90511CDE902379DF83C3028
S214007DD0CDF804808DF81C30237C04968BB90D49B1
S214007DE001AA04F1080000F055FFDDE90553E06B39
S214007DF0002E08BF1D4627F0E3FB284608B0BDE866
S214007E00F0812046044A01ABFFF7BCFCEDE70546CF
S214007E10F3E700BF6FF50200E17B00007FB590F846
S214007E204260044601920DF10B030A4630461149A2
S214007E3027F0CEFB012E0546E36B17D132465B6971
S214007E4003A998479DF80B10039B019A59B19BB262
S214007E5043EA0243012228460393E36B03A99B6986
S214007E60984704B070BD62F30F03F3E701229B69E5
S214007E7001A9F5E7B43600202DE9F04F99B00E467B
S214007E800D920A69416C0B931439D31DB3FBF1F3C1
S214007E90013302EBC302036B04469342C0F0018237
S214007EA00023DFF804940893E36A484619460593CE
S214007EB000F074FFD6E9033707930B9B022B4DD1D6
S214007EC0CC2F40F0D7810D9B3BB13146204627F0A2
S214007ED0D5FB656C1490012044E00120079B656C7F
S214007EE01B68149300F0010000280CBF042308232D
S214007EF0782F0E9349D8059A6B1E1340ED1A3B1D3A
S214007F009D423CD2002F3DD0082D3ED800230425AC
S214007F1006934FF0040A336806990B98C9F80030A8
S214007F20C9F8107027F090FD4FEA9A030F93059B4F
S214007F3089F814000393002309930C9304930A937F
S214007F40616C039B4A1E1A408B1A27B35544AB42FA
S214007F5023D8236B5B1A134423632FE1782F656CB9
S214007F60B9D8F07D0D9B002BBCD0E36B01225B697A
S214007F70706816A9984716A827F044FDB4E70025B0
S214007F800695C6E704250697C3E7012300254FF0AC
S214007F90080A0693BFE75345DBD3A3EB0A029742D2
S214007FA0039BB84628BF90469742534428D90122DF
S214007FB0D9F8101089F817208F4226D10399C9F8EE
S214007FC00410049299F817200AB399F81810039829
S214007FD0CA1C09EBC202506004980131A2F808805E
S214007FE0907289F81810B8F1000F07D00B9A022A81
S214007FF040F08180099A72B1012209929B46ABE05B
S214008000049A002A18BF0322DBE70222D9E7039A64
S214008010C9F80420E7E70C9A4244032AEED9E26B3B
S2140080201846956914A901220993A847099B054695
S2140080300028E1D03D2D40F01E8104F10803039393
S2140080402368059A606CA2EB030ABAFBF0FA00FB01
S2140080500A3027F091FDE16A8046204627F0DFF9D6
S214008060A26A824200F00F81626CD9F80830511E75
S2140080700B40216B2768891A0B442363089BE06238
S214008080DF1BB7FBF2F7BA4540F0FA80059BB3EB6F
S214008090080A12D0E36B4FEA9A0241469B6998475A
S2140080A08346E36A059A5344E362236B03989B1A5C
S2140080B04344236327F0B8FBDA462368616CE06B21
S2140080C001FB073127F0CDFC204627F0EBF82046D1
S2140080D027F0E8F92063BAF1000F00F0D480326987
S2140080E0616CD31D1439B3FBF1F3013302EBC30209
S2140080F09042A5D2BFE00D9A002A77D1B8F1030FBF
S2140081004FEA98026ED9E16B18468D69079910936D
S214008110A847109B0546C0B918F0030515D0079A66
S21400812028F0030B02EB0B019B444FF0FF3215A81F
S21400813015922A46109312F0DDFAE26B58469569BE
S21400814015A90122A8470546109B9B46079A42445C
S2140081500792002D40F08B80049B16A80193069B87
S214008160009399F814204346316800F0CDFDE36B88
S2140081700F9A9B69039816A99847039A051E089BB1
S21400818018BF13460893434652462046039927F0E5
S21400819073F9236B08F10302A3EB0A0322F0030230
S2140081A09B1AC9F808002363002D7FF443AF0C9B8D
S2140081B0A7EB080743440C93CDF80CB02046039970
S2140081C027F02DF900250390002F7FF4B9AE364A2C
S2140081D03168936804F10800E36252680B9B00F074
S2140081E00BFD49E09B46454607999EE79B4606F1F0
S2140081F020021092F27D7068A2B1002296F818C094
S2140082000A99D5B2AC4511D9109D02F1010E35F888
S21400821032508D4228D90E9806EBC2020144D0692E
S214008220084403E00E9A0A990A441044E26B15A922
S214008230556901221193A847159A0A9B1392E26B7F
S214008240043395695846012213A90A93A847119B3F
S214008250054603EB0802A2EB0B02042A7FF679AF71
S21400826028B90BF1040BC5E77246491BC9E7CDF8E0
S21400827020B088E770252F46384619B0BDE8F08F45
S2140082804FF0000A19E73269616CD31D1439B3FB4D
S214008290F1F3013302EBC302236B9342BFF404AE47
S2140082A0E9E71C27E8E700BF5C360020032A2DE933
S2140082B0F34106460D4617461C4606D1237A012B87
S2140082C023D0012002B0BDE8F081DFF860800968A5
S2140082D042460DF10703FFF7ABF960600028EDD1C9
S2140082E09DF80720237A032AE8D0D8F804106A6895
S2140082F09142E3D1012B2969D4F80CC007D17269E9
S2140083000CEB0103934202D92074207CDAE7083193
S2140083106144E1603B46012229463046FFF7ACFD4A
S21400832060600028CAD00020CCE700BF8836002056
S2140083302DE9F341089C032A1746266806D1237ABE
S214008340012B24D0012002B0BDE8F081DFF8908038
S214008350304642460DF10703FFF76AF960600028D1
S214008360EDD12568D8F80400A96AD5F844C048407D
S214008370CCF100031840227AE1D1012A09D1E26843
S214008380D8F8103013447269934202D92074207CC6
S214008390D9E72868EB6A1B1A081AB3FBFCF3B0FB94
S2140083A0FCF083420BD1706CF36A421E1340326BB2
S2140083B0121A13442846336327F031F8E862D8F8D7
S2140083C01020E36808321344E36001223B46044968
S2140083D02068FFF751FD60600028B0D00020B2E7AB
S2140083E0883600202DE9F0410025604B0E46D3F874
S2140083F0008004461D6018B921252846BDE8F08196
S21400840090F8347007B30A6803689A4240F0A38075
S2140084104A6843689A4240F09E808A6883689A4217
S21400842040F09980CA68C3689A4240F094800A690E
S21400843043699A4240F08F808A69C36B9A4240F043
S2140084408A804B698361D8E768223946856B11F0CC
S214008450C1FFD6E90212336804F10800236073688E
S214008460A5636360336963617369A36127F0EEF9FE
S214008470B36904F14000E3639B68984720B9676CD2
S21400848017B16368B3FBF7F794F84330E761002B46
S214008490B2D00023656C2366002D64D0002F62D016
S2140084A02368B3FBF5F205FB1233002B55D1666843
S2140084B0B6FBF5F305FB1363002B4ED1204626F0E2
S2140084C0BDFEA369043303449E4248D340F634728B
S2140084D06369CC3B934244D8B5F5805F43D3032110
S2140084E0204626F0D4FED4E90001E36B1B689847CB
S2140084F00546E36B0220DB689847CDB94146204627
S214008500FFF77AF96428054604D141462046FFF76E
S21400851073F90546666C5DB9236A2046143E5E43D1
S21400852026F08CFEA369043303449E4238BF5A25C6
S214008530002D0CBF0123002384F8343007D1D4E982
S21400854000010B4A13680133136027F019FAE06B39
S21400855027F036F851E75D254FE759254DE75A25B0
S2140085604BE75F2549E75B2547E700BFEC2F002078
S214008570E82F00202DE9FF410C4616461F4605460B
S21400858080B390F834307BB3B1F5801F2ED2DFF87D
S2140085906080012126F07BFE2146424628460DF1EA
S2140085A00F03FFF745F8044670B99DF80F30012B0E
S2140085B011D1D8F81030BB4212D102460090314695
S2140085C02846FFF743FB0446E86B26F0F9FF2046F3
S2140085D004B0BDE8F081022B14BF2D246024F3E71D
S2140085E06324F1E72124F2E71124F0E72924EEE7DB
S2140085F0B43600202DE9F04385B00C4617461E46DB
S2140086000546DDF8308098B390F8343093B3B1F572
S214008610801F31D2DFF86490012126F038FE214613
S2140086204A4628460DF10F03FFF702F8044688B9BC
S2140086309DF80F30012B14D1D9F8102006EB080353
S2140086409A4213D300904346324639462846FFF7EF
S214008650FDFA0446E86B26F0B3FF204605B0BDE8F9
S214008660F083022B14BF2D246024F3E76324F1E784
S2140086702124F2E71124F0E72924EEE7B43600209F
S21400868073B50C461646054630B390F834302BB317
S214008690B1F5801F24D2012126F0F9FD2146284697
S2140086A0104A0DF10703FEF7C3FF044680B99DF894
S2140086B00730032B0CD0022B0CD12846094926F094
S2140086C0DDFF3060E86B26F07BFF204602B070BD11
S2140086D02D24F7E76124F5E72124F6E71124F4E7D3
S2140086E02924F2E7B43600202DE9F3411E46002384
S2140086F00C4617460546336050B390F834304BB3FB
S214008700B1F5801F28D2DFF85480012126F0BFFD86
S2140087102146424628460DF10703FEF789FF044628
S214008720A0B99DF80730032B10D0022B03BF0123FE
S2140087303B600423D8F8103018BF38603360E86B0D
S21400874026F03EFF204602B0BDE8F0812D24F6E775
S2140087502124F7E71124F5E72924F3E7B4360020AF
S21400876073B50446056B26F069FD636E03449D42AF
S2140087702CBF00230123854294BF00252D1A207CA0
S21400878084F85030656584F85800A8B100230C4E74
S2140087901A4619462046009627F034F80023054668
S2140087A01A4619462046009627F035F8E36828440E
S2140087B0984294BF0020C01AE06502B070BD00BFAA
S2140087C0FFFF0F002DE9F3471E4643690446B342F8
S2140087D0884617469DF828904ED300258DF80750FA
S2140087E0204626F02BFDD4F830A082450AD2236A14
S2140087F0B5EB430F06D2002220460DF10701FFF726
S21400880045F9B8B39DF80730012B05D10022204664
S2140088100DF10701FFF73AF9B9F1030F06D031461B
S214008820204626F0FBFC256B854227D3144D4FF0DF
S214008830FF31284600F0B2FA4B4629460022204671
S214008840C5E90376C5F80080FFF716FB236E0546DC
S21400885063B12046FFF784FF94F8503013B994F8BC
S21400886058301BB1236E04F150009847284602B0DA
S214008870BDE8F0870135B3E76225F7E71C25F5E785
S214008880883600202DE9FF410F4690461E460546D5
S21400889098B390F8343093B3B1F5801F31D21A4CA8
S2140088A0022126F0F4FC2246394628460DF10F0335
S2140088B0FEF7BEFE024678B10123424600933946D3
S2140088C033462846FFF77EFF0446E86B26F078FE20
S2140088D0204604B0BDE8F0819DF80F30012BEBD1A7
S2140088E02169B142E8D10093414633462846FFF756
S2140088F0ADF904460028DFD1E7E72124E8E7112494
S214008900E6E72924E4E700BFB43600202DE9F04767
S21400891090F8423086B0012B05460391A1EB020782
S21400892040F0AA80FF2F03D81E464FF0640807E0E9
S2140089300226012B14BF4FF032084FF064080136B0
S21400894000244FF6FF79DFF844A195F84230012B5A
S21400895014BF322364239C4202D35FFA88F40DE0EE
S21400896005AB22465146284626F066FE95F842306C
S214008970012B059B34D14B452DD1E4B295F84230FE
S214008980012B14BF32226422121BB24217D3012ECF
S21400899039D10022012B05978DF8132027D1082204
S2140089A005A90DF1130027F003F99DF81330059A79
S2140089B042EA032221462846FFF730FA40B1022356
S2140089C0324900932846CC23096803AAFFF7FAFE2B
S2140089D006B0BDE8F087DBB203B902340134B4E771
S2140089E0591CCAD09BB2002BF8D10134F6E71022EE
S2140089F005A90DF1130027F0DBF89DF81330059A52
S214008A0042EA0342D6E7039A012B059223D10823B4
S214008A10202205A90DF113008DF8133027F0C8F8B1
S214008A209DF81320120221462846FFF7F7F995F81D
S214008A304230611C012BC9B21AD10028BFD128468A
S214008A40BDF81420FFF7EAF90028B8D10234BDF8C3
S214008A501620E1B2AFE71023202205A90DF113007E
S214008A608DF8133027F0A4F89DF813201204DAE7E7
S214008A700028A4D1059A9EE7B7F5803F4FF001067F
S214008A80BFF457AF4FF032085AE700BFB4360020A5
S214008A9070B586B00E4605460392A0B390F8343003
S214008AA09BB3B1F5801F32D2022126F0F0FB31468F
S214008AB02846184A0DF11703FEF7BAFD044618B902
S214008AC09DF81730032B0ED102233146009328461B
S214008AD0CC2303AAFFF776FE0446E86B26F070FD6B
S214008AE0204606B070BD022B0BD10A49284626F058
S214008AF0C5FD039902468142EFD02846FFF706FFE0
S214008B00EAE76124E9E72124EAE71124E8E72924D3
S214008B10E6E700BFB4360020F7B50C461646054615
S214008B2068B390F8343063B3B1F5801F2BD20221BE
S214008B3026F0ADFB21462846144A0DF10703FEF742
S214008B4077FDC0B99DF80730032B14D0022B14D143
S214008B500E49284626F092FD471C0246394628460E
S214008B60FFF7D4FE044606B13760E86B26F028FD12
S214008B70204603B0F0BD2D24F7E76124F5E7212455
S214008B80F6E71124F4E72924F2E700BFB436002004
S214008B9030B50C46054685B028B390F8343023B37C
S214008BA0B1F5801F23D2022126F071FB0DF10F03D1
S214008BB0214628460F4AFEF73BFD034688B99DF836
S214008BC00F20032A0DD00322214600920246284693
S214008BD0FFF7F8FD0446E86B26F0F2FC204605B0E9
S214008BE030BD2D24F7E72124F8E71124F6E72924E1
S214008BF0F4E700BFB43600202DE9F043466886B39C
S214008C00056898464FF0000CA946AE4655F83C401D
S214008C100CF1010CC4F31307013401D0B94217D08C
S214008C20B4450EF1080EF1D12F46002403E0B442FD
S214008C3007F1080712D055F8343001340133F6D165
S214008C40C1F3130141EA0851C7E90012BDE8F083F9
S214008C5041EA0851CEE90012BDE8F083B8F1030FEF
S214008C6003D101230372BDE8F083002303E0B3427F
S214008C7009F10809F5D055F833400133C4F3075419
S214008C80032CF4D1C1F3130343EA0853C9E90032B5
S214008C90BDE8F0832DE9F0410646406882B0B8B1E1
S214008CA00F4690460024336853F8345003EBC40351
S214008CB0C5F30752C5F31301013506D05B6830468D
S214008CC0CDF80080B84718B1706801348442EAD302
S214008CD002B0BDE8F08100BF024B1968024B18686D
S214008CE0FFF780BBD85F0020F85F002008B530F0A3
S214008CF0CAF8014B186008BDE0360020014B186822
S214008D0030F0BCB8E036002073B504462248012A8D
S214008D1000EAC1119DF8185023F07C4007D9961E32
S214008D20012E28D9073303F07F03194308E09DF886
S214008D301C300A43DB0603F0C053134343F0604184
S214008D400023C4E900108DF80730B5B12022214673
S214008D500DF1070026F02CFF1A220DF10700211D49
S214008D6026F026FF082063689DF8072043EA826302
S214008D70636002B070BD1143E2E71B220DF10700ED
S214008D80214626F015FF23689DF80720042043EAB5
S214008D90C2632360EDE700BF80FFFF0738B5094BCD
S214008DA00D461A680021044611F014FB00234FF00C
S214008DB0FF322383C4E900252361A260E382A37601
S214008DC038BD00BFB83104000138C0B205289ABFCC
S214008DD0014B185C01207047BD3104002DE9F041BD
S214008DE00746154600240E46596888B0490A0129E8
S214008DF022464FEA510104F10104F8D8DC7899784C
S214008E0024031B88C90201F4006104F480540C4357
S214008E10C3F30A035203234492B24FF000089C188F
S214008E20274B6FEA0444039325F07843ED4302A9E9
S214008E300DF107001B2202938DF8078026F0B8FE7E
S214008E409DF80720029B02A943EAC2630DF10700C2
S214008E501B2225F07845049302958DF8078026F0AE
S214008E60A7FE9DF80720029B6FEA144443EAC263FC
S214008E7005934FF0FF330794069307A9BB690122B9
S214008E8006F110009847BB6905A90446012206F1C1
S214008E9008009847BB69404518BF044604A901224C
S214008EA0301D98470122404518BF0446BB6930462E
S214008EB003A99847404508BF204608B0BDE8F081A2
S214008EC001009AB238B5104B0546D3F800310C466F
S214008ED003F00303022B0BD0032B0DD0012B0FD175
S214008EE02EF050F9032305B1286004B1236038BD85
S214008EF02EF092F90723F6E72FF0D8FF0623F2E7C5
S214008F0001230020EFE700BF0080005038B5134B68
S214008F100546D3F820010C4600F0070004281AD8AE
S214008F20DFE800F003090D111500012305B12860E4
S214008F3004B1236038BD2EF0EBF80423F6E72EF0DC
S214008F4021F90323F2E72EF023F90523EEE72EF0AE
S214008F5015F90223EAE700231846E7E700800050E9
S214008F6038B5104B0546D3F840310C4603F00303E2
S214008F70022B0BD0032B0DD0012B0FD12FF098FF17
S214008F80082305B1286004B1236038BD2EF044F9EB
S214008F900723F6E72FF08FFF0923F2E701230020CF
S214008FA0EFE700BF0080005038B5104B0546D3F8F9
S214008FB060310C4603F00303022B0BD0032B0DD0BD
S214008FC0012B0FD12FF074FF082305B1286004B1E0
S214008FD0236038BD2EF020F90723F6E72FF06BFF4D
S214008FE00923F2E701230020EFE700BF00800050CE
S214008FF041F6713210B5104C104BA04294BF0024BD
S2140090000124D969DA639A6801F4803122F44012A7
S21400901042EA04529A600A4A90420A4AD2F8180271
S2140090208CBF40F0020020F00200C2F8180209B11E
S2140090300022DA6310BD00BF005A6202000003502F
S21400904080F0FA0200C007502E4B98424AD022D831
S2140090502D4B984240D014D82C4B984239D00AD881
S2140090602B4B984232D02B4B98422FD02A4B98420B
S2140090702CD000207047294B9842FAD1284B186F05
S2140090807047284B98422AD0274B9842F1D1244B60
S214009090D3F880007047254B98422BD009D8244B34
S2140090A0984223D0234B9842E3D11D4BD3F88C0033
S2140090B07047214B984221D003F5740303F51053F3
S2140090C09842D6D1164BD3F898007047144B986D3B
S2140090D07047134B586E7047114B586F7047104BC4
S2140090E0986F70470E4BD3F8840070470C4BD3F83C
S2140090F0880070470A4BD3F890007047084BD3F8A7
S214009100940070470048E8010024F400C0CF6A00CD
S21400911080841E0000093D0040420F00405DC600EE
S2140091200080E00FC0EA210180BA8C01007E560361
S21400913080D54302006CDC020090D00337B50C46A5
S2140091400021114B0191D3F88031054603F003034B
S214009150022B0ED0032B11D0012B03D101A8FFF751
S214009160D5FE0D210DB1019B2B6004B1216003B02B
S21400917030BD2EF00DF805210190F3E72DF0FEFF2F
S21400918002210190EEE700BF0080005038B5104B7A
S2140091900546D3F840320C4603F00303022B0BD0EF
S2140091A0032B0DD0012B0FD12FF082FE082305B123
S2140091B0286004B1236038BD2EF02EF80723F6E7AA
S2140091C02FF079FE0923F2E700231846EFE700BFE9
S2140091D00080005038B5144B0546D3F800020C4604
S2140091E000F0070004281BD8DFE800F003090D1183
S2140091F01500012305B1286004B1236038BD2FF0A7
S21400920057FE0823F6E72EF007F80723F2E72FF0BD
S21400921052FE0923EEE72DF09BFF0C23800AE9E7B8
S21400922000231846E6E700BF0080005038B5144B10
S2140092300546D3F808020C4600F0070004281BD8A1
S214009240DFE800F003090D111500012305B12860C1
S21400925004B1236038BD2FF02BFE0823F6E72DF06F
S214009260DBFF0723F2E72FF026FE0923EEE72DF0BB
S2140092706FFF0C23800AE9E700231846E6E700BFE5
S21400928000800050032814D005D8012805D00228F5
S21400929009D0002005E00F28FBD1084B186FC0F35B
S2140092A0013001307047054BD3F89000C0F30460DE
S2140092B0F7E7024B186FC0F38020F2E700800050FB
S2140092C01FB500230193252817D8DFE800F0131AEE
S2140092D01D272C363B51565B60656A78161A401679
S2140092E016561A272C27361A5127783B3B3B3B2726
S2140092F027275B602DF012FF0190019805B05DF8FE
S21400930004FB2DF025FFF7E72DF008FF02460220AC
S214009310FFF7B8FFB2FBF0F20192EEE72DF018FF70
S21400932002460320F4E72DF013FF02460320FFF762
S214009330A9FFB2FBF0F25208EEE7002101A8FFF702
S214009340FDFEDAE7002101A8FFF7E0FDD5E702936E
S2140093504FF0E0231B695B0705D52DF0F9FE029060
S214009360029B0193C9E703A902A8FFF7F9FDF7E7F7
S214009370002101A8FFF7F4FDBFE7002101A8FFF7D1
S21400938013FEBAE7002101A8FFF724FFB5E7002186
S21400939001A8FFF74BFFB0E7002101A8FFF792FDF9
S2140093A0ABE7094BD3F8803003F00303022BA8D0B9
S2140093B0032B01D000209FE72DF0EAFE9CE700215A
S2140093C001A8FFF7E3FE98E70080005008B50120EB
S2140093D0FFF776FFBDE808400349884294BF0121A5
S2140093E00221032000F002B880F0FA02032810B52C
S2140093F00C4627D004D8012804D0022817D010BD68
S2140094000F28FCD126F0F2FB26F0F8FB124A013CAE
S214009410136F23F4405343EA043313672DF098FE8A
S2140094200021FFF7E5FDBDE81040FFF7CFBF0A4A71
S2140094304C1ED2F8903023F0F85343EA0463C2F887
S2140094409030DCE7044A4C1E136F23F4806343EA33
S21400945084231367D3E700BF008000501FB50023A6
S2140094600193252821D8DFE800F013202020202AA9
S2140094702F454A4F54595E7120203420204A202020
S21400948020202A204520712F2F2F2F2020204F54B8
S214009490314B1B6F03F00703013B032B05D8DFE8B6
S2140094A003F00C02080A04230193019805B05DF846
S2140094B004FB0323F8E70623F6E70223F4E700207D
S2140094C001A9FFF73BFEF0E7002001A9FFF71EFD0C
S2140094D0EBE702934FF0E0231B695B0705D52DF001
S2140094E037FE0B230393039BDEE703A902A8FFF7CF
S2140094F037FDF8E7002001A9FFF732FDD5E7002089
S21400950001A9FFF751FDD0E7002001A9FFF762FE91
S214009510CBE7002001A9FFF789FEC6E7002001A9D6
S214009520FFF7D0FCC1E70C4BD3F8803003F0030301
S214009530022B03D0032B05D00023B5E72DF008FE41
S2140095400B23B1E72DF024FE0523ADE7002001A98B
S214009550FFF71CFEA9E700BF0080005008B50320F7
S214009560FFF790FE034B187026F040FBBDE808405E
S21400957026F044BBED55002010B504462DF0E8FD5E
S2140095800021FFF735FD1CB1BDE81040FFF71EBFF8
S214009590034B0320BDE810401978FFF727BF00BF34
S2140095A0ED55002038B50546FFF74EFD204B044626
S2140095B05A68012A04D11F494A609A699207FCD169
S2140095C00020FFF74BFF042803D126F00FFB26F000
S2140095D015FB194A24F0407395421FD0174A95424E
S2140095E01FD0174AD16811F0060FFBD19068936020
S2140095F091684B4013F4F81F16D12846FDF766FD18
S2140096000020FFF72BFF042810D12DF0A1FD00212C
S214009610FFF7EEFCBDE83840FFF7D8BE43F0007316
S214009620DFE743F08073DCE79060E9E738BD00BF12
S21400963000C0015000E0015040420F0080841E0030
S2140096400000015070B504460020FFF707FF03280E
S2140096507CD045F60E030221414AC2F88030414BC9
S2140096609962012103F580539962936DD903FCD466
S214009670D4E900131B0543EA0163E17B94F8235009
S2140096800B43217B43EA0143617B43EA0133A17B21
S21400969043EA811313619169D4E904031B0643EA84
S2140096A0806301F000410B43A17EE07E0B43217EE8
S2140096B043EA0143617E43EA01239361E169136A49
S2140096C0002923F00D0343EA010314BF0121002102
S2140096D043EA800343EAC103136294F8203094F807
S2140096E02200916A4FEA431331D194F8216021F0A9
S2140096F0330143EA06130B4343F0010393621A490E
S214009700174A936D31EA0303FBD10221154B996288
S214009710936D5B00FCD41369A16823F4700343EADD
S214009720015313614FF000420E4B9A6118B90222A2
S21400973003F580539A6215B901220C4B9A6294F88D
S21400974024301BB1064B0A4AC3F8802070BD21F0B6
S214009750330129430B4343EA40039362EFE700BF1C
S21400976000C0005000D000500300014000E0005050
S214009770F1A7FFFF014B93F900007047EE5500205C
S214009780014B1880704700BFE86400200C4A10B5F3
S2140097901369044643F0040313612EF049F826F0DB
S2140097A031FA084B084AC3F8202430BF26F02BFABB
S2140097B001F0E2FE1CB9BDE810402DF0C9BC10BD9A
S2140097C000ED00E000E003500000FFFF034A0179CF
S2140097D0D36E23F030030B43D3667047004000502F
S2140097E041F67132034BDA63012203F50053DA6067
S2140097F0704700BF0000035041F671320121044B50
S214009800DA6303F50052D1600022DA63704700BFC6
S21400981000000350044B1868421C02BF034AD2F8EB
S21400982094001860704700BFFC5F002000400050A6
S214009830CB784A7810B55B010C7843EA82030A7944
S214009840234343EA02130C22424302F1B04213635D
S214009850012C02BF8A78024B43F8202010BD00BFBF
S214009860D080035008B54FF0B0435A6802B960B1D3
S2140098705B680BB126F0D0F94FF0B04130B1012053
S214009880074B586026F0C8F9C86008BD26F0C4F932
S2140098900223CB6026F0C0F90122024B5A60F4E79F
S2140098A000100058002000584FF0B0414B6810B52B
S2140098B00BB126F0B1F901220B4BC4785A608378BD
S2140098C0934043EA840344782343047943EA041329
S2140098D0447943EAC4038B60044B5A600378C3F1AF
S2140098E00203CB6010BD00BF0020005800100058D7
S2140098F0054B5B69C3F38512827003F03F021B0BB6
S21400990042700370704700BF00C007500120034B31
S2140099109B680A3303F01F03984070470080E00FEF
S214009920034BD3F82424D3F820041040704700BF1C
S21400993000C003502DE9F8431E4B0546D3F81033FC
S2140099404B1E0E2B0E46174690F8009044781DD9F5
S21400995009B34FF000082846D7B12FF0AFFA09EB4D
S2140099604903072C4FF00F014FEA031315D8A40044
S214009970114808FA04F2A140184426F055F9BEB979
S21400998028468FB1BDE8F8432FF098BA8846E2E73C
S21400999026F059F9E3E78846E1E7083CA4000748C3
S2140099A008FA04F2A140E7E7BDE8F84326F04BB911
S2140099B0BDE8F88300C0035004C003500CC0035039
S2140099C02DE9F041204B1646D3F810234A1C0546D5
S2140099D00C46407804D1D3F8241426F042F9044605
S2140099E0002C2EDB072C14DC03274FEA84082A7889
S2140099F007FA08F73946154802FA08F226F014F96D
S214009A006A78394602F00302114802FA08F226F094
S214009A100BF9012316F0050F0E4A18BF0E4903FA7C
S214009A2004F30CBFC2F81034C1F8103416F0060F59
S214009A3018BF094AC2F814340123064AA340C2F8E4
S214009A4020342046BDE8F08100C0035000C4035017
S214009A5008C4035000E0035000D0035070B504461D
S214009A602AF0E4FC064630B90FCC044D0FC594E846
S214009A700F0085E80F00304670BD00BFE4360020BA
S214009A8047F6FF739A42F0B570D0022970D8394B6A
S214009A905B5C022B6CD8384DDE0005EBC304A77860
S214009AA015F83330012F394638BF0121012B16D166
S214009AB0E078401A0021884205D8012F2CBFC01933
S214009AC00130C0B2F0BD431A6568A0EB530335F908
S214009AD013509542D4BF194603F1FF30EBE7606898
S214009AE00028EFD0B0F90040944204DBB0F9024001
S214009AF09442B8BF144683883544FF2B19BFC82349
S214009B002827B0F90630B0F90870A3EB04030CBFA1
S214009B100122002293FBF7F36E7813441BB29E4299
S214009B2001DD002B01DA731E1BB24FF47A7C00EBCA
S214009B30C305EA88AD685F1C14FB02521D4622EA84
S214009B40E2723BB25C329E42B2FBFCF204DD00EBFA
S214009B50C307BF889742EAD200EBC50398889042B5
S214009B6028BF1046884238BF0846AAE7FF20A9E764
S214009B700020A7E7C3310400E43600200229F0B530
S214009B8060D8314B595C02295CD8304B13F8310051
S214009B90012816D103EBC1039C78D878012C214606
S214009BA038BF0121904294BFC1EB0001C1EB020116
S214009BB0001BCAB28242C8BF00225B6833F912009B
S214009BC0F0BD002A3CD003EBC1035968002939D008
S214009BD09878904202D3B1F90200F1E7DC78B1F947
S214009BE000009442ECD95C788B88013CA3F1FF0618
S214009BF0734201F10405E4B2734101F10C07DEB2D1
S214009C00B44216D805EBC3034FF47A756A43B3F92A
S214009C1002405B68D21A04EBD47302EB630292FB39
S214009C20F4F29042CCDBB1F902009042C8DC10B2EC
S214009C30C6E737F833C05E1C9445E3D33346DEE709
S214009C400348BDE70348BBE7C3310400E436002001
S214009C500CFEFFFF0080FFFF08B50448FFF7FEFE7E
S214009C60BDE8084001202AF0E7BB00BFC831040069
S214009C707FB51422002101A810F0ACFB044B01A90B
S214009C804FF0FF3002932AF01DFC07B05DF804FB8E
S214009C90006A18002DE9F0418CB08846DDE912769E
S214009CA01D460446002847D0002945D0002F43D043
S214009CB0002E41D013F00F033ED120482049A36068
S214009CC0002A08BF01462362C4E90013404609A9DA
S214009CD026F059F868BB204609992FF04AF929461C
S214009CE020462FF046F96946404626F0DBF800BBD2
S214009CF06946204626F006F9404603A926F0DDF818
S214009D00B8B9204603A926F0FDF806970127204695
S214009D1045F0005506A90797089526F0F3F8204663
S214009D2009A909960A970B952FF049F920462FF0B6
S214009D3003F90CB0BDE8F0812120FAE70001000429
S214009D40000101042DE9F04F97B0894690461F4662
S214009D500546DDF880A0002800F0BB80002900F052
S214009D60B8803AB1229B002B00F0B380239B002BD7
S214009D7000F0AF80BAF1000F00F0AB80219B002B03
S214009D8000F0A78067B13C680026229B43440293FC
S214009D90464507D307B13C60002017B0BDE8F08FFA
S214009DA03C46F1E75CB1229B219A9B5D125D013433
S214009DB05340239A04F00F0493550136E8E7A8EBC6
S214009DC0060BBBF10F0F58D9434B4846C5E9003484
S214009DD0AC602C6213A925F0D6FF0028DDD12846FA
S214009DE013992BF00F0B2FF0C4F8594628462FF086
S214009DF0C0F8484604A926F055F80028CDD12846D4
S214009E0004A926F07FF8484607A926F056F8002849
S214009E10C3D1284607A926F075F8012322992F4AB0
S214009E20CDF828A00B930C928A190D9228464BF079
S214009E3000520AA90E9303920F9226F063F8284662
S214009E400DA926F05FF8239B039A99190123109118
S214009E5011931292214A284610A9CDF84CA01493CB
S214009E6015922FF0ACF8284613A92FF0A8F828462C
S214009E702FF062F85E4400288FD1229B03EB060B7E
S214009E80239B1E44029B9B4501D1464680E7ACB906
S214009E90219B2246CDE900A3494610232846FFF71A
S214009EA0F9FE00287FF479AF0AF1100212F8013D9E
S214009EB00133DBB213700BB95245F7D1219A1BF868
S214009EC0013B125D0134534006F8013B04F00F04D9
S214009ED0D8E7212061E700BF03030004100000203C
S214009EE07FB50E461D460446F0B102B9E3B901231C
S214009EF00192029345F00053039300230B4AA3609C
S214009F00C4E900232362204601A925F0FBFF314661
S214009F1020462FF02EF8204629462FF02AF8204615
S214009F202FF00AF804B070BD2120FBE700000943BB
S214009F30084B984202D0084B984207D10B88B3F5DD
S214009F40105F14BF6FF08500002070476FF085002B
S214009F50704700BF004440040013C00410381028A7
S214009F6008D8064BC34013F0010F0CBF6FF08600F5
S214009F70002070476FF08600704700BF01010100A7
S214009F802DE9F04FA7B008AFCDE90501DDE9329520
S214009F90DDE9346A00210792384610229846DDF83B
S214009FA0D8B010F017FA102200210CA810F012FA00
S214009FB0069B2BB96FF08604204627B0BDE8F08FCD
S214009FC0079B002BF6D0B9F1000F01D1002DF1D17F
S214009FD0309B13B9319B002BECD116B9BAF1000FA8
S214009FE0E8D1BBF1000FE5D040460599FFF7A0FF8A
S214009FF004460028E0D1014628221CA810F0EAF901
S21400A0002022214614A810F0E5F91CA82EF0A7FF80
S21400A010002840F0AF80DDE90612059814AB25F065
S21400A020BDFF04460028C7D11498FFF797FF0446E3
S21400A0300028C1D115B9CBF80000BDE7B14518D24C
S21400A04009EB05039E4214D25545B3D82A46494625
S21400A050304610F011FA554B984526D006D3544B8F
S21400A060984524D003F54073984520D06FF08504BA
S21400A070A2E74F4B98451BD003F54073984517D081
S21400A0804A4B9845F2D1554594D815F00F0291D118
S21400A0902B46CDE9009614A91CA8FFF7FBFD8146C8
S21400A0A000285CD1CBF8005086E7B146EDE7B14614
S21400A0B01022002110A810F08DF955453FF67AAF12
S21400A0C03C4B9845319B39D10D2B7FF473AF012360
S21400A0D08DF84030309B0DF1410203F10C0153F82E
S21400A0E0040B8B4242F8040BF9D11B781370012342
S21400A0F08DF84F3015F00F0842D025F00F034B4473
S21400A1000DF1300C03F1100E6246186859680833DA
S21400A11003C273459446F7D10F2D33D825F00F03AD
S21400A120334403930CABCDE9017310AB0093424666
S21400A130002314A91CA8FFF705FEB0E7102B7FF438
S21400A14039AF309B10AA03F1100E94461868596870
S21400A1500833ACE8030073456246F6D1CAE75246B8
S21400A1600021304610F036F90023B9F1010FCBF884
S21400A170003002D06FF092041EE76FF08B041BE7EE
S21400A1800F2D8FD910ABCDE90296009301970023CF
S21400A19025F00F0214A91CA8FFF7D4FD814600285D
S21400A1A0DDD1B8F1000F3FF47DAFB7E700444004BF
S21400A1B00010C0040013C0042DE9F04F8A46A1B079
S21400A1C00021DDE92A56DDE92C790590934606A89C
S21400A1D01022984610F0FEF8102200210AA810F06F
S21400A1E0F9F8BAF1000F05D16FF08604204621B0C9
S21400A1F0BDE8F08FBBF1000FF6D00DB9002EF3D1FD
S21400A20017B9B9F1000FEFD12E9B002BECD04046CA
S21400A2100599FFF78DFE04460028E7D1014628225F
S21400A22016A810F0D7F8202221460EA810F0D2F873
S21400A23016A82EF094FE002854D15A46514605988A
S21400A2400EAB25F0ABFE04460028CFD10E98FFF7E4
S21400A25085FE04460028C9D116B92E9B1860C5E7AE
S21400A260BD4216D2AB199F4213D24E45BCD83246D9
S21400A2702946384610F000F93A4B98455BD003F56E
S21400A2804073984531D0384B984511D06FF085040F
S21400A290ACE7344B98454FD003F54073984525D02E
S21400A2A0314B9845F2D14E4503D96FF089049DE7AE
S21400A2B03D46330798D133460122CDE900570EA913
S21400A2C016A8FFF7E7FC2E9B05461E6000288DD0DB
S21400A2D04A460021384610F07DF800232E9A012DBC
S21400A2E013603BD06FF0920480E73D460D3E4E452E
S21400A2F0DBD801238DF828302B460DF1290205F115
S21400A3000C0153F8040B8B4242F8040BF9D11B786E
S21400A3100D3513704FF48073ADF8363006AB0193ED
S21400A3200AAB009332460023CDE902570EA916A8C1
S21400A330FFF708FDC7E73D46103E4E45B5D82B460D
S21400A3400DF1280C05F1100E62461868596808339E
S21400A35003C273459446F7D11035DFE76FF08B04E0
S21400A36044E700BF0010C0040044400410B54FF49A
S21400A3702F720021044610F02DF88023C4F88C308C
S21400A380054B04F19C00C4F88430012384F888301F
S21400A390BDE8104024F0EABED299030010B5D0F80C
S21400A3A0A0400A468CB926F00FF8044610B90024DF
S21400A3B0204610BD2D2896BF064B074953F820109F
S21400A3C0064A074826F046F9F2E7D0F8A4101046E9
S21400A3D0A047ECE7B4320400D5990300FE970300CB
S21400A3E0059B0300F8B590F88060044616B1002679
S21400A3F03046F8BD25F01BFE0028F8D1012384F86E
S21400A400803094F8883033B1D4F884101F4884F82C
S21400A410886026F01FF94FF0FF37D4F8B402421CCC
S21400A4201FD0C4F8B47210F0FF052CD0204625F0DB
S21400A430FBFD2946204600F0A7FB0028EDD020466D
S21400A44025F000FE94F888303BB1D4F884100F480D
S21400A45026F000F9002384F88830002384F8803042
S21400A460C6E726F0DCF8431CDDD1D4F88C30D4F8EF
S21400A4709420013B9A4204DB054A0649064826F02A
S21400A480E9F80126E9E70126C7E700BFA7AC030005
S21400A490FE970300E3990300059B0300F8B50B78CD
S21400A4A00446302B0D46164604D14B7803F0DF03E6
S21400A4B0582B11D0284F6A1E12F8011F002934D1DC
S21400A4C028460A220FF076FE202C03460D4631D190
S21400A4D0B1FA81F040091AE04A1C1F4912F8013F00
S21400A4E08BB928460FF072FE1C4B02382340032B14
S21400A4F012D10134A41084420AD1A87837288CBF20
S21400A5000020012003E0CB5C13F04400E6D1F8BD48
S21400A510CCBF01200020FAE7002CB8BF0334B0EB14
S21400A520A40FD4BF01200020F1E77B5C13F00400E9
S21400A530C2D1ECE726B1084302D0013B61F1000529
S21400A5400122A240013A1A40002D08BF9A420CBFD1
S21400A55001200020DBE700BF15590400030000803F
S21400A560F0B5037801467B2B17D10646022400225D
S21400A5700B4F16F8015F7D2D05D10B5D6BB9D243ED
S21400A58002F0010008E07B5D13F0440002D00132C7
S21400A5900134EEE7202DFBD0F0BD0020FCE700BF25
S21400A5A01559040070B506460D460FF00FFE04461A
S21400A5B0304626F04FF8044EAC4200D370BD30460D
S21400A5C026F048F80134F7E77FA303002DE9F84F9B
S21400A5D0044602215148FFF7E5FF1E212068FFF7D9
S21400A5E0E1FF6368586826F035F84D4826F032F8E3
S21400A5F067683B7BFD2B12D8D7F808804FF0FF36F4
S21400A60040460FF0E3FD0546DFF81091DFF870A135
S21400A610DFF84CB10C3717F8013BFF2B01D1BDE832
S21400A620F88F212B18D8212B36D8DFE803F03772A5
S21400A63074111B1D1F213535353535353535232528
S21400A64027292B2D2F3135353535353535353D33E5
S21400A650344C002D2BD12EE0334C344AFE2B08BF51
S21400A6601446F6E7324CF4E7324CF2E7324CF0E7A9
S21400A670324CEEE7324CECE7324CEAE7324CE8E795
S21400A680324CE6E7324CE4E7324CE2E7324CE0E7A5
S21400A690324CDEE7324CDCE7234CDAE7314CD8E7C5
S21400A6A025F0CCFF01362AE0002DB4D02E4C202B0E
S21400A6B006F10106AFD002214846FFF773FF1E21C0
S21400A6C04846FFF76FFF504625F0C4FF5946204620
S21400A6D010F0D6F82549002818BF2146244825F052
S21400A6E0B9FF3B78202B02D12B2025F0A7FF21486D
S21400A6F025F0B0FF4DB118F806301F2B05D018F81E
S21400A70006001F2801D0AE42CADB054825F0A2FF8E
S21400A71081E7194C9DE7194C9BE700BF93E60300C1
S21400A720FE9703008D9A03009F9A0300C5B60300A8
S21400A730EA9A0300F19A0300E29A0300DE9A030005
S21400A740D59A0300CB9A0300C19A0300D69A030059
S21400A750CC9A0300C29A0300B79A0300B09A03008B
S21400A760A79A03008C9A0300929A03009D9A03000E
S21400A770A7AC0300169E0300E99A0300F09A0300B4
S21400A780ADB703002DE9F04F9BB005468B4600247D
S21400A790009203930FF01AFD249F039B04901C6005
S21400A7A028463C600AAA09A925F076FF064658B94D
S21400A7B00A980FF00BFD3446B046039B1860D5F898
S21400A7C09C300293029B1BB920461BB0BDE8F08F5D
S21400A7D0029BD3F80890B9F1000F6CD02E4416F8FF
S21400A7E0013B202B11D000260C23734309EB030AF0
S21400A7F059F803300193002B58D0099B434555DB8D
S21400A8009AF808202AB1721C39E03B6801333B6095
S21400A810E5E73968D5F894200793039B521A1A6027
S21400A8201AAB03EB880151F8403C01991846059392
S21400A8300FF0E6FF06900028E5D101980FF0C6FC61
S21400A840DDE906230146DAF80400D7F800A090F800
S21400A8500CC0BCF1FE0F16D103F1FF3EC64512D068
S21400A860D0F80090059801920FF0B0FC0AF1010AAA
S21400A870019A50442B5C23B1386008F10108164653
S21400A880B2E70130F6E7D5F894200591A2EB0A026C
S21400A8908A4220DC58460FF099FC059901447B2932
S21400A8A00DD958461F4A009924F087FC2B46049A77
S21400A8B02A4493422CD1029B1B68029382E7DDE96F
S21400A8C00012584624F079FC5846174A009901347D
S21400A8D024F073FC97E7BCF1FE0F94D1013B43458F
S21400A8E091D1D0F800A0DFF840905AF80C2B22B98E
S21400A8F0049B3B60039B1A60D8E75846009924F0F7
S21400A9005CFC4A465846009924F057FC0134ECE7B4
S21400A91013F8011B0029CCD14FF0200103F8011CCD
S21400A920C7E700BFF79A03007FA303002DE9F047AF
S21400A930002486B01C60DDE90EA8064689468AF823
S21400A94000401168154888F8004017461D468DF8E7
S21400A9501740FCF729FB18B901242B6801332B603C
S21400A9600020D6F89C6036B914B1012388F8003070
S21400A97006B0BDE8F087B06868B14B460021CDE967
S21400A98002A8CDE900750DF1170225F0BCFC9DF874
S21400A9901730002BE8D13668E5E700BFFC9A0300C5
S21400A9A02DE9F0470446ADF5447D8022002104A839
S21400A9B002AF0FF00FFD80222046009703AB04A9DC
S21400A9C0FFF7E0FE01283DD104A80FF0FFFB039936
S21400A9D03B68461A0B4426EAE6762344054604A856
S21400A9E03246014418460FF085FE00228255D4F800
S21400A9F09060039B3968D4F890201944B14212DC69
S21400AA00D4F89410E81A0244C4F89020014404AA2A
S21400AA10C4F89410D41825182B1B002B0DDC0DF54C
S21400AA20447DBDE8F087A05C25F008FED4F89030A1
S21400AA3001360133C4F89030DBE714F8010B25F03B
S21400AA40FDFDE9E7EBDD24AD8022002128460DF56B
S21400AA50887A0FF0BFFC0DF110094FF40072002148
S21400AA6050460FF0B7FC4FF001084A46002312F894
S21400AA70016BA6B904A84AF828300FF0A7FB2946B0
S21400AA80334698451CDB19F8016B0DF5887C5CF89D
S21400AA90042B82420CD101F8016B0133F1E7202E22
S21400AAA003F1010304BF4AF8283008F10108DEE785
S21400AAB00DF1100E7244D25CB242E8D00022EA5485
S21400AAC0D4F89060039BB3422FDC23462C4A04A99B
S21400AAD02C4825F0BFFD28460FF078FB0646039B62
S21400AAE03F68F61A1F4426EAE672E01917441D442A
S21400AAF0E11904F1900399423CD904F19803984275
S21400AB0038D26A1E81190B1A002B27DD12F8013F76
S21400AB1000F8013BD4F890300133C4F89030D4F8F4
S21400AB2094300133C4F89430EDE7D4F89030013611
S21400AB30E05C25F083FDD4F890300133C4F8903003
S21400AB40C0E7D4F89020013B0132C4F89020D4F836
S21400AB5094200132C4F89420002BF2DC00232E440B
S21400AB60E355731B002B7FF75AAF15F8010B25F042
S21400AB7065FDF6E729460FF0BDFD3346ECE700BF5E
S21400AB80D2990300019B03002DE9F843D0E924562F
S21400AB9004460F46002294F89830012B07D10A2F5E
S21400ABA007D1002384F898300020BDE8F88300F22F
S21400ABB09F801B2F01D10223F4E70D2F0DD1012317
S21400ABC084F898300D2025F039FD0A2025F036FD52
S21400ABD000230120C4E92433E7E74FF00008082FDC
S21400ABE084F8988034D1454530DDB5420FD13846DB
S21400ABF025F024FD202025F021FD013D384625F0D6
S21400AC001DFD013E04F80580C4E92456CCE7FBDAB6
S21400AC1005F1FF39384625F011FD04EB0903A6EBD4
S21400AC200902611918460FF027FC04F80680014651
S21400AC30013E484825F00EFD35464D4501DC4D46A3
S21400AC40E2E7082025F0FAFC013DF6E7ACD0DBE7AA
S21400AC507F2F1CD1002EA7DDB542A5DA6319691C2B
S21400AC6021441846721B0FF007FC04F806800146C4
S21400AC70394825F0EFFC0820013E25F0DFFCB54200
S21400AC80F9D1D4F89430013BC4F894308CE70A2FFD
S21400AC9098D0092F03D12046FFF782FE84E7D4F828
S21400ACA08C30013BB3427FF77FAFB54204EB05081B
S21400ACB005F101090CDB384688F80070D4F89430AA
S21400ACC0C4F890900133C4F8943025F0B7FC6BE7D5
S21400ACD04146721B04EB09000FF0CEFB404625F000
S21400ACE0B9FC0820013E25F0A9FCB542F9DDE2E7F3
S21400ACF0022B06D15B2F01D1032353E784F898205B
S21400AD0049E7032B7FF450AF413F84F89820032F88
S21400AD103FF64AAFDFE807F002070A160121204691
S21400AD2025F03DFC40E74FF0FF31F8E7B542BFF6AF
S21400AD303BAF605D25F082FCD4F890300133C4F858
S21400AD40903031E7002D7FF72FAF013D0820C4F883
S21400AD509050BAE70A9B0300049F030008B5024818
S21400AD60FEF720FC002008BD00B4C40430B58BB04C
S21400AD706C46174D0FCD0FC40FCD0FC495E80300DA
S21400AD8084E80300134BD3F84C2112031CD5A3F51B
S21400AD90FE431C884FF6FF739C4208BF8C248DF838
S21400ADA01940FEF7E7FC204480F308008DF81800F1
S21400ADB00948FCF791F96846FEF744FC3220FEF796
S21400ADC0DFFC00200BB030BDD3F85041E4B2E6E71C
S21400ADD06C3304000080E00F00F049020028ACBF8E
S21400ADE000F16040064B4FEA0111C9B2ABBF00F557
S21400ADF0614000F00F0080F800131954704700BF40
S21400AE0014ED00E008B52EF04BF80B4B1A7872B92B
S21400AE1001221A702EF03FF86FF00402104601323D
S21400AE20052152B2FFF7DAFF3D2AF7D108BDBDE88B
S21400AE3008402EF030B800BFEF550020002807DB92
S21400AE4001234109034A00F01F00834042F82130E5
S21400AE50704700BF00E100E0054B421153F8223076
S21400AE6000F01F0023FA00F0C04300F00100704716
S21400AE7000E100E0002808DB01224309034900F056
S21400AE801F008240603341F82320704700E100E055
S21400AE9010B504462DF0F7FF024B1C602DF0EEFFB8
S21400AEA0002010BD0C37002010B52DF0ECFF034B32
S21400AEB01C682DF0E3FF204610BD00BF0C370020B5
S21400AEC038B50C461546014610B9FFF7EDFF0146AA
S21400AED02B46224603480EF08DF90028D4BF3720B3
S21400AEE0002038BDEF07030008B500F0E3FB18B1FB
S21400AEF06A2102482EF0C6F8002008BD0F9B03000A
S21400AF0008B500F049F80C4A536A43F470235362BC
S21400AF10EFF308834FF0CD31084A043B934208D242
S21400AF2000F070FAFFF7E0FFBDE808400448FEF7BF
S21400AF3095BD43F80419F1E700ED00E00800002095
S21400AF40C831040007B5042200200DEB020129F0E9
S21400AF5031FA042803D0D72104482EF093F801983C
S21400AF6000F0DCF903B05DF804FB00BF0F9B0300A4
S21400AF70082310B50C0A41400648C9B241F3000246
S21400AF80013B024013F0FF0382EA5101F6D184EA46
S21400AF90010010BD2083B8ED38B5FEF73BFC044633
S21400AFA024F034FEE3072AD401221046114600FAA4
S21400AFB001F3234002F1010223D01D4B33F8113078
S21400AFC01C48062B028844881B4920D14FF20F03E9
S21400AFD09C4219D1B2F5406F28BF4FF4C0624CF2C4
S21400AFE03C330A80438040F201730A889A4201BFCC
S21400AFF0124B134AD2E90001C3E9000115E0002113
S21400B000DBE7102AD2D1DBE74FF4C062E7E740F275
S21400B0100725AB420AD14FF20F05AC4206D19A4241
S21400B02004D14CF23C320B80428038BD0B80DAE70C
S21400B0302C350400005D0020E25000201037002070
S21400B040F85C0020014B1888704700BFE2500020D3
S21400B050014B1888000A7047E2500020044B054850
S21400B0601B881A0AB3F5406F38BF00EB82007047A2
S21400B070E2500020FC340400044B1888044B020AFB
S21400B08053F82230C0B203EB80007047E250002035
S21400B090CC34040010B504462DF0F9FE4FF20F0232
S21400B0A0044B1C805A80BFF35F8FBDE8104025F02C
S21400B0B068BB00BF005D00206D4A2DE9F0416D4B76
S21400B0C055686D4C5D65516A99656C49D1F800020A
S21400B0D0D865D1F80412586B1966916A10F0040FFF
S21400B0E05966D16A4FF000009966116BD966516BAC
S21400B0F01967D26BD8645A67D3E90E1218BF114687
S21400B1005F4A91421A655DD301F12000A04259D8EA
S21400B1108869C5F308051864CE69062D5E6455D1A6
S21400B120584DA84252D3584DA8424FD205884DF6E6
S21400B130426085424AD11868C3F890005868C3F840
S21400B140940040F20170A242154604D22E680432E2
S21400B150B6F1CD3FF7D00022C3E91E22C3E9202274
S21400B160C3E92222641BDFF81CC1434DDFF818E157
S21400B1709C648D422DD8D3E91EC7D3E92065D3E958
S21400B18022414FF0000E013AD2B2FF2A3CD1BEF166
S21400B190000F05D0C3E91EC7C3E92065C3E92241F5
S21400B1A0B3F85430C3F308030C2B3BD8022B54D906
S21400B1B0DA1E092A51D8DFE802F0315740435050D2
S21400B1C05050504D0021C3E910112D494FF4206016
S21400B1D0B9E755F8044D6445CBD37445C9D2E607A4
S21400B1E0C7D50026294F57F8048FA045C1D0013691
S21400B1F0062EF8D132B1013AD2B202F11E0643F859
S21400B2002640B6E70522F8E7E0464FF0010EBC46BA
S21400B21037462E4625460C464146B4E740F6012002
S21400B220BDE8F0813B2B18D1194B9B6913F0020F38
S21400B23040F2025318BF1846F2E740F60320EFE745
S21400B24040F6042240F20173B0F5206F0CBF1046A2
S21400B2501846E5E740F60520E2E740F60722013B00
S21400B2604B2B98BF1046DBE740F60220D8E700BF1E
S21400B27000ED00E0685C00200810002000E100E01F
S21400B28008000020D042000080940300DC5C002010
S21400B2900080015A00F00CB800F00AB800F008B8B8
S21400B2A000F006B800F004B800F002B800F000B8ED
S21400B2B072B61EF0080F09D01EF0040F0DD0DFF88E
S21400B2C050E0AEE8FF1F6FF002000CE0DFF840E051
S21400B2D0AEE8FF1F6FF00E0005E0DFF834E0AEE8E2
S21400B2E0FF1F6FF006006946EFF309828EE807003D
S21400B2F086460848084C854501D3A54501D384F306
S21400B3000888FFF7D9FE84F30888FFF7C3FE00001D
S21400B310685C002048000020081000204BF6EF6212
S21400B32083B2002B08BF1346044A000C13804FF666
S21400B330CE2308BF1846024B18807047EC640020E6
S21400B340EA6400200B4BB3F900201888002AB8BF27
S21400B35080F0620042001A80074AB2F90010138893
S21400B3600029BCBF83F4805383F00B03590011807F
S21400B37058407047EC640020EA64002007B5684631
S21400B38000F01AF8DDE900010022034B03B05DF877
S21400B39004EB25F0F2BC00BF1837002007B5009379
S21400B3A013460A460146034825F09BFA03B05DF8AB
S21400B3B004FB00BF183700200249034A0160521AF6
S21400B3C042607047B06500200000012000487047CA
S21400B3D01837002038B5416004462DF054FD054668
S21400B3E02146044823F0C5FE2846BDE838402DF027
S21400B3F045BD00BF40370020014823F0B7BE00BF60
S21400B400403700200222014B1A6770470040005068
S21400B41070B52DF038FD174E054617482DF0DEFDA9
S21400B4203378CBB900F046F9044620B128462DF013
S21400B43025FD204670BDFFF7DFFF2DF096FE0F4B73
S21400B4401C602CF071FB0E4B0E4A1860536F43F0D5
S21400B4500103536725F0ADFC00F028F825F0C0FC8A
S21400B460094B002418600123284633702DF006FD92
S21400B470DFE700BFFB550020A4330400443700205C
S21400B4806C3700200040005048370020054B1B68F2
S21400B4905843054B00F5742000F23F20B0FBF3F054
S21400B4A0704700BF6C37002040420F00294B2A4AE5
S21400B4B0D3F8003170B503F0030313602CF0CAF81C
S21400B4C04FF4C870FFF7E2FF0022244B24491860AF
S21400B4D0244C0B680132D2B20A2A44F8040BF9D184
S21400B4E0034400EBC00003440B601F4B1F4D1B784A
S21400B4F013B3184BD3F8003103F00303022B22D00A
S21400B500032B23D0012B17D12BF03CFE024698B11B
S21400B510174B184EDC6800231946C4F30B0401349D
S21400B52004EB84040138E4FB06010EF0E7FBFFF7AA
S21400B530ADFF2B6803442B601F20FFF7A7FF2B6887
S21400B54003442B6070BD2BF067FEDFE72DF0AEFCEA
S21400B550DCE700BF00800050AC37002070370020CA
S21400B5607437002078370020FF550020A4370020CD
S21400B57000C0015040420F000122154B10B55A671B
S21400B580144B154C1B7813B302202DF0DFFDF0B1E1
S21400B5902CF050FBD8B1A36DD90302D5E36D9A0702
S21400B5A015D40D4B9B6DDB0711D401220B4B1A7083
S21400B5B02DF0C0FDBDE81040094B0A4A1860136F15
S21400B5C023F0070343F0030313672BF0C1BD10BD40
S21400B5D000D000500056002000C00050FD5500204E
S21400B5E0A0370020008000500122014B1A707047DF
S21400B5F00056002007B5FFF7C1FE01A8FEF778F950
S21400B6009DF80530012B25D1234B9A6DD20311D41A
S21400B6105A6B6FF3162242F4BC1242F4A0625A63CD
S21400B6201A6B22F4704242F440421A631A6B42F4D8
S21400B630E0621A639DF8043063B94FF000531B684C
S21400B640164B1B68164B1B68164B1B68164B1B6865
S21400B650164B1B68164AD2F8803043F00303C2F834
S21400B660803025F0C5FBFFF7CDFBFFF777FBFFF734
S21400B6707DFB0DF009FEFFF7CBFE00F01BF825F072
S21400B680B8FBFFF73DFC25F0C3FB28F0C3FC03B076
S21400B6905DF804EB25F0AEBB00C000500040002073
S21400B6A00080002000C00020000001200040012093
S21400B6B00080005070B52DF0F3FB144E054634782C
S21400B6C0FCB9134B1C60134B1C60134B1C6000F042
S21400B6D031F801202CF09CFB2CF08EFB0F4B024621
S21400B6E0186020B928462DF0D6FB232070BD2346CF
S21400B6F040F2E7310A480EF001FB0A4B18600123BE
S21400B700337028462DF0C7FB0020EFE703560020D5
S21400B710BC370020B8370020C4370020C0370020D0
S21400B72018FCFFFFB4370020014B1868704700BFB5
S21400B730B43700201FB50024184B18689A8802906A
S21400B740D3F806009B7A00901548ADF80C208DF8CB
S21400B75004302DF043FC02A88DF808408DF80C400C
S21400B760FEF7A2F8694601208DF80040FEF760F863
S21400B7701F220C4B9A615A614FF0B042936A13F045
S21400B7800803FBD113620120FEF76CF80A20FFF7CE
S21400B79071FB0A20FFF752FB04B010BD55350400BC
S21400B7A0A03304000020005810B52DF079FB4FF0B0
S21400B7B0B04304465B691A07074A03F0010003F02A
S21400B7C00D0348BF40F0020053612CF049FA2046B2
S21400B7D0BDE810402DF05FBB0020005821282DE961
S21400B7E0F341054604D82C46204602B0BDE8F08159
S21400B7F000240B4E0B4FDFF830800023CDF800807E
S21400B8001A461946386823F0FDFF8442EBD2222CF4
S21400B810E9D056F8043BAB42E6D00134EDE700BF72
S21400B82074380400F85F0020FFFF0F002DE9F04F8A
S21400B830644E654D89B025F037FB31682868FCF703
S21400B840D1FD0446002827D033680024D3E9000140
S21400B8509A6912689047336804A89B699B68984762
S21400B860336802209B69DB689847326805985368FE
S21400B870E7B2B3FBF0F3BB42916904F101044ED882
S21400B880CB680020984733689B695B6898473168A7
S21400B8902868FCF7A7FD04460027DFF844A1DFF878
S21400B8A04481DFF84491F4B9484B2868DB5D002BEF
S21400B8B000F08380D8F8006002AB314603AAFCF79C
S21400B8C013FF2D2807D070B9039B012B0BD03146F0
S21400B8D02868FDF75DF9DAF8003031461A682868FE
S21400B8E0FDF7D6F804460137222F0AF1040A08F1BC
S21400B8F0040809F10109D6D1B4FA84F3344A5B0985
S21400B90013702B681B7C33B125F09AFA18B1DB2133
S21400B91030482DF0B7FB204609B0BDE8F08F12681E
S21400B9200B6907FB002098479FE7D8F8003003AA6A
S21400B930194402AB0191FCF7D7FE2D280346019966
S21400B9402BD0286813B30BF1010B5FFA8BF18E42F4
S21400B9502868EAD8204BDB5D002BC4D0F3B27E2BE0
S21400B9602868C0D8D8F8003003AA06EB030B59465F
S21400B97002ABFCF7B9FE2D28B5D059462868FDF76E
S21400B98007F9013604460028E8D0ACE7039B7BB9EC
S21400B99099F80020029B9A42D5D099F80030DAF840
S21400B9A000202868FCF76EFF0028CCD00446D1E7BC
S21400B9B00191FDF7EDF80199EFE7084BA346DE5D30
S21400B9C0C3E700BFD85F0020F85F002050380400AF
S21400B9D005560020969B03002E380400EA37040024
S21400B9E060350400743804000C380400F8B51F46AF
S21400B9F0214B04461B780D46164623B100F47E23E1
S21400BA00B3F50E2F2BD02046FFF7E8FE212804467C
S21400BA1014D81A4B53F82010194B1B78ABB1194B9E
S21400BA20212C18681DD8184B1B5DD3B13268FDF762
S21400BA302FF8044650B125F002FA07E0FF2807D990
S21400BA403A46314680B224F00EFF00242046F8BD68
S21400BA504FF4A9710D482DF015FB0021DCE70146D7
S21400BA60DAE77F2D08BF00253B46324651FA85F1BE
S21400BA70FCF708FFDDE700BF04560020743804001A
S21400BA8005560020F85F002050380400969B0300FF
S21400BA9030B5134600F07E62B2F17E6F8BB00DD1EA
S21400BAA00A46C0F30B016846FEF71AFA20B140F2C8
S21400BAB0931109482DF0E6FA0BB030BD5A0825F070
S21400BAC0C1F90028F8D04FF49C7103480BB0BDE8CC
S21400BAD030402DF0D7BA00BF279C03002DE9F7436E
S21400BAE0C70705460E46144604D540F2E3114948FA
S21400BAF02DF0C8FAE10704D54FF4F27145482DF051
S21400BB00C1FA454B93F80080B8F1000F20D043F2FD
S21400BB1060239D4208D12246314640480EF0EAFD99
S21400BB20002003B0BDE8F083C5F30B0705F44055CD
S21400BB30B5F5805F14BF4FF40F204FF40E20234658
S21400BB4032467F21384303B0BDE8F043FFF74EBFCF
S21400BB5005F47043B3F5805F3FD1C5F30B05304A5B
S21400BB6005F17E65631E2B44934230D82F46DFF8DE
S21400BB70A49007EB0408474542D1AA070ED04FF61B
S21400BB80FF7336F8022BA81E43EA024304220DEB8D
S21400BB9002010193FFF77CFF0235023CA3070ED09B
S21400BBA0023C24F00103F35A04226FEA03436FEACF
S21400BBB013430DEB020128190193FFF769FF002CD0
S21400BBC0AED0224631462846FFF762FFA8E740F28D
S21400BBD0FD1110482DF056FAC8E705F46043B3F59A
S21400BBE0005F04D1C5F30B0505F53E25BEE740F220
S21400BBF0052108482DF046FA6FF00F074546B6E7D0
S21400BC0017F8013BFF2BB6D04FF4047148462DF0D1
S21400BC1039FAB0E7279C030004560020EE640020A3
S21400BC20FF03E00F10B500F077F825F057F904464B
S21400BC3018B100F079F8204610BD00F07BF80446F5
S21400BC400028F6D10122014B1A70F2E706560020B2
S21400BC50054B1B7833B1054BC0F31301002218685F
S21400BC60FCF75ABF1120704706560020F85F0020E8
S21400BC70144B2DE9F0411B7805460E461746FBB1DE
S21400BC8025F013F9012805D9841EE4B2012C09D940
S21400BC90212412E03B4631462846BDE8F04100220A
S21400BCA000F052B800F038F83B46002231462846ED
S21400BCB000F076F8044600F037F82046BDE8F0813C
S21400BCC01124FAE706560020124B70B51B7804467E
S21400BCD00D461646E3B125F0E8F8012805D9831E7F
S21400BCE0DBB2012B08D9212410E032462946204633
S21400BCF0BDE8704000F040B800F00EF8204632462E
S21400BD00294625F0EDF8044600F00EF8204670BDF2
S21400BD101124FBE70656002008B52DF0B4F8014BB9
S21400BD20186008BDC8370020014B18682DF0A6B86B
S21400BD30C8370020024B1968024B1868FCF752BB44
S21400BD40D85F0020F85F002037B505460C46C0F3E4
S21400BD5013010848ED02006805D5224603B0BDE889
S21400BD603040FCF78DBC009313462246FCF742FC9D
S21400BD7003B030BDF85F002030B405461346074ACE
S21400BD800C46C0F313011068EA0203D5226830BCE3
S21400BD90FCF77EBE224630BCFCF774BDF85F002080
S21400BDA0F7B505460F4614461E461BB921252846FC
S21400BDB003B0F0BD0029F9D025F077F84BF23462D5
S21400BDC0ABB2934220D14FF0FF3322466946CDE90D
S21400BDD0003325483346FFF7E3FF0822054623498C
S21400BDE068460EF043FE38B933462246694641F2AD
S21400BDF0F010FFF7D5FF0546002DD8D1324669462C
S21400BE0038460EF077FCD2E741F2F01293420FD19B
S21400BE10174B311908299A6CDB6CC7D8CDE900237B
S21400BE2032460DEB040138460EF064FC0025BEE7F2
S21400BE3002280BD1C5F30C4332199342B6D3C5F38F
S21400BE400B0104F17E6432462144ECE7032809D155
S21400BE50C5F30C4332199342A8D3C5F30B0104F57E
S21400BE603E24F0E70125A2E7021008C000390400CE
S21400BE700080E00F10B527F096FA28F02DFBBDE8FD
S21400BE801040034601210220014A02F00BBC00BF0D
S21400BE90BE9C030013B5D0E9023253F822301C785A
S21400BEA0204627F092FA2346009001210220024AFB
S21400BEB002F0F8FB02B010BDD29C0300014B1878CC
S21400BEC026F06BBE07560020FF232DE9F04F8FB0FB
S21400BED01122002108A88DF813300EF07BFA08A86E
S21400BEE026F019F801210220B04A08AB02F0DAFB6E
S21400BEF041F24903AE4A0121022002F0D3FB06A814
S21400BF0026F038F908A90DF1130026F03EF90220B4
S21400BF100021A84A02F0C6FB002026F06FFE10B1F2
S21400BF2006A809F041FE9DF92A3001210220A24A06
S21400BF3000939DF82B3002F0B5FB27F030FA831EF5
S21400BF40DBB2FC2B054631D8012102209B4A02F0C9
S21400BF50A9FB01249A4E9B4FDFF8D0822346324637
S21400BF600021022002F09EFB05A9E0B227F019FA94
S21400BF70034650B1A0F11602012A40F2AA804246BA
S21400BF800121022002F08EFB0CE09DF914303A46A7
S21400BF9001939DF816300121009302209DF815307C
S21400BFA002F080FB0134E3B29D42D7D8BDF82840AA
S21400BFB008F0E6F923460021834A0090022002F0AA
S21400BFC071FB02200021814A02F06CFB002026F063
S21400BFD015FE10B108A809F0E7FD01217C4A0220F1
S21400BFE002F060FB27F037F9044627F032F92346C3
S21400BFF00121784A0090022002F054FB08F098FED7
S21400C00000210220744A02F04DFB9DF81330FF2BEE
S21400C01065D000210220714A02F044FB01216C4ADF
S21400C020022002F03FFB26F0B5F8012103466C4AD9
S21400C030022002F037FB08F07BF900210346694A2C
S21400C040022002F02FFB26F0ABF8044626F0AAF8F2
S21400C05023460121644A0090022002F023FB2DF0C3
S21400C0601EF808F00DFF01210346604A022002F088
S21400C07019FB0025DFF8B88108F002FFECB2A042F9
S21400C08033D82DF00CF80123594A1946022002F045
S21400C09009FB002026F081FD564B574C00930121EA
S21400C0A000230220554A02F0FDFA236863B10121FD
S21400C0B002201B78524A02F0F5FA2368012102207A
S21400C0C05B78504A02F0EEFA26F06CFD0FB0BDE841
S21400C0D0F08F012102204C4A02F0E4FA62E70021C8
S21400C0E002204A4A02F0DEFA98E7494B204603EB64
S21400C0F00416D6F8089008F07DFF8246204608F021
S21400C100C5FE444F00280CBFC346BB46204608F079
S21400C11071FF0AF02BFD002808BF47465346002152
S21400C1200220CDE900B73C4A02F0BCFAB3790121FF
S21400C1300293B388022001937388384A0093337BB6
S21400C14002F0B0FA0026DFF8ECB099F80430F4B24A
S21400C150A34203D82CF0A3FF01358DE714235C43DC
S21400C160D9F8007002203A5B07EB040A9AF90C3003
S21400C17000922B4A002132EA230228BF5A46134671
S21400C180284A02F08FFA002026F038FD38B15046D3
S21400C1903C5B26F06EF8014620460AF035FD01218C
S21400C1A00220214A02F07EFA0136CEE7139D0300F4
S21400C1B0229D03003E9D03006A9D0300459D0300EB
S21400C1C05B9D0300629D0300979D0300B79D0300DF
S21400C1D0019E0300C09D0300E29D030044BE0300D1
S21400C1E0ED9D0300039E0300199E03002F9E03008F
S21400C1F0A89E0300C09E0300C43C0020B49E03001B
S21400C200CE9E0300E29E03007F9D03009F9A0300DC
S21400C210F83B0020EA9C03003A9E03005A9E030067
S21400C220079D0300909E030093E603008A9D03008B
S21400C230F29C0300FB9C03002DE9F7430025134EF8
S21400C240DFF8588008F01CFEECB2A04202D803B01B
S21400C250BDE8F0832701204616F8079008F016FE82
S21400C2600B4A4B46002808BF424600210220009297
S21400C270084A02F017FAF05D25F098FF0121022027
S21400C280054A02F00FFA0135DCE700BFF83B002054
S21400C2902CED0300FD9E030093E6030036ED03003D
S21400C2A008B583685A681178C26853F82230A1F13D
S21400C2B0650251425141187808F09EFF30B9BDE83A
S21400C2C0084001210220024A02F0ECB908BD00BF76
S21400C2D0089F030000210220014A02F0E3B900BFD4
S21400C2E0229F030000210220014A02F0DBB900BFB2
S21400C2F0509F030010B5044686B0182200216846F9
S21400C3000EF068F8684626F0C6FBD4E9022052F81C
S21400C310203002EB80021B788DF80B30516891F9C3
S21400C32000108DF80A1091680988ADF80810616849
S21400C330091A032907DDD26803F01F03127843EABF
S21400C34042138DF80B30684608F0C8F80021034603
S21400C350024A022002F0A6F906B010BD6C9F030048
S21400C36007B5002026F0DFFF00210090034B0220D7
S21400C370034A02F097F903B05DF804FB799F0300C7
S21400C3807F9F030013B5D0E9023253F8221003EB67
S21400C39082035B68087819680023094CA222994238
S21400C3A008BF2146C01A18BF012026F0B0FF0121A1
S21400C3B00090044B0420044A02F074F902B010BD49
S21400C3C000F8FF078A9F030098A0030013B5D0E982
S21400C3D0023203EB820153F82230D1E901141878B7
S21400C3E0FF22003818BF01202378096826F08FFF47
S21400C3F001210090034B0420034A02F053F902B0D7
S21400C40010BD00BF919F030098A0030008B500214F
S21400C41001230C4A26F000FE0A4826F060FB0020A6
S21400C420094909F059FC002026F0E8FB10B1054840
S21400C43009F0BAFBBDE8084001210420034A02F0D7
S21400C44031B900BF395B0020A69F030093E60300C6
S21400C45010B525F0A9FE034630B1BDE81040012115
S21400C4600420054A02F01EB90121BDE81040042050
S21400C470024A02F017B900BFB49F0300C59F03002D
S21400C48010B526F02EFBBDE8104003460121022021
S21400C490014A02F007B900BFD09F030010B526F08E
S21400C4A0F0FABDE81040034601210220014A02F0DE
S21400C4B0F9B800BFE69F030037B5D0E90232012481
S21400C4C053F822304FF6FF701D78FE2204FA05F16D
S21400C4D0002326F088FF2B46009021460420024ABF
S21400C4E002F0E0F803B030BDFA9F0300D0E9023254
S21400C4F053F822301B7823B101210220024A02F0B1
S21400C500D1B8024A1370704719A0030007560020DE
S21400C51007B5684625F02EFE07F032FF01210346D8
S21400C520084A022002F0BEF8684609F03DFB08F013
S21400C5309BF901210346044A022002F0B3F803B037
S21400C5405DF804FB2FA0030049A0030037B5D0E92F
S21400C5500245406854F82530401B0328D8BF002009
S21400C56004EB8504C8BFE06819786368C8BF007824
S21400C5701A78A36893F900300090012026F0B7FEE1
S21400C58038B901210220084A03B0BDE8304002F065
S21400C59089B8064B0190009301210220044B054AFE
S21400C5A002F080F803B030BD5AA0030062A003007A
S21400C5B036CF030076A0030007B5012026F09FFEC5
S21400C5C048B9009001210220084B094A02F06AF897
S21400C5D003B05DF804FB054B019000930121022097
S21400C5E0044B054A02F05EF8F2E700BF62A00300C3
S21400C5F08DA003001BFB030076A0030008B5D0E95E
S21400C600023253F82230187826F02BFE30B9044A4E
S21400C6100121BDE80840042002F044B8014AF7E7CB
S21400C620A2A00300BEA0030008B5D0E9023253F86A
S21400C6302230188826F013FE30B9044A0121BDE8DE
S21400C6400840042002F02EB8014AF7E7DDA00300F8
S21400C6500DA1030073B50378044613F0050F0ED042
S21400C6604588062D17D1836801215B68174A1B7819
S21400C6700193838804200093154B02F013F8237867
S21400C680012B20D001210420114B124A02B0BDE834
S21400C690704002F007B835B98388012104200E4A9D
S21400C6A002F000F8EBE7012DE9D186680B4900207F
S21400C6B009F012FB304609F077FA29460420084AAA
S21400C6C001F0F0FFDBE702B070BD00BF43A103003E
S21400C6D03AA1030095A1030060A103007DA1030019
S21400C6E093E603002DE9F04F00268FB0364D09ACD7
S21400C6F00FCD0FC42B6801210220344A236001F0BD
S21400C700D1FF3446DFF8DC9025F048FDF5B2A842AC
S21400C7100BD825F043FD23460090012102202C4A29
S21400C72001F0C0FF0FB0BDE8F08F284605A926F03F
S21400C73082FD0346002841D19DF81430032B39D9D9
S21400C74004238DF814302B4600210220214A01F0E4
S21400C750A9FF9DF814300EAA02EB830300214A4677
S21400C76053F8143C022001F09DFF28469DF821A0B6
S21400C7709DF815B09DF81870BDF8168026F05DFD82
S21400C7805346CDE9028000210220CDE900B7124AC7
S21400C79001F088FF01340020E4B226F02FFA18B129
S21400C7A00DF1190009F000FA002102200B4A01F0F1
S21400C7B079FF01E0002BC6D10136A5E70021022053
S21400C7C0074A01F06FFFF7E708390400A7A1030046
S21400C7D020A203005D9D0300D4A10300FE97030082
S21400C7E0FBA10300A7AC0300C3688268013BDBB271
S21400C7F052F8233002201B78652B14BF002201213B
S21400C800044B1BBF01211A70034A044A08BF197063
S21400C81001F048BF5365002037A2030045A203007D
S21400C820D0E9023253F822301A88014B1A8070473A
S21400C830F064002007B5D0E9023103EB810253F81B
S21400C840213052681988054B0548128800930088E5
S21400C850012309F09DFE03B05DF804FB55C60000F9
S21400C860F0640020C3688268013BDBB252F82330D4
S21400C8705B78A3F1660253425341014A1370704736
S21400C8805665002030B5D0E9023253F8223089B020
S21400C8901D78012302AA1946044626F0BDFB012393
S21400C8A00093102302210DEB0302204626F095FB91
S21400C8B0284604AA02A926F0B0FD0446002026F069
S21400C8C09DF918B12146044807F0EAFD0020034907
S21400C8D009F0E8F909B030BD54A2030093E603005E
S21400C8E0002330B58FB00221009309AA1223054613
S21400C8F026F073FB05AA014609A807F0AFFB04461D
S21400C90098B1232805D1134A0121042001F0CAFE5C
S21400C91009E0212801D1104AF6E703460121042048
S21400C9200E4A01F0BFFE0FB030BD0123284619465F
S21400C93003AA26F071FB05A903A826F070FD05469C
S21400C940204626F05BF918B12946054807F0A8FDF1
S21400C950044AD9E761A2030084A20300BFA2030031
S21400C960E0A2030093E60300F0B5D0E9023253F8E4
S21400C970221003EB82039B6805461F7887B0384673
S21400C9800E7826F01BF9044608BBD5E902210123E0
S21400C9908DF80830194452F8210002EB8102008815
S21400C9A08DF809709268ADF80A00127804218DF8A7
S21400C9B00C2028460DF10D0226F02EFB304602A96B
S21400C9C08DF8154026F03BFC044626F0EBF833467F
S21400C9D001210420024A009401F064FE07B0F0BD75
S21400C9E0F5A203002DE9F04101218EB00220274A6E
S21400C9F001F058FE002005AB01AA09A926F007FDA4
S21400CA0000250446224E234FDFF898801CB12846A6
S21400CA100EB0BDE8F08102202B463246214601F0DA
S21400CA2041FE204626F0EAF810B10AA809F0BCF844
S21400CA303A46002102209DF8303001F033FE42468F
S21400CA4000210220079B01F02DFE00210220BDF8E8
S21400CA502030114A01F026FEBDF8143000210F4A9E
S21400CA60022001F01FFE013501A826F0C2F8EDB243
S21400CA70012102200A4A01F015FE284605AB01AA4C
S21400CA8009A926F0C4FC0446C0E700BF27A303009C
S21400CA906DA3030075A3030063BE03008AA303000F
S21400CAA093E6030081A303002DE9F047064698B0FD
S21400CAB0C0B925F071FB074600250EA826F0B1FC8C
S21400CAC001210220384A01F0EDFD2C46DFF8E08017
S21400CAD0DFF8E090DFF8E0A0BC4205D3284618B0A7
S21400CAE0BDE8F0870127E7E713A826F09AFC002E9A
S21400CAF04CD0022306A913A88DF84C30FE2426F04D
S21400CB0082FC00283FD102A913A826F082FC9DF8DB
S21400CB10593043F001038DF85930002E3DD123469D
S21400CB2031460220214A01F0BDFD9DF859300AA980
S21400CB3043F0010313A88DF8593026F06AFC002054
S21400CB4026F05CF810B114A809F02EF80C9B4246AB
S21400CB500021022001F0A6FDBDF82820002112F4D5
S21400CB60007F0CBF4C23412312F0100F0CBF6E2227
S21400CB707922022000924A4601F094FD06A826F08B
S21400CB8038F80135EDB20134E4B2A5E720460AAB29
S21400CB9006AA13A926F039FCB3E752460021022064
S21400CBA001F080FDC1E700BF94A303006DA303005E
S21400CBB081A30300D0A30300C9A3030030B501245A
S21400CBC099B00EA826F02DFC13A88DF8384026F054
S21400CBD0C6FBC0B9BDF84C1011EA040513D12146B6
S21400CBE00220444A01F05EFD29460220424A01F036
S21400CBF059FD214602203F4A01F054FD21460220FD
S21400CC003C4A01F04FFD06A90EA826F0FCFB20B119
S21400CC101022FF2106A80DF0DDFB04A826F0FBFB82
S21400CC20059B01210220354A0093354B01F03AFD61
S21400CC309DF8123001210220324A0093304B01F059
S21400CC4031FD00212E4B304A022001F02BFD06A8B4
S21400CC5025F0CFFF13A826F0E4FB02230AA913A8A9
S21400CC608DF84C3026F0D5FB00283FD10B9B009367
S21400CC7001210220254B264A01F014FD0121234BF9
S21400CC80244A022001F00EFD0120FFF70DFF0121CE
S21400CC901E4B214A022001F005FD0020FFF704FF8D
S21400CCA0044625F079FA23460090012102201B4A0B
S21400CCB001F0F8FC01211A4B174A022001F0F2FCA1
S21400CCC0FFF790FE1749022803461748174A28BF61
S21400CCD00A46084928BF01460092CDE901310220E4
S21400CCE00121134A01F0DEFC19B030BD4FF0FF33CE
S21400CCF0BDE700BF93E60300E3A3030021A40300FF
S21400CD0019A4030031A40300C0CD0300EDDB03002B
S21400CD1044A4030054A403005BA4030064A403001B
S21400CD2078A40300DFA303002AC303007CC3030028
S21400CD3086A4030010B5D0E9023253F822301C78DE
S21400CD40201E18BF012026F0F6FA054A054B0020E3
S21400CD50002C18BF1A46BDE81040034908F0A2BFD1
S21400CD60B3A40300AEA40300BCA40300D0E90232BF
S21400CD7010B553F822301C88204626F0DEFA2246EC
S21400CD80BDE810400020014908F08CBFFDA4030058
S21400CD9037B5044607F0CCFA014638B100200D4AF4
S21400CDA00D4903B0BDE8304008F07CBFE368A268D8
S21400CDB0013BDBB252F8233008481D780123084AAD
S21400CDC000936C2D08BF02461023204626F005F976
S21400CDD003B030BD4BA5030053A503003C650020FF
S21400CDE02C65002013B583689A681278672A22D1CA
S21400CDF001A826F0B4FA0446A8B9BDF804201749DD
S21400CE0008F050FFBDF80430DA070AD413F0020F1A
S21400CE10134B144A18BF1A461349002008F042FF65
S21400CE2019E0124AF8E702461149002008F03AFFD6
S21400CE3022461049F1E7C26801A953F8220003EB25
S21400CE4082035B6800681B68ADF8043026F08DFA34
S21400CE5004460028ECD102B010BD00BF86A5030032
S21400CE6079A503001DCF0300A7A5030069A503004D
S21400CE70B9A50300E5A50300034A04491388C8546E
S21400CE8001331380704700BFF25000200D5600207B
S21400CE9073B5154D01242B78144E13F0040F0CBFF8
S21400CEA002230423124A214614703288022001927B
S21400CEB0EB5C104A0093104B5B8801F0F3FB0021FB
S21400CEC002200E4A01F0EEFB0D4B294600933288F5
S21400CED02346022001F02CFC21460220094A02B01B
S21400CEE0BDE8704001F0DEBB0D560020F250002079
S21400CEF00C560020F4A50300E450002019A60300F9
S21400CF003BA6030093E6030070B516464FF48A521C
S21400CF10114B124DDA805980114B1B881A1E18BF10
S21400CF20012240EA82000F4A1278003A18BF012216
S21400CF3040EA0210287063B103246B701B0AAB70C2
S21400CF4009F082FE631C2855EE54074B02341C8001
S21400CF5070BD0124F4E700BFE45000200D56002009
S21400CF60F05000200B560020F250002038B5D1E9D2
S21400CF7002320C46054653F82230024619880C4BFE
S21400CF801878FFF7C1FFE368A268013352F8233030
S21400CF90188823F0E7FF4DB1E368A268023352F821
S21400CFA023301878BDE83840FFF766BF38BD00BFAD
S21400CFB008560020F0B50546EB68AA68023352F81A
S21400CFC0233008461C78294685B0FFF7CFFF204659
S21400CFD025F03BF9204E214F78B3204625F041F945
S21400CFE00321441C03AA284623F023F83288E4B21F
S21400CFF0C2F1FF0303991B1B9BB28B4222443CBF2A
S21400D000C2F1FF0303930123032100933A449DF8E2
S21400D0100C30284625F0E1FF039A022C338804BF23
S21400D0200F48110AFA5408BFC15413441C443480F4
S21400D03005B0BDE8F040FFF72BBF204607F080FEA6
S21400D0400123328804460093032103463A442846C7
S21400D05025F0C3FF3388E9E7F25000200D56002084
S21400D0600E560020052307B5012100930220044B2D
S21400D070044A01F017FB03B05DF804EBFFF79EBD12
S21400D08022A6030029A6030013B5044626F063F97A
S21400D09038B1CDE9004001210220034B034A01F0DC
S21400D0A001FB02B010BD00BF4BA5030040A6030065
S21400D0B0194B37B51B783BB901210220174A03B03C
S21400D0C0BDE8304001F0EEBAD0E90232144C53F815
S21400D0D0223001211D78638802200093114A2B46D6
S21400D0E001F0E0FA104B25711B78104D63B1012159
S21400D0F002200F4A01F0D6FA20460E4A298803B0CD
S21400D100BDE8304024F042BE20460A4A298803B0D3
S21400D110BDE8304024F0FCBE0C56002057A60300A5
S21400D120E450002065A6030009560020F2500020B7
S21400D1307CA603000D5600202DE9F041D0E902320E
S21400D14053F8221003EB82035A680C7817889A6803
S21400D150DB68B2F80080C6B01D780021304B022094
S21400D160304A0094CDE9017801F09CFA002D0CBFFE
S21400D1706E237923012102202B4A01F093FAFF2324
S21400D180002D0DF1170606AD019320460CBF802337
S21400D1904023424639460296009525F09CFB0446FD
S21400D1A0002835D1307825F056F80746B0B1284625
S21400D1B025F0E3FC1D4BFD28A8BFFD200093234669
S21400D1C082B20DF11901022001F0B2FA012102200B
S21400D1D0174A01F067FA46B0BDE8F081307825F0CE
S21400D1E040F860B1284625F0CDFCFD28A8BFFD20FC
S21400D1F00E4B82B200930DF11A013B46E3E73078FE
S21400D20007F09EFD0B4B0246009329460123DAE702
S21400D210009001210220084B084A01F043FADAE7A1
S21400D22089DC030096A60300BBA6030041F00300BA
S21400D23093E603003BA6030043AF0300C5A6030026
S21400D240D0E9023253F8221003EB82032DE9F04FA7
S21400D2505A680F78B2F800809A68C7B0B2F80090A3
S21400D260DA681B6992F800A01E7800212F4B304A1E
S21400D2700446CDE901890220009701F013FABAF1BD
S21400D280000F0CBF6E23792301210220294A009645
S21400D29006AD01F007FAFF22002128460DF09AF8A5
S21400D2A0304624F0D8FF834608B3002305210093B8
S21400D2B02046FD230DF1190225F08FFE2870BAF1E5
S21400D2C0000F0CBF802340234A4641463846CDE92E
S21400D2D0005625F0CBFA0146144807F0E1F8012184
S21400D2E00220154A01F0DEF947B0BDE8F08F30465F
S21400D2F024F0B7FF60B1FD2305212046CDF800B02D
S21400D3000DF11A0225F069FE85F801B02870D6E7FF
S21400D3100590304607F014FD059A03460092052155
S21400D3202A46204625F059FEC9E700BF7CDC0300EC
S21400D33096A60300D6A6030093E603002DE9FF4752
S21400D3401C465B68E5685B1B00255FFA83F803955F
S21400D3502E46FFF7D9FDEBB298450BD90C9B9B5D8B
S21400D360282B39D8202B00F2CB800136F6B2002BC2
S21400D37040F0C980FFF78CFD04B0BDE8F087132AA3
S21400D3802FD801A151F822F04FD4000061D400003C
S21400D39073D40000A7D4000075D3000075D3000036
S21400D3A075D3000075D30000E3D30000E3D300007C
S21400D3B0E3D30000E3D30000E3D30000E3D3000090
S21400D3C0E3D30000E3D30000E3D30000E3D3000080
S21400D3D0F3D30000CDD40000A3F13102D1B213295B
S21400D3E0CDD90136F6B2A3F14102032AC2D8422BA8
S21400D3F06CD06C4F00213A88DFF8B0A1C2F1FE0372
S21400D4009BB2FF2B28BFFF2301320091DBB22046E0
S21400D410524469B225F0BDFD3B880AF8030001338B
S21400D4201844388011E04FF00409E368A2682B44E2
S21400D43052F823301F68F8B209F1FF39FFF71CFDD8
S21400D44019F0FF094FEA1727F5D1013583E7E3689E
S21400D450A2682B4452F823301878FFF70DFDF4E746
S21400D460E368A2682B4452F82330188823F07AFD2C
S21400D470EBE7E368A2682B4452F823301F68B7F145
S21400D480807F09D2F8B2FFF7F7FCC7F30720FFF753
S21400D490F3FCC7F30740E0E72B4601210820424A89
S21400D4A001F000F966E74FF00409E368A2682B4430
S21400D4B052F823301F68F8B209F1FF39FFF7DCFC99
S21400D4C019F0FF094FEA1727F5D1BEE7294603AA48
S21400D4D0204622F0AEFD0021324F344A3B88DDF86C
S21400D4E00C9002EB030CCAB2914501F1010102D87F
S21400D4F04B443B80A9E710F802A00CF802A0F2E724
S21400D500242B3FF670AF013B232B3FF633AF01A22F
S21400D51052F823F04FD4000061D4000073D400000A
S21400D52027D4000075D3000075D3000075D3000023
S21400D53075D3000075D3000075D3000075D30000C6
S21400D54075D3000075D3000075D3000075D30000B6
S21400D55075D300004FD4000061D4000073D40000DF
S21400D560A7D4000075D3000075D3000075D3000063
S21400D57075D3000075D3000075D3000075D3000086
S21400D58075D3000075D3000075D3000075D3000076
S21400D59075D300004FD4000061D4000073D400009F
S21400D5A027D40000F2500020EFA603000D560020FE
S21400D5B0094B1B7823B101210820084A01F072B8F4
S21400D5C0D0E9023253F82230054A1B880121138025
S21400D5D00820044A01F066B80C56002015A7030080
S21400D5E0F050002057A70300D0E9023253F822304B
S21400D5F0054A1B780121003B18BF01230820137041
S21400D600024A01F04FB800BF0A5600207DA703006B
S21400D610D0E9023253F82230034A1B7801211370F6
S21400D6200820024A01F03EB80B560020ACA70300C3
S21400D63010B5D0E90232044653F822301322198876
S21400D6400B4B1878FFF760FCE368A268013352F8CA
S21400D65023301878FFF710FCE368A268023352F80C
S21400D66023301878FFF708FCBDE81040FFF710BC21
S21400D6700856002010B5D0E90232044653F822308E
S21400D680112219880B4B1878FFF73EFCE368A26856
S21400D690013352F823301878FFF7EEFBE368A268F0
S21400D6A0023352F823301878FFF7E6FBBDE8104047
S21400D6B0FFF7EEBB08560020D0E9023253F82230BE
S21400D6C0034A1B78003B18BF0123DB00137070472A
S21400D6D00856002010B5D0E9023253F8223004462E
S21400D6E019880E4B06221878FFF70EFC0120FFF76C
S21400D6F0C3FBE368A268034452F82330188823F07B
S21400D70031FCE368A268023352F82330188823F00D
S21400D71029FCBDE81040FFF7BBBB00BF0856002041
S21400D7202DE9F043D0E902324FF0FD09013253F8FB
S21400D730221003EB82035A68C7B017889A68B1F8BC
S21400D7400080147853F8043C002C0DF1170506AE43
S21400D75018783A4614BF4023802341460295CDF8F8
S21400D7600490009625F0B7F8034638B1184A012110
S21400D770082000F097FF47B0BDE8F083201E18BFD2
S21400D78001200A224146C000FFF7BEFB384623F0C0
S21400D790E9FB2878FFF770FB4A463146287824F0E4
S21400D7A008FD044628B10B4F3D88C5F1FF0398429B
S21400D7B002DD2346084ADAE702460848314628448E
S21400D7C025440CF097FF3D80FFF762FBD3E700BFD0
S21400D7D0E2A70300F2500020FEA703000D5600202B
S21400D7E010B5D0E90232044653F8223008221988D0
S21400D7F00B4B1878FFF788FBE368A268023352F8F1
S21400D80023301878FFF738FBE368A268013352F834
S21400D8102330188823F0A6FBBDE81040FFF738BB7E
S21400D8200856002073B5D0E902320546023253F896
S21400D830221003EB820353F8042C53F8083C0C78B0
S21400D8401988234B168818780622FFF75DFB002000
S21400D850FFF712FB304623F085FB2046FFF70CFB54
S21400D860EB68AA68033352F82330188823F07AFB53
S21400D870EB68AA68043352F82330188823F072FB4A
S21400D880204609F0E1FBE8B9204607F059FA0521E1
S21400D8900446019001AA284622F0CBFB019B0146D4
S21400D8A09C4206D0224631460A480BF081FC02B064
S21400D8B070BD094D09482E882246304434440CF089
S21400D8C0DBFD2C8002B0BDE87040FFF7E1BA00BF78
S21400D8D0085600202AA80300F25000200D5600200B
S21400D8E073B5D0E902324FF48A5153F82230104D06
S21400D8F01A88104BD9805A8000232A4600930121AB
S21400D900FF2325F06AFB2B78044613F0040F0A4B1E
S21400D91008BF01261B7818BF032613B109F094F937
S21400D920A855064B1C8002B0BDE87040FFF7B0BAA1
S21400D9300D560020E45000200A560020F250002029
S21400D940D0E9023253F82230034A1B78003B18BF56
S21400D95001231370704700BF0956002010B50C460F
S21400D96008B908F0FDF8024B18715C7110BD00BFD5
S21400D970E450002002462DE9F341D0E902535268F4
S21400D98055F82310D21A0C8805EB8301013BDBB255
S21400D99055F82380294D022A4868C8BF8A682B7824
S21400D9A0D8BFFF210078C8BF11783BB901210220FB
S21400D9B0234A02B0BDE8F04100F074BEFFF7CEFF88
S21400D9C006F0DEFC1F4F204E3B88014622460093A1
S21400D9D01E48334625F06CF80246C8B998F804107D
S21400D9E03B885F2917D1CDE900364FF6FF712046F8
S21400D9F0164B24F0BFF928B1034601210220144A31
S21400DA0000F050FE0023134A2B701380124A137046
S21400DA1002B0BDE8F0814FF6FB718C4208D9CDE923
S21400DA2000362146094B4FF6FF7024F001FAE2E774
S21400DA302146064A009624F02DFADCE70C56002014
S21400DA4075A80300F25000200D560020E450002078
S21400DA507CA80300F05000200B560020002210B5D2
S21400DA600A2104461046FFF74FFA002023F07AFA00
S21400DA700122044B1A70FFF70BFA2046BDE810404F
S21400DA80FFF778BF365B002038B51C4615460123E5
S21400DA90224625F0C1FA60B92146284625F085FCC5
S21400DAA0044620B101210420034A00F0FBFD204675
S21400DAB038BD0024FBE700BFA3A803002DE9F04310
S21400DAC00C4615461F46D0E9022352F8231002EBF7
S21400DAD0830293680E8893F80080D3688BB0B3F8FF
S21400DAE000903246012106ABFFF7CEFFF0B90DF1EC
S21400DAF0200CF4B101232A884021CDE902C2CDE9E9
S21400DB000471CDE900932221434606AA304625F04B
S21400DB10BAFA0B4B0B4A00930B4B0190002C08BF34
S21400DB20134601210420094A00F0BCFD0BB0BDE8F5
S21400DB30F083624628686968032303C22246DBE74F
S21400DB4002A90300E7A80300E1A80300EFA803006A
S21400DB5007B501236A46002125F05EFA68460349A8
S21400DB6008F0C2FD03B05DF804FB00BF55C6000018
S21400DB70D0E9023253F822300149188808F086BDF1
S21400DB8055C6000010B5D0E9023203EB82014968A1
S21400DB9053F8223009784FF48A52188825F063FA31
S21400DBA0BDE81040034601210420014A00F07ABD7A
S21400DBB00CA90300D0E9023253F8223002214FF4B8
S21400DBC08A5210B5188825F040FABDE81040034682
S21400DBD001210420014A00F065BD00BF25A903000D
S21400DBE01FB5D0E9023203EB820153F822304968B0
S21400DBF018884FF48A5309880293094B094A0193FF
S21400DC00094B1B7800931278084B25F094FA0121F3
S21400DC1003460420064A05B05DF804EB00F042BD5A
S21400DC20F45000200D5700200C570020FE50002016
S21400DC303CA903002DE9F043D0E9023253F8221044
S21400DC4003EB82035A680E8817789A68DB688BB0F5
S21400DC5092F80090B3F800803246042106AB0446E2
S21400DC60FFF712FF28BB08AD01232A4605212046F0
S21400DC7025F0D2F938B9042001210F4A00F012FD30
S21400DC80284624F077FA4FF48A53CDE9049300230C
S21400DC90CDE9025303232121CDE9008306AA3B46A2
S21400DCA0304625F0F0F901210346044A042000F02E
S21400DCB0F9FC0BB0BDE8F08354A9030083A9030068
S21400DCC038B5D0E9024303F18043023B02220F49F4
S21400DCD054F823009D000CF0C9FE60B90C4B0D49AA
S21400DCE01A78042A0BD82C44A068008821F8120061
S21400DCF001321A7038BD084B08491A78F1E701213D
S21400DD00BDE838400420064A00F0CCBCB1D403007D
S21400DD100D570020FE5000200C570020F450002025
S21400DD2095A9030008B5C368806803F18043023BE9
S21400DD300222064950F823000CF098FE10B9044B56
S21400DD40187008BD0022034B1A70FAE7B1D403001E
S21400DD500D5700200C57002037B5D0E9023153F894
S21400DD6021208C0015784268521A012AC5BF1B195B
S21400DD705B686C091C78DCBF44F0180405F01F05CE
S21400DD802946204625F09BF8034640B1234601214C
S21400DD9004200E4A009500F085FC03B030BD01213A
S21400DDA0A94074B92346FE224FF6FF7025F01BFBF0
S21400DDB0012103460420064A03B0BDE8304000F0C7
S21400DDC071BCFE2241EAC461EEE700BFABA90300C6
S21400DDD0CBA9030070B5D0E9021551F8253001EB48
S21400DDE08501044618884B681A788B68052A1B88B4
S21400DDF002D85E1E072E0BD9012104200C4A00F023
S21400DE0051FCBDE87040012104200A4A00F04ABCDB
S21400DE106468641B032CCABFC9680749096825F0F3
S21400DE20E2FABDE8704002460449002007F054BFFD
S21400DE30E9A9030009AA030000F8FF0726AA0300C1
S21400DE4008B5D0E9023253F8220003EB8203596882
S21400DE50FF22038809684FF6FF7025F0C4FABDE874
S21400DE60084002460149002007F036BF39AA0300E1
S21400DE7008B5D0E9023253F822300521402218882E
S21400DE8025F0E3F8BDE8084002460249002007F006
S21400DE9023BF00BF5AAA030008B5D0E9023203EB3D
S21400DEA08201486853F822100278402309883120FE
S21400DEB025F01EF9BDE8084002460249002007F09A
S21400DEC00BBF00BF7BAA030008B5D0E9023203EB04
S21400DED08201486853F822100278402309883320CC
S21400DEE025F006F9BDE8084002460249002007F082
S21400DEF0F3BE00BF95AA03001FB5D0E9023253F85F
S21400DF00221003EB82039B6808881A780023D21A33
S21400DF1018BF0122CDE9023302A94023D20125F021
S21400DF20F6F801210090044B0420044A00F0BAFBE6
S21400DF3005B05DF804FB00BF02A90300B3AA030006
S21400DF4007B5D0E9023253F8223003214022188860
S21400DF5025F07BF801210090034B0420034A00F0D3
S21400DF60A1FB03B05DF804FB02A90300C2AA0300EC
S21400DF7037B5C3688268053352F8233004211D780C
S21400DF806A460123044625F047F838B904200121E3
S21400DF90064A00F087FB684624F0ECF82B466A46F3
S21400DFA000212046FFF78AFD03B030BDDCAA03003F
S21400DFB007B5D0E9023203EB8201486853F8221015
S21400DFC0027840230988322025F092F8012100903B
S21400DFD0034B0420034A00F065FB03B05DF804FB26
S21400DFE002A903000DAB030070B585690446EA0775
S21400DFF005F0020605D476B1C5F3072024F0DEFD51
S21400E00009E01EB1B2210F482BF03CF8A069C0F31E
S21400E010810024F0C2FDE3691BB9BA2109482BF040
S21400E02031F8204614F008FCE3693EB1607E98475C
S21400E030AB0706D0BDE8704024F0B4BD2046984734
S21400E040F6E770BD22AB030008B514F0E9FE28B170
S21400E050BDE80840472102482BF014B808BD00BFB1
S21400E06022AB03002DE9F041FF2B04460F469046F5
S21400E0701D469DF8186005D0FF2E03D0D521114807
S21400E0802BF000F80023FF2D18BFAD000E4A1CBF72
S21400E09045F00105EDB222600C4AC4E9063818BF07
S21400E0A0A561FF2EC4E901232361E76007D0A369B9
S21400E0B043F0020323F47F4343EA0623A361BDE84B
S21400E0C0F08100BF22AB0300CC370020E9DF000060
S21400E0D0002310B5054C03610460054CC261C0E91D
S21400E0E001430123C160836110BD00BFCC3700200F
S21400E0F0E9DF000070B58669044606F00303032BCB
S21400E1000D4603D1FC2114482AF0BCFFFF2D16D083
S21400E110B20704D440F201110F482AF0B3FF284694
S21400E12024F0E8F9FF28054604D14FF482710A4826
S21400E1302AF0A8FF2DB204EB4514204670BDF30765
S21400E140FBD5A36913F00C0FF7D040F20B11024871
S21400E1502AF098FFF1E700BF22AB03000023054A30
S21400E160C0E9063103610260C360034A034B4260A4
S21400E17083607047CC370020E9DF000005280200E6
S21400E180014826F0F4BF00BFCC370020014826F037
S21400E190FABF00BFCC37002013B50E4826F0C1FFEB
S21400E1A022F063FF25F08AFF25F0ACFF25F0B6FFCE
S21400E1B0FCF748FF0446FCF75FFF2346009001216A
S21400E1C00420054A00F06EFA02B0BDE81040FCF7E5
S21400E1D03FBF00BFCC370020B5AB0300022808B510
S21400E1E003D12AF048FF014B186008BDFC37002019
S21400E1F008B50DF055F90122044B1A702AF0C4FF39
S21400E200BDE8084002490348FDF7E4B80F57002070
S21400E2100460002000380020014B1870704700BFD3
S21400E2200E570020024B187808B106F08DB87047DC
S21400E2304C65002008B5074B1B780BB1002008BDC5
S21400E240FFF7F0FF0028F9D106F058FC023818BF97
S21400E2500120F4E70E57002070B5FFF7EBFF174DCF
S21400E26020B1FFF78DFF0428044613D82B781BB97E
S21400E2702AF08AFF01232B7022F005FF0446D8B14E
S21400E2802B781BB9F7210E482AF0FCFEBDE870403B
S21400E290FFF776BF22F0F9FE0028E7D02B785BB1B7
S21400E2A02AF0F1FD06460021012029F057F83046F5
S21400E2B02AF0E4FD00232B70204670BD0F57002087
S21400E2C0D6AB03001FB5FFF7C7FF0446FDF72CFAD1
S21400E2D0A04228BF204688B103A929F02BFC03469C
S21400E2E038B9CDE90000064A039906482AF0DFFE51
S21400E2F018B18E2104482AF0C5FE012004B010BDD6
S21400E30085100300DC370020D6AB03000D4B70B53C
S21400E3101B780D4D0D4C0121002B0CBF2B462346C0
S21400E32002200B4A00F0BEF90A4B01211B7802209E
S21400E330002B0CBF2B462346BDE87040064A00F073
S21400E340B1B900BF4C650020D0D40300EFD4030061
S21400E3506CAC03000E5700208BAC030010B5D0E960
S21400E360023253F8223002201B780121002B15BF01
S21400E37001240024044A054A00F094F92046BDE82A
S21400E3801040FFF749BF00BFAAAC0300C7AC0300AC
S21400E390D0E9023253F82230034A1B78003B18BFFC
S21400E3A001231370704700BF4C65002038B5012567
S21400E3B0084B1D702AF067FD04462946284628F0BB
S21400E3C0CDFF20462AF05AFDBDE8384002490348F2
S21400E3D0FDF700B8105700200C60002028380020F9
S21400E3E070B514F0A3FD10F0070F1D4D11D02B785B
S21400E3F05BB901262E702AF046FD044631463046AB
S21400E40028F0ACFF20462AF039FDBDE8704014F035
S21400E4105DBB24F0CCFF022803D1124B1B78032BE4
S21400E420E5D914F083FD18B90E4B1B78032B14D8CE
S21400E43014F04CFB04460028D9D02B785BB100269C
S21400E4402E702AF020FD05463146012028F086FF72
S21400E45028462AF013FD204670BD4FF0FF34ECE747
S21400E46010570020975B00201FB5FFF7B9FF044642
S21400E470FDF75AF9A04228BF204688B103A929F023
S21400E48059FB034638B9CDE90000064A0399064809
S21400E4902AF00DFE18B18C2104482AF0F3FD012065
S21400E4A004B010BD6115030008380020E6AC030078
S21400E4B010B5094C0949002007F0F4FB23681B68D7
S21400E4C0587924F04DF823681B68587923F051F8E2
S21400E4D005F060F9002010BD883D002074AD0300F3
S21400E4E008B524F054FF024628B1BDE808400020D5
S21400E4F0014907F0D7BB08BD97AD030008B524F067
S21400E5005CFF024628B1BDE808400020044907F039
S21400E510C9BB5422BDE80840FF2102480BF05ABF91
S21400E520AFAD03000851002038B504460D4624F070
S21400E53048FF024628B1BDE838400020034907F0EE
S21400E540B1BB034B23F8145038BD00BFCDAD03005C
S21400E550085100202DE9F34100240C4E0C4DDFF845
S21400E56038800C4F56F8043B0BB9D8F8003035F815
S21400E570022B3946009200202246013407F092FB17
S21400E5802A2CEFD102B0BDE8F08100BF1860002051
S21400E5905C510020E9AD03001460002008B52A2174
S21400E5A0034824F006FFBDE80840FFF7D3BF00BFCE
S21400E5B05C51002007B5D0E9023253F822301A78B1
S21400E5C0292A0DD8084B53F822300BB9074B1B6885
S21400E5D00749002031F812100091064907F062FB47
S21400E5E003B05DF804FB00BF186000201460002034
S21400E5F05C510020E9AD030008B52A21034824F049
S21400E600DAFEBDE80840FFF7A5BF00BF5C5100205A
S21400E61038B5D0E9023253F8221003EB82035B6868
S21400E6200C781D880020044907F03CFB294620464C
S21400E630BDE83840FFF778BFF4AD03002DE9F3419D
S21400E64000240C4E0C4DDFF838800C4F56F8043B77
S21400E6500BB9D8F8003035F8022B39460092002066
S21400E6602246013407F01EFB2A2CEFD102B0BDE88B
S21400E670F08100BF1860002008510020E9AD0300BB
S21400E6801460002010B5024622F089FF20B9044C21
S21400E690236811B11343236010BD23EA0203FAE78F
S21400E6A0C46000200CB413B502460C4622F077FF77
S21400E6B060B9094B1B681A4208D005A90498019155
S21400E6C00AF08AFD14B1054825F084FC02B0BDE8C6
S21400E6D0104002B0704700BFC4600020F3B00300D3
S21400E6E0034610B5D3E9023253F8223008461C78A8
S21400E6F0211E18BF0121FFF7C5FF014648B9084A89
S21400E700084B0220002C08BF1346074AFFF7CAFF33
S21400E71010BD00210220054AFFF7C4FFF8E700BF3E
S21400E720F29C0300EA9C0300F5B003000BB1030063
S21400E7302DE9F04105461F460C46DFF82C808E1862
S21400E740B44201D1BDE8F0810021284614F8013B0F
S21400E750069AFFF7A7FF002FF2D042460021284670
S21400E760FFF7A0FFECE700BF7FA303000021024AEB
S21400E7700248FFF7ADBC00BF01E8000030380020BB
S21400E780FF21014822F063BC303800200022034BF2
S21400E790FF2103481A7022F053BC00BF1157002017
S21400E7A03038002013B5114C2378032B13D8009370
S21400E7B000230F4A18460F4907F074FA237842F2EE
S21400E7C01072002B08BF0022FF210B4802B0BDE8E4
S21400E7D0104022F024BC00220849104607F062FAD6
S21400E7E002B0BDE81040FFF7D1BF00BF11570020B0
S21400E7F01CB103002EB103003038002038B10300EE
S21400E800F0B52B4D8FB02B7823B309A824F009FE62
S21400E810022309A88DF8243024F0F1FD01AA06464B
S21400E8209446244B03F110071446186859680833B9
S21400E83003C4BB422246F7D105AA17461E4B03F176
S21400E840100E144618685968083303C473452246E8
S21400E850F7D1E6B1012409A824F07FFD28B9BDF858
S21400E860243013F0020F18BF01242B781349002B15
S21400E8704FF000034FF0A00208BF1946204624F0D0
S21400E88046FD90B92B7801332B700FB0F0BD614672
S21400E89009A824F0B6FD0028DCD1394609A824F0E2
S21400E8A0B0FD04460028D6D0D4E7FFF77BFFECE7A0
S21400E8B0115700201C3904002C39040000F8FF070B
S21400E8C010B50020324907F0EDF908220020314942
S21400E8D007F0E8F9304B314A1978314B002000290F
S21400E8E018BF1A462F4C304907F0DCF9002024F0F8
S21400E8F054F92368002B47D01B78022B44D90022FA
S21400E9002A4B10462A4907F0CDF922F08FFE2949F6
S21400E9100246002007F0C6F900F0CAF8264902466B
S21400E920002007F0BFF923681B78032B2CD900F0D2
S21400E930CFF822490246002007F0B4F900F0D8F8D4
S21400E9401F490246002007F0ADF900F0D9F81D492E
S21400E9500246002007F0A6F900F0A4F81A4902467D
S21400E960002007F09FF900F0D1F8184C184954F829
S21400E9702020002007F096F900F01EF9154954F8FB
S21400E9802020002007F08EF9BDE8104024F00AB9D8
S21400E9905AB1030076B1030012570020D0D403000A
S21400E9A0EFD40300C43C002099B10300C09E0300CE
S21400E9B0B49E0300B5B10300D9B10300FDB1030056
S21400E9C021B2030045B203006CB20300C860002009
S21400E9D093B20300B6B2030008B5D0E9023253F88A
S21400E9E02230187840B10020074907F05BF9BDE8EF
S21400E9F00840802000F034B8044907F053F9BDE819
S21400EA000840802000F046B8D9B20300F6B20300F2
S21400EA10D0E9023253F82230034A1B78003B18BF75
S21400EA2001231370704700BF1257002018220021E0
S21400EA30094BC3E900121A7B0AB9084A9A601A7C85
S21400EA4012B94FF47A72DA8140F6B8325A8200224E
S21400EA509A829A75704700BF50380020E0930400F1
S21400EA600A4B10B51B687BB11B78032B02D8B0F598
S21400EA70007F09D1064C236803432360636818426D
S21400EA8002D02AF0F3FAA08210BD00BFC43C0020DA
S21400EA9050380020024A136823EA000313607047C8
S21400EAA050380020014B1868704700BF50380020CF
S21400EAB0024B9868FA23B0FBF3F0704750380020FA
S21400EAC00122024B98601A73704700BF503800202E
S21400EAD0024BD889FA23B0FBF3F070475038002079
S21400EAE00122024BD8811A74704700BF50380020AC
S21400EAF0024B588AFA23B0FBF3F0704750380020D8
S21400EB00014B5868704700BF503800202DE9F84385
S21400EB1000244FF00C08104B104F9D7D104E398886
S21400EB20E3B28B4202D32846BDE8F88308FB03F322
S21400EB30F05C06EB030924F037F850B9FF21D9F84A
S21400EB40080022F084FA20B199F805309D4238BFBB
S21400EB501D460134E3E700BF50380020F46400206F
S21400EB604C610020124B10B51B68124CEBB11B78A1
S21400EB70032B02D823689B0517D52AF077FAA38AB9
S21400EB80C01A638A80B283423EBFD4E90032934300
S21400EB90236024F086FB08B1E08910BD2368002BB3
S21400EBA0FAD1FFF7B3FF0128F6D0A068F5E700BF5B
S21400EBB0C43C002050380020014B987D704700BFB1
S21400EBC05038002038B504460D462AF000FB244B8A
S21400EBD01B7813B1204622F024FD402C27D006D8FF
S21400EBE084B13F2C18D0BDE8384023F0DBBF4C3C46
S21400EBF00C2CF8D81B4B2341DB07F4D40220FFF77C
S21400EC0049FFF0E74FF40070FFF744FF0220FFF7DC
S21400EC1027FF154B1C71E6E74FF40070FFF73AFF2D
S21400EC200220FFF737FF00220F4B1A71DBE723F0B5
S21400EC303AFF0028D7D10C4C0220237901332371E8
S21400EC40FFF728FF4FF40070FFF70AFF2379AB4267
S21400EC50C9D322F0E7FC0028C5D122F0BCFCC2E7ED
S21400EC6012570020FEEEFFFF6838002010B505F0B2
S21400EC705FFB02280AD124F0F0FA034630B1BDE863
S21400EC80104000220249104607F00CB810BD00BF25
S21400EC9042B303000021024A0248FFF719BA00BF38
S21400ECA06DEC00007038002038B5002023F075FFAA
S21400ECB0124B1B6893B11B78022B0FD905F038FB5B
S21400ECC0022816D10E4C2568FFF74CFFA84220609C
S21400ECD008D0FF2122680B4822F0A1F9BDE8384091
S21400ECE023F060BFFF21074822F0B1F90028F5D1D4
S21400ECF0EFE7FF21034822F0A3F9EFE7C43C00202A
S21400ED00683800207038002002460249002006F0CD
S21400ED10C9BF00BF56B3030010B5234C2348FF21DC
S21400ED2022F08EF9207802281ED003282ED0012843
S21400ED3004D02120BDE81040FFF7E6BF1C4B197831
S21400ED400029F7D002231B4A23701378052B0EBF29
S21400ED5000230133DBB29942137003D105231370ED
S21400ED600020E7E7052BFBD0124B1B78052B02D1C2
S21400ED7003232370DDE7104A104932F8230007F01A
S21400ED8085FC032323700028D4D110BD094B0C4A00
S21400ED901878094B03EB8001897833F8200007F0D8
S21400EDA045FC0123EEE700BF1357002090380020F3
S21400EDB01C5700204E650020B0510020A1EF000037
S21400EDC04DEF00002DE9F04F0D46144695B0049027
S21400EDD0112200210FA89946DFF86C810BF0FAFA91
S21400EDE004EB45030393D9F800301C2B02D0039B99
S21400EDF09C4202D115B0BDE8F08F0123DFF844A194
S21400EE008DF81C3023884C4AADF81E309AF8003036
S21400EE104A4D08EB83039B7828788DF820301368DA
S21400EE208DF81D00CDF821305368CDF8253023F03D
S21400EE30BBFE049B8DF8290021882878002B4AD138
S21400EE4023F07FFB002844D09AF800300FAA38F849
S21400EE50230007A922F0F4FB00283AD023F09EF9FD
S21400EE604FF0000B074606461C255FFA8BF29742CA
S21400EE7034D8B7422BD99DF81C30032B1AD10FABD0
S21400EE800193BDF8213000220421009301202C4B71
S21400EE9006F08EFD9AF8003008EB83039978274B2E
S21400EEA0187806F001FE9AF80030002038F8231093
S21400EEB023F0CDFD5DB107A9304624F0C0F9214B03
S21400EEC005461B78304638F8231024F0BAF9C9F8FE
S21400EED00050023487E723F02BFBB3E710460BA95C
S21400EEE0059224F0A8F930B99DF82C1031B9059A8E
S21400EEF0B74208BF16460BF1010BB6E7BDF82E0069
S21400EF00BDF81E209042F6D19DF830009DF82020D6
S21400EF109042F0D19DF81C208A42ECD1032A14BFFF
S21400EF20082202220DF121010DF131000BF09EFDA9
S21400EF30002808BF0025DEE7145700204D65002096
S21400EF40D3B503004E650020B051002013B503462C
S21400EF500020114A9C6812780190052A03D01B787D
S21400EF60032B00D12CB9012002B0BDE81040FFF7FA
S21400EF70CBBE6268217801ABFFF724FF217A01201F
S21400EF80E26801ABFFF71EFFFF21044802B0BDE8B0
S21400EF90104022F04DB800BF4E650020903800208B
S21400EFA0094B1B78052B02D00378032B02D00120D7
S21400EFB0FFF7AABE8168054A0B68054813604B68D0
S21400EFC0FF21536022F034B84E650020145700200D
S21400EFD09038002038B50024114B124D1870124B93
S21400EFE0FF211C702C7006F05FFD012203211046E5
S21400EFF00E4B06F0DDFC4FF6FF712246084623F066
S21400F00029FD044648B940F6B832FF21084822F0E8
S21400F01006F801232B70204638BDFFF775FEFAE789
S21400F0204D650020135700201C57002093E6030070
S21400F03090380020144BF0B51A6814491368097804
S21400F040587988420BD11249D78808460022114DBC
S21400F0501E792B78D4B2A34203D8052C0AD10020FF
S21400F060F0BD0C88BC4202D18C78B442F7D0013295
S21400F0700431EFE7A342F2D120F82270013300EB0F
S21400F080820086702B70EAE7883D00204D650020E0
S21400F090B05100201C570020FF2307B50021044A6A
S21400F0A004480093FEF7DEFF03B05DF804FB00BFE4
S21400F0B019ED0000903800201FB5B4230321044644
S21400F0C0ADF80E3023F034FA98B121232046009391
S21400F0D0002203210DF10E0323F0D9FB0446002085
S21400F0E0054B064A0649009406F0DCFD204604B0AF
S21400F0F010BD8624F3E700BF80B303008DB3030082
S21400F100A2B30300D0E9023253F82230034A1B7838
S21400F110012113700220024AFFF7C4BA6665002078
S21400F120B1B303000122014B1A70704766650020D8
S21400F1300A4B90F805111B7890F8082119448A426A
S21400F140BCBFB2FBF3F103FB11234FF0FF32B8BF95
S21400F150DBB202FA03F380F80A31704766650020D6
S21400F1602DE9FF410446057F867EDFF870806E43FA
S21400F170237F98F8002013449D4212DB607F60B91D
S21400F180238B029363690193237C00936288A31DFB
S21400F190217805F095FDFF232370002004B0BDE81C
S21400F1A0F081E37EAB42E9D9A77E228BF11991422A
S21400F1B0A4BF921BD7B205EB0323E3813A4633463E
S21400F1C02946204622F056FA0028E7D1637F3744C6
S21400F1D0013301356377BEB2EDB2C9E7666500203C
S21400F1E037B5054624F059F80D4B04461B686946AA
S21400F1F01B78032B82BF0B4B1B881B18284688BF27
S21400F2009CB224F0D2F838B9684624F048F818B909
S21400F210044B1B8823449CB2204603B030BD00BF7D
S21400F220C43C0020F8640020084B1B78FF2B0BD151
S21400F230074B1B78FF2B07D1064B1B78022B03D0FE
S21400F2404FF48070FFF726BC704700BFD0600020E8
S21400F250E0390020B038002010B50446FF2121F028
S21400F260EFFE054B9C4202BF0023A4F58874237072
S21400F270BDE81040FFF7D8BFC03900202DE9F047A1
S21400F2809A462A4B81461B7888461646BDF820507B
S21400F290002B49D0FF2D3ED938252846BDE8F087FB
S21400F2A0234B0C223146A01D636184F80090A4F81D
S21400F2B002800BF0E1F8A289414642F4004242F097
S21400F2C040022046A28122F0E7F92A4651466069AC
S21400F2D00BF0D2F841464846A21D258323F031FDA7
S21400F2E0A0760028D8D00544013DB5FBF0F0FF28F5
S21400F2F0D2DC0023E0762046A383FFF731FF0546E5
S21400F30080B923794FF48070B372FFF7A9FB227C93
S21400F310099B1A80C1E7074C2778FF2FC0D040F61C
S21400F3200345BAE72770F2E70225B6E766650020D0
S21400F3301E570020E0390020B0F9063010B5002B2B
S21400F34025DA144C2278237CFF2A02D0827A9A424D
S21400F35007D0114C2378FF2B17D0827A237C9A4251
S21400F36013D169B9637F013BDBB263775BB90B4AA4
S21400F370237F1278204613442377FFF7F1FE0146D9
S21400F380204622F098F9FFF74FFF012010BD00201D
S21400F390FCE700BFE0390020D06000206665002052
S21400F3A02DE9F04F9A46B1F9063091B0002B0D4684
S21400F3B01746DDF86880049080F22981B8F800309E
S21400F3C0FF2B04D94FF4B871A64829F05BFEA64B74
S21400F3D000241A7893F80401B3F80211002A40F0CA
S21400F3E0A5802E7AA14A1278B24240F2AF8002225D
S21400F3F0A3F802711A70AA7AFF2483F80421002267
S21400F400A3F8084183F80521A3F80621B8F80020E0
S21400F410954883F80C21FFF78BFE3846FFF7E0FE91
S21400F420214600EB4002924821F0F9FD4FF480702F
S21400F430FFF716FB8C4C94F80A91B9F1FF0F20D118
S21400F4408A4A94F8053112781344B34219DC94F8CA
S21400F4500C1184F80531B4F80631204601FB02335E
S21400F460A4F80631FFF764FE0122824B38461A7074
S21400F470FFF7B6FE494600EB400204F5887021F01F
S21400F480CEFD94F80531B34260D8DFF8E0B19BF8C2
S21400F49000C00CEB0302964258DA764994F808212D
S21400F4A00878013A002853D0964205DAB8F80020CA
S21400F4B084F80C2100220A70B6FBFCF901220CFB32
S21400F4C0196994F80A015FFA89F902FA09F2D1B2C9
S21400F4D0024076B92889000A844584F8080108D9CC
S21400F4E02046CDE906210593FFF722FEDDE9062139
S21400F4F0059B94F80A01014384F80A1182B994F82E
S21400F5000921B4F806C1013284F80921B8F80020B0
S21400F510DAF800100CEB0200FF2826DD0323237028
S21400F52094F80831013B9E4230D138E0AE7A8642EC
S21400F53002D18F4200D11C462E7A002C7FF47BAF7E
S21400F540002A3FF44FAF012A3FF44CAF01205FE0A2
S21400F5509642B1DA94F80C1198F800209142ABD09C
S21400F56004F58870FFF778FEF0E794F80CE1F31ADC
S21400F5700EFB03C3A01C10FA83F005920AF07CFF72
S21400F58094F80831059A013B9E4244D0012394F832
S21400F5900A2103FA09F3013B1343FF2B04D1224649
S21400F5A02946384622F079F894F8083194F809216B
S21400F5B09A42CBD19BF80030B2FBF3F103FB112249
S21400F5C012F0FF0218BF13462278022A26D1264AD6
S21400F5D0023410785178012804BF0131517001229D
S21400F5E024F8022CEA88B4F8041122F04002EA80DB
S21400F5F094F809210A44591E94F80A3113FB01F3C2
S21400F6001344A8F80030CAF80040FFF70DFE0020AB
S21400F61011B0BDE8F08F84F80B21C0E769790029A6
S21400F62094D0032A92D1B4F8062194F80B1108AEB0
S21400F63011445A1E94F80C31284613FB02F30B446F
S21400F64000219BB2A21CA8F80030CAF80020CDE921
S21400F65000710296049907F005FD8921304623F0D3
S21400F6606DFB7DE7D8B30300B03800206665002048
S21400F670C03900201D57002013B5044618B10128D4
S21400F6800BD002B010BDFF2301460093064A074880
S21400F690FEF7E8FC064B1C70F3E7FFF743FDFF227E
S21400F6A0044B1A70EDE700BF59F20000C039002085
S21400F6B0B0380020E039002013B501A909F04AFE51
S21400F6C0044648B9BDF806309DF80420034906F004
S21400F6D0E9FA204602B010BD8120FBE76FB40300B4
S21400F6E013B5694609F042FE044688B9BDF80230F3
S21400F6F09DF80020074906F0EFFA2046019906F02B
S21400F70043FA2046044906F0CDFA204602B010BD62
S21400F7108120FBE793B40300B9B4030037B569460C
S21400F72009F048FE044618BB9DF801309DF80020FD
S21400F730104906F0D1FA104D9DF80120E3B29A4226
S21400F74006D800200D4906F0ADFA002003B030BD03
S21400F7500198630003F4FF7302220021184423F08B
S21400F76006FA29460246002006F0B6FA0134E3E718
S21400F7708120EBE7BBB40300EAB4030093E6030082
S21400F78013B501A909F0ECFD044648B9BDF80630EA
S21400F7909DF80420034906F085FA204602B010BD05
S21400F7A08120FBE7F4B4030030B500240B4D85B090
S21400F7B06946E0B223F03FFD50B99DF80030032BB8
S21400F7C006D12946BDF805309DF8012006F06AFAF4
S21400F7D00134202CECD105B030BD00BF1BB50300B2
S21400F7E008B50020034906F05DFABDE80840FF2092
S21400F7F000F0DEBA2DB503002DE9F04F85B00646C1
S21400F8000D46174621F097FF044640B130463A466B
S21400F810294621F07AFF002005B0BDE8F08F4FF0B2
S21400F82003094FEA15285FFA84FA6946504623F022
S21400F83002FDB8B99DF800B0BBF1000F12D16946C1
S21400F84050468DF800908DF805508DF806808DF89E
S21400F850016023F0F4FC02460028D7D0584606493B
S21400F86006F020FA0134202CDDD10020034906F0F2
S21400F87019FA8920D0E700BF42B5030069B5030036
S21400F8801FB5002304468DF80F3021F03FFF28B146
S21400F8909DF80F3063F07F038DF80F301823019327
S21400F8A00DF10F030022009304214023204622F08E
S21400F8B0DDFF024618B10020024906F0F3F904B055
S21400F8C010BD00BF84B503001FB502A909F060FD96
S21400F8D0044688BBBDF80820184906F0FDF9204606
S21400F8E0039906F051F92046154906F0DBF94FF664
S21400F8F0F672BDF80810134C4B1E9BB2934219D8F3
S21400F9002368039A1B685879FFF776FF23681B79EC
S21400F910012B0BD8BDF808300022CDE900030421E6
S21400F920094B092006F044F823F002FA6FF0FF00B6
S21400F93004B010BD8720E9E78120F9E7A3B50300EE
S21400F940B9B40300883D0020BAB5030070B504467C
S21400F9508AB005AD1122002128460AF03BFD20465C
S21400F96004A909F009FD044600283AD11E4EBDF848
S21400F97010201E4906F096F932681379012B28D814
S21400F9804FF6F670BDF810104B1E9BB2834224D87B
S21400F9901368587921F0CFFE08B333682A461B68EF
S21400F9A0BDF81010587921F0AFFEBDF810300122D6
S21400F9B00421CDE9004309200D4B029505F0F8FF20
S21400F9C023F0B6F9034620B100200A4A0A4906F099
S21400F9D069F96FF0FF000AB070BD8724E5E78B2455
S21400F9E0E3E78120F7E700BF883D0020BDB50300B0
S21400F9F0D2B50300D6B50300E1B503002DE9F04704
S21400FA009AB004A909F0D0FC0446002840F0B5805E
S21400FA109DF810205B4906F05FF925465A4E9DF882
S21400FA201020EBB29A4254D80020584906F03AF912
S21400FA309DF81050002D40F099802C462E46544FCD
S21400FA4006A9F0B223F0F7FBC8B99DF81830032BCF
S21400FA5015D13B689DF819201B685B799A420ED138
S21400FA609DF81D2005F168036B4403F8402C9DF8B3
S21400FA701E200235013403F83F2CEDB2E4B2013605
S21400FA80202EDDD19DF810300BB1002C77D00AABBC
S21400FA90CDE90143FF2302220421009309203D4BB8
S21400FAA0039505F085FF23F043F9034660B19DF802
S21400FAB01020002A5FD0384A3849002C08BF0A4672
S21400FAC00020374906F0EEF86FF0FF001AB0BDE8E8
S21400FAD0F08705986B0003F4FF7302220021184498
S21400FAE023F045F831460246002006F0F5F80135C9
S21400FAF095E70598730003F4FF730222002118446B
S21400FB0023F035F8002780465FFA80FA06A9F8B297
S21400FB1023F091FB00BB9DF81830032B1CD1D9F8BD
S21400FB2000309DF819201B685B799A4214D19DF825
S21400FB301D30534510D19DF81E30C8F307229A4257
S21400FB400AD105F168036B440235013403F840AC72
S21400FB5003F83F2CEDB2E4B20137202FD6D10136A0
S21400FB609DF81020F3B29A42C3D88BE70025DFF841
S21400FB7020902E46F4E7084AA2E78120A6E78B20CD
S21400FB80A4E700BF3BB60300EAB4030093E6030015
S21400FB90883D00205AB603000CB603002AB60300C0
S21400FBA05EB603002DE9F04389B002A909F0EAFB2E
S21400FBB00446002867D1BDF80820344906F072F8DC
S21400FBC04FF6F672BDF80850DFF8D4906B1E9BB265
S21400FBD0934254D8D9F8003029461B685F793846D6
S21400FBE021F0A9FD00284CD026465FFA86F840464C
S21400FBF003A923F020FB28B92946384603AA21F09A
S21400FC0087FD20B90136202EEFD14FF0FF08404681
S21400FC1023F00FFB014658BB112203A80AF0DAFBBB
S21400FC202946384603AA21F070FDD9F800301A7923
S21400FC30012A18D81B68BDF80810587922F058FF1A
S21400FC40BDF8083003220421CDE900430920104BFB
S21400FC5005F0AEFE23F06CF8034620B100200D4AF6
S21400FC600D4906F01FF86FF0FF0009B0BDE8F083FD
S21400FC7002460A49002006F015F80124D5E7872435
S21400FC80D3E78B24D1E78120EFE700BF80B60300DF
S21400FC90BAB50300BEB60300E1B5030097B603008D
S21400FCA0883D00202DE9F043DFF894800020D8F846
S21400FCB0003021491B688BB05E79002505F0F2FF05
S21400FCC001275FFA85F9484601A923F0B4FA0446ED
S21400FCD090B99DF80430032B0ED19DF80530B34241
S21400FCE00AD1484623F0A5FA0146A0B102461349B8
S21400FCF0204605F0D7FF27460135202DE1D1D8F85C
S21400FD00003000211B68587922F0F2FE87F00100CF
S21400FD100BB0BDE8F083112205A80AF05BFBBDF826
S21400FD2009403046214605AA21F0EFFC2146304620
S21400FD3022F0DEFEE0E700BFCBB6030097B6030076
S21400FD40883D002037B5694609F028FB044638BBD5
S21400FD50BDF80020134905F0BFFF134D204601995A
S21400FD6005F012FF2046114905F09CFF2B681B6822
S21400FD70587922F0CCFF70B14FF6F672BDF800103D
S21400FD804B1E9BB2934209D82B68019A1B68587980
S21400FD90FFF732FD0446204603B030BD8724FAE75D
S21400FDA08120F9E7DFB60300883D0020B9B40300E0
S21400FDB07FB505460024E6B26946304623F03BFA96
S21400FDC0A8B99DF80030032B11D19DF80130AB4245
S21400FDD004D0FF2D0BD19DF80D3043B9304623F0EB
S21400FDE028FA024618B10020034905F05BFF0134EB
S21400FDF0202CE0D104B070BD97B60300034B1B68FF
S21400FE001878012808BF0220704700BFC43C0020B5
S21400FE10D0E9023253F822301A78024B1A7000F0FA
S21400FE20E7BA00BF1D58002070B5D0E902456B1E2A
S21400FE30DBB254F8230003221B490AF017FE54F8DD
S21400FE40253004EB8504197863681A78A2F10B0351
S21400FE500F2B05D915490020BDE8704005F022BFDC
S21400FE6001290FD1124C9140236840B90B43114A27
S21400FE7023600020BDE870400F4905F013BF23EA59
S21400FE800103F4E702290CD101230C4903FA02F21C
S21400FE900B6818B913430A4A0B60EAE723EA020321
S21400FEA0F9E70A460749D6E703B7030007B7030092
S21400FEB0F46000201DB7030025B70300F0600020A3
S21400FEC038B7030042B7030007B5D0E9023103EBA9
S21400FED0810253F821300B491B785268012B0A4BDC
S21400FEE008BF0B4612684FF000001A600092074ADF
S21400FEF0074B084918BF1346074A05F0D3FE03B060
S21400FF005DF804FBF4600020F06000205DB703009D
S21400FF1055B7030067B703004C39040038B5254AC7
S21400FF20254B264C0020264905F0BCFE002025491E
S21400FF3005F0B8FE22682449002005F0CDFE2068B2
S21400FF40224C234D05F088FE2146002005F0AAFE2F
S21400FF502A682049002005F0BFFE286805F07CFED0
S21400FF602146002005F09EFE1B4B1C491A781C4BB0
S21400FF70002053F8223005F095FE00F00DF91949DF
S21400FF800246002005F08EFE174B00201A7817490F
S21400FF9005F088FE164B17491A78002005F082FEF9
S21400FFA004F0C6F9BDE8384002461349002005F0C3
S21400FFB079BE00BF4C39040081B70300F46000200E
S21400FFC088B7030090B703009EB70300019E0300A6
S21400FFD0F0600020AFB703004B580020C0B7030006
S21400FFE0F8600020D3B7030030580020E7B70300BE
S21400FFF02F580020F9B703000BB8030007B500F030
S21401000071F8054B0090054A0020054905F04AFEA7
S21401001003B05DF804FB00BF21B803004C390400AF
S214010020A2B30300F8B504460B4F0C4E0C4D00204E
S2140100300C4A0D4905F036FE20463B782978327881
S214010040F5F758FE00233B7033702B70FF21BDE897
S214010050F840064820F0F4BF4B5800202F580020E7
S214010060305800204C39040026B80300003A00201E
S21401007037B51248FF2120F0E3FF114B187810F036
S214010080100505D0002003B0BDE8304003F01CBFCA
S2140100900121B42004F0C6FA04460A4B0A4A0B4969
S2140100A00090284605F0FEFD2046FFF7BBFF4FF403
S2140100B0806003B0BDE83040FEF7ECBC003A00209B
S2140100C04B5800203DB803004C390400A2B303008E
S2140100D00021024A0248FDF7FBBF00BF7100010084
S2140100E0003A002008B5054B1B7823B11720FFF70F
S2140100F099FF002008BD0220FCE700BF4B580020F6
S21401010010B550B1054B00F1100250F8044B904267
S21401011043F8044BF9D1024B197010BD3158002039
S2140101204158002037B5174D04462B78DB0626D5F7
S2140101300090154B0020154A154905F0B3FD1E2CFD
S2140101400BD0652C09D0032C19D0002023F0EBF836
S21401015040F61C40FFF766FF0DE023F00CF94FF464
S214010160FA63B0FBF3F202FB1300C218FF21094841
S21401017092B220F054FF2B7823F010032B7003B0BB
S21401018030BD00BF4B58002056B803004C39040060
S214010190A2B30300003A0020014B1879704700BF54
S2140101A0C451002070B54C4E8EB0337803F0FB027C
S2140101B0A3F10905022AEDB258D0042B41F6041228
S2140101C057D0A3F108014B424B415B001343434810
S2140101D0ADF80C3021F0DFFA48B9414B3F4A03F144
S2140101E0100153F8040B8B4242F8040BF9D13D4B36
S2140101F01B78002B3FD03C4B0DF10E0203F1100192
S21401020053F8040B8B4242F8040BF9D103A823F0F0
S214010210AAF82328044610D1012D49D80020334AD4
S214010220334905F03FFDBDF80C3003A823F4005315
S214010230ADF80C3023F097F80446002C41D14FF46A
S2140102400C7023F08EF8044600283AD103F0FAFE2B
S214010250012D36D8274A01AB1068516803C32649D9
S21401026001A823F0DCF878B319242AE043F6041237
S214010270A7E70223AAE73378042B0DD0082B0BD06F
S2140102801E4B0DF10E0203F1100153F8040B8B42C5
S21401029042F8040BF9D1B9E7104A0DF10E0302F149
S2140102A0100152F8040B8A4243F8040BF9D1ADE76A
S2140102B0337803F0FB03022B03D10020104905F02D
S2140102C0F1FC20460EB070BD044901A823F0A7F842
S2140102D004460028C8D1F4E74B5800201F580020D8
S2140102E023B9030041580020315800204C3904003E
S2140102F07AB8030034B903003C3904003DB9030061
S214010300D5B8030070B5002686B00446252023F034
S21401031010F81622002116480AF05CF8154B1E60EC
S214010320154B1878FFF76AFD022814BF0123042332
S21401033003208DF8083023F04AF804238DF8103096
S2140103400E4B02A80593039403F030FD05460C4BB3
S2140103500C4A19680C4B3046A14208BF134600945C
S2140103600A4A0B4905F09EFC284606B070BD00BF40
S214010370C4510020203A00204B5800206506010099
S214010380F460002055B703005DB703004C39040044
S2140103904EB9030008B5134A1378042B09BF124B54
S2140103A001331B78C3F10603DBB2137003F0FD02C1
S2140103B0092A04D11720FFF735FE172008BD0A4A7F
S2140103C01278002A14BF052206229A4207D1074B4B
S2140103D018680028EED0FFF795FF4D20EEE70020C5
S2140103E0ECE700BF4B58002041580020F060002089
S2140103F073B51E4C1E4E23683268134334D01D4B12
S2140104001B6853B31C4D2B783BBB03F091FFF8B927
S2140104104FF48060FEF724FB184B24681B7894B1D8
S214010420C3F102032B7003F047FD2046FFF76AFF76
S21401043004460020124B134A1349009405F032FC7F
S214010440204602B070BDC3F1060334682B70EAE79C
S2140104500121B42004F0E6F8EAE70020094A0B4936
S21401046005F020FC0224E4E70224E9E7F46000201A
S214010470F0600020C43C00204B580020415800206A
S21401048096B903004C390400A2B303007CB90300FB
S2140104902DE9F347384D394E00202A792B88384903
S2140104A005F000FC3268287922FA00F010F001000D
S2140104B002D1344905F0F6FB334F3C783CB10822B3
S2140104C0324933480AF0D2FA041E18BF0124DFF875
S2140104D0DC80DFF8A490DFF8B4A014E098F8000000
S2140104E049460130C0B288F8000022F014FF002807
S2140104F035D13C783CB10822514625480AF0B6FA77
S214010500041E18BF01242A793368D340DB07E5D5DA
S214010510002CE3D100922B881E4A1F49204605F085
S214010520C1FB1E4B1878FFF769FC01230322124911
S21401053022F0F7FE1A4A054613780133137010B9F4
S21401054002B0BDE8F08720462B46124A154905F051
S214010550A9FB284602B0BDE8F047FFF763BD0020BF
S214010560114905F09FFBFFF715FF0028E8D102B0FF
S214010570BDE8F04700F01CB8C4510020203A002026
S2140105809CB90300CDB903004A5800204258002008
S214010590D25100204C3904009CBA03004B5800206D
S2140105A02F5800203DBA030066BA03001E580020EB
S2140105B02DE9F041214C224D2378002055F82330B7
S2140105C0204A214905F06EFBFFF7ECFD03461D4E60
S2140105D01E4FDFF874802BB92378042B15D8B3B9D6
S2140105E01B4B15E032463946002005F05BFBFFF752
S2140105F0D1FE00BB2378324655F82330414605F03C
S21401060051FBFFF7CFFD0346E5E7092BE8D1114B78
S21401061000201B68104A11491360114B187022F014
S2140106207AFE20B1BDE8F0410120FFF7FBBCBDE832
S214010630F041FFF72DBFBDE8F08100BF4B58002009
S214010640F86000204C390400BCBA0300C9BA0300A4
S214010650F0600020F4600020203A0020C451002001
S2140106601E58002070B51C4C23789BB3838913F465
S214010670407F2FD0056835B12A46BDE8704000207E
S214010680164905F00FBB22F044FE154E03463070A6
S214010690144A2846144905F005FB33781BB1BDE81A
S2140106A07040FFF785BF2378082B0CD8042B0CD895
S2140106B00E4B1B78C3F1060323700D4BBDE870404B
S2140106C01868FFF71FBE0A2BF2D1BDE8704018204C
S2140106D0FFF7A8BC70BD00BF4B580020F4BA03005A
S2140106E0305800204C39040021BB0300415800203B
S2140106F0F060002030B5464D03460446454A0020CA
S214010700454987B005F0CEFA2B782BBB01A822F01D
S21401071088FE022301A88DF8043022F070FEB0B9DD
S2140107203E4901A822F06DFE88B1152C0FD122F0AA
S21401073022FE47F23153B0FBF3F202FB130000F541
S2140107401C50103080B203F0BFFB07B030BD162C32
S214010750FBD103F0F3FBF8E7152C2AD100202D4A34
S2140107602F4905F09FFA2B78042B11D0082B0FD0B8
S2140107702C4B1B78DA070BD401A822F0EEFD18B932
S214010780BDF804309B0703D42B7843F010032B707D
S21401079022F0F1FD4FF4FA63B0FBF3F2FF2102FB06
S2140107A01300C218204892B207B0BDE8304020F0CE
S2140107B036BC22F012FE04460028C6D12B78013B37
S2140107C0092B1ED8134A194905F06CFA184A19491B
S2140107D013780133D8B2107022F09DFD60B1204627
S2140107E0154905F05FFAFFF7D5FD0028ADD107B032
S2140107F0BDE83040FFF7DCBE07B0BDE83040FFF78C
S21401080047BE40F61C4007B0BDE83040FFF70ABCC3
S2140108104B5800204C39040045BB03003C3904000A
S2140108205CBB03001D580020003A00206FBB03008C
S2140108301E580020C451002066BA03002DE9F0417D
S2140108400B4686B004460E4617463A490246002035
S21401085005F028FA4FF000080123CDE901380DF123
S21401086016030093424640230621204622F033F821
S214010870054640B102463049404605F013FA28467F
S21401088006B0BDE8F0819DF816202AB936B90020D9
S2140108902A4905F007FAF2E7012EF8D082F00103A3
S2140108A0002027498DF8173005F0FCF99DF8173020
S2140108B00DF1170633B310230022CDE9006306219C
S2140108C04023204621F0D2FF064630B132460020B2
S2140108D01C4905F0E7F93546D1E74FB9082120460E
S2140108E021F026FE20B120469DF8171022F001F9CE
S2140108F00521204621F01CFE0028C0D0204622F00B
S214010900F5F8BCE74FB90821204621F011FE20B1C9
S21401091020469DF8171022F0ECF810230022CDE9AE
S214010920006306214023204621F0A0FF064600284A
S214010930DED0CBE79EBD0300BABD0300D3BD0300E6
S214010940F3BD030013BE0300002208B5034B114696
S2140109501B681B685879FFF771FF08BD883D0020AA
S21401096008B5044B00221B6801211B685879FFF764
S21401097065FF08BD883D002008B5044B00221B68B2
S21401098002211B685879FFF759FF08BD883D0020F2
S21401099010B50123002488B001A88DF80430CDE9F4
S2140109A00244F5F76DFF20469DF80420124905F034
S2140109B079F92046039A114905F074F92046029AFE
S2140109C00F4905F06FF910220E4B0DEB0201188846
S2140109D040F0604040F48010FBF74AF920460A498F
S2140109E005F07AF904A822F004F92046074905F033
S2140109F059F908B010BD00BF2CBE03004BBE030062
S214010A006ABE0300FC38040089BE030093E60300B7
S214010A1008B520F0F1FE0020024905F043F9012057
S214010A2008BD00BFA6BE03000023054A8360C3605D
S214010A30044BC0E9002311B14FF6FF730B807047DA
S214010A40491012B20130021110B5044660B10020FF
S214010A50064905F027F9052C06D002F0CBF9044922
S214010A600246002005F01EF9012010BDBABE0300A3
S214010A70CBBE030037B500216A4601AB054620F020
S214010A807CFF044668B100220F49104605F00AF9BA
S214010A9002F0B0F90D490246002005F003F903B053
S214010AA030BD0B4905F0FEF801201FF0BAFE01F03B
S214010AB099FF431C02D007F09DFFF0E72146284628
S214010AC0FFF7A6FFEBE700BFF4BE0300CBBE0300B3
S214010AD03CBF030038B5054601F084FF044621F00B
S214010AE0CFFF4DB100200E4905F0DCF8631C14BFA2
S214010AF02046002007F040FF20F08CFE0228044626
S214010B0005D0012805D10020064905F0CBF820467E
S214010B1038BD0020044905F0C5F80024F7E700BFFA
S214010B2059BF030073BF03008CBF030008B5002044
S214010B30034A044905F0B6F8BDE8084000F050BD88
S214010B4036CF0300A5BF030008B50020034A0449B9
S214010B5005F0A8F8BDE8084001F0CAB9C4BF030013
S214010B60A5BF03001FB5D0E9023253F8223068460C
S214010B701C78214601F0D0FB684601F073FC28B9C9
S214010B802246044905F08EF804B010BD6846FFF70A
S214010B9071FFF9E7CABF03000020014905F082B8DA
S214010BA0E6BF03007FB50DF1060102A8FFF73CFF83
S214010BB00020264905F076F80020BDF808202449D3
S214010BC005F070F80020BDF80A20224905F06AF801
S214010BD0039A0020204905F065F800201F4905F01A
S214010BE07BF84FF6FF73BDF806209A4229D0002005
S214010BF01B4905F057F800201A4A1B4905F052F820
S214010C0000201A4A1A4905F04DF8002219491046E3
S214010C1005F048F80020154A174905F043F80A225E
S214010C200020164905F03EF80A220020144905F076
S214010C3039F80A220020134905F034F807B05DF8A8
S214010C4004FB0020104905F02DF8D4E7F5BF03009A
S214010C500DC0030026C003003FC0030058C00300B8
S214010C6063BE0300E09304006EC00300C0270900C2
S214010C708DC00300ACC00300CBC00300EAC0030074
S214010C8009C1030027C103006BC0030008B500209B
S214010C90034905F007F8BDE80840012001F0FAB95C
S214010CA045C1030008B50020034904F0FBFFBDE879
S214010CB00840002001F0EEB95EC1030030B5104BCC
S214010CC0104D1B5C85B08DF80F302B78044683429F
S214010CD006D00D4B0D4953F82020002004F0E2FF0A
S214010CE030232C700A4801930DF10F03009306225E
S214010CF080231921007821F0B9FD05B030BD00BF71
S214010D0063390400535800207039040076C103008B
S214010D10506500201FB5232303900193064803ABBB
S214010D200093012280231921007821F09FFD03986A
S214010D3005B05DF804FB00BF5065002073B5164D85
S214010D4004462B78154ECBB120F085FD012815D031
S214010D50346040F6B244124B1B78072B17D02D781F
S214010D60C5B920F078FD031E18BF01230D48009574
S214010D7022461921007821F0FDF803E000233360B4
S214010D80002CE8D1201E18BF012002B070BD02253C
S214010D900123EBE70025FBE750580020243A00200A
S214010DA0535800205065002008B50448FFF7C6FFD9
S214010DB0BDE808400220FFF781BF00BFC027090039
S214010DC010B5064C208821F095FE608821F092FE31
S214010DD06068BDE8104021F09CBE00BF283A0020A4
S214010DE07FB523238DF813300DF1130302930423EB
S214010DF00648019305AB0093012280231921007850
S214010E0021F069FD059807B05DF804FB50650020E8
S214010E102DE9F047DFF84C91044699F8000090461A
S214010E200F4621F067FB0B2899F8002005D9BDE88D
S214010E30F04700203F4904F035BF00263E4B3F4DAA
S214010E401E803F4BDFF820A103EB00135B880120D7
S214010E502B802A7104F04EFE05F0F6FE04F04AFEE1
S214010E60204604F047FE0123042C8AF800300BD8F4
S214010E70022C45D89C4216D02346BDE8F0470020F8
S214010E80304A314904F00EBF062CF5D130462F49C1
S214010E9004F008FF384604F02DFEFFF791FF97B1E6
S214010EA08AF800600FE04FF6FF76294F3888801BDE
S214010EB018BF012004F01EFEFFF782FF3888B042FB
S214010EC001D021F017FE19236B8099F8003000201D
S214010ED02B71204B1B786B71EB8843F04003EB8042
S214010EE01D4B198821F0B3FD034620B12246002090
S214010EF01A4904F0D7FE4046BDE8F047FFF71EBF8B
S214010F00304604F0F7FDFFF75BFFFFF769FF21F0BE
S214010F1000FE134B1B78002B0CBF3F20202004F053
S214010F20E9FD042CCFD14FF4806021F0E3FD32209F
S214010F30C7E700BF89C10300E8510020EC5100203B
S214010F40F83B002043AF0300D5C10300B8C103003E
S214010F50DC5100204F650020F2640020EEC1030042
S214010F604F580020506500205058002038B50446E0
S214010F7005200D46FFF7A2FE184B1A884FF6FD73A3
S214010F809A4207D10020164904F08CFEBDE838408D
S214010F90FFF70ABF65B1134A13780133DBB2092B99
S214010FA0137014D90A2200200F4904F07BFEEDE7E6
S214010FB0012C0ED10B4B1D700C490D48FFF734FD6B
S214010FC0BDE83840002101200A4AFFF721BF012C65
S214010FD0F2D0BDE838400748FFF7B0BEF264002003
S214010FE028C203005258002053C20300DC510020DF
S214010FF0283A0020E093040008B50649002004F0D2
S21401100051FE0548FFF736FDBDE8084000210846B9
S214011010FFF7ACBF97C20300283A0020814237B5DC
S2140110200346154608D2002000910F4A0F4904F0E6
S21401103039FE002003B030BD0C1A224600200C49B0
S21401104004F030FE40F6BB5322460020094904F066
S21401105029FE4FF47A735C43074B01209C4294BFF0
S2140110602C602B60E6E700BF43AF0300A8C2030075
S214011070E5C2030000C3030080EE360010B5044647
S2140110800820FFF71BFE0D4B3CB91C700021BDE884
S214011090104006200A4AFFF7BBBE1B78092BF5D97C
S2140110A00A220020074904F0FDFD0020064904F04D
S2140110B0F9FDBDE81040FFF79FBF00BF5258002062
S2140110C0C02709002CC303006DC3030073B51F4D71
S2140110D02C7834B100201E4902B0BDE8704004F0FF
S2140110E0E1BD0220FFF7EAFDFF221A4E1A4B3078C7
S2140110F01A7021F0FFF90B2807D9204632781749D4
S21401110002B0BDE8704004F0CDBD154B1549009303
S21401111001EB0011012319224FF6FD70498805F0F5
S21401112037FA70B12046104904F0BCFD00220F4B7F
S2140111300F481C700F4B1A7002B0BDE87040FFF7E5
S214011140FDBD01240C492C70EEE700BF515800206C
S2140111507EC30300506500204F65002089C103004F
S2140111605D140100F83B0020BFC303005058002067
S214011170C027090052580020E5C3030038B5144DB6
S21401118004462B78052B21D91249FFF75DFC24B9BB
S21401119018B9114904F086FD0424104B195D21B9D4
S2140111A0BDE838400846FFF769BF032C06D02B7808
S2140111B0052B03D006200A4AFFF72AFE0021094B19
S2140111C008461970BDE83840FFF7D0BE38BD00BFED
S2140111D053580020283A002007C403005939040058
S2140111E0C02709005058002030B5044689B00720B2
S2140111F0FFF764FD052C0AD100222A4B03A91A70B9
S21401120002A804AA01F0FEFD30B1022045E09CB917
S2140112100122244B1A700224224D287878B1421EEE
S214011220504221495041FFF755FC022304462B70DA
S214011230022C0ED10A200FE0022CE6D1EBE7631F49
S2140112405A424FF0050018495A4120F00BFB04465C
S214011250EEE7032C04D10020FFF770FD09B030BD86
S214011260062C06D10020114904F01CFD01232B7029
S214011270E0E70F4A0F4B2878002C18BF13460E499B
S2140112800E4A0094002808BF0A4600200C4904F0C4
S21401129009FD201E18BF0120400009B0BDE83040FE
S2140112A0FFF76CBF4E580020283A002042C40300C6
S2140112B03BC4030034C4030023C403002DC403004D
S2140112C07DC4030013B51F4C0620FFF7F7FC2278F8
S2140112D0092A09D900201C4904F0E4FC042002B0C4
S2140112E0BDE81040FFF74ABF184B1B782BB3002010
S2140112F01FF0BBFA20F0AFFA68B9FFF771FD144B87
S214011300196820F09FFA02460420002102B0BDE8C9
S2140113101040FFF77DBD01A820F09BFAFF2809D1F8
S2140113204FF4FA6023780133237002B0BDE8104011
S214011330FFF704BD0198FFF7EDFC4FF4FA620320B6
S214011340E3E700BF5258002098C403004F5800201E
S214011350383A0020F023F0B589B0CDE900033448CF
S2140113608023002219210078324E334F21F07EFA75
S2140113700020324904F096FC3246394603A801F0B3
S21401138041FD032804462E4D1CD10626039A2D49FD
S214011390002004F087FC0398FFF7BCFC00203968A6
S2140113A000F0ACFE2E7001F09FF900220446264B99
S2140113B030461A70FFF782FC84BB09B0BDE8F040E6
S2140113C0FFF780BF28BB7268204904F06BFC2146FA
S2140113D004A8FFF729FB059B726893420BD02046B1
S2140113E01B4904F05FFC072305202B7009B0BDE8FC
S2140113F0F040FFF7F9BE1A462046164904F052FCA3
S2140114000523002101202B7009B0BDE8F040FFF74D
S214011410ADBD0020104904F045FCF1E7042C05D0D1
S214011420042009B0BDE8F040FFF7A8BE09B0F0BD42
S21401143050650020283A0020383A0020D0C4030026
S2140114405358002001C50300525800203CC5030034
S21401145075C50300C9C5030005C60300F7B50446F4
S214011460876800202378364D012B287004D0354B31
S2140114703549187004F016FC26785EBB334B1B7892
S214011480FF2B04D103B0BDE8F040FFF78DBC304B15
S2140114901B78032B11D82F4C0320FFF70FFC69464E
S2140114A0208821F082FF002843D02B49208805F0B0
S2140114B0EDF820B12E70FFF777FC03B0F0BD0124E4
S2140114C0204B26491C7004F0EDFB0320FFF7F6FBCA
S2140114D02C70F2E7012E25D13B78002BEDD01B4D69
S2140114E02B78FF2BE9D1A68802F04AFF864206D167
S2140114F000201B4903B0BDE8F04004F0D3BB194BF4
S214011500A2881B783BB132B11749002003B0BDE871
S214011510F04004F0C7BB7B6814491B782B700D4B59
S2140115201A80F2E7032E08D108226846A16808F05F
S214011530A3FF6846FFF70EFFBFE700232B70A1E766
S214011540505800205158002020C603004F65002047
S21401155053580020F26400205D140100E5C3030027
S21401156040C603004D58002066C6030091C603001E
S2140115707FB5094B1A78FF2A0AD1187001F088FB4B
S2140115800022064B0DF1060102A81A80FFF74CFA5D
S21401159007B05DF804FB00BF50650020DA5100205B
S2140115A0152838B517D10C4B1D78A5B921F0E3FEE7
S2140115B0C4B2012C38BF01240120FFF77FFB284667
S2140115C02246064904F06EFB4FF47A706043BDE88C
S2140115D03840FFF7B3BB38BD53580020AEC60300F2
S2140115E0034B1B78022B01D8FFF770BD704700BF75
S2140115F05358002070B5284C20F028F92578274E3E
S214011600BDB10020264904F04DFB264A137801336C
S2140116101370002323703378062B0AD1BDE870407F
S214011620214B1868B0F5FA6F38BF4FF4FA60FFF730
S21401163085BB3378013B082B2CD8DFE803F005097E
S2140116400D2B13191D222700BDE87040FFF7C8BFF8
S214011650BDE87040FFF73ABD00232370BDE8704037
S214011660FFF7A2BB2946BDE870400120FFF77EBC0C
S214011670BDE87040FFF726BE0220BDE87040FFF7C8
S214011680B3BD0120BDE87040FFF7F8BCBDE870406F
S214011690FFF7B2BC70BD00BF505800205358002061
S2140116A0DDC6030052580020243A002010B9052058
S2140116B0FFF764BD034B1B78062B01D1FFF79ABFDA
S2140116C0704700BF535800202DE9F0478E68054645
S2140116D033189A780C46092A8EB008D90020A349F7
S2140116E004F0E0FA852420460EB0BDE8F08750B934
S2140116F08B899F49895C8B4205D200919D4904F0F4
S214011700D1FA8024EFE79C4BE7881B889F4236D0AE
S2140117109A490978012932D932B13A4600209849C6
S21401172004F0C0FA7E24DEE7964B1A70934B2679B6
S2140117301B78052B03D0012B3AD8FFF751FF5EB972
S2140117403146204621F0FAFA0346002851D03046A9
S2140117508D4A8E4904F0A6FAD4F80880A48998F830
S214011760037098F80450002E4CD13046884A8949B7
S21401177004F098FA00210120FFF7F8FB4FE0002162
S214011780804B1970072A00F28A8301A353F822F0CE
S2140117902D170100DB180100DB180100ED1A01000E
S2140117A0ED1A0100ED1A0100831D0100831D0100E1
S2140117B0022B17D102F0E4FD8742B3D00020764A0F
S2140117C0764904F06FFAFFF781FC46BB31462046A6
S2140117D021F0B4FA034610B36B4A6C49002004F0BA
S2140117E061FA1CE06E4A00206E4904F05BFA01249F
S2140117F079E7A3681B78DA06AED432466A4904F064
S21401180051FAA9E700210AA8FFF70EF9032F08D914
S2140118105F4B664A66490097002004F043FA0024AD
S21401182061E76B1E632B04D9594B604A61490095E9
S214011830F2E7614BE4B2DB5D9C4209D0CDE901439E
S2140118400020534B594A5D49009704F02BFAE6E70E
S21401185057B3A4B222460521404621F088F9BDF8C7
S2140118602830834203D04A4B554A5649B6E7012FE2
S2140118701AD022460721404621F079F9BDF82A30D0
S214011880834203D0424B4E4A4F49A7E7032F0BD161
S21401189022460921404621F067F90B9B984203D165
S2140118A03B4B474A494999E7642D3FF463AF21F022
S2140118B062FD6423C0B2B0FBF3F203FB12030133F3
S2140118C0DBB29D42BFF456AFCDE900530020304B4A
S2140118D03B4A3F4904F0E6F9A1E7284B1B78052B64
S2140118E001D03C4A7FE7EB1CDBB2277BF45C44B1BA
S2140118F023460020374A384904F0D4F900210C4623
S2140119000BE00F2F0DD81023204634490093314A9F
S2140119103B4604F0C7F9802401210020FFF726FB8F
S214011920E1E60435EDB220462A4A2D4904F0BAF91B
S2140119307A1B7119D2B206A81FF09BFF05443A46DE
S214011940E9B2304621F010F9264D069A2B68264F4B
S2140119509A42386001D100284AD1244900201D4A04
S21401196004F0A0F985240121D7E700BFFAC60300D9
S2140119709C39040012C70300F2640020535800206B
S21401198041C7030050580020B7C70300BFC7030074
S21401199047C803005CC8030085C7030092C703005D
S2140119A0E7C70300F4C7030011C8030071C80300AA
S2140119B079C8030093C803005F390400B1C8030067
S2140119C006CD0300EBC8030015C903003DC903009B
S2140119D064C9030098C90300B2C90300E1C9030042
S2140119E0F8C90300283A0020383A002021CA03002B
S2140119F000F08EFF3E68B0420AD200F089FF9D4992
S214011A0003463246204604F04DF98924012184E735
S214011A10079A6B689A4205D12046974A974904F07F
S214011A2041F96BE79649097859B19A4209D220469D
S214011A30944904F037F996210620934AFFF7E8F90E
S214011A405CE7924A924905A801F0DCF9079E48B97D
S214011A506A68964206D88F4904F024F90520FFF7F4
S214011A60C3FB40E6324600208B4904F01BF9396877
S214011A700027002000F042FB00206E60FFF74AF9C5
S214011A80864B06201F80FFF719F9854B1F7001F062
S214011A90B1F90646F8B94FF6FF73824A0AA81188CB
S214011AA0994214BF13463B466A88298801F012F909
S214011AB00AA800F0D7FC58B10AA801F0DDF938B140
S214011AC03046794904F0EEF80420FFF757FB0AE6A2
S214011AD0FFF7F8FB07E6042805D1744B192118789F
S214011AE020F05FFAFFE538467149EBE7714B1B784A
S214011AF0062B01D0704A76E6DFF8A0A1EB1C94F81D
S214011B000C90BAF80080DBB22EB930466B4904F06F
S214011B10C9F88724E7E5F75C2C1D972FE4B22FD090
S214011B2025D8812F71D0952F67D017BBB9F1100F2B
S214011B307FF6E7AD31194A460AA81FF09AFE04441B
S214011B40E4B221464A46304621F00EF8231DDBB2A8
S214011B50053416F803A0E4B2A9EB04035345054681
S214011B6066DA009338465346534A5549C7E5982FD7
S214011B7043D03B460020504A524904F093F8C8E748
S214011B80B9F10A0F7FF6BDAD1FFA89F721463A462D
S214011B90304620F0E9FF05F1080104463A46C9B28D
S214011BA0304620F0E1FF0AAA01462046FFF736FA42
S214011BB008B9454B0A93B9F10C0F12D905F10C017E
S214011BC03A46C9B23046DDF8288020F0D0FF0446F8
S214011BD002463E49002004F065F8AAF80040444455
S214011BE00A940A9C3A492246002004F05BF82046F3
S214011BF0FFF7A4F81FF035FE11E63649002004F081
S214011C0051F80320FFF7BAFA09E6334C23786BB193
S214011C101FF01AFE50B10020304904F043F80023AB
S214011C2023701FF01EFEFFF74DFBF8E52C49E5E794
S214011C30DFF8A49099F8003043B9FFF7D1F8854250
S214011C40034607D01C4A27490095E5E51FF003FE29
S214011C500128F2D110220D480AA908F007FF10B991
S214011C60BAF13F0F42D9144A1F49002004F01AF86E
S214011C704FE700BF40CA030098C9030078CA0300B3
S214011C804C580020ADCA0300C0270900283A00209E
S214011C90383A00203CC50300EECA0300DA510020A2
S214011CA052580020DC51002010CB03005065002064
S214011CB02FCB03005358002055CB03006ACB0300FB
S214011CC097CC030079CC0300E0930400A5CB030076
S214011CD0D0CB0300EFCB03004F5800200BCC030002
S214011CE04ACC0300D3CC03000FCD03006D4B187014
S214011CF099F800304BB11FF0A7FD30B128461FF010
S214011D00A6FD042807463FF48AAD514628463219F7
S214011D101FF0E0FE28B10020634903F0C3FF042052
S214011D2070E799F80030554463B11FF08DFD48B156
S214011D30FF2FF4D0012F3FF472AD032F16D11FF001
S214011D408EFD05462846FEF7E5FF044602460521B8
S214011D5056481FF0B5FD564B1B689C420AD32046D9
S214011D601FF0B3FE0520FFF73FFA58E51FF075FD9B
S214011D708046E7E74046FEF7E1FF00287FF44FADD7
S214011D8051E74C4B1B7803F0FD03082B01D04A4A60
S214011D9029E5A48935B1F27822B10020474903F03C
S214011DA081FF2EE7E4B22246F11C0AA81FF061FD6E
S214011DB0434BBDF828201988054691420DD04FF6B1
S214011DC0FF718A4209D03C4A00203E4B3E4903F04F
S214011DD083FFBDF828203D4947E7BDF82A205988EA
S214011DE091420CD04FF6FF718A4208D0324A002049
S214011DF0374B354903F070FFBDF82A20EBE70B9A05
S214011E005B689A420AD0013208D02B4A2E4900203C
S214011E10304B03F061FF0B9A2F4926E7A4B2E91C69
S214011E202246C9B2304620F09FFEE91DC9B20746D8
S214011E302246304620F098FE431C014606D1082073
S214011E40FEF73CFF2548FEF779FFE8E4384606AA88
S214011E50FFF7E4F8A8B9214B0693214B0022197825
S214011E60204B18781FF0E1FC069C2046FEF766FF23
S214011E70224600201C4903F015FF0920FEF71EFF2D
S214011E80CDE440F6B733069A9A42E6D840F6B83221
S214011E900020164903F006FF40F6B833DCE781243C
S214011EA021E400BF5258002042CD030065CD030057
S214011EB0383A0020535800206ECD030083CD03002E
S214011EC0283A002005C90300AACD030063BE03001B
S214011ED02FC90300C5CD0300C2D5030080EE36002E
S214011EE04F65002050650020FDCD0300D2CD0300D4
S214011EF008B50420FFF742F90020FEF7DFFE0023B5
S214011F00054A19211370054A1370054B1878BDE868
S214011F10084020F046B800BF505800205158002015
S214011F205065002010B5164B164C1A78164B00203B
S214011F3053F82220154903F0B5FE2178144B154AB3
S214011F400020002918BF1A46134903F0ABFE237878
S214011F502BB1124B00201A68114903F0A3FEFEF7BD
S214011F603FFF0446FEF73CFF0E4B19681FF09BFC33
S214011F702246BDE8104003460B49002003F092BEFE
S214011F8053580020505800207039040019CE030021
S214011F90EFD40300D0D4030026CE0300243A002059
S214011FA040CE0300383A002059CE030038B501462A
S214011FB004460020FFF788FB054698B1E37C002025
S214011FC00A4A0B4903F06EFE2379042B0AD02946F0
S214011FD0204620F0B3FE034620B10020054A0649FC
S214011FE003F060FE6FF0FF0038BD00BF43AF030093
S214011FF081CE0300B7C70300BFC7030010B5134661
S214012000094A127882420DD163B1084A0020146849
S2140120100A46074903F046FE2146BDE81040012066
S214012020FFF752BB10BD00BF50650020883D002061
S214012030A3CE030010B50D4B1C782CB1BDE81040A3
S21401204000200B4903F02EBE6420FEF763FE4FF618
S214012050F0716FF00F02074B0320C3E9001222460E
S2140120602146BDE81040FEF7D3BE00BF53580020FE
S214012070DCCE0300283A0020014B1870704700BFE1
S2140120804F58002000210620014AFEF7C1BE00BFBE
S214012090C0270900014B1870704700BF4C5800203C
S2140120A0114B2DE9F04107460D4618680F49101AE5
S2140120B009681FF0F8FBDFF840800D4E98F80040E5
S2140120C00346FF2C307004D0A8420AD32C44A04209
S2140120D007DB3A460020074903F0E4FD337888F829
S2140120E000303078BDE8F081403A00203C3A0020CC
S2140120F0545800200AD003005165002050EA01021E
S21401210008D0FF22054B091A1A70054B1860054BBB
S2140121101960704711461046FFF7C2BF516500208F
S214012120403A00203C3A00202DE9F04FAFB006AD12
S214012130284600F0FDFD0026624FDFF8D0912846C4
S21401214000F090F9044648B900F0BEFD5E4902462B
S214012150204603F0A7FD2FB0BDE8F08F39460020DA
S214012160F2B203F09FFD284616A900F0FFFD0446D3
S21401217020B15649002003F095FD8FE0BDF85820A8
S214012180534903F08FFD49462046BDF85A2003F017
S21401219089FD2046BDF85C204E4903F083FD2046AC
S2140121A0BDF85E204C4903F07DFD2046BDF8602059
S2140121B04A4903F077FD2046199A494903F072FD12
S2140121C02046BDF86820474903F06CFD2046464985
S2140121D00DF16A0203F066FD44492046239A03F096
S2140121E061FDBDF85C30D90705D520469DF89020E5
S2140121F03F4903F057FDBDF85C309A0714D500201F
S2140122003C4903F069FDBDF85830B3F5807F4FD1E6
S214012210002020F0F3FC18B10DF1910003F0C4FC8E
S2140122200020354903F03EFDBDF85C305B070BD559
S2140122300020BDF8B220314903F034FD0020BDF87E
S214012240B4202F4903F02EFD062228460DF1160371
S2140122500AA91FF057FB044690BBBDF81620294972
S21401226003F020FDDFF8A8A0DFF8A8B00DF12808DC
S214012270BDF81610A2B2914210D9B8F80020514606
S214012280002003F00FFD0134D8F804205946002041
S21401229003F008FD062C08F10808E9D16C46204633
S2140122A000F05AFD94E80F00013685E80F0046E776
S2140122B00123202200200DF1910103F057FCAFE726
S2140122C0114957E71CD00300E9D1030025D00300CC
S2140122D049D003007DD0030096D00300AFD00300A1
S2140122E0C8D00300E1D00300FAD003000FD10300E9
S2140122F02BD1030044D1030093E6030057D103001A
S21401230070D1030089D10300BCD1030062D0030061
S2140123109AD10300AAD103002DE9F04188B004AD9B
S214012320044628468846002700F002FD6E464745CB
S21401233007D195E80F0084E80F00204608B0BDE8F5
S214012340F081304600F008FD96E80F0085E80F00A2
S214012350284600F087F801370028E8D1014B0FCB5B
S214012360E9E700BFF03B04001FB5D0E9023253F89D
S214012370223068461978FFF7CFFF684600F07CFDEB
S21401238048B1042809D1074A0020074903F08AFC0E
S21401239005B05DF804FB054AF6E70020044903F0A2
S2140123A081FCF5E78BDB030004D203003BD5030079
S2140123B010CB030010B5D0E9023203EB8201496865
S2140123C053F8223098B00C6804A81978FFF7A4FFD8
S2140123D003AB40220093214608AB04A800F0E2FCC0
S2140123E0024628B100200E4903F05CFC18B010BD6F
S2140123F0039808A900F007040122C0F3C70003F000
S214012400FBFB039908A8091B014406480123224641
S214012410008803F0ABFB044803F0E4FBE6E700BFEB
S21401242014D20300F851002093E60300F0B50446E9
S2140124300D460B4BEF880FCB84E80F00AB882E8937
S2140124409B0741BFD5F83900D5F83D1004F10803C4
S21401245003C3EA682046278066806260F0BD00BF3D
S214012460A8390400102208B5034908F0FFFA00381D
S21401247018BF012008BD00BFF03B040008B521F0DD
S214012480D8FBC288FF219208012A38BF01220248E0
S2140124901EF0C5FD012008BD503A002038B5134690
S2140124A090B10120274A1070274A00201160274A60
S2140124B013600A46264903F0F5FB02F043FB254B61
S2140124C01870022002F044FB21F0CEFBE8B91D4D46
S2140124D01D4C2B782BB921F0ACFB2268C368134442
S2140124E023601A4B24681B689C4229D221F0A1FB69
S2140124F0C168204606F022F8002402462C7050B926
S21401250021F0B2FBFFF7BAFF03E0FFF7B7FF0028A1
S214012510DDD0012038BD20460F4903F0C3FB0D4B2B
S214012520187802F015FB00200C4903F0BBFB00F005
S21401253091F908B900F0AEF92046FFF7B7F8E8E7D9
S2140125400124ECE756580020483A0020443A00207F
S2140125503BD203005558002067D2030087D2030000
S21401256038B500F04BFA044600F042FA241A21F07E
S21401257060FB054618B9B1211B4826F083FDAB88E0
S21401258003F00303032B03D0B221174826F07AFD8C
S21401259000F02EFA05461FF028FA01238340013B7E
S2140125A02B4203D0B421104826F06CFD1FF01DFA13
S2140125B001238340013B234203D0B5210A4826F07C
S2140125C061FD05F091FD05461FF00FFA4FF480639B
S2140125D0B3FBF5F3C440A34205D2BDE83840BA21A7
S2140125E0014826F04FBD38BD9DD20300FF2108B536
S2140125F004481EF025FDBDE808400022114610469D
S214012600FFF74CBF503A0020F7B504460E4600F0DF
S21401261089F8054621F00DFBC3682B449C4220D364
S2140126201FF0E3F92C44C440013C114F3B68DEB176
S214012630A34219D101340023ADF8043000F0E4F9C7
S214012640054605F051FD103504FB005405F04CFD20
S21401265001A90246204605F099FD1FF0D6F938601B
S21401266004E04FF0FF34E0E7A342E4DB03B0F0BD43
S214012670246100204FF0FF320A4B10B51A60002289
S214012680094B1A7000F0B4F9044600F0B7F9214678
S21401269002460120FFF702FF00280CBF012004209C
S2140126A010BD00BF246100205758002038B500F047
S2140126B0D1F808B9002038BD094D0A4C2B7823B94A
S2140126C01FF0A3F9012320602B7024681FF08DF9F9
S2140126D001348440EED000F025F82044EBE700BF3B
S2140126E0575800202461002070B50D4C2368002B3C
S2140126F001DA012070BD00F07BF9054621F099FA58
S2140127002468C6681FF071F9013404FA00F12944FF
S21401271001208A19FFF7C2FE0028EAD00420E9E763
S21401272024610020024B18680C301FF09EB900BFD0
S21401273028610020FF2307B50021044A04480093BE
S214012740FBF790FC03B05DF804FB00BFED2501002C
S214012750503A00200E4B70B51C680546036804F518
S21401276082641C440E46FFF7DDFF2B68834208D2C5
S21401277032681A44824208D9C31A012033602C6099
S21401278070BD044A126813441C1A0020F7E700BF04
S214012790286100204C3A00202DE9F04FB3F5803F28
S2140127A087B00F469846019003D3002007B0BDE8D6
S2140127B0F08F03A904A8CDE90332FFF7CBFF00246D
S2140127C0824600F10109DFF888B05FFA89F9019BBA
S2140127D0DDE90356AAB27BB13046109921F030FAF2
S2140127E00028E2D1B9F1020F2BD1DBF800300493B7
S2140127F0019B03BB2F4421E03946304605F0C6FC59
S2140128000028D2D1BAF1000FECD0002CEDD105F0A2
S2140128106BFC2E44B6FBF0F303FB10600028E4D0FB
S21401282005F062FC05A902463046059405F0AEFCAB
S2140128300028DAD0B9E7109B2B441093A8EB0505C6
S2140128400395631C4B454FF00104C0D32046ADE70A
S2140128504C3A00207FB56B460C4A1068516803C39A
S21401286090680C2218600A4B0DEB0201186821F0E3
S214012870E7F90C2268460DEB020108F0F7F8B0FA0A
S21401288080F0400907B05DF804FB00BFB8390400CA
S214012890286100201FB5084A01AB1068516803C3C0
S2140128A0906801A91860054B0C22186805F06EFCAB
S2140128B005B05DF804FB00BFB839040028610020AC
S2140128C0F7B5044615460E4681B9072A03D80024F3
S2140128D0204603B0F0BD0D4B80791968E3790630C8
S2140128E000EB03200C3180B21FF0C9F80027214607
S2140128F02B46324638460097FFF74EFF044600281F
S214012900E5D039467019FFF77FFEE1E72861002020
S214012910024B1868A0F50060704700BF34610020C4
S21401292010B58AB0684606F015F810F0FF0027D1FA
S214012930009BFBB1174C01A9206005F083FF10F046
S214012940FF001DD12268009B9A4204D34FF4DD712B
S214012950114826F097FB019B104A11491360029A11
S21401296013440B600F49A3F500630A600E4A136017
S214012970009B63B940F2CF11074826F083FB06E0BF
S214012980044A034612680020084903F08BF90AB08E
S21401299010BD00BF2C61002050D303004C3A00202C
S2140129A0306100203461002028610020F8D3030044
S2140129B008B5FFF7B5FF21F03CF950B121F039F920
S2140129C0064B02691B689A4203D2B321044826F0DB
S2140129D059FBFFF7C5FD012008BD00BF346100208B
S2140129E050D30300014B1868704700BF2C610020CC
S2140129F0014B1868704700BF4C3A0020014B18681D
S214012A00704700BF30610020014B1868704700BF57
S214012A102861002010B5FFF749FE0446284900202A
S214012A2003F040F90020274903F03CF9002026492D
S214012A3003F038F90020254903F034F9244B00202F
S214012A401A68244903F02EF922462349002003F090
S214012A5029F9FFF767FE21490246002003F022F913
S214012A601F4B00201A681F4903F01CF91E4B1F4C10
S214012A701A6800201E4903F015F9226800201D4936
S214012A8003F010F94FF4806200201B4903F00AF9A5
S214012A90226800201949103203F004F92268002048
S214012AA017490C3203F0FEF822680020154902F59A
S214012AB0826203F0F7F8BDE8104005F049BA00BF9E
S214012AC077D40300B4D40300D3D40300F3D40300B3
S214012AD02C6100201ED503003DD5030060D5030000
S214012AE04C3A002083D50300306100202861002085
S214012AF0A6D50300C9D50300ECD503000FD6030005
S214012B0032D6030055D603002DE9F04194B00446B1
S214012B100D460020482102AA1EF0C2FF18B95349EB
S214012B2003F0C0F819E060220021204607F052FCAD
S214012B3004224F4902A807F099FF90B16DB19DF8A4
S214012B400B30002001939DF80A309DF80820009371
S214012B5048499DF8093003F0A5F8012014B0BDE8F6
S214012B60F081BDF80C20B2F5807F228003D0424967
S214012B7003F098F8F1E7BDF81420BDF80E10228195
S214012B80DDF816206180E2600499BDF81A206160C4
S214012B90228284F8320007AD04F112020FAE2B46F2
S214012BA003CBB342106051601D4602F10802F6D114
S214012BB00F9B324A63631360314B10221846002183
S214012BC007F008FCE288A388028022894280E26836
S214012BD042600BB90020C1E700263546A388D90715
S214012BE009D536B105F150026A4412F8482C84F82A
S214012BF038200135EDB29A0714D520881EF066FEFE
S214012C0007466EB102AB03EB05080246414604F1E6
S214012C10390007F06FFD3A4641461A4807F06AFD4B
S214012C202F44FDB2A3885B070DD556B105F15003BD
S214012C306B4433F8482C33F8463CA4F85A20A4F8E1
S214012C405C300435EDB2002EC4D1482D02D9304691
S214012C500D4965E72946382002AA1EF021FF08B96A
S214012C600A495DE738250126B8E700BF78D6030094
S214012C70C4390400AAD60300E0D60300703A002047
S214012C80743A00207C3A0020FBD603004BD70300A1
S214012C9030B50B4C99B025786DB9FFF789FE68B150
S214012CA029466846FFF730FFB0FA80F0054B400929
S214012CB0187001232370002019B030BD0120FBE7F6
S214012CC05858002059580020014B1878704700BF0B
S214012CD05958002070B51E46134B044618881D46E9
S214012CE0884298B002D15B88934206D00F4B0FCB37
S214012CF084E80F00204618B070BD96B100216846E2
S214012D00FFF702FF0028F1D1BDF804305B0708D5B4
S214012D103388BDF85A209A42E8D8BDF85C209A421A
S214012D20E4D395E80F00E3E7743A0020F03B040093
S214012D30064B10B51B7804462BB9054B0FCB84E820
S214012D400F00204610BD034BF8E700BF595800207E
S214012D50F03B0400743A002010B50446024B0FCB3A
S214012D6084E80F00204610BDF03B04000B4B10B565
S214012D701B78044608467BB10021FFF7C5FE48B91B
S214012D8010222146064807F071FE003818BF0120C0
S214012D90C0B210BD0120FBE70120FAE75958002018
S214012DA0743A00202DE9F0410E4690460E49102255
S214012DB01F4607F05BFE044670B90C4B3A461D6889
S214012DC03046AD1B454528BF454629461EF068FEE0
S214012DD028B9074902F066FF0120BDE8F081069B8D
S214012DE020461D60F9E700BF743A0020703A0020C3
S214012DF04BD703000022024B1A70FFF73BBC00BF03
S214012E00595800202DE9F0419CB00F4616468046E1
S214012E10FFF74CFC054602461549002002F042FF2A
S214012E20382D20D9012104A8FFF76EFE0446D0B93B
S214012E30119B04A93B606F463846FFF7F7FA97E8FF
S214012E400F0086E80F00119BAB4297BF01210324B8
S214012E50084AC8F8003094BF1170C8F800502046E0
S214012E601CB0BDE8F0810022024B01241A70F6E77F
S214012E707DD703005958002070B5084D00262B78E1
S214012E8053B1FFF7F7FB04461022002104482E70C9
S214012E9007F0A0FA204670BD3446F5E759580020E1
S214012EA0743A002008B50020064902F0FBFE064BE6
S214012EB000201A78054902F0F5FEBDE80840FFF744
S214012EC0A9BD00BF9CD7030059580020C6D70300F0
S214012ED003460120024AC3E9032000221A70704704
S214012EE00100FEFF2DE9F0410024264E264FDFF8B3
S214012EF0A88088B000F0D4F9A5B2854202D308B004
S214012F00BDE8F081284603A91EF000FEA2B23146B4
S214012F10002002F0E1FE9DF80D2012B39DF812107C
S214012F20BDF81030402914BF6E2179210020CDE96B
S214012F3000313946BDF80E3002F0CEFEBDF8142041
S214012F401AB10020114902F0C7FE9DF80C00BDF829
S214012F50182070B9079B0E490093BDF81A3002F08D
S214012F60BBFE00200B4902F09DFE013426F097F8C7
S214012F70C0E7BDF81C304146009300209DF81A308A
S214012F80EDE700BFDFD70300E5D7030008D803004D
S214012F9012D8030093E6030039D8030010B500F0F9
S214012FA0ABFABDE810400346024A0020024902F08F
S214012FB079BE00BF61D8030098A00300D0E90232B1
S214012FC053F8223010B5188800F086FABDE8104094
S214012FD00346024A0020024902F064BE67D8030095
S214012FE098A0030010B5D0E90232002486B08DF80F
S214012FF0044053F8221003EB8203097801A88DF8E8
S21401300005105A681288ADF806209A681288ADF83D
S2140130100820DA681278ADF80C40A24214BF4022AC
S21401302080228DF80A201A691288ADF810205A6994
S2140130309B691288ADF812201B68059300F0D0FB3F
S214013040034A03460349204602F02CFE06B010BD93
S21401305003B7030098A0030038B50024064D26F0F8
S2140130600AF845F824000634C02CF8D10020BDE843
S2140130703840024902F016BE801000206ED80300C8
S21401308030B5002087B0204902F00CFE00201F4911
S21401309002F008FE00201E4902F004FE25F0EBFFB8
S2140130A000240546A0B201A901341EF02FFD202CF4
S2140130B0F8D125F0E0FF1749421B002002F0F2FD8F
S2140130C01549002002F0EEFD25F0D5FF044601204B
S2140130D000F09EF825F0CFFF0E49021B002002F0FB
S2140130E0E1FD0E49002002F0DDFD25F0C4FF044697
S2140130F01EF0FDFC25F0BFFF021B0020054907B0AE
S214013100BDE8304002F0CEBD9AD80300C9D803000E
S214013110F9D8030016D9030025D903003FD90300C7
S21401312010B50C4603F022FD08B9032C12D101F0AC
S214013130FFF804280ED001F0FBF805280AD006484F
S21401314002F060FC1C2801D11FF07EFCBDE8104097
S21401315002F068BC10BD00BFF91A03002DE9F04F5C
S21401316000274FF0FF36DFF8A4B0264C87B0BBF837
S2140131700030B8B2834209D8731C3BD03246FF21D7
S214013180214807B0BDE8F04F1DF049BF01A91EF068
S214013190BDFC9DF8050001F001FFF8B19DF8048023
S2140131A0B8F1000F1AD1BDF810A0BDF8129025F0A5
S2140131B062FF18210246BBB24B43E018E158007C7F
S2140131C04FF47A73A2EB010C50B103FB0AF363458B
S2140131D00ED30B44981A864228BF06460137C6E727
S2140131E04D466B43FAD06345F5D31944881AF2E786
S2140131F04046F0E7FF21044807B0BDE8F04F1DF058
S2140132001FBF00BF80100020843A0020DE5100203E
S2140132102DE9F041014688B058B1022810D01EF0C1
S2140132208FFC78B3D221194808B0BDE8F04125F0EB
S21401323029BFFF23164A17480093FAF713FFEEE754
S21401324000244FF001082746134EA5B2284603A9CD
S2140132508DF80D701EF05AFC9DF80D0068B101F056
S2140132609DFE20B19DF80C300BB986F81080013414
S214013270202C06F11806E8D12546084B1D80FFF7DD
S2140132806DFFCCE708B0BDE8F08100BF5FD9030051
S214013290C5350100843A002080100020DE51002050
S2140132A0014B1888704700BFDE5100202DE9F04F12
S2140132B0634A077D89B004466249002002F00CFD8E
S2140132C000201FF09BFC20B12368218A588803F058
S2140132D09BFC00205C4902F0E5FC637DDFF87491FD
S2140132E0002B236808BF08205988574B18BF0020B9
S2140132F00093228A4FF0090314BF4FF080084FF065
S214013300400802F02FFBA289BB1C93420CDB1FF086
S2140133100FFD034620B100204C4A4D4902F0C2FC85
S214013320012009B0BDE8F08FA068791C89B2C55D9F
S2140133301FF01DFC0337012D0646BFB213D82368C4
S214013340324659885879238A009343461FF057F826
S214013350824600283ED1862002F0CCFB284602F0A9
S214013360C9FB304668E08520F6E703A91EF0CEFBD0
S2140133709DF80C30AB4223D123689DF80D105A7985
S21401338091421DD1BDF80E105A88914218D1BDF850
S2140133901020B24214D19DF81220424510D1BDF83A
S2140133A01410228A91420BD1002D38D0BDF8181086
S2140133B0E288914204D19DF81A201B799A422ED0B8
S2140133C00BF1010BB9F800305FFA8BF08342CCD8D1
S2140133D08B20C1E74FF0000BF4E79AF8020002F0E9
S2140133E089FBBDF818001FF085FBBDF81A001FF019
S2140133F081FB9AF8020003F027FE002883D19AF891
S214013400020001F09DFC0546079E002D3FF47BAFB0
S214013410F0B2013D02F06EFB360AEDB2F5E7002090
S21401342002F068FB284602F065FB30461FF062FB9F
S214013430012DD2D1BDF81C001FF05CFB63E700BF75
S214013440EED90300C0CD030093E60300FBD90300C9
S21401345018DA0300DE5100202DE9F04391B06946E9
S21401346080461EF053FB0023194F8DF80130388833
S214013470431E98B28045388009D1694640461EF001
S2140134804DFB68461EF031FB11B0BDE8F0834FF0EE
S214013490180905A91EF03AFB0E4C3E880AAD09FB39
S2140134A006460FCE0FC596E8030009FB084485E8DB
S2140134B003000AAE404605A91EF030FB0FCE0FC42E
S2140134C095E8030084E8030069463888D7E700BF1B
S2140134D0DE5100208010002008B5064B1B88834271
S2140134E005D9FFF7B9FFFFF739FE002008BD2720F1
S2140134F0FCE700BFDE51002038B5074D2C882CB9FB
S214013500FF2106481DF09CFD204638BD601E80B296
S214013510FFF7A2FFF2E700BFDE510020843A002049
S2140135202DE9F3479A4618239DF82890244FCDE9B4
S214013530001203FB09731446D3E902231FF0D7FCDC
S214013540064620460D4603F07FFD04F0FD03382BAA
S21401355080460FD1009432462B460021DAF810003F
S2140135601EF0FFFAB8F1010F1BD135431ED102B090
S214013570BDE8F087392CDAF810300BD107EE906AE7
S21401358007EE103AF4EEC77AF1EE10FAACBF01205E
S2140135900020E7E79E4275F100032CBF01200020C2
S2140135A0E0E7B8F1000FE2D10028E0D0182303FBD2
S2140135B0097701233B7402B0BDE8F047FFF7CEBDA3
S2140135C0801000202DE9F04F00252E46A846AA4679
S2140135D02C46DFF8BC91D1B0694BA8B21B88834258
S2140135E009D81CB161882079FFF79AFDFFF7B6FD6F
S2140135F051B0BDE8F08F0BA91EF088FA25F03BFD0F
S2140136001823AFB27B4309EB030B59F8033005903F
S2140136109DF82D00049301F0C1FC002800F0AE8057
S2140136209DF82C10002940F0A980DDE90432D01A5B
S2140136304FF47A72BDF838305343834200F29E80CD
S2140136409BF8103043B9BDF83A30002B00F0968055
S2140136505343834200F29280FD230022CDE90132DA
S21401366010AB00930DF119020DF11A03E9B20BA884
S214013670F0F72EFE002877D1BDF81A30DA1C049335
S214013680D2B214B33F4B9DF82D101B8813442279F8
S214013690914214D1BDF82E10628891420FD19DF847
S2140136A03220B8EBD21F0AD1BDF83420524506D1DC
S2140136B0B3424DDD0020344902F0F4FA01E0B34292
S2140136C0F8DC61882079FFF72BFD02F0E7F9044664
S2140136D09DF932002D4BC043C00F0093BDF8342036
S2140136E00A23BDF82E10C0009DF8328002F03AF988
S2140136F09DF82D304FF0000B23714FF48A53FF26AF
S214013700BDF834A04FEAD818E38007A95FFA8BF01A
S2140137101FF091FDC0B2B0B99DF81D109DF82D2087
S214013720914210D1BDF81E10BDF82E2091420AD14B
S21401373022469DF829109DF81C001FF002FBB0429E
S21401374028BF3046C6B20BF1010BBBF1200FDCD10E
S214013750BDF830001FF0CEF99DF8190002F0CAF945
S214013760049910A802F0DAF9182300225F4309EB46
S21401377007031A7425F07FFC49F8070001352BE78B
S214013780DE510020E8510020D7DA030093E603005B
S2140137908010002070B500240126104D8AB02B88B9
S2140137A0A0B2834204D80AB0BDE87040FFF7D6BC89
S2140137B005A91EF0ABF99DF8150001F0EFFB50B11D
S2140137C09DF814303BB91A46CDE901360093E1B2B3
S2140137D005A8F0F77DFD0134E1E700BFDE510020CA
S2140137E02DE9F0430389DFF858818BB0B8F80090D3
S2140137F00093044683798288418840781EF0FFFD55
S214013800002800F09580E78927B1A389BB4200F222
S21401381091800027B8F80030BDB2AB4214D84D46AF
S21401382001264FF6FF73E2899A4226D146B9B8F8C7
S2140138300030AB4202D92846FFF70EFEFFF78EFC9A
S21401384000200BB0BDE8F083284605A91EF05EF9FE
S2140138509DF814307BB92268059B5340FF2B0AD88C
S2140138606368069E5E4036F07F4604D1BDF81C2094
S21401387023899A42D5D00137CCE7E2689A422BD009
S214013880002E53D1D4E90323CDE9082305A81EF061
S2140138902CF90028D5D1B8F80030AB4204BF6B1C18
S2140138A0A8F8003025F0E7FB18236B43234AE9B25A
S2140138B0D050D418002305A81A46CDE90133009349
S2140138C0F0F706FD18B100220023C4E902232846BA
S2140138D005A91EF023F9B1E7234605AA04F1100C49
S2140138E0174618685968083303C763453A46F7D13F
S2140138F01868386005A81EF0FBF80028C0D01F2DF8
S2140139001AD800238DF8143063788DF81530638843
S214013910ADF81630A388ADF81830A3798DF81A30B3
S2140139202389ADF81C300028B0D1ABE70020E6E7CC
S214013930862086E7872084E7892082E7801000209A
S214013940DE5100202DE9F04FB04A90F814908DB06A
S2140139500446AF49002002F0BFF900201FF04EF9DF
S21401396020B12368218A588803F04EF90020A9491E
S21401397002F098F9637DDFF8B8A2002B14BF80230C
S21401398040230293236808BF08205988A14B18BF1B
S21401399000200093228A072301F0E4FF002303930B
S2140139A0A28909F10305954211DB039B13B9184659
S2140139B002F0A0F81FF0BCF9034620B10020964A99
S2140139C0964902F06FF901200DB0BDE8F08FA068AE
S2140139D009F1010189B210F809601FF0C8F83246F2
S2140139E0804603468E490020ADB202F05BF98EB1E7
S2140139F0012E00F08A808527384602F07BF8304693
S214013A0002F078F840461FF075F8852FD2D00123D2
S214013A10039376E0A06809F10401A28989B2475DA3
S214013A201FF0A5F809F10601A289049089B2A068E1
S214013A301FF09DF83A4605900090049B3046794960
S214013A4002F030F909F1080938461FFA89F503F042
S214013A50FBFA002857D1384601F072F92946034689
S214013A608146A289A0681FF073F86F4983463046E5
S214013A7002F032F9A1684A4629443346304602F03C
S214013A8075F83046634902F00DF9A9441FFA89F525
S214013A902368424659885879238A0093029B1EF070
S214013AA0AEFC18B18378BB4240F0AC80483FFFB211
S214013AB0092F05D840F21133FB40DB0700F1A48043
S214013AC000238DF81C30236807A85A798DF81D202D
S214013AD05B88ADF82080ADF81E30029BCDF82CB087
S214013AE08DF82230238AADF82430049BADF82830B7
S214013AF0059BADF82A30FFF773FE074600287FF4D2
S214013B007BAFA9464CE7B346C2E72946A289A0681F
S214013B101FF02DF84FF0000B0246074643490020E0
S214013B2002F0C0F809F10509BAF800301FFA89F564
S214013B30BAF800201FFA8BF94A4503D81F2B31D952
S214013B40892759E7484607A904931DF0DFFF9DF82A
S214013B501C20049B012A22D122689DF81D00517960
S214013B6088421CD1BDF81E005188884217D1BDF885
S214013B702010414513D19DF82210029881420ED1A2
S214013B80BDF82400218A884209D1BDF82800E188C1
S214013B90884204D19DF82A10127991421BD00BF16C
S214013BA0010BC5E7012299468DF81C202268517940
S214013BB08DF81D105188ADF82080ADF81E100299C1
S214013BC08DF82210218AADF82410E188ADF828106E
S214013BD012798DF82A2007A8ADF82C701DF085FF04
S214013BE0074600287FF408AFBAF8003048469945E2
S214013BF008BF09F1010307A908BFAAF800301DF0A4
S214013C008DFF7EE78D27F7E68C27F5E602DB0300BE
S214013C10C0CD030093E6030063DB030018DA03005C
S214013C200ADB030027DB030048DB030053DB03004A
S214013C30DE5100202DE9F04F0746884691460025C3
S214013C4089B09A46BDF848B09DF84C60149C224B4A
S214013C501A88A8B2824235D903A91DF057FF9DF8EC
S214013C600C201D4BB2BB9DF80D10B94232D1BDF8E8
S214013C700E1041452ED1BDF8101049452AD19DF8A8
S214013C801210514526D1BDF81410594522D130469F
S214013C90029201F055F8A6F14103012B01460AD81C
S214013CA020461EF06AFF0D4B0D4A204484420CD17B
S214013CB00421029302ACEDB232462046009503ABD6
S214013CC0FFF72EFC09B0BDE8F08F14F8011F4B403A
S214013CD05343EBE70135BBE7DE510020C59D1C8150
S214013CE0930100011FB50F4C2478C4B142EA0322A8
S214013CF09DF818308DF8051042EA43220A4BADF8BC
S214013D000C201A78094B8DF80610079903EB02135D
S214013D1000908DF80400DB6868460291984704B06D
S214013D2010BD00BF5A5800205C580020A43A00205D
S214013D3073B51A4DFF211A481DF082F92B7853B33B
S214013D40184C194E2378180106EB03131A7A596892
S214013D50305C1FF0F4FA4D281DD0E0B1012300219C
S214013D602278CDE900311201B25CC0B2FFF7BAFF8A
S214013D700A2223780A480133DBB2B3FBF2F102FBD5
S214013D801133FF2123702B78013B2B7002B0BDE865
S214013D9070401DF04DB902B070BD00BF5A580020EA
S214013DA0443B00205C580020A43A0020F8B5104F90
S214013DB03E780A2E1AD00FC8DFF840C00D4D9CF889
S214013DC00040013605EB041585E80F000A2301348F
S214013DD0E4B2B4FBF3F203FB12440748FF218CF86C
S214013DE000403E701DF024F90020F8BD0120FCE7DC
S214013DF05A580020A43A0020443B00205B5800207B
S214013E000021024A0248FAF763B900BF313D0100BA
S214013E10443B0020002337B50C46124D12492A7840
S214013E20CDE9003312018A5C01230146E0B2FFF7B7
S214013E3059FFA4B90D490A788AB10A202B78013AAC
S214013E400133DBB2B3FBF0F40A70FF2100FB14333D
S214013E5007482B7003B0BDE830401DF0E9B803B049
S214013E6030BD00BF5C580020A43A00205A580020FC
S214013E70443B002008B500F0BDF850B1054B064A9A
S214013E800649052808BF1A46BDE80840002001F08B
S214013E9009BF08BD77DB030093E6030098DB030048
S214013EA008B503201FF065FA10B90122014B1A70FC
S214013EB008BD00BF5D5800200022024B18781A701A
S214013EC0704700BF5D5800200246FF2101481DF0E3
S214013ED0A6B800BF643B0020114B37B51D78C5B9A5
S214013EE0FF2110481DF0ACF8FFF7DAFF04460090FA
S214013EF00D4B28460D4A0E4901F0D4FE4CB10D4B30
S214013F001B78DB0605D528461FF00DFA20461DF066
S214013F105DFC094B186803B0BDE83040FFF7D4BF1D
S214013F205D580020643B0020B5DB0300E3DB0300A3
S214013F30A2B303004B58002038610020FF2101483E
S214013F401DF07EB8643B002070B51A4E05463378E6
S214013F500C466BB30020184A184901F0BDFE032C2D
S214013F6001D0652C20D11649002001F0B5FE22466D
S214013F700020144901F096FE0020134901F0ACFE22
S214013F80012329460822002001F0F0FD00200F49F8
S214013F9001F088FE032C88BF0023204688BF3370BB
S214013FA0BDE87040FCF7BEB8012CE0D00849DBE75D
S214013FB070BD00BF5D580020E3DB03008CB7030033
S214013FC0F6DB030043BE030014DC030093E60300A4
S214013FD00CDC0300014B1860704700BF38610020FD
S214013FE00021024A0248FAF773B800BFD93E010021
S214013FF0643B0020054B10B51C782CB90448FF2102
S2140140001DF016F8204610BD0520FCE75D5800207F
S214014010643B0020F8B50024074B084E1D68084F86
S214014020E3B29D4204F1010400D8F8BD394656F8C2
S21401403023001CF0BCF9F3E7C4570400C85704007A
S2140140400462002010B5044C23780BB11FF081F9EF
S2140140500123237010BD00BF526500202DE9F743F0
S214014060254B0D4616460446019350B14AB104232A
S21401407001AA12F8011BA94235D0013B13F0FF0338
S214014080F7D1212003B0BDE8F08317F8010F90FAAD
S214014090A0F0000E1CF0C7FB014608EB070399458C
S2140140A0F3DCCAB2C1F30F2392FAA2F293FAA3F396
S2140140B0120E1B0E03EB0223DB43621912F8020CED
S2140140C099B2DBB298420CD112F8013CB3EB112F36
S2140140D007D132462146284603B0BDE8F0431FF01B
S2140140E0A0B82320CEE74FF6FF71671EA5F102099F
S2140140F0C4F10108D1E700BF080A0E12014B18707F
S214014100704700BF5E580020024B1A681860826034
S214014110704700BF3C610020024B186800B1406840
S214014120704700BF3C61002070B5044600250A4B6D
S2140141301B687BB100211E8807E05A6802EB01105C
S214014140013145B9021B554255418AB29642F4D80F
S2140141509B68EEE7184670BD3C6100202DE9F04FE4
S2140141601E46002393B0022E074688461446DDF805
S21401417070909DF874A0ADF81A3040F2C08099F89E
S21401418000305A0729D5042E40F2B98099F804B0B8
S21401419000255F4B33F83520002A00F0B680013544
S2140141A00A2DF7D1209B002B40F0AD80FF25002380
S2140141B0207908AA0DF119018DF819301EF069FC55
S2140141C070B1BDF82C309DF8190023801EF0E5FC77
S2140141D00790C0B113B0BDE8F08F99F802B0D7E7E9
S2140141E020791EF087F90B28059000F28A80207945
S2140141F01EF0E4FC07900028ECD1464A059B02EB32
S21401420003135B8823804FF6FF73002F08BF4346D6
S21401421062880021CDE9002358465246238802F0E1
S214014220FDFD18B1E38843F02003E380209B07A936
S2140142300DA8CDE90D34CDF83C90ADF84080ADF831
S21401424042608DF844708DF845A01EF037FC08B129
S2140142500798BFE7484602F025FDA01D02F010FDB5
S2140142602246414638461EF06CFDB04227D3E3880D
S2140142702246C3F30E03E3809DF87C304146039348
S214014280BDF87830384602930DF11A03CDE9009354
S214014290F3B21DF0A2FE209B079003B3F8B9BDF858
S2140142A01A2042B1092D06D81B4B03EBC5018A80A3
S2140142B0209A43F835201120FAF7D2FB1CE0BAF118
S2140142C0000F0AD10DF11A03CDE9006322464B46D1
S2140142D041463846FAF7D2FFDDE73820DBE7052806
S2140142E007D1E388DB0607D5002301200793FFF7F4
S2140142F005FF079B002BDED01EF054FCA8E701202B
S21401430068E7212066E71C2064E7EDB24FE700BFAF
S2140143108C3B0020F83B0020883B00204FF6FF72C4
S214014320024B1A805A809A80704700BFE0510020E5
S21401433010B5044C2379FF2B02D11FF038F82071F9
S214014340207910BDE051002010B50C4C2379FF2BCD
S21401435008D100201EF021FC20B91FF028F820719A
S2140143601EF020FC2079022805D00438012894BFCD
S2140143700020012010BD0020FCE700BFE051002016
S2140143804FF6FF7310B5044C22889A4202D11FF0F3
S21401439004F82080208810BDE051002010B5FFF7FA
S2140143A0BDFF40F61D439842044607D8B0F5416F5D
S2140143B005D2182826D8152848D829D010BDA0F52A
S2140143C041630D2BFAD801A252F823F011440100E3
S2140143D011440100BD430100BD430100BD4301007E
S2140143E0BD430100BD430100BD430100614401001E
S2140143F0734401000D4401000D4401000D44010009
S2140144000D44010040F606439842D7D11C4920E0EE
S214014410FFF7B6FF1B490246002001F043FC152CAE
S21401442005D11EF0A4FFBDE810401EF050BB164B90
S214014430164A1749B4F5416F08BF1A46002001F025
S21401444031FC1EF043FB1EF042FBECE71628DDD1E3
S2140144501049002001F026FCBDE810401EF059BCB2
S2140144601DF0A2FEBDE8104002460B49002001F0F7
S21401447019BC0020BDE81040084901F013BC00BF7C
S21401448073E3030020E3030093E603001BE303004A
S2140144903CE303005CE3030088E30300B0E30300AE
S2140144A007B5094A0346108831B9084A084903B0D6
S2140144B05DF804EB01F010BC0091064A064901F0D4
S2140144C00BFC03B05DF804FBF85100209FAE03001F
S2140144D0D0E3030043AF0300A2B303000D4B37B58F
S2140144E01B68044693B11D780389012D08BF022578
S2140144F00093C37A084A0020084901F0D3FB2146FD
S214014500284603B0BDE830401EF009BF022003B0C4
S21401451030BD00BFC43C002045E40300F4E30300C3
S214014520002010B51EF039FB0D4B1B6863B15A789D
S214014530052A03D862B1052402220AE0FF2AFAD02E
S2140145400020084901F0AEFBBDE810401EF02ABB72
S214014550144610461EF03FFF20461EF03AFFF3E7D2
S214014560C43C00204AE4030013B5134C00201EF09F
S21401457014FBFFF7D3FE23689BB101A81DF007FECD
S21401458078B923681A789DF804309A4209D0D91E62
S214014590032906D9D11E012903D9012A07D1022BE5
S2140145A005D1032301A8ADF804301EF0BEFE02B00B
S2140145B0BDE810401EF0F6BAC43C002000231946A0
S2140145C0034A01330A2B918042F8081BF9D1704740
S2140145D0883B00207FB50E4605461EF0A8FE2A46FB
S2140145E0044603460D49002001F05CFB96B10C4BD6
S2140145F036211A889B78ADF80C208DF80E300323EF
S214014600002200934FF6FC7003AB8DF80D501EF0A0
S214014610E2FD0446204604B070BD00BF6BE4030013
S214014620003C0400FF2810B50C4604D100200449C4
S21401463001F038FBFE202146BDE81040FFF7CABF57
S21401464084E40300F8B51E460B8807460C4615465B
S214014650002B64D14A88B1F9021000200029B8BFA6
S2140146606B78304901F01EFB6288132A1DD002F5D3
S214014670FF437F339BB2052B23D8A2F50042013AB4
S214014680052A1ED8DFE802F0193F1D033C09264A19
S2140146902649002001F006FB13E0254A23490020A5
S2140146A001F01AFB2A792349F3E7022E94BF4FF64D
S2140146B0FF72B5F801202049EBE700201F4901F001
S2140146C0F1FA33462A46214638461FF07AFD70B97C
S2140146D033462A46214638461FF075FD48F2210327
S2140146E062889A4203D1384669781EF0DBF96388FE
S2140146F0B3F5004F02D90820FAF7CCF90120F8BD2E
S2140147002A790F49C5E70F4A0849002001F0E4FA63
S214014710032E94BF4FF6FF726A880B49B9E7002053
S214014720EDE700BFBFE40300E7E40300EEE40300A7
S214014730FFE4030005E5030013E503002BE5030092
S21401474045E5030067E503006CE503002DE9F0414C
S21401475016888AB0DFF88C80ADF80E300DF10E03A6
S214014760C8F8002015460093324610AB07460C46A3
S214014770FAF716FE90BB109B8DF824000693BDF841
S2140147800E3004A8ADF81C30AB898DF81070ADF86A
S21401479020306B890594ADF81E60ADF822301EF00E
S2140147A08BF9D8B921463046BDF80E30109A01F083
S2140147B0C9FF98B921463046BDF80E30109AFFF76A
S2140147C041FF58B9CDE9006039462046BDF80E30A4
S2140147D0109A02F049FB08B9C8F800000AB0BDE813
S2140147E0F08100BF843B0020F0B585B004AB03E93F
S2140147F0030000231C469DF80D609DF80E70154AB7
S214014800D9B202EBC1004568EDB99DF80C302846D7
S21401481000939DF80A209DF80B300F4901F05CFAD1
S21401482026B1324628460D4901F056FA0C4A0020B8
S214014830002C18BF2246BDF808300A4905B0BDE86D
S214014840F04001F02FBA12F831100133B94208BF17
S2140148502C46D5E7A83B04007EE503008FE5030060
S2140148600EAE030093E503004FF6FF7310B5084C38
S21401487088B062889A4207D102A90DF107001DF09F
S21401488084FCBDF810306380608808B010BD00BF9E
S214014890E05100202DE9F04F85B0894692461C462E
S2140148A00746BDF83850BDF83C80109E002833D02E
S2140148B00346464A0020464901F00EFA2388002B9B
S2140148C076D040F20912934274D0424A4249B3F577
S2140148D0827F08BF0A46CDF80480618800200091D7
S2140148E03E4901F0F9F9238893B1B8F1020F0FD9C7
S2140148F033783B4913F0010F3A4A18BF0A46590765
S2140149004FF000004CBF3379B378374901F0E4F932
S2140149100020364901F0C6F90023354931F8332025
S214014920AA4249D1334A52F833B0002331F8330052
S214014930DA00A84246D100202E490A44908041F868
S214014940330047B9238833B9B4F90230002B02DBB0
S2140149500820FAF785F80120FAF79CF89EB1357819
S214014960EB0710D515F0040004D04246012130466D
S2140149701EF0FDF8CDE901704346224651464846F1
S21401498000961DF014FEBBF1000F06D043462246EA
S21401499051464846CDE90067D84743462246514628
S2140149A04846CDE900671DF0C8FA05B0BDE8F08FAE
S2140149B0114A90E7114A8EE701330A2BAED14FF028
S2140149C0000BB2E701330A2BB0D1BAE74BA50300BF
S2140149D0BAE503000FAE0300A8E50300C8E503002F
S2140149E0ABE50300B3E50300F9E5030093E6030036
S2140149F08C3B0020883B0020A1E50300A5E50300D1
S214014A000D4BF0B54FF00C0C1F88054600230B4EDE
S214014A10DCB2BC4201D30020F0BD0CFB04F430191B
S214014A20345DAC4205D144888C4202D1047994426B
S214014A30F2D00133ECE700BFF46400204C610020A3
S214014A4073B501262B4D2C4C2A462046FF23002108
S214014A500096F9F707FB2A462046FF230021009619
S214014A60F9F700FB2A462046FF2300210096F9F7B6
S214014A70F9FA2A462046FF2300210096F9F7F2FAB2
S214014A802A462046FF2300210096F9F7EBFA2A462C
S214014A902046FF2300210096F9F7E4FA2A4620462D
S214014AA0FF2300210096F9F7DDFA2A462046FF2368
S214014AB000210096F9F7D6FA2A462046FF23002160
S214014AC00096F9F7CFFA2A462046FF2300210096E2
S214014AD0F9F7C8FA2A462046FF2300210096F9F77F
S214014AE0C1FAFF232A46002120460096F9F7BAFAB2
S214014AF002B070BD69180300D83B00202DE9F843C9
S214014B0000244FF00C090C4B0C4F1E78DFF8308058
S214014B103A88E5B2954202D33046BDE8F88309FBF0
S214014B200585FF21A8681CF099FA18B9AB799E4251
S214014B3038BF1E460134EBE75F580020F4640020BE
S214014B404C610020014B1878704700BF5F58002069
S214014B50014B1870704700BF5F580020F8B5064635
S214014B600C461DF094FF0546C8B930461DF0C2FC40
S214014B700B2815D80B4B03EB00131F7B87B95A88FC
S214014B80012122809A88304662809B79237100F049
S214014B9037FA39466071304600F032FAA0710125C5
S214014BA02846F8BDF83B002070B504460E4615466B
S214014BB01DF0A0FC0B2802D94FF6FF7070BD094B03
S214014BC003EB00131A7B002AF6D146B901222946C7
S214014BD0204600F03DFA0028EED00088EEE7012ED0
S214014BE0EAD1F4E7F83B0020FF2313B50DF10701E6
S214014BF004468DF807301DF048FF18B19DF80700F0
S214014C0002B010BD074B03EB04131B7B0BB1FF2057
S214014C10F6E7204600F03AF90028F8D0204600F0E2
S214014C20E9F9EDE7F83B002013B5F6F711FA04466B
S214014C30F6F714FA224603461249002001F032F82C
S214014C4000F084FFFFF7BAFC00F0A6F80221084640
S214014C5002F046FDFFF764FC41F249001EF0CDFB71
S214014C604FF0FF130093FF2368468DF804301EF0C3
S214014C70AAFB4FF400401EF088FB00201EF0A5FBA7
S214014C8002B010BD48E6030038B505461DF021FF09
S214014C9090B928461EF0CDFA044628B140F60443E2
S214014CA0984214BF88248D2423462A4600200349AF
S214014CB000F0F8FF204638BD8D24FBE760E60300D0
S214014CC02DE9FF4705460E4617469846BDF8309033
S214014CD0DDF834A0BDF83840CDF80090CDE9014AA2
S214014CE0E4B2FFF7D7FD43463A4631462846CDE9BA
S214014CF00094CDF808A01FF02DFAFF21034B044ABB
S214014D00044804B0BDE8F04700F01ABEEC5100209C
S214014D10E8510020375A0020044B0146188810221B
S214014D2040F0404040F48010F6F7A2BFFE38040081
S214014D30024B18685968FFF757BD00BFAA7C0400EC
S214014D400123064AD15C814202D1054AD05C7047F4
S214014D5002335F2BF6D10020704700BF023C0400EF
S214014D60033C040070B500220446094B1D78094B2C
S214014D70D0B2854201D8FF2070BD1E78A64204D16C
S214014D800029F9D05E7BF607F6D401321033EFE73F
S214014D9060580020F83B00202DE9F04198B06B46A2
S214014DA0304A1068516803C390680CAA18602E4BED
S214014DB014469C4603F118061546186859680833C8
S214014DC003C5B3422A46F7D112AA1746274B03F169
S214014DD01806154618685968083303C5B3422A46AB
S214014DE0F7D1234A03AB106851684FF0010E03C395
S214014DF0906871681860DCF83000002206AB03C3C7
S214014E000C21EC46B068CDE909221860194BDFF891
S214014E106C801970184B0DEB01060B9206AD09A9B3
S214014E201CF8010B0132187034F8020B0C2A58805A
S214014E3037F8020B83F80DE0988016F8010B03F1A2
S214014E40100303F80A0C15F8010B08EBC00043F831
S214014E50080C11F8010B03F8040CE1D118B0BDE8F9
S214014E60F08100BF7AE60300723F04008A3F040027
S214014E7087E6030060580020F83B00206C3C0400E5
S214014E80014B1878704700BF60580020034B03EBB6
S214014E900013587B00F00100704700BFF83B00206C
S214014EA0F0B504460846D9B100220E4B11461F78CC
S214014EB00D4B1D46D6B2B74201D8002010E01E7831
S214014EC0A64206D09E68F688314489B20132103374
S214014ED0F0E75E7BF607F9D505EB02150180A868B9
S214014EE0F0BD00BF60580020F83B00202DE9F347D5
S214014EF0894690461D46074618B9002002B0BDE80F
S214014F00F0870029F9D0002AF7D0002BF5D000242D
S214014F1000780DF10601ADF80640FFF7C1FF002845
S214014F20EBD039460DF10602BDF806601DF0D7F943
S214014F3007460028E1D00DF10602BDF806A01DF0D7
S214014F40F5F90028D9D0C9F80070C8F8000003792F
S214014F5013F0200219D1DB0614D4BDF806300C4A32
S214014F60564413FA86F612FA86F20BE01A790C33D7
S214014F70920642BF13F8092C891889B29842F5D8CF
S214014F80044A0A4401202A60B8E72146024BF5E7A5
S214014F908359002061580020AC3E040008B500216A
S214014FA0FFF7E0FEFF2817BF044B084603EB00138C
S214014FB0587B18BF00F0010008BD00BFF83B002079
S214014FC02DE9F0410D4616461F461DF093FA0B28B3
S214014FD00AD8074C3B4604EB001032462946BDE88A
S214014FE0F04180681DF053BA0020BDE8F08100BF93
S214014FF0F83B0020014B0001185C7047F83B00208D
S21401500070B50C461DF076FA0B281BD80F4B03EB38
S21401501000139A68C2B10023142618461579D9B22E
S2140150208D4200D870BD116806FB0311097B34B9A7
S21401503011F0800F1CBF0130C0B20133EFE711F051
S214015040400FF7E70020EDE71046EBE7F83B0020BE
S214015050F8B50D4616461DF04DFA0B280BD80F4B2A
S2140150604FF0140C03EB00139A6800231C461779C3
S214015070D9B28F4201D80020F8BD10680CFB03009E
S214015080017B46B911F0800F03D0AC42F4D0013455
S214015090E4B20133ECE711F0400FF5E7F83B0020EE
S2140150A02DE9F04F064600243A4B87B01B783A4F5D
S2140150B00093009B9C4207D2FF2E08D030461DF07D
S2140150C019FA0B28044606D907B0BDE8F08F07EB9E
S2140150D004131B7B2BBB23014FF00008019307EB46
S2140150E0041A14E014221B6802FB05352B89B3F55C
S2140150F0967F01D923F0D3FF4FF000094FF00C0B38
S21401510029891FFA89F291420ED808F10108019BFC
S2140151105FFA88F5FB189B681A79AA42E2D8FF2E37
S214015120D2D10134E4B2C4E71FFA89F00BFB00F0D8
S2140151306B6819180A7912F0100F23D19AF800E05B
S21401514012F0400F8DF80CE0B5F800E0185AADF8F3
S2140151500EE00CBF4FF0400E4FF0800EADF812007F
S21401516028468DF810E01DF086F85307ADF81400B8
S214015170C8780AD50228896800D90968002203A8D8
S2140151801DF055F909F10109BAE702288CBF8968B3
S2140151900831F3E760580020F83B0020052370B57E
S2140151A0094A06881488B44208D19578047B2C40B5
S2140151B03F2C03D90D4201D0506870BD013B02F16E
S2140151C00802EFD11846F8E71C3F040070B500242A
S2140151D0074D084E2B78E0B2834200D870BD06EB2F
S2140151E00010437BDB0701D51DF063FA0134F1E7BC
S2140151F060580020F83B0020F8B50C460021054613
S214015200FFF7B0FDFF2829D0154A060102EB00136F
S2140152105B7B03F001016CB143F001031644A1422C
S214015220737305D0C4B100B202EB00101DF041FA51
S2140152300120F8BD2346F1E77B4311682846CA18CA
S214015240127BC95AD2091CF0A0FE0134B268E3B23F
S21401525011799942F0D8EBE71427F7E70846E8E713
S214015260F83B0020F0B59446497D20B339B30129B7
S21401527018BF042100254FF6FF702F462A46144E0C
S2140152803488644511D196F803E01EEA010F0CD06C
S214015290B4789C4209D30AB1BC4206D81EF0100F5E
S2140152A003D08AB1BC420CD370B90135072D06F183
S2140152B00406E5D1F0BD002908BF0821D8E7022180
S2140152C0D8E727460020F0E727460122FAE700BF85
S2140152D0003F04002DE9F04F0A9FBDF824E09DF839
S2140152E02C809DF830904C7D78B394B3012C18BF78
S2140152F004240025194800F11C0C068896421ED18C
S21401530090F803B01BEA040F19D08678464516D3E9
S2140153101BF0100F91F80FA004D0BAF1000F0ED0B9
S214015320B1F810A0BAF1000F09D1A94513D0AE45C6
S21401533011D95E553E88013501363E80ADB2043046
S2140153406045DAD10120BDE8F08F002C08BF0824A3
S214015350CDE70224CDE70020F5E700BF003F0400BB
S2140153602DE9F04F0024B1F57C4F0E4638BF4FF0C3
S214015370010BA246A1464FF6FF781F4628BF274BD2
S21401538085B028BFB3F800B0009001925C4503D306
S214015390404605B0BDE8F08FB6F57C4F0CD3204BE8
S2140153A03A4603EB840331465B880098FFF708FE14
S2140153B0054680B300232AE03A46314600981DF0A0
S2140153C0C9F8F5E70C229CB254436A680199105B50
S2140153D002EB040C884219D3B9F1000F01D05045F5
S2140153E014D861462846CDE902321CF044FF029BE0
S2140153F060B1039A125BB9F1000F03D0524501D395
S214015400804503D9924680464FF0010901332A8927
S2140154109CB2A242D6D80134A4B2B7E7623C0400DB
S214015420643C04002DE9F04F91461A4600238BB0E8
S2140154308DF82020BDF850208DF81C00ADF81E1008
S214015440ADF8242005460F461A4604A907A8159C60
S2140154509DF858609DF85CA09DF860B09DF864804A
S2140154600493ADF822901CF08EFF049850B92B4699
S214015470CDE90079644A654900F014FC86200BB03A
S214015480BDE8F08FBAF1000F14D18378B34206D08D
S21401549050465D4A5E4900F005FC8D20EFE7037932
S2140154A013F0010306D11846574A5A4900F0FAFB91
S2140154B08820E4E703795B072CD583685A689B68E4
S2140154C00592069380781DF0F4FC049B0546DF7870
S2140154D02146022F03463A4610D805A81DF0A5FC22
S2140154E081462B463A46214606A81DF09EFCB9F198
S2140154F0010F01D001300DD18720C0E705981DF0BE
S21401550094FC0128F8D02B463A46214606981DF011
S2140155108CFCEFE7BBF1000F6FD1049F4FF6FF72D3
S2140155202146B8781CF045FE00286BD0BDF8243023
S214015530C5B20093CDE902549DF82030BDF8222073
S214015540BDF81E109DF81C0001961DF0AFFA00284C
S21401555095D1BDF82430CDE902540093BDF8222040
S2140155609DF82030BDF81E109DF81C0001961DF018
S2140155707AF8002883D121469DF8682007A81CF0F8
S21401558056FF00287FF47BAFB8F1000F07D03B46EB
S2140155902046BDF81E209DF81C101CF0EBFFBDF840
S2140155A02430BDF82220BDF81E109DF81C00009383
S2140155B0CDE901649DF82030FEF73CFBBDF82430B0
S2140155C0BDF82220BDF81E109DF81C000093CDE901
S2140155D002549DF8203001961DF067FABDF824307C
S2140155E0BDF822200093BDF81E109DF820309DF8CE
S2140155F01C001DF010F8002041E70020064900F0CD
S21401560051FBF8E701203AE794E60300A0E6030021
S214015610CCE60300E0E60300F4E603007FB50025D0
S2140156208DF80830BDF820308DF80400ADF806106E
S214015630ADF80A20ADF80C306946BDF82830099A55
S21401564001A80B9E00951CF09EFE044630B916B1CB
S214015650009B9B783370204604B070BD8928FAD130
S2140156602846024900F01EFBF5E700BF11E70300DC
S2140156702DE9F04F4FF0000AC7B0FFF701FC5FFAC3
S2140156808AF6B04202D847B0BDE8F08F5B4B3601D0
S2140156909A5D00205A4900F005FB0020594900F0A8
S2140156A001FB00230593554B9DF8144033449B683A
S2140156B01A79A24202D80AF1010ADEE714224FF053
S2140156C000091B6802FB043422891FFA89F39A42F7
S2140156D002D8059B0133E5E70C231FFA89F803FB83
S2140156E008F8D4F804B023F0DAFC0BEB08052B79A4
S2140156F0454913F0400F3BF8083022884FF0000070
S2140157000093424B18BF0B46414900F0E5FA294683
S21401571020461CF0B0FD074600283CD13D4900F06C
S214015720DBFA2979DFF814C111F0010F3A4818BFE6
S214015730604611F0020FAA78EB7832D1DFF800C18B
S21401574011F0100F354918BF6146CDE90001002060
S214015750334900F0C1FA2B793BF8082013F0400FCB
S2140157604FF0000B4FF0FD030DF118082188CDE92D
S214015770023BCDE9007821480CBF40238023805DA1
S214015780FFF74CFF86280ED12649002000F08AFA42
S21401579009F1010998E702462349002000F09CFA26
S2140157A0BFE72249D1E7A8781CF055FDD8B140469D
S2140157B01DF0E3F9421C92B201234146002000F09D
S2140157C0D5F93946208801F001FA4FF6FF73984261
S2140157D007D0174B174903EBC0035A68002000F0A7
S2140157E061FA1549D1E7A8781CF03BFD20B1404687
S2140157F01DF0C8F9821CDEE7EA78DDE7F83B0020F9
S21401580063E7030071E703003BE7030040E703009B
S214015810B1E70300F4D8030048E703004BE70300B1
S214015820C5E70300E1E7030082EC030053E703004A
S214015830EC3F0400CEB7030093E6030045E7030000
S2140158405BE703002DE9F04FC7B0BDF844A106465B
S214015850BAF1040F0D4614461F46BDF840B163D990
S214015860CDE9013B00920B4602463049002000F08C
S21401587019FAFD230DF117090DF1180830460293A8
S21401588022463B462946CDE900B8CDF80C90FFF7F5
S214015890C5FE0646B8B9FD22414699F800001CF03F
S2140158A088FC0746C0B1AAF10403834238BF8926A3
S2140158B020461DF01FF98EB1304600F01BF9304628
S2140158C047B0BDE8F08F009023462A4600201849CD
S2140158D000F0E8F90027EBE78926E9E7DFF85CA0A6
S2140158E0BA1CBAF80030C3F1FF039A4219DA3046FF
S2140158F000F000F999F8000000F0FCF8BAF8009002
S2140159000C483A4641464844B94404F0F3FEAAF826
S214015910009023462A4630460749009700F0C2F910
S214015920CDE7892000F0E6F88926C8E7EDE7030011
S21401593028E80300375A00204FE80300E85100200A
S21401594010B5044C20600448018004490A60044AEA
S214015950136010BDC03C0020E6510020BC3C002076
S214015960B83C002030B587B00AAC0D4654F8041B8D
S2140159700093CDE9011413460949024609480988EE
S214015980006805941CF0B6FF4FF48A52064B1B685C
S2140159901880064B1B685D80DA8007B030BD00BFFB
S2140159A0E6510020C03C0020BC3C0020B83C002052
S2140159B008B410B587B009AB0C4653F8041B009227
S2140159C0CDE9011302460B490B48059309880023CC
S2140159D000681CF08FFF4FF48A52084B1B68188032
S2140159E0074B1B685C80DA8007B0BDE8104001B049
S2140159F0704700BFE6510020C03C0020BC3C0020A0
S214015A00B83C0020044A034611680448044A098841
S214015A10126800681CF047BABC3C0020B83C002065
S214015A20C03C0020044B054A1B6812681988044BC9
S214015A3018681CF0ABB900BFBC3C0020C03C00207D
S214015A40B83C002007B5074B1B681B880192064A25
S214015A5012680092054A12681CF0F9F903B05DF865
S214015A6004FB00BFBC3C0020C03C0020B83C00202A
S214015A701FB51446064A12681288CDE90143009103
S214015A80044B05491B6809681CF0BDF904B010BD3C
S214015A90BC3C0020C03C0020B83C0020014B1868EC
S214015AA0704700BFB83C0020024B1B681871597143
S214015AB0704700BFB83C002010B50024084B1C708E
S214015AC0FEF75EFC074BFF2218802146064804F0CD
S214015AD081FC064B1C80064B1C605C609C6010BD04
S214015AE0415B0020EA510020375A0020E85100208F
S214015AF0EC51002007490B88FE2B9FBF064AD05465
S214015B00581C80B29DBF088000F1FF30801800202D
S214015B10704700BFE8510020375A0020F8B5094FFA
S214015B200D463B885C18FE2C0ADC074E0A46A4B2DA
S214015B300146F01804F0A0FC3C80641BA019F8BDD7
S214015B400020FCE7E8510020375A0020024B034AA8
S214015B5000201A60704700BFC43C0020683C040067
S214015B60014B1878704700BFF83B002030B4044D55
S214015B70044C002B0CBF2B46234630BC1DF026B828
S214015B803BA6030022E9030070B5054608460C460D
S214015B901CF0F3FF611C0246024B2846BDE870402C
S214015BA01DF014B841F0030000B5037889B00693E0
S214015BB043783E220593837808490493C378039378
S214015BC0037902934379019383790093C379044857
S214015BD0008800F081F809B05DF804FB7DE8030059
S214015BE0F8510020024B02460249188800F05AB8C4
S214015BF0F8510020A7AC03002DE9F04705460E46F4
S214015C0017460024DFF84480DFF844A0DFF844900C
S214015C10AC4201D1BDE8F087B8F8000006EBC4013C
S214015C20534608221CF0D2FF0134B8F800003FB9F1
S214015C30044AA54208BF4A46034900F04DF8E7E783
S214015C404A46F9E793E60300A6AC0300F8510020A4
S214015C5022E90300FD9703002DE9F0410E4E0446AC
S214015C6030881CF0CBFFA8B100250C4FDFF8308040
S214015C70E3070AD518B94146308800F02DF8308878
S214015C802A46394600F028F8002001351B2D4FEA38
S214015C905404EDD1BDE8F081F85100203AD5030057
S214015CA0C5E503000EB417B505A9044651F8040B63
S214015CB0019103F091FA01210220054AF8F7F2FC5E
S214015CC0044B1C8003B0BDE8104003B0704700BF12
S214015CD093E60300F85100200EB417B505A9044653
S214015CE051F8040B019103F077FA034B1C8003B0C3
S214015CF0BDE8104003B07047F851002013B50368A3
S214015D000446587900F032FF90B923685A88032A6E
S214015D100ED0E17C5B79CDE900211649164AFFF7E2
S214015D20C1FF012120461DF009F8012002B010BD77
S214015D30637D012B0AD0637D33B92368228A598893
S214015D4058791CF0E3FB48B9C3200AE02368228A8D
S214015D50598858791CF0E3FB0028ECD020461CF04B
S214015D604FFF064B1B78002BDFD110F5807FDCD070
S214015D70C1B2D7E7AAE80300A2E80300385B002017
S214015D80002970B50F491D460F4B14460CBF6E22F5
S214015D907922002808BF0B4600200C49FFF79CFF1C
S214015DA00B4E2544AC4205D1BDE8704000200949A0
S214015DB0FFF778BF3146002014F8012BFFF78CFF60
S214015DC0F0E700BFE3E80300D9E80300ECE80300CE
S214015DD020E9030077CC03002DE9F04FC27C8BB09D
S214015DE00592427D0368002A14BF80224022077D67
S214015DF00446856886895879B846B3F802900692B3
S214015E0000F0B4FEA0B9059B052B05D86FF02D0355
S214015E10059A1341DB070BD5B9F1030F08D0AB493F
S214015E200020FFF73FFF012120461CF087FF76E0A8
S214015E30E37B1BB1228A002A00F0B781607D002235
S214015E40B0FA80F05B4203F00403DFF88CB240093D
S214015E5043EAC000ABF80020FFF74CFEE37B1BB320
S214015E60208A1CF047FE8246A07CFFF743FE059A77
S214015E70162A00F29A81DFE812F019009E016C00E2
S214015E805600D2016C009201D9019A01E001E701A6
S214015E90EE01390102029801980198011402580294
S214015EA014027002390102029A46DDE700204B46D1
S214015EB0874A8849FFF7F6FE0120FFF71BFE08F127
S214015EC00207B74229D84146324628461CF04FFE03
S214015ED08046236842465879BBF800304946C3F1EC
S214015EE0FF039BB20193238A0093069B1EF06CF975
S214015EF010B11FFA87F8E2E7236842465879BBF8E3
S214015F0000304946C3F1FF039BB20193238A0093F5
S214015F10069BFFF797FC8928EBD11CF009FF0120AF
S214015F200BB0BDE8F08F4FF0000B0420FFF7E2FD49
S214015F30F31E0893089B984552D3BBF1000FECD192
S214015F40E37B94F81480002B0CBF02220422624BE0
S214015F501A804FF0000B0420FFF7CCFD5F4608F1D6
S214015F60030A564540F29D803246414628461CF0BB
S214015F70FEFD05EB08039B78F21EAA44A2EB08027D
S214015F8007905146184692B209931CF012F90890F0
S214015F90002879D02268099B5079CDE901A3238A8C
S214015FA049460093DDE906321CF032FC82464A4639
S214015FB00020079B4949FFF78FFEBAF1000F55D124
S214015FC00BF10103504646495FFA83FBFFF76AFE71
S214015FD0089B08F1030813FA88F81FFA88F8BEE749
S214015FE03246414628461CF0C2FD05EB08039F7861
S214015FF0089B08F10301A3EB08022944824692B2EA
S214016000384609911CF0D5F8079068B323680999BA
S214016010587902970191238A524600934946069B76
S2140160201CF046FC0746B8B10BF1010338465FFA8F
S21401603083FBFFF75FFD50461CF05CFD53464A4666
S21401604000202649FFF72EFE3A4600202549FFF795
S21401605029FE802F3FF471AF079B08F1030813FA5E
S21401606088F81FFA88F865E78027DDE75046FFF7CE
S21401607041FD07981CF03EFD0137524600201949A4
S214016080FFB2FFF70FFEA3E78720FFF733FD079860
S2140160901CF030FD0137872212490898FFB2FFF73E
S2140160A001FE059B052B3FF43AAF002F7FF435AF79
S2140160B0BBF1000F05D10C495846FFF7F3FD8021CF
S2140160C0B2E63846FFF716FD27E700BFF29C03004D
S2140160D02DE903007AE90300E851002037E90300BF
S2140160E07AE8030053E903005DE903000599A84A2D
S2140160F0A84B0020152918BF1346CDF80090A64AD4
S214016100A649FFF7CFFD059B0C2B14BF16200D20CB
S214016110FFF7F0FC3246284639461CF028FD059B61
S2140161203D440C2B0646AD7835D1192D28BF1925CF
S214016130E37BB3B14FF6FF73278A9F4211D12068E4
S21401614032464946069B4079FFF70AF9B84208D01D
S214016150BAF1000F05D020828AF80000000A8AF8FA
S21401616001000020BBF80070FFF7C4FC236832462C
S2140161705879059B4946A3F1150CDCF1000343EB66
S2140161800C03CDE90153238A0093069B1CF0B4FA55
S214016190834BD855C1E6132D28BF1325C8E72046E3
S2140161A0FDF7D0FB00287FF4BAAE81213CE62046FD
S2140161B0FDF77CF8F6E7B9F10A0F05EB0708A6EB41
S2140161C0070A21D1DFF8DCB19BF80030E3B1E37BAD
S2140161D0D3B9BAF1080F17D13246394628461CF012
S2140161E0C6FC88B998F8023073B998F80320E22AF9
S2140161F00AD13246391D284605931CF0B5FC1CF021
S21401620082FD059B8BF80030414648461FFA8AF20C
S2140162101DF0DCFF00287FF482AE002104E6F21BAD
S214016220484692B2E9191CF05FFCF3E7F21B4846B8
S21401623092B2E9191CF01AFCECE7F21B484692B23E
S214016240E9191CF041FCE5E7F21B484692B2E91950
S2140162501DF0BEFFDEE72368EE5D5879238A01371D
S214016260ED5D0193069B3246494600932B461CF092
S21401627082F92A46314648461CF0FAFB4FE6059855
S2140162807A1CE95DB31AA0F1160670427041003916
S214016290009018BF012148469BB22A441CF0EAFB35
S2140162A0B8E7059BEE5D112B3D446F7838D112207F
S2140162B0FFF720FC0025E37BB3B14FF6FF73B4F87C
S2140162C01080984510D133464A4621462846FEF7A7
S2140162D0C9FF404508D0BAF1000F05D020828AF8E0
S2140162E00000000A8AF80100BBF80080DFF8B0A0C1
S2140162F0C8F1FE0292B208F10103009253444A46E5
S21401630021462846CDE90267CDF804B0FEF7E2FF44
S214016310BBF800300AF808000133ABF80030FCE5A2
S2140163201420FFF7E7FB0125C5E77B1C9E422CD313
S214016330EF5D1D44003F18BF0127F31A9EB2334696
S2140163402A4639460020FFF71BFD00962B463A46A3
S2140163504846218A1CF092FB5CE77B1C9E4214D3C4
S214016360EF5DF61A003F18BF01271D44B6B233464B
S2140163702A4639460120FFF703FD00962B463A468A
S2140163804846218A1CF078FB44E70020C8E500BF98
S21401639093E6030028E903006EE9030078E90300A9
S2140163A0375A0020365B002038B54FF6FB75044699
S2140163B0A9424FF001019DF8100098BF43F4004335
S2140163C0217023816260A07202230020084A0949D5
S2140163D0FFF768FCE07A084B40F6CA0203EB401070
S2140163E0FF211AF01CFEBDE838400420F8F738BB40
S2140163F088E9030093E90300083D002030B505460F
S21401640085B028B91D4905B0BDE83040FFF74ABC44
S2140164100024007B1CF0C1FB2046194A19492C7048
S214016420FFF740FC184BE87AFF2103EB40101AF007
S21401643007FE2046154B02019A5C22B9013004285A
S214016440F9D1F8F727FB696899B1B5F908302A89B7
S2140164509B1303F002038DF80430C2F30E03ADF86C
S21401646006304FF6FF73ADF80830002301A80393FA
S214016470884705B0BDE830401CF094BBBEE9030078
S21401648088E90300F0E90300083D0020C83C00202D
S2140164900948037873B91946084AD3720133042BA5
S2140164A01173117051601181917202F11002F4D1D1
S2140164B001230370704700BF375B0020C83C0020F3
S2140164C008B5FFF7E5FF002305491A018A5C01EBD1
S2140164D003101AB10133042BF7D1002008BD00BF09
S2140164E0C83C002070B50D460646FFF7D1FF0023D5
S2140164F0094800EB0514A17AB14205D1217819B1FA
S2140165002B4400EB031070BD0133042B04F110047F
S214016510F1D10020F7E700BFC83C002010B50446C3
S214016520FFF7B6FF0E4B9C4212D003F120029442B5
S21401653010D003F1400294420ED060339C420DD13C
S2140165400323084800EB0310BDE81040FFF756BFD1
S2140165500023F6E70123F4E70223F2E70020F3E73E
S214016560083D0020C83C002070B50024064D074EAB
S2140165702846324600210134F7F7AAFD042C05F11E
S2140165802005F5D170BD00BF083D00201D65010046
S2140165902DE9F34105460C4617469846FFF790FF4E
S2140165A0064640B91C4A1D49FFF77CFB02242046DB
S2140165B002B0BDE8F0814FF6FB739D420AD94FF653
S2140165C0FD739D4204D00020134A1549FFF76AFB6C
S2140165D04FF6FD75434621463A4628461CF07BFB9E
S2140165E0044600F02FFE804634B1234600200A4AB6
S2140165F00C49FFF757FBDAE73B462046064A0A49AD
S214016600FFF750FB062329463046089ACDF800804E
S214016610FFF7CAFECBE700BF88E90300FDE90300E8
S21401662027EA03005CEA030085EA0300F7B506469D
S2140166300C461746FFF744FF054638B9104A11497C
S214016640FFF730FB0224204603B0F0BD21464FF48D
S2140166508A5230461CF007FD044600F0F3FD34B1C3
S21401666023460020064A0849FFF71CFBEBE700908B
S21401667004233A4631462846FFF796FEE3E700BF75
S21401668088E90300FDE90300ADEA0300F7B5064615
S2140166900F46FFF715FF054638B9104A1049FFF7B0
S2140166A001FB0224204603B0F0BD00224023114620
S2140166B030461CF09CFE04461CF097FE34B123467F
S2140166C00020064A0749FFF7EDFAEBE700900123A1
S2140166D03A4631462846FFF767FEE3E788E90300B6
S2140166E0FDE90300E0EA030073B504460E46FFF732
S2140166F0E7FE054638B9104A1049FFF7D3FA0224D7
S214016700204602B070BD0022204611461CF071FEE4
S21401671004461CF06AFE34B123460020064A0849A6
S214016720FFF7C0FAECE70090234632464FF6FC71BD
S2140167302846FFF739FEE3E788E90300FDE9030091
S2140167400EEB03002DE9F0418846107800219EB03B
S21401675014461D46FFF7C6FE0646002800F0FD80DB
S2140167600778002F7BD0B8F80010002940F0F5809C
S2140167700389B8F8022043F40040824240F0ED80DD
S214016780617800296BD1A2F50042062A00F2E58065
S214016790DFE812F0A100A100E300E3000700B80063
S2140167A06900E3880D3DADF82430238915F0010515
S2140167B0ADF8263063798DF82830E37A03F10602C6
S2140167C014F812208DF814308DF81C2042D10BA934
S2140167D08E46069104F10C005FFA85FC9C4500F19B
S2140167E0020009D210F8018C10F802CC01350CEB2E
S2140167F0082C2EF802CBEFE701EB43011A4408916F
S214016800D2B2590001F10D009A42C0B20BD0251840
S2140168106D78205C7831694400EB0520013321F85E
S2140168204C0CDBB2EDE7B6F908203389002AACBF81
S21401683001220322C3F30E038DF808206288ADF807
S2140168400A3005ABADF80C20049302A930461CF0C3
S2140168502DFA04E0424A43490020FFF723FA38465E
S2140168601EB0BDE8F081042D02D83D4A3E49F3E74B
S2140168702379053DADB29D42B4F8028002D0384A74
S2140168803A49E9E73A4A3B4B0020002D08BF134638
S2140168903949334ACDF80080FFF704FA05348DF8FC
S2140168A01450B6F90830069485B1002BACBF01230D
S2140168B003238DF82C303389ADF83080C3F30E03F3
S2140168C0ADF82E3005AB0D930BA9BFE7002BACBF7F
S2140168D006230523EDE70B2DC7D9D4F80200D4F81B
S2140168E0061013F4004F05AA03C20CBF04220322AC
S2140168F08DF82C206289C3F30E03ADF83020ADF875
S2140169002E30DFE7042DB0D96388ADF83030237917
S2140169100533DBB29D4206D00020114A1749009587
S214016920FFF7C0F99BE70E4A00201549FFF7BAF9B1
S214016930B6F908203389002AACBF01220322C3F32B
S2140169400E03ADF82E3005AB0D93631D0693237928
S2140169508DF82C208DF81430B6E700277FE700BFAE
S21401696088E903003BEB030063EB030077EB0300CE
S214016970B7A4030093E603009EEB0300BBEB030002
S214016980FCEB0300304BF0B5B0FBF3F24FF461655E
S21401699003FB1200B0FBF5F3DCB205FB13033C2549
S2140169A0B3FBF5F3DBB2A0EB04104B71C3EB03139F
S2140169B0A0EB83004FF4FA630B8040F201134B8087
S2140169C001230C711F4600246425204E88719442D1
S2140169D000D1F0BD91F802C013B1BCF1020F2BD06B
S2140169E006EB0C0010F801ECC87870450BBF0120CF
S2140169F001300CF1010CC0B208BF81F802C0C870AA
S214016A0088780D2816D10B888F7001339BB29807B2
S214016A100B8014D1B3FBF5F005FB103080B280B9C2
S214016A204FF4C870B3FBF0FC00FB1C339BB2B3FA07
S214016A3083F35B090134CAE74FF01D0ED4E7002348
S214016A40F8E70123F6E700BF80510100AE3F0400DE
S214016A5010B5044688B006A9FFF794FF9DF81E30CE
S214016A600A4803939DF81D30049402939DF81C3048
S214016A709DF81A200193BDF8183005490093008847
S214016A809DF81B30FFF70EF908B010BDF851002035
S214016A9015EC0300026808B51188154B198051885A
S214016AA0598051791971117959714FF48A51D980E8
S214016AB0D28812F0200F0CBF0A464FF48B52816920
S214016AC0DA800C4A137831B9C0880B4923F00203E7
S214016AD00880137008BD43F002031370074B15229C
S214016AE01846013103F0C8FC002200F8012CF1E73A
S214016AF0EC510020415B0020EA510020FB510020B0
S214016B0010B5184C236858791BF0F4FC0B2822D8D2
S214016B10154B03EB0010027B237F9A421BD123689F
S214016B20428819888A4205D04FF6FF70814212D1F9
S214016B30120410D42279023A012A06D9A37B63B93A
S214016B40BDE810400748FFF747B9198958791AF088
S214016B5007FE0028F2D1002010BD0248BDE8104013
S214016B60FFF7CCB88C3D0020F83B002008B51BF0A1
S214016B70C1FC0B2896BF024B0020185C08BD00BF65
S214016B80465B002008B500201CF007F8FF201BF02C
S214016B90E4FC1CF007F81BF0ACFEFEF771F90121CE
S214016BA00246064803F016FC054BFF21054A064837
S214016BB0FEF7C6FEBDE80840FEF708BB465B0020B0
S214016BC0EC510020E8510020375A0020F0B5002291
S214016BD004464FF6FF750B4F90B237F83060034608
S214016BE0AE4201D12846F0BDA64209D1B4F57C4F8C
S214016BF0F9D307EBC3035B888B42F4D00029F2D0AC
S214016C000132E9E7EC3F040010B50446FFF7DEFF6A
S214016C10094A034610884FF6FF72934214BF074A8B
S214016C202246BDE8104017BF02EBC30304495A6869
S214016C300449FFF751B800BFF8510020EC3F0400AB
S214016C4038EC0300CEB70300034B18780130C0B20E
S214016C50187000F07F00704754650020044A1378CE
S214016C6018B143F001031370704703F0FE03FAE70F
S214016C70415B0020014B1870704700BF445B002049
S214016C8038B1074B1B78012B04D1038843F040032E
S214016C9003807047022BFCD1038823F04003F7E7FB
S214016CA0445B002068B1074A1378012B07D1064BD5
S214016CB01B781370037843F01003037001E0022B76
S214016CC0F8D07047435B0020425B00207FB501216E
S214016CD0264B274E197033780246D90744D42549E6
S214016CE0096881B10868C1888D0641BF224CE188D8
S214016CF041F02001E180C1884C0641BF1E48C18891
S214016D0041F04001C1801D4D1D4928780978400792
S214016D104CBFE97069701B4913F00204098809D059
S214016D20164A19481BF0BAFE337823F00203337073
S214016D3004B070BD154B18884FF6FB73984208D8FF
S214016D400B46CDE9005201460B4A20461BF07FF860
S214016D50EEE74FF6FF73CDE9014200930A46074B73
S214016D6005491BF050F8E3E70020E1E7385B002017
S214016D70415B0020883D0020EC510020375A00205E
S214016D8055650020E8510020FA510020EA51002004
S214016D9070B503790446012B0D46164631D8836833
S214016DA01B78DB0600D561B3A37B13B9E37C0B2B01
S214016DB027D00022144B1A80637DB3FA83F35B0954
S214016DC0D800E37BABB9FEF795FEA07CFEF792FEFA
S214016DD00B20FEF78FFEE07CFEF78CFE2846FEF7C2
S214016DE089FE2046FFF756FE3046BDE87040FFF7A5
S214016DF06DBF40F00400FEF77DFE208A1BF07AFE90
S214016E00E3E7002070BD00BFE8510020024B0A46B0
S214016E1001461868FFF7BCBF883D0020F0B4054660
S214016E2018460F4B0C461B78BDF81010012B0D4E63
S214016E3001D0377827B1002333700020F0BC7047AB
S214016E400CB9002AF9D143B14FF65743994204D001
S214016E502B462246F0BC1BF007BE0120EEE700BF22
S214016E6056650020455B00202DE9F04F684C4FF039
S214016E70000A25468446964698460F46654B664E5A
S214016E8083F800A00FCE0FC596E80F0085B085E801
S214016E900F00DDF83C90BDF8383072460093394655
S214016EA043466046CDE9019400F0DCF8DFF89081B6
S214016EB0064670B90025FEF7FFFD16220021574849
S214016EC003F088FA00232846C8F8003005B0BDE86C
S214016ED0F08F534BA27CC8F800401A70514B1B78B8
S214016EE0002B36D01BF011FF4F4902465046FEF7E5
S214016EF0F3FE22685046537952884C490092A28983
S214016F00FEF7EAFE50461BF079FE20B12368218A7F
S214016F105888FFF779FEE37B23B10020228A444993
S214016F20FEF7DAFEA36800201A78E37C4149009355
S214016F30A37CFEF7D1FE207DA289A168121A014426
S214016F400123002092B2FEF711FE00203A49FEF717
S214016F50A9FE2F48FFF79EFD2D481DF030F9054686
S214016F6030BBB9F1000F25D12168E0880B8801906C
S214016F704988BA1E032A00918CBF002201220121F2
S214016F80E07CFFF74BFF38B923685B79FF2B3AD0DB
S214016F90FFF7B6FD05468EE72368DB889A06F3D42D
S214016FA00121264C1A4821701BF0C8FE84F8009077
S214016FB0354680E7B9F814309B07E5D47AE758469A
S214016FC0FEF718F882465846FDF760FF88B1236839
S214016FD05046228A59881BF090FA50B13846FFF77E
S214016FE059FD236889F804A083F805A0FFF788FDFA
S214016FF000B9284605460136FDF742FF5FFA86FBD3
S2140170005845DCD857E70026014FDFF83890F3E7FC
S2140170108C3D0020385B0020CC3F0400FA51002054
S214017020556500205365002051EC03005AEC03001F
S2140170307BEC030087EC0300019E0300455B002008
S214017040883D0020EC5100200023054AD15C814296
S21401705002D31A44507870470233DBB2F6E700BF1A
S214017060BA3F040073B515462E781A4616F0040F7B
S2140170700CBF032605269E42089C08D9224A2349AE
S21401708000960020FEF70EFE002002B070BDBDF88F
S214017090183021712060E380A560A2812B7803F06F
S2140170A00103A3732B7803F00403002B14BF012103
S2140170B00021E1732978C1F3C00161754FF0010128
S2140170C0217518D028461BF052FD237D20820233FD
S2140170D02375227D531CDBB22375A95C0232D2B222
S2140170E0A1742275EB5CE374A3899A4205D90092D8
S2140170F00749054AC5E72382EBE7079B0120A36101
S21401710000232377C1E700BF4BA50300CAEC0300A9
S214017110E6EC03002DE9F7430024204FDFF89C80BE
S214017120DFF89C90E0B21CF09EF8FF2805460FD1D0
S2140171302346012102201A4AF7F7B4FA194B013403
S214017140187819F06EFB152CECD103B0BDE8F0836E
S21401715046B238EA260328BF4B4601210093022097
S21401716057F82430104AF7F79DFA002EE6DA09237D
S214017170E340DB070AD50D4A0D4B15F0010F18BF8A
S2140171801A4601210220F7F78DFAD7E70A2CD5D146
S214017190084A094B15F0010FF1E700BF044004004F
S2140171A03FED03005765002067ED030018ED03006F
S2140171B002ED030034ED03002AED0300B7A403003B
S2140171C093E6030008B554220021024803F002F9B1
S2140171D0002008BDE852002008B55422FF210248CD
S2140171E003F0F8F8002008BD94520020024B23F863
S2140171F010100020704700BF94520020002310B4E6
S214017200074ADCB2A14203D85DF8044BFFF7DABFA8
S2140172102A2BF9D032F8024B20F813400133F0E75D
S214017220E8520020002310B5054A994201DD2A2BB9
S21401723000D110BD32F8024B20F813400133F4E7B9
S214017240E8520020024B187800F07F00704700BF1C
S214017250525B0020034B18780130C0B2187000F062
S2140172607F007047525B002030B51C4600238BB070
S214017270ADF82220021D92B2012A0E9DADF82030F3
S214017280ADF81E10ADF81C3003D94FF6FF729042D0
S2140172900FD10022CDE90352CDE90124094B014665
S2140172A01B784FF6FF70009307AB1BF0FCFF0BB08B
S2140172B030BD0146CDE901531846009407AA1CF0DB
S2140172C00EF8F4E75865002038B505464FF48050AF
S2140172D00C4603F085FA4FF480532860236030B9DA
S2140172E040F2A511BDE83840014821F0CBBE38BDBB
S2140172F056EE030000487047A6540020014B18784C
S214017300704700BF71650020014B1888704700BFA9
S214017310FC640020014B1878704700BF6A650020A6
S214017320014B1878704700BF565B0020014B187858
S214017330704700BF65650020014B1870704700BF9D
S214017340595B0020014B1870704700BF585B002046
S214017350014B1888704700BFFA6400202DE9F74FEB
S2140173604FF00008394B3A4F93F80090394B3A4E9C
S2140173703A4D3B4C3B483C49DFF8F4C0DFF8FCE0B3
S214017380DFF810A1DFF810B10193019B20372033FD
S21401739001935FFA88F3994506F1200605F1200569
S2140173A004F1200400F1200001F120010FD8002291
S2140173B011462E4B2E4D1C782E4E2F4B2F4FD0B2F2
S2140173C0844203F1200338D803B0BDE8F08F2C4B7C
S2140173D02C4A47F81C3C002346E907232A4A47E97A
S2140173E0063E45E90723294A46E905E344E907231A
S2140173F0274A45E905E340E90723019A44E905E3FD
S21401740040E905E341E908CA41E9063E47F820CCD0
S21401741047F8103C46F820CC45F820CC44F820CC60
S21401742040F820CC41F8103C08F1010842E908CBAD
S21401743042E9063E42F8103CA7E743E9085643E90D
S214017440061743F8101C0132B9E700BF7565002026
S2140174506441002064400020444100202441002073
S214017460C4400020A4400020844000206F65002016
S214017470E04F0020719F0200E440002093E60300E5
S214017480E1580300B9570300AD6702004D810200C1
S2140174902132030021E50200B1560200002208B5A0
S2140174A0074B1A605A601BF0ADFE064B18701BF0B6
S2140174B0A9FE054B1870054B1A78054B1A7008BDC6
S2140174C0824F0020945B0020935B002063650020C0
S2140174D0925B0020002100B593B008466A460AF088
S2140174E0E7F90146C8B90E4B0E4A09930E4B0D92A9
S2140174F00A930E4A0E4B0E920B930E4A0E4BCDE993
S2140175000F230C930D4B6A4611930AF087FC003843
S21401751018BF012013B05DF804FB0120FAE700BF95
S2140175204B530300496302004F550300093802001C
S2140175304F32030075720200AF550300795F0200F7
S214017540084B1878112806D8012809D9064BC340DC
S21401755003F001007047A0F14303584258417047B9
S21401756000207047965B00203400020008B5064BE9
S2140175701B78013B022B05D80020FFF7E1FF0138FD
S214017580C0B208BDFF20FCE7975B0020044B00F16A
S214017590100250F8041B904243F8041BF9D17047BF
S2140175A0985B0020044B03F1100253F8041B93422E
S2140175B040F8041BF9D17047985B002030B50024D1
S2140175C091B0114B0546214614220BA8CDE909437B
S2140175D002F000FF102209ABCDE900440693CDE985
S2140175E00452CDE90252094B09490AA818F018FDC0
S2140175F004460AA81CF080FB1CB1A021054821F016
S21401760041FD11B030BD00BF00248000004440049D
S214017610985B0020E1EE030070B5002490B0154B96
S21401762005460E46142221460BA8CDE9094302F071
S214017630D1FE102209ABCDE9004406933146CDE9CF
S2140176400452CDE902520C4B0AA818F0E9FC044694
S2140176500AA81CF051FB1CB1BA21084821F012FD02
S214017660099B102B03D0BB21044821F00BFD10B061
S21401767070BD00BF0024800000444004E1EE03001A
S21401768030B50D4600218FB0124B0446142209A8CE
S214017690CDE9071302F09EFE102207ABCDE90242A8
S2140176A0CDE90042049329460B4B08A818F0BAFC12
S2140176B0044608A81CF020FB1CB1D121074821F084
S2140176C0E1FC079B102B03D0D221044821F0DAFC01
S2140176D00FB030BD0024800000444004E1EE0300FA
S2140176E00022034B1870034B1970034B1A70704736
S2140176F0A95B0020AA5B0020A85B00202DE9F04FC3
S214017700DFF89080064698F800300D4685B0002BCD
S2140177103AD04FF6FB73984236D84FF0000B1C4F09
S214017720DFF874A03C7898F800305FFA8BF94B4587
S2140177309AF8000011D9484402AA0DF10601C0B218
S21401774014F00CFB082229460DEB020003F08EF91B
S2140177500BF1010B0028E6D14C463B78A34208D139
S21401776098F80020631CDBB29A423B7004BF0023EA
S2140177703B70324629469AF800301C44E0B205B008
S214017780BDE8F04F14F0D8BB05B0BDE8F08F00BFE0
S214017790A85B0020AA5B0020A95B00202DE9F74F1B
S2140177A006460D4614461F464FF0010BDFF878904B
S2140177B003F10C0A15B903B0BDE8F08F102DA846E9
S2140177C028BF4FF010083A46164B5FFA88F152F878
S2140177D0040B524543F8040BF9D101919AF80020A5
S2140177E011481A70002389F80F4089F800B089F80B
S2140177F00E30FFF7E3FE324601340B480199E4B23E
S21401780012F801CB10F8013B83EA0C0302F8013CA5
S214017810931BDBB28B42F3D3A5EB080816461FFA7F
S21401782088F5C7E7AC5B0020AB5B00202DE9F04F85
S2140178309046914685B00090981A029383B20193C0
S214017840009B0F46354903F10C0453F8045BA34231
S21401785041F8045BF9D11B78314E0B704923337024
S214017860019BF0731B0A3046B373FFF7A7FE022194
S214017870BB460D46737888EA030373704FF0000A1F
S2140178801DE0C5F11004A9EB0A039BB2A4B29C4209
S21401789028BF1C4600231FFA83FCE8186445C0B2C3
S2140178A01FD82544EDB2A344102D54441FFA84FA80
S2140178B005D1002530460391FFF780FE0399D14597
S2140178C0DFD807EB080B25B115480391FFF776FEC5
S2140178D0039901294FF000050DD00121DDF8049030
S2140178E0CCE71BF803C016F800E001338CEA0E0C57
S2140178F006F800C0CFE7029B09491F44094B3846EA
S2140179001C78224602F0F6FE2A4621463846009B9F
S21401791005B0BDE8F04FFFF741BF00BFAC5B0020EC
S214017920AB5B00207665002030B540780C46012818
S2140179304FF0110387B001F1100516D1144A01A9C1
S2140179400AF0F4FF234601AC22461868596808334A
S21401795003C2AB421446F7D111230D4A002001A9F8
S2140179600AF0E4FF002007B030BD0120094A01A952
S2140179700AF0DCFF234601AC224618685968083332
S21401798003C2AB421446F7D11123024AE6E700BF11
S21401799075E4010079EB010030B50C46407887B0FC
S2140179A001284FF011030DBF0B4A0C4A012001A913
S2140179B018BF01A90AF0BAFF234601AA05AD14466D
S2140179C003CCAC4218605960224603F10803F6D195
S2140179D0002007B030BD00BF75E4010079EB01005F
S2140179E010B50C4688B01A230C4A01A901200AF0EA
S2140179F09DFF21460DF10E0304F1100251F8040B10
S214017A00914243F8040BF9D11A230020034A01A935
S214017A100AF08CFF002008B010BD00BF24E1010071
S214017A20F0B58BB004460D461DF054FCA8B101A874
S214017A3012F044F988B1667B271D16F0020F05D0B7
S214017A400822384601A903F011F8D0B901AB46F077
S214017A50020603CB6060796066731A230A4A03A99B
S214017A6001200AF063FF29460DF116030DF12602E7
S214017A7053F8040B934241F8040BF9D100200BB0E4
S214017A80F0BD2D20FBE700BF24E10100F0B505465F
S214017A90071D00220C463846082193B01DF0A8FBAE
S214017AA06A7B0646D0070BD5687808A91CF055F8FE
S214017AB0DDF83D306B60DDF841307B6080B10BE076
S214017AC0910709D5D2000121384602F080021CF048
S214017AD04FF8FF28687002D12D2013B0F0BDD6B143
S214017AE0687801A91BF0D6FF9DF81C305B0604D50B
S214017AF04FF4C6710A4821F0C5FA234603AD07AC18
S214017B002A4603CAA24218605960154603F10803C3
S214017B10F6D10020E1E708A91CF01FF8CEE700BF68
S214017B205FEF03002DE9F04106468AB01F480F4675
S214017B3015460024FFF736FD002C01A914BF4FF0AF
S214017B405C0C4FF0360C10238846184A12F8010BCD
S214017B50013B8CEA000013F0FF0301F8010BF5D19D
S214017B6005A81EF080F94246102105A81EF07FF9EF
S214017B70C4B93946324605A81EF0E1F92A460DF188
S214017B80140C0DF1240E634603CB7345106051604F
S214017B909C4602F10802F6D114B10AB0BDE8F081A4
S214017BA00124C9E72A461021E5E700BFDB5B002078
S214017BB02DE9F04791460D46C0B09DF82041DDF80D
S214017BC028811E46DFF87CA09DF824310746224610
S214017BD0494640468AF8003002F08CFD9DB12346A6
S214017BE0324641463846FFF721FEB44207D9A11B6B
S214017BF03B46012289B208EB0600FFF7CFFD0020C5
S214017C0040B0BDE8F087A11B3B46012289B208EBD4
S214017C100600FFF7C3FD22464146684602F06AFDAC
S214017C203246694638462346FFF700FE9AF800209A
S214017C300DEB040109EB040002F018FF0028DED06A
S214017C402C20DDE77665002038B50346104601F1A5
S214017C50100451F8045BA14242F8045BF9D10449CF
S214017C601BB1FFF7D9FC002038BDFFF709FDFAE785
S214017C70DB5B002030B5054689B069461BF08EFDFA
S214017C806B8804ACABB12246294668461BF026FD3C
S214017C900E4A08AD234603CBAB42106051601C462A
S214017CA002F10802F6D10948FFF770FC002009B07E
S214017CB030BD6B46054D1A4603CAA242286069606C
S214017CC0134605F10805F6D1EDE700BFDB5B0020A2
S214017CD050B10B4B0B4A03F1100153F8040B8B42C6
S214017CE042F8040BF9D17047064B054A03F110011F
S214017CF053F8040B8B4242F8040BF9D1704700BFCE
S214017D00DB5B0020BB5B002008B51022024802F0B6
S214017D10B3FB002008BD00BFCB5B002008B50846BA
S214017D201022024902F0A8FB002008BDCB5B002010
S214017D3010B5044686B001A9114A112301200AF0A4
S214017D40F5FD9DF8143001A8E3701EF053FC80F099
S214017D5001000C4A01A96070112301200AF0E6FD1A
S214017D609DF8143001A8A3701EF044FC80F00100B9
S214017D70207010F03DFB6060002006B010BD00BF13
S214017D8075E4010079EB010010B5044686B01123B5
S214017D90134A012001A90AF0C9FDA3789DF8142011
S214017DA09A4207D08DF81430002011230C4A01A9FD
S214017DB00AF0BCFD11230B4A012001A90AF0B6FD09
S214017DC0E3789DF814209A4207D08DF814300020ED
S214017DD01123044A01A90AF0A9FD06B010BD00BF8F
S214017DE079EB010075E401002DE9F04186B0064605
S214017DF003A80C4612F000FF054600284AD1BDF83C
S214017E000C30980646D510222946204602F0E2FAA2
S214017E1001A811F053FFC0B1777B06F1040817F0F3
S214017E20020F06D00822404601A902F01FFE0028D4
S214017E302ED101AB47F0020703CB7060C8F80410DF
S214017E407773238843F008032380238843F00203D3
S214017E50238011F00DFB60601DF03CFA30B10E4B33
S214017E601B68A360238843F0040323800B4B1A6826
S214017E70D1035EBF238843F010032380130203D58A
S214017E80238843F400632380284606B0BDE8F081CA
S214017E902D25F9E72425F7E7944100209841002095
S214017EA010B5D0E9023253F8223090B01C68402257
S214017EB0694620461BF0C4FE034630B12246002028
S214017EC00549FDF7EFFE10B010BD012269460820F6
S214017ED0FDF792FEF7E700BFF5EF030070B500F07F
S214017EE0B1F800280CBF6E22792200201349FDF755
S214017EF0D9FE00F0A7F8F0B11BF0B6FE00280CBFC3
S214017F006E22792200200E49FDF7CCFE08220020C1
S214017F100C49FDF7C7FE00250B4C0C4E234654F8C2
S214017F20042C314600200335FDF7BCFE182D04F164
S214017F300C04F3D170BD3F22E4E700BF2DF003002F
S214017F4044F0030054F00300BC42002073F0030029
S214017F5070B51BF06EFE044621490020FDF7A2FE17
S214017F602CB92046BDE870401E49FDF79BBE00F0C7
S214017F70BBF805461C4B62690020002A08BF1A465A
S214017F801A492668FDF78EFEA28800201849FDF7DB
S214017F9089FE1849E2880020FDF784FEA38822891D
S214017FA013F010001ABF002013491449FDF77AFE9A
S214017FB0E26800201249FDF775FE2269002011498A
S214017FC0FDF770FE104A114B0020B6F5817F38BFD1
S214017FD013460F492A46BDE87040FDF763BE00BF51
S214017FE0A8F00300B5F003006BC00300D6F0030051
S214017FF0F4F0030015F1030032F103004FF1030022
S2140180006DF103008BF10300A0F0030096F003006E
S214018010A9F1030038B5014600230C25084A05FBE3
S21401802003F4A0181459013404D10C2202F024FAE6
S214018030002038BD0133082BF1D10120F9E700BF3C
S214018040B8420020034B1878012894BF0020012075
S214018050704700BFED5B002038B50446044D287814
S214018060A04203D021461BF0C4FD2C7038BD00BFD2
S214018070ED5B002000B58FB03422002101A802F08C
S214018080A9F901A8EEF79AFD0598D0B182680E4BC2
S214018090B2F5803F34BF92B2C2F38F2241881A8173
S2140180A0028828BF41F010011A6042689980DA8080
S2140180B0C268DA6002691A6142695A61027E18462C
S2140180C01A760FB05DF804FB3C420020054B1B7886
S2140180D020B1012B04D80220FFF7BEBF012BFBD82D
S2140180E0704700BFED5B002010B5084C237853B9EC
S2140180F01BF09FFD0123237028B10368B3F5817F30
S21401810024BF037E2370207810BD00BFEC5B0020E7
S21401811070B5184B1B78012B2BD81BF06DFD164D37
S214018120024616490020FDF7BDFD0120FFF7CEFFF0
S2140181302E78FF2E1DD1FFF79DFFC8B184886022DF
S2140181403146C4F340040E482C7002F043F9602215
S21401815031460C4802F03EF95CB1FFF7C5FF042832
S21401816007D9BDE8704040F22B11074820F08ABFBE
S214018170287070BDED5B002077650020CCF1030010
S214018180B842002058420020DEF103002DE9F04FEE
S214018190DFF884928DB003AB07468846144699E80B
S2140181A0070083E80700FFF7B3FFFFF79DFF944B37
S2140181B006461D784B46012D40F07081012840F29D
S2140181C07281B7FBF0F200FB1272002A00F06B819D
S2140181D08C4900228B46D1F800C0BCF1FF3F04D089
S2140181E0087A6044874200F019810132082A01F1B9
S2140181F00C01F0D193E8070006AE0DF1240A86E8DB
S21401820007008AE80700FFF76FFFB7FBF0FB00FBEC
S2140182101B7BA0EB0B094A46414606460AA809976E
S2140182208DF82C9002F066FA00224FF00C0E76497B
S21401823002E00132082A0ED00EFB02F000EB010C20
S21401824008580130F5D19AE807008CE807006F4915
S2140182500A7801320A70A14504DD4FF4E2716C48D8
S21401826020F010FFA41B5C444F44A1B217FA84F41B
S214018270B4FBF6F206FB1242C8448E1A91B1A41A58
S21401828008EB060107A88DF82020069402F032FAC2
S21401829006A8FFF7BFFEFF2804D140F2D9115C48BB
S2140182A020F0F0FEB6B2B6B10320FFF7D5FE802E61
S2140182B00AD832464146574802F01CFA324638463A
S2140182C054491BF0A1FC05460220FFF7C5FE2846CF
S2140182D00DB0BDE8F08F0025F9E74FF40E714C485C
S2140182E020F0D0FE464B1B78012B00F0E380002CDB
S2140182F036D00320FFF7B0FE802C2FD82246414609
S214018300444802F0F7F92246384642491BF07CFC05
S21401831005460220FFF7A0FEDFF8F09099F800303E
S21401832093B1039CFFF7E0FE374B002798461A6887
S214018330511C04D0197A411A521A944224D001379A
S214018340082F03F10C03F2D1002DC0D1039B01339A
S214018350C1D003A8FFF75EFE0546B8E70125D8E7BA
S2140183602546D9E740F26D21294820F08BFE0125EC
S21401837024E0012D30D0802E2FD83246254903988F
S2140183801BF042FC054628E0002DA0D10C247C43BE
S21401839008EB04039DF814A093F808B00AEB0B034E
S2140183A0802BDFDC1B4B524604A9184602F0A2F9CB
S2140183B0211D5A464144504402F09CF90C2303FB0C
S2140183C007839DF814201B7A13449E42D1D040F2B5
S2140183D073210F4820F056FE01250220FFF73CFED0
S2140183E099F8003013B1013B89F800304FF0FF33A4
S2140183F008EB040248F80430C2E9013367E700BF1E
S21401840077650020B842002058420020EB5B002030
S214018410DEF10300BC410020684004004FF00C0A66
S2140184200AFB02B3187AA6EB00095FFA89F9A1459F
S21401843001D35FFA84F90AFB02FA0AF1040528441B
S2140184404A464146584402F055F90BEB0A031A7A9C
S214018450A4EB09044A44D2B2B242A4B21A7219D1A8
S21401846003200193FFF7F8FD32460BEB05015BF89D
S2140184700A001BF0C9FB05460220FFF7EDFD4FF091
S214018480FF32019B4BF80A20C3E90122002D7FF43D
S2140184901EAFC844002C3FF41EAF4F44104B1B7850
S2140184A0012B7FF424AFB7FBF6F306FB1373002B07
S2140184B07FF413AFE319B3FBF6F506FB1535002D74
S2140184C03FF415AF641B5B1B08EB04012A4604A8A6
S2140184D00393A4B202F00EF98DF8145007E700BF1B
S2140184E07765002070B5134B1B78012B0CD1FFF775
S2140184F00FFE0026104D55F8043C013306D1033615
S214018500182E05F10C05F6D1002411E00320FFF723
S214018510A3FD55F8044CFFF7E7FD29460246204621
S2140185201BF072FB04460220FFF796FD002CE6D0F6
S214018530204670BD77650020BC42002070B5054618
S2140185400C46FFF7E5FD0520FFF786FD2146284688
S2140185501BF068FB06460220FFF77EFD00220A4B51
S2140185602C441968481C08D0A94206D3A1423EBF34
S2140185704FF0FF31C3E9001199600332182A03F165
S2140185800C03EED1304670BDB8420020D0E902326D
S21401859053F8223010B51C68204600F095FA28B131
S2140185A02146BDE81040024800F002BE10BD00BFE3
S2140185B05CF2030008B5D0E9023253F8223018689D
S2140185C000F06CF920B1BDE80840024800F0F0BDAB
S2140185D008BD00BF7EF203002DE9F041D0E902326A
S2140185E053F8221003EB82035B680F681D789AB07C
S2140185F0642D04D96421114800F0DAFD64252A4669
S214018600384601A900F002F9044698B90C4800F072
S214018610CFFDDFF8348001AE013DA54202DC1AB081
S214018620BDE8F0813919404616F8012B00F0C0FD6F
S2140186300134F2E7034800F0BBFDF0E7A1F20300C6
S214018640C1F20300EBF20300D8F203002DE9F04774
S21401865000252D4FDFF8E080DFF8E0908CB028464B
S21401866003A900F0EFF810B10CB0BDE8F087049B49
S2140186702946039A0093384600F09AFD404600F0DA
S21401868097FD059910290CD810290CD8DFE801F0C0
S2140186900F14320B340B0B0B360B0B0B0B0B0B0B9C
S2140186A03A0020292CD0194800F082FD07E018482E
S2140186B000F07EFD0135D2E7164800F079FD0699F7
S2140186C0484600F075FD0799134800F071FD134800
S2140186D000F06EFD1024DFF868A00DF11F0650466D
S2140186E016F8011F013C00F063FD14F0FF04F6D1FB
S2140186F00B48DDE70B48E0E70B48DEE70B48DCE715
S2140187000B48DAE70B48D8E706F30300ABF30300A0
S2140187105BF303006BF30300D1F30300E9F30300FB
S214018720FE97030073F303007BF3030084F3030057
S2140187308FF30300A6F303004AF30300BAF3030022
S214018740FAF3030010B50B4C8EB023785BB9EEF745
S214018750AFF9014650B9012301A82370EEF72EFAAE
S214018760054B049A1A6020780EB010BD034800F03D
S2140187701FFDF8E7EE5B0020FC45002000F4030037
S21401878000B58FB0FFF7DEFF002829D001A8EEF76D
S21401879015FA059B1448198800F00AFD059B134835
S2140187A05969134B002908BF194600F001FD059BC6
S2140187B01048598800F0FCFC059B0F48196900F029
S2140187C0F7FC059B0D48D96800F0F2FC059B0C48A8
S2140187D0197E00F0EDFC0B4B0B48196800F0E8FC25
S2140187E00FB05DF804FB00BF3DF403004FF4030037
S2140187F06BC0030061F4030075F4030089F4030001
S2140188009DF40300FC450020B1F4030070B5064654
S21401881015460C4679B172B1FFF794FF68B121464F
S2140188202A463046EEF7D4FA014618B1044800F05D
S214018830BFFC012070BD2120FCE71120FAE700BF34
S214018840C3F4030037B505460C46FFF77BFFE0B1DE
S214018850114B1B68AB421AD9CCB100212422204609
S21401886001F0B8FD2146284616F032FC88B92846A4
S21401887001AA04F10801EEF75DFA20B140F20643C1
S214018880C01A18BF012003B030BD1120FBE721201C
S214018890F9E70120F7E700BFFC450020F0B593B0EB
S2140188A00546FFF74FFF002845D0254B1A68AA4218
S2140188B007D829462348013A00F07AFC212013B054
S2140188C0F0BD05A8EEF77AF9284603A916F000FCD4
S2140188D098BB049A22F4FF57C2F30C0327F01F0734
S2140188E02BB14FF400532946174800F061FC039E54
S2140188F07FB120F0D4FB30464FF40051EEF7F4FA86
S2140189003346044606F5005650B9039BF31ABB429C
S214018910EFD32A4639460D4800F04AFC002406E00B
S21401892000902A464FF40051094800F041FC201EF1
S21401893018BF0120C3E71120C1E70120BFE700BF30
S214018940FC450020F1F403009FF503005EF60300EA
S2140189500DF6030010B5044638B1FFF7F3FE30B14B
S2140189600020044B1B68236010BD2120FCE711206A
S214018970FAE700BFFC45002010B50446FFF7E2FE0B
S214018980B0B10C4B1A68A24206D821460A48013AF1
S21401899000F00EFC212010BD20F081FB40F2C12228
S2140189A020460649EEF786F9003818BF0120F2E79F
S2140189B01120F0E7FC450020F1F4030038430020C5
S2140189C010B50446FFF7BEFE70B121460848EEF723
S2140189D091F940F20323984208D040F201239842CD
S2140189E00CBF0520012010BD1120FCE70020FAE78E
S2140189F0384300202DE9F0412D4D04462F68FFF73E
S214018A00A1FE002851D02968A14207D84A1E29484C
S214018A10214600F0CDFB2120BDE8F0812648EEF787
S214018A2029F9DFF894800246B0B943462E6896428B
S214018A3022D1BE4214BF3A4606F1FF3212BB31467E
S214018A401D48C8F80040EEF7F5F8014600B31B488C
S214018A5000F0AEFB0120DFE72046EEF7CBF8044638
S214018A6038B10146164800F0A3FB201E18BF0120AE
S214018A70D2E7EDF71BFFF8E753F8041B8C42DDD075
S214018A800132D4E70C499200081D01F0F5FCD6E747
S214018A9029680948EEF7EEF8044610B10146094880
S214018AA0D6E7EDF703FF2046B6E71120B4E700BF8F
S214018AB0FC450020F1F4030018430020A4F603004F
S214018AC07AF60300D7F60300F8B50446FFF73AFE38
S214018AD0002845D0234B1A68A24207D821462248CF
S214018AE0013A00F065FB21242046F8BD1F4800F03E
S214018AF05FFB20F0D4FA40F2C1221D492046EEF772
S214018B00D9F840F20327054620F0C9FA184E65B198
S214018B1040F203239D421AD02946164800F048FB2E
S214018B200124154800F044FBDEE720F0B8FA294698
S214018B303046EEF7DFF8B84209D040F201239842FA
S214018B4003D10E4800F034FBE1E70546DFE7214696
S214018B500B4800F02DFB2046FFF74CFF0446E0E7EC
S214018B601124C1E7FC450020F1F403000EF70300D1
S214018B70384300202EF70300FE97030077CC03004E
S214018B8046F7030010B50A46044619B1024B002108
S214018B901B68984710BD00BF7440040010B5114C07
S214018BA02378580744BF23F00403237023789907DA
S214018BB005D500F05DF8237823F00203237063786F
S214018BC01BB10023084A636053600023082106484E
S214018BD06370FFF7D7FF2378DA0744BF23F001035A
S214018BE0237010BD004600200446002038B51A4CFC
S214018BF062782378022A01D1072B11D0DD0712D51E
S214018C002378980707D400F02BF82378054643F01D
S214018C100203237080B96278237882B15A0716D589
S214018C200025284638BD17F079F92378054643F024
S214018C30010323700028E3D0FFF7B0FFF1E7D9075F
S214018C40ECD5064962604A6002226270E6E743F0AC
S214018C5004032370E4E700BF00460020044600201A
S214018C600122024B002083F8F02070470C460020BA
S214018C702DE9F0410A4C002526464FF0010803274E
S214018C802046C4F81C80277601351BF018F8062DFF
S214018C9004F12804F4D1002386F8F030BDE8F08111
S214018CA00C4600202DE9F04F984691B00B1E0A9312
S214018CB0B44B914614BF83469B4600251A9E98F8EE
S214018CC0000070B94D4538BF2A464B464FF00000AC
S214018CD00A9928BF09F1FF32D847284611B0BDE8E6
S214018CE0F08F252808F1010806D02A464B460A9936
S214018CF06C1CD8472546E2E70023414611F8012BB4
S214018D002B2A16D00AD8202A16D0232A17D0A2F149
S214018D103000092834D800270A2418E02D2A05D067
S214018D20302AF4D143F001038846E6E743F0020314
S214018D30FAE743F00403F7E743F00803F4E743F0E8
S214018D401003F1E7884604FB0722A2F130074146EB
S214018D5011F8012BA2F130000928F3D998F8002068
S214018D602E2A52D198F8011008F10102A1F1300023
S214018D70092843F480633ED800244FF00A0E11E020
S214018D802A2A08D156F8047B8846002FBCBF43F038
S214018D9002037F42E2E70027E0E702460EFB0411EA
S214018DA0A1F13004104610F8011BA1F1300CBCF102
S214018DB0090FF2D99046424612F8011B6C292DD0B4
S214018DC025D8682933D06A293BD04246904618F800
S214018DD0010B672860D8572836D8452808D084D98B
S214018DE0462800F0188147287FF47FAF43F40063DC
S214018DF043F0200327E12A2906D156F8044B08F14F
S214018E00020824EAE474D6E790460024D3E77429DE
S214018E1001D07A29D9D143F48073D7E798F80110A5
S214018E206C29F8D143F4407308F10202CEE798F8B2
S214018E300110682902D043F08003C7E743F0C0035E
S214018E40F2E743F40073C1E7A0F158020F2A3FF698
S214018E504CAF01A151F822F0F98E0100EB8C010014
S214018E60EB8C0100EB8C0100EB8C0100EB8C01001C
S214018E70EB8C0100EB8C0100EB8C0100EB8C01000C
S214018E80F98E010065900100F98E01003B9001000A
S214018E901B9001003B900100A0F16901C9B20F29A6
S214018EA03FF623AF012249F2410C8A4012EA0C0236
S214018EB018D10A2900F0158107297FF416AF43F06F
S214018EC0210305930823CDE903431023CDE90123AC
S214018ED056F8043B2A46009358464B460A991AF020
S214018EE0DEFFA8E06F2800F05E8110D9782808D14F
S214018EF0102223F00C0310E0582839D0622800F025
S214018F0054810A2223F01003642806D0F1E7692869
S214018F104FF00A0223F01003F6D1590548BF23F09B
S214018F200103692803F4007101D0642840D111B30C
S214018F30073626F00706B24670685AF8081BCDE9D0
S214018F40077300230593C30F0028029306940B466C
S214018F50049202DA4B4260EB4000CDE900304B460A
S214018F602A4658460A991AF0DCFF05465646A6E6F2
S214018F7043F02003BCE7D90506F1040A04D531689D
S214018F8005E000BF013D030058060CD53178CDE958
S214018F900224CDE9047300294FEAD1730193B8BFC7
S214018FA04942009120E01906E9D5B6F90010EEE72E
S214018FB079B1CDE907730023CDE9042306F1070A49
S214018FC02AF0070A06940293FAE80223CDE9002361
S214018FD0C5E7D80506F1040A0DD5CDE90473CDE938
S214018FE002240191336800934B462A4658460A9953
S214018FF01AF055FFB9E7590607D53178CDE904735C
S2140190000023CDE902240193CBE7316813F0800FEA
S21401901018BF89B2F2E743F02003CDE901730736A2
S21401902026F007060094B6EC020B4B462A46584635
S2140190300A99EBF7ADFB054641E600F0DF0047284D
S21401904001D143F40063CDE90173073626F0070624
S2140190500094B6EC020B4B462A4658460A99EBF7A3
S214019060DBF9E8E713F0020426D04FF0010A6B1C87
S2140190700B932A464B460A9916F8040BD84774B345
S21401908054460B9A21E04B4620200A99D8470AEB12
S21401909005020AF1010A5745F5D83A1E18BF012202
S2140190A0002A07F1FF3308BF002307F1010A1D4418
S2140190B008BF4FF0020ADAE7A246E8E7551C4B461E
S2140190C020200A99D8472A460134BC42F6D3A7EB9A
S2140190D00A03574538BF00230B9A1A440B920B9D7F
S2140190E0EDE53246002C52F8046B14BF21464FF0D2
S2140190F0FF310B9232463144107808B1914211D1BA
S214019100A2EB060A13F480620C9202D0A24528BF95
S214019110A24613F002030D931BD1AAEB05032A46C0
S2140191200F9308E00132E7E7531C0E9320204B46CD
S2140191300A99D8470E9A0F9BD318BB42F4D3A7EBD4
S2140191400A03574538BF00230AF101021D4403EB09
S214019150020AAB1B0E9304E01C464B462A460A99AC
S214019160D8470E9BF51816F8010B28B10C9B002B5F
S214019170F3D0631E002CEFD10D9B93B12A46AAEBC8
S214019180050405E0561C4B4620200A99D84732466E
S2140191901319BB42F6D3A7EB0A03574538BF002382
S2140191A01D440B9E8BE50822A3E60222A1E600BF22
S2140191B00FB41FB506AA52F8043B02A90392009207
S2140191C004484FF0FF32FFF76DFD05B05DF804EB84
S2140191D004B07047C33F03001FB5034600914FF02C
S2140191E0FF3203A90248FFF75DFD05B05DF804FBF9
S2140191F0C33F03001FB5CDE90201009302A9134640
S21401920003484FF0FF32FFF74DFD05B05DF804FB54
S214019210CB3F03001FB5094B094A1868094B01A942
S2140192201860094B1360094A0192094A1268CDE990
S214019230022316F01AFF05B05DF804FBEC6100206E
S2140192400437002008370020E0610020492F040081
S214019250BC490020014B186816F01BBFEC610020CA
S21401926038B5F1F721FE0446064D2B68D3F8B00257
S214019270F1F70EFE286816F01FFF2046BDE83840BD
S214019280F1F706BEEC61002010B51F4CF0F766F949
S214019290236F012023F0070343F002032367F0F74F
S2140192A06BF9D4F82031002023F0070343F00103C3
S2140192B0C4F82031D4F8403123F0030343F001030E
S2140192C0C4F84031D4F8603123F0030343F00103BE
S2140192D0C4F86031D4F8403223F0030343F00103AD
S2140192E0C4F84032D4F8003223F0070343F00103F8
S2140192F0C4F80032D4F8083223F0070343F0010320
S214019300C4F8083210BD00BF00800050064B1B6831
S2140193101A7A022A01D81AB97047032A00D0704770
S2140193201B68024A13607047F0610020BC490020A8
S2140193300022024B5A60DA601A607047C04900206A
S21401934008B501F037FF0022014B1A7008BD00BFB7
S214019350EF5B00200A4601491AF0A1BE0D59040030
S2140193600A4601491AF09BBE085904000A460149FB
S2140193701AF095BE015904000A4601491AF08FBE3B
S214019380FE5804000A4601491AF089BEFB5804003B
S2140193900A4601491AF083BEF65804000A460149F6
S2140193A01AF07DBEF15804000A4601491AF077BE4C
S2140193B0EC5804000A4601491AF071BEE55804004B
S2140193C081F0004102E000BF83F0004330B54FEA70
S2140193D041044FEA430594EA050F08BF90EA020FDD
S2140193E01FBF54EA000C55EA020C7FEA645C7FEA70
S2140193F0655C00F0E2804FEA5454D4EB5555B8BF93
S2140194006D420CDD2C4480EA020281EA030382EA03
S214019410000083EA010180EA020281EA0303362D95
S21401942088BF30BD11F0004F4FEA01314FF4801C68
S2140194304CEA113102D0404261EB410113F0004F7A
S2140194404FEA03334CEA133302D0524263EB430331
S21401945094EA050F00F0A780A4F10104D5F1200ECF
S2140194600DDB02FA0EFC22FA05F2801841F100012A
S21401947003FA0EF2801843FA05F359410EE0A5F1FE
S21401948020050EF1200E012A03FA0EFC28BF4CF02F
S214019490020C43FA05F3C01851EBE37101F00045E5
S2140194A007D54FF0000EDCF1000C7EEB00006EEBF2
S2140194B00101B1F5801F1BD3B1F5001F0CD349087C
S2140194C05FEA30004FEA3C0C04F101044FEA4452D3
S2140194D012F5800F80F09A80BCF1004F08BF5FEA5A
S2140194E0500C50F1000041EB045141EA050130BD3A
S2140194F05FEA4C0C404141EB0101013C28BFB1F54C
S214019500801FE9D291F0000F04BF01460020B1FA96
S21401951081F308BF2033A3F10B03B3F120020CDA69
S2140195200C3208DD02F1140CC2F10C0201FA0CF047
S21401953021FA02F10CE002F11402D8BFC2F1200CAC
S21401954001FA02F120FA0CFCDCBF41EA0C01904062
S214019550E41AA2BF01EB0451294330BD6FEA0404AB
S2140195601F3C1CDA0C340EDC04F11404C4F1200296
S21401957020FA04F001FA02F340EA030021FA04F3A8
S21401958045EA030130BDC4F10C04C4F1200220FAFF
S21401959002F001FA04F340EA0300294630BD21FA3D
S2140195A004F0294630BD94F0000F83F4801306BF03
S2140195B081F480110134013D4EE77FEA645C18BFF7
S2140195C07FEA655C29D094EA050F08BF90EA020F8E
S2140195D005D054EA000C04BF1946104630BD91EA86
S2140195E0030F1EBF0021002030BD5FEA545C05D189
S2140195F04000494128BF41F0004130BD14F58004C8
S2140196003CBF01F5801130BD01F0004545F0FE413B
S21401961041F470014FF0000030BD7FEA645C1ABF70
S214019620194610467FEA655C1CBF0B46024650EAA7
S214019630013406BF52EA033591EA030F41F40021D3
S21401964030BD00BF90F0000F04BF0021704730B559
S2140196504FF4806404F132044FF000054FF000012E
S21401966050E700BF90F0000F04BF0021704730B5EF
S2140196704FF4806404F1320410F0004548BF4042C4
S2140196804FF000013EE700BF42004FEAE2014FEA19
S21401969031014FEA02701FBF12F07F4393F07F4FF4
S2140196A081F06051704732F07F4208BF704793F0F7
S2140196B07F4F04BF41F40021704730B54FF460740A
S2140196C001F0004521F000411CE700BF50EA01020D
S2140196D008BF704730B54FF000050AE050EA0102B6
S2140196E008BF704730B511F0004502D5404261EB26
S2140196F041014FF4806404F132045FEA915C3FF467
S214019700D8AE4FF003025FEADC0C18BF03325FEA03
S214019710DC0C18BF033202EBDC02C2F1200300FAB4
S21401972003FC20FA02F001FA03FE40EA0E0021FAD9
S21401973002F11444BDE600BF70B54FF0FF0C4CF4C7
S214019740E06C1CEA11541DBF1CEA135594EA0C0F79
S21401975095EA0C0F00F0DEF82C4481EA030621EAB4
S2140197604C5123EA4C5350EA013518BF52EA0335EF
S21401977041F4801143F4801338D0A0FB02CE4FF0A1
S2140197800005E1FB02E506F00042E0FB03E54FF0D1
S2140197900006E1FB03569CF0000F18BF4EF0010EC9
S2140197A0A4F1FF04B6F5007F64F5407404D25FEAC5
S2140197B04E0E6D4146EB060642EAC62141EA555178
S2140197C04FEAC52040EA5E504FEACE2EB4F1FD0CBA
S2140197D088BFBCF5E06F1ED8BEF1004F08BF5FEA38
S2140197E0500E50F1000041EB045170BD06F00046EA
S2140197F046EA010140EA020081EA0301B4EB5C0497
S214019800C2BFD4EB0C0541EA045170BD41F480118E
S2140198104FF0000E013C00F3AB8014F1360FDEBFB3
S214019820002001F0004170BDC4F10004203C35DA8F
S2140198300C341BDC04F11404C4F1200500FA05F312
S21401984020FA04F001FA05F240EA020001F00042B3
S21401985021F0004110EBD37021FA04F642EB060129
S2140198605EEA430E08BF20EAD37070BDC4F10C0453
S214019870C4F1200500FA04F320FA05F001FA04F217
S21401988040EA020001F0004110EBD37041F1000103
S2140198905EEA430E08BF20EAD37070BDC4F120050E
S2140198A000FA05F24EEA020E20FA04F301FA05F276
S2140198B043EA020321FA04F001F0004121FA04F21E
S2140198C020EA020000EBD3705EEA430E08BF20EAEE
S2140198D0D37070BD94F0000F0FD101F00046400028
S2140198E041EB010111F4801F08BF013CF7D041EAAA
S2140198F0060195F0000F18BF704703F000465200AE
S21401990043EB030313F4801F08BF013DF7D043EA7E
S2140199100603704794EA0C0F0CEA135518BF95EA34
S2140199200C0F0CD050EA410618BF52EA4306D1D1BB
S21401993081EA030101F000414FF0000070BD50EADA
S214019940410606BF1046194652EA430619D094EA64
S2140199500C0F02D150EA013613D195EA0C0F05D14E
S21401996052EA03361CBF104619460AD181EA0301A2
S21401997001F0004141F0FE4141F470014FF000005A
S21401998070BD41F0FE4141F4780170BD70B54FF0F5
S214019990FF0C4CF4E06C1CEA11541DBF1CEA135575
S2140199A094EA0C0F95EA0C0F00F0A7F8A4EB050457
S2140199B081EA030E52EA03354FEA013100F088804E
S2140199C04FEA03334FF0805545EA131343EA126317
S2140199D04FEA022245EA111545EA10654FEA0026CC
S2140199E00EF000419D4208BF964244F1FD0404F585
S2140199F0407402D25B084FEA3202B61A65EB0305E1
S214019A005B084FEA32024FF480104FF4002CB6EB9D
S214019A10020E75EB030E22BFB61A754640EA0C001D
S214019A205B084FEA3202B6EB020E75EB030E22BF5D
S214019A30B61A754640EA5C005B084FEA3202B6EB9E
S214019A40020E75EB030E22BFB61A754640EA9C005D
S214019A505B084FEA3202B6EB020E75EB030E22BF2D
S214019A60B61A754640EADC0055EA060E18D04FEAEB
S214019A70051545EA16754FEA06164FEAC30343EA8B
S214019A8052734FEAC2025FEA1C1CC0D111F4801F58
S214019A900BD141EA00014FF000004FF0004CB6E751
S214019AA011F4801F04BF01430020B4F1FD0C88BFF0
S214019AB0BCF5E06F3FF6AFAEB5EB030C04BFB6EBFB
S214019AC0020C5FEA500C50F1000041EB045170BDEE
S214019AD00EF0004E4EEA113114EB5C04C2BFD4EB1B
S214019AE00C0541EA045170BD41F480114FF0000E9F
S214019AF0013C90E645EA060E8DE60CEA135594EA1B
S214019B000C0F08BF95EA0C0F3FF43BAF94EA0C0F1D
S214019B100AD150EA01347FF434AF95EA0C0F7FF492
S214019B2025AF104619462CE795EA0C0F06D152EAE6
S214019B3003353FF4FDAE1046194622E750EA4106CA
S214019B4018BF52EA43067FF4C5AE50EA41047FF4DB
S214019B500DAF52EA43057FF4EBAE12E74FF0FF3C40
S214019B6006E000BF4FF0010C02E000BF4FF0010C11
S214019B704DF804CD4FEA410C7FEA6C5C4FEA430C8A
S214019B8018BF7FEA6C5C1BD001B050EA410C0CBFD9
S214019B9052EA430C91EA030F02BF90EA020F00203B
S214019BA0704710F1000F91EA030F58BF994208BFA2
S214019BB090422CBFD8176FEAE37040F0010070475F
S214019BC04FEA410C7FEA6C5C02D150EA013C07D1B6
S214019BD04FEA430C7FEA6C5CD6D152EA033CD3D001
S214019BE05DF8040B704700BF8446104662468C46FB
S214019BF01946634600E000BF01B5FFF7B7FF00282E
S214019C0048BF10F1000F01BD4DF808EDFFF7F4FF56
S214019C100CBF012000205DF808FB00BF4DF808EDE1
S214019C20FFF7EAFF34BF012000205DF808FB00BF04
S214019C304DF808EDFFF7E0FF94BF012000205DF826
S214019C4008FB00BF4DF808EDFFF7CEFF94BF0120DB
S214019C5000205DF808FB00BF4DF808EDFFF7C4FFD4
S214019C6034BF012000205DF808FB00BF4FEA410227
S214019C7012F5001215D211D56FF47873B3EB625258
S214019C8012D94FEAC12343F0004343EA505311F07F
S214019C90004F23FA02F018BF404270474FF0000011
S214019CA0704750EA013005D111F0004008BF6FF04F
S214019CB0004070474FF00000704700BF4A0011D2C5
S214019CC012F5001211D20DD56FF47873B3EB625210
S214019CD00ED44FEAC12343F0004343EA505323FA1C
S214019CE002F070474FF00000704750EA013002D191
S214019CF04FF0FF3070474FF00000704753B94AB934
S214019D00002908BF00281CBF4FF0FF314FF0FF307D
S214019D1000F08CB9ADF1080C6DE904CE00F006F840
S214019D20DDF804E0DDE9022304B070472DE9F04FC9
S214019D30099D0E4604460F46002B47D18A4294469B
S214019D40B2FA82F35AD943B102FA03FCC3F12002F4
S214019D509F409C4020FA02F217434FEA1C461FFA26
S214019D608CFE220CB7FBF6F106FB117701FB0EF019
S214019D7042EA0742904208D91CEB020201F1FF3782
S214019D8002D2904200F23C813946121AA4B2B2FBCA
S214019D90F6F006FB102200FB0EFE44EA0244A6453E
S214019DA008D91CEB040400F1FF3202D2A64500F2EA
S214019DB02A81104640EA0140A4EB0E0400211DB1A1
S214019DC0DC400023C5E90043BDE8F08F8B4205D98E
S214019DD00DB1C5E9000100210846F5E7B3FA83F1A4
S214019DE000294FD1B342C0F00281824240F2FF8087
S214019DF00846002DE8D0C5E90047E5E7002B40F00E
S214019E00AF808A1A4FEA1C4E1FFA8CF70121B2FB6B
S214019E10FEF60EFB1620220C42EA004207FB06F075
S214019E2090420FD91CEB020206F1FF382CBF4FF00F
S214019E3001094FF00009904203D9B9F1000F00F073
S214019E40DC804646121AA4B2B2FBFEF00EFB1022CC
S214019E5000FB07F744EA0244A7420FD91CEB0404AF
S214019E6000F1FF322CBF4FF0010E4FF0000EA7425B
S214019E7003D9BEF1000F00F0C9801046E41B40EA8A
S214019E8006409CE7C1F120048B4006FA01FC00FA6B
S214019E9001FE22FA04F7E6408A401F4320FA04F343
S214019EA04FEA174843EA0C031FFA87FC4FEA1349A7
S214019EB0B6FBF8F008FB106649EA064600FB0CF90B
S214019EC0B1450ED9BE1900F1FF3A2CBF4FF0010B78
S214019ED04FF0000BB14503D9BBF1000F00F0A28093
S214019EE05046A6EB09061FFA83F9B6FBF8F308FB02
S214019EF0136603FB0CFC49EA0646B4450ED9BE19A7
S214019F0003F1FF382CBF4FF001094FF00009B445AB
S214019F1003D9B9F1000F00F08280434643EA0040BE
S214019F20A6EB0C06A0FB028C66454346E14602D32F
S214019F3007D1C64505D2B8EB02036CEB070C013816
S214019F40E1465DB1BEEB030266EB090606FA04F4D0
S214019F5022FA01F3CE401C43C5E90046002133E74F
S214019F6002FA03FCC3F1200299409C40D6404FEA16
S214019F701C4E20FA02F21FFA8CF7B6FBFEF00A43DB
S214019F800EFB1066110C41EA064100FB07F68E42F5
S214019F900ED91CEB010100F1FF382CBF4FF001096F
S214019FA04FF000098E4202D9B9F1000F34D0404675
S214019FB0891B92B2B1FBFEF60EFB161142EA014274
S214019FC006FB07F191420ED91CEB020206F1FF389F
S214019FD02CBF4FF001094FF00009914202D9B9F1A7
S214019FE0000F16D04646521A46EA00410FE7841A79
S214019FF066EB030201201746FBE6023E624421E7B8
S21401A00002396244C1E664440238D3E66444023845
S21401A01034E7023E6244E6E702386144C8E7023BA1
S21401A0203E447BE702383E445BE700BF704700BF13
S21401A0302DE9F04F924685B089461E460D46554A93
S21401A0400390294615F8014B135D13F00803F8D168
S21401A0502D2C7CD02B2C4ED04FF0FF3102936FF07D
S21401A0600043CDE9001336F0100851D037464FEAC9
S21401A070E6783A464346DDE90001FFF73FFE002356
S21401A08083468E4618461946A44613E0ACF13704BB
S21401A090A6421FDD002B09DB83457EEB010305D3BA
S21401A0A08E4508BF83453BD1A24239DA4FF0FF33D4
S21401A0B015F801CBACF13004092CE9D9ACF1410417
S21401A0C0192CE3D9ACF16104192C03D8ACF157046F
S21401A0D0A642DFDC5A1C2FD0029A12B1404261EB35
S21401A0E04101BAF1000F03D0002B48D1CAF8009005
S21401A0F005B0BDE8F08F4FF0FF30029336F0100840
S21401A1006FF000432C7801F10205CDE90003ADD1D3
S21401A110302C25D0002E3AD10A27B0463E46A8E775
S21401A12000FB08F307FB0133A0FB07010B442018D3
S21401A13043EBE4710123BBE72223039A1360BAF1D0
S21401A140000F17D005F1FF39DDE90001CEE74FF02A
S21401A1500047009301232C788D1CCDE9017382E71B
S21401A1602B7803F0DF03582B0CD086B90827B046AE
S21401A1703E467EE7DDE9000105B0BDE8F08FCDE99A
S21401A1800001DFE710276C7802353E4671E710279D
S21401A1903E466EE7155904004AE700BF10B4044C6A
S21401A1A013460A46014620685DF8044B40E700BFA7
S21401A1B02062002010B4044C13460A46014620686B
S21401A1C05DF8044B34E700BF2062002020F0030155
S21401A1D010F00300C0F1000051F8043B00F1040C3C
S21401A1E04FEACC0C6FF000021CBF22FA0CF21343AC
S21401A1F04FF0010C4CEA0C2C4CEA0C4CA3EB0C0275
S21401A20022EA030212EACC1204BF51F8043B0430DE
S21401A210F4D0C2F1000102EA0102B2FA82F2C2F1FE
S21401A2201F0200EBD20070472DE9F04780460C462E
S21401A2304548264614F801EB10F80EC01CF0080C31
S21401A240F7D1BEF12D0F5BD0BEF12B0F3AD065468C
S21401A25033F010003ED04FF0FF379A46B7FBF3F7C6
S21401A26003FB07F96FEA0909002630460EE0AEF156
S21401A270370C63451DDD002E04DBB84202D833D10E
S21401A280CC4531DD4FF0FF3614F801EBAEF1300C62
S21401A290BCF1090FEDD9AEF1410CBCF1190FE6D9AD
S21401A2A0AEF1610CBCF1190F03D8AEF1570C634542
S21401A2B0E1DC731C1CD005B140420AB1F6B911604D
S21401A2C0BDE8F08733F0100094F800E0654606F12B
S21401A2D00204C0D1BEF1300F17D06BBB0A234FF07A
S21401A2E005091A4F9A46BFE700FB0AC00126CBE7CD
S21401A2F022233046C8F80030002AE1D0611EDEE78E
S21401A30094F800E00125B41CA2E7207800F0DF00F5
S21401A310582807D083B908234FF007096FF0604724
S21401A3209A46A1E7102394F801E04FF00F09023492
S21401A3306FF070479A4697E710234FF00F096FF0BA
S21401A34070479A4690E700BF1559040099999919E4
S21401A3506AE700BF10B4044C13460A46014620685B
S21401A3605DF8044B60E700BF2062002010B4044C87
S21401A37013460A46014620685DF8044B54E700BFC1
S21401A380206200200F4B70B50F4DAB42A3EB0506C4
S21401A39007D0B6100024013455F8043B9847A6426E
S21401A3A0F9D80A4D1FF06CF8094B5E1BAB424FEA19
S21401A3B0A60606D00024013455F8043B9847A64269
S21401A3C0F9D870BDA8650020A8650020A865002002
S21401A3D0AC65002070B5860747D0541E002A3ED0D3
S21401A3E0CAB2034601E0013C39D303F8012B9D07AD
S21401A3F0F9D1032C2CD9CDB20F2C05EB052505EB95
S21401A400054535D9A4F1100C03F1100E1A462CF0AF
S21401A4100F064FEA1C1CB644C2E90055C2E90255B4
S21401A42010327245F8D10CF1010214F00C0F04F051
S21401A4300F0C03EB021213D0ACF1040323F0030359
S21401A4400433134442F8045B9342FBD10CF003043B
S21401A4502CB1C9B21C4403F8011BA342FBD170BD49
S21401A46064461346002CF4D1F9E703461446C0E7C8
S21401A4701A46A446E0E700BF88420ED98B188342ED
S21401A4800BD900EB020C002A6ED0624613F801CD00
S21401A490994202F801CDF9D170470F2A0FD8034629
S21401A4A002F1FF3C002A5FD00CF1010C013B8C4409
S21401A4B011F8012B614503F8012FF9D1704740EAE5
S21401A4C001039B0751D1A2F1100301F1200C70B5D5
S21401A4D023F00F0501F1100E00F110041B09AC4426
S21401A4E05EF8105C0EF1100E103444F8205C5EF835
S21401A4F01C5C44F81C5C5EF8185C44F8185C5EF85A
S21401A500145CE64544F8145CEAD1013312F00C0FF2
S21401A51002F00F0C01EB031100EB031329D0ACF191
S21401A520040C1C1F8E462CF003064FEA9C0C1E449E
S21401A5305EF8045B44F8045FB442F9D10CF10104FF
S21401A54002F0030203EB840301EB840102F1FF3CFA
S21401A5504AB10CF1010C013B8C4411F8012B614509
S21401A56003F8012FF9D170BD704702F1FF3C034695
S21401A5709AE76246EAE700BF2DE9F04F82468E462B
S21401A5803F4875461EF801BB10F80B4014F008044E
S21401A590F7D1BBF12D0F5BD0BBF12B0F6FF000494C
S21401A5A004BF9EF800B005F1020E33F0100010D182
S21401A5B0BBF1300F04D0002B5ED10A231F4609E001
S21401A5C09EF8000000F0DF0058284ED0002B53D133
S21401A5D008231F460025B9FBF7F6284607FB169801
S21401A5E00EE0ABF1370C63451DDD002D04DB864222
S21401A5F002D321D1E0451FDA4FF0FF351EF801BB2B
S21401A600ABF1300CBCF1090FEDD9ABF1410CBCF14B
S21401A610190FE6D9ABF1610CBCF1190F03D8ABF1F8
S21401A620570C6345E1DC6B1C0AD004B140420AB109
S21401A630CDB91160BDE8F08F07FB00C00125DDE74D
S21401A6402223CAF800305AB10EF1FF314846F0E72E
S21401A6509EF800B04FF0004905F1020E0124A4E770
S21401A6604846BDE8F08F8146EEE710239EF801B01C
S21401A6700EF1020E1F46ADE710231F46AAE700BFE4
S21401A68015590400242B02D8012B00D074E710B50D
S21401A69000F02EFA16230360002010BD10B5242A00
S21401A6A0084C1346246807D8012A05D00A460146F5
S21401A6B02046BDE810405FE700F01AFA1623036053
S21401A6C0002010BD2062002010B5242A084C134635
S21401A6D0246807D8012A05D00A4601462046BDE867
S21401A6E0104049E700F004FA16230360002010BD6D
S21401A6F020620020844641EA000313F0030349D197
S21401A700403A23D30B6803604B6843608B688360D1
S21401A710CB68C3600B6903614B6943618B698361D5
S21401A720CB69C3610B6A03624B6A43628B6A8362BD
S21401A730CB6AC3620B6B03634B6B43638B6B8363A5
S21401A740CB6BC36340304031403ADBD230320BD35F
S21401A7500B6803604B6843608B688360CB68C3609B
S21401A76010301031103AF3D20C3205D351F8043BB5
S21401A77040F8043B043AF9D2043208D0D2071CBF91
S21401A78011F8013B00F8013B01D30B8803806046BA
S21401A790704700BF082A13D38B07B1D010F003030C
S21401A7A0AED0C3F10403D21ADB071CBF11F8013B7C
S21401A7B000F8013BA4D331F8023B20F8023B9FE7A7
S21401A7C0043AD9D3013A11F8013B00F8013BF9D21A
S21401A7D00B7803704B7843708B78837060467047B4
S21401A7E0024B0146186816F026BA00BF2062002008
S21401A7F0024B0146186816F021BA00BF20620020FD
S21401A800CAB384460B4630B504460843800719D0C0
S21401A8109CF800000C78A04212D150B3012A28D02F
S21401A820E64603E01CEB030F23D010B31EF8010F1E
S21401A83011F8014FA2EB0E03A04203F1FF33F1D052
S21401A840001B30BD032A07D8E2E7043A11D01EF0F8
S21401A850803F0ED1032A10D92068194653F8045BAD
S21401A860A446A0F1013E0434A8422EEA000EECD024
S21401A870CEE7002030BD10467047A4461946C7E70C
S21401A88080EA010C1CF0030F37D110F0030C20F006
S21401A890030021F0030150F8042B08BF51F8043BD4
S21401A8A00ED08CF0030C6FF07F434FEACC0C23FAEA
S21401A8B00CFC51F8043B42EA0C0243EA0C0300BFCD
S21401A8C0A2F1013C9A4201BF2CEA020C1CF0803F27
S21401A8D050F8042B51F8043BF2D04FEA02604FEADD
S21401A8E01222012828BFB0EB036F08BF1B0AF4D061
S21401A8F003F0FF03000EC01A704710F0030F0AD0D2
S21401A90010F8012B11F8013B012A28BF9A42F4D016
S21401A910A2EB030070474DF8045D50F8042B01F0DC
S21401A920030521F0030151F8043B022D26D04DD832
S21401A93022F07F45B5EB132FA2F1013C2CEA020C65
S21401A9400DD11CF0803C08BF51F8043B0AD185EAC2
S21401A9500205B5EB036F0CD150F8042BE8E74FEA7C
S21401A96013235BE03CF07F4C54D10B784FEA126521
S21401A97054E04FEA126503F0FF034FE04FEA024549
S21401A980A2F1013C4FEA15452CEA020CB5EB134F38
S21401A99018D11CF0803C08BF51F8043B07D185EA6A
S21401A9A00205B5EB034F09D150F8042BE6E75FEA41
S21401A9B00C4C2FD10B884FEA12452FE04FEA034388
S21401A9C04FEA12454FEA134328E000BF02F0FF05A5
S21401A9D0B5EB136FA2F1013C2CEA020C0DD11CF071
S21401A9E0803C08BF51F8043B0AD185EA0205B5EB65
S21401A9F0032F0AD150F8042BE8E74FEA13630DE062
S21401AA0012F0FF0F06D051F8043B4FEA122523F04F
S21401AA107F4303E04FF0000020BC704705F0FF02C3
S21401AA2003F0FF00012828BF904204BF2D0A1B0A2D
S21401AA30F4D0A2EB000020BC704700BF08B5064B5F
S21401AA40044613B1002100F0AFF8044B1B6803B1B4
S21401AA509847204614F0C4FBA9AB0100084B002020
S21401AA60002301461A46184600F048B8032A30B4B7
S21401AA7015D941EA000484460B46A40704D0541EA7
S21401AA800FE0043A032A08D91946604653F8044BE6
S21401AA905CF8045BA542F4D0F1E760461946541E03
S21401AAA07AB1431E0139021901E09A4209D013F81E
S21401AAB0010F11F801CF6045F7D0A0EB0C0030BCB8
S21401AAC07047002030BC704738B5074D074C2C1B2B
S21401AAD0A41005D0013C55F8043D9847002CF9D147
S21401AAE0BDE838401EF0D2BCB0650020AC65002041
S21401AAF0014B1868704700BF20620020F0B5264C55
S21401AB0083B006460F46256805B36C681F2C3FDCEC
S21401AB10A6B1D5F8880048B3D0F800114FF0010C63
S21401AB2040F82420022E00EB84020CFA04FC4CEAC6
S21401AB300101C0F80011C2F8803010D0631C00205B
S21401AB4002346B6045F8247003B0F0BD1349144815
S21401AB50216010B10068C1F88800104DD5E7D0F823
S21401AB60043143EA0C03C0F80431E7E70D49CDE9A7
S21401AB70002369B14FF48470FFF732FE40B1002123
S21401AB806C68C0E94011DDE90023C5F88800C5E717
S21401AB904FF0FF30D8E700BF984B00200C4B002049
S21401ABA000000000E1A701002DE9F04FDFF8B490A6
S21401ABB083B0D9F8006096B3884601907568D6F8D8
S21401ABC088706C1E2BD4013507F1800B06EB8505CA
S21401ABD0B8F1000F26D173682A68013BA3423BD027
S21401ABE000232B60BAB1D6F804A05FB30123D7F8CF
S21401ABF00011A3400B4225D0D7F8040157F82410C2
S21401AC0003422BD1019890477368D9F80020534529
S21401AC101ED1B2421CD1013C043D631CD8D103B005
S21401AC20BDE8F08F4FB15BF824304345D3D0013CEB
S21401AC30043D621CF3D0002FF5D1013CEFD3013C5B
S21401AC40FBD2ECE790477368D9F800205345E0D073
S21401AC50002AE4D01646B1E77460C3E70846904779
S21401AC60D2E700BF984B0020431E033306D8044B9F
S21401AC70984228BF1846642838BF6420704700BF32
S21401AC8040420F0038B5194B05461B680C4603B108
S21401AC90984744B1236833B11B68013303D0E36896
S21401ACA00BB1A3684BB919F0C0FE00204FF4C17276
S21401ACB0412100F0FFF9212038BD204602F04AFC70
S21401ACC000230B4A85F83C31C5E93743C2E9003316
S21401ACD063694BB1074A422110684FF4D272C31A16
S21401ACE05842584100F0E6F90020E5E7084E0020FA
S21401ACF0A05E00206C4E0020F8B504461EF0C3F896
S21401AD00002607460E4B1B6893B19E68AEB196F8B7
S21401AD102420D20711D435460FCC0FC50FCC0FC552
S21401AD2023682B6096F8243043F0010386F824301C
S21401AD3038461EF0A3F83046F8BD1B68E4E700BFAE
S21401AD407462002010B5044618B9054B054A136015
S21401AD5010BD00F0D9FCD4F8E830002BF6D1F4E7AA
S21401AD60D541030070620020014B1868704700BF90
S21401AD70A05E002008B502460868FFF775FF086068
S21401AD804868FFF771FF48608868FFF76DFF8860C5
S21401AD90C868FFF769FF0B69C860581C03D00B48E9
S21401ADA0834228BF03460B614B69581C03D00748F2
S21401ADB0834228BF034688694B61FFF755FFBDE80C
S21401ADC008408861104601F07BBC00BF40420F007E
S21401ADD0D0F8E0302DE9F04105460C4613B1C38D9D
S21401ADE08B424CD0D5F8DC30002B4BD09E68002E21
S21401ADF048D0D868002845D0013800B200281ADBB0
S21401AE00002106E0128A591CA24217D209B28842D2
S21401AE1011DB0B1803EBD3735B1003EBC30206EBDA
S21401AE208202B2F80EC003F1FF3EA445EAD90FFA3A
S21401AE308EF08842EDDA2120BDE8F0814FF6FF72F0
S21401AE4099B29142F7D09BB203EBC30306EB83069C
S21401AE502846B6F9122095F83011D5F8F080EEF7AD
S21401AE600FFE0746B8F1000F04D0002332462846ED
S21401AE701946C047EC85C5F8E06085F839710020B1
S21401AE80BDE8F0810E20BDE8F08100BF2DE9F04756
S21401AE9082B004460F46164601F086FE002863D1AE
S21401AEA04F4D2B68D4F8DCA0D4F8E0800BB15345A5
S21401AEB076D04FF00009AF6001F09EFE01280746EC
S21401AEC065D1204619F0F0FC002851D12B68DAF83C
S21401AED00010D8F8002013B1186888426BD02046BD
S21401AEE019F094FCC5E900A8D4F8F0508DF8076075
S21401AEF0002D67D00022204611460DF10703A84712
S21401AF00204600F0EDFF0546B9F1000F0FD076B9E7
S21401AF10D4F88C300BBB012F05D025B1314B002165
S21401AF2003205B689847284602B0BDE8F087B5FA6B
S21401AF3085F040F207523321400900F0BBF8314654
S21401AF40204601F00BFA284B05461B684146204671
S21401AF509847D4F88C30002BDDD000224FF40073D4
S21401AF60204600F0E1FBD6E700231D4D6B6098E715
S21401AF7094F82530DA07A9D5D4F894305B05A5D521
S21401AF801A4B0122002120461B6898479EE70021A4
S21401AF90012000F001FC01F02FFE0128FBD190E713
S21401AFA06B68002B85D0434583D1AB689F4215D093
S21401AFB04FF001097FE7696811B10968914291D0A4
S21401AFC059688CE794F82A1094F839313246994238
S21401AFD028BF1946204600F0D1FE91E70025A2E7DA
S21401AFE0A05E00207C620020706200200C4E0020D3
S21401AFF0F8B50F4605461DF046FF39460646284673
S21401B000FFF7E6FE044620B130461DF037FF204626
S21401B010F8BD01F0A7FD224639462846FFF736FF60
S21401B02004460028F0D1284619F03EFC0028EBD053
S21401B03095F8253013F001030DD0D5F8942052056C
S21401B0400DD5B5F82A21BA4205D0B5F82C31DB1B4F
S21401B050B3FA83F35B09034A82F8C430D4E7234684
S21401B060F9E700BF001E00B013B50446694619F0A3
S21401B070DFF9204619F023FBFF28024606D02046BA
S21401B0809DF80010EEF77AFD02B010BD0048FBE710
S21401B0900080FFFF38B5044D044C054B2860216045
S21401B0A01A601DF0EBFB38BD9C4D00207862002035
S21401B0B0A04D002010B550B90548064B0160064862
S21401B0C002601868054B18601868FFF7E3FF10BDAB
S21401B0D078620020F84E0020A04D00209C4D0020F4
S21401B0E02DE9F0418AB001AC05460B462746194AC0
S21401B0F002F1200C264610685168083203C66245E4
S21401B1003446F7D1002B08BF3B46002710681C4683
S21401B1103060384603F10C0690B95FFA87F842466C
S21401B1202846218819F0C3FB50B942462846E188D3
S21401B13019F0CEFB20B942463146284619F0DAFB13
S21401B1400137032F06F1080604F10204E4D10AB020
S21401B150BDE8F081385A0400F0B589B005460E46C0
S21401B16019F0D7FB044600BB01AC06F10C070FCF64
S21401B1700FC497E8070084E8070001A92846FFF7EF
S21401B180F9FD2846311D19F09EFD044648B92846AA
S21401B190074901F057FA044618B9284601F0C6FDDA
S21401B1A0044628463168FFF79BFF204609B0F0BDEC
S21401B1B0305A0400014919F08EB900BFFDCC0100D8
S21401B1C070B5164E032804460D4633781ED023FA72
S21401B1D004F202F00102AA421DD053B10122A2409C
S21401B1E0A54023EA02032B43DBB233704BB10120A7
S21401B1F070BD2DB10A4B01201B6898473378EDE7E7
S21401B2003570074B00201B689847F0E79A07DED099
S21401B21003F0FC03E9E7002070BD00BFF05B0020EF
S21401B220E04D002038B504460D4605F077FD60B1C7
S21401B23001F0C6FC48B9012D07D8012019F014FB0E
S21401B2400D4B1B6823B15B6898470C4B1C7038BDCF
S21401B2501DF070FF0A4B1A68801A18601CF088FCF3
S21401B2604FF47A72074B1B6802FB003019F031F974
S21401B270012001F0ADFCE8E7044E002079650020CE
S21401B280D84D0020DC4D0020F8B505460C461DF0D3
S21401B290FAFD104F06463B7833B1012D04D01CB998
S21401B2A00D481CF0B7FB3C7021462846FFF788FF87
S21401B2B00A4B04461B783BB93B782BB919F0C8FA00
S21401B2C010B1074B1B68984730461DF0D7FD204646
S21401B2D0F8BD00BFF15B0020B44D0020F05B0020FC
S21401B2E07C620020054A0B46117831B100211170AD
S21401B2F0034A01215268187810477047F15B002015
S21401B3007C620020124B0239012910B518701ED834
S21401B31005F004FDD8B101F053FCC0B101F034FAD8
S21401B320A8B90C4B1C6834B123689847BDE8104097
S21401B330002019F099BA19F0CAF8074B18601DF0E9
S21401B340F9FE064B1860204601F042FCEEE710BD00
S21401B35079650020044E0020DC4D0020D84D0020E9
S21401B36038B5044680B11DF08EFD0121044608461D
S21401B3701BF0F4FF01210B4A084615F030FD20466C
S21401B380BDE838401DF07ABD1DF07DFD054621461D
S21401B39001201BF0E3FF01202146024A15F01FFDA4
S21401B3A02846EDE72D300400F0B585B01DF06BFDA5
S21401B3B0344D04462B7823B133481CF02BFB002870
S21401B3C052D11CF0B1FB02AA03A919F02BFA0346CD
S21401B3D0002838D019F03AFA029B98421CD1002076
S21401B3E02A4B03991B682A4E9942307020D90027B0
S21401B3F0C91A012324482B70264A3346CDE9007723
S21401B4001DF074FE002837D1234A1378D90701D5D9
S21401B4103178F9B1204611E019F016FA029B9842EC
S21401B42028D0002318461949194A09681370039150
S21401B4300121FFF7C5FE002320462B701DF01EFDDF
S21401B440002005B0F0BD20462B701DF017FD212011
S21401B45005B0F0BD03F0FE031370002BDAD10F4BDD
S21401B4601B6898472046E9E720461DF007FD0E2099
S21401B47005B0F0BD0220B3E7032320462F703370DA
S21401B480F3E700BFF15B0020B44D0020D44D00204F
S21401B49078650020E5B20100F05B0020E04D002059
S21401B4A038B51DF0F0FC0F4D04462B789BB90E4ABB
S21401B4B00E4913700E4B0F4A0F481A600F4A5A6016
S21401B4C0EFF788FF0E490F48EFF784FF0E4B0F4A40
S21401B4D01A6001232B70F0F787F820461DF0CEFC8A
S21401B4E0002038BDF25B0020F15B00205C5A0400AE
S21401B4F07C620020A9B30100A44D002089B201009E
S21401B500645A0400AC4D0020E04D002061B30100F8
S21401B5102DE9F0438F7880460F2F0C4685B003D96E
S21401B520212005B0BDE8F08327B90123374A002062
S21401B5301370F6E70D784E78EDB9002EF0D194F938
S21401B5400310E08803F00AF82128E9D055EA06033B
S21401B550A088DFF8C89013D003F064F84FF6040310
S21401B560B9F8002001469A424BD1AE42334638BF65
S21401B5702B4600262DE0082DD2D8082ED0D8DEE79F
S21401B58003F050F84FF6040501464FF60500204A31
S21401B590136E9BB2AB4208BF0346B1F5803FA9F8D4
S21401B5A000300FD902230825136680230126C2F82E
S21401B5B080302B4649084FF6FF720139914228BF69
S21401B5C0114608E08023012608251666C2F8803059
S21401B5D02B460029EFD1002202920122013FFFB241
S21401B5E0009201972A4608F1F80002F0B7FE1EB154
S21401B5F04FF48012074B5A65074BA2681A60022364
S21401B60094E703480266A9F80030AEE7F35B002032
S21401B61000C001B800D001B8EC4D00200265002042
S21401B62010B50446D0F818210B4B4FF40061C3F84F
S21401B630A82090F82420D20102F4006205F0D2FA84
S21401B64094F8243013F0100F4FF4007314BF034A1C
S21401B650034A136710BD00BF001E00B0001002B8F9
S21401B660002002B8431C07D06FF0FF02034B1040C6
S21401B6701A62A3F580531862704700BF00E000B855
S21401B680F8B504460F4616461DF0FDFB0546A047D5
S21401B690044620B128461DF0F1FB2046F8BD04F013
S21401B6A07FFC04220549D1F8D83E23EA0703334339
S21401B6B0C1F8D83E024B1A67ECE700BF001000B095
S21401B6C0002002B800F01803182B0AD003070AD48A
S21401B6D040F2011310F0100018BF1846034B18650E
S21401B6E070470020FAE70120F8E700BF001F00B00E
S21401B6F0044B1868830654BFC0F30F204FF6FF7043
S21401B700704700BFD44E002038B10368044A002BAE
S21401B71008BF1346034A13607047014BFAE700BFA0
S21401B7201D4503008862002010B4D0E95441224030
S21401B7300B4052EA030104D003495DF8044B096843
S21401B74008475DF8044B7047886200200F2938B51A
S21401B75005460C460ED801F04FFA01280CD1074ACF
S21401B7602846D36B23F00F032343D36319F0E0F885
S21401B770002038BD2120FCE70220FAE7001F00B0B8
S21401B780014B186C704700BF001F00B0014B002032
S21401B79019647047001F00B003282DE9F347884657
S21401B7A055D82C4B13F800902B4B1E5C2B4B13F8E3
S21401B7B000A01DF068FB074604F03EFB054640B1BD
S21401B7C000230022CDE9003301200023002104F0EC
S21401B7D079F904F039FB48B100230022CDE90033A2
S21401B7E0002000234FF4004104F06CF96EB31C4BAB
S21401B7F0DC6C04F008041B4B3146DC64484604F05C
S21401B8002DFC52463146484604F092FC164BDC6449
S21401B8106DB1164B1868D0F89410F83003F06EFA34
S21401B82013490868FFF71EFF4FF0FF330B60B8F1AE
S21401B830000F04D00F4B002103205B689847384661
S21401B84002B0BDE8F0471DF019BB3446D3E702B09D
S21401B850BDE8F087745A0400705A04006C5A04005C
S21401B860004000B8006000B8005000B8F84E002054
S21401B870846200207C6200200F4A136F13F0A00F31
S21401B88015D1506F10F0040013D10C4BD3F8D83EED
S21401B89023F07F4323F0FF035BB1D368C3F3036256
S21401B8A0092A07D0B2F10C0018BF0120704700200A
S21401B8B070470120704700BF000002B8001000B0BA
S21401B8C070B50D46064620B91A4B1B68A3B10E206B
S21401B8D011E001F091F9012829D1174B93F90040A5
S21401B8E0C4F11C04641BC4F11C03002BB8BF5B42EB
S21401B8F0232B0CDD212070BD81EAE173A3EBE173FC
S21401B900DBB2232BF6D80C4B19700020F3E786F830
S21401B91028501DF0B8FA094AE402D36904F4FF245A
S21401B92023F4FF231C43D4611DF0A8FAEDE702209F
S21401B930E1E700BFF84E0020F45B002000C000B82D
S21401B94018B9034B93F90000704790F92800704727
S21401B950F45B002010B5044618F0A6FF10B10120D4
S21401B96001F0D4F92046FFF75BFE1DF08CFA0A4A77
S21401B9700121D2F8A030044623F02003C2F8A030FB
S21401B9800222064B08469A60054B5B68984720469C
S21401B9901DF074FA002010BD001E00B0001002B8A1
S21401B9A07C620020064B5A6A920207D4D3F8803094
S21401B9B013F4706F14BF01200020704701207047F8
S21401B9C0004001B8F8B50E46D0F8943002EA0104FA
S21401B9D023EA01032343C0F89430464A01F00B03DF
S21401B9E023EA0401D1642340A2F58052D36472078E
S21401B9F0054610D50121FFF7D5FF60B104F0D0FA56
S21401BA004FF4007314F0040F14BF3B4A3B4A5362D1
S21401BA1004223B4B1A67F30606D514F0100F14BF29
S21401BA2000221B22374B5A6537061DD5200616D530
S21401BA304FF40012304B1A62012203F58053C3F80B
S21401BA4000211DF020FA0E210746032003F09EF880
S21401BA5040F201222B4B3846DA621DF00FFA2146DE
S21401BA6005F1F80003F04AF9F10503D5E2052AD5F8
S21401BA7003F05CF8B30503D5A70527D503F062F8F4
S21401BA8016F48C6F1DD014F4806224D095F82530FE
S21401BA90DC070CD5EA8DB5F82A31934219D0B5F8F2
S21401BAA02C31981A43424341174A82F8C430D5F8DC
S21401BAB0E410284618F033FD8022144BD864144B4A
S21401BAC01A610020F8BD03F02BF8D3E703F034F831
S21401BAD0D6E70123E8E77105E9D595F82530DB07B8
S21401BAE0E5D5094B114683F8C4200A4B28461B6846
S21401BAF09847DCE7006000B8005001B8006001B864
S21401BB00002002B8004000B8001E00B0001F00B0C0
S21401BB10000002B80C4E0020014B1868704700BFA9
S21401BB20F84D002037B51DF0AEF9002401230022A0
S21401BB30CDE90034002305461946104603F0C2FF3E
S21401BB40022002F0E7FA064B21461C60054B022054
S21401BB505B68984728461DF091F9204603B030BD32
S21401BB60004E00207C6200202DE9FF4102290D468F
S21401BB7016469846039004D1FFF7D4FF04B0BDE8FB
S21401BB80F0811DF080F91E4F04463B683BB1B3427D
S21401BB9005D01DF073F9002321203B60EEE7194B19
S21401BBA00022C3F800803E60002301264FF0000803
S21401BBB010461946CDE9006603F084FF124B0220B9
S21401BBC083F8008002F0A6FA43462A46022003A91B
S21401BBD002F0BEFA0D4B039A1A6008B92046D8E760
S21401BBE00B4D2B689847212804D020461DF046F9B6
S21401BBF00020C3E731466B6802209847F5E700BF8F
S21401BC00004E0020FC4D0020F65B0020F84D002081
S21401BC107C620020044B5B6E5B054EBF0120034B2C
S21401BC20187800F00100704700C001B8F65B0020EC
S21401BC300A78022A11D0101F4242424152004B7824
S21401BC401201022B0BD0191F4B424B415B000549D9
S21401BC50054842EA8312FFF713BD0122EFE70123ED
S21401BC60F5E700BFF0FFFF0041CC01000B78022B87
S21401BC7010D0181F434243415B004A78022A0BD07A
S21401BC80111F4A424A4152000F21044843EA8202E8
S21401BC90FFF7F6BC0123F0E70122F5E76DCC0100C2
S21401BCA02DE9F8430E780446042E0D4690F83081AF
S21401BCB00BD100275FFA87F9484601F07DFD08B1F0
S21401BCC04E4602E00137042FF4D1304601F074FDF0
S21401BCD0002849D094F83031B34209D1AA88D4F863
S21401BCE0A8309A4204D16A88B4F832319A4238D0E0
S21401BCF084F83061AB883046A4F834316B88A4F8F8
S21401BD003231AB8804F59875C4F8A830FF2384F85F
S21401BD102B3018F0BEFE84F82A00284601F078FC85
S21401BD2018BB284601F03EFDF8B9D4F8E03053B10F
S21401BD3094F83011414506D02046B3F91220EDF7AC
S21401BD409FFE84F83901204601F09AFE0949A4F8BD
S21401BD5034010123084AD1F8FC1004F1F80003F07D
S21401BD60AFFC0020BDE8F88321200C2384F8303195
S21401BD70F8E700BF001F00B0581F00B0F8B5054631
S21401BD8090F830010C460C28164623D0FF2923D004
S21401BD901AB14FF0FF32114B1A6018F07AFE0746BF
S21401BDA095F8300101F068FD844228BF0446E4B2EC
S21401BDB0BC4238BF3C46E0B285F82B0001F002FEDB
S21401BDC0FF280CBF2124002416B9284601F068FD7F
S21401BDD02046F8BD0224FBE72124F9E78C62002007
S21401BDE010B590F8303104460C2B43D0D0F8E03033
S21401BDF080F82A10D3B3D0F8F020CAB990F83931B8
S21401BE008B421BD300222046FFF7B8FF40BB1A4BDC
S21401BE101B78022B23D8204601F032FE1749012356
S21401BE20174AD1F8FC1004F1F80003F049FC16E0BB
S21401BE30B0F94220B3F912309A42E3DD00222046DF
S21401BE4094F83911FFF79AFF50B9C4F8E00020467C
S21401BE5018F068FA4FF6FF739842014601D10020A8
S21401BE6010BD2046BDE81040FFF7C2B8FF2380F89A
S21401BE702B30F4E70220F3E706650020001F00B030
S21401BE80581F00B0F0B51D46144B04461B780F46EC
S21401BE90164685B05BB1D0F8E030E3B102AAB3F93B
S21401BEA012300092002213F0FCFE05B0F0BD02A98C
S21401BEB018F0BEFA9DF808103A462046EDF7E0FD68
S21401BEC0014626B92A462046FFF758FFEDE72046E9
S21401BED0FFF786FFE9E71846E7E700BFC63104002B
S21401BEE0D0F89C30012B01D10020704770B5044674
S21401BEF065498CB018F002FED4F8E0600146E58D85
S21401BF00C4F8E40026B1336813B15B68002B71D125
S21401BF101CF0B9FF1CF0B2FF0123D4F8E4108DF831
S21401BF200630B389D6E90120EB1A9BB200FB032247
S21401BF305648ADF80430036800928B4207D020467D
S21401BF4018F0EDFA80225249524BC8641A61514DDD
S21401BF5000F052FE0128FBD1AB689E06F8D42046BD
S21401BF609DF80620009906AB03F0E6F800283ED1BE
S21401BF7000F042FE0128FBD1464A136FD801FCD4DB
S21401BF8093689906F9D4684606A903F08DFA054622
S21401BF9068BBE28D404B5A6494F8243060F3410349
S21401BFA084F8243000F0EEFFD4F8E0305969431EDF
S21401BFB00E68DBB2FD2B029622D9F31C34D84B68EF
S21401BFC0FF2803935ED10126DA1C25D8024602A972
S21401BFD0204618F0BCFCE6B9D4F8543199053FD494
S21401BFE094F8243043F0020384F8243011E0022050
S21401BFF00CB070BD1A68032A8AD99B6A5B0E8EE75D
S21401C0004B6801280393DED00246204602A918F0A9
S21401C0109EFC00200CB070BD0133204B5B6816D02F
S21401C020DA1C23D80393D1E71C4B01361B6818BFD3
S21401C0300126DD1C06D802934B68FF280393C3D064
S21401C0400020C3E7FF284B6819D00393C3E7DD1C24
S21401C0500FD80246204602A9039318F078FCBBE7E6
S21401C06020464FF4803118F0FAFDD2E7FF28B2D10E
S21401C070E6E7FF28B0D10022204602A9EDE701201D
S21401C0800393A1E72A46C0E7FC1F00B0E84D002055
S21401C090001F00B0000002B8008001B894620020C2
S21401C0A010B50C4619B118F0FFFB00B10434204658
S21401C0B002F0B8FA024B4042C3F8C80E002010BD89
S21401C0C0001000B0838E70B593420C4615461CD303
S21401C0D0836C8B4208BF00241CF0D5FE4FF49C53A2
S21401C0E00B490646CA68C2F30362D340DA0702D593
S21401C0F00B6F9B0304D401222946204601F016F853
S21401C10030461CF0BBFE002070BD2120FCE700BFBE
S21401C110000002B82DE9F84F064615460B4611B940
S21401C1202120BDE8F88F002AFAD0032905D800227D
S21401C13001F05EF903460028F2D01C889978B4F520
S21401C140804F01F0070080F0C580A0F1070C1A7936
S21401C15093F805A0DF88DCF1000343EB0C03052808
S21401C1602B7394BF0023C1F30013C1F3801C6B73C0
S21401C1708B0985F810C003F00203C1F3C00C43EA33
S21401C1800C03C1F340116B74A974AF82002A40F00E
S21401C190828096F81E31013BDBB2EB74D6F8943000
S21401C1A0DF0600F18380063801287FD8B6F81280B2
S21401C1B0F76908F1FF38484B083C04EA08045B6D50
S21401C1C03B5D0134802B0EBF6FF07F03323B5BB2C9
S21401C1D0AB730023AB6096F8279004EA0804B9F124
S21401C1E0000F61D1631D03EA08035A1C02EA080224
S21401C1F0BA5CFB5C43EA0223D9040FFA83FB4CD5F5
S21401C200D6F8E43013B11B68022B05D841F24D7203
S21401C2104C210020FEF74EFFD6F8E420CBF30B03AB
S21401C22092F82420DB000AB1B3FBF2F39A4508D852
S21401C2303BB1CAEB0A2ABAFBF3FA6FEA0A0A5FFABB
S21401C2408AF9D6F8EC3023B1484695F90E1098478E
S21401C2508146631C85F80F9003EA0803F95C0133F5
S21401C26003EA0803FA5C013303EA080341EA022100
S21401C270FA5C013303EA0803F85C41EA0241002351
S21401C28041EA00616A7C304603F0D8FA062328604A
S21401C290AB71002045E7531E7EE717F804904FEA7E
S21401C2A049095FFA89F9CCE79946D2E700230020CD
S21401C2B0EB730A4B5A69C2F30723120448BF63F0B3
S21401C2C0FF035AB212F1800F1CBF323B5AB2AA7357
S21401C2D00346DCE7022024E7004000B800C000B8AF
S21401C2E038B5148811F003054FEAC40422D13F2C57
S21401C2F020D9B4FA84F4C4F11903DBB2052B01D8B2
S21401C300192C15D0052B28BF052301240633DBB2D3
S21401C3109C40C4F3CF03138003828161448700F0FD
S21401C3202DFF054A631E2343C2F8A430284638BDB4
S21401C3302B46EAE72125F9E7001E00B011F5004F6C
S21401C3401FBF01F30E01044BC1F30E01002014BF01
S21401C35099642120704700BF008001B8F8B50446F3
S21401C3600E4619B990F824305A063FD44FF6FF739B
S21401C370618ED4F8E470994204D0314B1B680BB13E
S21401C380204698472F4D2B68BB424DD02E4B1B683D
S21401C3903BB11FB13A68002A48D0BF6839462046EB
S21401C3A098470727204601F06BFB002E32D0062760
S21401C3B00126264B94F9282093F900302449C3F12D
S21401C3C01C039B1ACA69DB0222F4FF2203F4FF2333
S21401C3D01343CB61D4F8E4301E4A2B601E4B97679B
S21401C3E020461E7018F0A4FA0020F8BD4FF6FF7123
S21401C3F0144DD0F8E4702A6866F386139742418696
S21401C40080F8243017D0104B1B68002BC1D101F0E7
S21401C41037FB072711493B46114AD1F8FC1004F1B6
S21401C420F80003F04DF9C2E70127BBE7174620469F
S21401C43039469847B5E701F023FB0127EAE700BF35
S21401C440F44D0020E84D0020F04D0020F45B002064
S21401C45000C000B8006000B8F55B0020001F00B007
S21401C460581F00B0054A12681AB190F81E1119B982
S21401C4701047084602F0AABB01487047E44D002069
S21401C48000FEFFFF344B2DE9F7431C6801F40079E9
S21401C49000F00103174653EA090206460D4635D059
S21401C4A04FF000083BB30023002200210120CDE914
S21401C4B0008803F007FB042001F02CFE41462046CD
S21401C4C0FFF7D0FF012241462086104617F0DCFE1A
S21401C4D0D4F8941004F1F80002F010FC1F49086823
S21401C4E0FFF7C0F84FF0FF330B6094F8243043F0A9
S21401C4F0040384F82430B9F1000F07D00121204647
S21401C50018F0ADFB25F4007506430D432B46324665
S21401C5102046FFF709F9FB070FD51149114A0868AC
S21401C52000211368116001210F4A117003B1984769
S21401C5300E4B002102205B68984717F00E0F08D0BB
S21401C5404FF409723B21002003B0BDE8F043FEF72B
S21401C550B1BD03B0BDE8F083F84E00208462002030
S21401C560FC4D0020004E0020F65B00207C6200207F
S21401C57008B5482200210248FDF72CFF002008BD1F
S21401C580DC1E00B073B578216422A0F81411822154
S21401C5900C23C0E94112C0E94322C0F8002107225A
S21401C5A04FF0FF35002680F830314FF6FF73044612
S21401C5B0C28700F14C0282641E4AC385A0F840304F
S21401C5C080F82C3043864263038780F82860C0F8E1
S21401C5D0A850458580F8265003F03EFC2046FFF71C
S21401C5E0C7FF94F928102046FFF76AF9602340F642
S21401C5F0FF71114A2046D36402F11C42D162D16513
S21401C6000E4A2946D36440220D4B1A67D4F894206B
S21401C610FFF7D8F90E230022CDE9003340F20223BA
S21401C6201046194603F04EFA01F0E2F8304602B021
S21401C63070BD00BF4000FFFF004000B8005000B8CA
S21401C640002002B810B50C46FFF792FFBCB1A378E4
S21401C650082B16D8E278082A13D843EA021313F0F7
S21401C660FF030CBF19466168074AC2F8DC1021783F
S21401C67082F82011617882F8233182F82111002096
S21401C68010BD2120FCE700BF001E00B0012A10B536
S21401C69012D8032B10D803EB82020123074C9340D8
S21401C6A094F82201DBB221B10343002084F8223141
S21401C6B010BD20EA0303F8E72120F9E7001E00B0C9
S21401C6C0034670B50C68B0F83421013408BFD3F8BE
S21401C6D000418D6808BF0C604C68F830013404BF17
S21401C6E0D3F80C414C606E1C3CD1D3F80841CE689F
S21401C6F08C60751C3CD1D3F804510E69CD600136AF
S21401C70004BFD3F8F8600E614E69013604BFD3F852
S21401C710FC604E618E69013604BFD3F810618E61EC
S21401C7208E695EB35A32B24238BF32460E688A61AB
S21401C73016B15A2E38BF5A26C3F808414C68C3E9C9
S21401C7404065C3E943420A69C3F8F8204A690C49BF
S21401C750C3F8FC20D1F8FC1007230A4A02F0B0FF08
S21401C760002070BD02F15A04AC4238BF2C46BEE729
S21401C77002F17805B54238BF3546BEE76422D5E7F3
S21401C780001F00B0581F00B070B51CF07CFB0446BB
S21401C7900B4E00F031FA012805D020461CF06EFB46
S21401C7A00225284670BDF36813F0706FC3F3036566
S21401C7B0EFD1B36ADB06ECD520461CF05FFBF0E751
S21401C7C0000002B838B51CF05EFB4FF6FF710A4A4E
S21401C7D013888B4203D11CF051FB0E2038BD074C49
S21401C7E0074D1B046566A4F58054636611801CF032
S21401C7F045FB0020F2E700BF04650020006001B899
S21401C8000000FFFF2DE9F74304460F4615461E4676
S21401C810FFF732F830B3A38A23B3204617F04AFE57
S21401C82078B9002E40F0F280794BD3F8D83E03F069
S21401C8303002102A00F0EA8003F0C003402B00F01B
S21401C840E580DFF80082D8F81430D90740F1DE80A1
S21401C8501CF019FB0646032001F058FD30B13046A6
S21401C8601CF00CFB022003B0BDE8F083D8F81420BE
S21401C87012F00608F3D130461CF000FB644B4FF46F
S21401C88000612046D3F8D89ED3F8AC6E04F0BEF90A
S21401C89040B14FF4007201215E4B08461A674246CA
S21401C8A017F0F2FC94F82530DA0707D5D4F894305F
S21401C8B05B0542BF4FF40022574B1A6739462046A4
S21401C8C0FEF796FB524BC3F8D89EC3F8AC6E002811
S21401C8D0C9D194F82430980601D4002D57D0C5F359
S21401C8E0400003F023FB022315F4807F1BBF0021C9
S21401C8F0494A484A136717BF484A13675161136389
S21401C90003F04EFB4FF4806315F0040F14BF444A46
S21401C910444A15F0400F53624FF004023D4B28463F
S21401C9201A674FF0400314BF3F4A404AC2F88830A6
S21401C930FEF7C8FE204617F0E7FE38B14FF48073C5
S21401C94015F0010F14BF344A324A1367A90647D5BA
S21401C9504FF6FF72B4F8403093420FD0344A35494F
S21401C960526E100CC2F301120132B3FBF2F30880CF
S21401C9702B4A2C4930481B0448665366003D18BFB5
S21401C980012594F8243065F3451384F824302046B5
S21401C99017F08AFFF0B1204617F0B6FED0B14FF47B
S21401C9A00031204604F032F9431C03229BB223488F
S21401C9B001A918F031F89DF8042002F00703052BB1
S21401C9C09DF8053015D112070DD443F480731C4A27
S21401C9D0C2F8B830002003B0BDE8F04318F029B81B
S21401C9E0FFF7F0FECAE713F0040F09D19DF80630F1
S21401C9F0EBE703F03002202A05D113F0010FF4E72C
S21401CA004FF48073E3E79DF80630E0E70E202AE74F
S21401CA10001000B0002002B8001002B80040005418
S21401CA20005001B8006001B800D000B800E000B8BE
S21401CA30004001B8046500200000FFFF08400054D4
S21401CA40001E00B000C001B82DE9F3410646884635
S21401CA5015461F461CF017FA0446032001F056FC43
S21401CA6038B120461CF00AFA0E24204602B0BDE872
S21401CA70F081042001F04AFC0028F2D120461CF087
S21401CA80FDF901232A4641463046FFF7BBFE044620
S21401CA900028EAD1DFF8C8805FB388F8000039467D
S21401CAA03046FEF735FD00284CD198F80030012BB2
S21401CAB01CD02022244B1A67244BDB6CB3F5817FF4
S21401CAC01FD2012017F0F6FF1CF0DDF9204B0646B9
S21401CAD01B680193CBB901F093FC15F0800526D1B4
S21401CAE001F0E0FC284603F0F5F925E003F008FA2A
S21401CAF0BBE798F80030012BF8D0002BD9D12124C0
S21401CB00B3E78022134B1A61DBE7042001F002FB36
S21401CB1000230122042001A901F01AFB0028DAD122
S21401CB2003F056FA212430461CF0A8F99DE70022AE
S21401CB30094B9A6701F0B6FC084B01215B6800209F
S21401CB409847F0E7044690E7001002B8001F00B0CF
S21401CB50EC4D0020000002B800C001B87C62002045
S21401CB60F35B002008B50C4BD3F84C114B1C12D0CC
S21401CB7011F080410FD1094B1B6813B10320FEF75A
S21401CB800BFE4FF080624FF40071054BDA67054AE1
S21401CB90D16201225A6108BD0080E00FF84E0020E4
S21401CBA0001002B8004000B84FF40022034B186F83
S21401CBB003F500531A67C0F3C0407047000002B87F
S21401CBC0024B586900F00100704700BF00C001B871
S21401CBD0084B5A69D10707D508B901F077BA5B69DE
S21401CBE0DA0706D401F064BA5B69DB0701D40028D2
S21401CBF0F8D1704700C001B80F4BDB68C3F303637D
S21401CC00013B0B2B0FD8DFE803F006060C060606E1
S21401CC1006080A0808080220704704207047052005
S21401CC20704703207047054B5B6913F0060F0CBF76
S21401CC3001200420704700BF000002B800C001B800
S21401CC40094AD368C3F303630B2B08D06FF49050E3
S21401CC50184100F0010080F0010040007047106F9D
S21401CC6010F48030EDD17047000002B80C4AD3684A
S21401CC70C3F30363062B07D8042BD8B20BD8C31E05
S21401CC805842584140007047072B06D1D2F8300170
S21401CC900028ECD17047022070470020704700BF83
S21401CCA0000002B8094BDB68C3F303639A1E012A2E
S21401CCB08CBF00220122012B02701EBF4FF40262BC
S21401CCC022FA03F303F001030B707047000002B869
S21401CCD0094AD368C3F30363032B01D0072B08D19A
S21401CCE0536FDB0605D4906F80F00800C0F3C000D8
S21401CCF070470020704700BF000002B8024B0022B8
S21401CD00196817F0B2BD00BFD85A0400024B1B6861
S21401CD1003B11847704700BF184E0020024B1B682E
S21401CD2003B11847704700BF144E002010B5FF220C
S21401CD304FF6FF71044617F0BAFD68B9FF224FF6A9
S21401CD40FF71204617F0C4FD30B92046BDE81040FB
S21401CD50FF22024917F0CEBD10BD00BF7C5A040069
S21401CD602DE9F0411C46184B05461E680F469046B5
S21401CD7046B1306801F01CFEF3681BB1B368186851
S21401CD8001F016FE114B1B682BB1DA681AB19B68CD
S21401CD90186801F00DFE9DF81830640744EA084251
S21401CDA05B0503F0BC6342EAC7621A43284608499A
S21401CDB042F4C87203F016FF002228461146FFF718
S21401CDC081F90020BDE8F081D45A0400D85A040045
S21401CDD09007E12D08B5FFF77BFF88B1094BDA69AB
S21401CDE012030DD5186F10F4003009D19B6F13F0A4
S21401CDF0100F4FF010030CBF034A044A936708BD97
S21401CE000220FCE7000002B8001002B8002002B8B9
S21401CE1038B50446F8B1124AD3691B031DD5556FC0
S21401CE20104BC5F38115032DB3F8B4300DD108228C
S21401CE30083B9BB221460C4817F0EEFD0020084B3C
S21401CE4025729B6F1B0A637238BD022D05D1023B0A
S21401CE502A469BB2EEE72120F6E70220F4E700BF60
S21401CE60000002B8001E00B038400054431EDBB27A
S21401CE70FD2B14D9FF280B6801D14A68134313F020
S21401CE80802F1EBF42F20102074BC3F8282251F839
S21401CE902020054BC3F85022C3F8542270470128BE
S21401CEA0F5D10023E9E700BF004001B8F0B585B031
S21401CEB06D460E460F4B074614460FCB85E80F000E
S21401CEC00D4BD3F848020090D3F84C2201923EB1A4
S21401CED0631EDBB2FD2B0AD93060FF2C00D17260D5
S21401CEE022462946384617F032FD05B0F0BD012C22
S21401CEF0F4E700BF845A04000080E00FF0B585B067
S21401CF006E460D4B07460D460FCB86E80F0000F028
S21401CF1039F8314604460246384617F091FE4DB1BF
S21401CF2040B9FF2C1BBF04AB03EB8404009B54F8F1
S21401CF30103C2B6005B0F0BD845A040030B50C4B94
S21401CF400546187085B0082380B90A4AC2F8FC3332
S21401CF5051B96C46084B0FCB84E80F00074B2A46A5
S21401CF6021461868FFF7A2FF05B030BD044AEDE779
S21401CF707A650020001002B8945A0400F84E00208A
S21401CF80002002B8014B1878704700BF7A65002070
S21401CF90124BD3F8E020D2031ED54FF4803210494D
S21401CFA0C1F8E020A1F58051C1F8EC201A6CD1B28D
S21401CFB0C2F30722C3F88010C3F880200422C3F806
S21401CFC080200022C3F88020C3F88020C3F8802088
S21401CFD0C3F88020C3F88020704700BF004000548B
S21401CFE000600054F0220A4B01219A64A022A3F5A6
S21401CFF080539A64074B826CC3F8C010FC21C3F8B7
S21401D0009810C3F89C204FF40052C3F8BC20704718
S21401D010006000B800400054F8B50D4617460646B5
S21401D0201BF031FF01230421084C094A2363A76042
S21401D030E6602561C2F8E010064AC2F884311BF0AA
S21401D0401DFF0DB102232363F8BD00BF004000544D
S21401D0500060005400E100E00222024B58611A63AE
S21401D060704700BF004000540122044B1A6640F688
S21401D070FF729963D863DA65704700BF00400054B9
S21401D0802DE9F04F042A05460B4683B039D901260F
S21401D0900978141F81615A7803F1040982619A782C
S21401D0A08261DB7883610368D0F808B003F0070378
S21401D0B006339E4006F1FF3A0AEA0B084768A6EBDC
S21401D0C00802944247F000570ED84946224607EB1D
S21401D0D00800FDF70FFB46EA0A0604EB0B02324096
S21401D0E0AA6003B0BDE8F08F494607EB080001923D
S21401D0F0FDF700FB019A384609EB0201A21B4244E8
S21401D100E7E7013A032AECD8DFE802F00B0805024C
S21401D11013F8012B826113F8012BAA6113F8012B76
S21401D120AA611B78AB6103B0BDE8F08F38B50C4639
S21401D130154601460F4B60B101220F48C3F8C020C7
S21401D1402246FFF79DFF1DB104220A4BC3F8C020FB
S21401D15038BD64B1D3F8A420A24284BF0122C3F82B
S21401D160C0200222C3F8A040C3F8C020EBE701228A
S21401D170FAE700BF004000549840005438B5044612
S21401D1801BF081FE01211A4A638F054611663BB3E7
S21401D190B3FA83F3C3F11903DBB2A069C2F89010A6
S21401D1A093660723D066C2F88C304FF4A02302F5AD
S21401D1B00052C2F8E030A2F58052C2F8EC300022EC
S21401D1C00C4B1A600C4B1B6F5B0209D54FF48002A7
S21401D1D00A4B04F1F8001A67D4F8941001F08EFD9A
S21401D1E04FF4E0232846E363BDE838401BF046BE13
S21401D1F0004000541C4E0020000002B8002002B877
S21401D2002DE9F84305460C46B1B1D0F81880478F92
S21401D2101BF039FEB5F83CC0791E01EA0C0323F079
S21401D2200702032C0646DFF8F8E042445CD1DEF83C
S21401D230004024B91BF022FE0E20BDE8F88324F03E
S21401D2400104DEF8000020F00100A04251D10023C5
S21401D250CEF80030238894426FEA43436FEA534383
S21401D26023803CD1EB8F08EB07091846083880B2BB
S21401D27002F108044C4528BF4446082804D9B4F8EE
S21401D28000E0BEF5804F3ED263440F431B1A3B407D
S21401D2909BB2AB87E887118894781C4AC1F30C01CE
S21401D2A051645367C2F88C004FF48022184B04F087
S21401D2B00704C3F8E0200122164BC3F88421FFF7C8
S21401D2C067FE042C0BD14FF48002134B05F1F800D6
S21401D2D01B6F124B1A67D5F8941001F00FFD3046FC
S21401D2E01BF0CCFD0020A8E7601E012898BF14465D
S21401D2F0A7E7E88F4344E31A48BFDB19083898428A
S21401D300A8DC304696E72246B0E700BF004000544E
S21401D3100060005400E100E0000002B8002002B8FE
S21401D3201C4E0020144B10B51968CA8F8B8F488F7E
S21401D33013440138073B8C69034023F007031C4460
S21401D34002F108030D4A9BB2CB87C2F88C304FF42A
S21401D35080220B4BC3F8E02001220A4BC3F884213C
S21401D360A07800F00700042803D1074AD3681B03FE
S21401D370FCD4064B1C6010BDF84E00200040005443
S21401D3800060005400E100E0000002B81C4E0020DE
S21401D39010B5064C216839B1CB0703D4044B186885
S21401D3A0FFF72EFF0023236010BD00BF1C4E002098
S21401D3B0F84E00204FF480320B4B0C49C3F8EC209A
S21401D3C0A3F50053C1F8E020D3F888109A6E012324
S21401D3D002F0070206329340C1F30C01083B994262
S21401D3E001D8FFF7D5BD70470060005400500054C7
S21401D3F02DE9F04780460C4616468769458F1BF097
S21401D40042FDB8F83C2005F1FF3C02EA0C0323F08C
S21401D4100701032C82463944B8F83E0019D1494C1D
S21401D42024689CB90244073A02EA0C0222F0070279
S21401D430BC183B44E31A48BF5B19834210DB5046D5
S21401D4401BF01CFD00242046BDE8F08724F00104F3
S21401D450EFE7012C02D0022CEBD108380C46E8E7A6
S21401D460002E3DD08C423FD1374AD2F844903649FF
S21401D470B8F81270D1F88820C2F30C02934247DA4A
S21401D4802588B5F5804FDAD2A378C5F30C0503F0ED
S21401D49007037A1EA5EB09053A43052B337005EA07
S21401D4A002052DD82DB2E84340F241420421C00FB7
S21401D4B0FDF700FE7580E3783374D8F81C207B1ED8
S21401D4C003EA0903D118B160A9B213FA85F5AF4290
S21401D4D02FBF0023FF1AB780F26024BFB180F3602C
S21401D4E050461BF0CBFCAEE7A4F10802974284BF7E
S21401D4F0ED0802EBC502B2F80090C9F30C09B6E7D5
S21401D500124B5B6D003B18BF0123A5EBC305C9E7B2
S21401D5100B6C7A1EA3EB09033A431A400C4915B269
S21401D520002DCB680BDCC3F30363D81E4342434193
S21401D530DB0033708B6F72801B0A3374BDE70823E0
S21401D540F7E700BF1C4E002000400054004000B822
S21401D550000002B8054BA822D3F84C013121431C28
S21401D5600CBF0120C0F38070FDF7A4BD0080E00F62
S21401D57038B5094D0446286840F69702003818BFAA
S21401D58001202B21FDF796FDFA235C432B680A2028
S21401D590B4FBF3F4604338BD504E0020174B30B552
S21401D5A01A68431C164B22D0B2F1407F1FD3154D8B
S21401D5B000F03F04D5F8002122F03F021443C3F8DF
S21401D5C0C84001F03F042243C3F8D020D5F8043107
S21401D5D00D4A1A400D4B03EA500003EA510110436D
S21401D5E01143074BC3F8CC00C3F8D41030BD00205C
S21401D5F00146C3F8C800C3F8D000F2E70080E00F88
S21401D600001F00B0000002B81FF087E1E0FFFF7FB7
S21401D61073B5574E0446317819B91C225548FCF7A4
S21401D620D9FE2378544A6188137051804FF0FC620A
S21401D630524CFF21C4F8FC204FF47F02C4F80821A5
S21401D6404F4A022B4F4D117033D1042307224E4906
S21401D650C4F8FC23C5F8FC33C4F800114FF4C071BC
S21401D660C5F80011C4F8FC234FF48052C5F8FC330A
S21401D670C5F870214FF40052C4F87021C4F808317F
S21401D6804FF4FF13C4F8FC304FF4BB13C5F8FC305D
S21401D6908023C4F8703148F2C8023C4BC3F8D82046
S21401D6A03B4B3C4A0020C3F8C02F0123337002B025
S21401D6B070BD394A012BC4F80021384B27D14FF4ED
S21401D6C0C072C5F80021D3F83802D3F83C12FFF730
S21401D6D065FF0723C4F8FC330223C5F8FC334FF477
S21401D6E08053C5F870314FF40053C4F870310423E9
S21401D6F0C4F808310DEB0300ECF7FAF89DF8053095
S21401D700023B012B9CBF8023C5F87031C3E7244A36
S21401D710C5F80021D3F83002D3F83412FFF73EFFE4
S21401D7200723C4F8FC330123C5F8FC338023C4F86F
S21401D73070314FF4805301A8C4F87031ECF7D8F873
S21401D7409DF80530012B05D19DF8043053B948F2F8
S21401D7505D1309E0FBD9023B012B9CBF4FF400533C
S21401D760C5F8703148F25813084AC2F8D83097E71E
S21401D770F75B0020C41F00B006650020002002B839
S21401D7807E650020001002B8C0F10F00001F00B037
S21401D790001000B0244E0020C0F70F000080E00FFC
S21401D7A0C0F60F00034B1A6802609B888380002036
S21401D7B0704700BF0665002010B5044601F026F844
S21401D7C00A4BD3F8F83724B983F40023C3F3C040D7
S21401D7D010BD012C05D113F4C02F0CBF0120002071
S21401D7E0F6E7A31E58425841F2E700BF000002B810
S21401D7F06FF07F42154BD3F8FC37934208D0144A9A
S21401D80003F03F031370F123124A1370124A137088
S21401D8101249134B09781A68A9B1B2F1A06F12D355
S21401D820D3F850120F4A104BB1F1FF3F18BF134601
S21401D8300E4A136041F66A020D4B1B68B3FBF2F306
S21401D8400C4A13607047084BF2E700BF000002B8AD
S21401D8507F65002080650020816500207D650020B1
S21401D8600080E00F5082E00FB85A0400204E0020DE
S21401D8706C4E0020504E0020012807D0022802D00E
S21401D88030B100207047034B18787047024BFBE716
S21401D890024BF9E77F650020806500208165002046
S21401D8A00023F0B590F8304185B002462046CDE918
S21401D8B00133CDF80B30FFF7DFFF92F82B30411E16
S21401D8C0C9B28B4228BF0B46002C3CD0012C38D164
S21401D8D0042418464FF00F0C384E0DEB0405B0FB30
S21401D8E0FCF7F75D013CC01BC0B2814238BF002087
S21401D8F06055002CF3D105240F278DF80830B3FBB3
S21401D900F7F0305C0344DBB28B4228BF0B462B5545
S21401D91001340B2CF3D10F2602F1A800D43215F8EE
S21401D920013BB3FBF6F14C1CC1EB01115B1A013351
S21401D930DBB2E4B21B0443EA045340F8043F8242DC
S21401D940EDD105B0F0BD042418464FF00F0C1C4F66
S21401D9500DEB0406B0FBFCF5EDB27D5D013C401B12
S21401D960C0B2814238BF0020A055002CF2D1052458
S21401D9700F258DF80830B3FBF5F0385C0344DBB2B5
S21401D9808B4228BF0B46335501340B2CF3D10F25A0
S21401D99002F1A804D43216F8013BB3FBF5F1481C9A
S21401D9A0C1EB01115B1A0133DBB2C0B21B0443EABF
S21401D9B0005344F8043FA242EDD1C2E7B15A040035
S21401D9C0A45A040038B5284B05461A7827490C2A6C
S21401D9D002D1FF20087038BD104617F05AF80446E9
S21401D9E01046FFF749FFA84228BF2846C0B2A0420A
S21401D9F038BF20460B78C0B28342ECD0087088B19D
S21401DA00431EDBB2022A1A490ED14FF0FC62C1F85E
S21401DA10FC20A1F50051D1F8FC2042EA4353C1F89D
S21401DA20FC30D8E70346EDE7124A134C1268AC32D5
S21401DA30C4F8C02F4FF47F02C1F808210F49CA6FFE
S21401DA40D202C8D40F22B3FBF2F2551CC2EB02126B
S21401DA509B1A0133D1F808411B0443EA05532343BB
S21401DA60C1F80831B7E700BF066500207E650020D3
S21401DA70002002B8F84E0020001000B0000002B8E6
S21401DA802DE9F04F90F830510646D0F8A82087B01F
S21401DA9035BB1F2A38BF1F22093A4C24844B8548C0
S21401DAA01B6A96F82B10C3F38213DC400368DFF879
S21401DAB02CA29342DFF828827F4B04F0010414D194
S21401DAC01F78A74211D19AF80070AF420DD17B4F53
S21401DAD03F788F4209D1B8F8040007B0BDE8F08F4F
S21401DAE0032A38BF0322023AD7E7026098F80000FB
S21401DAF01C70FFF7C1FEFF2924D1284616F0C9FF86
S21401DB0007466F493CB3D6F8E4702FB13B68082B43
S21401DB1040F2CB8097F838701DBB0B6840F271213C
S21401DB20B3FBF1F353431922B3FBF2F339462A460A
S21401DB3005A8059316F083FF02023C04059842F0FF
S21401DB40110988E0471E8F4228BF0F46012F38BFB4
S21401DB500127FFB2D5E7012D29D0022D01D0B5B39B
S21401DB6027460B6840F27121B3FBF1F353431922A8
S21401DB70B3FBF2F33946012207EB072405A8059308
S21401DB8007EB042416F05BFF7F00032F38BF032743
S21401DB90020242EA001242EA0009033F00F01F00B7
S21401DBA007FA00F0FFF7E4FC00F5FA6758E00F23E8
S21401DBB0B7FBF3F3581CC3EB0313FB1A0133DBB2B9
S21401DBC0C0B21B0443EA0053C3F30747C9E70C6816
S21401DBD040F27121B4FBF1F40F2354431922B7FB31
S21401DBE0F3F3B4FBF2F43748374A0068A2FB041299
S21401DBF0013350FA83F313F8013C0392A3F1400179
S21401DC002A4603A8019316F01AFF039F2F4AE41B26
S21401DC10A2FB041200903021049204A82A4616F0B2
S21401DC200EFFDDF810B08146A4EB0B04012205942B
S21401DC30102144F2100405A816F001FF009B1A02F9
S21401DC40019B42EA091244EA0344059B42EA0009A1
S21401DC5007EB0B001844FFF78BFC00F50C57283731
S21401DC6040F6FF711A4B3846C3F8C010A3F580532F
S21401DC70C3F8C090A3F58053C3F8C440154C276081
S21401DC8001F0B0FC4FF47A72134B4042986523685A
S21401DC900A49B3FBF2F3A8F8043096F82B30B7FB29
S21401DCA0F2F08AF800500B7017E7002734E700BF40
S21401DCB0004001B88C620020F85B00207B650020E4
S21401DCC06C4E0020204E002069C2F568911E856BBF
S21401DCD0006001B8544E0020001F00B07C65002093
S21401DCE006650020014B1870704700BF7D65002057
S21401DCF010B5044603F012F878B1174B1B786BB9D0
S21401DD0064B1164B1B784BB1154B1B78013B012BAD
S21401DD1004D84FF40042134BDA6710BD124BDB6F89
S21401DD201B04FAD41BF0AFF84FF400420F4B044625
S21401DD30DA67A3F5A0435B682BB1FEF741FF10B18C
S21401DD40022016F0B7FE0222094B2046BDE810401D
S21401DD50C3F884241BF092B8F95B0020FA5B00201C
S21401DD60584E0020002002B8000002B8001002B889
S21401DD7000D003500122024B00201A70FFF7B8BFF3
S21401DD80F95B00200022024B01201A70FFF7B0BF9A
S21401DD90F95B0020F7B50646504C00F037FD504BB6
S21401DDA02578504F1E7085BB2846FFF7A1FF2378C4
S21401DDB0013B012B19D8E37B01A88DF80430237CA5
S21401DDC08DF80530E9F738FAC7F884544FF6FF7234
S21401DDD0454BC3F88420F822A3F58053C3F884206A
S21401DDE00022404BC3F884240DE04FF6FF723E4BF1
S21401DDF0C7F88454C3F88420F822A3F58053C3F8E7
S21401DE008420C7F88454394B5BE00020FFF770FF8D
S21401DE102378013B012B08D8E37B01A88DF8043059
S21401DE20237C8DF80530E9F707FA0023C7F8843418
S21401DE30002ECBD062685AB32D4B1B6803EB5203FE
S21401DE40B3FBF2F3013B1B0243F0F80326782649A5
S21401DE50022E284A1ED0032E4FF6FF75214826D0E3
S21401DE60012E34D143F00203C1F88450C2F8843045
S21401DE700723C0F88434E37B01A88DF80430237CA3
S21401DE808DF80530E9F7ACF90120FFF731FF17E00F
S21401DE90F823DBE74FF6FF7043F00103C1F8840077
S21401DEA0C2F8843006220F4BC3F88424E3E743F01C
S21401DEB00503C1F88450C2F884300423C0F88434C2
S21401DEC00D4B4FF080420020DA6703B0F0BDC1F879
S21401DED08450C2F884300023F0E700BF584E00207B
S21401DEE0FA5B002000C00350006000B8002002B8B2
S21401DEF06C4E0020005000B8001002B8F0B5294F53
S21401DF0006463D4604460FCE0FC5336885B02B60E6
S21401DF1000F07CFC0022244BC3F88424A17A627AA8
S21401DF2042EA0142C3F89024217CE27B42EA0142A4
S21401DF30C3F88C24217B627B41EA0240C3F8880443
S21401DF403B78032B2AD8DFE803F022020C178DF862
S21401DF50041004218DF805200DEB01000022E9F7DD
S21401DF600BF9E37B00228DF80830237C042102A8FC
S21401DF708DF80930E9F700F9637A01228DF80C3043
S21401DF80A37A042103A88DF80D30E9F7F5F8074BBD
S21401DF90187805B0BDE8F040FFF7FCBE212005B0BB
S21401DFA0F0BD00BF584E002000C00350FA5B0020B1
S21401DFB0034BDB6F002BBCBF024BC3F888007047D6
S21401DFC0000002B8004000B82DE9F04716F0D6FD73
S21401DFD04FF47A762D4BB0FBF6F618604FF4FA73D1
S21401DFE0734307462A48190E1B021818294A4FF090
S21401DFF0000341F10001FBF781FE274BA0F580727B
S21401E00005461A6320B948222B21FDF753F801254E
S21401E0104FF47A724FF0000A6A43534650083102B1
S21401E020FBF76CFE1C4B1D4AB7F57A7F9A601C4BBA
S21401E0304FEA056819601B4B8946044618604FEA8B
S21401E040152505D29B222B215046FDF733F80126D4
S21401E0504FF47A73A8FB030103FB05117308C0187C
S21401E06041F1000100233246FBF748FE0E4B023415
S21401E07019600E4B49F10009A408186044EA897436
S21401E080054B013C9C63BDE8F08700BF6C4E002049
S21401E09020A1070040420F0000C001B80211010094
S21401E0A07C4E0020784E0020744E0020704E0020DA
S21401E0B01022044BC3F884215A600122024BDA6015
S21401E0C0704700BF00E100E000C001B81022064B17
S21401E0D0C3F88421C3F88420BFF34F8FBFF36F8F3B
S21401E0E00422024BDA60704700E100E000C001B88C
S21401E0F010B50446A242A2EB0000A3EB010104D234
S21401E100034B01399B6B0133184401F0030110BD29
S21401E11000C001B838B501250A4B02019D504FF4E5
S21401E12080730446084A834053661AF0ACFE074AD9
S21401E130A540137823EA05031370BDE838401AF0AA
S21401E1409DBE00BF00E101B800E001B8035C0020FD
S21401E1502DE9F84F164605468A461F461AF093FEE5
S21401E160022E00F0908080461AF09AFE594B5A4AC9
S21401E170D3F82090147D5A6EE4B2520744BFD3F808
S21401E1802090013404F003041AF085FE4846214627
S21401E19000F036FA8446DAF80000012E04BF01309A
S21401E1A06044ACEB000C08BFCAF80000BCF1804F1D
S21401E1B07DD300F037FA8145A1EB040188BF454BBA
S21401E1C0DFF834C188BF01F1FF3101F0030188BFD8
S21401E1D09B6BA0EB090E0CF80510A1B1F90742BF25
S21401E1E041F61F723D4B5A67BA0742BF3B4B3C4A4A
S21401E1F05A677B0742BF0022364B9A673C0742BFED
S21401E2000022344B9A6511244FF0010A314B05F177
S21401E2101002120103EB051BCBF80C0131499C508F
S21401E2201A6A0AFA05F4586E0B78A2EB0902E4B2F0
S21401E230234372450B7025D34FF48073AB400342E2
S21401E24020D11CF80520002A40D10EB3264AF80733
S21401E250536607D541F61F7140F201101F4B5967EF
S21401E26050675967B90706D51C4B1D4A1E491F48FA
S21401E2705A6748675A677A0742BF01221C4B1A61E0
S21401E2803B071AD440461AF0F9FD0120BDE8F88F85
S21401E290184A2D0142F805A042F89C3C1AF0F3FDFD
S21401E2A010490B7823EA04030B701AF0E7FD404689
S21401E2B01AF0E4FD0020BDE8F88F2120FFF778FE74
S21401E2C04FF48032034B4046DA60DCE7064A4046AC
S21401E2D05366D8E700C001B8DC4E002000E001B864
S21401E2E000001F1F035C002000D001B800000101E0
S21401E2F0000002B800E101B8FB5B0020024B187871
S21401E300003818BF01207047035C0020034B103013
S21401E3100001185800F00100704700BF00C001B8A6
S21401E32070B50646FEF74CFC044608B1FFF7CEFE74
S21401E3300023084D3046AB61EB612B6200F072F9A9
S21401E340054BC9B2197528620CB1FFF7B1FE002062
S21401E35070BD00BF00C001B8DC4E00202DE9F041C1
S21401E3609DF818800D46B8F1000F08BF0022214E17
S21401E370B5F5803FB168074621F4700141F4A0016C
S21401E380B1609DF820409DF81C104FEA042444EA31
S21401E390016444EA031444EA084444EA02044FF0E0
S21401E3A0180140F2E9222CBF002001207465FCF719
S21401E3B081FE3564B8F1000F1AD00F4BBC68D3F854
S21401E3C088305A2C38BF5A245B0606D500F0F0FB7D
S21401E3D018B10A4BB3FBF0F31C44204600F022F9B7
S21401E3E00130854238BF0022024B34BF5A6458645C
S21401E3F0BDE8F08100C001B800C000B800093D00CA
S21401E400214B10B51A6E1A66596C59B11F49C96865
S21401E41000292EDB596D4FF0FF3301F00F018B40C1
S21401E4209A4326D110242020FFF7C2FD184B9C608A
S21401E43002F088FB2022174BC3F8842101F0F4FC7C
S21401E44048B1002200200821FEF71CF8124B5C663A
S21401E450A3F580531C670D4AD36803F07063B3F1CC
S21401E460807FF9D9084B0D4A5A6741F201429A67F3
S21401E47010BD01F0D9FC0028F4D0094B064A5366BA
S21401E480A2F580521367EDE700C001B8000002B89C
S21401E490001002B800E100E000E001B8011B01181D
S21401E4A01000002008B52120FFF782FD4FF48032CE
S21401E4B0014BDA6008BD00BF00C001B8F8B5184DC1
S21401E4C004462B6A1B0426D500F0E6FB2B6AA0FB4C
S21401E4D0044613F0787F4FEA9367C3F34450C3F3BF
S21401E4E0044505D140F25A422B21FCF7E3FD0120F9
S21401E4F0AD01B5FBF0F010EB871005D140F25F429D
S21401E5002B21FCF7D7FD0120024600232046314689
S21401E510FBF7F4FBF8BD00F04BFBA0FB0401F9E7A9
S21401E52000C000B80246012030B50B4CA0F1200314
S21401E530C0F1200524FA05F504FA03F32B4304FA87
S21401E54000F595428B4100D330BD0F2801D0013034
S21401E550ECE7FF20F8E700BF40420F0010B50C467D
S21401E560FFF7ACFFC30943EA4163C01A61EBD1115F
S21401E570FFF7D8FFFF2814D00F220C4B40F01000F5
S21401E580C3F88820A3F58053C3F88800A3F5805309
S21401E5901B6ADBB2802B06D02046BDE8104000F097
S21401E5A067BB212010BD0220FCE700BF00E000B8D9
S21401E5B038B51AF075FC084B084A1D6A147D5A6E68
S21401E5C0E4B2520744BF1D6A01341AF064FC2846BF
S21401E5D004F0030138BD00BF00C001B8DC4E0020C6
S21401E5E00346064A103302EB00111B01D1F80C0159
S21401E5F0D158C1F3400116F068BA00BF00C001B897
S21401E600064B1B68434303EB8171054B1B68A3FB59
S21401E610003013F1004341EB00007047744E0020B8
S21401E620704E00200C4A20F04043014610B50020F1
S21401E63014684FF00042E4FB0320084A890F126871
S21401E64002FB0300064B9B6B984204D90133013150
S21401E650C01A01F0030110BD784E00207C4E002048
S21401E66000C001B8044B01F0F071103041F0030115
S21401E67000011950704700BF00C001B808B522203C
S21401E680FFF796FC4FF48022014BDA6008BD00BF0D
S21401E69000C001B808B5064B4FF030401A6805496E
S21401E6A09200FCF727F8BDE8084001F0E3B800BF88
S21401E6B0F45A0400F85A040070B50C68651C15D0AD
S21401E6C0C4F302669E42C4F3074530D1A4B2944215
S21401E6D02DD804EB8506B24229D2141BA50824F0D6
S21401E6E003040E59340F04D0012C08D00022212433
S21401E6F002E06B1C51F82320C0E9002470BD0E4CCB
S21401E70034F8133042EA03431A686B1C51F823406D
S21401E71001EB83014B6822405E4036F0704404D121
S21401E7201B0F032B04BF8B681A430024E4E7013553
S21401E73001EB8501C1E700BFCC5A040007B501A86B
S21401E740EBF7D6F84822164B5A65164AD2F8D4305B
S21401E75023F4FC33C2F8D430134B1B689DF8053004
S21401E760023B012B19D84022104BC3F8FC23104B57
S21401E770D3F85C32DBB2FF2B00D10623094A1B0318
S21401E780D2F8FC139BB20B43C2F8FC33D2F830210B
S21401E790084B1A6003B05DF804FB00F0E7FEECE7F7
S21401E7A0008001B8000002B8002000B0001002B8D6
S21401E7B00080E00F104E002000224FF400710F4B36
S21401E7C010B51A675A679A670D4AD162012102F598
S21401E7D0E8325161DA6812F0706FFBD14FF03042C7
S21401E7E001245A6602F5FC5208329C66DA64054B2F
S21401E7F01B689847044B5C6110BD00BF000002B85F
S21401E800004000B890620020002002B801230F4AA1
S21401E8100F49C2F880328A6A22F002028A620D4AE1
S21401E82053600D4A53600D4A5360A2F5804253600F
S21401E830A2F54042536002F5C032536002F58042B1
S21401E8405360A2F500425360704700BF008000503D
S21401E85000C0005000D000B800500054005001B86D
S21401E86008B5FFF7D3FF0E4B0E4ADA6700F076FEC7
S21401E870FFF764FF03220C4BC3F8E020012203F5E7
S21401E8804043DA674FF460725A614FF40072DA67F8
S21401E890FEF778FBBDE808400021FEF74FBB00BF3E
S21401E8A0000002B80048F000005001B82DE9F04F12
S21401E8B0054687B002900F4657F8044B631C06D1F5
S21401E8C0029B2C60E81A801007B0BDE8F08F5FEA63
S21401E8D0147B18BF0123344AC4F3016108BFC4F393
S21401E8E0074332F81120A4B24FEAC30A2F4844EA7C
S21401E8F002440AF104022A4482421BD20722CA4079
S21401E90002F0010201929A0004EB830303930123B0
S21401E910B94603FA0BF808F0940305F108060492C9
S21401E9200593039B09F10409A34208D104995544B0
S21401E9303944C0E71D4A9542E0D80020C4E7059B4C
S21401E94053B918F0420F19D118F0280F0BD146F819
S21401E950084C59F8042C21E04FF4206232210020A3
S21401E960FCF7A8FBF3E740F6042232210198FCF7F6
S21401E970A1FB04F5805246F8082CEAE740F60D2282
S21401E98032210198FCF796FB04F50052BBF1010F0A
S21401E99046F8082CDDD159F8042CD24346F8042C4D
S21401E9A004340836BDE700BFCC5A0400003000B07E
S21401E9B0F8B50546F0B10026154B34461F461549F5
S21401E9C053F8042BBAB9A00000F13040294600F5EF
S21401E9D00150FFF76BFF30B940F6AE323621BDE885
S21401E9E0F840FCF767BB0C4B0134044447F826504B
S21401E9F023F81640F8BDAA42FCD001360C2E02D0F0
S21401EA0031F81640DCE740F6C83236210020E6E74A
S21401EA10804E0020D2540020D454002070B5044605
S21401EA20A8B1C1B1384A52F8043B984215D1002327
S21401EA3036498A689206FCD49B00354A03F1304376
S21401EA4003F50153C2F8B0302022324B9A6070BDF4
S21401EA5001330C2B02D1304D12E0012352F8041B76
S21401EA60A142F5D12D4A32F81330E1E704D16268AC
S21401EA70C3E90012083403E0012A01D10434196005
S21401EA802268531CE3D0C2F3016335F81300110C5E
S21401EA9093B211F0FE0F43EA004360680DD00434D0
S21401EAA0CAB2022A2168E1D9D4E90160033AC3E96E
S21401EAB0001698600C340C33F3E7120F072AD9D8E6
S21401EAC0DFE802F00704090D1013181DC04303F513
S21401EAD000531860CEE71A6842401A60CAE703F589
S21401EAE08053F6E715F0E6FFC4E7012203F58053ED
S21401EAF08240F2E7012203F500538240EDE71A68EF
S21401EB0030EA0202FBD1B5E7804E0020000002B8D1
S21401EB10001E00B0001002B8CC5A0400D2540020E7
S21401EB200122014BDA677047001002B80122014B3F
S21401EB30DA677047002002B84022014BDA67704757
S21401EB40002002B84022014BDA677047001002B875
S21401EB500B4B1B68D3F8E43023B11A68022A01D99B
S21401EB60186A7047074B9A6D90B238B1064BC2F3DC
S21401EB7007421B68DB085343B3FBF0F0704700BF46
S21401EB80F84E0020004001B86C4E0020064BDB68B2
S21401EB90C3F30363984206D1044AD36B23F0F00310
S21401EBA043EA0111D1637047000002B8001F00B0AC
S21401EBB0054B1B68D3F8E43013B11A680A2A01D84A
S21401EBC0FFF7C6BF186C7047F84E00202DE9F743D3
S21401EBD0064615F068FF00248046DFF890901AF08C
S21401EBE052F90DF1070105460DF10600FEF75AF838
S21401EBF09DF806308BB9721C29D015F054FFA0EB96
S21401EC00080428461AF03AF99DF8063013B99DF81B
S21401EC1007303BB3A642E2D824E0D9F80C3013F40F
S21401EC20603FE8D0D9F8100015F0AAFF731C07461C
S21401EC3003D015F038FFA0EB080428461AF01EF999
S21401EC4017F5007FE0D0384603B0BDE8F0832846CC
S21401EC501AF014F99DF80630002BC0D19DF8073044
S21401EC60002BBCD1004FEEE700FEFFFF00C000B84E
S21401EC7010F1800F04D04D28CEBF7F20323040B235
S21401EC80FF22044BC0B21A62A3F58053186200201B
S21401EC90704700BF00E000B80B4A10B5136E0B4C6E
S21401ECA0116E03F00703E35CC1F3CD0101FB0333EF
S21401ECB0126E0748C2F3454202FB03330068800127
S21401ECC0B0FBF3F010BD00BF004001B8C45A040009
S21401ECD06C4E0020084910B5D1F89C3040B11C4656
S21401ECE0CA68D1F89C309C42F9D1C2F30362027023
S21401ECF003F00F0010BD00BF000002B8094B01F081
S21401ED0080011B6F03F480030B4309D14FF40012FB
S21401ED10054B1A62837F1BB10122044BC3F8002105
S21401ED20704700BF000002B8006001B8005001B88B
S21401ED302DE9F04F404F804685B038680C4615F0F7
S21401ED40B9FB20B90024204605B0BDE8F08F224665
S21401ED5000214046FBF73EFB384B5D6915F0010587
S21401ED60F0D1FCF701F806460028EBD03F6838469C
S21401ED7015F0D8FA4FF6FF73984234D04FF0605131
S21401ED802F4E304B304AD3F82090D6F88C30116293
S21401ED904FF00061A2F58052116224220421C6F8C8
S21401EDA08C202A4A4FF4804B91604FF48052002702
S21401EDB0DFF8A4A0CAF868B0F262A7421ED3042105
S21401EDC0234A9160A2F5F032C2F88C304FF06052BF
S21401EDD01D4B1A6209EA02031E4A13624FF480426F
S21401EDE01D4B9A66AFE73146384615F03FFA0146A5
S21401EDF03846FCF7FDF80028C0D0A3E7B26E5104F0
S21401EE00FCD5B268D205F9D5CAF868B0D6F8902014
S21401EE100135012D0392D0D9E21B042AA8BF042292
S21401EE2008EB070003A901930092FBF763FC009A25
S21401EE30019B3A4497B2C0E7F84E0020000002B8A2
S21401EE40004000B8004001B8006001B8001002B8E8
S21401EE50002002B8005001B8006000B84FF6040167
S21401EE604FF60502044B01201B6C9BB28B4208BF78
S21401EE701346024A136670470080E00F00C001B8CF
S21401EE802DE9F74F81460F464FF0FF35FFF790FB10
S21401EE90002601908A462C463046DFF8D8B006F1A7
S21401EEA010031B015BF8033003F00308B8F1010FF0
S21401EEB015D13046FFF794FB02460B4601985146A2
S21401EEC0FFF716F9DBF8643006F10802D340DB07DA
S21401EED039D5002F40D000252C463E6040460136ED
S21401EEE0082EDCD160B3234A0027D2F808C0916B04
S21401EEF00CF440330131A4FB0141641941F10001D6
S21401EF00B3F5003F30D1536B0CF4405C013347F14D
S21401EF100006BCF5805F22D1156B15F5807505FBE3
S21401EF2006F647F1000203FB0266A5FB03323244F4
S21401EF30594304FB0212A3FB04341444C9E9003408
S21401EF4003B0BDE8F08FA84271EB0403C6D207B147
S21401EF503E6005460C46C1E73D463C46BEE73202EA
S21401EF6042EA13621B02E3E7136B13F5807347F162
S21401EF700002DDE700C001B808B515F015FE044B28
S21401EF805A7C012302329340024A536108BD00BFF6
S21401EF90DC4E0020002000582DE9F34105460F46BF
S21401EFA068461146FFF76CFF0646B0B1AFB1DDE922
S21401EFB000321B0A43EA0263A5FB0384094B120ACB
S21401EFC005FB02441A6812B915F0D8FD0246002363
S21401EFD040462146FAF792FE3860304602B0BDE858
S21401EFE0F08100BF6C4E002037B50446FFF70EFCDB
S21401EFF0E17822791B4841EA0243C0F8CC34E5792E
S21401F000A37943EA0543C0F8D03423784BB18DF891
S21401F010041004218DF805200DEB01000022E8F70D
S21401F020ABF863785BB10421A37900228DF8043034
S21401F030E3790DEB01008DF80530E8F79DF82278AD
S21401F04001235AB1084AC2F8C834627802233AB199
S21401F050054A0020C2F8C83403B030BD034AF2E7BF
S21401F060024AF6E700C0035000D0035000E0035008
S21401F07070B52C4B0C461A7812B92B4A926D1A7041
S21401F0802A4AD26F52054AD51D78294B05F00F063C
S21401F090B0FBF3F040434FEA151505D140F27C6210
S21401F0A02B21FCF707F80120224A0A217243B2FB02
S21401F0B0F0F34843B3FBF1F602EB5002B2FBF0F279
S21401F0C001FB1633042BD2B207D8C3EB8310C3EB74
S21401F0D080035BB283B96DB217E0C3F10B0303EB98
S21401F0E08303DBB2B3FBF1F32B44DDB20F2DF2D970
S21401F0F0013AD2B2053DEEE7053B5BB293FBF1F375
S21401F1001D44EBB26DB2002D04DB002042EA05126D
S21401F110226070BD01320533D2B25DB2F5E702203E
S21401F120F7E700BF045C0020008001B8000002B8C9
S21401F130403B2500809698004FF0000C2DE9F84FD3
S21401F140A2FB017BC84EDFF85CE3BE1999466BF162
S21401F1500003B6457CEB030308D240F23E220E21A3
S21401F1606046FBF7A7FF0220BDE8F88FD0F8E4A0C1
S21401F1700C461546BAF1000F04D0DAF80030032B1E
S21401F18000F21B81B94BBA4A9B6BD2F8FCA0C3F3C1
S21401F1901408B84BD3F8EC305E00B64B48BF48F4C1
S21401F1A000181B6E48EA456858074EBF4FF44003E7
S21401F1B09B0503F0E07348EA030817F0E3FF012D0F
S21401F1C00646D0D10028CED0AB4B984200F0048141
S21401F1D003F5122303F5F863984200F00381A74B69
S21401F1E0984200F02F81002502462B4600204FF062
S21401F1F00071FAF783FD2B46013007FB03F3C8F3D2
S21401F200130100FB0B33A1FB0662A7FB007001FB99
S21401F2100522034420339B09C9F80030F60C984BAD
S21401F22046EA423618F4801F1C6008BF7642954BAA
S21401F230954DC9F8144034441E602C60BAF1000F95
S21401F24000F0B98000239149C8F381528A5C1946BF
S21401F25018F0807F18BF6408002EB8BF7642920669
S21401F2606008C2FB06012246FAF748FDDAF80030CC
S21401F2700E2B08D97F4B7D4A926BD969D3F80C3196
S21401F280C90600F1D68018F4001814BFC42240F253
S21401F29007127F49C0F31300A1FB04614FEA511125
S21401F2A002FB01F1C9F80400DAF818004FF4FA730A
S21401F2B0B1FBF0F118BF4FF0000801FB03F3A4FB0C
S21401F2C00262FA33A3FB003004FB0822B3429041EA
S21401F2D038BF0131C9B241F4006CC9F808C0002931
S21401F2E07ED0DAF81C00A1FB003624B1B4FA84F211
S21401F2F00E2A40F38880E203002E77D1B2FBF3F2A8
S21401F300530003FB0113A3FB00764FEA044EBE45F0
S21401F3104FEA144474EB060609D34E003344A0FBAF
S21401F3200371BE4574EB010102F10102F6D2C2F38C
S21401F3300E024CEA023C4CF00063C9F8083017F0A4
S21401F34021FF2B68002B00F08880B3FA83F4D4F1F8
S21401F35002044CBF1C4623FA04F44E4B9C4288BF61
S21401F3606408002846D0B4FBF0F3642100FB134286
S21401F37001FB02F2904244D85A1E52085B08013B38
S21401F380120242EA0313C9F80C3017F0C7FE002830
S21401F3905CD0B4FBF0F2642100FB124401FB04F4E0
S21401F3A0A0425ED8531E5B085208013A1B0243EA8C
S21401F3B00213C9F810300020D6E6042BDAF82880AC
S21401F3C07FF4FBAE18F0807F0CBF08F0E0734FF4BB
S21401F3D0400328F0E078EEE600232F481D460CE7B0
S21401F3E02120C1E600232D481D4606E70B460022D4
S21401F3F089E7044640F2C2422B210020FBF75AFE61
S21401F4002346013BB8E7C2F10F0702F1110E06FAD7
S21401F4100EFEFB4043EA0E03A7F1200E26FA0EFE6F
S21401F42043EA0E03FE40013304FA02F246F10006F7
S21401F43062E702F4801203F400131A4308BFC0F512
S21401F440801020E7002316481D46D6E640F2E54226
S21401F4502B21FBF72FFE621EA4E70028C9D01C460D
S21401F460CFE71446F7E700BF006CCA88008001B8F2
S21401F470001F00B0004001B800F04902005A6202C5
S21401F480B84E0020B44E0020B04E0020DC5A0400D6
S21401F490D34D62103FBE40250A3BB2DF313641DC18
S21401F4A0D694BFD6807C814A10B50B46044686B0FA
S21401F4B039B98279016821486B460068FFF73CFE3E
S21401F4C06B461F4A196851631E4AD2F8FC2062B384
S21401F4D05A6842B11C4A1D49C2F80C115968A2F576
S21401F4E08052C2F80C119A6842B1174A1849C2F8FC
S21401F4F0EC109968A2F58052C2F8EC101549D8684C
S21401F500D1F8642122F4EE620243C1F86421D1F8F5
S21401F5105C21186922F4EE620243C1F85C21A1F570
S21401F520FF4158692839FFF7A3FD0020A2880A4B3E
S21401F5309A6203F5A033186406B010BDF84E002099
S21401F540008001B8001F00B0006001B8FFFF0F0087
S21401F550FFF8FF0F000002B8004000B84FF48062C9
S21401F560014BDA67704700BF001002B84FF48062A3
S21401F570034BDA67034B1B780BB1034A936570475D
S21401F580002002B8045C0020008001B840B1036886
S21401F590012B05D90069034B002808BF18467047A0
S21401F5A000487047E45A040010B590B10468012C75
S21401F5B00FD902696AB11168094B102C196051689C
S21401F5C05960916888BFD268996094BFD960DA6043
S21401F5D010BD102200210248FAF7FCFEF8E700BF32
S21401F5E0C04E0020084BC1171A68A2FB000302FB9D
S21401F5F0013310F1807043F10003400E40EAC3105E
S21401F600803820EAE0707047D04E00200722164B63
S21401F61070B5DA66154B164A1D68164BEC08E00500
S21401F620C0184FEA153141F100010023FAF766FBD5
S21401F630114B124E18604EF66020FFF7D3FF404282
S21401F640C6F884000E48FEF7EDFF024658B1E30106
S21401F650500818184FEA15714FF0000341F10001E8
S21401F660FAF74CFBF06570BD000002B86C4E002046
S21401F67065CD1D00B2E60E00D04E0020001F00B082
S21401F68040420F0010B5044698B10B4BD3F8FC006E
S21401F690FFF78AFF4FF47A7303FB04F0074BA0F6DB
S21401F6A0AC50DA689B681044C01ABDE81040FFF7FA
S21401F6B099BF4EF66020F8E7001F00B0C04E00204C
S21401F6C02DE9F8430546084614461E46FFF76CFF2B
S21401F6D00DB306F0020716F004061ED1DFB14FF493
S21401F6E07A706B685843002B40F08C80FFF77AFFE6
S21401F6F060626B69002B00F08C804B4AD0684FF437
S21401F7007A7202FB0300A0F503501038FFF76AFF78
S21401F7102062002E57D1BDE8F8832869002868D0FA
S21401F7204FF47A735843404BA0F6AC509B68C01A0E
S21401F730FFF758FFE061A88B00285DD04FF47A737D
S21401F7405843394BA0F6AC509B68C01AFFF74AFFE6
S21401F7502061364BE968D3F8008000294FD04FF47A
S21401F7607A735943304BA1F6AC519A685B68891A93
S21401F770C91A2F4BC8171A68DFF8BC90A2FB0113F1
S21401F78002FB003311F1807143F10003490E41EA97
S21401F790C3118039274B6161DB6EA361D9F8003054
S21401F7A053B1404615F080F830B12246D9F8003002
S21401F7B01D49D8F8D80098470021A869FFF762FFCD
S21401F7C0A062002F8BD1A86830BB47F23050FFF7FC
S21401F7D009FFA0604FF47A702B6858432BB1124B87
S21401F7E01B6803F51C5310331844FFF7FBFEE0605B
S21401F7F091E74EF660209BE74EF66020A6E74EF6B0
S21401F8006021B6E7084B1B6803F51C5310331844F8
S21401F8106CE747F2305079E74FF47A735843A0F516
S21401F82003501038D3E700BFC04E0020F84E00202A
S21401F830D04E0020001F00B0BC4E002038B5054653
S21401F84008461C4615F052F90246D5F8E400FFF7C3
S21401F8509DFE4368A018002B044AA8BF4FF4FA7215
S21401F8601A44034B92FBF3F2104438BD0CFEFFFF23
S21401F87018FCFFFF70B5124C88B001AD0FCC0FC558
S21401F88094E8070085E807008C2200210D48FAF766
S21401F890A1FDD42200210C48FAF79CFD0B4B0C4A23
S21401F8A05A6301F04DFA0B4B1B783BB1044E01AD88
S21401F8B00FCD0FC695E8070084E8070008B070BDB5
S21401F8C0C41F00B0A01E00B02C1F00B0001F00B067
S21401F8D010111111F75B002008B519F0D4FA0E4B80
S21401F8E01A78A2B90D4A126812F4843F0FD10C4A55
S21401F8F01021D1671B7863B9084B1B68DB0508D458
S21401F900074B2022DA67BDE8084019F0B7BA054A66
S21401F910EEE7044BF5E700BF0A5C0020A0150020C7
S21401F920002002B8001002B80A4B197801F0FF0255
S21401F93029B10021197008499202C1F8B4205978FA
S21401F94001F0FF0229B1002159709302024AC2F860
S21401F950B8307047055C0020005000B8064BD3F85D
S21401F960D80E064B5B6F1A0103D4054B9B6E1B0426
S21401F97001D500F580707047001000B0000002B895
S21401F980004000B810B519F07EFA0E210446032097
S21401F990FFF7FCF840F20122034B2046BDE8104079
S21401F9A0DA6219F06BBA00BF004000B808B519F06A
S21401F9B06AFA4FF00042224BC3F88020BFF34F8F04
S21401F9C0BFF36F8F0122C3F88420BFF34F8FBFF3BD
S21401F9D06F8F0222C3F88420BFF34F8FBFF36F8F60
S21401F9E00422C3F88420BFF34F8FBFF36F8F082222
S21401F9F0C3F88420BFF34F8FBFF36F8F1022C3F875
S21401FA008420BFF34F8FBFF36F8F2022C3F884206B
S21401FA10BFF34F8FBFF36F8F4022C3F88420BFF32D
S21401FA204F8FBFF36F8F4FF48072C3F88420BFF3FC
S21401FA304F8FBFF36F8FBDE8084019F01FBA00BFA4
S21401FA4000E100E008B519F01EFA4FF00042094B3C
S21401FA501A6001225A6004225A6008225A60102253
S21401FA605A6020225A6040225A60BDE8084019F0C8
S21401FA7005BA00BF00E100E0012370B5074C237012
S21401FA80074B1E68074B3240D3E900531940284004
S21401FA90FCF7F8FC0023237070BD00BF085C002053
S21401FAA0D84E0020A01500200022044B1A70044BEB
S21401FAB0197811B11A70FFF70FBF7047095C002063
S21401FAC00A5C00202DE9F047DDF820A003EA0108D2
S21401FAD0099B06460C4602EA000703EA0A09BAF140
S21401FAE0000F40F04E81031F0B4300F00E810528E6
S21401FAF071F1000380F0E48050EA010300F06081B8
S21401FB00431E0B4300F02481FFF750FFAD4AD2E9B4
S21401FB10005323EA040325EA06053D4343EA0807A2
S21401FB20A94BC2E900571E68DFF8F48226EA0A06E6
S21401FB3046EA09061E60FFF7CFFE15F02A4F14BFEE
S21401FB4048F202034FF40043A04AB007D26EA04821
S21401FB5048BF43F4005383EA020122EA0302C26665
S21401FB609C4A0B408166D366C5F380421203290383
S21401FB7048BF42F48072EB0648BF42F40052964BEF
S21401FB80AC0648BF42F400726806D3F80C3248BF90
S21401FB9042F48062290648BF42F400628F4882EA36
S21401FBA0030123EA0203C0F80C328D4B0A40C7F367
S21401FBB04024A404C0F80812C3F80C22EA0448BF83
S21401FBC044F48034AB0348BF44F48014A80748BF0C
S21401FBD044F4800415F4001F06D0D8F8000015F090
S21401FBE0B9F808B944F40024E90248BF44F40034E3
S21401FBF0FA0648BF44F4000473077A4B48BF44F042
S21401FC0004041A6A44F4001484EA020323F001038C
S21401FC1075491A400A621C40CB61744B16F0010FFD
S21401FC201C62734B734A18BF1A46734B7C071B6FD3
S21401FC3048BF42F00062714882EA030123EA0203E8
S21401FC4003676F4B0A4041661A676E4A05F0010367
S21401FC50516CA0F5803081EA030221EA0301416478
S21401FC6082631A40684B28025A64D8F8002048BFBD
S21401FC70664B92F8F62058BF654B690748BF43F4B8
S21401FC80806322B115F4C06F18BF43F48073320746
S21401FC90604A48BF43F00043D2F8EC105E4883EA5E
S21401FCA0010222F4A0221140C0F8EC101340C0F863
S21401FCB0E0205A4ABDE8F047C2F8EC30FFF7C2BE72
S21401FCC0A0F580630B4306D020F48063A3F5007390
S21401FCD00B437FF419AF19F0D6F83A49D1E900324F
S21401FCE023EA060322EA040242EA08023B43C1E988
S21401FCF000324B4A126892F8F610474A09B313F4D9
S21401FD00C06F1ED04FF4807311E019F0BCF82D4A75
S21401FD10D2E9003123F004033B4341EA080157EAE4
S21401FD200807C2E900314FF480633B4A0BD0C2F8A2
S21401FD30E030A2F58052C2F8EC30BDE8F04719F089
S21401FD409DB84FF48073C2F8EC30C2F8E030F4E7A7
S21401FD5019F099F81B4AD2E9003123F001033B431D
S21401FD6041EA0801C2E9003101232E4A57EA080791
S21401FD701BBF9363A2F580525364536408BF936319
S21401FD80DBE750EA01037FF4BFAEBAF1010F7FF45F
S21401FD90BBAE19F078F80C4A136823F0010343EA66
S21401FDA0090313604FF48063144AB9F1000F04D0BD
S21401FDB05366A2F580521367BFE713675366BCE725
S21401FDC0BDE8F087A0150020D84E0020004000B8FE
S21401FDD0006000B8005000B8004001B8006001B8EB
S21401FDE0005001B8000002B8002002B8001002B8A6
S21401FDF0041C00030418000300C001B800E001B8A9
S21401FE0000D001B800C000B800D000B80D0A0A0939
S21401FE10090A0A09004000540060005400500054CA
S21401FE20F84E002000E000B8024B5868C0F3C0004E
S21401FE30704700BFA0150020024B186800F00100B3
S21401FE40704700BFA0150020024B5868C0F3C030B1
S21401FE50704700BFA015002010B50446FEF700FD50
S21401FE60FFF7A4FD2046FDF7BDF8FEF7A5FCFEF75B
S21401FE70ABF8FEF71DF9FFF7C9FB13490723134A31
S21401FE80D1F8FC1004F1F800FFF71AFC4FF080716E
S21401FE900020FEF7E7FB4FF000720D4B4FF4001108
S21401FEA00120C3F80021FEF7DDFBFEF7D7FF20B9DE
S21401FEB040F292321421FBF7FDF814F07EFEBDE805
S21401FEC010400120FDF766BF001F00B0581F00B0AC
S21401FED000D001B88023074A1367082340B113678F
S21401FEE0054AD2F8A03023F02003C2F8A0307047AC
S21401FEF0024AF4E7001002B8001E00B0002002B863
S21401FF0010B518F0C0FF012104460020FFF7E2FFFC
S21401FF10044B1961044B5B6898472046BDE81040C6
S21401FF2018F0ACBF000002B87C620020F8B5194C8E
S21401FF300546207840F2E442B0FA80F03E214009BE
S21401FF40FBF7B8F855B9607840F2E442BDE8F840EE
S21401FF50B0FA80F03E214009FBF7ACB84FF440669A
S21401FF600D4F0E4DD7F8B43040F2E442C3F381236F
S21401FF702370C5F8B46060783E21B0FA80F040097D
S21401FF80FBF798F8D7F8B830C3F381236370C5F848
S21401FF90B860F8BD055C0020004000B8006000B8FD
S21401FFA0F8B5084C084D236F0423084F2B67236FC1
S21401FFB05B0300D4F8BD042602203E6714F07AFDE8
S21401FFC02E67F4E7000002B8001002B8002002B85D
S21401FFD0A82238B51A4B1D6F03F500531A67102275
S21401FFE09A60A3F5804302F100521A675A66FFF73A
S21401FFF09BFC144B1B7813B90320FEF78BF80024E7
S214020000114B9C67FFF7CCFF104A114BD2F8D81E53
S2140200100B40C2F8D83E04220E4B1A670E4BAA06B5
S214020020C3F8AC4008D503F58073DB6CB3F5817F6B
S21402003022BF8022024B1A61BDE83840FCF7C2BBE1
S214020040000002B8075C002000C001B8001000B033
S214020050DF0000FF002002B8001E00B010B549B94C
S21402006030B3164AD3681B0E13F00E0F20D19368D6
S2140200709A061DD4FFF786FC104C0020FEF72AFED7
S214020080032801D0092805D1636FDB03F5D4E36D9D
S2140200900C2BF2D9FFF784FF4FF40072084BDA629A
S2140200A0012203F5E8335A61042203F580531A67E6
S2140200B04FF4C062034BDA6210BD00BF000002B804
S2140200C0004000B8006001B808B503210920FEF719
S2140200D05DFD2022014B1A6108BD00BF000002B878
S2140200E038B5054618F0CFFE0E4B04461868FDF7E5
S2140200F045F835B1FFF7D8FC2046BDE8384018F081
S214020100BDBE094B1B78002BF6D0084B1D78002D80
S214020110F2D1FFF7C9FC2A464FF480400021FFF7D0
S214020120ABFCE9E7F84E0020095C0020085C0020E2
S2140201302DE9F84F5C4B06460D4614461B6F002A07
S21402014040F0AE8013F0A00F14BF4FF001094FF03D
S2140201500009FCF737FBA0234FF0000ADFF868819E
S2140201600320C8F87030FDF7D5FF0420FDF7D2FF54
S2140201704E4FFFF799FC4E4B4FF0040B7B67C7F8C8
S21402018078A0FFF70DFF4B4B4FF48071D3F8A020F9
S214020190494842F02002C3F8A020FF22C8F80820EF
S2140201A0414A1161D0F8D82E44491140C0F8D81EF1
S2140201B0C8F870B0C3F8ACA07B6913F0060F04D081
S2140201C0FEF75CFA5846FDF7A5FFB9F1000F08D016
S2140201D04FF400623A4B1A674FF40042A3F5E0333D
S2140201E09A6666B1374BDB6C180701D4FFF7CAFB79
S2140201F0FFF76AFF0420FDF78DFFFFF795FB2A4BFA
S2140202005A69D10747D5DA6812F0706FFBD12E4BC8
S2140202102E4A1A672E4AD36B23F0F003D36315B126
S2140202202046FFF75DFF2B4BD3F84C315A1C01D00A
S2140202305B0002D50122244B5A6164B3214BDA6E6D
S21402024003F500539A6603F5D0331B6A1E4A23F061
S2140202500103D361204BD3F80C1203F50053C3F805
S214020260081203F50053D3F8841003F50053996778
S2140202701A4BD3F8EC1003F50053C3F8E010184BF2
S214020280596C03F500539963164903F58033596692
S2140202904FF6084313670020BDE8F84FFCF736BD5B
S2140202A04FF0000955E700BF000002B800C001B8D1
S2140202B000000101001E00B0001000B0DF0000FFC9
S2140202C0001002B8004000B8002002B8100030004B
S2140202D0001F00B00080E00F004001B8004000544C
S2140202E000C000B85000002F9B4B2DE9F04F9F6EC8
S2140202F0DB6E85B01F40994B9F66994BD3F8E05052
S214020300D3F8EC301D40974BC3F8E050964BD3F829
S2140203100822D3F80C3202EA0309944BC3F8089277
S21402032003F52043DA691B6A02EA0308904B08F4D5
S2140203307702DA618F4BD3F80422D20605D4D3F8BB
S2140203400431C3F30016DB0651D518F09CFD8A4B28
S2140203505A695E6E1B6F12F0060F06EA0306874A9C
S21402036026F0007314BF4FF0010A4FF0000A23F480
S21402037000637407536604D5814A137D0133DBB2EA
S214020380137518F07BFD002F00F0E28017F400438F
S21402039000F0D38018F077FD0146FFF7DFFA044637
S2140203A0784BD3F800B0DBF80020DBF800309A4236
S2140203B0FBD0DBF800209A42FBD0FFF7CFFAA04230
S2140203C017D1084618F05AFD6F4B1C606F4BD3F8D6
S2140203D070B01BF4E0520ED124F07F4424F0DF0408
S2140203E00CB9FFF7F5FD4FF0807B002414E0B2460F
S2140203F0C9E70446D7E70192FFF7EAFD5C4B019A8C
S2140204001BF480541A6740F09A801BF4806F0CBF6E
S2140204104FF0805B4FF0806BB80715D55B4A5448A7
S214020420126F02F460410167002900F08B8011040C
S21402043000F18B8012F4005F0CBF4FF000524FF0B9
S214020440006200244BEA020BC7F340377F00504A93
S2140204502A40002A4AD015F4206F0AD040F6A3128A
S21402046006210020FAF726FE0020FFF739FE25F4C3
S2140204708025EB0506D5FF213D4A4BF4C06B916003
S214020480FFF780FA15F0090F0AD040F6B8120821D5
S2140204900020FAF70FFEFFF717FE0121304A11631C
S2140204A015F0106F0CD040F6C11209210020FAF7A1
S2140204B001FEFFF709FE002211461046FCF736FE43
S2140204C015F4202F0AD040F6C91207210020FAF7A9
S2140204D0F1FD0020FFF704FE25F48025E80301D590
S2140204E0FCF768FF002DB8BF47F0080769070DD56F
S2140204F01B4AD26A12F4005F4FF4005217BF194922
S2140205002449CA624BF4000B08BFCA626A0548BF98
S2140205104BF0040B15F48023019300F0A480FCF743
S21402052001FF0138062837D8DFE810F028012B0132
S21402053028012E013101340134019B4655E74FF064
S214020540804B52E74FF000727BE74FF0004278E7AD
S214020550BB463C467BE700BF004000B8006000B8E0
S2140205600040005400600054004001B8006001B82A
S214020570002002B800E100E000C001B800E001B8C7
S214020580DC4E0020785A0400D44E0020000002B848
S214020590090B0B890050005440F6FA120321002082
S2140205A0FAF788FD01218548826ED0F8883002F07D
S2140205B00702063201FA02F2C3F30C0CA2EB0C029B
S2140205C092B2072A12D97E4A126F53020ED47D4B7C
S2140205D0826B806D5B6D5BB102F007020632914062
S2140205E0C0F30C00091A89B2072901D84BF4007B24
S2140205F0754A1278002A36D0704AD2F8E02012F4F1
S214020600A02F30D1714A724912789AB9F20411D4E5
S2140206100A787AB14FEADB026E4842EA447282F006
S2140206200102D0F8D80E02F00102520020FA02F2BD
S214020630930718D10420FDF76DFD674A6748506797
S214020640FFF732FA62490A784AB9654A127832B135
S214020650644A654912680BEA02020A4201D14BF467
S214020660804B26F48056B9F1000F1DD019F4805F36
S21402067018BF4BF4802B19F4807F18BF4BF4002B65
S21402068019F4005F18BF4BF0100B19F4007F18BF67
S2140206904BF0200B19F4806F18BF4BF0400B19F487
S2140206A0006F18BF4BF0800BB8F1000F48D018F45B
S2140206B0001F0AD04D4A13683BB1414A4C48116F9D
S2140206C000680022C1F3C061984718F4802F18BF53
S2140206D044F4007418F4803F18BF4BF4805B18F49F
S2140206E0801F18BF4BF4003B18F4800F18BF4BF066
S2140206F0020B18F4003F18BF4BF4801B18F4000FCF
S21402070018BF44F0100418F4002F19D0394AD2F852
S214020710A02012F0C00F13D02949CA68C2F30362A0
S214020720032A01D0072A05D14A6FD00602D48A6F5F
S214020730120732D54FF400212F4A28F40028D1613F
S214020740002E00F01B81330540F18F802B48DFF826
S2140207508890C2782A49002A58D04FF40063013A9A
S214020760D2B24B66C27032B9264A1278C2B140F68D
S2140207700141254A51670022002173E04BF4803B79
S21402078010E74BF4006B0DE74BF4806B0AE74BF473
S214020790807B07E74BF0080B04E74BF4001BCFE720
S2140207A0D9F8782012F4A05F15BF4FF4807240F695
S2140207B00142C9F85820C9F87820DCE70040005406
S2140207C0000002B8004000B80A5C0020095C002065
S2140207D00C5C0020001000B000C001B8000001014F
S2140207E00B5C0020A0150020088D01000C4E002096
S2140207F0F84E0020001E00B0002002B8FB5B00206E
S21402080000E001B8075C002000D001B80320FDF725
S21402081081FCD9F81420A84B12F0060F04BF41F64B
S2140208201F72A649A64808BF4A674FF40061A34A4A
S2140208305166D9F8142012F0060208BFC9F87820CB
S2140208405A8A12F4006162D022F400625A82027856
S21402085002F0FF09002A5ED1FDF710FFFFF7B8FB92
S2140208604A4620214BEA020B0C43B00009D52E2043
S214020870FDF79EFB4FF00051904A44F008041167C2
S2140208805166F10606D52B20FDF792FB10218B4A06
S2140208901167516616F0306F05D1F20463D5BAF1CE
S2140208A0000F00F0C080330117D52920FDF780FB2A
S2140208B0844A526C12B11021834A9160FFF7B4FA4F
S2140208C048B1824A82487D494A66026700F540502E
S2140208D0C068400422D444F0040416F0007A28D0FB
S2140208E00420FDF717FC2720FDF762FBFFF770FBDD
S2140208F04FF00071714A5166764AD2F8D82E5206E7
S21402090079D40221704A916044F0020428E0027809
S2140209104FF40052A6E74FF400422DE70A67202064
S2140209204A66FDF745FB2D2044F00C04FDF740FB1C
S214020930D3E716F0807FDFF88C9147D00420FDF7CE
S214020940E9FB2820FDF734FBD9F87820002A3AD1B3
S214020950FFF73EFB594A5D4944F0010411675166B0
S2140209600021584A9165720508D55B498A78002AA3
S21402097000F0D880013A8A7000221743574AD2F80C
S214020980A020130603D558462146FCF7C7F93A4677
S21402099058462146FFF770F8019B0BB1FCF7F8FCAE
S2140209A001224F4B05F00435C3F8E0504D4B18F4C6
S2140209B0002FC3F884211EBF4FF40022424BDA6197
S2140209C005B0BDE8F08FC9F878A0C3E7F104C7D533
S2140209D00420FDF79FFB444AC9F87420FDF74EFE3B
S2140209E0D9F8642012F0407FBAD12A20FDF7E0FA47
S2140209F0FFF7EEFA80E7394AD2F8A0108B0683D4C6
S214020A0002203A4988603A49096891F82510C807D1
S214020A107FF57AAF92F8C420002A3FF475AF8021A2
S214020A20344A116170E7344A1268013202D04BF040
S214020A30010B98E728490A7952B1013AD2B20A71F3
S214020A4012B9234A2D49516700224BEA020B8AE764
S214020A500420FDF75FFB0320FDF75CFB194A2249E1
S214020A60516718F010FA81460DF10F00FEF732F9C1
S214020A70234A824612780AB1FEF784FFBAF1030FC0
S214020A800ED1DFF870A00020FEF724F9032807D164
S214020A90DAF87420D103F6D4DAF85C200C2AF2D9FC
S214020AA09DF80F20032A2FD10121164A48461170BD
S214020AB018F0E4F9C8E700BFDC4E002000E001B8F9
S214020AC0075C002000C001B8002002B81000002019
S214020AD000D001B8001000B0FB5B0020001E00B082
S214020AE00060005400E100E000000101001002B8BE
S214020AF0F84E0020000002B8846200200000010DBB
S214020B000D5C0020095C0020094AD2F8E02012F4AD
S214020B10A02FC9D1FEF7C8FF484618F0AFF94FF428
S214020B20804292E70220FDF7F5FA012225E700BF90
S214020B30004000540122024B1A62DA61704700BF7D
S214020B40002002B80D4B10B5DC691A6A14400C4A34
S214020B5024F47F01D161E20706D5D9684FF0FF3051
S214020B60C1F3036114F033F8630706D5BDE81040FD
S214020B70042200200021FEF77FBF10BD000002B84D
S214020B80002002B80C4A08B5936B526C13400B4A0D
S214020B909363DB070FD50A4B40F66342187812219F
S214020BA000F00100FAF786FABDE8084000220120AC
S214020BB00021FEF761BF08BD00C000B800E000B823
S214020BC0A0150020054AD2F88430DB07FBD4936FC9
S214020BD0D2F884201340024A93677047008001B817
S214020BE000A001B870B514460D4618F04CF9064B35
S214020BF0D3F8A06074402C407440C3F8A04018F0AC
S214020C003DF906EA050070BD001E00B0034BD3F89E
S214020C10A03099430CBF012000207047001E00B090
S214020C202DE9F04117460A43012A1D469DF8184051
S214020C309DF81C60DDF8208029D8B44227D2082E01
S214020C4025D8032B23D8B8F1000F20D00A4600215E
S214020C50FBF71CFDFF21EB009940C943DFF834C0C7
S214020C6008F1FF38FF00E2B2964202D80020BDE843
S214020C70F0813D190CEB8505D5F8E02018F8010F38
S214020C800A4098401043C5F8E0000134EBE7212003
S214020C90EDE700BF001E00B0034B1868034B0028A8
S214020CA008BF1846704700BFF44E0020C87B0400F9
S214020CB02DE9F843DFF860900646D9F8008008462A
S214020CC01746B8F1000F03D00E242046BDE8F8837D
S214020CD006B3336801331DD1E1B1FAF70DF80546C4
S214020CE00028F1D0C9F80000FAF72CF8284613F0CD
S214020CF082FA044640B14046C9F80080FAF722F864
S214020D00284613F073FAE0E73560002FDDD0284658
S214020D10B847DAE72124D8E7F84E0020024B1868D5
S214020D20003818BF01207047F84E0020002108B591
S214020D30024B08465B689847002008BD7C6200208C
S214020D400523064AA2F84A3092F8493003F0010316
S214020D5063F0730382F84930704700BF001F00B08B
S214020D600023F0B585B0CDE901330393124B134D42
S214020D701B78134E8DF8043018F092F82A783378E0
S214020D8004469A420F4F0CD03178386801AA29706F
S214020D9013F052FF50B140F608210B4818F072F9D2
S214020DA004E0386813F028FF0128EDD0204618F03A
S214020DB072F805B0F0BD00BF596500208A650020B4
S214020DC08B650020144F002032300400F8B52B4B00
S214020DD01B7823B140F6FC31294818F053F918F075
S214020DE05FF8284B07461C8814F0060409D0012138
S214020DF04FF4807017F0AEF83846BDE8F84018F0A9
S214020E004AB821464FF4807017F0A4F8204600F046
S214020E109DFF022808D180221B4B8021186813F000
S214020E20B4FAFFF79DFFE7E7204600F08FFF05467E
S214020E3038B1012807D040F63141114818F022F99E
S214020E40DAE70246E8E7FF220F4E104B30681A70C8
S214020E50FFF76CFF306813F0CFFE0128CCD02A468D
S214020E602946306813F0CAFE21462C2017F09EF859
S214020E7021460A2017F09AF8BEE700BF135C00204E
S214020E8032300400EE540020144F00208A65002001
S214020E900021014817F0A4BEFC6200207F2837B567
S214020EA0044610D14FF6FF73022217480DF10601D1
S214020EB0ADF80630EAF7DCFEBDF80640E2054CBFA8
S214020EC06FF04A0464B217F0EBFF104B05461C7035
S214020ED00F4B1B88DB0710D50E4B1B78002B0E4BD7
S214020EE00CBF21466FF07F01186813F073FA20B129
S214020EF040F67861094818F0C5F8284603B0BDE800
S214020F00304017F0C8BF00BF641002C082650020E0
S214020F10EE540020145C0020144F002032300400EF
S214020F2010B50EF0BAFE60B10EF0B9FE0B4A80B1F3
S214020F3041F20D03BDE8104041F20D01074817F0DB
S214020F405BB9074B1A781B799A4204D10022002318
S214020F50F0E70D23EEE7034AF9E700BF400D030072
S214020F6059650020488D0100F8B5164E0D463378B7
S214020F7002F0010423B140F2C531134818F082F89A
S214020F80124B134F1D60134DA4B1134B997801B148
S214020F900121202016F0DEFF2B783B700F4B1C78C9
S214020FA00F4B00211C70042333700E48BDE8F84036
S214020FB017F016BE2146202016F0CCFF2B783B7089
S214020FC0EEE700BF135C002032300400044F00201E
S214020FD0105C00208C650020084F0020115C002069
S214020FE0125C0020FC6200202DE9F84317F058FF3F
S214020FF0DFF8A0810546B8F80030614C13F4807F14
S21402100003D0237873BBFFF7E1FE0021084616F0F3
S214021010CDFF5C4B1A78FF2A13D01A7802F0FF062F
S21402102032BBFF221A702378052B0AD100232846EA
S214021030237017F030FF304613F08EFE17F030FFA5
S21402104005462378504E062B09D13378FF2B06D05F
S2140210503378022B15D100214C4817F0C1FDFF232F
S21402106033702BE000214FF4807016F073FFCCE74C
S2140210701A78012A4FF0FF0214BF33264C261A7044
S214021080D4E7337813B13378012B22D117F002F864
S21402109007463E4896F8009001F0CEFBFF235FFA23
S2140210A089F9337077B1B9F1010F44D16421374819
S2140210B084F8009017F094FDFFF752FE284617F0CA
S2140210C0EAFE06E02846277017F0E5FE384613F0DB
S2140210D043FEB8F800301B0605D50021802016F026
S2140210E039FF12F04CF901F0E3FA294E308000B3D2
S2140210F02778012F42D117F087FC054610B301303E
S21402110018F09EF800F44060B0F5006F1AD1042281
S2140211103946284617F0B8FB284418F091F84FF6DF
S214021120FF7398420ED10020318800F0F1FC0023B4
S2140211303380BDE8F88300232846237017F0ABFE01
S2140211403F20C4E7114801F077FB002108462170D2
S214021150012500F08FFC23780BB9FFF737FE00203D
S214021160318800F0D5FC00233380002DE1D02078B2
S2140211700028DED1BDE8F84313F026BF0025EAE7D3
S214021180135C00208965002088650020FC62002030
S214021190EC540020EE54002008B513460A461946C1
S2140211A0064B186813F0A3F930B1BDE8084040F2C8
S2140211B0F441034817F066BF08BD00BF144F002075
S2140211C03230040008B513460A461946064B18681C
S2140211D013F087F930B1BDE8084040F2FB410348FE
S2140211E017F050BF08BD00BF144F00203230040075
S2140211F0024B1878431E584258417047135C002031
S21402120008B5064B1B7823B140F22551044817F067
S21402121039FFFFF7DBFD002008BD00BF135C00208E
S2140212203230040008B5054B01EB8101186849000D
S21402123013F0D2F8002818BF212008BD144F002052
S21402124008B5044B1868F9F70FFF0A2390FBF3F072
S21402125040B208BD144F0020014B1878704700BFFB
S2140212608B65002008B5044B186813F020F8B0FA16
S21402127080F0400908BD00BF144F002038B5124D5B
S2140212800C462B78012B04D940F246510F4817F032
S214021290F9FE21460020FFF7E5FF90B10C4B1C70CB
S2140212A02B785BB9FFF792FD0A4B93F900100A4BB5
S2140212B0C901186813F064F8002038BDFFF750FD26
S2140212C0F2E72120F9E700BF135C00203230040069
S2140212D08B650020155C0020144F002008B5074BD4
S2140212E0186812F0E2FF30B1054BB3FBF0F083B2A0
S2140212F00BB1184608BD0120FCE700BF144F0020C2
S21402130040420F002DE9F3475C4E012017F0B7FE6E
S2140213103388990704D440F63F41594817F0B2FE85
S214021320DFF8808198F80030053B012B04D940F69F
S2140213304141534817F0A6FE524F3B6823B940F688
S21402134044414F4817F09EFE348814F0200478D0AB
S2140213500121222016F02AFE4FF47A74FFF7BEFF10
S2140213603B681B780933434304EBC30498F8003008
S214021370A5B2062B0BD117F055FA0446FFF7AEFFBF
S214021380602358430C2303FB0400284485B2D7F895
S21402139000903D4B99F800801C7808F1FF381FFA40
S2140213A088F8002C52D133885A0505D409F1010079
S2140213B017F046FFC0F340143449354A887812784D
S2140213C04B7812FB00F2334F93423B70A4BF9B1A3A
S2140213D03B703B78CA78BD60934238BF13463B7079
S2140213E00EF063FC002833D00EF05DFC012814BF1B
S2140213F01025082525430023DFF8ACA000938022A1
S21402140043464946DAF8000013F018F820B14FF4C4
S2140214103B611B4817F036FE1F4BDAF800001978BE
S2140214201E4B197033889B0614D52A461C4B009710
S21402143013F000FCC0B9002002B0BDE8F04717F078
S2140214401EBE2146222016F0B1FD87E70024B3E730
S2140214502546D0E72A460F4B13F0EAFB014618B999
S214021460252016F0A3FDE6E72146262016F09EFD6F
S21402147040F6F431024817F005FEDCE7EE54002091
S21402148032300400044F0020165C0020596500200C
S214021490105C0020AC6200208B6500208A6500206C
S2140214A0084F0020135C0020144F0020184B10B584
S2140214B01B889B0704D440F6A661164817F0E2FD87
S2140214C0154B1B78053B012B04D940F6A761114842
S2140214D017F0D8FD114B1B6823B940F6A9610D48D9
S2140214E017F0D0FD00240E4B0E4921201C7016F07A
S2140214F05DFD014618B9BDE81040FFF703BF02289C
S21402150004D12046BDE8104016F0E6BD10BD00BF6F
S214021510EE54002032300400135C0020044F0020FA
S2140215200E5C0020C5160200F8B55A4C23889A07AE
S21402153004D54FF43E71584817F0A4FD574801F001
S2140215407BF917F0ADFC238805465B070DD54FF0F7
S214021550FF3012F0BAFF524B1B68C01AB0F5717F0B
S21402156003D90021042016F0F5FC28464D4D17F04D
S21402157092FC2B78042B32D117F092FC2388064675
S2140215805F0708D54548002117F02AFB3046BDE81C
S214021590F84017F080BC17F07EFC17F081FC424B37
S2140215A006461B78414F13B9238859050FD50523E4
S2140215B0012102202B7016F0CDFCFFF777FF304694
S2140215C017F069FC3B68DA78394B1A70F8BD386850
S2140215D0013017F035FE8206E9D50623E8E7062B2A
S2140215E04DD1344B1B78FF2BF0D1334E0EF05FFB00
S2140215F03378002B3DD017F053FC238805465B0753
S21402160005D52648002117F0EBFA2846BFE717F063
S21402161042FC3378013B337017F042FC044601214A
S214021620022016F097FCFFF741FF20461F4C17F0EA
S21402163032FC2068013017F003FE00F44060B0F57B
S214021640006F13D1246801210422204617F01CF9EA
S214021650204417F0F5FD0146184B04201A7833781B
S214021660D21AD2B2BDE8F84017F0B3BD4FF6FF71FA
S214021670F2E740202B70BDE8F84013F06DBB012B5B
S214021680A4D100232B700E4B1868FFF74FFB3F20A8
S214021690F1E700BFEE54002032300400FC62002066
S2140216A0004F0020135C0020165C0020044F002030
S2140216B00F5C002088650020105C00208C650020EE
S2140216C0144F002008B50A4B1A7882B90122102856
S2140216D01A7004D040F69D61064817F0D3FC00212C
S2140216E0202016F037FCBDE80840FFF70BBE08BD09
S2140216F00E5C00203230040008B5094B1B88DB065E
S21402170004D440F2C351074817F0BCFC1020002155
S21402171016F020FC044B1868BDE8084013F081BAA6
S214021720EE54002032300400144F0020012208B587
S214021730074B1146186813F061FA00212C2016F0A8
S21402174035FCBDE8084000210A2016F02FBC00BF79
S214021750144F0020014B4008185C70478465002037
S21402176008B513460A461946064B186812F0C5FE17
S21402177030B1BDE8084040F6E941034817F082BCA4
S21402178008BD00BF144F00203230040008B5044BD9
S214021790186813F031FA013818BF012008BD00BFDF
S2140217A0144F002070B5054617F07AFB0E4B0F4E0D
S2140217B01B880446DA07357008D50D4B0D4D1B788D
S2140217C0012B08D90121286813F0C0FA2046BDE88B
S2140217D0704017F060BB1BB10EF05DFAC305F1D482
S2140217E0317881F00101EEE7EE5400208365002097
S2140217F0145C0020144F00200C4B10B51B880446C6
S214021800DB0711D5FFF78CFB094B84F00102082198
S2140218101868D20012F0B9FD30B1BDE8104040F6AB
S2140218203671044817F02EBC10BD00BFEE540020DF
S214021830144F00203230040008B5044B01461868E5
S21402184012F066FE003818BF012008BD144F0020B3
S21402185010B50A4C23787BB1FFF768FF00210420FD
S21402186016F078FB0021022016F074FB002323708A
S214021870BDE81040FFF7AABA10BD00BF135C0020F7
S21402188038B5094800F0E8FC0024084D95F84430C5
S214021890E0B2834200D838BD05EBC000043000F049
S2140218A0DBFC0134F2E700BFB84F0020184F0020DF
S2140218B008B5104602494822F8F71CFF002008BD6A
S2140218C0704F002008B5054817F04CFD014620B9B8
S2140218D0BDE80840014817F083B908BD1C63002024
S2140218E0002238B51C4B15461C461A700132082ACF
S2140218F05D609D8043F8085FF8D1482200211748B2
S214021900F8F768FD4FF6FE73A4F868306FF480337C
S214021910E365134B00211A88124B1868F8F75AFD34
S214021920114BC4E91255C4E9283584F8445084F8AA
S2140219305050656584F8A850E9F704FDFF220B4B6A
S214021940012118700A4B00201A70E3F79DF8002058
S214021950FFF7B8FF002038BD184F0020704F002058
S214021960FE640020DC6100200000FFFF175C002000
S2140219705D5C002010B5AC24084B04FB0030836C81
S21402198053B990F850403CB931B1C0E91212204622
S214021990FFF798FF204610BD2120FCE7184F0020D5
S2140219A0AC2370B503FB00F5094E731993F850404B
S2140219B05CB920460BF022FF735D204643F002031B
S2140219C07355FFF77FFF204670BD0120FCE700BF7E
S2140219D0184F0020AC235843024A135C23F003033B
S2140219E013547047184F002070B516461F4A044617
S2140219F01278C2BBAC211E4D01FB00518A6C92BB11
S214021A0091F850203AB1022B2DD191F844100729B3
S214021A1007D91C2026E091F844100729F9D8012B93
S214021A2008D0AC2000FB0450CA00011D0C30F8F7A9
S214021A3023FD0021AC2303FB04F000249DF81430A0
S214021A4000EBC1012944CB71049B8E808B602B185E
S214021A5093F84420204601328C7183F84420FFF725
S214021A6031FF204670BD0120FCE700BF165C002057
S214021A70184F0020F8B5234B04461B780F46002B60
S214021A803ED1AC23204D03FB0053B3F8A03023B95C
S214021A9040F245311D4817F0F5FAAC2202FB04521B
S214021AA0D2F8A46036B192F8A33039460020B2F8D4
S214021AB0A020B047AC2300216343EA18A2F8A01086
S214021AC0C2F8A410482192F8A82001FB02322A4448
S214021AD0D2F89820964213D0EB5C9B070CD5AC222A
S214021AE06243AB5C204623F0020343F00103AB548F
S214021AF0BDE8F840FFF7E6BE0BF0A2FE0028EED1E6
S214021B00F8BD00BF165C0020184F00208930040084
S214021B102DE9F04F89B0059008460D4616F074FF81
S214021B20044618B9212009B0BDE8F08F284616F001
S214021B3087FFC0B20838215C221892F802A00491EE
S214021B40D1785268277803920022B4F80130ADF8B3
S214021B501E20434A029192F800B0BBF1000F08D053
S214021B60404B1B681BB120464FFA8AF2984700206A
S214021B70D9E703F00703022B70D001340922594635
S214021B80204616F081FE023F3F1A3B0606465FFAE3
S214021B9087F8C7D4344FD7F89090B9F1000F27D101
S214021BA000210DF11E0B434622460846CDF800B032
S214021BB00BF05CFDC3B20546002B4BD1BDF81E00F0
S214021BC013F00EF9E0B9BDF81E0013F0F2F98146E3
S214021BD0BDF81E0013F004F9F0B906EB0802012363
S214021BE02146584692B200F07BFDD0B119209AE702
S214021BF05B465A4601212846C8470028D0D191E7BD
S214021C00D7F89430BDF81E00002BDCD0A1199847F7
S214021C100028D8D1022086E742464846A119F8F79E
S214021C2069FDBDF81E0016F0EFFE029B059A0372D0
S214021C30049B80F809A08372039B1BBAC360AC2383
S214021C4003FB027393F85020BDF81E0022B1DB6C32
S214021C5003B19847E8B266E7BB6FF9E7012062E78F
S214021C60165C0020FC4E0020184F00202DE9F84399
S214021C7008460F46164602F1010913F09FF9804600
S214021C80384613F0A6F8042856D1384613F0C5F89D
S214021C9048F661054FF6FF7248F64103294C90421A
S214021CA008BF1D46B4F85C10301D17F0CBFA384654
S214021CB013F0B3F80146B01D17F0C4FAB4F85E107C
S214021CC006F1080017F0BEFA06F10A04384614F0C8
S214021CD038FE10B145F01005ADB22946484617F059
S214021CE0B1FA384613F065F9424601462046F8F73F
S214021CF001FD3846012116F0BFFE4444074660B196
S214021D0016F09EFE0546384616F07EFEEDB20146F9
S214021D102A462046F8F7EEFC2C440B4AA41B1378FE
S214021D200134591C1170F37034703046BDE8F84324
S214021D300922012116F0A8BD484617F081FA4C4642
S214021D400546C3E7184F0020175C0020AC2210B5EA
S214021D5048245043094B1A1892F8A81004FB0100B5
S214021D60034493F87700022806D092F850301BB945
S214021D70032818BF012010BD0020FCE7184F0020E2
S214021D8070B508B1012070BD234C94F8A850002D00
S214021D90F8D12946B4F85C20FFF714FA29462846FB
S214021DA0B4F85E20FFF7F8F92946284604F16002E7
S214021DB0FFF7D6FC94F87730002BE3D0284694F849
S214021DC05860FFF749FA864215D1002094F95A5016
S214021DD0FFF736FA854216D10020FFF7B7FF044612
S214021DE0002016F007FD0028CDD02146BDE8704041
S214021DF00020FFF705BA284694F85810FFF73EFA77
S214021E000028E2D0BFE7002094F95A10FFF70AFA3A
S214021E100028E1D0B7E700BF184F00200346AC20E9
S214021E2010B51446164A00FB032292F877000228E1
S214021E300CD1E07F022809D141B112490978012963
S214021E4013D992F85810227891420ED1184621786A
S214021E50FFF708FA90B1482221460B48F8F74AFCE9
S214021E60002016F0C7FC08B9002010BD044B93F8FA
S214021E70A8000028F8D1FFF783FFF5E72120F4E752
S214021E80184F0020545B0020704F002038B5AC235A
S214021E900D4C054603FB004300205A6DD86483F8B8
S214021EA0500012B15865FFF727FCF5F75FFBFF28D5
S214021EB01EBFAC2303FB054484F8A8000020FFF7EE
S214021EC05FFF002038BD00BF184F00207FB51D4CB5
S214021ED094F8A83023B1002084F8A800FFF750FF3A
S214021EE094F85A30B4F8A0608DF80F3026B940F254
S214021EF0FD21154817F0C6F8144B31461D68002020
S214021F002A46FFF7B3FEE46F02469CB10DF10F03BB
S214021F1001930023294630460093A04702462C78B8
S214021F2054B920462146FFF7A5FD2046FFF7CAFC16
S214021F3004B070BD0122F2E729460020FFF714F82C
S214021F40F6E700BF184F002089300400DC6100204D
S214021F5038B5494B1C78002C58D1484800F06CFC28
S214021F60204616F047FC002850D0454C2378D90767
S214021F7033D594F850201AB123F00303237045E0BA
S214021F8023F0010323700BF043FC237805469A07DF
S214021F9001D50BF033FC294600200BF049FA40B974
S214021FA02378284643F001032370BDE838400BF03F
S214021FB025BC0023482284F8A33094F8A83084F87D
S214021FC0A25002FB0343D3F89830A4F8A000C4F84A
S214021FD0A430BDE83840FFF779BF94F84400B0B1AA
S214021FE004F1A003251D95E8030083E80300FFF72C
S214021FF06DFF94F844202846D20004F10C01F8F74D
S2140220003BFA94F84430013B84F8443038BDA26C65
S21402201062B99B0711D52378002023F0020343F010
S21402202001032370BDE83840FFF74CBC0123A064CF
S21402203084F85030904723789EE70BF001FC002886
S214022040E9D194F8A83073B1F5F790FA94F85030C5
S214022050002BDBD1FF2818BF84F8A800BDE8384063
S2140220600020FFF78DBED4F88C30002BECD09847BA
S2140220700028CBD1E8E700BF165C00201C630020D6
S214022080184F002070B50446002016F0B3FBAC23B0
S2140220905C430B4E351995F850300BB1002070BDDD
S2140220A00028FBD0074817F05DF90028F6D1335D0B
S2140220B0002BF3D195F84400B0FA80F04009EEE721
S2140220C0184F00201C63002010B5084A034612F081
S2140220D083FF14684FF6FF7203EB40039C421846D8
S2140220E003D9018802339142F8D010BDD44F0020A4
S2140220F02DE9F047204F05463B88A3B3B0F90230DE
S214022100002B30DBDFF87C801C49D8F80000F8F79B
S214022110B7FB20B94FF4EA71194816F0B3FF002650
S214022120DFF85CA0DFF860903A88B3B29A4204D82F
S2140221304FF4EB71504616F0A5FFD9F80030B2B254
S21402214053F83200D8F8001003EBC20468B943F81B
S2140221503210A38828460133A38012F03DFFE3889D
S21402216003EB4003E380BDE8F087F8F789FB01360E
S2140221700028D9D1EDE700BFF05400205630040005
S214022180603004003C630020C84F002038B5094C7C
S214022190094D22682B689A4204D94FF48771074882
S2140221A016F070FF28682368C01A20F0010080B27B
S2140221B038BD00BFD44F0020DC4F00206030040042
S2140221C038B5124C124D21462846F5F77DF823689D
S2140221D00BB12B681BB9DE210E4816F053FF2A6896
S2140221E00D4B0E491A60236823F0010313440B605B
S2140221F00B4B1A602AB9BDE83840F821054816F09C
S21402220041BFFFF7C3FF6428F5D938BDCC4F002085
S214022210D04F002060300400D84F0020DC4F002052
S214022220D44F002038B5094C094D22682B689A42D3
S21402223004D34FF48A71074816F024FF28682368EF
S214022240C01A20F0010080B238BD00BFD84F00206F
S214022250DC4F0020603004002DE9F0411D4B04469F
S2140222601B78012B24D1008816F0B0FB0546D8B1A6
S2140222700426DFF864802C4616F012FE0746204637
S214022280FFF736FF638843EA08036380A05B16F015
S2140222909DFB0446384616F0FEFD1CB1B4F902302A
S2140222A0002BE9DA062E01D1BDE8F0810626E2E728
S2140222B0022BF9D116F0F4FD0246208816F086FBB2
S2140222C018B10388C3F30E0323801046BDE8F0411D
S2140222D016F0E1BD185C00200080FFFF2DE9F04FEC
S2140222E00024BA4B97B006461C8016F0D9FD01238F
S2140222F0DFF8EC82B64F3B70B8F80030A8F8004022
S214022300ADF81630B34B1B68019316F0C4FDB24B02
S21402231021461A88B14BD2001868F8F75BF80DF11F
S2140223201600FFF799FF002E3CD1DFF8B8924FF067
S214022330000B0125D9F80040019B9C4239D3BBF122
S214022340000F39D1002DF2D0D9F80040DFF898A25C
S21402235025462246019B9A4273D302230DF11600AC
S2140223603B70FFF779FF002E40F08F80D9F80060AF
S2140223703246AA4280F0A280908816F027FB18B157
S2140223800388C3F30E039380D08816F01FFB18B1A0
S2140223900388C3F30E03D3801046FFF795FE02466A
S2140223A0E7E79847E3B256F823300134002BF8D11A
S2140223B0BBE7BBF1000F3ED00BF1FF335FFA83FBA6
S2140223C016AB03EB8B0252F8402CB2F9020051888E
S2140223D00028B1DA4B04AFD4924641F48040931DF4
S2140223E02AF8020F02933AF8020F16F0EFFAF0B14B
S2140223F0B0F902E0B0F802C0BEF1000F17DB6FEAD8
S2140224004C4C6FEA5C4CA0F802C00390FFF770FEDB
S214022410BBF10F0F8FBF002516AB039A03EB8B00A1
S2140224209EBF0BF1010340F8402C5FFA83FB029B30
S2140224309A45D8D180E72046FFF746FE2246044654
S214022440C3E7104612F0C8FD8346B2F902001188AF
S21402245000280AEA010108DA204616F0ADFA084317
S21402246081B204EB4B0402EB4B0510461180FFF7DA
S2140224702BFE02466EE798475FFA8AF356F8233039
S2140224800AF1010A002BF6D170E74FF0000AF3E7D3
S2140224903046FFF719FE82467EB1B6F902307188E1
S2140224A0002B0ADA3088C0F30E0016F08FFA864246
S2140224B003462DD1C1F30D0171805646AE42E7D3D5
S2140224C0DFF81CA116F0ECFC00210646504612F07E
S2140224D0D4FD16F07BFA0546002800F087803046C9
S2140224E016F0D9FC284612F077FD0646204616F06E
S2140224F063FA81467600324629462046F7F7BCFF45
S214022500002249460DF1160016F004FF3444D9E7BE
S2140225101BD9304612F060FDC1F30D0142007180F6
S2140225201846314692B2F7F7A7FFC6E75046FFF7BE
S214022530CBFDD146854203D9B0F90230002B01DA31
S214022540824603E0FFF7C0FDF4E7B146554507D9DA
S214022550BAF80000C0F30E0016F038FA8245E5D34A
S214022560B9F1000F30D0B9F80000C0F30E0016F033
S2140225702DFA034638B93346CB46994513D8B145AA
S2140225809BD0D946ECE7484612F026FDB9F8022061
S2140225904946C2F30D02A9F80220420092B218463A
S2140225A0F7F76AFFE7E718460193FFF78DFD019BF1
S2140225B09B46854203D9B0F90230002B01DA034666
S2140225C0DBE7FFF781FDF4E7CB46DAE7F2540020BB
S2140225D0185C0020D44F0020F0540020C84F002082
S2140225E0F4540020D84F00200080FFFFBDF81630BC
S2140225F03870A8F80030044B30461C6016F04BFCCE
S21402260017B0BDE8F08F00BFD44F00202DE9F0418F
S214022610054616F0DBF90F460446D8B116F064FEFE
S21402262020B940F2FB41204816F02CFD284616F051
S21402263007FA05462046FFF747FDBD42064609D083
S21402264004D840F20351184816F01CFD2588ED0BFD
S21402265002D02781BDE8F0816780204612F0BCFCDC
S214022660074604EB400816F01BFC104B1A68B242F1
S2140226700AD1C3F8008016F00EFC2A464046BDE892
S214022680F041FF21F7F7A6BEA6EB0806B5B216F094
S21402269002FC072DF1D90023083D44F81730C8F88C
S2140226A00430A8F80250D5E760300400D44F00206A
S2140226B038B516F0F5FB00210546044812F0DDFC9D
S2140226C00446284616F0E7FB204638BDF4540020A0
S2140226D0024B1888B0FA80F040097047F454002084
S2140226E02DE9F74F044600881F4616F06FF9884614
S2140226F01546064616F0F8FD20B940F2FE613F4840
S21402270016F0C0FC3388DB0B009306D033892B44CB
S2140227103381002003B0BDE8F08F208816F090F9D0
S21402272082463046FFF7D0FC019016F0B9FBDFF880
S214022730D0B0019BDBF8002081469A421DD1FFF7FC
S21402274025FDA84204D2484616F0A5FB1A20E1E76A
S2140227500AEB050373803FB1208816F055F92A4626
S21402276041465044F7F7C6FF3046FFF7ADFCCBF8BC
S2140227700000484616F08FFBCBE716F08CFB20884D
S21402278016F05EF92844009980B216F0B1F90646B2
S2140227900028DBD016F038F98146208816F034F986
S2140227A08246208816F04CF9514602464846F7F70C
S2140227B0A1FF3046AFB116F027F90746208816F07B
S2140227C03FF92A4641463844F7F794FF012120880C
S2140227D016F052F901210246304616F061F92680BB
S2140227E097E716F011F98046208816F029F92A464E
S2140227F039464044F7F7EEFDE8E700BF60300400D4
S214022800D44F00203421014816F03CBC743004003A
S214022810036910B55BB18268064B9A4201D100206B
S21402282010BD446916F027FC201AF9D5F7E74FF0D9
S214022830FF30F5E70528020082681C4B70B59A4205
S2140228400446056819D116F02BFB236923B1A3426F
S21402285006D100222A601A61BDE8704016F01BBB42
S2140228601A4611461269A242FBD12A68A24208BF42
S21402287029600B6100232361EEE7036993B1984256
S2140228806E6803D19D210A4816F0FCFB2B46B44223
S21402289009D122699D4218BF1A614FF0000308BF92
S2140228A06A60236170BD33463669F0E70528020088
S2140228B0743004002DE9F047074600254FF0010A60
S2140228C0154EDFF858808AB0347914B90AB0BDE8DC
S2140228D0F087D6F8009087B900972A46B8F8001015
S2140228E0234603A816F0A5FD2246484603A9E9F7A3
S2140228F0EBF92544EDB20836E6E7224603A9484638
S214022900E9F7B6F9CDF800A023462A46B8F8001033
S21402291003A816F08EFDECE7F47B0400F6540020C4
S2140229200148FFF799BC00BFF65400209C46174B9F
S214022930F7B5054608461988164611B1144B1C7899
S214022940CCB1014662463046BDB103B0BDE8F040A8
S214022950E9F78EB91C44E4B208373B79002BF0D075
S2140229603A689642F6D185F001052246009516F0A1
S21402297060FD03B0F0BD074FEFE7E9F7A5F9B0B287
S21402298003B0BDE8F04010F0FEBC00BFF6540020D5
S2140229908D650020F47B040010B5074C238843B1F4
S2140229A00020FFF787FF0020FF22044B20801A70CA
S2140229B010BD0220FCE700BFF65400208D65002003
S2140229C0142810B518D8082805D110F045FDC40102
S2140229D0E4B2204610BD0E2802D110F040FDF6E704
S2140229E0064B53F82040002CF3D00A282478F0D166
S2140229F005F0A0FE0443EBE7FF24EAE7447C04006C
S214022A00014BB3F868007047184F00200048704723
S214022A10824F0020014B1878704700BF925B00205F
S214022A20014B1870704700BF925B0020194B0228BA
S214022A3010B5187002D0043801281BD8164B1B7824
S214022A40042B03D00021154816F0CAF8144B1B6855
S214022A509A001BD513F0805F40F6114418BF4FF45E
S214022A604164204611F092F890B92046BDE8104025
S214022A7010F087BC0948FFF7DFFE0A48FFF7DCFEC6
S214022A80162412F026FD11F07BF8EAE71524E8E793
S214022A9010BD00BF965B0020975B002040630020BD
S214022AA09841002004410020024B187800F00F00E5
S214022AB0704700BF965B0020034B187800F00F00AB
S214022AC0831E584258417047965B002008B512F0A4
S214022AD0EBFCC0B112F001FDA8B10AF0A7FF90B955
S214022AE00A4812F093FA70B1094812F08FFA50B100
S214022AF010F0BAFC38B111F04BF820B9BDE8084026
S214022B00044812F034BB002008BD00BFF854002071
S214022B102A550020E04F002030B505460C4693B0FB
S214022B2081B910B9002013B030BD1023214A69467E
S214022B300120FFF7FBFE9DF805305A1E052A28D90C
S214022B401720F0E7182200212046F7F743FC002D55
S214022B50EBD1FFF7B1FF30B310F051FB6A460146E6
S214022B600020FEF7A5FEBDF80430204623819DF81E
S214022B700230A3729DF80030E37212F034FE002396
S214022B8004F11401237304F1100003F0CBFDE0817D
S214022B90C8E7094A9DF8041012789142D0D12B70EA
S214022BA0002CD6D1BEE7054B1B78033B022BD3D9AC
S214022BB0C6E700BF64EE010064650020965B002055
S214022BC030B593B005460C46FFF776FF20B90C4B9E
S214022BD01B78033B022B10D810F011FB6A46014605
S214022BE02846FEF765FE00209DF8023060702370CE
S214022BF09DF80030A37013B030BD1720FBE700BF6E
S214022C00965B0020054B1878012805D000F0FD00E1
S214022C10A0F1310358425841704700BF965B00202E
S214022C201FB50146002201A816F0AAF8064801A917
S214022C3016F0CDFB20B115F0E7FE4089C0F3400048
S214022C4005B05DF804FB00BF0C65002030B585B00A
S214022C500D460022014601A816F092F8084801A97E
S214022C6016F0B5FB50B115F0CFFE04460146082219
S214022C702846F7F701FC6089C0F3400005B030BD76
S214022C800C650020F8B50546F8B100210F4816F08D
S214022C903BFB0446A8B10D4F204615F0B5FE06468E
S214022CA016F05AF8830705D4082229463046F7F765
S214022CB0DDFE38B12146384616F04AFB04460028A7
S214022CC0EAD10024201E18BF0120F8BD0C650020A2
S214022CD010B50C460146064816F079FB30B115F0E1
S214022CE093FE43891C4214BF0120002010BD00BF82
S214022CF00C6500201FB51446024601A816F040F8DF
S214022D00074801A916F063FB40B134B115F07CFE0A
S214022D10142201462046F7F7AFFB012004B010BD8F
S214022D200C6500201FB50146002201A816F028F8FF
S214022D30094801A916F04BFB58B115F065FE438908
S214022D40024613F0020004D0507B80F00800C0F365
S214022D50C00005B05DF804FB0C650020F7B59DF8D1
S214022D6024400D4601949DF82040064600941F46D6
S214022D7013F0D6FD4FF6FF718842044610D0BB070B
S214022D8011D4284600F056FF204616F047FBFF28CF
S214022D901FBF084A32F8103023F4804322F810305E
S214022DA0204603B0F0BD02462946304612F075FAB8
S214022DB0EAE700BFC854002073B50E460146144821
S214022DC016F005FB0546D8B115F01EFE43890446EB
S214022DD0334012D09B0736B20BD5002E09DAA17B00
S214022DE0437B0289007B0191012100912146FFF776
S214022DF0B5FF638923EA06036381628912B1012063
S214022E0002B070BD2946024812F056F9F7E700BF35
S214022E100C6500200148FFF71FBA00BF0C650020B2
S214022E2013B53E4C0DF0FBFCD4F8FC311020C3F376
S214022E3007430193FFF7C4FD000650D50020FFF7B5
S214022E40BFFD01064BD5019B802B3ED1236A9A0714
S214022E5004D440F61544204602B010BDE3699B0731
S214022E60F7D52F4811F0C0F9012011F090FF0DF0B0
S214022E70E9FC04460028EED100F042F9294812F097
S214022E8050F900F099F9E8F75DF80DF0C7FC08F084
S214022E9003FF08F055FFF4F761FAF4F7FFFAF4F7C8
S214022EA019FB03F0DBFD10F0D9FA10F0DAFA10F095
S214022EB072FE1D4813F03DFD06F08CFA10F02EFE51
S214022EC00028C8D010F02CFEC5E7019B812BC0D18C
S214022ED0D4F80C315B00BCD5D4F80C31BFE7102017
S214022EE0FFF76EFD0006BCD40020FFF769FD010661
S214022EF0B7D5019B802B05D1084B1A6AD207A8D5F5
S214022F00DB69ACE7019B812BA3D1044BD3F80C21E0
S214022F10002A9EDAD3F80C31A1E700BF0080E00F4A
S214022F20690345ECE04F0020212C020010B512F098
S214022F30CDFA70B301F0E0FA80F00104E4B20020AA
S214022F40FEF724FC44EA800424B212F0ADFA10BB69
S214022F5002200443164816F005FA44EA40141548BF
S214022F6016F000FA24B244EA0014134816F0FAF9EE
S214022F7024B244EA8014114816F0F4F924B244EA62
S214022F8040240F4816F0EEF924B244EAC02080B27C
S214022F9010BD0124D3E70B4812F038F80028D7D02A
S214022FA0094812F033F880F00100C0B24000D0E7C2
S214022FB080630020646400209C410020E4630020BB
S214022FC044640020F85400202A55002008B501F079
S214022FD07FF8FEF709F8144812F018F808B904F05A
S214022FE025FF124812F012F808B906F0DDF902F0D1
S214022FF095FF0F4812F0C7F80E4B1B78043B022BC6
S21402300009D80D4816F0AEF928B1FFF78FFF102841
S21402301001D107F0E1FC10F029FA12F04DF9BDE8F3
S21402302008400648FFF75AB9F85400202A550020EF
S214023030E04F0020975B002064640020BC7C040004
S214023040014B1868704700BF144F00204FF6F77305
S21402305070B5984204460D4686B043D812F03AF947
S214023060A04207D1082220492846F7F705FA002091
S21402307006B070BD1D4EB6F86830A3420AD10022D3
S214023080082106F16A0012F0B3F818B9082206F110
S2140230906A01E9E784B1002301221946204600931B
S2140230A008F05CFDFF2811D12946204608F000FFF3
S2140230B080F00100C0B2DBE70D4B1B689B07EAD429
S2140230C0284606F0FBFD0028E5D0D0E702A913F05B
S2140230D0D2FA0028E8D1DDF80D302B60DDF8113089
S2140230E06B60C4E70120C3E7195C0020184F00207C
S2140230F098410020014B1870704700BF646500209D
S21402310010B5054C082221460448E8F7B1FD2046D2
S21402311012F01AF910BD00BF195C002034B608C0C0
S21402312000487047195C0020082208B50349F7F7E3
S2140231309DFCB0FA80F0400908BD00BF195C002073
S214023140014B1870704700BF8A5B0020F7B50D462A
S214023150044616461F460021284601F061FD0B4B29
S214023160002183F859402A463346204600970AF043
S2140231703FF9014630B10222204603B0BDE8F040D6
S21402318000F006B8012003B0F0BD00BF184F0020C3
S21402319013B513460C461AB1022A0CBF1346012376
S2140231A00021044A019100922246FEF71DFC02B05D
S2140231B010BD00BFAF55030000B5002093B0FEF768
S2140231C08FFB1E4B188813F0B5FB1D4B1D491A7852
S2140231D000200AF091F9342200216846F7F7FAF83F
S2140231E00B238DF800306FF4803301934FF6FE7395
S2140231F0ADF8103003238DF81D30134B134A089395
S214023200134B10680993134B51680D93124B6A4681
S2140232100E93124B0F93124B1093124B119302AB59
S21402322003C300210846FEF7F9FD6A460121002085
S214023230FEF7F4FD13B05DF804FB00BFF86400204F
S214023240736500205840040061360200195C0020B5
S2140232504B530300496302000938020075720200EC
S214023260AF550300795F0200014B1878704700BF24
S214023270215C0020014B1888704700BF10650020B3
S2140232802DE9F74F814610460E46904615F0D8FFB8
S214023290DFF840B105469BF8003033B94A4B1B684D
S2140232A01BB94A4B1B68002B7FD015F4406A05F009
S2140232B040071BD19FBBB5F5804F61D24FF4807497
S2140232C0B9F1400F73D0B9F1800F63D0B9F1100F86
S2140232D06BD100239BF800003D4AD9B2884264D9DC
S2140232E032F8021B0133A142F7D166E008F103006F
S2140232F015F0A6FF4FF6FF73984214BF012402246E
S21402330087B1052705F44043B3F5004F44F008049F
S21402331025D0B5F5804F24D244F4807421E054467B
S2140233200327EFE7B5F5804F4FF00507F4D3BAF55C
S214023330406F14BF022008203844404415F080FF36
S214023340019011F0E4FF019B05F4404598420CBF42
S21402335044F0080444F00404B5F5004F01D144F0EB
S2140233608004BAF5006F0FD108EB070015F068FF6E
S214023370054611F0AFFFA842A2D144F010049FE721
S214023380544603270220D7E7BAF5406F08BF44F039
S214023390200495E70C4B1B683BB10022D1B233F8F0
S2140233A0110033F91110002903DA002008E0074B58
S2140233B0F1E7A04202F10102F0D106B13480012009
S2140233C003B0BDE8F08F00BFF04F0020F44F00209E
S2140233D0485500205A5C0020034B1A78022A04BF84
S2140233E009221A70704700BF225C00200C22034B91
S2140233F01A211A700320002201F090BD225C0020E0
S2140234000C2208B5054B1A211A700022104601F04C
S21402341085FD0022024B1A6008BD00BF225C002018
S214023420FC4F00200C2270B50D4B05461E781A7014
S21402343030B93046BDE8704000221A2101F06EBD58
S214023440084B1C78E1B21A29F3D825FA04F3DB07F5
S21402345003D54422304601F061FD0134F2E700BF95
S214023460225C00208F6500200C22024B1A7010F09E
S21402347088BB00BF225C0020F0B50C8805460E46CD
S2140234808BB0E4B94FF6FF77ADF8247010F08EFBE0
S21402349010B902200BB0F0BDCDE90340CDE90544DA
S2140234A0134A0294B2F85C306032019300923B46B3
S2140234B04CF60101FF2009AA13F057FA308028467D
S2140234C012F04EF80B4C70B1237863B1013BDBB2BD
S2140234D02846237012F044F838B12078B0FA80F00B
S2140234E04009C0B2D6E70523F2E70120F9E700BF9C
S2140234F0184F00208E650020034B11461B6803B14F
S21402350018470FF0FEBE00BFFC4F00200C22024BF5
S2140235101A7008F039BF00BF225C00200148FEF78F
S2140235209BBE00BFFA5400207FB505460C461646E1
S21402353015F094FC00286BD1062D03D85223EB40DD
S214023540DB071AD4B4F1006F05D3E30E1C3B032B42
S21402355018D94F202EE000222F4B1A602F4B1D70D9
S21402356011F06CFE03460A2D54D8DFE805F02D183C
S2140235703E49182518535341360002F0A3F8B4F119
S214023580006FE2D20022244B042D1A60234B1D70DA
S214023590E6D1022001F0B6F911F050FE03460122F0
S2140235A002921F4A01921F4A00921F4A3146204643
S2140235B00AF078FA04B070BD314620461B4A04B0C1
S2140235C0BDE870400AF056BA31462046184B194AF2
S2140235D004B0BDE870400AF031BA00220292164AE0
S2140235E00192104A0092154AE0E702220B4B1A702B
S2140235F000221046124904B0BDE87040FEF7BAB980
S214023600002202920F4A0192064A00920E4ACDE723
S2140236104D20CFE70120CDE7FC4F0020225C0020A2
S21402362025340200613602009B5503000D35020068
S21402363001340200F93402006934020079340200CF
S214023640D9330200ED3302005D55030008B50AF0D7
S21402365059FA0C22014B00201A7008BD225C002089
S214023660F0B585B0ADF8060018B97621644815F0B5
S21402367009FDBDF8060011F0ACFB0446BDF80600D5
S21402368011F0A7FB082846D00C2CBDF8060042D144
S21402369011F08FFC074615F0D3FD0DF10F0106461B
S2140236A0BDF806000FF0CBFE002879D009220021D3
S2140236B0384615F0E9F89DF80F301033C518BDF8F6
S2140236C0060015F0BDF9EDB2854269D22946BDF86D
S2140236D006000AF025FB06F44C4416F4406605463E
S2140236E014D0F81C15F0ACFD4FF6FF73984208BFD5
S2140236F044F04004B6F5006F08D1781D15F0A0FD21
S2140237004FF6FF73984208BF44F010049DF80F303E
S2140237105BB3072D44D1BDF8060011F050FB0446FA
S214023720BDF8060011F055FB082817D0A30615D5DC
S21402373024F0200189B2BDF8060011F02BFBBDF87B
S214023740060011F036FC0021092215F09DF800F162
S214023750100189B20DF1060013F030FA0022BDF80E
S2140237600610284815F0D6FD1AE0082D16D8BDB169
S214023770013D072D14D801A353F825F0D9370200CE
S214023780E5370200A1370200A5370200A137020082
S214023790F137020017370200F73702007C2D24D0DB
S2140237A005B0F0BD24F48844A4B2B4F5084FF7D1AE
S2140237B0BDF8060011F008FBBDF8061013F0BFF8BE
S2140237C00028A8D0BDF8060011F056FB00220146DC
S2140237D0022015F0FEFCE3E724F48064A4B2B4F5FC
S2140237E0484F97E7B4F54C4F94E7B4F54C4F92D058
S2140237F04CF6500301E04CF640439C428AE700BF79
S21402380082300400F85400202DE9F7430F46904614
S2140238109946064615F0F8F80446304615F010F9B3
S214023820C5B2083D2C44E178094BA2781970094BC1
S21402383031461A70002043463A46CDF800900DF005
S21402384079FC003818BF012003B0BDE8F08300BF42
S2140238503C5C00203B5C00202DE9F04FDFF8408105
S214023860DFF8409198F8002099F8003006469A4210
S21402387085B004D340F21911424815F003FC3046D5
S2140238800DF10F0115F094FA20B14FF48E713D48F8
S21402389015F0F8FB98F800709DF80F403D1B15F0E8
S2140238A0FF0530D04FF0FF3C374B01211B78A1407B
S2140238B0184699F800304FF6FF790CFA03FC0023FD
S2140238C0324A01F1FF3E0193C1F1000A9DF804302D
S2140238D0984243D8122004FB00002D4BA0F112019F
S2140238E005EBC5025200194404F101091844F6F723
S2140238F0C3FD4FEA89092748A9F104010144AA0039
S2140239004844F6F7B9FD224904EBC40201EB420330
S21402391021F81260204A013712784FF6FF71DA73E7
S2140239201A745A7412025A801C4A0D2012781A719E
S21402393010225A7100229A73C3F80620C3F80A208E
S214023940144B43F8242088F8007015F042FC0EB998
S21402395012F054FE204605B0BDE8F08F13884B45A2
S2140239600AD053680AEA030B03EA0E030B4403EB7E
S2140239704B0343EA0C035360019B08320133019365
S214023980A4E700BF9530040070650020683F002061
S21402399094540020643F00203C5C0020235C0020FE
S2140239A0905B00206E65002010B5074C2046FEF79F
S2140239B043FF04F06BFB02F0DDFE2046BDE810403C
S2140239C04FF47A5115F00CB9406300202DE9F0410E
S2140239D0074600250A4B0B4E93F80080ECB2A04532
S2140239E003D8FF242046BDE8F08108223846B11DE0
S2140239F0F7F73CF801350028F4D01236EEE700BFA0
S214023A00905B00209454002007B50DF1070115F0D5
S214023A10CFF930B19DF80730034803EBC30300EB40
S214023A20430003B05DF804FB945400202DE9F843EC
S214023A30294E044633785D1E2D1A8342EDB204D811
S214023A404FF4A171254815F01DFB0123A3404FF04A
S214023A50FF305F1E3B4400214FF6FF7E6FEA0308ED
S214023A601F4A92F800C01F4A127890401E4ACBB2F4
S214023A709C4523D8BDB127B204EBC4041B4864009E
S214023A8005EBC50204F11201014452002044F6F788
S214023A90F3FCBF001648AA00391D014402F0FC02DE
S214023AA03844F6F7E9FC33780022013B33704FF6D0
S214023AB0FF71BDE8F8430E2015F08BBB13887345E3
S214023AC007D0536808EA03093B4003EB5903034354
S214023AD0536008320131CAE7905B0020953004003B
S214023AE0706500206E650020683F00209454002018
S214023AF0643F002010B50A4C207858B9094B1B7851
S214023B001A2B03D99921084815F0BCFA0322074B51
S214023B101A7010BD0138C0B2FFF788FFECE700BF8D
S214023B20905B00206E650020953004008C5B0020C0
S214023B302DE9F047054615F060FCFF28044624D11F
S214023B40DFF884901E4B99F800201B789A422BD2FD
S214023B502846BDE8F047FFF77FBE38883B795045D8
S214023B6018D86F2B4FEA131214D85B0710D01237EF
S214023B7008F1010899F800105FFA88F6B142ECD80D
S214023B800023104ADEB28E4214D32046BDE8F087E8
S214023B90022AECD912F0A3FE0028E8D129463046C4
S214023BA0BDE8F04711F01DBD4FF000084FF6F77A5A
S214023BB0044FDFE7107901338F28EFD81232E1E79E
S214023BC06E65002094540020905B00204FF6F77339
S214023BD0984210B514D8FFF7ABFFFF2810D0134C4D
S214023BE000B200EBC00004EB40040DF0B6FC104936
S214023BF038B962880B7802EB0313A3EB12136380C7
S214023C0010BD227C637C09789A42E2732374617445
S214023C1007D98B4203D213468B4228BF0B461B02A0
S214023C20EDE78A42F8D31346F9E700BF9454002022
S214023C303C5C00202DE9F04106460F4600240E4D5E
S214023C40DFF8388098F80030A34201D8BDE8F0814A
S214023C50082229463046F6F709FF40B935F8063CF1
S214023C60BB4204D02046FFF7E1FE013CE4B2013439
S214023C70E4B21235E6E700BF9A540020905B0020BB
S214023C80F8B5054608460E46FFF7A0FEFF2830D0D8
S214023C901D4B294653F820703046FFF7CBFF2846C7
S214023CA0FFF746FFFF28044625D112F033FEFF2811
S214023CB00AD1164C207838B10FF0A4FA2378B0FB5C
S214023CC0F3F202FB1300C0B2294611F08AFC044646
S214023CD023B20F4D03EBC30305EB4305082231461F
S214023CE0A81DF6F7C9FB2B79204603F00F032B71AC
S214023CF0F8BD0027D3E7074B1B78002B18BF002719
S214023D00014B43F82070E3E7643F00206E65002015
S214023D10945400209065002038B50B4B04461B785F
S214023D200D46834204D840F25A21084815F0AAF9F3
S214023D30074804EBC40400EB44002946BDE83840BB
S214023D4008220630F6F798BB6E6500209530040010
S214023D509454002070B5044608460E4615F04DFBF6
S214023D60FF28054610D02046FFF730FEFF2807D072
S214023D70084B1B7823B9084B53F8202043F825201C
S214023D8021462846FFF7C8FF31462046BDE8704068
S214023D90FFF750BF90650020643F00202DE9F843EE
S214023DA00024804601272646114DDFF84C9099F8EC
S214023DB00030A34210D83E430134E4B21A2C4FEA34
S214023DC0470705F11205F2D14FF0FF30094B1B7879
S214023DD098403043BDE8F8832B884345EBD028460D
S214023DE011F048FC0328E6D82B796F2BE3D8E3E7DB
S214023DF0945400206E650020905B002010B5084C9D
S214023E0000EBC00004EB400423795B0707D1204691
S214023E1011F030FC237923F007031843207110BDFC
S214023E20945400200022084B1878084BD1B28842DE
S214023E3003F1120300D8704713F80D1C013221F06B
S214023E40100103F80D1CF1E7905B0020945400204B
S214023E502DE9F04702261227DFF85C90DFF85C8037
S214023E6099F8004000250CE007FB05F338F803A09C
S214023E700021504611F013FC10B15CB1013CE4B2D3
S214023E80013599F80030EAB29342EDD8A34204D144
S214023E904FF6FF7A5046BDE8F0870FF0B3F999F86F
S214023EA00030012EA3EB040390FBF3F202FB130097
S214023EB0C4B2EDD00126D5E7905B002094540020D2
S214023EC0034B00211A7803489200F6F783BA00BF24
S214023ED06E650020643F002010B5134B0C461B781D
S214023EE086B0834212D9114900EBC00001EB4001B3
S214023EF0082220460631F6F7BFFA0022082120469D
S214023F0011F076F980F00100C0B206E0C01A01A9ED
S214023F10C0B212F008FD10B1002006B010BD01AB11
S214023F2003CB20606160E8E76E65002094540020B1
S214023F3008B5074B024653F820308B4206D91520A7
S214023F404FF6FF7115F045F9002008BD0120FCE789
S214023F50643F0020024B013143F82010704700BF37
S214023F60643F00202DE9F34781460C4600272A4E7F
S214023F70DFF8ACA09AF80030FDB2AB4210D8694622
S214023F80204612F0E9FCC0B3082269464846F6F716
S214023F906DFD90B34946204611F027FEFE2537E018
S214023FA006F10608082241464846F6F75FFD90B934
S214023FB04FF6FF739C422BD03388A34228D020466C
S214023FC015F02CFAFF2814D14946204602B0BDE867
S214023FD0F047FFF755BE14B912360137CAE73388E1
S214023FE0A342F9D100220821404611F001F9002827
S214023FF0F2D12846FFF71AFDCCE74946002015F015
S2140240000BFAFF28054603D0044B1B780344DDB2A7
S214024010284602B0BDE8F087945400206E65002062
S214024020905B00200F4B1B7883420CD8C01A0E4AB6
S214024030C0B232F81030D90411D443F4805322F8B7
S214024040103001207047094B00EBC00003EB400321
S2140240505A79D10603D442F010025A71F1E70020D1
S214024060704700BF6E650020C8540020945400209C
S214024070F0B5134B06461B78FBB100251148DFF856
S2140240804CC090F800E0104807781F44E8B2864516
S21402409001D80020F0BD7C1B94FBF3F003FB104418
S2140240A00CEBC4003CF83440B44204D1002AF1D1EF
S2140240B084788C42EED00135E8E71846EAE700BF7E
S2140240C070650020844100208E5B0020683F00203F
S2140240D070B50CF095FB14250F49104E0B783288FC
S2140240E030809B1A03449BB2B3FBF5F405FB1433F2
S2140240F00B700B49E2B20B78934292BF00239B1AD5
S214024100DBB2032A0B7088BF002306499EBFD2008B
S2140241100B68D3400B6070BD255C0020FC54002069
S2140241208D5B002084410020084B1868084BC2B201
S2140241301B789A4208D2074BC0F307201B78984296
S21402414034BF0020012070470120704784410020C0
S21402415070650020245C0020F8B505461746FFF778
S214024160E3FF064610B9184B1A783AB92120012205
S2140241704FF6FF7115F02DF80020F8BD1348DFF852
S21402418054C003780133B3FBF2F402FB143303701A
S2140241900F48DCF8002000EBC30420F8335002F18D
S2140241A00132A1703846CCF80020FFF7F7FDE67022
S2140241B0606011F08FF8A84201D10120DDE7E378B4
S2140241C00133E370F9E700BF706500208E5B0020C4
S2140241D0683F00208441002010B50B4C0B4A237820
S2140241E0063B13700CF00CFB0022094BFF211880D3
S2140241F0084B09481A602278D200F6F7EBF8042238
S214024200064B1A7010BD00BF70650020245C0020AB
S214024210FC54002084410020683F00208D5B002073
S2140242202DE9F843074614F026FF05461A4815F00E
S21402423099F81A4B48B31C683C1B2C44A4B20022C3
S214024240174BDFF864901B78164D99F8006005EB63
S21402425003155FFA82F8464509D9AB8805F11000C6
S214024260A34215D9B21A29461201F6F705F9013604
S21402427089F80060AC80B8F1000F03D139460648D1
S21402428014F0AEFC2846BDE8F8833C461D60D6E72F
S21402429005460132DDE700BF6063002000500020C3
S2140242A0275C0020643E0020285C00202DE9F74FA2
S2140242B014F0E1FE4FF0000E284D294F2978294CC4
S2140242C097F800A004EB011303EB0A120092F346E0
S2140242D05246DFF898801FFA80FC0646B8F80000BF
S2140242E0ACEB0009A0EB0C001FFA89F901900098CC
S2140242F0984217D1BEF1000F00D02970524503D262
S21402430000203A70FDF7DEFA3B7823B32B78164886
S21402431004EB0314A188C8F8006003B0BDE8F04FB0
S21402432014F05EBCB3F804C0CC450FD84FF0010EB3
S21402433093F802C001310CF1FF3C013AA3F804B035
S21402434083F802C0C9B2D2B21033D0E701988444CF
S214024350A3F804C0F8E703B0BDE8F08F275C00209E
S214024360285C0020643E002060630020005000208D
S2140243707FB56C461E4B1F4D1E78013EF6B21E7070
S21402438095E80F0084E80F001B4B28461A7805F1C3
S214024390100132441201F6F76FF89DF8026016F02B
S2140243A00F0511D1BDF8080009F02CFE360918BF1A
S2140243B029464FF00002BDF8000008BF039904B07A
S2140243C0BDE8704002F022BDBDF80400FFF728FFEA
S2140243D00346828804ADADF80420224603CAAA42E8
S2140243E018605960144603F10803F6D104B070BD94
S2140243F0275C0020643E0020285C0020F8B50024DC
S214024400084D094F094E3B783178E2B20B449A4286
S21402441004F1010400DBF8BD2846FDF71DFF103548
S214024420F1E700BF643E0020285C0020275C0020E5
S21402443070B5134B06460D46104612491A78124BB3
S21402444009781B780B44934206DB1F204FF6FF7158
S21402445014F0BFFE002070BDFFF7E2FE01350680B5
S2140244608570044614F002FEE08009F0D1FD40F6A5
S21402447002432081E3600020FDF724FA0120EAE7E8
S2140244806D650020285C0020275C00202DE9F8439B
S21402449086460023144FDFF85C803E7898F800507A
S2140244A012497219DCB294421CDA4FEA041C31F843
S2140244B00C900133F14501EB0410F3D1631CD21AC0
S2140244C00CF1100C12016144F5F7D6FFA5428BBF22
S2140244D005F1FF3506F1FF3688F800503E700CB93C
S2140244E0034B1C70BDE8F883285C0020643E002065
S2140244F0265C0020275C0020044B054A1B781278B5
S214024500D3420CBF01200020704700BF275C00206A
S214024510285C0020024B1878003818BF012070472C
S214024520275C0020002108B5084B09481970094B82
S2140245301970094B1970094B1A781201F5F74AFFE0
S214024540BDE808400648FEF777B900BF285C0020A1
S214024550643E0020275C0020265C00206D6500205B
S2140245606063002010B50B4C23784BB10A4802F06A
S2140245703BFD58B1084B0121188810F09DFF08B981
S214024580002010BD0122054B1A70FAE7FFF7F0FE75
S214024590EAE700BF275C0020643E0020265C00207D
S2140245A010B50E4B1B78BBB10D4C238883424FF0DF
S2140245B0000311D10B4AE160137049B9A378103396
S2140245C0A37011F043FA18B9A37823F00F03A3706F
S2140245D0FFF7CEFE012010BD1846FCE7275C002040
S2140245E0643E0020265C002070B592B00C4606465B
S2140245F00EF005FEE17A05460020FCF733FE28B3EE
S21402460094F90A0010F0FFFD10BB134BE27A29461C
S21402461083F85820A27A83F85A206A46FDF748F9AA
S2140246204FF6FE739E420CBF4FF6FF7323896A460F
S21402463029460020ADF80660ADF80430FDF7EEFB23
S21402464040B92289054B5A8012B070BD5520FBE74F
S2140246505620F9E72120F7E7184F002004500020E3
S21402466010B50446014608220948F5F705FF237BE4
S214024670022B0AD8002B14BF3122012205490B70E7
S21402468017234B61044B1A7010BD00230122F5E775
S2140246900850002004500020965B0020014610239C
S2140246A00120014AFEF742B964EE0100014B58614F
S2140246B0704700BF04500020014B1878704700BFB7
S2140246C00450002010B5054C2378112B03D0E221AC
S2140246D0034814F0D7FC4123237010BD965B0020DC
S2140246E0A0300400064B01461B78042B04D1054A71
S2140246F0137E053313767047034814F071BA00BF71
S214024700975B0020045000208063002008B506480E
S214024710FDF7A2FD0548FDF79FFD0EF09CFEBDE8E5
S214024720084000F0EBBF00BFF85400202A550020D6
S214024730064B1878332806D000F0EF00A0F14303AA
S2140247405842584170470120704700BF965B0020D0
S214024750002208B5074B4FF6FE701A7010F0C6FD21
S2140247604FF6FF7010F0DFFD034B5869BDE80840B6
S2140247700EF007BE965B00200450002008B5064BDC
S214024780187838B10548FEF743F84FF47A73B0FB51
S214024790F3F0C0B208BD00BF8B5B0020444100208E
S2140247A02DE9F0438BB00746154698460E469DF80F
S2140247B0489049B9104605AC14F030FE214612F076
S2140247C0B2F8172818BF2646B9F1000F0AD1124BC5
S2140247D01B781BB9284612F0C3F8D0B92846FEF754
S2140247E0A1FA02E0284612F0BBF880F00104E4B217
S2140247F09DF850302A4602939DF84C303146CDE95A
S214024800009338464346039410F09AFF0BB0BDE877
S214024810F0834C46ECE700BF925B00200022014B7F
S2140248201A7670470450002008B50020FEF788FC70
S2140248300023024AC2E90133538008BD0450002017
S21402484010B5144B1B78033B012B16D8124BB3F84A
S21402485068204FF6FF739A420FD10320FEF7E6F860
S21402486001F052FFFFF7E0FF002013F0C3FF78B11C
S214024870BDE81040002010F0AABBFEF7C7F80446B9
S214024880FEF7BEF80146204607F01AF80220E5E7D2
S21402489010BD00BF975B0020184F002008B5114AD4
S2140248A0114B58611378032B1BD0D3B1332B01D095
S2140248B0432B10D10D4B1B78033B012B05D803234A
S2140248C01370BDE808400EF05CBD0EF05AFDBDE860
S2140248D00840FFF7B5BF21231370BDE8084001F07A
S2140248E07DBD08BD965B002004500020975B00202B
S2140248F008B50348FDF7A0FFFFF796FF022008BDA4
S2140249004441002038B5114D04462B78834218BF27
S21402491028700FF043F980B124B920460FF040F911
S21402492002220DE001200FF03BF92B781A1F012A14
S21402493005D9062BF4D1032202E0002CF5D1012280
S214024940BDE838400021084610F03ABE975B0020CA
S21402495030B5044685B068460D46FFF79FFE94B113
S21402496000212846144A01F0F3FE144B20681B78F7
S21402497061688DF80430124B1B788DF8053002AB57
S21402498003C305F071F90F4B93F8582093F85A3089
S2140249908DF803208DF8023010F0B9FCADF8000057
S2140249A010F098FC1023ADF8060069460020064A6F
S2140249B0FDF7BCFF05B030BD00F8FF0764650020B8
S2140249C0975B0020184F002064EE010010B5104BD4
S2140249D004461A780F4B002083F8582013F00AFF7B
S2140249E010B1002010F0F3FA00210846FFF7B0FFDE
S2140249F00FF0C6F82046FDF749FA40F617400EF0CB
S214024A00C0FC0023044A1380044A138010BD00BF72
S214024A10295C0020184F0020D2540020D0540020D9
S214024A201FB504466846FFF739FE54B100238DF8D9
S214024A300530102369460020064AFDF777FF04B0CA
S214024A4010BD10F047FCADF8060010F060FCADF8A3
S214024A500000EEE764EE010010B5014604460020B1
S214024A60FCF700FC90B10C4B1B78023B032B0FD8D3
S214024A700A4B1C7014F0F2F960B9094A0949FCF7AE
S214024A8079FF003818BF0120800010BD5520FCE7D2
S214024A900220FAE74D20F8E7965B0020295C00200A
S214024AA01D730200CD490200F8B5064614F0D6F989
S214024AB0044668B913F09EFE50B1064D204695F89E
S214024AC0587085F8586010F082FA10B185F8587060
S214024AD04D20F8BD184F00202DE9F04180461846BB
S214024AE0033B012B0E46174602D918B1212438E0A3
S214024AF0FFF708FF274B1D78022D08D0032D46D15D
S214024B00B8F1000F03D1244B1B689B073FD4332018
S214024B10FDF78CFF01F096FAB6F1006F34BF1F4B1B
S214024B20052231464FF0060038BF1A78FEF7FCFC25
S214024B30044628BB1A4D2873012000F017FE10F019
S214024B40E6FB68802846B8F1000F0DD0022300F875
S214024B50043B10F048FE6C732F61394630460EF067
S214024B6054FB2046BDE8F081012300F8043B10F018
S214024B703AFE6C732F61394630460EF045FBF0E77D
S214024B802846FDF753FFB8F1000FF4D0E5E70224FC
S214024B90E7E700BF965B0020984100209165002061
S214024BA004500020034B187818B9034B034A1B78AD
S214024BB0D05C7047955B0020975B0020A07D0400C8
S214024BC038B5437B0446DB0703D590F909000EF09F
S214024BD0D6FF00250F4B83F859502079FFF764FF64
S214024BE0FFF7E0FF61882488034622462846FEF740
S214024BF0ADFA044620B11720FFF750FE204638BD16
S214024C001723054DC82105486B6113F0E9FF0323FE
S214024C102B76F3E7184F0020045000208063002014
S214024C20F0B51A4D06460C4693B0A5F8680005F195
S214024C306A0729BBC5F86A1079600EF0E0FA6A4680
S214024C4001460020FCF734FED5F86A30ADF8106055
S214024C50CDF812307B68CDF816300EF0D0FA6A46E0
S214024C6001460020FDF7DAF84FF6FF73B5F8680044
S214024C70984203D014B106490EF0CAFA13B0F0BD3A
S214024C8008223846F5F7F8FBD7E700BF184F002092
S214024C90824F00202DE9F041DFF8B8801F4698F8D1
S214024CA0003005460C4616461BB102252846BDE8CE
S214024CB0F081531E052BF8D814F0D0F80028F4D152
S214024CC03B7B032B14D14FF6FE739C4212D1012E6E
S214024CD009D0022EE9D110F0FDFA4FF6FB73984286
S214024CE003D810F0F7FA044604E010F04EFFFAE795
S214024CF0012EDAD0EDB939462046FFF775FC054697
S214024D000028D3D198F80030332B03D0532B1CBF86
S214024D100E4B18613046FFF7F5FD00214FF6FF7087
S214024D20FFF77EFF0A4B1B78002BBFD011F0FEFD6B
S214024D30BCE7397B721ECB1E594259415042504144
S214024D4005F07CFF05460028D5D0AFE704500020CA
S214024D5092650020965B00202DE9F04105460F463D
S214024D60904610F0B7FA6B7B0446DB0703D595F93D
S214024D7009000EF004FF10F0ADFA384B384E1880DA
S214024D8010F0C5FA374B1880FDF73AFE364B1880FE
S214024D90FDF73CFE082201463448F5F76DFB10F09D
S214024DA05BFA334B18702879FFF77EFE002168887D
S214024DB0FFF736FFFDF726FF60B14FF6F672631E69
S214024DC09BB2934206D910F0E0FEB6F8683004466D
S214024DD08342F8D0204610F089FA288810F0A3FA09
S214024DE04146B6F86800B847044628B91920FFF7C6
S214024DF055FD1920BDE8F081B6F8681010F023F8CA
S214024E0000231C4D86F859302B7803F0FB03022B47
S214024E1002D0204610F084FC002220461146FFF7FE
S214024E2007FB0446B0B117236B61134B1B78042BA8
S214024E3009D1C821114813F0D3FE03232B7684F040
S214024E400100C0B2D6E74FF416710C4813F0C8FE44
S214024E500023F3E71720FFF721FDF0E702550020B5
S214024E60184F002000550020FE5400202A5C002027
S214024E70325C002004500020975B002080630020F4
S214024E80F0B50C461E460B462049074689B004F18B
S214024E90140053F8045B834241F8045BF9D11B8883
S214024EA002AD0B80D4F80E00D4F81210238803C586
S214024EB0ADF8103023798DF812208DF813300023C8
S214024EC03A468DF814304FF6FE71012002ABFFF71A
S214024ED0E1FEC8B902A8FFF7C3FB237B4BB10C4D1A
S214024EE00C4B01AA2946012001930EF026FE2A78D1
S214024EF01AB92046FFF764FE03E020460199FFF741
S214024F002BFF08B9044B1E7009B0F0BD04550020F3
S214024F1004500020FD570300335C002001232DE9D6
S214024F20F341304E05460F4600202F491446737350
S214024F3000F0EAFB0EF025FEDFF8AC8038B9012D52
S214024F4001D9042D0FD1214638460EF0DEF9102085
S214024F50002111F003FD00283CD0002002B0BDE87D
S214024F60F041FCF7AFBC002CF1D1204B1B78212B73
S214024F7003D0062B01D0532B02D101F02FFAE6E71D
S214024F80FDF740FE0028E2D000F0EAFB28B9307BAD
S214024F90C0F11800FFF782FCD9E7154B41462046C0
S214024FA0019300F0B1FB20B140F61901114814F04C
S214024FB069F801AA0B4998F80C000EF0BEFD32788B
S214024FC01AB90948FFF7FCFDC1E701990648FFF741
S214024FD0C3FEBCE7FFF79EFA0028BED102B0BDE8CA
S214024FE0F08100BF0450002004550020965B00208C
S214024FF0FD570300A03004001FB5144B04461B885F
S214025000DB0707D44FF6FF700021FFF709FE0020EA
S21402501004B010BD0A230E4A012001A9FDF786FC42
S2140250204FF6FF73BDF80C209A42EBD00822FF2100
S21402503001A810F0DDF80028E4D10CB90120E7E75A
S214025040BDF80C0001A9FFF7EBFDF7E71C550020A1
S21402505026E1010038B50C46154610F047F902F075
S21402506053FF29462046FFF7DBFD00F079FB48B1E7
S214025070054BDB790E2B28BF0E230133DBB2034A26
S214025080137038BD0123FAE7045500203F5C002068
S21402509038B51D46FFF7FEFD0446C8B92B7B2846E9
S2140250A0032B03D1BDE8384010F0BCBBFFF7D8FA9B
S2140250B0084B25469C8110F0CFF80121064B814013
S2140250C01A780620FEF730FA044608B1034B1D7024
S2140250D0204638BD0450002091650020965B0020D3
S2140250E030B5012087B0FFF787FF6B460446144AA7
S2140250F01068516803C384B904F0C4FD02A8FFF720
S214025100CDFA4FF6FF752246BDF80E002946FFF788
S214025110A1FF0EF081F807B030BD6B46094AD2F8FF
S2140251206A00D2F86E10B2F8685003C304F0AAFD03
S21402513002A8FFF7B3FA6A46BDF80E00E6E700BF1C
S21402514034B90300184F002037B5324B04461B789B
S2140251501BB10224204603B030BD13F07FFE0028A8
S214025160F7D100F00DFB14B122882B4B1A800021D8
S2140251700DF10700FDF7D0FC002848D110F024FB03
S21402518004460028E6D1254D9DF80700FFF7BAFB36
S2140251902B78033B012B27D82046FFF72DFF18B3A9
S2140251A0FFF79EFF00F0FCFEFFF74AFB012010F01F
S2140251B01DF848B9184B1B889A0707D523460522BF
S2140251C001201749FFF788FC0446C3E7154D022362
S2140251D029460120144AFDF7A9FB2B885B07B9D59F
S2140251E0204600F0F1FEB5E72B78053B012BB1D83F
S2140251F0FFF776FFFFF724FB2B78052B0CBF042066
S2140252000520FDF713FC01200FF0F0FFDCE7172462
S214025210A0E700BF965B00201C550020975B00208D
S21402522000F8FF07CE54002027E101007FB50024D6
S214025230184E194D3278E3B29A4201D804B070BDC6
S2140252404FF6FF73B5F868209A421AD0134B1B88A4
S214025250DB0714D5124AB5F8683010685168ADF805
S2140252600C3001AB03C30F4A0A23002001A9FDF745
S2140252705DFB022300200C4A0C49FDF757FB013464
S214025280D8E70022082106480FF0B2FF0028F6D120
S214025290DCE700BF6F650020184F00201C55002079
S2140252A0824F002026E1010027E10100CE540020B3
S2140252B010B500F0C7FE01F013FCD8B10E48FDF79A
S2140252C0BBFA0E480E4C017A0E30FFF741FB2378EC
S2140252D01BB100F0F7F9002323700022094B1A7362
S2140252E0FFF7AEFA07F0B8F900F012FFBDE810407B
S2140252F0FFF79CBF10BD00BF80630020045500204E
S214025300335C00200450002010B52548FDF794FABF
S21402531001F0E6FB30B1234B1B781BB9BDE8104009
S214025320FFF7C6BF01F0DCFB78B11F4C237E83B1CA
S214025330C8211B4813F054FC0021237E0846013B7B
S2140253402376BDE81040FCF72BBBFDF75BFC00287C
S214025350EBD1FDF757FC154B1B7858B9112B03D030
S21402536003F0FD03412B19D1BDE810400E4B5869DE
S214025370FFF794BA332BF7D10D4B18880FF0B6FF10
S2140253800C4B18880FF0CFFF0B4B0C491888FFF711
S21402539047FC0B4B1878FFF787FBE5E710BD00BF0D
S2140253A080630020925B002004500020965B002061
S2140253B00255002000550020FE5400202A5C0020E2
S2140253C0325C00202DE9F04F0F4685B002AD044650
S2140253D029463846914611F053FD4FF0000B82469F
S2140253E03846CDF804B00FF0E4FD4678022C80462D
S2140253F006F0020609D85CB1FDF704FC0446002854
S21402540048D1754B01241B7865E0043C022C3AD93E
S214025410FDF7F8FB38460FF045FD00240546A0468A
S214025420DFF8D8A138460FF0C4FD50F809300DF168
S2140254300500019313F004FF9DF807B00746B8F184
S214025440000F4DD1BBF1000F5BD0DFF88C9199F8BD
S21402545000300BB1002E63D0002C61D05F4B1B785E
S214025460022B5DD1BBF1000F53D138460FF03EFF41
S21402547058465946FFF76CFA07F0EEF840F6074032
S2140254800DF07FFF34E010F093F9FDF7BBFB044606
S214025490F8B15C464EB1524B1B78012B02D0043B4E
S2140254A0012B0BD805B0BDE8F08F4B4B1B782BB108
S2140254B04B4B1B7803F0FB03022BF3D0BAF1000F21
S2140254C0404608BF002511F0CEFC4FF00108824688
S2140254D0A8E7414B1B78002BF0D0002EEED1E1E777
S2140254E0BAF1000FAED05046FDF71EFE0028A9D135
S2140254F0002013F07FF90028D4D000200FF067FDBB
S214025500D0E74FF6F7739F429FD91720FFF7C6F9E9
S214025510EEE7FDF777FB48B13248FDF78DF9F4E781
S214025520FDF770FB10B1BBF1000FF5D1FDF76AFB7A
S2140255300028DDD02846FEF749FAFF28DFF89CA0AF
S214025540294C03D09AF80030012B04D12946B4F82E
S2140255506800FEF795FBFEF751FC2A463846B4F87B
S2140255606810FFF777FD214B214A93F906301B029C
S21402557013809AF80030012B19D0312B14BF432325
S21402558011238AF800301B4B1648196813F028FBC3
S21402559000F006FD0023124C99F80010237641B95C
S2140255A0104813F01DFB40F61B436361A0E711236E
S2140255B0E7E7B8F1000F03D016B1FFF779FEF2E77E
S2140255C00D4B1B78042BEED10521064813F008FB81
S2140255D009232376E7E700BF925B0020965B002054
S2140255E00450002080630020184F0020045500203D
S2140255F01A550020A0630020975B0020195C00204B
S21402560070B508468CB00D460FF0D3FC0922002177
S214025610064613F039F9044628460FF043FC0522E5
S21402562028460DF10F0304A90DF0FDFE02281BD03B
S2140256309DF80F3029461C440023E4B204F1100200
S214025640365D01200093D2B20BF074FD60B1022EDB
S2140256500AD1064B1B78012B06D1054B187818B9D0
S21402566022462946FFF7AEFE0CB070BD965B0020C0
S2140256700450002008B5084B187050B1074B1B8821
S2140256803BB14FF47A710648594313F0A9FA002049
S21402569008BD0120FCE700BF895B002012650020E0
S2140256A064400020014B18800020704712650020DD
S2140256B008B5FDF7C1F80022014B1A7008BD00BFFD
S2140256C0895B002010B50024044B05481C80054B5E
S2140256D01C70FDF7B1F8204610BD00BF1E55002015
S2140256E0A4630020345C002008B50348FDF7A4F844
S2140256F0BDE80840FFF7E6BFA46300200148FCF7B8
S214025700ABBD00BF1E550020F7B5134B04461B78F1
S2140257100E46EBB183421DD90021104813F0F4FD6A
S214025720002501460D4F09B9012009E0AC4209D116
S2140257300024162322463046009413F07AFE2046B2
S21402574003B0F0BD384613F003FE01350146EAE722
S2140257501820F5E72720F3E7345C00201E550020CA
S214025760014B1878704700BF345C002025289DBF87
S214025770024B187000202120704700BF936500205E
S214025780012307B51846064A0DF10701FDF7CEF8C4
S2140257909DF80720034B1A7003B05DF804FB00BFA8
S2140257A029E101001465002084B010B502AC84E83B
S2140257B00F00082224480DF11601089CF5F756F949
S2140257C038BB9DF815309B0705D4204B1B7803F099
S2140257D0FD03312B23D11E496378097803F00F02AB
S2140257E08A4203D0012928D1022A18D12278B2B9D6
S2140257F01B09022B13D194F90230002B21DB154B27
S214025800B3F86820BDF80A309A4208D1FEF790FF36
S21402581006E0002208210C480FF0EAFC20B900201E
S214025820BDE8104004B070470B4BBDF808205B88FB
S2140258309A42C6D0002BC4D0F1E70229EFD1012A42
S214025840D3E70120ECE700BF08500020965B00205B
S21402585064650020184F00200450002084B02DE913
S214025860F0478EB016AC84E80F00DFF868C1564BDE
S214025870BCF802009DF85D9010F001049DF96220CC
S214025880BDF870E09DF875A09DF976709DF8785089
S2140258909DF97A109DF95E809DF860601B782FD086
S2140258A09DF87D00C0F34004C0F38000002B44D076
S2140258B0464B1B78012B02D1002C00F08280C0B12F
S2140258C09CF800301E335BB2BB42ACBF00270127F8
S2140258D09845D4BF00230123BB4209D18A4208DB84
S2140258E00CD1A81BC0B280288CBF0020012000E08B
S2140258F038460EB0BDE8F04704B070470020F8E71F
S21402590010F0020F18D0C3B1490814BF01200020BE
S214025910520814BF012300238342EAD1AB1BDBB239
S214025920802B0AD9AE42E9D1B84506DB49D1CA4531
S21402593094BF00200120DCE70BB90120D9E7AE4274
S21402594016D002AC1CAF0FCF0FC497E8030044F882
S214025950040B2180DDE91A0116AB0090ADF80410A5
S2140259600FCB0EF0E3F80028E7D1AE42B9D1C0E77C
S214025970BDF8583073451ED008AC0DF1700CBCE86B
S2140259800F000FC49CE8030044F8040B2180104C5F
S214025990638873450FD10822211D0DF12E00F5F7FD
S2140259A065F8024638B90821201D0FF021FC10B90F
S2140259B06388002BC1D1B845BFDBC2D1CA45BCD86B
S2140259C0BFE7204695E700BF345C0020965B0020C8
S2140259D0045000201465002084B02DE9F04F8FB0EB
S2140259E06A4E18AC08AD84E80F001622002128463D
S2140259F0F4F7F0FC33783BB90024654B32781B7819
S214025A009A4239D2002726E00021624813F07CFC35
S214025A1000270446B846DFF87C91002C45D13FB1FA
S214025A20224639465B480FF047FB3378013B33701A
S214025A303378002BE0D0002156484FF0000913F0CF
S214025A4063FC4F468046CA46DFF848B1B8F1000FFD
S214025A506CD1002FD1D01621002218A80FF0C4FA5C
S214025A60014648B1002F00F08B80224649480FF0CD
S214025A70DBFA337801333370454B32781B789A421F
S214025A8007D94448002201880FF016FB3378013B01
S214025A9033703378012B03D13F49404813F0A0F806
S214025AA00FB0BDE8F04F04B070470022214616231F
S214025AB02846CDF8008013F0BCFC1622294618A80A
S214025AC0F4F7D4FF0028EBD09DF864209DF824302C
S214025AD09A4225D1BDF86020BDF820309A421FD1E7
S214025AE008220DF12E010DF16E00F4F7BFFFB8B9D2
S214025AF002AF0DF1600CBCE80F000FC79CE8030074
S214025B0047F8040B39800EAB13E903000090ADF89A
S214025B10041095E80F00FFF7A1FE0028C0D0274624
S214025B202146484613F014FC044676E71623002264
S214025B3041462846CDF800A013F07BFC02AF0DF1DB
S214025B40600CBCE80F000FC79CE8030047F8040B84
S214025B5039800EAB13E903000090ADF8041095E807
S214025B600F00FFF77BFE074620B1B9F1000F04BF16
S214025B70444681464146584613F0EAFB804665E7AE
S214025B803A46044813F0C6FB73E700BF345C0020B5
S214025B90936500201E55002020BF0200A46300204B
S214025BA02DE9F04F002104469FB00DF14008162261
S214025BB040460E91CDE90C11CDF83B10F4F70AFCE5
S214025BC0052220460DF11F0316A90DF02CFC022813
S214025BD0074600F0F28020460FF0EBF9064613F077
S214025BE02FFB8146F01C13F02BFBADF84000701D16
S214025BF013F026FB012FADF84200204640F0E0806D
S214025C000FF0D7F90546204612F0FEFE0D350223A8
S214025C102D1A0093214643460820EAB20BF08AFA70
S214025C20002800F0CA8020460FF0C8F9012F8346EC
S214025C309DF84D3040F0DC8000252F4643F00103EE
S214025C408DF84D3016AE3388022B4DD1F1782046B2
S214025C50023108F065F81B2846D1F1782046033158
S214025C6008F05EF819283FD1F1782046043108F092
S214025C7057F84A2838D14FF0050AF1782046013104
S214025C80514408F04DF8F17805905144204608F04A
S214025C9047F8059B00EB032083B200F03F02932BEC
S214025CA0059240F095800023F77821460237574444
S214025CB0FFB23A4600930CA80F2313F0BAFB07F183
S214025CC00F01204610F0B5FF07F1110105462046E8
S214025CD010F0AFFFADF84200059B023353445FFA63
S214025CE083FA33795345C8D806360DF17603B342A4
S214025CF0A9D19DF84D20C5F3C03363F34102204677
S214025D008DF84D200FF0ECF88DF8440020460FF089
S214025D10DCF88DF8450020460FF0DCF89DF83230AE
S214025D20BBF1190FC3F3C3028DF84720DDF8332009
S214025D308DF84600CDF84E20DDF83720CDF85220FB
S214025D4094BF00229DF83E208DF8482003F00302FF
S214025D508DF84A209DF84D20DB0963F38202694BD9
S214025D608DF84D201B78022B56D1BDF840600FF0FF
S214025D70CEFA864250D108A80FF035FDBBF1190FB6
S214025D8047D908220DF14E0108A8F4F76FFE002845
S214025D903CD1B9F5004F02D0B9F5624F0DD140F6AD
S214025DA0FF7325F440459D4207D1002208210DF1DC
S214025DB04E000FF01DFA00283ED01FB0BDE8F08F4F
S214025DC00FF0F7F80546204612F01EFE07351EE7CE
S214025DD0412B81D1F17820460231514407F0A0FFD1
S214025DE0494B1B78C3F1B30318448DF8490073E797
S214025DF06FF30003F01D8DF84D3013F021FA0CA955
S214025E00054620460FF041FD0B2772E700F058FDCD
S214025E10BFE700F055FDD0E7B9F5004F02D0B9F55F
S214025E20624FCAD140F6FF7325F440459D42C4D165
S214025E30BBF1190FC1D9B8E7BBF11A0F06D007F1AB
S214025E401F0142462046C9B20DF076FE2F4C304D59
S214025E50637BDBB12B78012B1DD1012323730CABA3
S214025E60029314AC94E803000090ADF8041098E88E
S214025E700F00FFF799FC90B194E803000090ADF88C
S214025E80041098E80F00FFF7A7FD08E0FCF7BAFE3B
S214025E900028DFD0E1E703F0FD03042BDDD02B78EA
S214025EA0012B01D0042B88D11A4BDDF84E001B784B
S214025EB0DDF852108DF82230BDF84030ADF82030B3
S214025EC09DF84D30C3F340038DF823309DF83130F2
S214025ED003F00F038DF82C309DF848308DF82D30E6
S214025EE009AB03C30C4B1B681BB1414608A8984775
S214025EF063E79DF946209DF8451008A80DF003FAC1
S214025F005BE700BF965B00203B5C0020045000204D
S214025F10225C00203A5C0020F84F002010B513F0F7
S214025F20AAF8114B1B78022B1CD1104A1468A04207
S214025F3018D00F4910600A68121B10440D4A0860F8
S214025F4012786AB1013A93403C2253434FF47A7274
S214025F505343984206D9BDE810400320FCF766BDBD
S214025F600A23F3E710BD00BF965B00209041002095
S214025F708C41002060650020064B1B88DB0708D595
S214025F800022054B43F82020044A135C63F00F03FB
S214025F901354704720550020E03F00205B5B002032
S214025FA008B513F068F80022024B1860024B1A601C
S214025FB008BD00BF904100208C410020014B1868AC
S214025FC0704700BF8C41002008B50C48FCF734FC33
S214025FD0FCF772FD80B10A4B0322B3F86810012069
S214025FE00DF0CAFD4FF47A71064B04481B885943DC
S214025FF0BDE8084012F0F4BD08BD00BFC46300202F
S214026000184F0020F6640020014B188000207047CD
S21402601018650020044A054B1870138823F0030302
S214026020184310800020704720550020616500202C
S214026030034B1888C0F30E00003818BF01207047C3
S214026040CE54002008B5FFF7F3FF30B10020044914
S2140260500223044A0880FCF769FC002008BD00BF42
S214026060CE54002027E10100024B1888C0F30E0030
S214026070704700BFCE5400200023084A0120137048
S214026080074A08491370084B084A1B7843F0040372
S21402609013800223064AFCF749BC00BF375C002087
S2140260A0365C0020CE54002061650020205500207A
S2140260B027E1010030B5012100240B2385B0104DE5
S2140260C0019400918DF80C308DF80D000323B5F87D
S2140260D0680003AA8DF80E4010F064FE68B1B5F8A9
S2140260E068100FF08FFC40B10522064B64211A702F
S2140260F0054B06481C7012F073FD05B030BD00BF9C
S214026100184F0020365C0020375C0020E463002035
S214026110064B1B78033B012B06D8054B1B781BB995
S214026120044B1878FFF7C6BF704700BF975B002086
S214026130355C00206065002010B51548FCF77CFB36
S214026140144B1978F9B9144A13787BB1013B1370D2
S214026150124B1B78042B02D10846FBF721FCBDE844
S21402616010404FF496710A4812F03ABD0C4A128853
S21402617002F00302022A0AD1BDE8104003220120DF
S2140261800849FEF7A9BCBDE81040FFF7C1BF10BD25
S214026190E4630020375C0020365C0020975B00201A
S2140261A0CE54002000F8FF07084B1A785AB1022393
S2140261B0013A93404EF66022534303210448B3FB50
S2140261C0F1F112F00DBD42F21073F6E760650020A1
S2140261D0E463002070B505461748FCF72DFB012244
S2140261E0164B28461A7010F001FE411C044689B26E
S2140261F0284607F095FDA11C064689B2284607F0F8
S2140262008FFD0F4C02232080214600200D4AFCF70A
S2140262108DFB86B9238803F00303022B03D1FFF715
S214026220BFFEFFF7C1FF23885B0704D5BDE87040B9
S2140262300548FFF7C9BE70BDE4630020375C002046
S214026240CE54002027E10100C46300202DE9F0436C
S2140262501F4C0546238889B0002B33D01D4E0021E3
S2140262604FF4807010F05AFB3378DB0728D50121F3
S214026270208812F001FC074620880EF09AFE0230B3
S21402628012F0DEFF05A98046208810F096FE3378CD
S214026290384613F0020F104B18BF0025B3F80090D3
S2140262A012F0CEFB0646384612F0AEFBF6B202906D
S2140262B0424606212846CDE9009605AB0CF0DFFFE4
S2140262C000232380054809B0BDE8F043FCF7B4BAC2
S2140262D026550020385C0020245500200464002047
S2140262E010B5044640F62140FFF7B0FF01214FF4F7
S2140262F0807010F013FB78B10022084B1C80084B0C
S2140263001A7007F085FEBDE81040064B1880064B53
S2140263100648198812F064BC10BD00BF265500203E
S214026320385C002024550020F86400200464002015
S214026330044A137818B943F001031370704743F008
S2140263400303FAE7385C0020044B1B781BB9044AA7
S2140263501380FEF707B90020704700BF265C0020B6
S21402636022550020042230B501F0400387B0002BEE
S214026370054614BF012400248DF80C208DF80D105C
S21402638004D004A910F0E8FA10B304ABCDE9004338
S21402639001210223284603AA10F004FD0446C8B1D0
S2140263A00D4BB3F868100EF04EFD4FF6F7739D4294
S2140263B009D9322202212046FEF73AF880F001007F
S2140263C0C0B207B030BD294620460FF01BFBF5E7EA
S2140263D00120F6E71920F4E7184F002010B5FFF762
S2140263E031FE04F031FA0FF099F9002010F0ACFA01
S2140263F012F034FD08B1FDF729F9204C2378532B0F
S21402640012D1032323700023FF2219460120FEF730
S21402641063FB002012F0EEF910B100200EF0D7FD5B
S214026420BDE810400DF0ACBB062B01D0212BF0D1FD
S2140264300120FEF7F5FA4FF6FE700EF057FF4FF604
S214026440FF700EF070FF0020FEF752FA0020FEF7F3
S21402645059FAFEF7E9F900F029FB0DF094FB2378D0
S214026460212B02D1FEF774F9D3E70020FCF7DEFAFF
S21402647000214FF4004010F041F8CAE7965B002076
S21402648010B50A4C0A48FCF7D7F92378062B02D136
S2140264900120FEF7C5FA2378062B01D0532B03D131
S2140264A0BDE81040FFF79ABF10BD00BF965B002004
S2140264B0246400202DE9F047DFF8C08004460E462B
S2140264C01746FFF7BFFD98F8005015B90220BDE841
S2140264D0F087212DFAD0284812F044FF0028F5D183
S2140264E014F0200439463046DFF894A0DFF8949082
S2140264F005F00F051BD00CF08AFE012D8AF80070FD
S214026500A9F8006029D1212388F80030FFF766FF3A
S2140265100020DCE7212388F80030FFF75FFF002128
S2140265204FF6FE70FEF77CFBFEF780FEF0E70CF0FF
S2140265306DFE012D8AF80070A9F80060EAD00623E5
S21402654021464FF6FD7088F80030FFF70BFF40F249
S2140265502621094812F044FBE1E7532321464FF671
S214026560FD7088F80030FFF7FDFE40F22621024853
S21402657012F036FBCCE700BF24640020965B0020B6
S214026580395C00201A650020F8B50D460646511CF7
S214026590284607F0C5FB044628460EF00AFD0546C7
S2140265A0023012F04DFE154B07461B78022B02D026
S2140265B0043B012B21D8124B1B68580201D5A106B9
S2140265C01BD5620619D50F4BB3F86830B34214D107
S2140265D06B781B070DD5284610F045FCFCF7A4FD8A
S2140265E058B1314604F020000122BDE8F840FFF71A
S2140265F061BF0EF06FFEB842F3D0F8BD965B002086
S21402660098410020184F002073B504460D4612F03C
S21402661005FFFF28034625D0134A12784AB1134ACB
S21402662032F81020520404D510F07FF9002002B090
S21402663070BD184610F08AF96946064610F08CF9C5
S21402664040B1FCF7E7F928B100230222694630463A
S21402665005F0DCF8204645F0400102B0BDE8704087
S214026660FFF780BE0120E2E7925B0020C8540020BC
S21402667038B505460EF09DFC0446284610F0B6FBDB
S214026680411C89B2284607F04BFB42060DD56378BB
S2140266901B070FD5204610F0E6FB0146002012F03D
S2140266A0BBFEBDE8384010F040B90348BDE83840AC
S2140266B0FFF7E6BE38BD00BF2464002038B54FF6AB
S2140266C0FF75A842044617D00EF021FEA04213D052
S2140266D04FF6FD72094B198891420DD9084A128865
S2140266E0AA4201D0A24207D11C804FF47A71BDE8BB
S2140266F03840044812F074BA38BD00BF0065002066
S2140267001C6500202441002008B50448FCF794F8D4
S2140267104FF6FF72024B1A8008BD00BF24410020CC
S2140267200065002037B505460C4608236946012059
S214026730064AFCF7FBF815B19DF806302B700CB133
S214026740009B2360BDF8040003B030BD25E10100C4
S21402675007B508238DF80600ADF8041000926946C6
S2140267600020034AFCF7E2F803B05DF804FB00BF22
S21402677025E10100024A13780BB1013B1370704702
S214026780875B002008B50EF0CEFD00214FF6FF72A3
S214026790054B08461A80FEF7DBF8BDE8084040F6CF
S2140267A016400CF0EEBD00BF0065002008B5FCF7F1
S2140267B043F80A4B1B78023B032B08D84FF6FE73AE
S2140267C0074A108898424FF6FF7301D1138008BD1E
S2140267D09842FCD0BDE80840FFF7D4BF965B002085
S2140267E00065002010B5084B1B78042B0AD00EF06B
S2140267F071FD002104460846FFF794FF231A58420B
S214026800584110BD0020FCE7975B0020F0B500263B
S21402681089B00546CDE90566ADF81C6010F0E6FACB
S2140268200A23024604462946009605A812F001FEEF
S2140268309DF815309DF814701F2B27D803A80EF06C
S214026840D2FF08220DF1160103A8F4F70FF9064647
S214026850E0B9092F1CD1FFF7C5FFB8B1144B1B785E
S214026860A3B1144B1A884FF6FD739A420ED9124CF6
S214026870124A23780433DBB223701278013AB3EB60
S214026880820F03DD58B20AF034FE267009B0F0BD5E
S2140268900A34E4B22146284607F042FA0FF036F8E8
S2140268A0611C284610F0C5F9FFF708FFEEE700BFA7
S2140268B07465002000650020875B00205F6500206D
S2140268C038B5134B1B78033B012B20D9114B4FF6DF
S2140268D0FF711B78ABB1104D2B888B4217D10EF08F
S2140268E016FD4EF6602104460C4812F079F94FF672
S2140268F0FE7322462B800021BDE8384009200FF0A7
S21402690013B8074A13888B421CBF0133138038BD65
S214026910975B00207465002000650020244100205B
S214026920CA54002008B50448FBF786FFBDE80840B5
S21402693000210846FBF734B84464002010B504462C
S21402694061B1FF210EF0D6FA002120460EF0D8FAE9
S2140269500EF019FA014620460EF0D8FA2146BDE896
S21402696010400022014812F0D5BC00BF2A55002074
S2140269702DE9F0410D46174604460EF01AFB06783E
S2140269802846FCF74DF92946804620460EF05BFA6B
S2140269900EF0A0FCA84206D120460121FFF7CEFF4A
S2140269A00120BDE8F0812846B8F1000F0AD0FCF7B6
S2140269B0B9F950B9144B3A462046BDE8F041197869
S2140269C0FDF736BD0FF0CCFFF3E706F00306012E07
S2140269D008D00EF07FFC00232246294602F042FA37
S2140269E00028D9D120460EF0EAF9430505D52046FF
S2140269F0BDE8F04100210EF05FBD20460FF09BFF80
S214026A00B0FA80F04009CCE75E65002010B586B08B
S214026A10044610F0EBF9104B0246186819790290FA
S214026A20D3F805005B7A01328DF8143000238DF816
S214026A300C1004902146009392B2052304A812F08B
S214026A40F8FC052204A902A8F4F710F8B0FA80F0C0
S214026A50400906B010BD00BF187D040008B51148F5
S214026A600EF064FB104B1B78012B06D8FF200FF0AC
S214026A7035FFFDF7B1FB0FF050FFFDF73BF801F0D5
S214026A8091FCFFF7F9FA10F029FB07F0F1FDFDF78C
S214026A9049FD07F03DFB0CF0BCFBBDE8084002F0E8
S214026AA0D3BC00BFE04F0020545B002008B5F0F7CF
S214026AB05DFDFF2803D0094B1B78012B06D9002069
S214026AC00FF00CFFFDF788FB0FF027FFFDF712F81B
S214026AD001F068FCBDE8084002F0B6BC545B00203A
S214026AE0064B1878112806D000F0FD00A0F14103ED
S214026AF05842584170470120704700BF965B0020FD
S214026B002DE9F8430446FDF70FFB18B10026304680
S214026B10BDE8F8834FF6FF78184BB3F86810414586
S214026B20F4D020460EF08FF9154B022120461A8823
S214026B30FDF77EFC06460028E8D020460EF039FA1D
S214026B4090F807900546043012F07AFB07460EF0DE
S214026B50C1FB494602463846FDF7FEFAA81C12F06B
S214026B606FFB404502D12046FFF7BAFB2B789B0706
S214026B70CDD101212046FFF7E1FEC8E7184F0020DD
S214026B8028550020F8B507460EF013FA05460430DD
S214026B9012F056FB0646A81C12F052FB044630467C
S214026BA012F03CFC3046FCF73BF82B789B0701D1F1
S214026BB00EF090FBAB790BB90320F8BD0EF08AFB02
S214026BC0A0420CD10EF086FB0446094B21463846FD
S214026BD01A78FFF7CDFE0028EED00020EDE7054B31
S214026BE01B78052B1CBF044BB3F86840EDE700BFCB
S214026BF028550020975B0020184F00202DE9F04111
S214026C00064610460D4610F0F1F8A0F11004E7B261
S214026C1056FA84F42146EA1B04F10E00F3F72CFC24
S214026C202823DFF84480F35598F80030637301F0A8
S214026C30CDFB611C024601200CF0BAFF082209496E
S214026C40601DF3F719FC98F800000FF0B3FC05F18D
S214026C500E0130463B460022C9B201F069FC122002
S214026C60BDE8F081195C0020915B00202DE9F04F11
S214026C7087B004460EF09DF9064620460EF0FCF854
S214026C800746301D12F0DCFA8146B01C12F0D8FA24
S214026C90384696F807A012F0CAFB33789A075FD1F7
S214026CA02146042001F04CFD002859D0204610F061
S214026CB09DF80146204607F033F8830750D1204658
S214026CC010F094F80146204607F02AF810F0030365
S214026CD0039345D12046FFF799FE002840D0204670
S214026CE010F05AF9451C204611F0AAFEEDB205F145
S214026CF00A0B83455DDA304A04AB1068516803C359
S214026D00691C204607F00CF829468046204607F004
S214026D1007F800EB082059461FFA80F8204606F0CE
S214026D20FFFF8346039B2146AA1C009304A8082360
S214026D3012F07FFB20460EF09FF85A4641460CF0B2
S214026D4029FF0122404604A90EF06AFF88BB0220F2
S214026D5007F032FC013003D1404604A9F0F7CEFC1E
S214026D600EF0B8FA48453A46514607D10EF0BAFC3C
S214026D70F8B907B0BDE8F04F0EF006BF48460EF071
S214026D80B1FCB0B90D4B1B781BB9394648460EF01C
S214026D9011FE3A4651464846FDF7DEF948B13178CB
S214026DA011F0030105D1204607B0BDE8F04FFFF70A
S214026DB0C5BD07B0BDE8F08F34B903008D5B002077
S214026DC038B5114D2B78023B012B18D80CF0E4FE97
S214026DD00446B0B9FFF7A2F82B78032B07D1234657
S214026DE0FF2221460120FDF777FE012038BD21460D
S214026DF02046FAF7D5FD003818BF0120F6E717201F
S214026E00F4E70220F2E700BF965B00202DE9F74385
S214026E1005460E4614460DF0DCFF0C2828464AD1DD
S214026E200EF0C7F80922002111F02EFD00F1100124
S214026E30C9B2284606F074FF042813D07C282BD04B
S214026E40012840F0AC8046B9132128460FF0F1FE27
S214026E5003B0BDE8F0430EF066BA03B0BDE8F043F7
S214026E60FDF7DCBC5B4B1B78022B40F0988046B9E2
S214026E70FFF7FAF8C3070AD5FFF792F8002C08BF07
S214026E803F26304603B0BDE8F0430CF0DEB9FFF70C
S214026E90CFF80028F0D0F1E7284611F0D1FD0446DD
S214026EA0284611F0B1FD02463046E1B203B0BDE815
S214026EB0F0430CF0C8B90EF07CF88046043012F0AD
S214026EC0BFF9074608F1020012F0BAF94FF6F77357
S214026ED0984204460CD8404A138801339BB213806A
S214026EE00BB93E4A13801EB13C4A13880133138005
S214026EF098F8009009F00309B9F1010F1DD1284650
S214026F000FF074FF0146284606F00AFF0B2809D048
S214026F100D2807D0042842D1284603B0BDE8F04326
S214026F20FFF7A6BB2E4B1B78042B38D10021084650
S214026F3003B0BDE8F043FAF733BDB9F1000F2ED126
S214026F403146284603F05EFD4EB34FF6F7739C4279
S214026F5025D898F80160204616F0040622D10FF0D4
S214026F60CDFC054620467DB10FF0FAFC034600BB79
S214026F700C220090214638460EF0EAFE0C22002330
S214026F8039462046009308E00FF0EAFC0346C8B9EB
S214026F90144A00901278214638460EF0D9FE03B005
S214026FA0BDE8F0830FF0DCFC034678B90B220090B4
S214026FB0F1E7062233462146384600960EF0C8FE12
S214026FC00622DCE72B4600950622E4E74B46CDF880
S214026FD00090F9E7965B0020D2540020D05400209F
S214026FE0975B0020956500202DE9F04F05888BB051
S214026FF0044628460DF0DDFF0746043012F020F95D
S2140270008146B81C12F01CF905A9804628460FF0E6
S21402701037FF28460FF0EAFE01460646284606F0E7
S2140270207FFE3B78824603F00303012B0CBF8346A8
S2140270304FF0FF0B12F01AF8E388019002930EF05D
S21402704049F9FB7900904846039300F081FF002837
S21402705076D1404600F07CFF002840F08880FDF79D
S2140270602BFB8046FBF7CEFD10B9FFF739FD30B19A
S214027070A8F104085FFA88F8B8F1020F1BD90BF0E2
S214027080FD03042B00F0B380FFF72AFD20B10AF0BF
S214027090030ABAF1010F0ED0FBF70EFD28B9714BA9
S2140270A01B7803F00F03062B68D16F4B2846B3F804
S2140270B068100DF0C8FEBBF1010F63D128460DF033
S2140270C0ACFE4FF6FF73984240F0918000233146A3
S2140270D0284607AA0FF01AFC0746002842D0427933
S2140270E09DF82530934209D9711D284689B206F0CB
S2140270F02BFEA37823F00F030233A3700CF082F862
S2140271007E23B0FBF3F202FB130303F58073A38026
S2140271109DF8263013F0180F0AD0A3781B0707D164
S214027120009B4B4504D048467A7905A90CF09FF897
S2140271309DF82700003818BF01200BB0BDE8F08F7D
S21402714028460DF036FF023012F07AF84FF6F77343
S214027150984207D9039B2BB92846FFF757FC00280D
S2140271607FF477AFA37823F00F03A37008E04046BE
S21402717012F05DF900287FF472AFF3E72823A380AC
S2140271800020DAE7BBF1020F54D10123314607AAE9
S21402719028460FF0BBFB80460EF09CF8BDF8223066
S2140271A098421FD1B8F1000FDCD00122B8F80230A5
S2140271B0314628460FF0A8FB2C4A13780133DBB27F
S2140271C0FB711370B8F80230BDF81E209A421FBF3A
S2140271D0A37823F00F030233A3704FF4C873A3807F
S2140271E00120AAE7184612F022F90028DAD128462A
S2140271F00DF013FE12F0BBF8012808BF1C4BA27854
S21402720009BF1B78FA2303EB830303EB830302BF56
S2140272109B00FA339BB21209A4D1DDE90121521A6E
S21402722092B293429ED30BF0EDFF00F01F00103097
S214027230A080D5E7BBF1030FD9D1009B4B45D6D131
S214027240711C284689B206F06BFD0C28CFD1FCF7DC
S214027250FFFD4FF6FF7398420146C8D028460DF050
S214027260F2FDC4E7965B0020184F0020945B0020D6
S2140272706D6500202DE9F04105460C460DF0A9FD8E
S214027280082802D10120BDE8F081201D11F0D8FFA8
S2140272900646284694F807800DF0EEFD0746284677
S2140272A00DF08DFD010612D5184B1B78042B0ED15E
S2140272B0174B1B78022B0AD1164BB3F868204FF6F1
S2140272C0FF739A4203D000210846FAF769FB124B75
S2140272D01B78002BD6D1A01C11F0B2FF4FF6F77325
S2140272E0984202D86378DA070DD523789B070AD12D
S2140272F03A46414630460EF0F5F980F00100C0B23B
S21402730000F00100BFE70120FAE700BF975B00200C
S214027310965B0020184F00203E5C00202DE9F04FBF
S2140273209DB004460DF055FD054620460DF051FD74
S214027330082869D14FF400432046ADF85030ADF826
S2140273405C4011F07DFBBDF85C20A0F11005EDB2AB
S21402735010461023002100950FF058FC294617A866
S2140273600FF02CFC204611F04FFB0AF0D8F8002351
S21402737021461A460C20009309F0DCFE98B32046FC
S21402738011F042FB14A902461020FBF779FF050113
S214027390204611F039FB14A902464020EDB2FBF755
S2140273A06FFF10B120460BF036FF204611F02CFB83
S2140273B014A902468020FBF763FFB8B99DB11025D9
S2140273C017A805F067FF2046BDF8507011F038FB8D
S2140273D00646204611F018FB29460090F3B23846BE
S2140273E017AA0BF0AEFF1DB0BDE8F08FBDF8503007
S2140273F017A8ADF85E40ADF85C300CF0C5FB00286F
S214027400DCD145F08005DBE720460DF022FDB0F525
S214027410006F40F0058120460DF02EFD0646042D35
S21402742040F0018120460DF0CAFC80F40060C0F3F3
S214027430C02000223146400011F0CBFE944B1A7851
S214027440022A0DD0FFF74CFB50B902F0FD03312B98
S21402745006D0043A012A03D98E4B1B78002BC2D0E1
S2140274602146022001F06CF905900028BBD0204688
S214027470ADF846400DF09DFD0446BDF846000DF001
S214027480FBFC0646201D11F0DBFEA31C83461846B5
S214027490039311F0D5FE12A90746BDF846000FF079
S2140274A0EFFC63780690BDF8460094F800800893D7
S2140274B00FF09CFC6378054608F0030830460C93F0
S2140274C0FBF7AEFBB8F1010F0CBF032302230E93AA
S2140274D0714B08BF4FF00B091E80237818BF4FF080
S2140274E00A0903F03C03082B0D907FF47CAFBDF82D
S2140274F0460011F0A5FAA8427FF675AFB8F1010F63
S21402750003D023789B077FF46EAF644BB3F86830E2
S214027510B3420DD1624A634BB2F9001093F90030C0
S214027520002900F0A58001EB0313A3EB21131380BF
S2140275304FF0010AA5F11003DBB20A938DF845302D
S21402754010224846BDF84610CDF800A00DF14503BE
S21402755009F0F0FD00283FF446AF089B13F0020343
S214027560099300F00981504B1B78002B3FF43BAF88
S214027570BDF8469048460FF039FC0023079048466F
S214027580CDE917331993ADF868300DF075FC079BFB
S214027590039003F10E01484689B20FF0FAFB002869
S2140275A070D000234946079A009317A80E2311F0BD
S2140275B040FF50460DF15D010CF008FB9DF8693066
S2140275C00B9004939DF85C30282B5BD10DF1610083
S2140275D0FBF7AAFD0F90002854D104980EF0EAFF9C
S2140275E00F9B002866D1314B049A1B78D31A1C06CF
S2140275F048D404F059F950453CD111F03CFD2C4ECC
S2140276000546346824B104F055F92C1B844239D35C
S2140276100023FF2219461846FDF75EFA356031E070
S2140276204FF6FD76FBE64FF6FF70301A18BF0120C4
S21402763000223146400011F0CCFD0C2D0DD1214622
S214027640012001F07DF800283FF4CDAE214600204F
S2140276501DB0BDE8F04FFDF7D3BF2DB920461DB0D3
S214027660BDE8F04FFEF79CBA042D7FF4BCAEE5E60B
S2140276701B025CE704F018F9022803D104F0F6F8BE
S2140276800028BAD000221920039911F0A2FDAAE61A
S214027690965B00203E5C002046550020184F0020D6
S2140276A01A5500203B5C0020925B0020915B002074
S2140276B02850002010214846079ACDF800A00EF068
S2140276C0C9FD0028DED0BB4B049A1B78934240F0DB
S2140276D0AA8003990DF1610214A811F051FB012151
S2140276E014A8FBF7F5FA824648F2030114A8FBF742
S2140276F063FBBAF1000F03D0082114A80CF009FAB4
S21402770048460FF091FB03990DF16100FCF72AFC45
S214027710FE288246B6D0FF280AD1039811F06DFEE5
S214027720FF28824600F087800DF16101FCF7F4FA2B
S214027730A04B049A1B78934200F0A38050460B9904
S214027740FCF7F6FB00283FF44EAE50460B99FCF7CA
S21402775001FC237898070FD148460FF047FB0146F5
S214027760484606F0DDFA00F00300012804D103982B
S2140277700DF16101EFF7C2FFBDF846000DF01FFBE9
S214027780010440F18580204611F05AFD40F4007154
S21402779089B2204611F056FD00224FF40041BDF892
S2140277A046000DF0FDFADDF8149001231022009336
S2140277B0BDF846100E980DF1450309F0BBFC0028F3
S2140277C03FF411AE032866D1204611F039FD40F48D
S2140277D0007189B2204611F035FD304611F027FEC1
S2140277E0002840F0B680DDF81490B8F1010F40F0A2
S2140277F0B6800320BDF8461000F0A2FF002840F035
S214027800AE802946BDF8460006F08AFA0F280146E1
S2140278107FF6E9AD4FF6F7739F423FF6E4AD30468A
S2140278200EF035F9DFE55046049903F085FA002894
S2140278307FF44FAF26E7237803F00303012B08D12A
S21402784048460FF0D3FA0146484606F069FA082879
S21402785092D0594B1A78594B1B789A4209D20DF19D
S21402786061010398FCF70CFA039811F0C6FD8246F4
S2140278705EE7A01C11F0E4FC4FF6F7739842EED9CF
S21402788000E75046FCF7CEFB00283FF457AF5CE714
S2140278904FF0000989E7304611F0C9FD0028A4D050
S2140278A0099B002B57D1B9F1000F52D1B8F1010F45
S2140278B0BDF846009DD0294606F032FA8246DFF829
S2140278C0089199F80030002B54D00DF003FD874242
S2140278D07FF489ADB8F1010F7ED1BAF1070F75D8E2
S2140278E0BAF1050F7FF67FAD354B1B78022B02D01F
S2140278F0043B012B03D899F80030002B41D00C9B97
S2140279009A0640F1B4800D9B002B40F0AC803046C6
S21402791011F084FDFF2840F0A6805E457FF463AD3B
S214027920069B002B00F09D8012AB46F20402012457
S214027930ADF85C200193214602233046009417AA34
S2140279400FF030FA00283FF44EAD21460DF0B4FD9C
S21402795049E5DDF8149030460EF0EAFF45E7294681
S214027960BDF8460006F0DCF9099B824613B9B9F168
S214027970000FA4D0124B1B78022B02D0043B012B23
S214027980BDD8304600F0E4FA814600287FF42BADDD
S2140279900DF0A0FC864225D10A4BB3F868400DF0E4
S2140279A099FC4B4601460D222046CDF800900EF07B
S2140279B0CFF918E5915B0020905B00206E650020F1
S2140279C0965B0020184F0020925B0020AAF10E035F
S2140279D0DBB2012B88D906E50AF00303012B7FF4FC
S2140279E002AD81E7304611F022FD58B90DF08FFC4A
S2140279F04FF6FF73984205D011F030FA10B93046B0
S214027A00FCF7E4F8304611F012FD88B10DF07FFC69
S214027A104FF6FF7398420BD011F020FA40B9B8F136
S214027A20010F02D1BAF1060F02D030460EF07FFFE8
S214027A30069BA3B91946012258460EF0F1F8814674
S214027A4000287FF4D0AC20460FF00DFA4A460146D5
S214027A5038460EF0E5F800283FF451AFC3E412A909
S214027A60E9E7069B61E7637823F0200363704FF62D
S214027A70FC739F423FF4B7AC4FF6FD739F4204D1AE
S214027A80B34B1B78042B3FF4AEACA3790BB1013B8E
S214027A90A37163785B0727D50023584617AA14A953
S214027AA017930EF025FF1798F0B10EF01AFF8146D5
S214027AB0384611F0B3FC179A0146137903F03000EA
S214027AC0102806D003F00C0008281CBF23F00C0375
S214027AD01371137903F03303202B05D1FF2903D04A
S214027AE0012248460EF00CFF304611F097FCFF28A4
S214027AF01EBF0022974B43F82020089B03F0010983
S214027B004FF6F7739F4200F2F980B9F1000F40F08A
S214027B100181314658460DF04DFF0DF0DBFB8742E2
S214027B2000F0C680384611F082FC002841D0B8F139
S214027B30010F27D1BAF1010F17D14A462946BDF8DF
S214027B4046000EF0E0FE384611F071FC824B1B78C0
S214027B50002B72D1584611F06AFC002866D13846CE
S214027B6011F065FC002861D13DE4384611F05FFC57
S214027B7050B3BAF1030F27D12946BDF846000EF0DE
S214027B801FF930E4384611F052FC38460EF0E8FE93
S214027B90002847D0002339465846BDF8462001F053
S214027BA061F900283ED00021BDF84600FEF7C6FE69
S214027BB019E4384611F03BFC18B1B8F1010FD8D0E1
S214027BC0E3E7B8F1010FE0D1634B1B78002BC1D07D
S214027BD0BAF1050F31D10DF07DFB8DF85C000DF08A
S214027BE079FB000A8DF85D000123022217A90DF128
S214027BF04600FAF775FD00287FF4F5AB691C89B2DA
S214027C00BDF8460006F07AF803780133037063780D
S214027C10590715D40DF05EFB834522D00022394663
S214027C201C2032E54C4B1B78002B93D0B8F1010F89
S214027C30CED063785A0714D502E06378580718D571
S214027C40BDF8464020460FF093F8411C89B2204604
S214027C5006F054F80378B8F1010F03F1FF3303700E
S214027C6004D0BDF84600FEF78DFF09E0BAF1050F15
S214027C70D0D0BDF84600FEF785FFBAF1030FCDD08F
S214027C800228CBD10021584617AA0EF034FE30B196
S214027C900379468003F03C0343F04003037100235C
S214027CA02E4A00933946584612780EF051F8B5E738
S214027CB0B8F1010F7FF477AF0AF1FF330C2B00F215
S214027CC0868001A252F823F0297D0200297D020057
S214027CD0797B02003F7D0200617D0200E7730200AD
S214027CE0857D0200957D0200A17D0200A17D020035
S214027CF0E7730200B77D0200C37D0200B8F1010FF0
S214027D0071D0B9F1000F08D1BDF84600FEF7AEFFFC
S214027D10FFF769BBB8F1010FCED0237A03F0030355
S214027D20012B7FF460ABEFE7AAF102035A42294621
S214027D30BDF846005A410EF0E6FDFFF754BB2A4650
S214027D405846BDF84610FEF71FFCFFF74CBB00BFB7
S214027D50975B0020E03F00207265002095650020BA
S214027D60691CBDF8460089B205F0DAFF0235EDB2AD
S214027D700246BDF846305846009512A906F0D4FDD4
S214027D80FFF731BB01200A9ABDF84610FDF71AFB31
S214027D90FFF729BBBDF846000EF0BBFDFFF723BB7D
S214027DA0BDF84600FEF732FDFFF71DBBBDF84600E4
S214027DB0FEF72CFDA8E7BDF84600FEF70BFAFFF724
S214027DC012BBBDF846000BF0D9FEFFF70CBB2B46E4
S214027DD022465046BDF846100BF0A6FE00287FF459
S214027DE002AB51461BE50AF1FF330C2B3FF6FBAA0A
S214027DF001A252F823F000BF297D0200297D02006D
S214027E00797B02003F7D0200617D0200E77302007B
S214027E10857D0200957D0200AD7D0200AD7D0200EB
S214027E20E7730200B77D0200C37D020010B5002191
S214027E3011480DF022F90446E8B10DF046F80F4B52
S214027E40187020460DF046F80D4B187020460DF0BF
S214027E5047F80C4B187020460DF047F80A4B18608E
S214027E60012011F00CF92046FFF758FABDE8104041
S214027E70002011F004B910BDF85400203C5C00202C
S214027E803B5C00203A5C00202050002070B5144E67
S214027E90044633680D46BBB10CF09BFF0C2813D189
S214027EA020460DF086F809220021044610F0ECFC6C
S214027EB0235C042B08D10B4C25B10B4B22781B7884
S214027EC09A4203D300232370002070BD074831680E
S214027ED010F086FE2378012001332370F5E700BFF9
S214027EE0245000203D5C002094650020446400205D
S214027EF0014B93F9010070471A550020014BB3F865
S214027F0068007047184F002070B500240D4D2C7085
S214027F10EFF706FAE6B2B04208D800220A4B1A7009
S214027F200A4B198801B11A80012070BD304611F043
S214027F307BFAC30748BF2B7804F1010444BF013320
S214027F402B70E5E78F5B0020885B0020CC54002076
S214027F5038B50B4B05461B7873B101335C08094BE9
S214027F60188810F051FD002330F81320AA4205D0DD
S214027F700133DAB2A242F7D3002038BD0120FCE773
S214027F80885B0020CC54002030B5054685B00846F4
S214027F900C4611F045FAFF280CD00DF0F6FD012232
S214027FA000210346CDE90112009221462A46072007
S214027FB0FCF7F6FB284611F031FAFF2804460FD0EC
S214027FC011F032FAC2070DD5204611F02DFA8307BA
S214027FD008D40B4A32F8143043F4806322F8143083
S214027FE005B030BD0DF0D1FD012200210346CDE9DA
S214027FF00112009207202A46FCF7D2FBF0E700BFE8
S214028000C85400204FF6FA72431E9BB2934270B5D4
S21402801004462AD8FFF79CFF38BB194B1B78042B63
S21402802023D0204611F0E9F9FF2801D0FBF7FEFC29
S21402803020460EF058FC08B10EF04FFC2046114EBA
S21402804003F0ACFE20460BF010F931780E4D69B104
S214028050288810F0D9FC054601461E220230F2F7A7
S2140280600BFA2C8033781E2B07D970BD202010F017
S2140280703FFD28800028EBD1F7E702333370F4E7A0
S214028080975B0020885B0020CC540020044A1378BB
S2140280902BB1013BDBB213700BB9024A1380704757
S2140280A0885B0020CC5400200148FAF7D5B800BF00
S2140280B0CC5400202DE9F047804617460D468CB07A
S2140280C061B903AE00211B4811F01EF94FF00009FA
S2140280D00446DFF860A01CB920461DE00E46F1E714
S2140280E00022214624233046CDF8009011F0A1F953
S2140280F0082241463046F2F7B9FCA8B9337C9BB950
S2140281006FB945B92A4621460A480CF0D5FF0A4AF5
S2140281101388013B138001200CB0BDE8F0873B8832
S214028120B28953405B06ECD52146504611F010F951
S2140281300446D0E72E5500202C550020024B188806
S214028140003818BF012070472C5500202DE9F04357
S21402815030488DB0FAF770FB10F08DFF2E4D2B686D
S214028160C41A4FF47A73B4FBF3F4A4B214B110F049
S21402817082FF2860294F4FF6FF763B88DFF8A08003
S214028180ADF80A3000233B8000210DF10A000CF006
S21402819074FF054658B9224B1B882BB14FF47A71EF
S2140281A01C48714310F01CFD0DB0BDE8F0834FF083
S2140281B0000924234A462946CDF8009003A811F068
S2140281C038F9BDF81A30A34294BFDB1A1B1B9BB2C8
S2140281D0ADF81A3063B9BDF818301B0602D50898F8
S2140281E00BF0B0FAB8F80030013BA8F80030CBE745
S2140281F09E4228BF1E4601234A462946009303A8EC
S214028200242311F016F94A462946384611F082F818
S214028210BAE700BFC44000202C5000202E55002094
S2140282202C550020F0B504462E4A8DB010685168D1
S21402823001AB03C3A378012B4FD1162200210DF107
S2140282401A00F2F7C7F8D4F82110D4F81D0003ABD1
S21402825003C32388190644BF62680892DA050BD561
S214028260221D08AE04F1140735461068516808321C
S21402827003C5BA422E46F7D1ADF8183013F0040300
S21402828018BFA3690593EFF763F80023ADF81A0049
S214028290082201A903A88DF81C30F2F7E7FB18B1F3
S2140282A006A903A80DF00CFF0022242103A80CF057
S2140282B09BFE044698B10020FFF748FF00222146A5
S2140282C0094811F027F8094A002013880133138061
S2140282D0FFF73CFF00200DB0F0BD0220FBE719209F
S2140282E0F9E700BF34B903002E5500202C550020B4
S2140282F0F7B5044600200E46FFF728FF104B1B88F2
S214028300A34202D8212003B0F0BD00210D4810F090
S214028310FBFF002501460B4F0029F3D0A54208D1EA
S2140283200024242322463046009411F082F8204688
S214028330E9E7384611F00CF801350146ECE700BFD4
S2140283402C5500202E5500200148F9F785BF00BFA6
S2140283502E550020014B1888704700BF2C55002070
S21402836070B50C4611460E4A23781278064613F06C
S214028370200542EA0302227018BF611D0822F2F7A6
S2140283807BF8002D0CBF05200D20D4F80130B36019
S2140283902378337303F01803082B08BF013070BD2F
S2140283A0925B0020042307B501200DEB0301054A6A
S2140283B0FAF7BCFA019B044A1B03136003B05DF88C
S2140283C004FB00BF63E511008841002010B5064C8F
S2140283D02368C3F30B0313B90448E3F739FC206898
S2140283E0431C236010BD00BF8841002063E51100D6
S2140283F0014B1868704700BF8841002007B500206F
S214028400054B064A186004230DEB03010190FAF7A8
S2140284108DFA03B05DF804FB8841002063E5110085
S2140284207FB511230A4A012001A9FAF77FFA094B00
S2140284309DF814201A70084B1B780BB1052B05D13A
S2140284400AF0DFFE012007B05DF804FB0020FAE721
S21402845079EB0100915B0020925B00202DE9F04F42
S2140284600646CBB0884600880121174610F004FB6A
S2140284702E4B3A463188ADF8160006A80DF0BFFE20
S2140284800DF1280B5A464146C41930880DF041FEBC
S214028490E4B208EB0003A34208BF044605464FF0C9
S2140284A004091CBFA4EB0804E4B223465A46012181
S2140284B0CDE900090BEB050ACDF808B02D1B06A87E
S2140284C0EFF776FBEDB20BEB040300930195234620
S2140284D05A46414630880DF04AFE348839462046D0
S2140284E005F01EFC394600F0F802204605F02CFC8A
S2140284F00121308810F0C0FA01234A46514680B165
S2140285000DF11600FAF7ECF801210446BDF8162024
S214028510308810F0C5FAB4FA84F040094BB0BDE8D2
S214028520F08F3046FAF7DCF80446F4E7195C0020D0
S2140285302DE9F04FC9B0044688469246C118224A31
S21402854004A81F46FFF70CFF4FF00409C519EDB249
S21402855008AB0293A5EB0A0BA8EB0A035FFA8BFBA8
S214028560A8EB0506DBB2F6B204EB0A020093012181
S2140285705B46CDF8049004A8EFF71AFB06F5907355
S2140285800DEB03025A44A2F58072136808A844F859
S2140285900830E35D324623F00703E3552C442146B8
S2140285A0F2F7A8F808ABCDE9019308AA0023012147
S2140285B0009604A8EFF7FCFA3246204608A9F2F71E
S2140285C099F849B0BDE8F08F195C0020F8B5064668
S2140285D00EF0E2FC811C054689B230460EF0D9FB4D
S2140285E0F0B1EDB12946304605F09AFB122807464F
S2140285F016D80C4B691C1C5C89B2304605F090FB01
S2140286002C44052FE4B205D1052809D8064B1B5C7D
S2140286101C44E4B221463046BDE8F8400EF0B9BB31
S2140286200020F8BD5A7D0400547D0400F8B50546C6
S2140286300EF0DCFB044628460CF0BBFCA11C0746E9
S21402864089B228460EF0A5FB00283ED0002C3CD06E
S2140286502146284605F064FB0646611C284689B278
S21402866005F05EFB0F2E30D8194B9B5DE118731E8A
S21402867089B2092B0ED8DFE803F009050D0D120D9D
S2140286800D181E1EC40644BF083189B2820601D5E3
S214028690083189B22846BDE8F8400EF07ABB7B78EE
S2140286A0DB0612D501EB4001F3E700F01F0000EBFA
S2140286B040000144EDE71F2805D8092E0ABF4000F6
S2140286C0022080B2F5E7C828E4D00020F8BD00BF3B
S2140286D06D7D0400F8B506460CF06BFC09220021FD
S2140286E0054610F0D1F800F11004284610F0A8FD57
S2140286F0E4B207462146304605F012FB05463046F0
S21402870010F09EF9BA05A0EB0403DBB20AD47C2D66
S2140287100AD0082D0AD8064A505D98428CBF00201F
S2140287200120F8BD1220F8E70320F6E7FF20F4E761
S2140287307E7D0400014B1878704700BF96650020C6
S21402874038B5114B04461B7808469BB9012038BD44
S214028750A24205F101050FD103EBC1035B689847FE
S2140287600028F3D11E2022464FF6FF7110F031FD8D
S2140287700020ECE70025054BE9B213F83120002A69
S214028780E6D11446EEE700BF96650020247D04007D
S2140287904FF6FF7307B502220DF106010348ADF846
S2140287A00630E3F791FA03B05DF804FB603202E0AC
S2140287B0002307B5ADF80430134B984221D10B883D
S2140287C0DA0703D5232003B05DF804FB9B0748BFF6
S2140287D04FF47F434FF002020C480DF1060148BFEA
S2140287E0ADF80430E3F744FA4FF6FF73BDF80620FF
S2140287F09A42E7D10222054801A9E3F765FA00206A
S214028800E1E72120DFE700BF1FD1BACA603202E0EB
S214028810002313B50222038004460DF106010F4819
S214028820E3F726FA2D2801D0112805D14FF6FF735B
S214028830ADF80630FFF7ACFF9DF80630BDF806200F
S2140288401BB1238843F0010323800020FF2A82BF46
S214028850238843F00203238002B010BD603202E098
S214028860034B1B78002B14BF442056200E30704753
S214028870925B00202DE9F04F8DB0179C0646894684
S214028880CDE90223BDF85870D588ADF816103CB96C
S214028890EC0605D500970AF0E5FD0DB0BDE8F08FB1
S2140288A0C5F380242B054FEA043448BF44F4006421
S2140288B0A80511D544F080040A2E00F26981DFE88B
S2140288C016F09A002F00170037006701670137007D
S2140288D010009A0037009E00E90548BF44F04004A5
S2140288E0EAE74FF001084FF0020B4FF0000A14E0DF
S2140288F008A95FFA89F00DF0BEFEDDF82500DDF866
S214028900291006AB03C3A44B33F81930ADF8163062
S2140289104FF00008C3460DF1180A002F5DD125E07E
S21402892006AA0DF116015FFA89F003F017FAEFE7CF
S2140289304FF6F773994540F22B8115F4026F40F01B
S2140289402781964B1B78022B03D0043B012B00F2A7
S214028950218147BB032E4FF001080CBF4FF00C0BD2
S2140289604FF0080BBA4624F4C074A4B28C4B188895
S2140289704FF6FF73984206D08A49FAF767FB10B1A2
S21402898024F48054A4B2039B38460093BDF8162004
S214028990534644F4027105F0EBF9ADF820000028C6
S2140289A038D1192079E7384610F04AF80246FFF720
S2140289B057FF032E08BF0138824201DD38206CE7DC
S2140289C0032E4FF001080CBF4FF00C0B4FF0080BB4
S2140289D04FF0000A24F4C074A4B2029B1B889BB911
S2140289E01A4639460620009308F0C7FB0028BDD178
S2140289F040F6014051E74FF00008C34675E74FF0D6
S214028A0001084FF0030B70E7002339461A46072089
S214028A100093E9E74FF6FF73614A118899421CD02A
S214028A200CF0C7FA03465E4A04301188039310F02E
S214028A3009FC5D49039B097814F4805FD971594992
S214028A40574A1FBF086898604868D8604FF6FF7399
S214028A5013804FF0FF330B604B605946029A08A80A
S214028A6005F03AFA00289CD0504C2378002B3CD1D3
S214028A70A7B138460FF0E4FF0746BDF820000FF016
S214028A80DFFF23780744002B14BF12220022EB10CC
S214028A9003F0040317443B44842B8FDC15F4005781
S214028AA00AD0BDF8204020460CF089F940F48061D7
S214028AB089B220460CF06EF9A6F10803012B05D800
S214028AC001221021BDF820000CF06AF9179BBDF8B0
S214028AD0204043B32046BDF816100CF0B4F9BDF89A
S214028AE02030179A00201380D7E6AA06C0D56B015D
S214028AF003F020030A2E14BF43F0010363F07E0343
S214028B00DBB2B8F1000F08D000215246009108A847
S214028B1000F082FE0028ABD0BFE61A46514608A8EF
S214028B200DF098FCF6E720460EF060F9179B024619
S214028B3021460420009308F020FB00283FF458AF9B
S214028B400A2E18D84FF4D963F340DB0713D5072E45
S214028B500AD00A2E08D0BDF820000CF03BFF80F0A9
S214028B600100C0B2800098E608A80AF0EAFF0028D2
S214028B70F1D0042091E617B125F04005ADB22B46A0
S214028B803146BDF820005FFA89F201F07DFE84E6E8
S214028B90012082E6162080E6FC530020965B002029
S214028BA01E65002097650020495C0020925B00202D
S214028BB0F7B50F469DF828100446DDE90B061D465C
S214028BC0F1B94FF6FF739C421CBF174B1C804FF047
S214028BD000041CBF154B1A70BDF8240005F012FAEB
S214028BE000232A46CDE90043394606209DF8203068
S214028BF0FFF740FE10B90EB1AB7A337003B0F0BD8A
S214028C0078B14FF6FF739C421FBF074B1C80074B81
S214028C101A7000220CF0E8F904460028DCD119206C
S214028C20ECE72120EAE700BF1E650020495C002031
S214028C302DE9F04788469DF82810074616461D4639
S214028C409DF820A0BDF824900B9839B158B30022A5
S214028C500CF0CAF9044610B9192025E00C464FF666
S214028C60FF739D421FBF114B1D80114B83F800A05E
S214028C704FF6F7739E4208D80E4B4FF6FD761A78DB
S214028C804FF6FF73002A18BF1E46484605F0BAF98B
S214028C9000233A46CDE9084331464346BDE8F0474D
S214028CA00320FFF7E7BD2120BDE8F0871E65002000
S214028CB0495C0020535B00202DE9F04786B09DF802
S214028CC038600546DDE90FA80C4617469946B6BB3E
S214028CD0374B1B78022B1DD125BB4FF6F7739C42F0
S214028CE014D80026484605F08DF900233A46CDE909
S214028CF000632146FF232846FFF7BCFD38B9B8F1CA
S214028D00000F04D0BB7A88F8003000E0012006B0DD
S214028D10BDE8F087043B012BDED908460AF00EFFB9
S214028D2010B31DB3022D31D1EEF7F4FAA042EDD9FD
S214028D30204B33F814204FF6FD739A4219E0BAF12D
S214028D40000F32D01A4B1B78022B05D1FFF788FD95
S214028D50B042E6D23820DAE7043B012BF6D90846C1
S214028D600AF0ECFE0028F1D11620D0E74FF6F77392
S214028D709C42CBD8002EB4D03146002250460CF08E
S214028D8033F906460028ADD11920C0E7012DBDD122
S214028D9004AA0DF10E01E0B202F0E0FF064B1B78CA
S214028DA0A342B3D9BDF80E20C5E72120AFE700BF26
S214028DB0965B0020FC5300206865002030B5104BFF
S214028DC087B005460C461868596803AA03C2986815
S214028DD00C4910609A88DB8852BA23F04003ADF83B
S214028DE012300023CDE90043ADF81020FF23098896
S214028DF003AA0720ADF80E50FFF73CFD07B030BDC2
S214028E003A5500204655002038B50C461146124AFF
S214028E10124D108022682A6062686A60A268AA60A0
S214028E20E288500616D5EA88520613D561B10022AA
S214028E3018460CF0D9F8014650B16088FFF7BEFF1D
S214028E400522074B1A7038BD08460DF010FFF2E7F0
S214028E501920F5E70220F6E7465500203A5500208D
S214028E60595C00202DE9F04F074689B0104615469A
S214028E701C468A460DF0BAFF0146284604F050FF0B
S214028E80064628460CF095F8043010F0D9F98046CC
S214028E900CF020FA804550D0B2074ED1DFF8AC80F5
S214028EA0284605A9B8F800B00EF087F89DF81930E4
S214028EB0A8F8007003BBBDF81430EBB928460CF0D6
S214028EC078F8023010F0BCF94FF6F773984294BF68
S214028ED04FF000094FF0010901230134E4B22A469B
S214028EE03846CDF8009005A9039303F001FC039BD6
S214028EF040B901339C421ED20020A8F800B009B047
S214028F00BDE8F08F022CF8D1012BF6D10C4A0D4B9E
S214028F10A3F800A01378591C11700B4A7F3B16F079
S214028F200C01137007D1BDF81A305B0603D5BDF8E5
S214028F301600FFF743FF0223D1E70020DFE700BF5A
S214028F40945B00201E650020495C002046550020E8
S214028F502DE9F04FABB00F46ADF81E000CF029F825
S214028F6000F1020A0646504610F06AF9BDF81E40A5
S214028F70054620460DF03AFF0146204604F0D0FE94
S214028F80814600F00308301D10F05AF9414C20804B
S214028F900CF0A0F9A8422DD04FF6F7739D4229D8BF
S214028FA07378DA0726D428460DF0DAFC30B10123AE
S214028FB02946BDF81E202088FFF754FF0CF08AF9D8
S214028FC0344B1B8883420FD1BDF81E4020460DF05D
S214028FD00DFF0146204604F0A3FE10F00C0103D15B
S214028FE0BDF81E0001F00EFD00222B4B1A602BB0BE
S214028FF0BDE8F08F2949BDF81E000DF0DEFF2849B6
S214029000BDF81E000DF03CFF0028254B08BF0023CC
S214029010214ABDF81E0013600BF057FF214B187053
S214029020BDF81E000BF056FF1F4B1870BDF81E0051
S2140290300BF05BFF1D4B186000238DF82230002FCB
S2140290403AD0164BDB889B0636D5194B1B689D0714
S2140290501ED4B8F1010F14BF082318230DF1220203
S214029060009200220DF11E00114600F0D5FB18B347
S214029070B8F1010FA2D10F4B1B78112B9ED10DF028
S21402908088FA00289AD140F61D40FBF70FFB95E7B9
S2140290900823E3E746550020345000203A550020C6
S2140290A0415C00203C5C00203B5C002020500020FD
S2140290B098410020965B0020504610F0C1F8824688
S2140290C0BDF81E000FF0BCFCA0F11005EDB22A465A
S2140290D031460AA8F1F70EFBFF238DF82F304FF624
S2140290E0F7739A4540F2DF80B8F1010F00F0E7808F
S2140290F0B8F1020F00F04681B8F1000F7FF45EAFC0
S214029100A44DBDF81E00EB88ADF8240004930BF0C6
S21402911050FFBDF82460074630460DF067FE014654
S214029120304604F0FDFD8DF82300B81C7E7810F062
S21402913087F807460CF0CEF806F00106B4F8009061
S21402914003906C88002E7FF439AF4FF6F77A4246CA
S214029150494657458CBF0620082010F03AF8BDF85D
S21402916024B058460DF042FE5946024643460420B5
S214029170CDF8008007F0DEFF574583460AD8B5F9DA
S2140291800620EB88002A05DB580603D54146204612
S214029190FFF714FEBBF1000F3FF410AF2B88002B35
S2140291A05AD16B79002B57D14FF6F7730DF1260182
S2140291B09F42BDF8240094BF4FF0000B4FF0010B06
S2140291C00DF0B8FADFF8D8A100F1FF38BAF800308F
S2140291D01FFA88F10593EB88BDF82600069304F083
S2140291E09FFD069B04990190009322465B460598D4
S2140291F0C1F340110AF0AFFC00283FF4DFAE0423AF
S21402920006200093BDF82610624B5FFA88F207F03C
S21402921091FF00283FF4D2AE48F202036A889A42CF
S21402922005D1BDF82410BAF8000000F025FF594D0C
S21402923009AA29460DF123000AF08BFC03460028F2
S2140292407FF4BCAE2104BAF80000BDF8242060D535
S214029250234629460DF083FA9DF823304D4D03F040
S2140292600C030C2B75D128890DF044FA00283FF424
S214029270A5AE039B002029894B4514BF0226032670
S21402928002F044FC444B18704FF6F7739F42BDF849
S214029290240075D8A4F138025342534132463D4960
S2140292A004F036F88AE6B8F1020F6BD0394BB3F900
S2140292B00630002B26DAB8F1010F7FF41DAF0CF052
S2140292C009F8238883423FF479AE0520BDF81E10C4
S2140292D0FFF736FA00283FF471AE2E4AD3885B06B3
S2140292E007D50023CDE900330A20FF232188FFF7A4
S2140292F0C1FA3A469DF822302188BDF81E0002F0D7
S2140293001DF85BE629460AA800F070F80028D2D0BD
S21402931054E60221DFF88C8088F800102946CDF842
S21402932000B003F0E5F9132C96D0EB885D0493D4D5
S2140293301A4B1B78D80703D598F80020022A8BD040
S21402934099077FF53BAE98F80030012B7FF436AED6
S21402935082E700222B79124800936B791146008827
S21402936002F0FCFB0C4B18709DF8233003F00C0344
S214029370082B89D1039B4B4514BF0426052683E799
S21402938001238BE74846BDF81E20024901F0AEFADB
S21402939014E600BF3A550020585C0020575B0020B8
S2140293A0465500204A5C002010B5002108480BF004
S2140293B064FE044650B101460420FFF7C1F928B105
S2140293C02046BDE810400121FFF7C2BD10BD00BF18
S2140293D02A550020034BFF211A7803489200F0F723
S2140293E0F9BF00BF69650020503E002070B54518E1
S2140293F004464FF0FF31AC4212D1104B10481A7897
S21402940005460023934211DB0E4C2078431CB3FB27
S214029410F2F602FB163345F82010237000200CE00B
S21402942014F8010BE1F7A4FD0146E4E750F8044BFB
S214029430A14201D00133E5E7012070BD6965002035
S214029440503E00204B5C0020042307B501200DEBA4
S2140294500301054AF9F76AFA019B044A1B031360E3
S21402946003B05DF804FB00BF23E11100305000207A
S214029470014B1868704700BF30500020014B186837
S214029480704700BF3050002010B5064C2368C3F367
S2140294900B0313B90448E2F7DBFB2068431C236086
S2140294A010BD00BF3050002023E111002DE9F04F1F
S2140294B093B003930023DDE91C79069399F80030F4
S2140294C083460DA804930E46154609F0D2FF99F876
S2140294D0003013F003043ED0039B0DF1250A8DF8ED
S2140294E024300022082138460BF082FE002870D075
S2140294F028880BF05EFD99F800301C074CBF04303C
S21402950002300FF09DFE07A98046F9F79FFB9DF8F3
S21402951024300446980633D5288806F10D010DF04E
S21402952038FCA8B100230093384608232988721D08
S2140295300FF07FFF99F8003003F01803182B4AD17A
S214029540B8F1000F47D0A94BB3F86830434542D074
S21402955040F60A4327E02888711D0DF01AFC002801
S214029560F6D0009405233246298809A80FF061FF39
S2140295709DF824300DF1240A03F018030393B0E794
S21402958014BB39464046F9F761FD0028D2D099F857
S21402959000309907DCD040232246214640460DF093
S2140295A085F940F6094399F8002012F0030440F0CA
S2140295B0F780288803930BF05FFC224601461A20A8
S2140295C00FF007FE039BEBE007AB03CB3860796036
S2140295D0B0E74FF6FF780AF0A1FA044620B104215C
S2140295E03846F9F74FFB04461E9B002B5AD0092338
S2140295F01E990DA88DF834300AF0B5F8209B0BB1F1
S214029600209B0693039B002B40F08E800DA8EEF75E
S21402961031FB99F800309A0700F09880FFF734FF84
S2140296205146024601200AF0C3FA99F800309B0719
S21402963010D5594628880DF086FC0BF1090350FA1E
S21402964083F35FFA83FB594628880DF053FC00EB40
S2140296500B06F6B299F8003013F0C20F0AF10403B3
S2140296600DD09DF82420624942F020028DF8242075
S2140296700A68CAF804204A685A600AF10C030122F2
S21402968009A800921B1A324629889BB20FF0D1FE17
S214029690324659462846FEF7E1FE002800F0A4802E
S2140296A000237DE01F9B5BB19E460DF1340CBEE8A5
S2140296B00F00ACE80F00DEF80030CCF800309DE773
S2140296C0049B594603F020032888049304F028FBE1
S2140296D010F0030F0CBF012300230593049B059A89
S2140296E0003B18BF012342EA430300930DAA06ABD0
S2140296F038461F9900F0FEFA049A034682B1002803
S21402970080D0059B0DAA0093384606AB1F9900F041
S214029710F1FA034699F8002022F0200289F8002088
S214029720002B3FF46FAF3EE7039B102B06D1BDF82C
S214029730363043F00103ADF8363067E7039B182B4B
S2140297404FD1BDF8363043F00203F4E701200DF1A5
S21402975025010AF03BFA99F80030824613F0040F0E
S214029760288821D1069B1BB3002C35D00BF084FB36
S2140297700022014616200FF02CFD84B17FB14FF671
S214029780FF7398450BD000230DA91A4638460AF0F7
S214029790FBF8394640469DF835200AF0D5F90123F4
S2140297A0184613B0BDE8F08F002CDFD1104F01E051
S2140297B0002CDBD100233246009359463B460CF080
S2140297C049FD00283FF4C4AE002C3FF469AF069A68
S2140297D00AF10103136063E71B685345C6D80124E8
S2140297E0E8E740F60A43DBE71923D9E7184F0020DB
S2140297F0195C0020002307B5054A064813600422B8
S2140298000DEB02010193E2F75FFA03B05DF804FB89
S2140298103050002023E111002DE9F04F0446B1B08C
S21402982000888DF82F3016468A460DF0DFFA01467C
S214029830814620880DF05EFB00EB090820880DF0BB
S214029840ABFB00239DF82F505FFA88F815F001074E
S2140298500790ADF8363008D101460DF13602208861
S2140298600DF051FA08B1ADF8367016B9CDE90E66AC
S2140298700EAEFEF763FC18B145F020058DF82F50AA
S2140298800023CDE9033302930DF12F03CDE90063E4
S2140298902246534641464846FFF708FE054600283C
S2140298A000F043819DF82F3013F0010746D1B44AE9
S2140298B023F02003106851688DF82F3010AB03C3D5
S2140298C0184600F0FBF90546FEF744FDBBB2984287
S2140298D000F2B7803A9B13B100233A9A1370BDF890
S2140298E03630CBB1012120880FF0C6F8278805460E
S2140298F0002800F04F81012138460FF0BDF8BDF870
S2140299003670054638460FF09BF8002300903A461C
S214029910194628460DF07AF90023CDE9033302935F
S2140299200DF12F03CDE900632246534641464846D1
S214029930FFF7BCFD0546002800F0F7809DF82F30A3
S21402994003F01103102B40F003818E4B1B78432B40
S21402995040F0FE808C4B1B685B0640F1F980208845
S21402996008F105010DF015FA8346002800F0F08094
S2140299704146208804F0D4F9844B10F0200F08BF2B
S2140299801E4612A800F09AF90822314612A8F1F7EC
S2140299906DF8002800F00E81314612A80AF09DF8F4
S2140299A0012326AE00933246002314A912A800F023
S2140299B0A1F9002840F0CC8012AB0DF12F07CDE9BB
S2140299C0036002900093224653464146484601975A
S2140299D0FFF76CFD002800F0EF80BDF89A301020EB
S2140299E043F0080318AA14A9ADF89A300CF009FB44
S2140299F0002840F0AD8012ABCDE90360CDE90170DE
S214029A0000932246534641464846FFF74FFD054619
S214029A10002840F09D8018AB4FF49071002012AAE7
S214029A2000F0D4F84FF0005100200CF067FDBBF1B7
S214029A30000F00F08C804FF0805100200CF05EFD8D
S214029A4085E018AB14AA26A9F8B209F0F2FF00289E
S214029A5040F09480082210A927A8F1F707F8834659
S214029A60ADB19DF8A53013F0020F08930FD008226F
S214029A7012A927A8F0F7FAFF48B9089B590706D596
S214029A803A9B13B101233A9A1370089507E03A9B62
S214029A90002B61D1BBF1000F70D1002308930DF1AA
S214029AA0740C14AB0FCB8CE80F00BDF83630CBB17C
S214029AB0012120880EF0E0FFB4F800B000284FD055
S214029AC0012158460EF0D8FFBDF8362083461046D0
S214029AD009920EF0B5FF00231946099A00905846DF
S214029AE00DF094F82A4B0DF1740B049300230393A4
S214029AF00DF12F03CDE90063224653464146484600
S214029B00CDF808B0FFF7D2FC002837D1002D33D0AD
S214029B1012AA5B464FF482714FF4005000F056F8DA
S214029B20089B13B126A809F09FFD174B1B689A07DE
S214029B300DD4FEF703FB50B1114A18AB10685168FA
S214029B4003C3002226A918A80CF07EFA68BB0025DB
S214029B50284631B0BDE8F08F00233A9A137099E791
S214029B60BDF836200A90104609920EF069FFDDE92C
S214029B70092307990090B2E72A46CAE70137A3E607
S214029B8034B90300965B002098410020824F0020E3
S214029B9094410020BDF836B058460EF051FF2B46D1
S214029BA000905A4638460799B4E626A918A80CF03B
S214029BB087FAC6E78346F3E614AB2DE701461A2377
S214029BC00120014AF8F7B2BE24E10100F0B51646BC
S214029BD091B0074609A80D461C46FFF7EFFF3EB1B7
S214029BE0336845F04005CDF826307368CDF82A3044
S214029BF01B4B1A6822EA070242EA050119604B0467
S214029C000DD5BDF824200B0A03F4E243C9B222F4B0
S214029C10E3420B4322F07F021343ADF824301A23AB
S214029C200020104A09A9F8F781FEB4B104A809F089
S214029C3020FC02236A468DF810301546234604F1AE
S214029C401006144618685968083303C4B3422246FD
S214029C50F7D1294604A809F086FD11B0F0BD00BF71
S214029C609841002024E1010047F2FF10044B1968D6
S214029C7041F48042014041F480411A600CF03EBC3F
S214029C809841002000B589B0FEF7CAFB01A8FFF78D
S214029C9095FF0948BDF804200168130221F0FF0170
S214029CA003F4E2030B43D2B2134343F4804303604C
S214029CB009B05DF804FB00BF9841002010B50C4BBC
S214029CC00446186888B0830706D54FF0FF33236032
S214029CD00120636008B010BD10F04000FAD001A861
S214029CE0FFF76CFFDDF806302360DDF80A30EFE799
S214029CF0984100202DE9F04F99B081460C461E4649
S214029D0017469DF88880A2B11546284609F0B1FB91
S214029D1018F0020B0FD004B911AC6B462246294646
S214029D20484609F064FE0EB10023336019B0BDE860
S214029D30F08F0CADE9E76B462946484604AA09F0BF
S214029D4023FE6B7808F00108FF2B25D000287AD175
S214029D5054B104AB08AF1A4603CABA422060616027
S214029D60134604F10804F6D126B16A78374B03EBA2
S214029D7082033360B8F1000F01D10020D6E7BDF8A8
S214029D800030D906F9D418204FF6FF716A780FF022
S214029D9020FA40F60E40C9E7DFF8B8A0DAF800303D
S214029DA02EB19A0756BF2A4AC6F800B0326003F0B0
S214029DB03003102B01D0202B1ED111A8FFF7FEFE78
S214029DC0082248460DF14601F0F750FE28B1DAF8AF
S214029DD0003003F04403402B0ED0B8F1000F0ED132
S214029DE008A80CF08FFB02232B70C4B9002FC4D036
S214029DF0281DFFF763FFC0E740F60A4096E7DAF849
S214029E000030DB03ECD508A80CF07CFB02232B7099
S214029E10BCB9002FB7D0281DFFF750FFB3E70026C6
S214029E2008AB0CAF1A4603CABA42206061601346FA
S214029E3004F10804F6D1281DFFF740FF002E9CD03F
S214029E40A1E70126ECE72D2070E700BFAC3D00201D
S214029E50944100209841002049B9084B197849B12D
S214029E604EF66023594328B105480EF0B9BE41F2BA
S214029E708831F8E70248F8F7DFBC00BF555B0020E0
S214029E80E440002070B586B00546F8F7C3FD10B969
S214029E90022006B070BD01A8FFF710FF0646002894
S214029EA0F6D08DB92E4B1C6814F0020406D02D4B4A
S214029EB01B78112BECD12C4BB3F868404FF481631E
S214029EC00221ADF80C3023E02846F9F72DF90028D8
S214029ED0DED1234B1C6814F0020406D0214B1B78FB
S214029EE0112BD5D1204BB3F868400822294601A889
S214029EF0F0F7BCFD0028E1D04FF4027300260A21D9
S214029F00ADF80C302B68CDF80E306B68CDF81230F9
S214029F10002203A80BF068F8024608B91920B8E731
S214029F200F4B196801F03003102B17D0202B14BFEB
S214029F3001230323490001F004010B4320460021BC
S214029F4000F0F4FF0028E9D000210120FFF784FF8B
S214029F5016B10122054B1A7000209AE70323E9E79F
S214029F6098410020965B0020184F0020405C00209D
S214029F7030B500251D4C85B0CDE90055F8F75CFCE0
S214029F8023784BB31A491B480A780078904223D9A3
S214029F900132012B0A700ED12A464FF4A0712846D0
S214029FA002F0BEFAC0B2B8B941F2883112480EF0D9
S214029FB017FE05B030BD022B09D1284602A9F9F7D3
S214029FC045F80028EED102A8FFF75CFFEAE7032B6C
S214029FD002D101F065F9E5E7002108462170FFF796
S214029FE03BFF0421684609F0B2F9E2E74C5C002028
S214029FF04D5C00209F650020E440002070B5194AA1
S21402A000194D04465168106886B02E7801AB03C31A
S21402A0101EB10224204606B070BDF8F745FD0228A0
S21402A020F7D103A800F0E8FD082201A90DF10E0001
S21402A030F0F71CFDA0B10D4B32464FF4A07130462E
S21402A0401C7002F06DFA04460028E3D10123084A88
S21402A05041F2883107482B7013700EF0C1FDD9E724
S21402A0602324D7E7877D04004C5C00209F650020F0
S21402A0704D5C0020E4400020F0B50C4600219BB069
S21402A0802B4F0646492207A80691F0F7A3F93B781C
S21402A090012B34D19EBB0DF10E0120460CF04AFB7B
S21402A0A00546BDF80E000EF0CBFC441BE4B2BDF82C
S21402A0B00E1023462A46009606A80FF0BAF9304636
S21402A0C004A9F8F7C3FFD0B9CCB19DF81920B2B9EC
S21402A0D0BDF8233003F47E43B3F5285F1ED3B3F5F1
S21402A0E0385F0ED31349BDF80E000B6843F4000325
S21402A0F00B60294609F00BFD18B104233B701BB018
S21402A100F0BD01220C4B04A81A70FFF7BBFE41F209
S21402A11088310A480EF064FD0223EFE711463A70D2
S21402A120FFF79AFE1E2104A809F011F9E7E700BF1F
S21402A1304C5C0020984100204D5C0020E44000204A
S21402A140014B1870704700BF4D5C0020014B187819
S21402A150704700BF4C5C0020014B1870704700BF70
S21402A1604C5C00202DE9F04F0446408891B00E2941
S21402A1708846ADF81A0074D094F80890A7790AF0C9
S21402A18018FF09A90546BDF81A00E6790CF015FF76
S21402A190BDF81A000AF013FE430542BFBDF82A3086
S21402A1A043F40053ADF82A30E379D80642BFBDF82F
S21402A1B02A3043F48053ADF82A30BDF82A30990687
S21402A1C013D5022F52D10CA9207A0CF054FADDF8DE
S21402A1D03500DDF8391007AB03C307AA00210423B4
S21402A1E000910DF11A00FFF717FB0121BDF81A00C6
S21402A1F00EF042FC022F824644D1454B33F81950EA
S21402A200B8F1000F79D0BDF82A305A0675D54FF648
S21402A210FB72954271D83F4AB2F86820AA426CD0C7
S21402A220DB0502D528460CF06CFBBDF82A30D804B4
S21402A23063D5002F33D1BDF81A000AF0C0FDC1065F
S21402A24063D548F23403BDF826209A4209D1324E2D
S21402A2503078FF2805D003222946FCF72BF9FF2386
S21402A26033700023236011B0BDE8F08F012F01BFC9
S21402A270237A2A4A03EB430302EB830314BF00222A
S21402A2809A1CABE7012F05D10C2303FB09F3234AE3
S21402A290D55AB5E7A81C0EF0D3FF0546B0E7284608
S21402A2A001F07CFDBDF81A000AF089FDC206C8D48A
S21402A2B06389504605930EF0C3FB834650460EF064
S21402A2C0A3FB059B02905FFA8BF04A463946019043
S21402A2D00093404609AB08F0D2FFB8F1000F14BF56
S21402A2E00B20092016F0030218BF02F1FF3229469E
S21402A2F018BFD2B20EF06DFFA3E7BDF81A000AF03F
S21402A3005EFDC3069DD4002FD2D1A946D0E700BF7A
S21402A310FC530020184F0020A36500203C53002069
S21402A32038B500240F4B104D2A78A24205D8C2B980
S21402A330BDE838400D48F8F77FBA598869B9013A3E
S21402A340D2B2A2422A70EFD0121B184603F11001B5
S21402A3501201F0F791F80346E6E701341033E4B24F
S21402A360E2E738BDB03D0020505C00206464002067
S21402A37070B51A4B1A4A1D780023DCB2A54200D8E3
S21402A38070BD144666880133864202F11002F4D18B
S21402A390E379A588E16003F040028DB9CAB123F0E3
S21402A3A00403E3710AF005FE037803F07F030370EB
S21402A3B021880029E4D1BDE870400A480EF010BC9E
S21402A3C000216580A180002AE9D1BDE87040FFF730
S21402A3D0A7BF2046FFF7C6FEF7E700BF505C002087
S21402A3E0B03D0020646400202DE9F047044686B0A4
S21402A3F040880F4615460AF0DCFDA3798046082BF6
S21402A40052D8DFE803F0052E18515151515105007C
S21402A41002300EF015FF002D4ED06946F8F716FEF4
S21402A420002841D1684601F063FDB0FA80F0400989
S21402A43006B0BDE8F08702A9207A0CF01CF96B463C
S21402A4406E46DDF80D00DDF81110334A03C3237A99
S21402A45032F81390314AD05C75B131460CF02FF9C0
S21402A460E6E7237A2E4903EB430301EB830231F836
S21402A4702390907A961CEFE74FF6FB7AD14515D9D2
S21402A48030460CF066FA4FF6FF739842054615D032
S21402A4900146304601F09EFC554508D9E379DA06B6
S21402A4A00ED440F62243E3600020C1E74D4629461B
S21402A4B008F102000EF0C6FE0120B9E74D46EDE7B0
S21402A4C04FF6FC78454512D103F00C030C2B1CD139
S21402A4D0DFB130464FF6FD7101F07CFC40F61F41BD
S21402A4E02046E160FFF73EFEFFF71AFFDCE74FF675
S21402A4F0FD739D4209D10023304619461A4602F0E2
S21402A500DBF84146304601F065FCE37943F00C0384
S21402A510E37140F62343C6E7FC5300205C5B002051
S21402A5203C53002073B5044640880E460AF041FDAF
S21402A53002300EF085FE09F001FB18B1A11C201DA9
S21402A54009F001FBE6B1E5790135EDB2E57115F0EA
S21402A550400514D0ECF7D8FE01220546002120461D
S21402A560FFF742FF18B1394B1B882B449DB2384B7C
S21402A5701B78042B01BF354B1B885B199DB22580C7
S21402A580002231462046FFF72FFF20B360880AF0EC
S21402A59010FDE2792F4922F00C03E3710B78054691
S21402A5A00133DBB20B70C3712B4BA61C1B780BB3AB
S21402A5B0E37998061ED52949097871B159060CD552
S21402A5C092070AD500220423114630460092FFF76E
S21402A5D023F910B1E06002B070BD002201231146DB
S21402A5E030460092FFF718F920B1E37943F00303EF
S21402A5F0E371EFE7304609F0A4FA0028EAD1608852
S21402A600FCF7C0FA0328E6D8DFE800F0020D1D19B1
S21402A610E37943F00403E3711B06DCD5104B1A788A
S21402A620104B1A70D7E740F62443E360E37943F011
S21402A6300803E3712B7803F07F032B70CBE740F619
S21402A6402543E360C7E740F62643FAE7F8640020AE
S21402A650975B0020945B0020925B0020A0650020A0
S21402A6605A5B00204F5C00202DE9F74F06460EF09D
S21402A670FDFC5F4B0546B3F8009018805D4BA0EBDF
S21402A68009041B78A4B2A34298BF00234FF0000827
S21402A6904FF6FF7788BF1B1B564A88BFDBB2137084
S21402A6A0DFF864B1A9EB00030093534B5FFA88F21C
S21402A6B0197891420ED80EB1FFF732FE4FF6FF73AD
S21402A6C09F4200F08E8039464C4803B0BDE8F04FFA
S21402A6D00EF086BABBF80220002A3CD0484B9BF804
S21402A6E007201878BBF800A0042818D00020BAF17A
S21402A6F0000F08BFA2462044504523D2BBF80010E4
S21402A700009B1944ABF80010002E4ED002F048020F
S21402A710482A4AD100215846FFF704FF45E0019235
S21402A720F8F704FC30F01003019ADFD1FBF746FC81
S21402A730344B019AB3F800C08445D7D9ACEB00007D
S21402A74080B2D4E702F00C00042807D10022ABF84E
S21402A75000200BF1100B08F10108A6E7510602F0E3
S21402A760030C02F008000ED528B3BCF1030F25D166
S21402A770DEB1DBF80C105846002908BF4FF44261E0
S21402A780FFF7F0FC11E040B3BCF1010F25D1120631
S21402A790EED44FF4C862ABF800209BF8072022F0F4
S21402A7A0030242F002028BF80720BBF80020974211
S21402A7B028BF1746CDE703208445D9D213060ED507
S21402A7C00C4B1A780AEB0200844208DA4A44521BFF
S21402A7D00AEB0201ABF80010E7E70120ECE70121E3
S21402A7E099E7064803B0BDE8F04FF8F725B800BF72
S21402A7F0305500204F5C0020505C0020646400202E
S21402A800975B0020F8640020B03D0020F8B50025D4
S21402A8100A4E0B4F3378ECB2A34204D8BDE8F84098
S21402A8200848F7F719BD07EB0414A01CF7F714FD48
S21402A830201DF7F711FD0135ECE700BF505C002044
S21402A840B03D00202655002070B500240B4D0C4E5E
S21402A8502B78A34208D81B1BDBB22B706BB9BDE862
S21402A86070400848F7F7E8BF06EB041040F62141AF
S21402A8700134FFF777FCE4B2EAE770BD505C0020D3
S21402A880B03D002064640020F8B5154EDFF858E0AD
S21402A89035789EF800E0134FAE454FEA051C07EBED
S21402A8A0051419D0002503F4835343EA1323A17138
S21402A8B02272E371608027F80C50A58003F0A8FB93
S21402A8C040F60243E36033786081013328463370F2
S21402A8D0FFF7CAFE2846F8BD40F60340FBE700BF76
S21402A8E0505C0020B03D0020676500202DE9F04F47
S21402A8F0344B0D461C78174685B05CB9B1F9068014
S21402A900DFF8C890DFF8C8A0DFF8C8B099F80030C2
S21402A910A34202D805B0BDE8F08F0AEB0416B08851
S21402A92000B9708801A90CF048FBAA7A9DF80E308F
S21402A9309A4244D1B8F1000F0FDA297A9DF80C201A
S21402A9402B89914209D8204800780844824236DA98
S21402A950521A1B0A1341D90731D538460CF01CFB94
S21402A960BDF80A3004469A0602D5EB889B06D1D576
S21402A970F37903F00C03042B08D17088F9F786FDEF
S21402A98000237288194618460BF0DDFF0021304678
S21402A990FFF7E8FBFFF7C4FC38460EF051F8844296
S21402A9A008D2337A01228BF8003029460023384633
S21402A9B002F0AEFCB8F1000FACDA0024A6E70134D0
S21402A9C0E4B2A3E74E5C002066650020505C0020DF
S21402A9D0B03D0020585C002008B50EF047FB074B40
S21402A9E01B88C01A80B2B0F5807F05D9BDE8084042
S21402A9F0002103480EF0F4B808BD00BF3055002011
S21402AA00646400202DE9F04788B004460D460CF039
S21402AA10EDF90146204603F083F910F003035FD1F7
S21402AA2010F00C0F06D12946204608B0BDE8F047C4
S21402AA30FFF79EBC20460AF0C2F9C30638D4204669
S21402AA400CF0D4F90146204603F06AF90646204681
S21402AA500AF0AFFA804602300EF0F2FB05A907466E
S21402AA6020460CF0AAFA06F00C0698F801300C2ED6
S21402AA700CBF4FF003094FF00609012113F0010F36
S21402AA80204618BF4FF003090DF0F6FF174B80461D
S21402AA901B88A3420FD1B5FA85F04009FBF748FCA4
S21402AAA020460AF0BAF90022014607200EF091FB72
S21402AAB008B0BDE8F08703F0ABFA824640460DF0D8
S21402AAC0BFFF064640460DF09FFFF6B202903A469A
S21402AAD049462846CDE900A605AB08F0D0FBDFE7DD
S21402AAE0012BE5D110F00C0FE2D19CE72655002091
S21402AAF0002210B5094B1C78094BD1B28C4201D802
S21402AB00002010BD197A814202D19979022902D019
S21402AB1010330132F1E70120F3E700BF505C00205A
S21402AB20B03D00200146002210B5084B1C78084BA9
S21402AB30D0B2844201D8002010BD187A884202D1D1
S21402AB4098790128F8D010330132F1E7505C0020E2
S21402AB50B03D0020002210B40A4B1C780A4BD1B23A
S21402AB608C4203D85DF8044BFFF7DABB197A8142B0
S21402AB7005D19979012902BF002119805980103325
S21402AB800132ECE7505C0020B03D0020024B187802
S21402AB90003818BF01207047505C0020044B1B6829
S21402ABA013F0300F03D0202130200BF0A7BC7047E3
S21402ABB098410020002310B5044608491A4601EAC7
S21402ABC000414FF07F60FFF701F8E30703D500214D
S21402ABD030200BF093FC002010BD00BF000072076F
S21402ABE0044B5B8823F4784323F08D030380002014
S21402ABF0704700BF9841002008B500220346C3F8FC
S21402AC000220C3F806200B4A02301268D1B212F0B4
S21402AC10200F18BF41F010011980930701D4FFF7E7
S21402AC204DF8054B1B78023B032B8CBF17200020E8
S21402AC3008BD00BF98410020965B002038B5054647
S21402AC400C46FDF7EDFB98B10E4B187878B10E4B1B
S21402AC501B681A040FD58CB113F0420F00D17DB1D8
S21402AC6003F44073B3F5407F0CBF0020232038BDA9
S21402AC7040F60840FBE740F60B40F8E72046F6E7CA
S21402AC802320F4E7925B002098410020F0B50446AA
S21402AC908DB007A80D46164608F0EBFB10220021E1
S21402ACA003A8EFF797FB5CB1234603AC03F110074A
S21402ACB0224618685968083303C2BB421446F7D1C5
S21402ACC0012703A986EA070307A88DF81C708DF8EA
S21402ACD01D3008F039FD80EA070401A8E4B2EDF75A
S21402ACE027F8B6B101A88DF80650EDF74DF864B115
S21402ACF0002303A907A88DF81D3008F034FD0C4B7D
S21402AD001B78432B01D1F9F7DBF80A4B1D700DB007
S21402AD10F0BD01A88DF80750EDF736F8002CF6D0F6
S21402AD2003A907A88DF81D7008F01DFDEFE700BF08
S21402AD30965B0020915B0020F0B5012593B0074694
S21402AD400DA80C4608F095FB05A90DA8ADF83450E1
S21402AD5008F024FD01A8ECF7EBFF09A90DA88DF871
S21402AD6035509DF8066008F019FD0DA89DF80750AD
S21402AD7008F0AAFC70BB731BDBB2802B28D91FB16C
S21402AD80A64225D0A54223D105A90DA808F0EBFCC2
S21402AD9003A8ECF7CDFF03A88DF80F60ECF7F4FFDD
S21402ADA00122294609A8FFF771FF0AF08DFC01214E
S21402ADB04FF400700BF0B2FDFDF71AFBB0F1004F36
S21402ADC001D9FDF71BFB044B187808F0BEFA0120E8
S21402ADD013B0F0BD0020FBE7915B002070B50E4675
S21402ADE0144605460320FFF7B7F946F00402294643
S21402ADF0204608F012FD0022014B1A6070BD00BF0B
S21402AE0094410020F0B587B007880546102200213D
S21402AE1002A8EFF7DFFA3E4B1B78002B76D1BC0573
S21402AE205ED407F08403842B63D00022394C11468B
S21402AE301046FFF72BFF17F4045F276005F10206A2
S21402AE401CD0B9040AD5304602F09CFA00284ED12E
S21402AE50236823F4005343F48073236030460BF0D8
S21402AE60C9FB002842D108F002FB18B9236843F454
S21402AE7080332360236843F02003236022680DF1A9
S21402AE80060042F400432360FFF7AAFE12F4805F36
S21402AE90BDF8063031D043F02003ADF80630216805
S21402AEA0334611F0400218BF05F123024FF07F60CF
S21402AEB0FEF78CFEBDF80630DA0703D500213020F7
S21402AEC00BF01CFB23689B0506D5012295F8221081
S21402AED005F11200FFF7DAFE00200F4B186006E0BD
S21402AEE005F112000BF086FB00289AD0292007B045
S21402AEF0F0BDB80799D52320F9E723F02003ADF873
S21402AF000630FDF77BFAFEF775FCC8E70220EEE78F
S21402AF10965B00209841002094410020024B18685E
S21402AF20C0F30050704700BF984100202DE9F04F53
S21402AF30064689461046002189B01546984602F014
S21402AF40EFFE102807460AD86A4B0341DB0706D4F1
S21402AF50C8F340049DB9002009B0BDE8F08F664BE7
S21402AF601C78002CF6D0FFF7D9FF00280CBF4FF450
S21402AF70F0744FF4D074FC4004F00104EAE74FF09A
S21402AF80000A18F0010F5346524629464FF00500B4
S21402AF90CDF800A00CBF4FF0080B4FF4027B06F072
S21402AFA0ECF80028D7D0C8233246009359465346B9
S21402AFB0284602F0DDFEADF80E000028CBD018F0D1
S21402AFC0080A4AD14FF6F773A7F10F02D2B29E4291
S21402AFD08CBF09230123012A01D843F04003474AC4
S21402AFE08DF810301378591C11708DF81130002C22
S21402AFF04FD09DF81030052F43F020038DF8103007
S21402B00033D03F4B1D78002D5AD04FF6F7730025EC
S21402B0109E424FF00F0248D9012304A90DF10E00FB
S21402B020F7F75EFB002896D1002C4DD1BAF100014D
S21402B03033463A4618BF0121BDF80E00CDF80090FF
S21402B04008F086FDADF80E00002884D018F0040F34
S21402B0504DD031460AF0D6FC7EE749460DF10E0089
S21402B0600BF081FC0028ADD175E70121BDF80E007A
S21402B0700DF002FD012102F053FE0123834013F07E
S21402B080620F1CD11E4B1B78E3B14FF6F7731825DF
S21402B090BEE71B4B25461B780222002BBCD04FF680
S21402B0A0F7739E42B8D8052FB6D0BAF1000FB3D1C7
S21402B0B09DF8103043F040038DF81030ACE71025B1
S21402B0C00F22A9E71825FBE7BAF1000F0AD00223E0
S21402B0D04A46009029460DF10E00FEF79DFB002819
S21402B0E0A4D038E741235246CDF800A0F2E70AF092
S21402B0F071FC31E79FFEFEFF925B0020935B00200F
S21402B100865B00202DE9DF431E46144B80461B68F3
S21402B1100F469B0791460A9C1BD4204614B108F0A2
S21402B12001FDC0B20622CDE902403B460020CDE931
S21402B13000890B490BF0DAFD024650B10021002EC1
S21402B1400CBF01230323084604B0BDE8D043FFF733
S21402B150EDBE002004B0BDE8D08300BF98410020B9
S21402B160AE3004002DE9F04F8DB081468A461F4668
S21402B17093469DF85C803AB903A8FEF79FFDB0BBE4
S21402B18000200DB0BDE8F08F1546002223211046A0
S21402B19009F02AFFADF80A000028F1D00DF034FCC1
S21402B1A00523044618F0100F00F8023B677020D003
S21402B1B011220021EFF70EF904F11306032F4FF0C8
S21402B1C0080237D159463046EFF756F9C8F38013CE
S21402B1D006F10905337208F0A1FC00283ED00023D0
S21402B1E02B706B700123033505F8013C36E003AD86
S21402B1F0CBE7012610221699EFF73EF906FA07F377
S21402B20013F0620F02D104F11206D7E707A808F07E
S21402B21030F905A88DF81C60ECF78AFD9DF816201B
S21402B22018F0200F9DF8173008BF134604F11306D6
S21402B230A374C3E751463046EFF71EF9012306F121
S21402B2400802121B28460093BDF80A10082392B281
S21402B2500EF0EFF8042F06F11005BCD02D1BA9B294
S21402B2600DF10A000BF0AAFC002889D118F0040F91
S21402B2700BD048460EF0D2F8FF281FBF074A32F816
S21402B280103023F4804322F8103043465146484695
S21402B290BDF80A20FFF74AFE73E700BFC854002035
S21402B2A070B5032690B08DF80760F7F7B3FB18B9B0
S21402B2B00224204610B070BD02AD2846FEF7FEFC02
S21402B2C00028F5D01B4B1C6814F00204F0D140F2A3
S21402B2D00F43194AADF82430136804A8CDF8263077
S21402B2E05368CDF82A3008F0C4F895E8030005AB99
S21402B2F083E80300062304A88DF81D308DF810603D
S21402B300ECF7B8FC01210DF12E020DF10700ECF767
S21402B31009FC22461A2109A809F066FE024608B967
S21402B3201924C6E7012329462046FFF7FFFD002819
S21402B330BFD1F5E798410020195C00202DE9F04FB7
S21402B34004460D46002191B01F2208A89B4607918D
S21402B350EFF740F820460BF049FD0146204602F082
S21402B360DFFC8DF81100204609F023FE9DF811300F
S21402B370467899068146C6F34006204648BF46F000
S21402B38002060BF009FE804620460DF059FB00220D
S21402B390A0EB0803DBB2232B28BF2323009221460F
S21402B3A0424607A80EF045F800283AD1A24B9DF86F
S21402B3B01C701B789DF81DA0B3B3FFF7AFFD0028E5
S21402B3C00CBF4FF4F0734FF4D073FB40DA072BD563
S21402B3D0B30729D4082F22D1BAF1040F21D1FBF7E3
S21402B3E07FFBF0B9012342460093214605200DF16A
S21402B3F0110305F09FFEA0B1053F0D2F11D8DFE81F
S21402B40017F024001000AF01BC01C50110001000A7
S21402B4101000100010001000CB01F901F901052FF1
S21402B42007D011B0BDE8F08F102F05D1BBF1000F89
S21402B430F7D0FBF755FBD5E7FBF752FB0028D1D038
S21402B440052FCFD0112FCDD0EBE7BAF1050FE8D8F4
S21402B450204609F011FD029009F102000DF0F0FEFF
S21402B46082460DF11200FFF7BBFB01239DF81D80FB
S21402B47003FA08F313F0620303932DD0BDF81230DB
S21402B4809D0722D5B407CCD5FBF72AFB0DF11E008B
S21402B4900BF0B0F8B8F1030F04469DF82EB02FD18A
S21402B4A00DF12F0509F016FF824540F03181032E7B
S21402B4B0B7D19DF836100DF11E02003918BF0121D2
S21402B4C00DF12E0008F04FFBABE7FBF709FB002857
S21402B4D0DCD1002EA5D0D9E7FBF702FB68B10DF14F
S21402B4E01E000BF087F8B8F1030F04464FF0000B6E
S21402B4F040F082800DF12E05D4E7002E91D0EEE7C3
S21402B5004E4B1B6898072AD5FF2208210DF13700FB
S21402B51009F06EFE814610BB034601460DF1370266
S21402B5200220FEF753FB09F0D5FE82450DF13707E0
S21402B5300DF12F0523D04FF6F7739A4540F2ED80B2
S21402B54000220821284609F053FE002800F0E58074
S21402B550002259460DF11E00FFF798FB61E70DF138
S21402B56037070DF12F0538460AF0F0FF002848D0BD
S21402B57009F0B0FE824540F0CC804FF00009284624
S21402B580F7F7D2FD002800F0C480B8F1010F5BD0B7
S21402B590B8F1040F7FF445AF0AF0FBFF10B1032E9B
S21402B5A07FF43FAF002C7FF43CAF3A4602210DF108
S21402B5B01E00FFF713FC224B1B7863B1FFF770FEE9
S21402B5C0FEF7C4FD022806D10120FEF7B9FD0121CF
S21402B5D00846FEF741FC1B4B1B78022B20D10321A9
S21402B5E0384607F0B4FEFEF7B1FD014600287FF4A8
S21402B5F018AFFEF731FC14E70DF136070DF12E05F4
S21402B600B1E7104B1B78432B7FF40BAFB8F1010F59
S21402B6107FF407AF09F05EFE82457AD1C146AEE7F7
S21402B620412B7FF4FEAE054B1B6859057FF5F9AE3C
S21402B630F9F73EFEF5E600BF925B00209841002037
S21402B640405C0020965B00206C4D2B78022B22D0AB
S21402B6502B78412B3FF4E5AE3CB9FBF741FA59464D
S21402B66002460DF11E00FFF711FBFBF739FA002820
S21402B6703FF4D7AE0AF08DFF614C98B123681B05E4
S21402B68002D42B78432B0DD1B0070BD440F61A40C8
S21402B690F9F70CF8C5E60AF07CFF0028D8D0B20706
S21402B6A0D6D4BEE6206810F0020002D102990BF052
S21402B6B02FF92B78112B16D12368590513D50020A4
S21402B6C0FEF7E0FB044600287FF4ABAE0AF070F803
S21402B6D040F61C40F8F7EAFF21462046FEF7BCFB80
S21402B6E0F8F7F0FF9DE6B20701D5FFF757FAB9F172
S21402B6F0000F9DD007F0BBFE18B94FF480310AF058
S21402B700FDFE00223F4B38461A600AF016FF8FE70E
S21402B7100027039B002B7FF40EAF4FF6FF732846DD
S21402B72005A9ADF8143009F0C8FD20B1284609F085
S21402B730A5FDADF814004FF6FF73BDF8140098424D
S21402B7403FF46FAE002C0CBF0423152301930DF1BA
S21402B7501E0300933A4643462946FFF703FD60E67A
S21402B7600DF11D00F7F7E0FC00283FF45AAE022266
S21402B77029460020FAF79EFE53E6F3077FF551AE00
S21402B7803246284607A90BF0EDF84AE69DF81D104A
S21402B7900120FFF7D1FA44E6184B1B78022B20D182
S21402B7A0002D7FF43EAE05A8FEF788FA00283FF487
S21402B7B038AE154B1D709DF81D30002B14BF642447
S21402B7C06524FEF7C3FC032806D128462946FEF761
S21402B7D043FB2846FEF7C0FC214605A807F0B7FD46
S21402B7E01FE6043B012BDBD9284608F0A7F9002800
S21402B7F0D6D116E6204608F0A3F912E6965B00209C
S21402B8009841002094410020405C00202DE9F3413D
S21402B81005460E46174698460AF0BBFE044640B159
S21402B82001233A4631462846CDF80080FFF76AFCE7
S21402B83004460AF0AEFE30B1FFF770FB78B10A4B51
S21402B8401B689B010BD400233A4631462846CDF8A6
S21402B8500080FFF757FC002C0CBF0446012404F0BE
S21402B860010002B0BDE8F0819841002070B58AB0B0
S21402B87005A807F0FEFD022301AA15468DF814302E
S21402B880084B03F11006144618685968083303C4B7
S21402B890B3422246F7D1294605A807F055FF0AB05B
S21402B8A070BD00BF8F7D0400014B1878704700BF43
S21402B8B0A1650020014B1888704700BF2065002054
S21402B8C04FF6FF732DE9F043994280460D4685B048
S21402B8D00BD000274FF6FD791C4EEBF71BFDFCB292
S21402B8E0A0420BD84FF6FF701DE0F7F71DFC0028AC
S21402B8F0EFD005B0BDE8F04309F0ECBC36F81430E2
S21402B9004B4517D8694620460AF079FE082241467A
S21402B9100DF10500EFF7AAF84FF6FF7360B99D42E6
S21402B92004D136F8140005B0BDE8F08326F81450AA
S21402B9300AF03FFE0137D0E79D42FBD036F81430BE
S21402B940AB4208BF26F81490F4E700BFFC53002071
S21402B9502DE9FF4706460F4600254FF6FD79DFF82C
S21402B9603C80DFF83CA0EBF7D5FCECB2A04202D854
S21402B97004B0BDE8F08738F814304B450CD8694659
S21402B98020460AF03CFE082231460DF10500EFF78C
S21402B9906DF808B90AF804700135E4E7FC53002094
S21402B9A05C5B0020014B33F810007047FC5300200C
S21402B9B0F0B5064600250D4F85B0EBF7ABFCECB2B2
S21402B9C0A04201D805B0F0BD37F81430B3420BD10F
S21402B9D0694620460AF04FFE9DF80030022B1CBF37
S21402B9E04FF6FD7327F814300135E6E7FC530020C6
S21402B9F030B585B004460D46EBF78CFCA0420FD955
S21402BA00084B33F814204FF6FD739A4208D869465D
S21402BA1020460AF030FE29460DF10500FFF750FFDA
S21402BA2005B030BDFC53002030B585B00446EBF7B8
S21402BA3071FCA04219D92046FFF75AF80546B0B95C
S21402BA40694620460AF0DBFD9DF800302BB16946B8
S21402BA5020468DF800500AF0F0FD4FF6FF720020E7
S21402BA60044B23F8142005B030BD2820FBE740F62F
S21402BA700440F8E7FC5300202DE9F0410B78054618
S21402BA800E461BB9BDE8F041FFF7CEBFEBF742FC0E
S21402BA90A84231D92846FFF72BF878BB374617F865
S21402BAA0058B4FF6FF713846FFF70AFF0446384605
S21402BAB000F01EFAB0FA80F04009B8F1000F15D077
S21402BAC0B8F1030F15D04FF6FF724FF6FD7394428E
S21402BAD008BF1C460B4B314623F815400A4B5855F7
S21402BAE028460AF0AAFD0020BDE8F0814FF6FF7452
S21402BAF0F0E74FF6FE74EDE72820F5E740F604403F
S21402BB00F2E700BFFC5300205C5B00202DE9FF41FA
S21402BB100D4604464FF6FE780F4F0E0AEBF7FAFB79
S21402BB20A04204D8FF24204604B0BDE8F08137F8CE
S21402BB30143043450CD1694620460AF060FD9DF854
S21402BB400520EBB29A4203D19DF80630B342EAD002
S21402BB500134E4B2E2E700BFFC5300202DE9F04FC7
S21402BB600C461746984600254FF6FD7B87B09DF893
S21402BB7040A0DFF85C900190EBF7CCFBEEB2B0424F
S21402BB8001D8FF2616E039F816205A451ED8304648
S21402BB9002A90AF034FD3FB99DF80920424515D1A5
S21402BBA09DF80C20524511D144B939F81620019B54
S21402BBB09A420BD1304607B0BDE8F08F08222046E5
S21402BBC00DF10D01EEF752FF0028F3D00135D3E751
S21402BBD0FC53002010B514460AF011FD2046BDE8BD
S21402BBE0104008220149EEF747BC00BF195C00204E
S21402BBF02DE9FF47074615460846082224491E46F1
S21402BC00EEF734FF044600283FD14FF6FF7ADFF8FE
S21402BC108490EBF77FFB5FFA84F880450BD385B3FD
S21402BC20384605F049FB01250C9B1870012035703B
S21402BC3004B0BDE8F08739F8183053451FD069467E
S21402BC4040460AF0DCFC7A789DF801309A4216D11A
S21402BC507A88BDF802309A4211D13A799DF80430BA
S21402BC609A420CD108220DF10501781DEEF7FEFE70
S21402BC7028B9002DD7D1404605F039FBD3E7013469
S21402BC80C7E7FF2005F033FBCEE70020D0E700BF72
S21402BC90195C0020FC530020F0B50025154E164F07
S21402BCA085B0EBF737FBECB2A04201D805B0F0BD89
S21402BCB0694620460AF0A3FC9DF80030032B06D9FD
S21402BCC00023694620468DF800300AF0B6FC9DF83F
S21402BCD0002062B14FF6FD734FF6FE71032A08BFCD
S21402BCE00B4626F81430002301353B55D9E74FF6AC
S21402BCF0FF73F6E7FC5300205C5B0020F8B50E46A7
S21402BD0004464FF6FF770C4B0C4D1B7803EB4303B0
S21402BD1005EB8305A54202D800242046F8BD2388F9
S21402BD20BB4206D008223146A01CEEF79FFE002832
S21402BD30F3D00C34EEE700BF686500203C530020C9
S21402BD40044BFF211A78044802EB42029200EEF7F7
S21402BD5041BB00BF686500203C530020F8B504468E
S21402BD600C4B0D461B781046A3420DD90C27022118
S21402BD7017FB04117C43084E08223144EEF77CFB85
S21402BD80335B00202B80F8BD0023136053604FF610
S21402BD90FF73F6E7686500203C53002038B504467A
S21402BDA04FF6FD75FFF704FE0022084B1878084B85
S21402BDB0D1B2884200D838BD33F80C1C0132A142F9
S21402BDC008BF23F80C5C0C33F2E700BF686500205E
S21402BDD04853002070B505460E460846FFF7DEFFBC
S21402BDE031462846FFF76CFD29460648FFF786FFD0
S21402BDF000B970BD044624F80C6B0AF0DAFB29463B
S21402BE002046F3E73C53002010B5082286B02349AB
S21402BE100446EEF72BFE20B906B0BDE8104009F046
S21402BE2059BA082220461E49EEF720FE20B91D4BBD
S21402BE30B3F8680006B010BD0023012221464FF673
S21402BE40FF700093FFF78AFEFF2806D0164B33F8E2
S21402BE5010004FF6FB739842ECD903A8FEF7CCFE0F
S21402BE6058B9BDF80C305B0607D5082221460DF1FD
S21402BE700E00EEF7FBFD0028DCD021460B48FFF74C
S21402BE803DFF40B14FF6FB724FF6FF7300889042BB
S21402BE9088BF1846CEE74FF6FF70CBE7195C002046
S21402BEA0824F0020184F0020FC5300203C530020F5
S21402BEB070B5002204464FF6FB7608460A4B1D78FC
S21402BEC00A4BD1B28D4201D8002009E01988B1424E
S21402BED007D8A14205D10822991CEEF7CDFA012017
S21402BEE070BD0C330132ECE7686500203C5300203D
S21402BEF037B5014605460E48FFF700FF044640B137
S21402BF00807A29460AF0DBFB80F00100C0B203B05B
S21402BF1030BD03460090012229464FF6FF70FFF718
S21402BF201DFEFF2816BF034B2046185CE9E700BF3C
S21402BF303C5300205C5B00202DE9F341224B044673
S21402BF401B780F468342154638D9FEF7EBFDB8BB81
S21402BF504FF6FD739D421D4E0ED004EB440326F8A9
S21402BF6023504FF6FF739D421FD12046FEF7F2FD87
S21402BF70002002B0BDE8F0810DF10601384609F056
S21402BF809CF94FF6FF72BDF806303846934218BF4A
S21402BF901D460C236343F55206EB0308FFF7A8FF82
S21402BFA0B0FA80F0400988F80A000C2303FB04600C
S21402BFB0082239460230EEF75FFAD9E72820D8E79A
S21402BFC040F60540D5E700BF686500203C530020D8
S21402BFD038B504460D46FFF7BBFC21460448FFF77A
S21402BFE08DFE00B938BD857221460C30F7E700BFDA
S21402BFF03C5300200023074A1370074A1370074A6F
S21402C000118801B11380064B1A880AB100221A80E1
S21402C010704700BF525C0020515C0020365500205D
S21402C020345500202DE9F04F3C4C1D46238887B03E
S21402C0300746884610469DF840605BB952B10AF042
S21402C040D6FD20804FF4FA61354807B0BDE8F04FC0
S21402C0500CF0C6BDDFF8D890B9F80040002C49D0E5
S21402C06020460CF0EDFCC0F3470620460CF0CCFC54
S21402C070DFF8C0A00296BAF80030DFF8BCB0019331
S21402C080BBF800300446009300222B4601202549C7
S21402C0900AF02CFEADF81600E8B1012504EB4606C0
S21402C0A0B4420DD1BDB9BDF81630A3B12A464146F9
S21402C0B0384600F06FF9ABF80050AAF800500AE0D4
S21402C0C0012321461A460DF11600F6F709FB023443
S21402C0D005460028E4D00023134AA9F80030137856
S21402C0E0013BDBB21370002BACD107B0BDE8F04FBA
S21402C0F0FFF780BF0D4C237823B90CF0AFFE08B9CA
S21402C10001232370324629460520F7F70DFA002848
S21402C110EBD1207007B0BDE8F08F00BF3655002087
S21402C12084640020B4300400525C0020515C00207D
S21402C13034550020D0540020D254002030B5154D7E
S21402C14087B02C889CB923464FF4A07248F2380177
S21402C15003A80AF090FB21462046FAF7E3FA2246A5
S21402C1600D4B009403A9FFF75DFF07B030BD2046D4
S21402C17008F01FFF04300DF063F803A90446288870
S21402C1800AF01BFF0023009320462A8803A900F02A
S21402C190AFFAEAE73655002000F8FF0737B5002069
S21402C1A001A9FAF7BFFA0D4C014623780C4D7BB174
S21402C1B00C4B019A1878FAF7CBFA2078F8F74CFC71
S21402C1C0002323702B700848F6F736FB03B030BD09
S21402C1D02B78002BF7D0FFF7B1FFF4E7545C002072
S21402C1E0525C0020535C00208464002008B5054899
S21402C1F0F6F732F80448F6F72FF8BDE80840034889
S21402C200F6F72AB83655002034550020325500205D
S21402C2102DE9F04F89B089460446CDE905239DF8FD
S21402C2204870139E30B316F801ABBAF1000F23D054
S21402C2300AF1FF34A400E4B23146012007F0C6FC3E
S21402C240C00E1BD1DFF838B13146012007F0BEFC24
S21402C2509BF8005034442279BDB1002F47D1802389
S21402C2604846CDE90277CDE900773E4A059900F0C7
S21402C27091F83CE08246DFE75446DDE71B28ECD91E
S21402C2803146012007F0A2FCE7E7DFF8F880FF2A34
S21402C29000EA08080BD14246E379A179607901EBFE
S21402C2A0032189B209B0BDE8F04FFAF751BA2E4918
S21402C2B009688B070AD5FE2A35D101230135EDB26E
S21402C2C0202D4FEA43030AD1FF250AE029462846D5
S21402C2D00792FAF727FA4845BFD1079AEBE798453F
S21402C2E0ECD1224B1B78FF2B04D0AB4204D009B012
S21402C2F0BDE8F08FFF2DFAD029460020F4F7B2FFF2
S21402C3000028F4D09BF800306479002BEFD1FFF7B9
S21402C31071FE17484FF410510CF062FC154B8BF867
S21402C32000501C70E3E7052A97D8BAF1010F94D89B
S21402C330B8F1000F91D0002FD9D17379002BD6D047
S21402C3400D49098821B9082B28BF08230B490B7011
S21402C350434648461292DDE9051209B0BDE8F04FA1
S21402C360FFF760BEB430040098410020A2650020AA
S21402C37084640020535C002036550020525C002066
S21402C380545C002000F8FF07014B1880FFF7D6BE6A
S21402C390345500200CB42DE9F04F8BB014AA0E468B
S21402C3A052F8041B07460992002940F08F80BDF818
S21402C3B05400ADF82200002800F0A18033794FF631
S21402C3C0F778002B40F0868047458CBF4FF009086F
S21402C3D04FF008084C4B1C78FF2C40F08380B6F9CF
S21402C3E00230002BA9BF494B347A1C780134A2BF15
S21402C3F0E4B21C7044F08004DFF81CB1224600212F
S21402C40001F0A2FC9BF80030BDF82200002B6CD095
S21402C410DFF808A14FF00009BAF8003007930CF0D5
S21402C4200FFB0546BDF822000CF0EEFAEBB2CDE9A2
S21402C4300193FF23CDE9030900932246334639468A
S21402C4400798FCF7B5FB4FF6FF7305468BF800908E
S21402C450AAF80030382D33D13246394640460DF11F
S21402C460220307F073FB00284BD04FF6F7739F4268
S21402C47026D8B6F902307088002B21DA48F2040278
S21402C4802349244B4FF00008904214BF8946994630
S21402C49008F020FF494603468A220120CDF8008094
S21402C4A00AF024FC814658B12246414601F04CFC73
S21402C4B0FF23324639464046CDE90098FCF7DAF9C2
S21402C4C028460BB0BDE8F04F02B0704701200AF0D4
S21402C4D0EAFB6EE7002347458CBF4FF006089846F6
S21402C4E0337177E7FF221A7086E7CDE900033246FA
S21402C4F0FF2339464046FCF7BDF90546AAE719254B
S21402C500DEE70546DCE700BFA4650020565C002097
S21402C510C5300400BA300400555C002038550020AF
S21402C52070B54FF4003300240546164688B0ADF8C1
S21402C5301A100DF10F0204A90593ADF81840ADF8D4
S21402C5401C4004948DF80F4007F0DFFA9DF80F3078
S21402C55028460193049B044A009305A93346FFF735
S21402C56019FF08B070BD00BFBE30040030B54FF4EE
S21402C5708035002487B00395BDF82850CDE9001217
S21402C5808DF81030074A034603A9BDF82C008DF833
S21402C5901140ADF81250ADF81440FFF7FBFE07B09D
S21402C5A030BD00BFCA300400B1F1006F2DE9F04380
S21402C5B014462CBF392238228BB01D464FF000039A
S21402C5C0ADF81E204FF480022CBF4FF001099946A9
S21402C5D0FF2C0646ADF81C300892ADF824304FEA20
S21402C5E011471FFA81F80FD109F085F9B9F1000F4A
S21402C5F019D1154ACDE9020543463046CDE9007405
S21402C60007A9FFF7C7FE1AE0FE2C0AD109F073F954
S21402C6100130C0B209F07AF9B9F1000F12D00B4A14
S21402C62002E0E8B2F8E70A4ACDE9030501233046FC
S21402C630CDE90174CDF8008007A9FFF7ABFE0BB079
S21402C640BDE8F083034AD5E7C2300400C8300400D0
S21402C650C1300400C93004004FF498124FF08063D2
S21402C66010B586B0CDE903230023ADF8143008F0E8
S21402C67031FE0446F8F796FA054B01900093054AF8
S21402C680234603A94FF6FD70FFF784FE06B010BDE1
S21402C690195C0020CE30040008B5064B1B78022B2E
S21402C6A002D0043B012B03D8FFF7D6FF002008BDBB
S21402C6B00220FCE7965B002030B500244FF480652C
S21402C6C087B0CDE900128DF81030084A034603A958
S21402C6D04FF6FD708DF811400394ADF81250ADF888
S21402C6E01440FFF757FE07B030BD00BFD23004003B
S21402C6F02DE9F04F99B00E4605460CA91046CDE935
S21402C7000A329DF888700AF015F8BDF83090804617
S21402C71048460CF095F9B6F902300446002BB6F8F6
S21402C72006A0B6F802B004DA00228D4B1A7000207A
S21402C73049E048460CF084F94045F5D3A4EB0804DA
S21402C740E3B2002F18BF4FF4A07A152B099328BF27
S21402C75015230024013308F1FF324946DBB292B2B8
S21402C760009412A80CF065FE6FEA4B436FEA53433F
S21402C7707C499DF8482008684968ADF83E300DAB04
S21402C78003C3ADF84040ADF83C40ADF842A0ADF86A
S21402C7904420BBF1000F24D10DF14900F6F7C4FC8A
S21402C7A0A0B108F097FD5C4680460DF151060DF1EA
S21402C7B049030A9A96F80090012A2CD14FB384F0C6
S21402C7C0010404F0010019B0BDE8F08F0DF1490034
S21402C7D00AF0BFF84FF6FF74011B4C4280464C41EC
S21402C7E0E3E7BBF1010F57D1BDF8498008F072FDAF
S21402C7F080450AD040460DA90AF0AEF880F0010442
S21402C800E4B20DF14B060DABD3E7574B0DF14B06D9
S21402C810CFE70A9CD5E75FB344BBB9F1010F25D831
S21402C82030D108F057FD08F055FD22468046717853
S21402C8304D4B029100210120CDE900814B490AF0BF
S21402C84055FAADF8320088B124BBB9F1010F0CBF1E
S21402C8500D210C210DF132000AF0B0F9024628B97A
S21402C8602846BDF832300FA9FFF794FD0120AAE74B
S21402C870B9F1010F04D1002CD3D081227178D8E708
S21402C880002CFAD1B9F1010F94BF0022012271786F
S21402C890D201CEE70C21DDE70A9B002B7FF447AFDF
S21402C8A07388342B4BD1099B092B7FF440AF002FA2
S21402C8B07FF43DAF9DF951603A46B41008210DF160
S21402C8C0490004F0200408F093FCA0B1284B1B7822
S21402C8D0012B3FF42CAF274A274BB2F868201B687F
S21402C8E0AA421DD0DA001BD5C8232846234A0FA920
S21402C8F0FFF750FD1BE70DF14900F6F715FC00287F
S21402C900E4D10DF149000AF024F84FF6FF7398427D
S21402C910EAD02146F9F778FE03460028E4D1E4E798
S21402C9205B0201D5002E08DA00232846134A0FA917
S21402C930FFF730FD124B1C70F9E68D23D5E7099BF5
S21402C940CDE905A204930DF14903CDE902833146F0
S21402C9502846CDE900790B9B0FAA00F03DF8E6E6E3
S21402C9604A5C002034B90300195C0020D63004006B
S21402C970975B0020184F0020984100201EE6030017
S21402C980A3650020024B187840F08000704700BF75
S21402C990565C0020014B1880002070472865002056
S21402C9A04FF6FF71034602881B798A4217BF074972
S21402C9B001200A8041881EBF054A00201180FF2BF5
S21402C9C01EBF044A00201370704700BF2465002073
S21402C9D022650020575C00202DE9F04FA1B0994651
S21402C9E0BDF8AC302D9F0D939DF8B03004460E93E3
S21402C9F0BDF8BC3038460F939DF8C0304E88884646
S21402CA0015469DF8A8B010930CF01AFC112E82461B
S21402CA1071D808F05FFC504576D0062E10D14FF63E
S21402CA20FD72924526D0BBF1000F10D10022802362
S21402CA30CDE900A229462046BC4AFFF7ABFC06E039
S21402CA40BBF1000F03D1032E07D8012E09D800220E
S21402CA50B74B1A7021B0BDE8F08F043E022EF6D80E
S21402CA60E4E7802329462046B24ACDF800A0FFF725
S21402CA7091FCECE7B04B1B785E074CD408F02AFC1E
S21402CA800026034632460120A84900960AF02EF9EF
S21402CA903B79ADF866000F930028DBD0DDE90E3255
S21402CAA00D9803EB42090BF0CBFF5FFA89F909F107
S21402CAB005085FFA88F88045CCD241460D9801F009
S21402CAC02FF9109008EB40080D980BF0B9FF80453F
S21402CAD0C0DADDE90F321343DBB2002B40F03482BA
S21402CAE0BBF1000FB6D1D84642460421BDF8660017
S21402CAF001F02AF974E1904A3A2E127812D948F2D5
S21402CB003B039E4207D013E08B4A127850070BD5A0
S21402CB10321F022A08D8B8F8063043F48043A8F831
S21402CB20063097E71B2E1DD8B21E91B213295FD985
S21402CB30109B494602930F9B3046CDE900B30E9AEE
S21402CB40234606F0E9FF0F2884D10122784B1A709B
S21402CB50794B1B789B0740F12783BBF1000F7FF4CC
S21402CB6079AFD8E7A6F11C011E29E1D801A050F83A
S21402CB7021F000BFBFD1020031CB020031CB020050
S21402CB8055CA020031CB0200ADCF0200ADCF020083
S21402CB9031CB020031CB020031CB020031CB020096
S21402CBA031CB020031CB020031CB020031CB020086
S21402CBB031CB020031CB020031CB020031CB020076
S21402CBC031CB020031CB0200DFCF0200DFCF020002
S21402CBD091D1020031CB020031CB0200B3D1020068
S21402CBE031CB02000FD2020025D2020033D202005D
S21402CBF0132A9DD801A151F822F000BF4DCC0200A5
S21402CC00DDCC0200FBCC020013CE02007DCA02007D
S21402CC1031CB020031CB020031CB020031CB020015
S21402CC2031CB020031CB020031CB020031CB020005
S21402CC3031CB020031CB020031CB020031CB0200F5
S21402CC4057CF020031CB0200EBD1020000231A9329
S21402CC508DF866300DF1660322460E99484600931B
S21402CC601AAB06F053FF08F035FB0646EAF75EFB02
S21402CC70162894BF4FF002094FF02209F7F792FFE9
S21402CC802E4B0746B3F800A0FBF7EAFD2C4B804676
S21402CC904FF6FF70B3F800B009F013FE294B9DF86B
S21402CCA066201988244B1B7813F002031CBF264B00
S21402CCB01B780B921A9ACDE90701CDE90932402377
S21402CCC02946CDE9019320460023CDE9058BCDE91F
S21402CCD0037A1E4A0096FFF75DFBBBE608F0FAFAF7
S21402CCE01B4B1C4A1B88CDE92A03002329462046F3
S21402CCF021B0BDE8F04FFFF74DBBBE781AA9731EF0
S21402CD00DBB2EF2B304627D9F22E25D005F02EFACD
S21402CD10822608F0DFFA00232946CDE90003034AFB
S21402CD2033462046FFF736FB94E600BFBA300400CF
S21402CD304A5C0020C5300400575B002028650020AE
S21402CD402465002022650020575C0020DC300400A9
S21402CD5026650020E930040005F008FA002856D0BF
S21402CD6008F0B8FA9DF86C209DF86E100492BDF893
S21402CD706A2049000392BDF86820C9B2CDE9016273
S21402CD809DF86D2003465200D2B208320A44009241
S21402CD9001200022C64909F0A9FF9DF86D30ADF8C2
S21402CDA066008DF8633000283FF454AE4FF000085A
S21402CDB001230DF163011A460DF16600F5F790FCAA
S21402CDC0074600287FF446AE9DF86330FAB29342D7
S21402CDD00CD89DF86E308DF86330B8F1000F02D093
S21402CDE0BDF8663036E04FF00108E1E741463046CE
S21402CDF005F0BEF90123ADF86400022219A90DF16F
S21402CE006600F5F76DFC01370028DDD022E68326A2
S21402CE107FE708F05FFA064605F0C9F93346009048
S21402CE2000220120A34909F061FF00283FF412AE58
S21402CE3000273E46ADF8680005F0B9F95FFA87F8B4
S21402CE4040450DD832460421BDF8680000F07CFF4C
S21402CE50BDF86830002229462046FFF79BFAF9E51E
S21402CE60404605F081F9FF288DF866000BD00123B5
S21402CE7001361A460DF166011AA8F6B2F5F730FC2D
S21402CE8000287FF4E7AD0137D6E75046B7F80290A0
S21402CE9005F06AF9FF288DF8640000F0E2811AA90D
S21402CEA005F064F9BDF868304B4507D04FF6FF72BF
S21402CEB0914540F0D681190400F1D3819DF86D307A
S21402CEC012930E9B0533DBB213930F9B149300232E
S21402CED04FF0000911934B4613E017934900139B3A
S21402CEE0C9B219440D9889B209F0A3FE4FF0000AA0
S21402CEF0179B159012995FFA8AF28A4216D309F1A5
S21402CF000109149A5FFA89F19142E6D39DF86E20E0
S21402CF101292169A1392002B40F09581119B002BC9
S21402CF2040F09F81109B14930123D1E711999DF83D
S21402CF306400179305F01CF9159A179B0AF1010A6B
S21402CF40824208BF0123D5E709F106095FFA89F391
S21402CF50B046169386E1BD1C29465046BC7A06F0BA
S21402CF605EF901222946504608F05AFE504609F05C
S21402CF70BCFC284609F0EDFC3A88824207D04FF600
S21402CF80FF72904203D00CF049FA09F0CEFC84F00E
S21402CF900804C4F3C00421462846FFF719F82146C0
S21402CFA0284621B0BDE8F04F06F0DFBDBBF1000F0A
S21402CFB07FF450AD12073FF5AEAD33463A462946EA
S21402CFC0204601F08FF900287FF444AD84232946D9
S21402CFD02046394A21B0BDE8F04FFFF7DBB90F987B
S21402CFE097F8008009F029FA00210746204601F04A
S21402CFF0E3FC312EA7EB0007FFB240F0D5804FF0DE
S21402D000000A012053465246CDE9008A2B4909F010
S21402D0106DFEADF8660000283FF41CAD16225146A0
S21402D0201AA8EDF7D7F91AA808F0DDFB4FF0FF3380
S21402D030DFF894B0CDE91C339BF80090B9F1000FED
S21402D04002D14FF0010A55E01D4E33796F2B02D9FB
S21402D0500026324625E050461CA9F6F73DFF00287A
S21402D060F6D0184BB6F80090B3F86830B9F1000F56
S21402D0702CD1003B18BF01235B0143F004038DF85B
S21402D0807A3002238DF87B3073881B0A49461EA825
S21402D0908DF87D300CF0D6F8B8F1000F65D000267A
S21402D0A001220221BDF8660000F04EFE32461CE563
S21402D0B0ED300400BA3004001EE60300F53004002A
S21402D0C094540020184F0020905B0020B3EB090315
S21402D0D018BF01235B0143F005038DF87A30022363
S21402D0E08DF87B300F238DF87C30CDE70AF1010AEC
S21402D0F05FFA8AFA0AF1FF36F6B230460CF094F975
S21402D100C307F3D59BF8003019EB030F04D009F1DF
S21402D11001095FFA89F9E9E7584B1CA918783044E7
S21402D120C0B2F6F7D9FE002892D0304609F00EFCBF
S21402D130814630460CF078F9C0070FD416238DF8D6
S21402D1407A304F4B1B780133DBB20F2B28BF0F23ED
S21402D1508DF87C304B4B33F8163096E730460CF0A1
S21402D16063F98107EAD41223E9E7BDF866000BF0FB
S21402D17067FC1630B84292DC012316221AA90DF17A
S21402D1806600F5F7ADFA00287FF464AC012660E786
S21402D19012073FF5C0AC3B46224629460F9801F0DF
S21402D1A0F9F800287FF456ACBBF1000F7FF452ACBE
S21402D1B00CE7BBF1000F7FF44DAC802307E708F0C5
S21402D1C089F850457FF446ACB81CF5F7ADFF002849
S21402D1D03FF440AC08F07EF8064608F07BF82A4B8F
S21402D1E02A4ACDE92A03334680E538460CF028F869
S21402D1F009F067FB00283FF42DAC2A90002329464D
S21402D2002046234A21B0BDE8F04FFFF7C3B84B468D
S21402D2102A4621460020CDE92AB721B0BDE8F04FC4
S21402D220FEF7F6BF4B462A4621460120CDE92AB72D
S21402D230F3E75B464A46294620462A9721B0BDE8D0
S21402D240F04F06F097BC012319A91A460DF16600A5
S21402D250F5F746FA00287FF4FDAB08F101085FFAFD
S21402D26088F8013604F0A3FF5FFA86FA50453FF6C7
S21402D2700CAEB8F1000F3FF433AC35E46E65002017
S21402D2803F5C0020C6540020195C0020FA300400DF
S21402D290C5300400F8B5164B04461D88154B20F819
S21402D2A0025B196879B10822EDF7E6F8124B0C20FA
S21402D2B01B78124EA372124B19780023DAB29142EF
S21402D2C005D8FF2209E0C4F802104160EEE70133F8
S21402D2D000FB03F7F75BAF42F0D10A4BE2721B7812
S21402D2E02373094B1B786373084B1B682361F8BDD5
S21402D2F04655002034500020585C00203053002051
S21402D300686500203C5C00203B5C0020205000202A
S21402D310F0B589B006460C46154609F03DFE0DF1FD
S21402D3200A020146304609F0EEFC144F0346F0B9F5
S21402D33001223A702288BDF80A102AB102460090ED
S21402D340072003F0F7FE90B103A8FFF7A3FFBDF88E
S21402D3500A000BF075FB0646BDF80A000BF054FBFC
S21402D36021460090F3B2284603AA05F082FF002366
S21402D370034A3B70136009B0F0BD00BF595C002041
S21402D38034500020142230B58BB005460DEB020156
S21402D3901548DEF76DFC10BBBDF81430DA0720D452
S21402D3A013F0060FC3F3410208BFC3F341220F4B2B
S21402D3B00DF116019C5C68462246EDF79BF9BDF816
S21402D3C0263004F128026A4402F8283C02341B0A7A
S21402D3D002F8273C69462A46E0B208F012FE0BB075
S21402D3E030BD2320FBE700BF703214E0A77D0400A7
S21402D3F010B58AB0ADF826200022CDE905220492A7
S21402D4000CAA02924FF6FF720446AC21012001924A
S21402D410064A039004FB0122603200924CF6200179
S21402D4200DF1260209F0A1FA0AB010BD184F00202D
S21402D43010B54FF6FF741E4A8AB0B2F86800B2F80A
S21402D4405E10A042ADF82600B2F85C304FF6FD70D2
S21402D450ADF8241018D081424FF0000094BF48F671
S21402D46060014CF66001CDE90500CDE90300CDE987
S21402D470010094BF09AA603200920DF12602042030
S21402D48009F073FA0AB010BD81424FF000008CBF5B
S21402D490603209AA00928CBF4CF6604148F66041A1
S21402D4A0CDE90500CDE90300CDE90100014AE6E732
S21402D4B0184F0020824F002000B50E4B0022B3F812
S21402D4C05E308BB0ADF824304FF6FF73CDE90522FF
S21402D4D0CDE90322CDE9012209AA00924FF40061A8
S21402D4E00DF126020720ADF8263009F03EFA0BB001
S21402D4F05DF804FB184F0020202A10B5144614D8F5
S21402D500012A04D10C88B4F5004418BF0124620035
S21402D51030B10748ECF7B0FF064B00201C7010BD78
S21402D5200548ECF7A9FF054BF7E72120F7E700BF10
S21402D530485500205A5C0020885500205B5C00207D
S21402D5402DE9F047104617460BF07AFEDFF814A1D5
S21402D550DFF814919AF8003099F800200546134334
S21402D56002D10020BDE8F08710F4406800F04006C3
S21402D57019D186BBB0F5804F5CD24FF4807400237D
S21402D5809AF80000344AD9B288425DD8002399F846
S21402D5900000324AD9B28842E3D932F8021B01337C
S21402D5A0A142F7D155E0F81C0BF04AFE4FF6FF7386
S21402D5B0984214BF0124022486B1052605F440438E
S21402D5C0B3F5004F44F0080424D0B5F5804F23D2BB
S21402D5D044F4807420E044460326EFE7B5F5804F16
S21402D5E04FF00506F4D3B8F5406F14BF02200820AA
S21402D5F0304438440BF024FE194B05F44045B3F88A
S21402D6005C3083420CBF44F0080444F00404B5F5D1
S21402D610004F01D144F08004B8F5006F0ED1B8195E
S21402D6200BF00EFE0E4BB3F85E308342A7D144F0E9
S21402D6301004A4E7444603260220D9E7B8F5406F53
S21402D64008BF44F020049AE732F8021B0133A142D5
S21402D65099D1012086E700BF885500204855002052
S21402D660184F00205B5C00205A5C00202DE9F04F2A
S21402D670104685B0164698460BF0E2FD5D4F00F068
S21402D6800803B7F85C10044600F00709F01C029382
S21402D6900391B7F85EB00BF0D3FD06F1050A054616
S21402D6A050460BF0CDFD03464FF6FF70854218D06C
S21402D6B00399A1EB050CDCF1000545EB0C056D00AA
S21402D6C04FF6FF718B420ED145F004050BF0C6FBF8
S21402D6D0029B6BB1B9F1000F11D0422005B0BDE834
S21402D6E0F08F0125ECE79B4508BF45F00805EDE7FE
S21402D6F0B9F1030FF1D8DFE809F0021B795D0BF0F0
S21402D700ADFB08B9A807E8D524F00804A4B2B4F51E
S21402D710004F05D0B4F5624F02D0B4F5404FDCD1CD
S21402D7200025294697F8A820002007F020FC3CE0B8
S21402D730D7F88030E3B9002132460846FFF700FFEB
S21402D740D8B948F6410224F038039BB29342C4D1BA
S21402D7500A2D49D0062DC0D197F87730023B012B0F
S21402D760BBD8F3F745FD0028B7D140F6040505E01F
S21402D7704146304698470028DDD00825E20648BFD5
S21402D78045F08005A30648BF45F4805505F00C0316
S21402D790042BC6D1F01D0BF053FD97F8A830324685
S21402D7A0009341462B4607F0B7FB08B30E9B188042
S21402D7B0002093E7A90705D14FF6FF73B7F85C2060
S21402D7C09A428AD104F44063B3F5006F0AD0B3F5E7
S21402D7D0406F82D1082250460749EDF747F90028E4
S21402D7E07FF47BAF0C25C9E70425C7E7432075E71E
S21402D7F0192073E7184F0020784F0020034B1A7841
S21402D8001AB1FF2A04BF00221A7070475D5C00201E
S21402D81070B5084C084E2378F55C1DB13E210748CA
S21402D8200BF030FCFF2223782846F25400232370A4
S21402D83070BD00BF5C5C00205D5C0020FE30040012
S21402D840034B044A1B78D05CFF3818BF0120704790
S21402D8505C5C00205D5C00200023074A07491360D9
S21402D860074A1360074A1360074A11600121074AF4
S21402D8701170074A1360704744500020F56A03008F
S21402D880405000203C500020A4640020A5650020E3
S21402D8904C5000200E2A70B50C4606461546194610
S21402D8A003D9FFF7D9FF502070BD012807D1002009
S21402D8B0F3F7B8FCB0B1FFF7CFFF2120F4E78022E0
S21402D8C00021224B1A70224B1960224B1B684BB167
S21402D8D034200BF00DF9204B188018B9FFF7BCFF67
S21402D8E00120E1E724F0FF6323F4FF231BB1FFF7D7
S21402D8F0B3FF4F20D8E774B92046F3F7ADFC0124F6
S21402D900032510F0800F43B21BBF00F01F039C409C
S21402D9109C4044F078440020104B24F078441E705B
S21402D9200F4B10491D70104B1C60104B1870104B9B
S21402D9301A68F4F71FF818B1FFF78EFF0420B3E752
S21402D9409DF810200B4B1A70AEE700BF5E5C0020FD
S21402D950485000203C500020C8550020635C002040
S21402D960615C002059DC02004C500020625C002002
S21402D970445000205F5C00207FB5244B00251A78B7
S21402D98001232348234903FA02F200781A440A6064
S21402D990ADF80E5020B3984236D11F4C1F4B20785C
S21402D9A01B680DF10E0198471D4EBDF80E20307013
S21402D9B092B11C4B29460093284602230195F4F7A0
S21402D9C013F83278237822B1012A12BF1B230133BF
S21402D9D0DBB2237004B070BD013818BF0120F0E737
S21402D9E078235A43013A0A6008220F490AF0C6FF12
S21402D9F00B49094A0978137821B1012912BF1B2362
S21402DA000133DBB21370E5E71846E3E7615C0020FA
S21402DA10635C002050500020625C0020A46400205A
S21402DA20A565002095DC0200E98D0300024B18680C
S21402DA30003818BF012070473C50002037B5054615
S21402DA401C460BF00BFA68B974B1084B1A60084B07
S21402DA500A461C600123294600930323FFF71AFF98
S21402DA6003B030BD4D20FBE72520F9E738500020F3
S21402DA704050002013B504460BF0F0F958B962B1D5
S21402DA80074B1A6001230A46009321460323FFF739
S21402DA9001FF02B010BD4D20FBE72520F9E700BFCD
S21402DAA03C5000202DE9F0410446DDE906861D467D
S21402DAB09DF820700BF0D2F988B99EB1A2B10B4B3B
S21402DAC001201A600A4B0A46C3F80080094B214619
S21402DAD01E602B460697BDE8F041FFF7DBBE4D20E1
S21402DAE0BDE8F0812520FBE72120F9E7A4640020A9
S21402DAF044500020405000200148F4F7ADBB00BF60
S21402DB00C85500202DE9F0410020F3F7A1FE114B85
S21402DB10114C1E68114B20881D68114B114FD3F80B
S21402DB20008010B13978F4F771FD00203870FFF7E5
S21402DB3093FEF4F7ABF90EB14046B0473DB12088EC
S21402DB40A84700232380BDE8F0410BF016BBBDE8D2
S21402DB50F08100BF40500020C85500203C500020F5
S21402DB604C500020645C0020F8B52F48F4F764FEA1
S21402DB702E4B187830BBF3F76FFB2D4F06463B68EB
S21402DB8003B32C4B2C4D1C6824B195F900301A4671
S21402DB901946A047294B1B6883B1294C2378312BA1
S21402DBA00CD8284B18880AF02FFF23785A1C2270AC
S21402DBB02A78C25423785A1C2270C65480232B70AB
S21402DBC000233B60204C23781A2B22D81F4A127857
S21402DBD0012A09D100211E4A156825FA03F0C0075A
S21402DBE0DAB20ED501B122700020F3F735FB2178A8
S21402DBF0884212D10022174B1A70FFF7BDFE40B9B9
S21402DC00F8BD0133D8B21A284FF00101E5D90A440B
S21402DC102270BDE8F840FFF775BF0020F3F72EFB31
S21402DC200028E7D0F5E700BFA8640020635C002068
S21402DC3048500020385000205E5C00203C500020F7
S21402DC40645C0020C8550020625C0020A5650020A8
S21402DC504C500020605C002008B50B4B187880B949
S21402DC600221F3F7CDFA094B1B782BB100214FF6B0
S21402DC70FF720846F3F7A6FABDE808400448FFF725
S21402DC8073BF00210846ECE7635C00205F5C00205F
S21402DC90A864002038B5144B0C461D78012D21D1FE
S21402DCA081B90846F3F7D8FA104A05FA00F0136865
S21402DCB00F4923EA0003136020462A46BDE838408F
S21402DCC00AF05CBE0B4A13780133DBB2022B1370E8
S21402DCD004D9BDE838400848FFF746BFFFF74CFEB8
S21402DCE00028F6D138BD00BF635C00204C500020EF
S21402DCF0E98D0300605C0020A864002038B50C465D
S21402DD0005460AF09DFEA04203D82D2103480BF0DB
S21402DD10B9F928460AF078FE204438BD12310400CC
S21402DD2070B506460D460AF06FFE044648B1304608
S21402DD300AF086FEA84203D8352102480BF0A2F963
S21402DD40605D70BD1231040070B50C46064615467D
S21402DD500AF076FEA04203D83E2104480BF092F960
S21402DD6030460AF051FE00B1055570BD123104006E
S21402DD702DE9F0438FB007460C4615461E469DF821
S21402DD805880F8F755F920B1F4F796FE08B144F436
S21402DD9000544D4B1B7813B924F40074A4B220052A
S21402DDA009D546B9284604A9F5F750F9002846D001
S21402DDB024F40064A4B2ADF81840ADF81A5007F087
S21402DDC089FA424BADF81C00B8F1000F02D01A785F
S21402DDD0424501D293F800803D4AE105137848BFD8
S21402DDE00DF1210103F10103DBB2137058BF08A93C
S21402DDF022058DF81E808DF81F3006D5336808314F
S21402DE0041F8083C736841F8043CE30407D5314AFC
S21402DE100831136841F8083C536841F8043C0DF198
S21402DE201808A1EB08005FFA80F9002148460AF0BC
S21402DE305FFE064628B900200FB0BDE8F08304AEA8
S21402DE40B9E70AF0E1FD41464A46ECF753FC304694
S21402DE500AF0F6FD804630460AF0D6FD002302465A
S21402DE6000934FF6FF7004235FFA88F107F054F828
S21402DE70ADF80E000028DED040F201131C421AD183
S21402DE804FF6F7739D4216D80AF0DAFD0DF10E0131
S21402DE900446284600F090FDBDF80E000AF0D0FDBC
S21402DEA0E4B2A04207D9BDF80E0007F082F8437824
S21402DEB043F004034370BDF80E003A4601210AF00F
S21402DEC0EFFDBDF80E00B7E7925B0020626500200A
S21402DED0945B0020195C0020F0B50829D58889B02B
S21402DEE028D00C2926D0AE0424D405F040030B43D8
S21402DEF0424C267816B105F0200423432FB2002F99
S21402DF00B8BF43F08003032920D11223AC068DF854
S21402DF100430937A10D48DF805300DF1060401A969
S21402DF20621A012392B2F4F7DBFBB0FA80F04009E2
S21402DF3009B0F0BD0B46DBE732228DF805308DF8CE
S21402DF400420002EE9D00DF11304E8E70C298DF821
S21402DF5004300ABF138953798DF80530548805BFFB
S21402DF601B0A8DF806308DF805300DF1070318BF31
S21402DF700DF106031C70240A5C70148802399C702A
S21402DF80240ADC70147901291C7111D8917A002FA9
S21402DF90597131DA022112899971DA71120A03F182
S21402DFA009041A72002EBAD0AB06B8D50534B6E705
S21402DFB0A9071AD4002F0CDA117A51B1917A597145
S21402DFC01189127A03F1080492B102229A71D97168
S21402DFD0E8E70B4C217801F1010C84F800C091723D
S21402DFE09C1D002F5971DDDAEAE7917A9C1DF8E74D
S21402DFF00122090A9A71EAE79C1DD3E7925B002088
S21402E000935B0020014B1880704700BFCA55002062
S21402E010014B1888704700BFCA5500202DE9F84307
S21402E02007460BF028F805461B480BF09BF91B4BDE
S21402E03060B31C683C1B2C44A4B20022184BDFF8C9
S21402E04068901B78174D03EB830399F8006005EB85
S21402E05043055FFA82F846450AD9AB8805F10A00FD
S21402E060A34216D90A23B21A29465A43ECF704FAEF
S21402E070013689F80060AC80B8F1000F03D139464A
S21402E08005480AF0ADFD2846BDE8F8833C461D600B
S21402E090D3E705460132DCE7C8640020545000206E
S21402E0A0655C002062540020665C00201FB5154A9D
S21402E0B0154C1378013BDBB213706168206801AA25
S21402E0C003C221891180114A1278D21805D00A2378
S21402E0D020465A43E118ECF7CFF99DF806301B07A5
S21402E0E00DD0BDF80C00FFF799FF03468288ADF805
S21402E0F0082001AA03CA1288186059601A8104B05F
S21402E10010BD00BF655C002062540020665C0020E3
S21402E110002108B5084B09481970094B1970094BBC
S21402E1201A7802EB82025200ECF754F9BDE8084076
S21402E1300548F4F781BB00BF665C002062540020ED
S21402E140655C00206C650020C8640020F8B50024D9
S21402E150084D094F094E3B783178E2B20B449A4299
S21402E16004F1010400DBF8BD2846F4F775F80A3519
S21402E170F1E700BF62540020665C0020655C002068
S21402E18010B5064C207828B1054807F03EFC10B1C1
S21402E190034B188810BDFFF789FFF3E7655C002084
S21402E1A06254002008B50A4A0346107860B1094A4C
S21402E1B01088984209D121B99378103323F00F03BF
S21402E1C09370FFF773FF012008BD0020FCE700BF35
S21402E1D0655C0020625400202DE9F74F00260AF005
S21402E1E04AFFDFF8F890B24699F80070B3463A460E
S21402E1F0DFF8EC801FFA80FEB8F800C0344CAEEBB5
S21402E2000C039BB201932378324D009303EB8303F6
S21402E21005EB4303ACEB0E0C5FFA86FEBE4515D348
S21402E220BAF1000F01D0009B2370BA422AD3002F06
S21402E23037D00A222378C8F8000002FB0353264888
S21402E240998803B0BDE8F04F0AF0CABCB3F804E000
S21402E25001998E4512D84FF0010A009993F802E010
S21402E26001310EF1FF3EC9B2013AA3F804B083F8B9
S21402E27002E00091D2B20A330136CDE7E644A3F8B3
S21402E28004E0F8E789F800204AB10A222378C8F8A1
S21402E290000002FB0353104899880AF0A1FC237879
S21402E2A013B903B0BDE8F08FFFF76AFF06460028F1
S21402E2B0F5D006F0B2FD0146304607F0A3FB20B1CA
S21402E2C000212888FFF76EFFE9E740F60241F8E7EB
S21402E2D0655C002062540020C8640020665C002052
S21402E2E0545000202DE9F04192F808801F4608F1AC
S21402E2F0FF33DBB2EF2B05460E46144688B00BD929
S21402E30082238DF80E30314628469DF80E30204A7C
S21402E310FEF740F8012037E00E22002104A8ECF7B1
S21402E32059F8B4F809308DF81180ADF81230E37A56
S21402E33003F07F02032A08D0012B24D103238DF891
S21402E3401030A389ADF815300EE0032B14BF02235C
S21402E35001238DF81030E368CDF815302369CDF827
S21402E3601930237D8DF81430A7F121014A420DF1B0
S21402E3700E034A41009321460DF10F0304A8FDF750
S21402E38037FC0028BFD1002008B0BDE8F08100BFEE
S21402E3901EE603002DE9F04F00241D7895B0CDE966
S21402E3A002010492234622460120CDE90054404948
S21402E3B008F09CFCADF81E00F8B1A3462646274698
S21402E3C00DF120090DF1380AE8F7A4FF5FFA84F888
S21402E3D0404516D83A460221BDF81E00FFF7B4FCA7
S21402E3E032460421BDF81E00FFF7AEFCDDE903103D
S21402E3F00022BDF81E30FDF7CDFF012015B0BDE8A6
S21402E400F08F4A4640460AA9FDF7E4FB9DF828200D
S21402E41022B12DB1013DEDB20137FFB20134D3E78F
S21402E420BBF1000FF8D199E803009DF829308AE87D
S21402E43003008DF84030BDF82A30032A8DF84130AB
S21402E4404FEA13238DF8423017BF032301238DF8BA
S21402E45043309DF82C30DDF83110DDF82D0014BF66
S21402E4608DF84C308DF8433011AB03C302980CBFC5
S21402E4704FF00E084FF0150807F0DFFF0590BDF8C5
S21402E4801E000AF0DDFA059900EB080399420BDB41
S21402E4900123424651460DF11E00F4F721F90028E9
S21402E4A0ABD10136F6B2B7E74FF0010BB4E700BFC7
S21402E4B0F530040038B505460D4B0E481C88F4F7B7
S21402E4C0A7F9012D0CD10C4B1C88FA21614358B1D7
S21402E4D0884209D28408012C204638BF012038BD64
S21402E4E0022D08BF0224F0E702480AF079FBF2E7A1
S21402E4F05E540020844000205C540020012208B5AF
S21402E500054B06481A7000210AF06AFBBDE808406F
S21402E5100020FFF7CFBF00BF7D5B002084400020B5
S21402E5201E4B73B51A8802F108039BB2012B02D860
S21402E5301B4B1B7823B902B0BDE87040F4F77CB9D8
S21402E5400024184B184D1C70184B1C702B787BB18E
S21402E5504FF6FC73164E0093224623462146308819
S21402E56008F091F94FF6FD732C70338001200FE00E
S21402E570104B1046197807F043FA0028F6D10C4BD8
S21402E5801A884FF6FD739A42F0D0012302202B70B0
S21402E59002B0BDE87040FFF78DBF00BF6054002098
S21402E5A07D5B0020805B00207E5B00207F5B00207E
S21402E5B05A540020815B0020012808B50AD00228A0
S21402E5C00CD020B9084B18700848F4F735F94FF00C
S21402E5D0FF3008BDBDE80840FFF790BF0020BDE849
S21402E5E00840FFF767BF00BF7D5B00208440002025
S21402E5F002280CD859B1064A13780133DBB21370DD
S21402E600044A12789A4202D80220FFF7D5BF704712
S21402E6107F5B0020825B002038B5A0F61343012BF7
S21402E62004460D4615D80E4A13780133DBB2137032
S21402E6300C4A12789A420CD84FF6FD720A4B00200A
S21402E6401988914201BF00221D80084B1A70FFF7FD
S21402E65031FF29462046BDE8384004F00EBE00BF12
S21402E660805B0020835B00205A5400207E5B0020E3
S21402E67000234FF6FD71054A1370054A1370054ACA
S21402E6801180054A1370054A13707047805B00209C
S21402E6907F5B00205A5400207E5B00207D5B0020BA
S21402E6A030B5094B02461B7833B1084B084C197833
S21402E6B00023D8B2884201D3FF2004E0013334F8A5
S21402E6C023509542F5D130BD6B650020855B002056
S21402E6D03A5400200022FF21044B05481A70054BCD
S21402E6E01970054B1A789200EBF774BE855B002012
S21402E6F03E540020845B00206B650020F7B58DF841
S21402E70007100DF10701044602F080FD234B1D7829
S21402E710002D41D02046FFF7C3FF214EFF28317857
S21402E720204B05D1204A107885422DD9451C1570FC
S21402E730884219D01C4A1B4D92F800C00022D7B25C
S21402E740BC450CD92F4697F803E00132864505F101
S21402E7500405F4D102B203EB8202D278FA7002B256
S21402E76003EB8202D170307002B203EB820123F80F
S21402E7702240FF228A709DF80720FF2A02D003EB70
S21402E7808203987003B0F0BD0A46104603EB82027D
S21402E790D278FF2AF9D1CBE7FF20F3E76B6500209A
S21402E7A0845B00203E540020855B00202DE9F84360
S21402E7B0FFF776FFFF28044669D04FF6FF72354F03
S21402E7C003B2DFF8DC80344E27F8232098F8005096
S21402E7D0A54202D10020BDE8F883337820B281003A
S21402E7E0A34207EB800090F803E010D00023294AEA
S21402E7F05FFA83F94D45944606D99CF80390013397
S21402E800A14502F10402F3D18CF803E001E086F898
S21402E81000E0013DEDB22A1BD2B204319200394427
S21402E820EBF72AFE88F800503378FF2B04D0A34279
S21402E83024BF03F1FF33337000214FF6FF70154BF0
S21402E840CAB2AA420CD300234FF6FF71134ADCB2B7
S21402E850AC42BBD2013332F823008842F7D1B5E787
S21402E8609A78A2420BD11880DA78FF2A04D0A24204
S21402E87024BF02F1FF32DA7001310433E0E7FF2AE7
S21402E880F2D0A24224BF02F1FF329A70ECE72D20AA
S21402E890A1E700BF3E540020845B00203A540020CB
S21402E8A0855B0020F8B51C4B05461B78084673B3FB
S21402E8B0FFF7F6FEFF28044629D02846FFF7F0FEAB
S21402E8C0FF2806D0154B164E1A780023D9B291426D
S21402E8D018D3FF212846FFF711FFFF28014616D05E
S21402E8E00546104F23B207EB830237F823009678CB
S21402E8F0FFF704FFA84208BFFF25FF2E214608D1D6
S21402E9002846F8BD013316F823108142DED1FF25D2
S21402E910F6E73446E6E700BF6B650020855B00201D
S21402E9203C5400203E5400202DE9F04180460E461D
S21402E9301F46002386B001A814469DF830508DF875
S21402E9400330FEF7A7FCADF804802EB13368CDF88D
S21402E95006307368CDF80A3038460AF055F80DF1DD
S21402E96003034219214601A804F093FC9DF80330E4
S21402E97093B931464046E8F7C1FE0E4B1B785BB1B1
S21402E9800B2C09D8FF214046FFF7B8FE064605EBDA
S21402E9904404E4B2A54202D106B0BDE8F08129469D
S21402E9A0384608F046F93146FFF7A8FE0235064615
S21402E9B0EDB2EFE76B65002000232DE9F3470DF17A
S21402E9C007028DF8073004460E4602F00AFC9DF850
S21402E9D00730054663B92046FFF762FE04465EB17D
S21402E9E030880AF02DF85FFA80F8FF2C45D1002512
S21402E9F0284602B0BDE8F087B046F6E701320C2A98
S21402EA00F5D02DB207EB8505AD78FF2DF6D112F0C5
S21402EA10FF0AECD04FEA4A050235EDB2002EE7D0E7
S21402EA20304605EB080108F0C9F80028DFD1524647
S21402EA3041463088FFF788F90AF1FF3208F10101F2
S21402EA4008F102093088D2B2C9B25FFA89F9FFF733
S21402EA507BF924B207EB8404A478FF2CC8D023B237
S21402EA60494637F82320308808F0F3F80028BED14C
S21402EA7009F102095FFA89F9EBE725460022014F00
S21402EA80BFE700BF3E54002008B5D6F785FED6F78E
S21402EA90A9FB00F08CF9D7F799FBBDE80840D6F73A
S21402EAA055B938B5044690F844108378826CCB1A70
S21402EAB059425941D6F7D4F9E37893B1257985B905
S21402EAC000F00DF90346A268218A04F11C009C1A84
S21402EAD08C4236BF52182946D11ABDE8384000F09B
S21402EAE0F5B838BD09B1D6F7C7BED6F7D5BE38B524
S21402EAF08388044603B3E3780088A17804F10C0502
S21402EB00A3B10023B1FA81F1E3704909FFF7EAFFE6
S21402EB104FF6FF72A388218993421CBF03F1FF338D
S21402EB20A3802846BDE8384000F0D0B80123E37041
S21402EB30FFF7D8FFE188F4E738BD10B504468178C0
S21402EB400088FFF7CFFF0123E3700023A38010BDE8
S21402EB5010B581780446B1FA81F100884909FFF7B9
S21402EB60C1FF0023E370A38010BDFFF7F1BF70B5AD
S21402EB700446054600262B4655F8040B10B11B1B0F
S21402EB800C2B00DD70BD237C8680002BF3D0637CCB
S21402EB9013B1FFF7D2FFEEE7FFF7DAFFEBE7FFF777
S21402EBA0E6BF70B5044605464FF6FF762B4655F887
S21402EBB0040B10B11B1B0C2B00DD70BD8388B34207
S21402EBC0F4D04FF4FA724FF6FF731146D6F798F95F
S21402EBD0ECE709B1D6F750BED6F75EBE10B50446CE
S21402EBE0C0600830D6F742FF21792088B1FA81F159
S21402EBF04909FFF7EEFFA37943B121796088B1FA9C
S21402EC0081F1BDE810404909FFF7E3BF10BD00F0EF
S21402EC1053B80346184613F8012B8A4201D0002A3D
S21402EC20F8D1704710B53B2104460068FFF7F1FFA4
S21402EC300022034603F8012B2068236010BD10B59E
S21402EC4040B1421E0A24002012F8013F303BD9B2DE
S21402EC50092900D910BD04FB0030F5E708B500F01D
S21402EC6028F850F80C3C23B150F8041C30F80E0C6F
S21402EC7018477047084619B1FF21103002F0D8B97C
S21402EC807047007800F0DF03552B07D0642807D0C2
S21402EC90663818BF4FF0FF30C0B270470120704789
S21402ECA00320704718B12D280CBF012002207047A0
S21402ECB0704708B501F0AEFD08B500F06DF8BDE886
S21402ECC0084004F0B4BA50E9023018470A46083041
S21402ECD0FF2102F0A4B9FF21083002F0B1B908B54D
S21402ECE00AF028FABDE8084008F042BF2DE9F041D4
S21402ECF0044600274FF00C0E8F4202DB0020BDE8D0
S21402ED00F0812078904204D1002594F8078045458A
S21402ED1002DB01370C34EFE70EFB05F6D4F808C029
S21402ED200CEB06003CF806609E42E8D00135EEE7A2
S21402ED30F0B585B005460E461746D6F7D7FE04460A
S21402ED40A0B131462846D6F79FFE83783A46002B76
S21402ED50A36831460293A378284601934FF0000336
S21402ED6000930CBF80234023E4F764FF05B0F0BD98
S21402ED7008B51288D6F7BAFE50B10279BDF80C3043
S21402ED809A4207D881680298EBF776FB002008BD06
S21402ED908620FCE78920FAE7002004F0C4BA08B50A
S21402EDA004F029FB002814BF0320002008BD70478A
S21402EDB008B502F019F8FFF767FED7F723F86420C4
S21402EDC0DFF78EFE6420DFF77BFE02F00FF8D5F742
S21402EDD0EBFF08F027FBF8E7F8B5D0E90176437BAE
S21402EDE004460D4613B133463E461F46FFF777FFED
S21402EDF0012D206438460ED1D6F7EAF83046D6F70B
S21402EE000BF9257360784FF47F42BDE8F8404FF463
S21402EE108171FFF78DBF022D05D1D6F7FDF830467A
S21402EE20D6F7D6F8EDE7D6F7F7F83046D6F7F4F881
S21402EE300025E6E738B5037B04468B420D4607D12C
S21402EE4090F844305BB3BDE838404830FFF743BF24
S21402EE50FFF745FF216C431AC72B0CD80123C83194
S21402EE6084F8455084F84430091A04F14800BDE895
S21402EE703840FFF72BBF0DB1237B2BB9294620461E
S21402EE80BDE83840FFF7A8BF00212046FFF7A4FFE1
S21402EE900123C82184F8455084F84430E5E738BD9C
S21402EEA090F84510FFF7C6BF0121FFF7C3BF022146
S21402EEB0FFF7C0BF0021FFF7BDBF4FF601739942AF
S21402EEC010B5044602D10021FFF7B4FF2046BDE884
S21402EED01040D7F7B1B810B50446806BD8B1E278C7
S21402EEE0022A04D0636B5B7972B984F83C3094F8DA
S21402EEF03C306BB1FFF721FE60784FF60272BDE838
S21402EF0010400621FFF714BFB3FA83F35B09ECE760
S21402EF10FFF71EFEF0E710BD10B50446406BD6F7AD
S21402EF2057F82046BDE81040FFF7D5BF10B5044697
S21402EF30406BD6F771F82046BDE81040FFF7CBBF0E
S21402EF4010B50446406BD6F78DF82046BDE8104053
S21402EF50FFF7C1BF10B50446002206214078FFF72E
S21402EF60E7FEA378022B01D0FF2B04D12046BDE892
S21402EF701040D7F77FB910BD4FF60273994210B50D
S21402EF80044601D1FFF7A7FFE378022B02D0204602
S21402EF90FFF7A1FF2046BDE81040D7F76BB9092955
S21402EFA001D9FFF789BE7047022307B5019300F126
S21402EFB06C0300935522212312214078D6F7ECFEEB
S21402EFC003B05DF804FB10B58278044603797AB97B
S21402EFD00BB1D7F7FFF92046D7F728FA0323607854
S21402EFE0A4F86C305522BDE810401221FFF7A0BEEF
S21402EFF0012B01D1D7F7EEF9A379012B02D12046D6
S21402F000D7F714FA01232046A4F86C30BDE8104066
S21402F010FFF7CABF10B58378044683B903790BB1EC
S21402F020D7F7EEF92046D7F745FA04236078A4F816
S21402F0306C305522BDE810401221FFF779BEB0F8B9
S21402F0406C30022B12D00379032B01D1D7F7C2F909
S21402F050A379032B02D12046D7F7E8F900232046EE
S21402F060A4F86C30BDE81040FFF79EBFD7F762FAEF
S21402F070F4E7827883685AB9DB78002B14BF03233F
S21402F0800423A0F86C30552212214078FFF750BEB8
S21402F0901A7922B9DB78003B18BF0123F1E7022375
S21402F0A0EFE77FB500239E6A0446B6F5804F0D460D
S21402F0B00CD201A8D7F7E4FB039B5B0506D52946CD
S21402F0C02046336C04B0BDE87040184704B070BDEB
S21402F0D000239B6AB3F5804F05D21B6BB3F5804FB6
S21402F0E001D29B6818474FF4817070471FB5002302
S21402F0F09A6AB2F5804F04D340F2011005B05DF86B
S21402F10004FB126BB2F5804FF6D2012201A8CDE9BC
S21402F11002338DF80420D7F7B3FB039BDB03EBD552
S21402F120029B1A0EE8D0012A03D1C3F307430A2B27
S21402F130E2D900239B6A1B6B1B6C9847DEE708B577
S21402F1400AF0AEF9B0FA80F0400908BD134610B5D1
S21402F15042B103439B0707D10AF09EF9B0FA80F04A
S21402F160400910BD0120FCE70020FAE700230360F7
S21402F170704703680B600160704710B538B132B152
S21402F18029B100230139D45C14B90023037010BDE1
S21402F1908B42FAD200F8014B0133F4E7034638B14A
S21402F1A00020814204D01A5C02B970470130F8E7A9
S21402F1B070474FF0FF31FFF7F1BF70B50C461646A9
S21402F1C0054660B15AB151B1FFF7F3FF844206D942
S21402F1D0211A32462844BDE87040FFF7CEBF70BD04
S21402F1E0FEE7FEE700239A4200D1704710B550F8BA
S21402F1F0234041F8234001339A42F8D110BDD7F795
S21402F2009FBF4369426CD91C143AB1FBF2F103EB7F
S21402F210C1000330B0FBF2F00230704738B5054645
S21402F2200C46FFF7EEFF6A6CE31D143AB3FBF2F3EB
S21402F230013304EBC30402FB004038BD38B5054673
S21402F24044692146FFF7EAFF6A6CE31D143AB3FBF2
S21402F250F2F3013304EBC304204438BDF7B5074686
S21402F2600E4600257C6CA819644280EA06031C4000
S21402F27003D02C46204603B0F0BDFB6B01225B692F
S21402F28001A99847019B0133F4D10435EAE770B52A
S21402F29005460C46D9F72AFDEB6B2046BDE87040C2
S21402F2A0DB68184770B50025044686B00562E36938
S21402F2B0AB4202D8206A06B070BD666C2068E36B6B
S21402F2C005225B6901A906FB0500984701A800F024
S21402F2D023FC00F046FC10B1236A01332362013599
S21402F2E0E5E738B50446456C006804F1400305FBC3
S21402F2F00101E06B00F042FC05462046FFF7D2FF14
S21402F300284638BDF0B50546002687B0EC69013CB4
S21402F310B44203D80C46204607B0F0BD01B14C1EDD
S21402F3206F6C2868EB6B05225B6901A907FB04007A
S21402F330984701A800F0F0FB00F013FC0028EAD181
S21402F34021460136E2E7F0B504460D46466CE36B0D
S21402F350006887B005225B6901A906FB050098478D
S21402F36001A800F0D9FB00F0FCFB20B101A800F0D8
S21402F370AAFB07B0F0BD29462046FFF7C3FF0646A4
S21402F380676C2068E36B05225B6901A907FB060030
S21402F390984701A800F097FB431CEAD0B54238BF55
S21402F3A00130E6E72DE9F0434FF6FF79D0F82480E6
S21402F3B004460E46C84514BF45460025002787B0BA
S21402F3C0E369BB4202D807B0BDE8F083E26B23686C
S21402F3D0606CD2F814C000FB0530052201A9E04794
S21402F3E001A800F099FB022806D0C8450CD1721C71
S21402F3F029462046FFF775FFE3690135B5FBF3F2B0
S21402F400013703FB1255DBE729462046FFF79BFF31
S21402F410B0F1FF3F14BF024632460132E8E7036806
S21402F420F0B5CC1A436C0646B4FBF3F4002587B05D
S21402F430F36937685A1E9542706C08D3706C33684D
S21402F44000FB043007B0BDE8F04000F095BB013485
S21402F450B4FBF3F203FB1244F36B05225B6901A9CA
S21402F46000FB0470984701A800F056FB00F079FBF9
S21402F4700028E3D10135DBE710B423F0030422446D
S21402F4809B070A44436C18BF04325B4281EA0204BB
S21402F490234203D05DF8044BFFF7C1BF10465DF868
S21402F4A0044B70472DE9F041D0E90A369E420446E5
S21402F4B086B028D11422C369456802FB1355284634
S21402F4C006B0BDE8F0812068676C331AB3FBF7F329
S21402F4D0E26B07FB0300D2F8148001A90522C0479D
S21402F4E001A800F019FB012804D0636C1D44013BFF
S21402F4F03340ED1A31462046FFF791FF0646A36ACF
S21402F500B342E0D1DBE70025F9E708B50830134639
S21402F510D1E90012D9F770FB012008BD13B50C46DD
S21402F520002121760093616813462246D7F75EFFD4
S21402F53018B1E37D03B1A07EA075A07D02B010BD18
S21402F54073B5164600F108050C46284609680DF103
S21402F550070200F098F9032E06D16368834203D1AE
S21402F5602846216800F076F9012002B070BDD01E50
S21402F570009B42424241187E824211D11A688A4258
S21402F5800ED85A688A420BD35A6901325A61D3E9B5
S21402F590030282423FBF986840F8221001321A6185
S21402F5A00120704710B5032A029C07D1A26A534075
S21402F5B0626C5242134201D100F04CF9012010BD98
S21402F5C008B5C36800209847BDE80840D9F796BB3F
S21402F5D0012814BF0420022070B5002442431C7088
S21402F5E0CC7D101D02F002024CB91AB1012220F0A5
S21402F5F003001A7000F108034868184470BD1AB177
S21402F600012220F003001A7000230C7E01F120056F
S21402F610DAB2A24201D30020F0E735F833205E1CAE
S21402F620824206D901EBC30300F10802D8691044EE
S21402F630E4E73346801AEBE773B5054690F8426076
S21402F6401C4630460DF10303FFF7C2FFEB6B012E9B
S21402F6505B690DD1324601A998479DF8033013B174
S21402F660BDF806300193BDF80430236002B070BDC9
S21402F6700122214602B0BDE870401847F0B50546A3
S21402F68000244868EB6B87B00E4601225B69029441
S21402F69002A908309847274695F84230012B40F0D9
S21402F6A0AC80632C00F2AB80612C08D805AB2246F6
S21402F6B031462846FFF7C0FF9DF814305BB305AB12
S21402F6C02246314628468DF81070FFF7B5FF95F8AA
S21402F6D04230012B059B7FD14FF6FF72934256D0E4
S21402F6E0082205A904A800F063FA059B9DF81010ED
S21402F6F0C3F3072291424AD1DBB2029A1A4402921B
S21402F70045E0DCD005AB224631462846FFF794FF9B
S21402F710BDF81430D2E795F84230012B39D1612C6E
S21402F7202ED822463146284603ABFFF785FF3146E0
S21402F730284604AB621CFFF77FFF3146284605AB1E
S21402F740A21CFFF779FF102208230DEB02010DF130
S21402F75007008DF8073000F02BFA102205A90DF1EC
S21402F760070000F025FA039BDAB24AB99DF8072093
S21402F770B2EB132F04D1DDE9043203EB024302930A
S21402F78095F84230012B14BF012302231C44013496
S21402F79082E7302CF4D822463146284603ABFFF7E0
S21402F7A04BFF3146284604AB621CFFF745FF102389
S21402F7B020220DEB03010DF107008DF8073000F053
S21402F7C0F7F9039B9AB2002ADAD19DF80720B2EB2A
S21402F7D0134FD5D1049BD2E70133D8D0102205A906
S21402F7E00DEB020000F0E4F9059B9DF81010C3F340
S21402F7F007429142CBD19BB27FE7312C81D9029846
S21402F80007B0F0BD13B500240194049C0094D8F709
S21402F810C9FA02B010BD13B501240194049C0094E9
S21402F820D8F7C0FA02B010BD00234FF0FF3230B551
S21402F83044689C4202D10023037230BD016801EB8A
S21402F840C30541F833206A600133F2E7C0E90012CB
S21402F850FFF7EABF0023F0B545689D4210D0046862
S21402F860DF0054F8332004EBC306B2F1FF3F08D0A2
S21402F870C2F31302914204D14FF0FF33E351736097
S21402F880F0BD0133E9E70023F0B545689D4202D199
S21402F8904FF0FF300EE00468DE0054F83340671C79
S21402F8A009D0C4F31307B94205D1240D14700368B6
S21402F8B033445868F0BD0133E8E7704770B59400EA
S21402F8C0224605460E4609F0E7FD431C0AD058B903
S21402F8D0224631462846EBF7C9F8002814BF3D20D9
S21402F8E0002070BD6E20FCE77120FAE713B50446CF
S21402F8F001A8D9F7FDFF9DF8063023804FF48073E8
S21402F9006380DAF703F86060002002B010BDD9F712
S21402F91073BF08B5D9F764FF002008BD10B50446CA
S21402F92044EA010313F00303084609D1934201D1C6
S21402F930002010BD54F8231040F823100133F5E7D9
S21402F94021469200EAF7D6FEF2E710B5044609F021
S21402F950A7FD431C10D088B9D9F7D8FF234620F05C
S21402F96003002044984201D1002010BD53F8042B16
S21402F9700132F7D03E20F8E76E20F6E77120F4E772
S21402F980704713B50023044601461B220DF10700FB
S21402F9908DF8073000F00CF922689DF80730B3EBBB
S21402F9A0D26F0CBF0120002002B010BD13B5002399
S21402F9B00446014620220DF107008DF8073000F0BC
S21402F9C0F7F80DF107001A22211D00F0F1F862681F
S21402F9D09DF80730B3EB926F0CBF0120002002B0F7
S21402F9E010BD0068431C584258417047006810F02A
S21402F9F07E0F0CBFC0F3C160002070470068C0F3E2
S21402FA00D3107047006800F07F0001288CBF0020EA
S21402FA1001207047036813F07E0F14BF04200820ED
S21402FA207047036813F07E0F03D1406820F07C40D5
S21402FA30704713F078001CBF03F07F03D81F70478F
S21402FA40006800F07F007047032809D0022803D11F
S21402FA50C1F10201C8B2704700290CBF072000207E
S21402FA60704737B5054601F10C0443696946012221
S21402FA7020469847BDF80030012201932046AB6924
S21402FA8001A9984703B030BD37B501F10C044369AC
S21402FA90012269460546204698474FF6FF72009BAC
S21402FAA099B291420DD16FF30F0343F4254343F00D
S21402FAB0A503019301222046AB6901A9984703B02A
S21402FAC030BD0020FBE737B5044600251B22011D8A
S21402FAD00DF107008DF8075000F06AF860689DF88F
S21402FAE00720B2EBD06F03D120F0784003B030BDD0
S21402FAF00DF107001B2204F108018DF8075000F0F3
S21402FB0057F8A0689DF80730B3EBD06F01D1C04319
S21402FB10EAE74FF0FF30E9E74BF29A22036810B5A6
S21402FB20B2EB134F044613D19BB2012B13D1FFF74E
S21402FB30CAFF01300CD04FF6FF72E068B2EB104FEE
S21402FB404FEA104309D180B2C01A18BF012010BD77
S21402FB502368013303D00420F9E70220F7E70320E5
S21402FB60F5E701288CBF00200120704703380128E2
S21402FB708CBF002001207047143070472DE9F041F9
S21402FB8005469846036908460E46174698470446B1
S21402FB9038B943463A4631462846D9F71FF904464D
S21402FBA018B131462846FFF75CFF2046BDE8F081D3
S21402FBB01F2A0B689EBF4FF0FF3191408B435908B6
S21402FBC001F055315B1A03F033319B0803F03333EF
S21402FBD00B44017803EB13130A444FF0013103F090
S21402FBE00F334B43A2EB13620270704708B507F05F
S21402FBF0C1FABDE808400021D9F7FAB9022103206C
S21402FC00D9F7F4BB70477047704770474FF05023E0
S21402FC104FF400321A6770474FF0B0435A6812B179
S21402FC209A6A002AFAD1704770B5054614460E46FF
S21402FC3009F029F92B685C4034405C402C60BDE832
S21402FC40704009F01BB90122417803788A403021BE
S21402FC504B4342F2100103F1A04303F570335A50AE
S21402FC60704721FA00F2D20730B5034600F0FC04D2
S21402FC700FD500220132D2B2042A02D14FF0FF3051
S21402FC8008E0831803F00303234421FA03F5ED0783
S21402FC90F0D4184630BD0020704700207047002080
S21402FCA070470020704701207047012070470F20E0
S21402FCB07047EBF7F5BB002307B5CDE90033012308
S21402FCC069464FF0FF308DF8023004F05BFB03B05C
S21402FCD05DF804FB0020704710B508B9212010BD5E
S21402FCE00029FBD0036813F0704205D1C3F30E035C
S21402FCF00B607BB10020F2E703F05044B4F1004FF2
S21402FD0005D0B2F1304F02D0B2F1404FE6D103F047
S21402FD107F03EDE74368002BE0D00B60EAE737B5D8
S21402FD200C46054610B9212003B030BD0029FAD092
S21402FD30002301A90193FFF7CFFF0028F4D1296819
S21402FD40019A11F0704102F1030222F0030201D17E
S21402FD502260E9E7AD68B1F1004FC5F38033C5F321
S21402FD60403504D103EB450353432360DCE7B1F18E
S21402FD70204F01D12B44F7E7B1F1304FFAD0B1F161
S21402FD80404FF7D0CFE737B50C460546002800F0BF
S21402FD908780002900F0848000230B60036803F04C
S21402FDA070430B60C26822B1032A79D143F08063A4
S21402FDB00B60AB689A0149D403F08073EA680AB90B
S21402FDC0002B6DD1226822F0407213432360EA684A
S21402FDD0032A05D12A69F62A62D962F317432360F9
S21402FDE0AB681B0442BF236843F400432360EB68FE
S21402FDF0032B1FBF23682A6862F30E0323602B6857
S21402FE00AA68002B2ADB12F4C84F49D12B6803F0EC
S21402FE10704303F10043B3F1804F05D2530542BF4E
S21402FE20236843F4806323600023284601A90193D4
S21402FE30FFF752FF40B92B6813F070421FD12368B8
S21402FE40019A62F30E03236003B030BD03F04073E1
S21402FE50B3F1407F18BF4FF00073AFE7500402F4CF
S21402FE60005105D4E1B1236843F400532360CDE783
S21402FE70236843F4804323600029C7D0F3E703F0E6
S21402FE805043B3F1004F05D0B2F1304F02D0B2F179
S21402FE90404F05D1019B5A1E236862F30603D2E740
S21402FEA02120D1E738B131B101234B604FF0005326
S21402FEB000208B6070472120704737B50C460546F8
S21402FEC008B9212016E00029FBD001234B60C36845
S21402FED0A3B901A90193FFF722FF58B9019B6A69EA
S21402FEE09A4209D32A69002AEBD0226043F00053D3
S21402FEF00020A36003B030BD1D20FBE7032BE0D13A
S21402FF000023F5E7436813B9416070475B685A6897
S21402FF10012AFBD159607047FFF7DCBE08B5FFF730
S21402FF20D9FE002814BF6FF09200002008BD1346C9
S21402FF30428870B50732072A0C464FEAD20101D032
S21402FF40A14222D146680588202218460021EAF7F7
S21402FF5041FA360A0346DEB9BCB141F201029542C5
S21402FF6005D0B5F5885F02D0B5F5905F02D10020C6
S21402FF705C6070BDB5F5105F0DD1182C03D0202C37
S21402FF8001D0102C01D11C60F1E76FF08600F0E77B
S21402FF906FF08B00EDE76FF08500EAE7F0B51C46E0
S21402FFA0436806461B0A0F46154689B035D12246D7
S21402FFB02946FFF7BCFF68B9EB1C23F00303C4E92C
S21402FFC00307636145B9202200212046EAF702FAB8
S21402FFD06FF0860009B0F0BD014620226846EAF7B7
S21402FFE0F9F96A4629463046FFF7A1FF0028EAD10A
S21402FFF02368009A9A42E6D16368019A9A42E2D14D
S214030000A368029A9A42DED1A369069A9A42DAD183
S214030010E369079A9A42DDD0D5E76FF08B00D9E7FC
S214030020D9F7AEBFDAF7C8B870470020704700208C
S2140300307047C3681944836853F8210030F8023BBD
S21403004013607047012310B580F8883003780446A0
S21403005053B100F061FA21462046DAF79FF92046AD
S214030060BDE8104000F04DBA10BD38B50D46044645
S214030070DAF77CF96B682046C4F8B032A96800F05A
S21403008096F94FF0FF332046C4F8B432FFF7CDFF9E
S21403009038BDD0F8B43210B50133044601D0002081
S2140300A010BD00F0BCFAC4F8B4020130F7D194F8DE
S2140300B0B80280F00100F3E708B5DAF793F908BD54
S2140300C00A7801382D2A0ABF012200228918DAF796
S2140300D0E5B907281BD8DFE800F0060A0D1013154C
S2140300E004170120704700220820DAF7D7B9002248
S2140300F01020FAE700222020F7E70820FFF7E0BFEA
S2140301001020FBE72020F9E70846DAF729BA002093
S21403011070472DE9F74307280C46DDE90A76904633
S2140301201D4608D8013806280AD8DFE800F01D2740
S214030130303A44574A00212850D003B0BDE8F08334
S214030140002220461146EAF711F93368C0B205EBE0
S21403015083013A6845F82300013348F822103360D8
S2140301603B6801333B60E8E7002220461146EAF786
S214030170FDF8336880B205EB8301EAE700222046E8
S2140301801146EAF7F3F8336805EB8301E1E700224B
S21403019020461146EAF798FA336840B205EB830126
S2140301A0D7E7002220461146EAF78EFA336800B2F4
S2140301B005EB8301CDE7002220461146EAF784FAD1
S2140301C0E1E7002389461E461D468DF8063019F8DA
S2140301D0013F7D2B06D125702D0A65703B6848F8D4
S2140301E02340BDE7202BF2D006F00102013612B9F8
S2140301F08DF80430EBE71022002101A88DF80530B6
S214030200EAF762FA631901359870ADB2DFE72DE9B4
S214030210F04F9B46002385B08B4581468846924621
S214030220CDE902336BDC1A461E4619F80340212C2F
S21403023009D81F2C04D8103C072C98BF012200E0D5
S21403024001260133F1E7FF2CFBD15B4436B1013BBA
S21403025043450ADD2B2005B0BDE8F08F62B1013BB4
S2140302604345F7DC3546374602E000252F462E4643
S214030270454504DB0020EEE79845F3D0EAE75D4505
S2140302803BDB19F80730202B18D109EB07035B7803
S214030290FF2BDFD1CEB920465AF82510FFF719FFFA
S2140302A078B303AB019302AB00932046DDE90E233C
S2140302B05AF82510FFF72DFF0135D9E7212B0ED16C
S2140302C009EB07035B78FF2BC4D1029B5AF8252062
S2140302D00E99012641F8232001330293ECE7A3F19C
S2140302E01004072C02D91C460137D3E709EB070392
S2140302F05B78FF2BAED1E4B2CCE70624CAE7212015
S214030300A9E72620A7E72DE9F04F07460E46154630
S2140303109846044685B0DDF84490DDE90FAB2068C7
S21403032008B3DAF80020D8F800108A421BDA0E9BCE
S21403033053F82210D6F738FE48BBDAF8002001320D
S214030340CAF800206268117BFE291BD10E9B106839
S214030350012100932A464346CDE902B9CDF804A00D
S214030360FFF7D1FF04462B7843B999F800302BB931
S2140303707EB101233C4689F800302B70204605B039
S214030380BDE8F08F01238BF800302B70EBE70C34BD
S214030390C5E73446F2E710B50446236803B910BD33
S2140303A0237A13B92046DAF711F90C34F5E710B5BA
S2140303B041B10A7932B901249C300C71FEF7D9FE9B
S2140303C0204610BD0020FCE72DE9F041BAB00546F3
S2140303D00AAA084603A900F05FF90446B0B90DF16E
S2140303E00A0301930DF10B038DF80A0000930AAA82
S2140303F0284604AB03A9DAF799FA9DF80A20B2B1A6
S2140304009DF80B2048B12AB1DAF7E0F820463AB057
S214030410BDE8F081FFF7BFFFF8E7D5F89C50002D45
S214030420F4D0A86808B1FFF7B6FF2D68F7E700B366
S21403043046681AAB06F10C082AAF01934046049BA4
S214030440039900970AAAFFF7E2FE04460028DDD1C7
S214030450039B05A8CDE90637049B0595CDE9083827
S214030460DBF72CFD05A83368984705A800F03FFD89
S214030470CCE72D24CAE710B50446AC30E9F7A6FE50
S21403048004F1AB031A180020934200D110BD13F8F1
S214030490011F0029FAD00A2908BF0130F4E7002318
S2140304A0F0B50B6013600646D0F8AC0278B196F848
S2140304B0AC0060B1012406F1AC07D6F8AC02844266
S2140304C010D306F1AC00B3F5007F10D30120F0BDC6
S2140304D00D6801350D60156801351560F85C01334C
S2140304E00A2802D0B3F5007FF2D30134E5E7C15CF6
S2140304F00A29EBD00029E9D01168013301311160D4
S214030500E1E710B50021D0F88C200446E9F762FF36
S2140305100023C4E9243310BD73B5044600F1AC05CB
S21403052080212046FEF73AFE4FF400710646284621
S214030530FEF734FE0136C0F50070864220461FD80B
S214030540E9F744FE06462846E9F740FE0136294603
S214030550421CA819E9F790FF2046E9F737FE214623
S21403056002462846EAF7C6F82046E9F72FFE0A238E
S214030570204480F8AC300023C4F8AC3202B070BD1F
S214030580FFF779FF01AAC4F8AC0269462046FFF7D5
S21403059086FF0022009B234483F8AC20C0E773B594
S2140305A00D460446FFF767FF6B1C19D1D4F8AC322F
S2140305B013B1013BC4F8AC3200252046E9F706FE2A
S2140305C0A84215D82046FFF79CFFD4F8AC322BB1CF
S2140305D06946204601AAFFF762FFA0B902B070BDC4
S2140305E0012DFBD1D4F8AC328342F7D20133E1E7D5
S2140305F0082000F023F8202000F020F8082000F060
S2140306001DF80135D9E7009D04F1AC06019BAB420A
S214030610E4D9715D2046DAF7B7FA0135F6E707B590
S21403062000200DF1070100F0E7F820B99DF8070058
S21403063003B05DF804FB4FF0FF30F9E710B5C1B225
S2140306400446002000F0C8F800280CBF20464FF0F0
S214030650FF3010BD0FB407B504AA52F8041B0020E0
S2140306600192DAF72DFC002003B05DF804EB04B02A
S214030670704710B54C1C0B460119045D222C03D0A1
S2140306807B2C01D05C2C05D1D21A1844E9F7F4FE72
S214030690012010BD0020FCE72DE9F04705469146F2
S2140306A08846E9F793FD2A4606461346197801322B
S2140306B02029FAD0C9F800305C1B01236FF0404AAA
S2140306C0C8F80030A64201D8002014E02F5D29198F
S2140306D07B2F12D0222F2ED1D8F80030621C534421
S2140306E02A4449F82320012C09D911F8013C13F0B8
S2140306F0DF0F04D02120BDE8F0877D27F3E7013420
S2140307002B5DBB4209D12B195B7813F0DF03F1D1C4
S214030710222F00D12B550134D4E75C2B07D1324668
S21403072021462846FFF7A5FF0028E3D0013E013403
S214030730A642E5D8DEE75C2F08D132462146284696
S214030740FFF797FF0028D5D0013EE4E7202FE2D13C
S2140307500022631CB3420A70DDD2EA18EB5C202B3E
S214030760D9D0D8F800300F2B05DC49F82320013305
S214030770C8F80030CFE71E20BDE700F000B8002021
S2140307807047D6F7FFBB70B50C46154610B9DAF7B7
S2140307908BFB38B143682BB12A462146BDE870402F
S2140307A000681847232070BDF7B50D4616461C464D
S2140307B038B9DAF779FB04B901AC20B9232003B0C2
S2140307C0F0BD03B901ACC768002FF7D02346324605
S2140307D029460068B847F2E707B501228DF80710E7
S2140307E00DF10701FFF7CFFF03B05DF804FB0B46DF
S2140307F001461846FFF7F0BF00230122FFF7D4BFD8
S21403080008B508F038FCFA23B0FBF3F080B208BD55
S2140308100420704740F20160DAF73CBC70470120C1
S21403082070470020704749BA89B280EA0103C3F3D0
S21403083003125340180380B258405B0103F4FF537E
S2140308405840704708B5DAF7F1FF58B1A0F15903DD
S214030850042B06D8042B04D8DFE803F004040403AF
S21403086004005C2008BDDBF739B97047F8B50C46C1
S2140308708D18073552421540A5F108070646384637
S21403088000F0DFF9A188381B628801EBE00189B22A
S214030890A2EBE00225F8041C25F8062CA288C31058
S2140308A0AAB1A4EBC202B2F802C0D18003EB0C01DA
S2140308B05180E28892B1D31A9BB204EBC20425F8A6
S2140308C0023CA380B3680344B3603846F8BD15F80A
S2140308D0082C42F0020205F8082CEAE725F8022C59
S2140308E0F0E72DE9F04F4FF0000887B09946531C08
S2140308F0109B0546174614BF14460824CDF81480EB
S214030900002B00F0C580C3F80080002900F0C280E9
S21403091042688A4240F2BE80073121F0070608F09B
S214030920BFFA05AACDE9008282463A464B463146CF
S214030930284600F08AF9059F834607B130B950462A
S21403094008F0A9FA192007B0BDE8F08FB7F80280BF
S21403095029694FEAC802C0EBC8080139B8F1270F66
S21403096029617AD9B9F1000F51D1864206F10808F8
S21403097048D0224639462846FFF778FF04460590B6
S214030980059B9844404600F05CF9059906F10F0074
S2140309904A88C308A2EBD002A8F80220CA88A8F89F
S2140309A00430002A30D0D31A9BB201EBC202A8F857
S2140309B0063093808B88F608A380B8F804303A464E
S2140309C0E380414600232846668000F0A6F9AB681C
S2140309D00833AB60237843F0010323702B6901339C
S2140309E02B616288AB68504603EBC203EA68AB60D0
S2140309F0934288BFEB6008F04EFA109B0834002041
S214030A001C60A0E73C46BBE7A8F80620D2E707EB46
S214030A1008042046039200F014F90BF10703DB08E1
S214030A200599638008F10703DB08A380CB8893B19D
S214030A30DB00039AD81D821A5A44C2F3CF020B4432
S214030A40E2809A80A38808F1FF384FEAD808A1F815
S214030A500280CB80BBE7E380F4E7B9F1010F1BD13B
S214030A6007F10803B3FBF4F204FB1233B3B12246D7
S214030A7039462846FFF7FAFE044623783A4643F0FB
S214030A800103237021460123284600F046F9A8E710
S214030A90222058E7212056E78642E8D13C46ECE779
S214030AA007B500224FF0FF3101AB0192DAF776FC6F
S214030AB0019803B05DF804FB2DE9F74F04460D4695
S214030AC0002900F0AB80D0E9056808F0E9F915F8CD
S214030AD0087C35F8061CFB07009000D531B9009852
S214030AE008F0D9F9012003B0BDE8F08FA368D4F865
S214030AF0109035F804ECA3EBC10B09F10103A5F143
S214030B00080C4A1CC4F808B02361BEF1000F7BD062
S214030B10ACEBCE03D888B3F802A00190187807F0A0
S214030B200207C00765D4002F64D10198A0EB0A071B
S214030B30012F69D18A1CABF108075244C4F8109000
S214030B40A76035F802ECBEF1000F61D0D4E900705F
S214030B500CEBCE0A07EB0009CA4559D21CF83EC077
S214030B6057461CF0010C15D1AEEB0101012911D13A
S214030B70BAF80210AAF802C001310A44BAF80610FD
S214030B80002943D00AEBC107216901392161A16815
S214030B900839A16015F8081C013A21F0010105F88F
S214030BA0081C002125F8061C5A801A7861F30002F7
S214030BB01A707FB3C3F107023A44C2F3CF02DA8056
S214030BC0BA804EB3B34227D37288002A08BF1E46A4
S214030BD0B8F1000F06D0434504D8B8F80220002A1F
S214030BE018BF43460098C4E9056308F054F900208B
S214030BF079E74FB115F8087C724427F0020705F829
S214030C00087C00279F809CE763469AE70F46BBE76E
S214030C100027BFE7DF80D4E71E46D9E7222062E736
S214030C2010B50446DAF7D2FB2146BDE81040FFF7BD
S214030C3043BFFFF7F5BF0846FFF732BF0846FFF787
S214030C40F8BF0023036043607047F0B5D0E905544E
S214030C50561C08BF0822002B4FF0000008BF2C4686
S214030C60DDF818C0CCF80000002C37D09DF81470BF
S214030C706588FF0007EBC505C2F1000E2078C007A4
S214030C8008D51BBBE088A0B104EBC004658807EB5E
S214030C90C505F3E78D42F4D363B904F10806B6FB42
S214030CA0F2F002FB106670180EB1A842EAD8CCF830
S214030CB00040F0BD082A0FD06088013004EBC00066
S214030CC0461A06EA0E06801B8542F0D2A088002844
S214030CD0EFD0A4EBC004D9E70846E8E72046E8E7E8
S214030CE003460069C0B10AB951B91A6810460378B9
S214030CF0DB0711D531B9C3885BB100EBC300F6E758
S214030D009A69F3E7012904D1838823B1A0EBC300D2
S214030D10EDE700207047184670472DE9F041D0E90B
S214030D200554074688461646ABB1954200D00ABB23
S214030D30424600213846FFF7D3FFB442054600D0AB
S214030D402EB9424601213846FFF7CAFF0446C7E9D3
S214030D500554BDE8F081954208D08D4228BF0D4664
S214030D60B44205D0444538BF4446F0E70D46F7E79E
S214030D704446ECE79442EAD1E3E770B500261C4606
S214030D80C3E90001C3E90266C3E905001E611A77D9
S214030D905E62FFF756FF23690139C90801334180B4
S214030DA02361A36830460833A360E3680833E3602F
S214030DB070BD002307B5684600938DF80430D8F756
S214030DC005FD03B05DF804FB10B508F05CF80446B7
S214030DD006F062FA2046BDE8104008F04FB87047A8
S214030DE04FF4C870DAF752BBDAF704BC00F01CB84D
S214030DF07047704708B503F004F903F00CF903F0E5
S214030E0013F903F022F9BDE8084003F031B970473F
S214030E1008B503F0F1F803F0F0F803F0EFF803F089
S214030E20EFF8FFF7F4FF08BD08B503F022F903F067
S214030E3021F903F021F9BDE8084003F024B970470F
S214030E40012070472DE9F34112F001050446884658
S214030E5022D110F0030525D12F465208BA4209D1F4
S214030E60D8F7BEFC0026B74204EB860008D1D8F7B5
S214030E70C3FC11E054F8273001330CD10137EDE7FA
S214030E80042258F826300DEB0201019308F004FB08
S214030E9030B1D8F7B1FC3D25284602B0BDE8F08155
S214030EA00136E0E70125F7E77047B0F1006F0FD38F
S214030EB000F07843B3F1006F0CD000F06040B0F15F
S214030EC0404F09D0B0F1604F14BF04200320704791
S214030ED000207047012070470220704700207047AB
S214030EE01AB111B180B2DAF7F9BD2120704701F0CB
S214030EF059BEE3F71DBFFFF78DBCD0E9023253F8A6
S214030F00223000211878E3F765BB704702F08FB9EB
S214030F1001F0DDBDC3688268013BDBB252F82330C3
S214030F205B78652B02D10020E5F7A4BE6E2B01D1BA
S214030F300120F9E7662B01D10220F5E7704710B5CB
S214030F40D0E90232044653F82230187802F049FA00
S214030F50E368A268013352F82330BDE810401878DE
S214030F6002F03DBA10B50446C0B2DBF785FF200A8F
S214030F70BDE81040DBF780BFD0E9023253F82230D9
S214030F801878DCF781B802F0E4B9E4F771BB08B56A
S214030F9001F0BBFEBDE80840E5F75ABDD0E90232D2
S214030FA053F82230186801F0AEBE0020E5F756BEAF
S214030FB00120E5F753BE0221DBF7FCBF0321DBF775
S214030FC0F9BF0521DBF7F6BF08B501460C20DBF7B2
S214030FD0CDFFBDE80840DBF75BBF08B50146002040
S214030FE0DBF7C4FFBDE80840DBF752BF07B5C268AE
S214030FF08368043253F8223001211B880DF1060260
S214031000ADF806300023DCF759FD03B05DF804FBAA
S21403101008B508F044F8BDE80840F1F7D7BF10B5A7
S2140310201446DDF767F82146BDE8104007F0D8BD43
S21403103008B5DDF75FF8BDE80840002107F0D0BD2E
S21403104008B5DDF757F8BDE80840F1F7F5BB08B576
S214031050DDF750F8BDE8084008F084B908B5DDF7B9
S21403106049F8BDE80840F1F7D3BB7047704708B5A9
S21403107008F015F8FFF7FAFF03F068F8BDE8084034
S214031080DDF784B87047012070470120704708B524
S214031090DDF718F900280CBF0420012008BD7047AF
S2140310A02DE9F34104460D4616461F46DDF820801B
S2140310B008F08DF83B46324629462046CDF8008098
S2140310C003F046F83B46324629462046CDF80080D4
S2140310D0FFF7E5FF02B0BDE8F04101F063BD2DE97F
S2140310E0FF4704460D4616461F46BDF830809DF85A
S2140310F03490DDF838A008F06AF83B4632462946B5
S2140311002046CDE9019ACDF8008000F0FEFF04B03A
S214031110BDE8F04701F046BD704708B508F057F83C
S21403112003F019F8FFF7F8FFBDE8084001F03ABDF1
S214031130012070472DE9F74304460D4616461F4621
S2140311409DF8289008F043F83B4632462946204649
S214031150CDF80090FFF7ECFF80463B463246294623
S2140311602046CDF8009002F0F7FF01F01BFD404645
S21403117003B0BDE8F083012070472DE9F74304462A
S2140311800D4616461F469DF8289008F020F83B4665
S214031190324629462046CDF80090FFF7ECFF8046FE
S2140311A03B46324629462046CDF8009002F0D5FF4E
S2140311B001F0F8FC404603B0BDE8F083F8B50446FA
S2140311C00D4616461F4608F002F83B4632462946A9
S2140311D0204602F0C3FFBDE8F84001F0E3BC002060
S2140311E07047F8B504460D46164607F0F0FF32463C
S2140311F029462046FFF7F3FF074632462946204690
S21403120002F0ADFF01F0CEFC3846F8BD38B5044613
S2140312100D4607F0DCFF2946204602F0A1FFBDE895
S214031220384001F0BFBC704710B5044607F0CFFF47
S214031230204602F096FF2046FFF7F5FFBDE8104074
S21403124001F0B0BC704738B504460D4607F0BFFF43
S2140312502946204602F097FF29462046FFF7F2FF6D
S214031260BDE8384001F09EBC704770B504460D4695
S214031270164607F0ACFF32462946204602F085FFA5
S214031280324629462046FFF7EFFFBDE8704001F0DF
S21403129089BC704738B504460D4607F098FF2946C3
S2140312A0204602F074FF29462046FFF7F2FFBDE80A
S2140312B0384001F077BC704738B5054607F087FF1E
S2140312C0284600F0EFFE04460146284601F0ADFF2F
S2140312D001F068FC204638BD38B504460D4602F0DA
S2140312E058FF29462046FFF7E6FF38BD704738B556
S2140312F0054607F06CFF2846E3F7C6FC044601469E
S214031300284601F090FF01F04DFC204638BD38B565
S21403131004460D4602F03EFF29462046FFF7E6FF49
S21403132038BD704710B5044607F051FF204602F05B
S21403133032FF2046FFF7F5FFBDE8104001F032BC50
S214031340704738B504460D4607F041FF2946204648
S21403135002F023FF29462046FFF7F2FFBDE8384098
S21403136001F020BC704770B504460D46164607F0DC
S2140313702EFF32462946204602F010FF3246294603
S2140313802046FFF7EFFFBDE8704001F00BBC704747
S21403139038B504460D4607F01AFF2946204602F0E4
S2140313A0FEFE29462046FFF7F2FFBDE8384001F06F
S2140313B0F9BB704738B504460D4607F008FF2946C3
S2140313C0204602F0EDFE29462046FFF7F2FFBDE871
S2140313D0384001F0E7BB704710B5044607F0F7FE48
S2140313E0204602F0DEFE2046FFF7F5FFBDE810407C
S2140313F001F0D8BB704710B5044607F0E8FE204658
S21403140002F0D0FE2046FFF7F5FFBDE8104001F0DE
S214031410C9BB7047704770B504460D46164607F0BD
S214031420D6FE32462946204602F0BFFE32462946FD
S2140314302046FFF7EFFFBDE8704001F0B3BB7047EF
S21403144010B5044607F0C3FE204602F0AFFE204662
S214031450FFF7F5FFBDE8104001F0A4BB704738B5B1
S21403146004460D4607F0B3FE2946204602F09FFECB
S21403147029462046FFF7F2FFBDE8384001F092BB4D
S214031480704770B504460D46164607F0A0FE324672
S2140314902946204602F08DFE324629462046FFF7AF
S2140314A0EFFFBDE8704001F07DBB70472DE9F341C7
S2140314B004460D4616461F46DDF8208007F087FED5
S2140314C03B46324629462046CDF8008002F072FE9F
S2140314D03B46324629462046CDF80080FFF7E5FF17
S2140314E002B0BDE8F04101F05DBB0E2070470E2050
S2140314F0704738B5044607F06AFE2046FFF7F7FF45
S2140315000546204602F057FE2046FFF7EEFF01F0A1
S21403151049FB284638BD002070470020704738B581
S214031520044607F054FE2046FFF7F7FF054620461D
S21403153002F042FE2046FFF7EEFF01F033FB28469B
S21403154038BD704708B507F042FE02F036FEFFF7D7
S214031550F8FFBDE8084001F025BB00207047704740
S214031560704708B5DCF780FF00280CBF0420012075
S21403157008BD70470B68DA7B1AB9DB7C0BB9DCF75E
S21403158097BF8120704708B5DCF7AAFFBDE808407F
S214031590DCF7B4BF7047DCF7A3BFDCF7AFBF0828A0
S2140315A008D84FF48B73C34013F0010F0CBF2120F0
S2140315B000207047212070470121DDF791B80221F2
S2140315C0DDF78EB80421DDF78BB80821DDF788B880
S2140315D01021DDF785B808B500F026F808B100201D
S2140315E008BDDDF7CDF80028F9D1DDF7DBF80120DB
S2140315F0F6E7152808B503D1BDE80840DDF7C6B8F9
S21403160001F08BFE60B9E2F793FE032806D100F0E3
S21403161009F828B9BDE80840FFF7DDBF0028EBD07E
S21403162008BD7047002070470020704708B5DDF7F7
S21403163099FAFA23B0FBF3F008BD0321DDF7C2BA2B
S21403164001207047D0E9023253F822301878DDF7CC
S214031650C1BC0868C37B1BB9C37C0BB9DDF7EABC06
S21403166081207047D0E9023253F822301878DDF72C
S21403167023BD704730B50546044615F8100B85B0F4
S214031680029565691D44CDE900250B46A21D6188B8
S21403169001F025FE05B030BD704710B492F80A413C
S2140316A092F8053103EB04230B8100235DF8044B0A
S2140316B01A4601F012BE1FB50446084671B12178DA
S2140316C0FF290BD0238B029363690193237C00933A
S2140316D06288A31DE3F7F4FAFF23237004B010BD5A
S2140316E00868C37B73B9C37C032B0BD8DFE803F00E
S2140316F002080406DDF7E0BFDEF710B8DEF740B8F1
S214031700DDF7EEBF812070477047704700207047B3
S214031710137810B5032B0CD15479CBB29C4208D165
S2140317209379B3EB112F04D153781B1A58425841BF
S21403173010BD0020FCE77FB505460E46002469462B
S214031740E0B201F078FD28B96A4631462846FFF72D
S214031750DFFF18B90134202CF1D1002004B070BD8E
S214031760FFF7E9BF0868C37B9BB9C37C052B10D87A
S214031770DFE803F0030D070B0905DEF7A5B8DEF770
S214031780E1BADEF73BB9DEF78DBADEF70BBADEF762
S214031790DDB8812070470020704730B5102587B02C
S2140317A001AA00210195FEF744FC04462A460021BF
S2140317B002A8E8F70FFE2A46214602A8E8F75CFED1
S2140317C0012102A8DEF79CFC07B030BDDEF72ABC79
S2140317D07047FFF7FDBF0B68DA7B5AB9DB7C012B3A
S2140317E004D0022B04D02BB9DFF7AEB8DFF7B8B8B6
S2140317F0DFF7C2B881207047002307B5012101A88F
S2140318000193D5F717FA08B9D5F750F8012003B0B6
S2140318105DF804FB08B502F032FA052803D0003859
S21403182018BF012008BD0220FCE77047D0E902324A
S21403183053F822301878003818BF0120E0F71CBC94
S214031840E0F720BC00207047002070477047FF2059
S2140318507047FF2070470020704700207047002025
S2140318607047704706207047DFF7C4BE0868E0F786
S2140318709DBB70B50D46044600212846164601F06A
S21403188076F9324620800221284601F070F9324666
S21403189060800421284601F067F90023A360E36013
S2140318A06060082070BD034641B181424FF064007A
S2140318B005D94343B3FBF1F0C0B2704708467047FF
S2140318C0E0F7EEBBE1F7E4B9E1F7ECBAB0F5807FF9
S2140318D005D0A0F5007358425841400170470820D0
S2140318E0704730B599B00D4669461446E1F73EFA9F
S2140318F030B915B1BDF802302B600CB10D9B2360D7
S21403190019B030BD2DE9F04788B00E46904604A9BD
S21403191005AA07461D46FFF7E4FF044638BB2880A2
S2140319200DF10C09DDE904A39A4520D2062251469F
S2140319303846CDF8009006ABE1F734FAD8B9039BE6
S214031940062B18D12A88DDF81A3042450ED2BDF888
S214031950181026F832102A8806EBC20253602A882B
S2140319605344013206332A800493DBE7F7D9204633
S21403197008B0BDE8F0870124F9E72DE9F0438FB0FE
S2140319800F46904601A9002204469946FFF7A9FF91
S21403199018B101200FB0BDE8F083062220460DF1F2
S2140319A0020302A9FFF7AEFF0028F2D1054602465E
S2140319B0BDF80210019CEEB28E42EAD20EAB03EBE8
S2140319C0C60656F82C3C36F8306C0634BE4217BFB3
S2140319D0E418012213460022013522B1C8F800405C
S2140319E0C9F80030D6E71A46E5E770B500240126A5
S2140319F002F01FF9E5B2C26806FA05F595422346DA
S214031A0004F10104F4D3D8B270BD70B586B0E0F724
S214031A10FBFF00F11006E6F767FB002405461422D9
S214031A2001A9301902F00CF91CB99DF80430FF2BFC
S214031A3016D0002303F118026A4412F8142CFF2A66
S214031A4006D11C44601E90FBF5F080B206B070BD54
S214031A502B44DBB2132BEDD91434B4F5826FDED1ED
S214031A604FF0FF30F2E7E0F705BE07B504220DEBB3
S214031A70020102F0E5F8019803B05DF804FB37B500
S214031A80054608460C46FFF7F0FFA84206D0042298
S214031A9020460DEB02010195E6F778FB03B030BD57
S214031AA007B50B460092002102460120E0F774FEBC
S214031AB003B05DF804FB08B50121E0F7A5FDBDE81A
S214031AC00840E6F70FBDE1F7E3B808B5FFF7F3FF05
S214031AD0002008BD08B513460A4601461846E0F737
S214031AE0EFFE80F00100C0B208BD002070477047CB
S214031AF008B1E1F7EDB9704730B4DDE902451DB131
S214031B00029430BC00F0C6B930BC70471F2804D816
S214031B10142200F5A030DAF7ABB870471F2804D8B4
S214031B20142200F5A030DAF7CFB87047152808B5A9
S214031B3005D1FFF7DCFFBDE80840E1F70FBB08BDA2
S214031B4010B5142486B02246002101A8E8F742FC0B
S214031B502023224601A94FF4A03001F07AFC06B0F8
S214031B6010BD0020704713B500230C461A460146E5
S214031B70CDE90033E0B2E2F7B5F802B010BD13B515
S214031B8000231446019001220093E0B2E2F7AAF87C
S214031B9002B010BDD0E9023253F822301868E2F7DB
S214031BA019BA194491420ADC4218002003B9704757
S214031BB012F8011D013B01EB0020DBB2F6E7002023
S214031BC070472DE9F04F4FF0000A85B00193814628
S214031BD00F4615465346019A11785FFA8AF29142E8
S214031BE003D8002005B0BDE8F08F019909EB05087E
S214031BF001EB4202517892F802B011F040040091D2
S214031C0001F03F061BD0AC19BC42D4BF002401240C
S214031C1033466400A20740F18880009B1B0640F110
S214031C2092800E9B324603EB0B000021E8F7D2FBB3
S214031C303D4600231D44ADB20AF1010ACBE7042E4C
S214031C4007D866B1B31E022B0BD8DFE803F01221C8
S214031C5030003E2E37D03F2E5BD03D2E4BD0032098
S214031C60C0E7BD4234BF0024012401266400334686
S214031C70D0E7AB1CBB4250DC02233A462946484613
S214031C80FFF78FFFADF80A0002230DF10A08C1E73C
S214031C90EB1CBB4243DC03233A4629464846FFF780
S214031CA080FF0390042603230DF10C08B2E72B1DD7
S214031CB0BB4236DC04233A4629464846FFF771FF03
S214031CC003900423F0E77A1E95422CDA02233A4661
S214031CD029464846FFF765FF4FF6FF7380B29842E2
S214031CE00EBF0223023083B25C19A742B4BF03249B
S214031CF0012404268EE7BD4215D298F80030FF2B48
S214031D000CBF01230133EC18BC42CCBF03240124CF
S214031D10EFE70124042600237CE73446B4E70224D5
S214031D20C0E70224CDE70324E3E70E9A02EB0B0099
S214031D3014B142F80B807DE7324641460093E8F73C
S214031D40D9FC009B76E702204CE710B5144686B014
S214031D5018811A460A9B0291CDE903430123019396
S214031D60099B014600930320BDF82030E2F7F6F9FD
S214031D7006B010BD1FB500240294079C0194BDF85D
S214031D8018400094FFF7E1FF04B010BD2DE9F041C1
S214031D900E461746054686B098B391B38AB34FF0FE
S214031DA0000802A95FFA88F001F045FA044640B934
S214031DB09DF80830032B08D008F10108B8F1200F6E
S214031DC0EFD1204606B0BDE8F0819DF809202B79B7
S214031DD09A42F1D1BDF80A206B889A42ECD19DF85D
S214031DE00C30BDF80D006B7128812B4622464FF64A
S214031DF0FF71CDE90067FFF7BDFF0028DCD004467E
S214031E00DFE72124DDE710B586B00A9C04949DF82D
S214031E1024400394BDF8204002940124CDE9003405
S214031E2013460A4601460620E2F798F906B010BDA7
S214031E301FB504460846194600230094CDE901233E
S214031E40079BBDF81820FFF7DEFF04B010BDF0B502
S214031E50022805460E4614461F468BB00AD106A92D
S214031E60F0B201F0E8F998B99DF8193023719DF89E
S214031E701C306371119B224604930023CDE9023381
S214031E800193109B3146009328463B46E2F766F9DA
S214031E900BB0F0BD13B500240194049C0094FFF727
S214031EA0D6FF02B010BD2DE9F04506468846144617
S214031EB09A46002701258BB006A9F8B201F0BBF9B4
S214031EC020BB9DF81830012B19D19DF819203379C2
S214031ED09A4214D1BDF81A2073889A420FD19DF8FE
S214031EE01C3032467371B9B2CDE9030ACDE901005D
S214031EF0434602200094E2F731F9054610B901374C
S214031F00202FD9D128460BB0BDE8F0850546F9E762
S214031F100023FFF7C8BF10B50446E2F7FDFE002115
S214031F20631E04F10F0213F8010FFF2808BF197090
S214031F309342F8D10023237410BD0020704770B578
S214031F4006461D46E2F75CFD044608B9212070BD2F
S214031F503046E3F723F80028F8D0A0682A46FF2186
S214031F60FFF75DF89DF81030002063719DF814307C
S214031F70A371ECE713B59DF81040CDE90034134682
S214031F800122FFF7DCFF02B010BD08B5E2F738FD0B
S214031F9028B18068FF21FFF753F8002008BD2120F1
S214031FA0FCE70122FFF7F1BF1FB50B466A46014661
S214031FB0184601F036F96A460823002032F8021B59
S214031FC0013B13F0FF0380EA0100F7D1012838BF75
S214031FD0012080B205B05DF804FB2DE9F04F87B011
S214031FE0DDE9109B05468846484619461F461446B3
S214031FF0BDF848609DF84CA0FFF7D6FF042D0346B6
S214032000ABF800001AD8022D1DD9042D07D04FF2C5
S214032010F222A188914222D1E28891071FD5E17A64
S2140320200022CDE9013720463346CDE90392CDF8A9
S21403203000A001F045F907B0BDE8F08F6A1F012A3A
S21403204011D92120F7E700224146CDE9119228460F
S2140320502246109707B0BDE8F04F01F040B94FF69F
S214032060FF760C21DCE7052D0ED10023E17A002252
S214032070CDE90137CDE90392009123465246414606
S214032080304601F010F9D6E74FF2F222A1889142CA
S21403209004D1E288920701D5E17AE8E74FF6FF76A6
S2140320A00C21E4E7F0B585B00546E2F769F948B1D7
S2140320B06B88B3F5006F05D1681D05B0BDE8F04029
S2140320C000F0EEBC284600F006FD0446C8B9E7B2A9
S2140320D06946384601F0AFF878B99DF8006066B9EE
S2140320E02946384601F0ABF820B140F6044398423F
S2140320F007D08C26304605B0F0BD0134202CE6D13F
S214032100F7E78D26F6E7E2F721BB2DE9FF470446FE
S2140321100D460146184617461E46BDF830809DF804
S2140321203490DDF838A0DDF707F9D0B92146284604
S21403213001F023F933463A4629462046CDE9019A6B
S214032140CDF80080E2F7A6FB33463A4629462046FA
S214032150CDE90D9ACDF8308004B0BDE8F04701F024
S214032160F9BF04B0BDE8F087E2F73EBDE2F7F6BC80
S214032170E2F71ABD10B5044601F00BF90822014632
S2140321802046BDE81040E8F777B901F004B900210E
S21403219001F001B901F013B9002070472020704701
S2140321A0EFF7F4BFF0F73EB8F2F7E8BA7047E2F796
S2140321B067BE70B506460C46154600F04CF850B19F
S2140321C03CB135B1204600F0D8FC013080B2A842BD
S2140321D000D9002070BD304600F043F840B1002C13
S2140321E0F7D0012DF5D9204600F0CCFC0230EDE700
S2140321F03046E2F7A5FDEAE7F8B5BDF8185010B388
S214032200967855B9D478A6F14107012F07D8621EF0
S214032210D2B200F0D1FD0020F8BD2C46F3E7433ED2
S214032220012E04D8A21E92B200F0DEFDF3E7D278A8
S21403223013B90DB1AA4206D811B9E8F7CBF8EAE705
S214032240E8F71AF9E7E78920E6E7413803288CBF61
S214032250002001207047413801288CBF0020012050
S2140322607047433801288CBF0020012070470020A8
S2140322707047002070470388B3F57C4F01D3FFF700
S214032280F8BF0846FFF7F3BF10B54A880488A24292
S2140322900DD1037B0C79234009D0B2F57C4F08D3CC
S2140322A0FFF7E7FF0B891B1A5842584110BD002061
S2140322B0FCE70120FAE738B50D88D488A5420AD191
S2140322C00388B3F57C4F08D2FFF7D5FF13891B1A93
S2140322D05842584138BD0020FCE70120FAE72DE9B3
S2140322E0F04715460446B8B149B1EAB100264FF0A7
S2140322F0140AB04690F80490F3B2994501D8002426
S2140323000AE027680AFB06773846FFF7BDFF013663
S21403231028B13C46A5F800802046BDE8F0877B89B7
S21403232043441FFA83F8E7E71446F5E72DE9F04739
S2140323300E4615460446B8B149B112B300274FF00E
S2140323400C0AB846B0F80890BBB2994501D80024E9
S2140323500AE06368324620460AFB0731FFF7ABFF05
S21403236028B10C46A5F800802046BDE8F0870B7917
S214032370013713F0300F02BFCB7843441FFA83F8BC
S214032380E2E71446F0E72DE9F04186B00D46144621
S214032390984604AA05AB03A90646E2F7A7FD40B391
S2140323A00DB1049B2B6034B3049D03982946FFF7B5
S2140323B062FF2B88074602467188307800F04FFB91
S2140323C0D8B1297911F010030BD0EB782A46CDE962
S2140323D000433B4671883078FCF7CAFC06B0BDE87C
S2140323E0F0812A4620460599CDF80080FFF704FFC2
S2140323F0F4E78620F2E72046F0E77E20EEE71FB5F7
S2140324001C460023ADF80A20BDF818208DF80400FA
S214032410ADF80610ADF80C2069461A4601A80093DD
S2140324208DF80840FFF7AFFF009804B010BDF0B575
S21403243087B00E4605AB04AA03A90446E2F756FD89
S21403244008B3049D03982946FFF715FF2B88074614
S21403245002466188207800F004FBB0B1297911F0B8
S214032460100108D000963B462A4661882078D3F7A9
S21403247003FC07B0F0BD009101232A4631460598B8
S214032480FFF7BAFEF5E78620F3E77E20F1E72DE9AE
S214032490F041064600254FF014080779E8B2874254
S2140324A001D800241AE008FB05F0D6F800C00CEBB0
S2140324B000043CF8000081421AD132B1802A10D1C0
S2140324C094F90CC0BCF1000F12DAB0F57C4F05D3BB
S2140324D02046FFF7CEFE834200D04BB92046BDE828
S2140324E0F081402A04D194F80CC01CF0400FECD1C4
S2140324F00135D3E70121E2F735BC08B513460022C0
S214032500E2F75EFD003818BF012008BD08B5134684
S2140325104022E2F755FD003818BF012008BD08B574
S21403252013468022E2F74CFD003818BF012008BD91
S21403253008B540220023E2F743FD003818BF012008
S21403254008BD08B580220023E2F73AFD003818BF1D
S214032550012008BD0023E2F733BD0021E2F7A0BD4A
S21403256010B504460121E2F79BFD2046BDE8104066
S21403257001F024BE7047F8B516461F469DF818208E
S214032580BDF81C300546E2F71BFD78B10421E2F7DF
S21403259005FE044650B1284600F010FB3A46314685
S2140325A02846A047BDE8F84000F0FCBAF8BD2DE980
S2140325B0F74F1E46DDE90C9B074688461446BDF8D2
S2140325C038302AB3B9F1000F22D00EB392F804A024
S2140325D099F80020504612F0080F0CBF80224022C4
S2140325E06188E2F7EDFC98B10821E2F7D7FD0546CE
S2140325F070B1504600F0E2FA33462246414638466A
S214032600CDE9009BA84703B0BDE8F04F00F0CABA77
S21403261003B0BDE8F08FF8B5BDF8187016461A4635
S2140326203B460446E2F7CCFCE0B177B90221E2F779
S214032630B5FD0546B0B1204600F0C0FA3146204647
S214032640A847BDE8F84000F0ADBA1021E2F7A6FDB2
S214032650054638B1204600F0B1FA3A4631462046E0
S214032660A847EEE7F8BD73B5BDF8184016461A46F8
S21403267023460546E2F7A4FCB8B1C4B92021E2F725
S2140326808DFD044670B1284600F098FA099B314642
S214032690009328469DF820309DF81C20A04704464A
S2140326A000F080FA204602B070BD8624FAE70024C4
S2140326B0F8E72DE9F04186680446007800F07EFAD4
S2140326C0002514273279EBB29A4203D8BDE8F041CD
S2140326D000F068BA7B4332682078D15A02EB0308CD
S2140326E000F0C1F901214046E2F758FD034608B160
S2140326F0207898470135E5E72DE9F04F1C4689B069
S2140327009DF84C30BDF8488001939DF850309246B2
S21403271002932246434607460D46E2F751FC8DF8E0
S21403272014700646ADF816508DF81840ADF81AA08A
S214032730ADF81C8018B9012009B0BDE8F08F05A9D3
S214032740FFF7A2FD0028F6D000252F46A8462C4604
S21403275034E00C231FFA85F903FB09F93188736803
S214032760B1F57C4F33F8092003EB090B1AD333F882
S214032770090050452CD3019BA3422DD900F0BAF98A
S2140327809BF80200E3F7B6F9029B43B19BF80430CB
S21403279013F0010F0CBF05200720E3F7ABF9013454
S2140327A0A4B219E0ADF81A205946304605AA039399
S2140327B0FFF781FD039B0028D9D101353289ABB2DF
S2140327C09A42C6D804EB0800C31B58425841B3E7E5
S2140327D008F101081FFA88F80137BFB2EDE710B514
S2140327E0012488B006949DF83C4005949DF8384033
S2140327F004949DF8344003949DF8304002940B9C57
S2140328000194BDF828400094E2F70CFE08B010BD12
S2140328102DE9F04786B0BDF83880DDF83C909DF88A
S21403282040A0CDF80080CDE9019A04460D46164631
S2140328301F4600F012F9B8B1431EDBB2012B10D8C5
S21403284000230122811E48424841CDE90432CDE9E6
S21403285002A03B46324629462046CDE90089FFF7CB
S214032860BEFF06B0BDE8F0870120FAE730B50024C6
S214032870012587B0CDE9044503959DF82C500295B4
S2140328800A9DCDE90045FFF7AAFF07B030BD30B576
S2140328900024012587B0CDE9044503959DF828500B
S2140328A00094CDE901354023FFF799FF07B030BD0B
S2140328B010B5012486B0CDE90444002403949DF8A2
S2140328C028400294099C0194BDF820400094FFF729
S2140328D086FF06B010BD1FB5089C03949DF81C40E8
S2140328E00294069C019400240094E2F797FE04B039
S2140328F010BD70472DE9F84F0229074688460C9D00
S21403290004D84FF0000A5046BDE8F88F1BB10429DF
S214032910F7D942F004023A702BB303247B701B0AE8
S214032920BB70E4F791F94FF000099DF8283038554D
S21403293004F1020A01343B550B9A5FFA89F3D45C1F
S214032940002CE0D0732C10D82E464C2C56F804BB23
S2140329503DD0532C15D0622C45D1AC8805F1080622
S21403296000231A4616E00124DBE7A4F17503032BC4
S214032970C7D8763C2E1D022C52D8DFE804F0565AF0
S21403298058006A6805F1080694B2D2B2B2F1FF03A2
S21403299018BF01230AEB040119448845B1DB5046EE
S2140329A01946002947D153441FFA83FA5CB1BBF199
S2140329B0000FA6D0224607EB0A005946E7F79AFE11
S2140329C054441FFA84FA354609F10109B4E74FF671
S2140329D0FF736A6805F1080694B222469C4214BF48
S2140329E002230023D6E76C2C05D1584600F0CAF81C
S2140329F0841CA4B2B4E7732C04D1584600F0BDF887
S214032A00441CF6E7A4F13003DAB2092A01D89CB2D3
S214032A10A6E7A4F14103062B3FF673AF373CE8E77E
S214032A20012300242A68A346B4E70223F9E7032315
S214032A30F7E70423F5E700F1010C01393A54C9B26C
S214032A40120A1FFA8CF0ACE70020E2F7DBBF002285
S214032A50E2F7F8BF0023E3F70BB801207047012025
S214032A60704701207047704700207047002070476A
S214032A7000207047002070470020704700207047F2
S214032A8070470E20704700207047002070470020D4
S214032A907047002070477047FF2070470E2070472E
S214032AA084207047704700207047704700207047A7
S214032AB000207047002070470020704700207047B2
S214032AC000207047002070470020704770470E2094
S214032AD070470020704700207047002070477047FB
S214032AE070470E207047704700207047812070475C
S214032AF07047704738B50546C0B2E2F7FBFF044699
S214032B00280AE2F7F7FF14B1002808BF002420467E
S214032B1038BDF8B50546C0B2E2F7ECFF0446C5F388
S214032B200720E2F7E7FF0746C5F30740E2F7E2FFB1
S214032B300646280EE2F7DEFF24B12FB136B1002891
S214032B4008BF00242046F8BD3C46FBE73446F9E7B9
S214032B5010B4CC18944203DC5DF8044BFFF721B89D
S214032B6000205DF8044B70470423FFF7F1BF08B558
S214032B700223FFF7EDFF80B208BD0078FF2808BFE9
S214032B800020704708B502220021FFF7F0FF4FF63A
S214032B90FF73984208BF002008BD003818BF012005
S214032BA0400070470020704708B5FFF7A3FCFF28D6
S214032BB04FF0FF3018BF0020C0B208BD08B5FFF7BE
S214032BC0F3FFFF280CBF2120002008BDF8B50646FA
S214032BD00C4615461F4600F011F810B12544AC42CA
S214032BE000D1F8BD3946304614F8012BE3F774F8E4
S214032BF0F5E7014600220220E2F7FEBF01207047F8
S214032C0037B50546E1F788FA044601950CB98120E5
S214032C101CE0237823B12046E1F786FA0446F5E75D
S214032C202B6862685B889A42F5D1A368EA7B99B2FF
S214032C3072B12A8A9142EED16A7DB2EB134FEAD182
S214032C400020E36801A998478128E4D003B030BD8B
S214032C504FF6FF72EEE72DE9F84304460F4690461B
S214032C6099460BB3012A1FD80C20E7F7B9FD064691
S214032C7010B91920BDE8F8831020E7F7B1FD18B99D
S214032C803046E7F7B5FDF4E70123002547EA084792
S214032C9070600570C0F80C904460876033803046DF
S214032CA0E1F732FA2846E5E72120E3E738B504469C
S214032CB0436808460D469847B4F90830002B02DBF4
S214032CC02B78042B06D1002320466360BDE83840EA
S214032CD0E3F794BB38BD30B54FF48A5587B0ADF8EB
S214032CE016200DF116041A46029543B1002301225D
S214032CF0CDE90033234600F01EFA07B030BD019439
S214032D0001240094F7E7FFF7EBBEFFF7BCBE0020F5
S214032D10704708B500F001FB20B900F048FB08B97E
S214032D20E0F7EAFBFFF7D2FEBDE80840FFF7DBBE9D
S214032D300020E3F7CBBF0021E4F768B80022E4F7EE
S214032D4027B81FB5D2880B4612F0200F4FF6FD7139
S214032D5014BF49245224ADF80610510544BF083C5D
S214032D60E4B2110544BF083CE4B2120444BF023C7B
S214032D70E4B2032805D8DFE800F0020F161CADF80E
S214032D800630BDF80600FFF787FEFF281CBF241A8F
S214032D90E4B2204604B010BD02AA0DF10601D8B273
S214032DA000F079FAEDE7D8B200F047FAADF806007E
S214032DB0E7E7013CE4B2E4E7F8B5064617460D46F6
S214032DC081B10C78FF2C0BD00846FFF7D6FEB8422D
S214032DD028BF3846C4B22246691C701CE7F74CFB72
S214032DE03470F8BD0C46FBE770B5044615460E4630
S214032DF011B94170017070BD0B78FF2B05D14B786C
S214032E00FF2B02D103704370F5E73046FFF7BAFE97
S214032E10A84228BF284685B22A46B11CA01CE7F75D
S214032E202BFB25702D0A6570E5E7F0B523B9013A4B
S214032E30531C2FD1002020E0042AFBD800231C4675
S214032E40551E6E1C1AD1042A10D00121D200501E22
S214032E5001FA00F020421EBF914049420C4318423B
S214032E601EBF4FF0FF3101FA02F213439C421EDCF1
S214032E70B4BF4FF0FF30002040B2F0BD40B1465D16
S214032E80EF00BE4034434E5D013DBE403343D8E7BA
S214032E900646F5E78C5C38B90346A34202F1FF32D7
S214032EA0C6D24FF0FF30E8E7835CA342F5D9012092
S214032EB0E3E7283807288CBF0020012070471D2829
S214032EC010D004D840B11C2804D0552070471E38B3
S214032ED00128FAD81A2901E00B390F298CBF55208F
S214032EE0002070470829F9E7002000217047F7B54E
S214032EF09DF820400546082C104619469DF8246088
S214032F0036D8002213462C44AC4208D106F0FD0402
S214032F10382C0ED10096FFF7E7FF03B0F0BD14F888
S214032F20017D1B0243EA12631202BA1843F100033F
S214032F30EAE7392E10D107EE100A07EE902AB4EE10
S214032F40E77AF1EE10FACCBF77EE677A77EEC77AB8
S214032F50002117EE900AE0E7824273EB010403D2E6
S214032F60801A61EB0301D8E7101A63EB0101D4E77B
S214032F7000200146D1E738B5C36814461944836870
S214032F8053F821501AB12846E7F720F9207028464F
S214032F9038BD2DE9F3411C4616460DF107029DF890
S214032FA02050FFF7E8FF9DF807308046A34288BF0E
S214032FB08DF807409DF807700DB1E41BE5B22A466D
S214032FC000213046E7F706FA3A4641467019E7F716
S214032FD053FA384602B0BDE8F0812DE9F3411D46A9
S214032FE0164601AA9DF82040FDF723F8019B80466C
S214032FF09D4238BF0195019F04B1EC1B2246002178
S2140330003046E7F7E7F93A4641463019E7F734FA28
S214033010F8B202B0BDE8F08173B50024154601AAE4
S2140330201E460194FDF705F8019B072B0AD9214696
S214033030CCB216B1C4F10704E4B2425C01310829EC
S2140330402A55F5D1D8B202B070BD1FB5030A8DF864
S2140330500E300323009303AB8DF80D0000F0BBF88E
S21403306005B05DF804FB1FB58DF80F100421030AA5
S2140330708DF80E30009103AB8DF80D0000F0ABF821
S21403308005B05DF804FBF0B589B016689DF83C50B2
S214033090CDF809608DF811305668BDF83830012D2B
S2140330A0109FBDF84440CDF80D60ADF812308DF892
S2140330B0145014D0032D19D13B68CDF815307B6816
S2140330C0CDF819309DF848308DF81D30162300933F
S2140330D0BDF84C2002AB00F07EF809B0F0BD8DF8C9
S2140330E01540240A0F238DF81640F0E70120F4E775
S2140330F01FB50446084611461A4602238DF80D10DE
S2140331000093214603AB00F066F804B010BD10B57B
S21403311014461A460B6886B0CDF80D304B6834213A
S214033120CDF811300A23009303AB8DF8154000F059
S21403313052F806B010BD2DE9F041B6B014461D4650
S21403314006460F469DF8F080E4F784F803AA8DF848
S2140331500C001046330A8DF80F703F0A8DF80E30B8
S2140331608DF80D602B468DF810708DF8114005EB29
S2140331704405AB4202F102021FD16200D2B2931D94
S214033180DBB23D99D8336B44073203F8CC8C01EBA2
S2140331904805D3B250FA82F2A94202F1020212D1D2
S2140331A003EB4803009006213046BDF8F820DBB257
S2140331B0E4F75AF836B0BDE8F08133F8021B117114
S2140331C0090A5171D5E731F8024B02F8024C240A7A
S2140331D002F8014CE0E72DE9F0411C4605460E4691
S2140331E017469DF81880E4F735F8207043463A46AC
S2140331F0314628460694BDE8F041E4F735B800208A
S21403320070477047D8F79EB8704770477047704747
S214033210704700207047704770470020704770471C
S214033220704702F0EEBEFEF772B8FEF755B803F02D
S21403323031BAF8F7F9BB03F01EBAF8F7B3BBF8F7E1
S2140332401BBCF8F7D5BBFEF71CB9FEF76BB8FEF749
S21403325078B8F4F74DBEF4F751BEF3F7B1BDF2F705
S214033260D3BEF2F7D7BEEFF7ABBBFEF7B5B8FEF7A4
S2140332707AB8FDF715BFFEF79DB8FEF789B830B4E8
S214033280BDF808409DF80C50CDE9024530BCFDF76B
S21403329026BFFDF793BFF8F761BDE4F735B8F8F737
S2140332A027BEF7F773BC70B49DF80C40BDF81050FA
S2140332B09DF814600394CDE9045670BCF5F778BC0A
S2140332C070B49DF80C40BDF810509DF8146003943C
S2140332D0CDE9045670BCF5F7ABBCF5F795BD10B455
S2140332E09DF8044001945DF8044BF5F7E5BC10B473
S2140332F09DF8044001945DF8044B01F073BF01F0A0
S21403330073BFFDF7A0BFFDF7B0BFFDF7C3BFF1F76F
S214033310E3BBF2F725BAF2F7F7B9F1F709BA02F009
S2140333209FBAF1F7ADBD02F0E1BAF1F70DBFF1F7C1
S214033330DFBAF2F71BBAF2F79DB9F2F7B3B9F0F7B3
S214033340F3B8FEF7B3B8FEF766B8FEF779B8FEF73C
S21403335086B800F00BBC00F004BCF7F74DBCF5F7DD
S21403336057BAF7F727BCF7F74DBDF5F721BAEFF7CE
S21403337013BBF6F743BEFFF745BFFBF739B9FEF7B6
S214033380E1B8FDF751BFFEF736B801F001BDE3F72C
S21403339019BFEFF7C5BEEFF7BFBB01F09BBF01F048
S2140333A06BBFEFF70DBCEFF74BBEEFF74FBEEFF774
S2140333B07BBBE3F723BFE3F735BFE3F70DBFEFF7B9
S2140333C029BBE3F713BFF9F7EBBA01F053BF01F0DC
S2140333D01ABFEFF725BBEFF78DBEEFF76DBBE3F72D
S2140333E0B1BFE3F7A9BFF9F7DFB8F9F7CBBA03F034
S2140333F05DBA03F063BAF9F74FB9F9F7CBBA00F041
S21403340063B900F0A1B900F0C9B900F0A0BA00F0A2
S21403341010BB00F079BAE4F78BBC00F0E6B900F015
S21403342013BA00F026B810B51C4601F0C2FD05F02D
S21403343007FF0023C0F340202370400010BD002286
S21403344008B50B461146FFF7EEFF023818BF0120FA
S21403345008BD002070477047002070477047002063
S214033460704770470E207047012070477047012051
S214033470704714220021E6F7ADBF704770B50546C6
S2140334800C468AB0252200210DF10300E6F7A2FFC1
S2140334906B68CDF81D30AB68CDF82130234601AC00
S2140334A003F11006224618685968083303C2B3426C
S2140334B01446F7D101236A7B8DF8023012F0040F0D
S2140334C00CBF4FF480734FF4A073110748BF43F447
S2140334D08063ADF80030930748BFBDF800306846F8
S2140334E044BF43F00803ADF80030F4F79BFE0AB080
S2140334F070BD30B5427B0D46D10704468BB007D569
S214033500407801A9F4F7F4FED8B12D200BB030BDF6
S2140335109307FAD5C2F3800310074FEA8313ADF877
S214033520023044BF43F48063ADF80230BDF8022096
S214033530201D0AB10DF1020201A902F07FFD002849
S214033540E3D001AB03CB9DF81430A1602373BDF821
S21403355010306060590642BF627B42F00402627319
S2140335605A0542BF627B42F0080262731B0742BFE2
S214033570637B43F0020363732B4606AC0AAD224615
S21403358003CAAA4218605960144603F10803F6D129
S2140335900020BBE7F0B504460D4693B02522002174
S2140335A00DF12300E6F716FF636804F1040CCDF86B
S2140335B03D30A36809AECDF841302B4605F1100720
S2140335C0324618685968083303C2BB421646F7D119
S2140335D005238DF82230637B5B0103F40073ADF89B
S2140335E020306378FF2B1AD1002360461A4601A9C0
S2140335F000F0CAF99DF80530FF2B0DD1002301A971
S2140336001A46184600F0C0F99DF80530FF2B03D183
S2140336101C26304613B0F0BD9DF8053063700020BD
S214033620617808AA00F09BFA06460028F1D1607874
S21403363001A900F02FFA2B4603AD2A4618685968ED
S214033640083303C2BB421546F7D1637B6078DB06BB
S21403365048BF9DF81C3001A944BF63F07F038DF873
S2140336601C3000F02EFAD4E710B504468AB02422A4
S214033670002101A8E6F7AEFE637B590744BF40224C
S214033680ADF810201A0742BFBDF8102042F480623E
S214033690ADF81020DB070FD5607801A9F4F728FEF4
S2140336A010B12D200AB010BD01AB03CB637B606065
S2140336B043F00203A160637304A9201D02F0C0FC5B
S2140336C00028EED00020EDE71FB5694600F066F847
S2140336D0002818BF2D2005B05DF804FB73B50D4612
S2140336E014460646E3F752FF6B881A071AD5224696
S2140336F03146102002F085FC2046E3F747FF6B882F
S214033700D90717D50023224601210DF107008DF8AE
S2140337100730E4F707FA6B88002B0CBF2120002044
S21403372002B070BDDE06EAD522460821281DE4F75E
S214033730F9F9E1E79A0701D50223E4E75B07EAD53F
S2140337400323E0E70F2070471FB50C46694600F0D9
S21403375025F8102221466846E7F788F9B0FA80F084
S214033760400904B010BDB8B1B1B14388A3B903781A
S214033770013B082B10D8DFE803F00507090B0F0FF2
S2140337800F0F0D00E4F7D0B8E4F72AB9FFF776BEBB
S214033790FFF700BFE4F7B8BA2120704738B50D46E7
S2140337A009B300B30378013B082B1AD8DFE803F00C
S2140337B0050D1013191919191600E4F7EDF8044648
S2140337C0284602F01EFE204638BDE4F729F9F6E740
S2140337D0FFF78FFEF3E7E4F759F9F0E7E4F79EFA0D
S2140337E0EDE72124ECE72124EDE770B586B0064625
S2140337F001A80C461546FFF73CFE04238DF804305B
S2140338001CB12068616802AB03C3294601A88DF882
S2140338100560FFF7A8FF06B070BD70B586B0044616
S21403382001A80D461646FFF724FE032320686168A9
S2140338308DF8043002AB8DF8116003C3294601A846
S214033840FFF791FF06B070BD0022FFF7E6BF30B565
S214033850437B044613F001020D468BB007D0407835
S21403386001A9F4F745FD70B12D200BB030BD9B07C1
S214033870FAD5ADF8022001A90DF10202043002F0D8
S214033880DDFB0028F0D000210E22A81CE6F7A2FDDF
S214033890BDF810302B80039BAB60BDF81230AB81B4
S2140338A09DF81430237301AB03CB6060A160002046
S2140338B0DBE770B5437B0446DB070E468AB003D4CA
S2140338C02D2528460AB070BD6946407800F045F9B4
S2140338D005460028F4D1DDF81D300E226360DDF8BE
S2140338E021300146A360637BB01C43F0020363737D
S2140338F0E6F770FDBDF80030069A43F00403338004
S214033900059BB2607360DCE70B4610B504461022D5
S21403391000211846E6F75EFD2278032A09D0042A1A
S2140339200DD0022A11D101462046BDE81040E4F727
S2140339305BBA01462046BDE81040FFF788BF014644
S2140339402046BDE81040FFF7B4BF262010BDF8B5EB
S214033950074608460C4616461D46FFF78AFD04230F
S2140339602370637B314643F001032046677063731D
S214033970FFF714FF08B12D20F8BD29462046FFF7B0
S214033980C3FF0028F8D0F6E7F8B5054608460C4608
S2140339901F461646FFF76DFD0423237025B1082244
S2140339A02946E018E6F768FD637B43F0020363737A
S2140339B04EB932460121284600F0DAF8FF28607037
S2140339C007D12D20F8BD31462046FFF7E7FE002835
S2140339D0F7D1637B43F0010363730DB90020F1E76E
S2140339E0002FFBD039462046FFF78EFFF6E7F8B5E3
S2140339F00C460746084616461D46FFF73AFD0323C0
S214033A002046394600F8043B0822E6F735FD637B7B
S214033A10314643F0020320466373FFF7BFFE08B147
S214033A202D20F8BD29462046FFF76EFF0028F8D064
S214033A30F6E7F8B5074608460C4616461D46FFF752
S214033A4018FD03232370637B314643F001032046AE
S214033A5067706373FFF7A2FE08B12D20F8BD2946F1
S214033A602046FFF751FF0028F8D0F6E718B180226A
S214033A70012100F07DB8FF207047002307B51A46E2
S214033A8019460093F6F736F9B0FA80F0400903B00A
S214033A905DF804FB0B4610B519220446FF211846B1
S214033AA0E6F798FC7E2C01468CBF04F5C43004F57B
S214033AB083304FF01902BDE8104088BFAD30D8F709
S214033AC0D7B87E2888BF00F5C4304FF0190294BFDC
S214033AD000F58330AD30D8F7F7B830B589B00D466A
S214033AE0FFF7C4FFFF2804460DD001A9FFF7D2FF56
S214033AF02868696801AB03C3204601A9FFF7E1FF05
S214033B00002009B030BD2D20FBE77047704700202A
S214033B10704770470F2070470F207047002070478C
S214033B200F207047002070470020704784B08DE850
S214033B300F00002004B0704770477047002070479E
S214033B407047002070477047002070470120704779
S214033B50704700207047012070470E2070470E20E4
S214033B6070470E2070470020704770470E2070473E
S214033B70FF207047704770470020704770477047B4
S214033B80704700207047704700207047002070473A
S214033B90002070477047704700207047002070472A
S214033BA0704700207047002070477047002070471A
S214033BB010B50024E3B210B9C3F10303DBB201343A
S214033BC0042CCA544FEA1222F4D110BD10B50B7858
S214033BD04C788A78C97828B910462246044608469F
S214033BE01946034642EA012043EA042343EA004017
S214033BF010BD7047E4F7ACB908B5D2F759FF0028F3
S214033C0014BF8620002008BD08B5D3F721F9003875
S214033C1018BF012008BD08B5D3F7DAF8003818BF77
S214033C20012008BD08B5D3F75FF9003818BF012097
S214033C3008BD08B5E4F76CFABDE80840E4F71ABA1D
S214033C4070B504460D461646E4F762FA0420E4F718
S214033C5003FA324629462046FFF7DDFF04460220D4
S214033C60E4F7FAF9204670BD08B5E4F751FABDE863
S214033C700840D3F791B8E4F783BDE4F763BD08B50E
S214033C80E4F760FD20B1BDE808400020E4F798BEE5
S214033C90112008BD10B5044608B1E4F773FF2046AB
S214033CA0BDE81040FCF7C5BF10B50446006A10B166
S214033CB0616AFFF7EFFF0020C4E9080010BD38B5BE
S214033CC00546FFF7F1FF2B7E0446012B0ED0023B81
S214033CD0012B0ED8EB69012B18BF6FF09604282230
S214033CE000212846E6F776FB204638BDEB69002B15
S214033CF0F2E76FF09604F2E718220021E6F76ABBB4
S214033D0070472DE9F84F9846DDE90B490D9B15469C
S214033D109A0706460F4623D02A460A9B03EB040A55
S214033D201444A24220D10D9B9B0705D5A2EB050A9E
S214033D30D14505EB0A0420D82046BDE8F88F434654
S214033D4039462020B0470AF1010ACA450AEB0B029E
S214033D50F5D3A9EB04024C4588BF00222A44DCE7CE
S214033D60A246A5EB040BF0E702F1010B43463946E6
S214033D701AF8010DB0475A46D3E74346224639465A
S214033D802020B0470AF1010AD2E72DE9F047DDE922
S214033D900D7616F0020F9DF82880DDE90854DDE95C
S214033DA00BCE1FD106F001094FB1B9F1000F06D0B3
S214033DB0B8F1000F02D116F00C0F00D0013F4FF000
S214033DC0300A04E0202C04D005F804A0013474451E
S214033DD0F8D3B9F1000F05D04FF03009A74201D947
S214033DE0202C2DD116F0100F1FD016F4806F2CD177
S214033DF05CB3744501D0BC4227D1B4F1010E23D085
S214033E00BCF1100F46D1023C16F0200F28D1202C0F
S214033E1028D04FF0780C05F804C00134202C21D0AC
S214033E204FF0300C05F804C00134202C1AD0B8F13A
S214033E30000F23D04FF02D0C05F804C0013412E018
S214033E4005F804900134C9E77446BCF1100FDBD0C3
S214033E50BCF1020FE2D1202C04D04FF0620CDAE75B
S214033E60202C08D12024CDE90A76CDE90854BDE8F4
S214033E70F047FFF746BF4FF0580CCCE716F0040F99
S214033E8002D04FF02B0CD7E716F0080FEBD04FF00D
S214033E90200CD1E7BCF1020F7446C1D1DDE72DE952
S214033EA0F04391B0189D1A9E1D9F0DB927F0100779
S214033EB07C0500D515B317F0200F14BF4FF0410E45
S214033EC04FF0610EAC4600250DF12008AEF10A0E48
S214033ED0BCFBF6F906FB19C95FFA89F4B9F1090FB9
S214033EE094BF30347444E4B2B44508F8014B05F18A
S214033EF00105BCFBF6F401D3202D10D11C9C0697BC
S214033F0005941B9CCDE903649DF86440CDE90154F8
S214033F1008AC0094FFF739FF11B0BDE8F083A44660
S214033F20D6E72DE9F04F95B0269ECDE90A23DDE9C5
S214033F301E74DDE9229B57EA040308BF26F0100629
S214033F407205CDE9080102D557EA040337D016F007
S214033F50200F14BF4123612300250DF1300AA3F17E
S214033F600A0821464A465B463846E5F7C7FED2B2FC
S214033F70092A94BF303242444F45D2B274EB0B0445
S214033F8005F101050AF8012B01D3202D14D1259B39
S214033F9006960593249BDDE90801CDE903939DF876
S214033FA08030CDE901530CAB0093DDE90A23FFF71C
S214033FB0ECFE15B0BDE8F08F07460C46D1E70025AA
S214033FC0E5E708B100F014B8704710B1D1E9003145
S214033FD01847704738B5441E14F8015F25B90A2000
S214033FE000F006F8284638BD284600F001F8F3E747
S214033FF001460020FCF7F0BB70477047EEF7E0B8C9
S214034000704708B5FCF7B9FBD2F752FDBDE8084088
S214034010D4F762BE704708B5D3F792F8FBF7EFF80C
S214034020BDE80840E4F774B808B5FBF775FFE4F796
S214034030DDFDFBF74FFEE5F77BF9E5F767F9E5F7F7
S214034040E9F8BDE80840D7F7EDBD08B5D5F704FE97
S214034050FBF72FFED5F70CFEFBF72DFED9F7F4FF83
S214034060DAF79AF8DAF7A2F9BDE80840DAF7C0B843
S21403407070477047E5F7F4B808B5FCF7C9FFBDE825
S2140340800840FCF7F4BF704707B500220346114605
S21403409001200092D9F752F903B05DF804FB07B587
S2140340A000920B46027D81898068FDF78AFD003801
S2140340B018BF0120C00103B05DF804FB08B500205B
S2140340C0E0F7BEFC0020E2F74FFA0020DAF74EFBDB
S2140340D00020DAF7DFFD0020DAF7DEFF0020DBF74B
S2140340E0CBFA0020DBF7F4FF0020DEF723FB0020EB
S2140340F0DFF78EF80020DFF783FEBDE808400020D8
S214034100DFF76EBF08B50120FDF73DFA0120DAF7A9
S2140341108DFCBDE808400120DBF7AEBA08B50220E7
S214034120E0F782FD0220DFF775FF0220E2F72AFDA3
S2140341300220FFF7A2FD0220FDF7C5FC0220DFF7F1
S21403414067F8BDE808400220E0F70EBADAF7ACBD20
S214034150FDF7D9BF70477047704770477047704781
S214034160704710B50446E0F719F92046FDF741FA03
S2140341702046DCF7BFFA2046DDF712FA2046BDE8F4
S2140341801040FDF7D3BCFDF7EEBCFDF7F8BCDFF738
S21403419041BE70477047FDF750BA70477047704787
S2140341A070477047704705F011B870477047DFF7E0
S2140341B0CBBE704770477047704770477047FEF72F
S2140341C079BCFEF77DBC704700207047FEF77ABCCB
S2140341D0FEF783BC7047431E012B03D9031F5842C7
S2140341E0584170470120704700F021BC4FF4D0724D
S2140341F00021E6F7EFB870B50446E8F7C3F90546BD
S214034200A8B9A169F1B1238AD3B1204604F11002FB
S214034210E8F766F838BBE16919B3638AA3B12046A9
S21403422004F1120200F0CAFA78B1054603E000234F
S214034230A3612361E361002328466361236270BDA3
S214034240A061E8E72082E6E7E361216A0029F2D06D
S214034250A28A002AEFD02046E38ABDE8704000F029
S2140342606FBA6182F1E76582E561DEE711B9D0F8DE
S214034270DC1021B1CB6813B18B68D88970474FF631
S214034280FF707047E7F762BA10B50C461146E7F7BA
S21403429083FAE8F7B1FC012801D1002010BD002CF9
S2140342A0F7D10520FAE700F0CFB900F0E3B970B50F
S2140342B000232425D0F8DC00C4689C4201D12120C9
S2140342C070BD826805FB0322D6898E4202D8128A05
S2140342D08A4201D20133F0E70020F1E7F8B506463B
S2140342E00D46E6F7CFFCD8B94FF6FF734FF0240C14
S2140342F0EF68C1B28F4208D81C4621463046E6F71F
S21403430077FE00F09AFB2046F8BDAA680CFB012254
S214034310D4899C4202D2002CEFD023460130E8E732
S2140343200024F0E7C08D70470A7838B50546104676
S214034330FFF751FF60B14C782046FFF74CFF38B1CA
S2140343402243530704D42846BDE83840E7F770BC39
S214034350212038BD10B504460878FFF73CFF58B156
S2140343604A781046FFF737FF30B1042A04D02046B8
S214034370BDE81040E7F77ABC212010BD00F0E8B88E
S214034380E7F7DCBF084600F008BBE7F71BBB38B50A
S21403439004460D4600F08EF850B129462046E6F74F
S2140343A027FE30B929462046BDE83840E7F7D2BA9B
S2140343B00E2038BD70B516460C4604F064FD314633
S2140343C005462046EAF7B4FC0446284604F056FDA4
S2140343D0204670BD00F032B970B5044600200E4684
S2140343E000F027FBD4F8F0503DB1002331462046B9
S2140343F0AC46BDE870401A4660472B46012231465C
S2140344002046E7F73FFD284670BD38B50446488882
S2140344100D4600F00EFBD4F8F0302BB929462046A3
S214034420BDE83840E7F73CBC022038BD00F003BBCC
S21403443000F03CB9E7F75CB9E9F754BC70B5BDF8D2
S2140344401060054606B16BB1334428469BB200F0B4
S21403445077F9044620B91EB13146284600F0ABF979
S214034460204670BD2124FBE7E8F7C2BFC0F8EC1076
S21403447000207047E7F74EBE00F05EB910B4BDF8F3
S214034480044001945DF8044B00F09FB80B4610B54A
S21403449014461846A1689288E6F72CF9E1680346A5
S2140344A031B1A0886288121A92B21844E6F722F94C
S2140344B0002010BD0346408A18B1188A003818BF7A
S2140344C0012070470846E9F719BD00F0ECBA00F082
S2140344D0EABAE9F725BF084708B5E7F751F9C0B2C6
S2140344E008BD022A01D800F0E2B921207047022A4B
S2140344F001D800F0EDB921207047022A01D800F058
S214034500F9B921207047E8F765BC0846E8F780BC90
S21403451000F018BA00207047002070477047D0F8A4
S214034520943003F06003402B0DD0602B03D0203B68
S21403453058425841704749B10B68012B06D9486960
S21403454040F00100704740F20110704700207047AA
S214034550F7B504461046D4E954C7DDE908268CEAC5
S214034560020587EA06010540194085EA0C057940ED
S214034570C4E95451002523F4004106EA010320F060
S214034580010043F40073024043F00203CDE90055F3
S214034590EBF798FA94F824309A0713D5D4F85431E5
S2140345A09B050FD54FF48811204600F058FB94F86E
S2140345B02430024665F3410384F8243020460B4634
S2140345C0E7F7B2F8002003B0F0BDF0B587B01C469D
S2140345D01746BDF830601AB90024204607B0F0BD70
S2140345E0002BF9D00029F7D001AAE8F701FF00282D
S2140345F0F2D0BDF80630A2199A42BDF80850C4BFDF
S2140346009B1B9CB2B54212D90399AD1BADB2314484
S214034610A5420391ADF808500DD22A463846E6F770
S21403462069F80499621B7819E6F764F8D5E70499E4
S214034630761B3144049122463846F5E70846EAF7E6
S21403464017BB0220E9F762BE08B5D0F8E4304BB1D9
S2140346501A68022A06D993F825204AB1186AB0FBCD
S214034660F2F008BD4FF446624C210020E6F722FD27
S2140346700020F6E7D0F8E42008B57AB11368022BD9
S2140346800CD9536A13F47F4FC3F3072106D0126A7B
S214034690DBB253438B42B3FBF1F006D2002040F665
S2140346A07F424C21E6F706FD002008BD0346D0F8FE
S2140346B030010860B3F8343100208B80704790F8DF
S2140346C030310C2B14BF90F82B00FF20704738B501
S2140346D00C464FF400610546ECF798FA70B17CB1CE
S2140346E095F81E3173B94FF480724FF480712846E3
S2140346F0ECF778FA003818BF012038BD2202F4E739
S2140347002246F2E70020F8E74FF48071ECF77EBA12
S21403471008B54A024FF40071ECF764FA002008BDAE
S21403472008B58A024FF48061ECF75CFA002008BDF6
S2140347304FF40071ECF76ABA062300208B717047BA
S214034740B2F5805FF8B50F460646154619462ED8CD
S2140347509A422CD33F2A26D9B2FA82F40122C4F114
S2140347601F03DBB29A4092B2AA422CBFC4F11904CB
S214034770C4F11A04E2B20124931DDBB29C40A4B236
S214034780AC4212D096F8F5309BB9012096F8243047
S21403479060F3C71386F824303846E8F73DFC00205C
S2140347A03762B582F8BD0022ECE70020EEE7212051
S2140347B0F8E70E20F6E70846E8F74EBC70B5054660
S2140347C00E46144602B313883F2B1DD9B3FA83F360
S2140347D0C3F11901C9B2062901D8192B12D006292B
S2140347E028BF062101238A1DD2B293403046238078
S2140347F0E8F73AFC23882846EE616B82E8F7BEFCAE
S214034800002070BD0021EDE72120FAE710B514461D
S21403481008460121EAF702F92046BDE810400121C7
S214034820EAF7FCB8F8B504460E46174604F02BFB29
S2140348303A46054631462046EAF7AEFB0446284686
S21403484004F01CFB2046F8BD022070470320704787
S214034850E9F754BD10B50023E7F7D4FF044608B9BB
S214034860EBF74EFB204610BD704770B505460E4667
S214034870144600F0E3F831462846FFF72FFD00F014
S214034880DDF8230704D50B2C9CBF24F00804A4B240
S21403489021462846E6F77AFF00224FF400312846E1
S2140348A0ECF7A0F9002070BD8021ECF7AFB97FB517
S2140348B0531C05AAADF81410029202210022DBB2A3
S2140348C0CDE900211146ECF7ABF907B05DF804FB20
S2140348D07FB5531C05AAADF81410029204210222D8
S2140348E0DBB2CDE9002100220121ECF799F907B0EC
S2140348F05DF804FB1FB5531C029100220821CDE985
S21403490000210122DBB21146ECF78AF905B05DF807
S21403491004FB07B591F82830009391F82B3091F8F3
S214034920292091F82A10E8F71BFA03B05DF804FB78
S21403493010B50446E6F724FF01462046BDE81040BE
S214034940E6F724BF002914BF21200020704738B59E
S214034950054610460C46E8F789FAD5B1D5F8E03097
S214034960BBB15B69ABB1421ED2B2FD2A13D90A684A
S214034970013204BF6FF001020A600A68FF281A605A
S21403498007D16268013202D16FF001026260626889
S2140349905A60002038BD0128F2E738B50546EAF725
S2140349A023FB04460021A878E8F7C8FA204638BD5A
S2140349B02DE9F74F01251C469DF830300646019336
S2140349C00368174603F0070306339D4005F1FF38D7
S2140349D00B46A1B1416804EA080BA5EB0B0A41F0AC
S2140349E00059524509EB0B0114D952461846E5F710
S2140349F081FE49467A1B5A445044E5F77BFE019BE9
S214034A002BB13C4448EA050804EA0804F46003B002
S214034A10BDE8F08F1846F0E737B500251446009535
S214034A20FFF7C6FF204603B030BDE8F79BB800206B
S214034A30704700207047002070477047704730B5B6
S214034A4049000446056812B102291FD90339C90370
S214034A5095B9E1B1B1FA81F3C3F12003C3F10F00B5
S214034A60012838BF012003F01F03D940A94201D90A
S214034A7001384908216030BDB5FA85F339B1B1FA7A
S214034A8081F29B1A002BE9DC0F20EFE700210F20B1
S214034A90F0E7012805D9023818BF4FF0FF30C0B23F
S214034AA070470120704708B5E9F782FDBDE8084066
S214034AB0E9F7A6BD38B50446FFF7F5FF0546FFF749
S214034AC0F2FF431BA342FAD338BD38B50D4604465E
S214034AD0E9F76EFD35B1844200D90139204601F06D
S214034AE0030138BD844238BF0131F7E708B5012119
S214034AF0FFF7EBFFBDE80840E9F782BD0B0C23F494
S214034B008053B3F5284FF7B50D468FB2064699B2D4
S214034B1016D04AF60103994214D04AF60203994284
S214034B2012D0B1F5204F14BF04240324D6F8E03086
S214034B300BB1196851B9D6F8DC3093B928680EE082
S214034B400024F3E70124F1E70224EFE7234668464F
S214034B503A46E9F7B1FDDDE90003002BEBD103B0DC
S214034B60F0BD19680029E9D0234668463A46E9F7B6
S214034B70A3FDDDE90003002BE0D1F0E702F002BB62
S214034B800204C0F3891307D56FEA83536FEA93537E
S214034B9013F5007F18B206D0A3F1C8006FF4FF73B5
S214034BA09842B8BF184670474FF0384359699A6918
S214034BB003F500530A405A6170470E207047EBF71F
S214034BC093BBEBF791BBEBF78FBBEBF78DBB08B54E
S214034BD00846EBF7AFFF08BDEBF786BB022070472E
S214034BE0022070470020704701207047002070475E
S214034BF00E20704700207047E7F7FEBF08461146B1
S214034C000122FFF741BB70B505460C4611461A460E
S214034C10ECF742F806682B462046B446BDE87040DB
S214034C20604710B5ECF738F8BDE8104083681847BE
S214034C30FFF710BEE7F708BFFFF7A9BBE7F712BCFD
S214034C4070B504460D4616464FF4881100F01CF85E
S214034C50324629462046BDE87040E8F727B938B5FE
S214034C6005460C4604F00FF9D5F890301C40D5F8ED
S214034C708C302343C5F88C3004F000F9211E18BF8E
S214034C8001210020490238BD38B504460D4604F01C
S214034C90FAF8D4F890301D40D4F88C3023EA050592
S214034CA0C4F88C5004F0EAF8284638BD38B50446F4
S214034CB00D464FF48811FFF7E7FF29462046BDE867
S214034CC03840E8F71BB973B50D7806460C4635B37E
S214034CD004238DF804302379304601A98DF8053076
S214034CE0FFF738FB0546B8B92278A37952BB8DF88F
S214034CF00430E379304601A98DF80530FFF714FB3D
S214034D00054648B923783BB161883046E7F7C8F9CA
S214034D1001213046FFF7DBFC284602B070BD29466A
S214034D20FFF7D5FC29463046FFF7F2FC2946304606
S214034D30FFF7F6FC2378002BCAD123798DF80430CD
S214034D406379C9E702228DF80420D3E7FFF7E0BCB6
S214034D50FFF7EEBC0020704710B50446ECF736F8B4
S214034D6021460020ECF786FEBDE81040002000F048
S214034D702BB970470120704708B5EDF7A9FC80F002
S214034D800100C0B208BD4FF0FF30FFF79EBB70476F
S214034D900020704710B50C4603F036FE048010BDA5
S214034DA038B50C46154603F02FFE03881DB11C4389
S214034DB0A1B2018038BD23EA040189B2F9E708B538
S214034DC003F022FE008808BD08B503F01DFEC07878
S214034DD008BD08B503F018FE008800F00C0008BDF7
S214034DE008B503F011FE008800F00C00031F5842BC
S214034DF0584108BD38B5054603F006FE0446284666
S214034E00FFF7EEFF30B904F1100004F019FA00F4CE
S214034E10406038BD4FF40060FBE738B5054603F045
S214034E20F3FD04462846FFF7DBFF014648B9103476
S214034E302046042203F028FD2044BDE8384004F051
S214034E40FFB9A08838BD10B50C4603F0DDFD84809D
S214034E5010BD38B5054603F0D7FD04462846FFF7D0
S214034E60BFFF30B904F1100004F0EAF900F4404043
S214034E7038BD4FF40060FBE738B5054603F0C4FDC4
S214034E8004462846FFF7ACFF014648B910342046CF
S214034E90062203F0F9FC2044BDE8384004F0D0B9FC
S214034EA0A08838BD38B5054603F0AEFD044628464F
S214034EB0FFF796FF014608B1201D38BD10340622C1
S214034EC0204603F0E1FC2044F7E708B503F09CFD19
S214034ED0007A08BD08B503F097FD90F9090008BDF0
S214034EE008B503F091FD807A08BD08B503F08CFD84
S214034EF0C06808BD10B50C4603F086FD047210BDED
S214034F0010B50C4603F080FD447210BD10B50C4678
S214034F1003F07AFDC46010BD2DE9F8430F468046C2
S214034F20002107F110001646994603F0E1FD0446FA
S214034F30D0B103F069FD0546204603F081FD00214C
S214034F4002462846E5F746FA00232046AB7049F0AA
S214034F500401FFF71FFFA5F804802EB13A46314639
S214034F6005F11000E5F7C6FB2046BDE8F883F8B563
S214034F7005460F461020002103F0BAFD0446B0B1E3
S214034F8003F042FD0646204603F05AFD0021024682
S214034F903046E5F71FFA002339462046B370FFF77D
S214034FA0F9FE25B12A460121204603F079FD204665
S214034FB0F8BD08B503F028FD103008BD08B503F0AA
S214034FC03FFD1038C0B208BD0020ECF77BBC08B527
S214034FD0ECF7D6FE002008BD4088C0F30C00033073
S214034FE0800840000430704770B50E4605461146EB
S214034FF0304603F07DFD044635B128B103F004FDC9
S21403500032462946E5F738FA204670BD0088B0FADE
S21403501080F04009704738B505880022044604F03E
S21403502079F905B1258038BDF8B507460D460088E1
S2140350300021164603F020FDB042044605D129465A
S2140350403846BDE8F840FFF7E6BF0021204603F0E8
S21403505013FDB04205D02046002103F00DFD0446A3
S214035060F3E72A462046002103F01AFD3246284677
S214035070BDE8F840002103F013BDF8B505880746E0
S2140350807DB1CCB22146284603F0F6FC854206469F
S21403509009D100233B8000222146304603F000FD61
S2140350A035462846F8BD214603F0E6FC214602466F
S2140350B0284603F0F5FCEEE72DE9F047078882461D
S2140350C0884614465FB3384603F0BAFC3D460646A8
S2140350D0E4B22146284603F0CFFC4045814616D16C
S2140350E0214603F0C9FC21460246284603F0D8FCB5
S2140350F0474504D1454508BF0025AAF800500022BD
S2140351002146404603F0CCFC3046BDE8F087874294
S214035110FAD003F095FC30444D4686B2D9E73E46B6
S214035120F2E700220123C0E900237047F8B50446DE
S2140351300127002603F0B4FE23683BB903F0ABFE59
S21403514000226368012B0ED16360F8BD1D691F61E1
S214035150266003F0A0FE012DF2D02B462D691E61BA
S214035160012DFAD1E6E719691A610B46EAE70368E7
S21403517023B94068012803D0EDF74ABB00207047E7
S2140351804FF0FF307047F8B5054603F074FF012370
S21403519006460027A8602B7303F082FE2B680246A0
S2140351A07BB11C692169A1420CBF2F60196127617D
S2140351B0104603F070FE012C08D02046636898471B
S2140351C0EAE76C68012C04D103F065FE00232B7319
S2140351D0F8BD6169711AB1F1004FF5D821696960AC
S2140351E02361E5E7022070470220704700207047DE
S2140351F00144884201D10120704710F8013B9342D5
S214035200F7D00020704770B50146064692B00020DE
S214035210ECF708F8044670B9FDF7F1FF05460146BA
S2140352206A462046ECF744FB6A46294620468DF834
S2140352300260ECF7F3FD204612B070BD00B593B0E4
S214035240FDF7DDFF6A4601460020ECF731FB9DF9CA
S214035250020013B05DF804FB00B593B0FDF7CFFF73
S2140352606A4601460020ECF723FB9DF8000013B0C6
S2140352705DF804FBECF7E0BA012070477FB54FF604
S214035280FF7101AAEDF736FD20B1BDF80C0007B09B
S2140352905DF804FB4FF6FF70F9E708B51046EEF726
S2140352A0EFFCBDE80840EEF7A9BD704770477047AE
S2140352B07047704770477047704738B54FF6FF75AD
S2140352C00D800C46F6F7A0FD2080A8420CBF2D20CB
S2140352D0002038BD002100B593B06A460846ECF7B7
S2140352E0E7FABDF8060013B05DF804FB002110B51D
S2140352F092B004466A460846ECF7DAFA00216A4694
S2140353000846ADF80640ECF789FD12B010BD002143
S21403531000B593B06A460846ECF7CAFABDF804002F
S21403532013B05DF804FB002110B592B004466A463C
S2140353300846ECF7BDFA00216A460846ADF8044075
S214035340ECF76CFD12B010BD70472DE9F04F87B037
S2140353500C4691460746FFF73CFD0546661C30465D
S21403536003F06EFF042D40F090803846FFF721FED1
S2140353700378092203F00303012B14BF022303233C
S21403538001212046039303F07FFA092200210546F4
S214035390204603F079FA21788DF8170001390022A8
S2140353A0204689B2FFF720FE04EB09088346F0B1D6
S2140353B04FF0010A2A460146CDF800A003980DF1E6
S2140353C01703FBF7DAFE0228054626D1584603F0F4
S2140353D037FB00222070C0B2431E00929BB2524697
S2140353E05946304604F025F823785344237038464C
S2140353F0FFF7E5FC020424D498F8013021789B07D4
S2140354001FD50139A1EB09013A464046C9B2F1F767
S214035410F5FB23781844207013E020B92070284643
S21403542007B0BDE8F08F032809D1404603F008FF14
S21403543020F4007189B2404603F004FFD7E704283E
S214035440D5D10125002220462178FFF7CDFD07465A
S2140354500028E4D04FF000080146434601224046A8
S214035460CDF80080FBF789FE022819D1384603F0F1
S214035470E7FAC2B2013A207093B2394601223046A7
S214035480CDF8008003F0D5FFC9E780F0800520F053
S214035490800081B23046C5F3C01503F0D3FED1E7D2
S2140354A00028BCD12070BAE708B50020FFF764FCDB
S2140354B080F00100C0B208BD0A4608B501460020C8
S2140354C0EDF766FEB0FA80F0400908BD0020ECF761
S2140354D0D9BD00210846ECF77DBA0020FFF74ABC89
S2140354E070B5044603F0ACFE0422002106462046AF
S2140354F003F0CAF9204403F0A3FE03220546002165
S214035500204603F0C1F9204403F09AFE4FF6FF73DA
S2140355100540ADB29D4214D1F30712D506220021F1
S214035520204603F0B1F9204403F08AFE0446EDF763
S214035530A1FE844214BF02240624EDF795FE204004
S21403554070BD2046FBF7EBFFC400E4B2F5E708B5F1
S214035550FFF7C6FF003818BF012008BD01207047BB
S21403556010B50446FEF71DFB08B9FEF71CFB030542
S2140355700FD40C231B2B01D1002009E020FA03F1E2
S214035580C90703F1010206D5DBB2E31A58425841B4
S21403559010BD0B23F9E71346ECE710B50C46098854
S2140355A019B90846F7F788FF2080012010BD08B513
S2140355B010461A4600F08CFABDE8084003F0DEBD3C
S2140355C070B504460D46164692B06A46ECF770F977
S2140355D06A46294620468DF81F60ECF71FFC12B07A
S2140355E070BD10B50C46EEF721FA2046BDE8104014
S2140355F0EEF732B90129F8B505460C461DD0032946
S2140356001ED0052920D0072922D0002600240027F3
S2140356100120ECF79FF8304485421DDA0320ECF7AF
S21403562099F82044854219DA0520ECF793F83844B4
S2140356308542B4BF07200520F8BD6FF00406E5E7F2
S2140356406FF004040526E2E700266FF00407DFE7A1
S214035650002405272646DBE70120EDE70320EBE7DA
S21403566038B14379490023F00C0301F00C010B43D6
S2140356704371704710B5044678B1417940884908AC
S21403568001F006010131000AFFF7B4FF02460146A6
S2140356902046FFF7E5FF104610BD0722FBE738B5A7
S2140356A00D46EEF7B1F9044608B9002038BDFFF7FA
S2140356B0E1FF002DFAD1237913F00703F5D09842C2
S2140356C038BF1846C0B2F1E7EEF7ACBB0022EEF7E0
S2140356D0CFBC0021012208B5EEF7CAFC401A18BF5A
S2140356E0012008BD38B51546FFF7F0FF04462846E7
S2140356F003F083FE84B1FF2804D0626822FA00F325
S214035700DB0701D5012038BD0123834013436360C3
S214035710E3780133E370F5E72046F4E7EEF702BFDC
S21403572010B503F071F900F11004204603F088FD6C
S21403573020F4007189B22046BDE8104003F082BD14
S2140357402DE9FF411546019101218DF80D301B0A05
S2140357508DF80E309DF82C308DF80C008DF80F3038
S21403576028460423009103AA9DF828809DF83070EC
S2140357709DF8346001F016FB044670B12946FFF726
S21403578062FBB8F1000F02D12046FFF7C9FF2FB125
S21403579046B93146204601F0D0F80024204604B02E
S2140357A0BDE8F081002220461146EEF741FEF4E7FD
S2140357B04FF47A70EEF796BF08B5EDF73DF8BDE8FF
S2140357C008400020EFF794B800B58BB06846EEF7B4
S2140357D065FF009BBDF8060004A90693EEF704FFD9
S2140357E00BB05DF804FB1FB504466846EEF756FF9C
S2140357F002AB03CB2060616004B010BD1FB5062367
S21403580004468DF80C30EFF7CDF900238DF80D0024
S214035810CDE9003301210223204603AA01F0C2FA90
S21403582004B010BD38B5002208210546FFF7E0FC9A
S214035830044698B9FFF74EFD22464FF6FF71EFF781
S21403584009FC2846297CEFF783F8287C6A69E989EE
S214035850F0F77EFFEEF7F4FF204638BD0120FCE7A5
S21403586070B50C4605460120EFF780FF237B4BB14E
S214035870FFF730FD014623462A46BDE87040012067
S214035880EFF706BC4FF6FE71F5E7F8B50E4607468A
S214035890FFF78FFB054603F0D3FC00F44040B0F55A
S2140358A0404F14BF0022062202F10A03EB5C0B32C0
S2140358B05C0004F00E045B08144403F03803384617
S2140358C01C44FFF77BFB844208D2001BC2B20F2A9C
S2140358D028BF0F2230462919E4F70CFF2046F8BDEF
S2140358E0ECF7AABF40F62740F0F7B0BCFF224FF60E
S2140358F0FF71F0F7DFBD07B500210DF10700F0F7E4
S21403590011FF9DF8070003B05DF804FB13B50446CA
S21403591001A90020F0F706FF019A01462046F0F79A
S21403592017FF204602B010BDF0B50F46002187B022
S214035930044608461646F0F7F5FE012305460DF124
S2140359400A008DF808408DF80930FFF74CFF092C44
S2140359501DD131460DF1120003F074FC05AB002196
S21403596002AA9B1A2846CDE90011DBB2642101F096
S21403597019FA0546E0B1092C15D1F0F733FF0446B2
S21403598088B12846F0F742FF204607B0F0BD3146FF
S2140359900DF113008DF812704FF6FF7503F052FCED
S2140359A00DF11503DBE7284600F014F80446EBE791
S2140359B00446E9E738B504460D4603F038FD40B122
S2140359C0AC4206D0204603F029FDBDE8384000F07F
S2140359D0ACBF38BD10B50446FFF7EBFA023003F050
S2140359E02FFC4FF6F7739842204603D9BDE81040C4
S2140359F0F1F786B8F1F7C6F8B0FA80F0400910BDA3
S214035A00012070470022F0F7B3BF70B50446008844
S214035A10FFF7CFFA0546043003F012FC0646A81C2F
S214035A2003F00EFC054603F021FB3046F2F790FA2E
S214035A3030B92846F2F78CFA10B1284603F0F7FC83
S214035A40A378002023F00F03A37070BD70B505463E
S214035A50FFF7AFFA0646284601F0C8F9014628467E
S214035A60F8F75EF904462846FFF7D7F94FF6F773BB
S214035A70984208D8337803F00303012B05D1A31EFD
S214035A805842584170BD0120FCE70020FAE741F276
S214035A90033330B585B00D46ADF808300446FFF73E
S214035AA019FC8DF80A00FFF715FC0021000A8DF893
S214035AB00B0005232046CDE9001102AA8DF80C50F1
S214035AC001F070F910B12146FFF79CFF05B030BD19
S214035AD02DE9F041044617460D46E1B13F294FF044
S214035AE0000600D135462046FFF773F9082814D17F
S214035AF00121204602F0C0FF064602F0A1FF04463D
S214035B00304602F081FF3B4601462A46E0B2BDE836
S214035B10F041FDF718BC0126E5E72046FFF759F9E3
S214035B20024630B9BDE8F0414FF6FF71012003F09D
S214035B3050BB2046FFF75EF9B0F5006F0ED1204646
S214035B40FFF76BF94FF6FF739842014617D0002D07
S214035B500CBF03200520002203F03BFB294620460A
S214035B60EEF71EFD68B929462046F2F78FF940B9CD
S214035B70324629462046BDE8F041F1F747B90120F1
S214035B80E9E7BDE8F0817047704737B54FF6F6751D
S214035B90FDF738FB431E9BB2AB420446F8D8EDF73D
S214035BA033FF0028F4D169462046EDF74FFA002864
S214035BB0EED0204600F09AFE0028E9D12046FFF7F3
S214035BC088FD0028E4D12046F2F7C2F90028DFD189
S214035BD0204603F02CFC0028DAD12046FDF71DFBF7
S214035BE00028D5D1204603B030BD73B504460E4613
S214035BF0F2F7AEF9054688B92046F2F703FA2146CE
S214035C002B460D224FF6FD70009500F0A1F83146A5
S214035C10204602B0BDE87040F2F7B6B902B070BDD8
S214035C20F7B504460D461746FFF754FB0646002D08
S214035C303FD04FF6FB739C423BD82046F2F788F9D9
S214035C4008B1A64235D02046F2F782F910B10120FA
S214035C5003B0F0BD2046FDF7E0FAC0B1A642F6D089
S214035C60F4B169462046EDF7F1F90246C0B90821BA
S214035C706846FFF7BDFA98B9082269462846E4F74E
S214035C80F5FE68B129462046FFF7AFFFDFE7A642D9
S214035C90E6D12846EDF748FA10B900F03DFED6E700
S214035CA03FB121462846EEF755F821462846F6F733
S214035CB091F80020CCE737B5054614460C2914D8CE
S214035CC0DFE801F02C132C131313071313131324F9
S214035CD024006946EDF7BAF918B901216846F6F7C4
S214035CE077F941202946F8F797FCD4B12046FFF709
S214035CF060F9023003F0A4FA4FF6F773984210D90E
S214035D00204603B0BDE83040F0F7B0BF40F614407D
S214035D1040F613430B2908BF1846E3E700F0EDFDF2
S214035D20E3E703B030BD1FB50346084603218DF8ED
S214035D300D308DF80C1001230021ADF80E20CDE9AF
S214035D40003103AA042301F02DF805B05DF804FB27
S214035D502DE9F34106460F4614461D469DF820805E
S214035D60FFF7B8FAB04207D100222146384602B000
S214035D70BDE8F041FFF79FBF3A4631462046FFF79E
S214035D80D2FFADF8060060B10D2C05D100224FF608
S214035D90FF71282003F01DFA35B9BDF80600FFF79A
S214035DA019FE02B0BDE8F0810123424629460DF1F3
S214035DB00600ECF795FCBDF80630002BEDD1F0E7B6
S214035DC0F7B50C460546FFF7F4F8611C0646284669
S214035DD0F7F7A6FFA11C0746284600F02AFF014650
S214035DE004463846FDF747FA0D2F34D12046F2F71E
S214035DF0AFF878B1301D03F023FA04462846F67947
S214035E00FFF73AF831460246204603B0BDE8F040B5
S214035E10FFF768BCB01C03F013FA4FF6F77398420B
S214035E2002D92846F0F722FF2046F2F7EBF8FFF7F1
S214035E3051FAA04205D1002003B0BDE8F040FFF7B9
S214035E40A2BE6B46B068F16803C369462046F2F704
S214035E509BF803B0F0BD2A463946204603B0BDE89A
S214035E60F040FFF728BF14220021E4F7B3BA2DE968
S214035E70F04F11F00F0704460E4615468FB05CD15F
S214035E800120E1F725FF09A8FDF7F3FA092309A87E
S214035E908DF82430FDF7F1FA09A8E1F7EBFE01A926
S214035EA009A8FDF77BFC26F00F08A84404F11009A7
S214035EB004F10F0A454511D1236901A9334423612F
S214035EC009A8FDF750FC0020E1F702FFB6F1005FDA
S214035ED028BF272738460FB0BDE8F08F05AA23460C
S214035EE096469446186859680833ACE803004B4551
S214035EF06246F6D12B46224605F1100B53F8041BD7
S214035F005B4542F8041BF9D1714609A8FDF72BFC43
S214035F1009A8E1F7AFFE224621460120E1F794FEE9
S214035F20013D631E13F8012F15F8011F534582EA3E
S214035F3001021A70F6D15D46BCE70227CAE7F0B540
S214035F40174685B005460C46102200216846E4F73E
S214035F5041FABFB3C4B30F2C04F00F0608D924F0DC
S214035F600F043A4621462846FFF781FF40BB2744E5
S214035F70324639466846E4F7BDFB80222F6906F1B0
S214035F80100337446B44B7F5005F03F8102C2F61FA
S214035F90C6F110061AD3062E1FDDFB001A0E8DF867
S214035FA00A201A0C5BBA8DF80B20ADF80C306A4643
S214035FB010212846FFF75BFF00202B69103B2B615F
S214035FC005B0F0BD3E46D8E72646D6E7022E04DDEA
S214035FD0FB005BBAADF80E30E9E76A4610212846A7
S214035FE0FFF745FF2B691022A3F110040021684632
S214035FF02C61E4F7EFF9B7F5005F4FEAC403CDD29F
S214036000E7E770B50E46054686B001A81446FFF7C7
S2140360102AFF3246294601A8FFF791FF2246054686
S21403602001AB05AE1C4603CCB44210605160234658
S21403603002F10802F6D1284606B070BDF2F73AB868
S2140360400A460021F2F736B8F0B58BB00C4601A924
S214036050F2F730F8054680B325220021E01CE4F76A
S214036060B9F90123A3700E23BDF810702380FA0537
S21403607010D523464FF4877206AE23F8042B0DF192
S214036080280C324603CA624518605960164603F167
S2140360900803F6D13B0605D5238843F08003238007
S2140360A0069B636001AB03CB039BC4F81D00C4F8D7
S2140360B02110A361F3F7E2F9606128460BB0F0BD47
S2140360C030B505460C4687B001A8FDF7D2F9286817
S2140360D0696802AB03C39DF8113043F002028DF8E2
S2140360E0112074B12288510644BF43F006038DF88D
S2140360F01130530542BF9DF8113043F008038DF865
S214036100113001A8FDF7B0FAB0FA80F0400907B0E5
S21403611030BD2DE9F3410F460546164602F090FCC6
S2140361204FF00008C41BE4B2294623463A463046DD
S214036130CDF8008003F07DF90121284602F09CFC8F
S21403614088B10121284602F097FC074602F078FC46
S2140361500546C3B2424630193946CDF8008003F0EF
S21403616068F92544ECB2204602B0BDE8F0812DE97B
S214036170F04F85B00C46054691461F464FF0010A80
S214036180DDF838809DF83CB002F05AFC22463B46C8
S21403619029460646CDF800A0484603F04AF951467C
S2140361A0284602F069FC3C4418B35146284602F0E0
S2140361B063FCF6B2B442814610DAE7B2F31BDBB2F5
S2140361C0404622462946CDF800A003935F4403F0D9
S2140361D030F9039BBF1B984407F0FF0B01230022F3
S2140361E00E9349465B46404605B0BDE8F04F03F0C4
S2140361F020B95B4622462946CDF838A0F3E72DE9B9
S214036200F041002686B0074608460C4615469846D3
S214036210CDE9026604968DF8146002F011FC411B6A
S214036220CBB20D2B28BF0D232A462146009602A883
S21403623003F0FFF8424602A93846F2F791F80646FD
S214036240294620469DF80820F7F77EFD304606B01F
S214036250BDE8F0812DE9F04F0E46CBB0012105468F
S21403626017461C4602F008FC23463A462946814652
S21403627006A8FFF7C4FF0DF1280A00EB070B5246EA
S214036280314628465FFA8BFBFFF743FFB34503D23D
S21403629000204BB0BDE8F08FABEB06085FFA88F83A
S2140362A008F104039842F3DB331F18440423C4B2F3
S2140362B00193A31BDBB20093524643460021CDF85D
S2140362C008A006A8E1F774FC0028E1D1A4EB0B04B0
S2140362D00AEB0803E4B2524628463146009301947B
S2140362E04346FFF744FF39462846F7F719FD394674
S2140362F000F0F8022846F7F727FD0121284602F0AA
S214036300BBFB002818BF4D462846ADF8165002F0D2
S21403631097FB011FC9B20DF1160000F04FFC0120D8
S214036320B7E72DE9D841064600F060FD411C044658
S21403633089B2304600F02DFD98B394B3214630461B
S214036340F7F7EEFC00F00C03042B074629D000F009
S2140363500308B8F1020F00D11BBB384600F0B0FDAE
S2140363603B060444A4B216D5611C304689B200F03D
S21403637010FDB0B121463046F7F7D2FCB8F1010F55
S214036380014600F003030CD0032B0AD0384600F076
S214036390A6FD03199CB221463046BDE8D84100F05D
S2140363A0F8BC0020BDE8D881F8B5064600F0E0FC4E
S2140363B0054604463046FEF7FCFD43785B0718D5D2
S2140363C0AC1CA4B22146304600F0E3FCB8B1294623
S2140363D03046F7F7A5FC0746691C304689B2F7F73F
S2140363E09FFC1FB1874201D8FF2808D104EB47045E
S2140363F0A4B221463046BDE8F84000F0CABC0020EF
S214036400F8BD13B5044601A8F2F702FABDF8043046
S214036410DA0710D49B0707D410220021204602B0C7
S214036420BDE81040E3F7D6BF224621461020FFF70B
S214036430E8FD0028F0D102B010BD024608B5F2F719
S2140364400FFA510544BF0838C0B2130544BF0838D5
S214036450C0B208BDF0B5D30705460C468BB04AD587
S214036460008800F0C3FC00230646029314B9CDE966
S214036470034403AC002208212046FEF7B9FEA8B168
S2140364802888FEF796FD023002F0DAFE214607461C
S214036490ECF7DCFD50B1002240231146384600F0ED
S2140364A005FA40F6094528460BB0F0BD3146288864
S2140364B0F7F736FC10F0030F0CBF01260026F1F7A2
S2140364C03DFE46EA4000C0B200900021204602ABE3
S2140364D005AAF3F70FFC0546F1F730FE0028E2D0D5
S2140364E0002DE0D000212046009602AB05AAF3F764
S2140364F001FC0546D7E740F60A45D4E700231A46CB
S214036500F3F764BB30B58BB005AD04462846FCF7FD
S214036510B0FF0223284601A98DF81430FDF73EF993
S214036520234601AA144603CCAC421860596022469F
S21403653003F10803F6D10BB030BD08B500230246BD
S21403654019461846F3F742FB012008BD37B5044643
S2140365506846F3F7B3FB054648B10822214668466A
S214036560E4F784FAB0FA80F0400903B030BDFF22A6
S21403657008212046FEF73CFE034628B1062128469E
S214036580FFF7BCFF0120F0E722460146F3F71EFBA8
S214036590F8E707B56846F3F791FB10B16846FDF7D1
S2140365A06CFA00F0010003B05DF804FB0120F4F779
S2140365B05BB8704730B50124054689B003A8FCF7DD
S2140365C058FF01A88DF80C40E1F7B2FB9DF80620B2
S2140365D09DF80730AA4209D0AB4209D103A88DF82B
S2140365E00D40E1F747FB012009B030BD0024F5E775
S2140365F00020F9E700221021FEF7FABD70477FB5A9
S2140366000D4600F582300D22694600F58070D5F7F9
S2140366102FFB6B462A4602AE1C4603CCB4421060E0
S2140366205160234602F10802F6D1206810602379F0
S214036630137100236B7304B070BDF0B585B06A4662
S21403664005460B46164601F10807144618685968AE
S214036650083303C4BB422246F7D118680D222060D4
S2140366601B7905F582303146237100F58070D5F726
S2140366702BFB05B0F0BD38B504460D46E0F74AFEE1
S214036680A04205D920462946FFF7B9FF002038BDAA
S2140366902820FCE730B5002485B08DF80040E0F7ED
S2140366A039FEE5B2A84204D8F5F7F6FA002005B09D
S2140366B030BD69462846FFF7C0FF0134EFE738B51B
S2140366C00446002002F0A8FEFF2805460FD002F07D
S2140366D0ABFE10F0010009D0284602F0A5FE4008E4
S2140366E040EAC17080F0010000F0010038BD04F0FC
S2140366F00100FBE70146F8B506460020F5F706FA63
S214036700FF2801D00120F8BDE0F7F4FD002405467C
S214036710871CE0F7F3FDE3B2984201D80020F2E7C6
S21403672035F82430B34203D117F82430002BE9D1CF
S2140367300134EEE738B50D460121044602F09CF914
S21403674030B10121204602F097F92880012038BD98
S21403675020462C8000F020FC0130C0B2F7E72DE97C
S214036760F04788B00746894610460DF10A011D46D4
S2140367709046FFF7DFFF4FF0000ABDF80A600446B5
S2140367803046CDE905AACDF81BA002F059F9031B44
S214036790DBB20B2B28BF0B2322463146CDF800A0D5
S2140367A005A802F046FE48F21F039D4243D00BD8CD
S2140367B085F40043012B15D923464246494628460D
S2140367C00097FDF7A7F933E048F23A039D42F3D169
S2140367D0FEF780FDB8422BD02246414605A8FDF7BA
S2140367E0CAF925E09DF8143013BBBDF81D40DDF84B
S2140367F01500DDF8191003AB03C3204603A9E0F721
S2140368007DFF0122204603A9FFF70AFAA7420646A0
S2140368100ED0012103A8F5F7DBFB48F201039D42E6
S21403682006D12EB9334632463946204600F058FC88
S21403683008B0BDE8F0879DF81450002DF8D12F4618
S2140368409DF815800234EAB24245F1D2D200D2B2A4
S21403685022440823314692B2009703A8CDE9037772
S21403686002F0E7FD03A800F074F802F0D7FD00F08D
S2140368705CF80135E7E710B5002441808480048086
S214036880C280038110BD13B5BDF81040CDE90034B6
S2140368900023F5F76BFE02B010BD13B5BDF810402C
S2140368A001900094F5F762FE02B010BD07B50093A1
S2140368B00123FFF7F2FF03B05DF804FB0123F5F7AE
S2140368C0FBBE38B50546EFF78DFF0446E0F72EFD11
S2140368D0A40144EA4020284038BD70477047002092
S2140368E07047FF20704700207047704700207047AE
S2140368F04FF6FF70704700207047704700207047C0
S214036900704700207047704700207047002070478C
S21403691070477047002070477047704700207047E5
S2140369204FF6FF70704717207047704770477047E1
S214036930704770477047012070470120704700205A
S2140369407047002070477047704770474FF6FF70D8
S21403695070474FF6FF70704700207047002070475F
S214036960002070477047002070472DE9F04F00273E
S21403697085B081460C467E2039469846BDF83CB025
S2140369809DF844A0BDF84C500192ADF80E7002F08D
S214036990AFF80646002800F0AA8002F035F839461C
S2140369A07E22E3F717FD304602F02EF800903046BD
S2140369B002F02AF8B9F1FF0F0CBF274644F003078D
S2140369C03B0A14F44062077043705FD14FF0080827
S2140369D0C31C184642460199E3F74EFD034604F4EA
S2140369E04044434484B1790606D419464FEA1B2231
S2140369F001F802BB5A700B46B4F5004F56D0A4F507
S214036A00404254425441E400224618460E99E3F7A6
S214036A1033FD009A03462044A0EB02085FFA88F889
S214036A209DB14FF47C521A53841C284601F0ECFFA8
S214036A308346284602F004F8C5B22A46594620463D
S214036A40E3F758FE60190235EDB2B9F1FF0F2FD008
S214036A505246109900F8019BE3F74CFE08F101013A
S214036A605AFA81F129443046EBF7D0FD0C21002277
S214036A70FF0007F0800710463943FEF778FAADF8B3
S214036A800E00E8B9002005B0BDE8F08FB2F5006F40
S214036A9080F803804FEA182880F8048000F1050385
S214036AA014BF4FF008084FF0020892E70224ABE742
S214036AB008EB0A0129443046EBF7A8FD0821D6E780
S214036AC0304601F0A1FF0446304601F0B9FF01232A
S214036AD0024621460DF10E00EBF702FE0028D1D147
S214036AE00121BDF84820BDF80E0001F0D9FFBDF81E
S214036AF00E00C8E710B50C46098821B90846F6F714
S214036B00DBFC208008B1012010BD0220FCE72DE944
S214036B10F04780460F460646002402F1FF39BC4282
S214036B2002D219F8015F25B9A6EB080080B2BDE8CA
S214036B30F0879A46A5F13102012A5AF8041B10D8A9
S214036B403246322D02F8011B06D10134A4B2A74205
S214036B5032D30912B21C7170013453461646A4B2DE
S214036B60DDE7342D0CD10334BC42DDDA0B0A317079
S214036B7073700B0C090EB370321DF170A4B2EBE701
S214036B80A5F13302062A0DD8303DADB22B19BB4210
S214036B90CADA2A463046013CE3F76EFC15FA84F45B
S214036BA07219EBE7A5F14102062A01D8373DECE757
S214036BB09D8803F1080AE9E71646B5E770B505466A
S214036BC000880C4601F03CFFA04228880AD201F058
S214036BD037FF0023221A19462846BDE8704092B2B2
S214036BE0EBF77EBD2146EBF711FD002070BD38B5EF
S214036BF0054601F009FF0446284601F021FF00225E
S214036C0001462046BDE83840FEF7EEB9F8B516460D
S214036C100C461D46BDF8187001F0F6FE04443046D7
S214036C2001F0F2FE3A4641192046BDE8F840E3F784
S214036C3023BC70B50C46013189B20646F7F770F8E7
S214036C40214605463046F7F76BF800EB052080B281
S214036C5070BD1FB50123ADF80C2000930A4602232E
S214036C60014603A802F0E5FB05B05DF804FB0FB48C
S214036C7037B5069D0021A8B201F03AFF044601F09D
S214036C80C3FE2CB1002207AB0193D1B28D4205D8C7
S214036C90204603B0BDE8304004B0704753F8041BE9
S214036CA081540132F1E773B504460D4640200021B6
S214036CB0164601F01DFFADF8060001F0A5FEBDF86F
S214036CC0063013B9002002B070BD402133462A4671
S214036CD02044FFF71CFF211889B20DF10600FFF7C9
S214036CE06DFF0028EED1BDF80600ECE70EB403B541
S214036CF003AA52F8041B0192FFF7D5FF02B05DF812
S214036D0004EB03B070472DE9F7430F460121814694
S214036D10164601F0B1FE054658B1FFF768FF30800E
S214036D2088B9284601F08CFE68B1192003B0BDE887
S214036D30F083484601F084FEFF2FA0EB0704E4B27D
S214036D4014D014B934800020F0E72A46214628469A
S214036D50FEF74AF980460028E7D03B464A462946CE
S214036D600094FFF753FFA6F80080ECE70120DDE769
S214036D7008B5FEF71EF9437803F001001A074CBF67
S214036D8010300830DB0644BF0830C0B21030C0B243
S214036D9008BD10B50C4601F053FEA04234BF0020D8
S214036DA0012010BD7FB514460091024641F2092129
S214036DB041F609209DF820601D46002E18BF0146A7
S214036DC0099B0020F6F7D4FFADF80E0010B900209B
S214036DD004B070BD01232A4621460DF10E00EBF7E1
S214036DE07FFC0028F3D1BDF80E00F1E738B5054661
S214036DF0FFF7BEFF0446284601F022FE631C9BB243
S214036E0083420FD82846FEF7D4F843785B0707D5A6
S214036E1021462846F6F784FF013004EB4004E4B22B
S214036E20204638BD0024FBE71FB5ADF80E0001F081
S214036E3007FE0446BDF80E00FFF7D8FF00F10E0369
S214036E40DBB2BDF80E200146E01A80B20090104671
S214036E50FFF7DCFEA4F10E0189B20DF10E00FFF779
S214036E60ADFE04B010BD4278034612F0080006D00B
S214036E70D20702D403F10800704703F109007047F4
S214036E8037B505460C46FEF794F8437813F0100220
S214036E9012D09CB103F001021B074FF000032946F2
S214036EA0009320464FF0080354BF1832203202F0F6
S214036EB0C0FA012003B030BD1046FBE72046F9E7D1
S214036EC000F00303012B08D0C30606D400F00C0021
S214036ED00C2814BF08200920704702207047034679
S214036EE011F0030005D003F00303022B14BF0220A6
S214036EF003207047F8B50C46064601F0A1FD631C57
S214036F00834202D900252846F8BD21463046F6F7C7
S214036F1007FF0746FFF7D4FF3B060546F3D50444B1
S214036F20304601F08DFDA4B2631C9BB28342E9D8C0
S214036F3021463046F6F7F4FE01463846FFF7CFFF04
S214036F402844C5B2DFE770B506460D46FFF7D2FF05
S214036F50044610B90024204670BD29463046F6F78D
S214036F60DFFE8206F7D5304601F06AFD2544ADB252
S214036F706B1C9BB28342EDD829463046F6F7D0FE0B
S214036F8000F01803082B14BF05340634E4B2830656
S214036F9044BF0834E4B2DEE738B50546FFF726FFFC
S214036FA0044608B9002038BD01462846FFF7CBFF44
S214036FB00028F7D02044C0B2F5E72DE9F04387B0A8
S214036FC005460C46FDF7F5FF804602F039F90746FD
S214036FD02846FFF70BFF064601462846FFF78AFFBB
S214036FE00022034600922946324602A802F021FAFE
S214036FF09DF8086006F00C030C2B06F003090BD073
S214037000B9F1010F59D0F10657D49DF809300DF1A7
S2140370100A050020637107E0FF230DF10900637181
S21403702002F00EF90DF10B05208198F80130DA070E
S21403703004D508F1020002F003F92081B9F1010F2B
S2140370405FFA89F83DD0F3063BD4284602F0F8F8F9
S2140370506080A81C02F0F4F8053515F8013C208082
S21403706023712B78B006A37206F0400348BF43F0A3
S2140370702003390627D543F40073F80448BF43F4C6
S2140370808063390548BF43F400633206E38011D5B5
S2140370906A7812F003020DD06FEA43436FEA534354
S2140370A0A978B8F1020FE3800B4611D1EB7841EAD9
S2140370B00321218107B0BDE8F083FF230DF1090505
S2140370C0A7E7FF23CCE77A0648BF43F48073D4E7E9
S2140370D0012A04BF0B029BB22381EBE7F7F7FABA48
S2140370E00BB1F7F763BB0AB9F7F7DCBBFF21F7F77A
S2140370F005BB431C08BF0020E4F722BC034B5868BB
S214037100C0F30800003818BF0120704700ED00E008
S214037110014B1868704700BFCC5F0020084B1B6FFD
S21403712003F00703022B04D0032B05D0012B05D055
S214037130FEE7044B18687047034BFBE703487047AA
S21403714000800050CC5F0020D45F0020002D31016A
S21403715008B5FFF7E3FF054B1B6FC3F3013301339A
S214037160B0FBF3F0024B186008BD00BF0080005070
S214037170C85F00200048704700B4C4040048704746
S214037180002D3101014B1868704700BFD45F002003
S214037190174A9368C3F304430C2B0AD8DFE803F0BB
S2140371A00B0909090909072119091B1D1F001148A5
S2140371B0704700207047936803F04073B3F1807FF5
S2140371C011D0B3F1007F10D0002B0B4818BF00205E
S2140371D070470A4870470A4870470A4870470A4883
S2140371E070470A4870470A4870470A48704700BF06
S2140371F00040015A405DC60000093D00C0EA210177
S21403720080BA8C010048E801005A62020024F400A8
S21403721080841E0040420F00014B1868704700BF71
S214037220D05F002007B500F065FC6A4600F0C2FC9C
S21403723018B14721034801F025FFDDE9000103B03B
S2140372405DF804FB0F9B03000229F8B596BF104BAD
S21403725000245C5C012805460E4608D0022809D0A7
S21403726008B944F002040B4B1F6837B9F8BD44F065
S2140372700804F8E744F02004F5E77B681A6814422C
S21403728003D0314628465B6898473F68EDE700BF62
S214037290523504004037002038B5104D2B78ABB17B
S2140372A00F4C23781BB100F031FA00232370002023
S2140372B001F0FBFE0B4C50B100F07AFA00230121DB
S2140372C020782B70FFF7C0FF0123237038BD0122FF
S2140372D0054B1A702278054B1A70F7E7F555002010
S2140372E0F3550020FA550020F6550020F7550020E8
S2140372F00E490B78FF2B01D198B170470BB990B9A3
S2140373007047002814BF0122FF2213440B7060B19C
S214037310074B1B78012B08D9064B1B782BB9FFF7B5
S214037320BBBF1A46F1E70122EFE77047F955002085
S214037330FA550020F655002010B501F0A4FD064BC3
S21403734004461B781BB1BDE8104001F097BDFFF75C
S214037350A3FF2046F7E700BFF255002002282DE9D9
S214037360F04147D029480378FF2B41D1002941D16A
S2140373701A461344DBB2037000293BD0244E3278FE
S214037380012A37D9002B3ED001F07DFD214F04465C
S2140373903B780BB3204D2B781BB901222A701F4A6A
S2140373A01370DFF87C8098F8003023B100F0AEF954
S2140373B0002388F80030204601F060FD012001F02C
S2140373C074FE01F060FD2B7804461BB100F0F0F963
S2140373D000232B7000233B70204601F04FFD012451
S2140373E03078A04206D02146FFF72EFF347001E026
S2140373F013B931B9BDE8F081002914BF0122FF2279
S214037400B7E70122B5E70224EAE700BFF9550020F3
S214037410FA550020F5550020F2550020F6550020B9
S214037420F35500202DE9F04385B0EFF3108572B6CF
S214037430AFF3008001F00EFF002800F09280624E4A
S214037440624F337823B10020FFF752FF00233370D7
S214037450387878B903A900F01DFB044650B95C4B95
S214037460039A1B689A4200F284800120FFF740FFCC
S214037470012333703B78002B40F09980554B1B78E3
S214037480002B00F091804FF00208534CDFF8689110
S2140374902078404507D099F8003013B94146FFF7E6
S2140374A0D3FE84F80080B8F1020F0FD1DFF82481F1
S2140374B098F8003053B9494B1B7823B900F020F9EC
S2140374C00122474B1A70012388F80030207800F019
S2140374D0F7F899F8003013B1424B1B782370AFF3DB
S2140374E00080284601F0DCFDEFF3108572B63E4BB4
S2140374F01A7852B100221A703A4B20781B789842B9
S21403750003D101212170FFF79FFE384800F082FA6D
S21403751001F0B4FE8046002893D12E4F3B789BB1F2
S21403752089F80000DFF8B89099F800301BB100F036
S214037530EDF889F80080002001F0B7FD002839D067
S21403754000F036F900233B70337823B10020FFF7B1
S214037550CFFE0023337000212078FFF775FE00234B
S2140375602370AFF30080284605B0BDE8F04301F072
S21403757097BD1F4BD3F8008000F048F9039B804467
S2140375809845BFF472AF00F03BF98200039942F0CE
S214037590020292B2CDE900422346164AA1EB080145
S2140375A0124801F084FD65E700F09CF86BE74FF0A6
S2140375B001086AE7012000F083F8284601F070FD11
S2140375C0EFF3108572B6B6E7F4550020F9550020A0
S2140375D048370020F5550020FA550020F8550020BE
S2140375E0F3550020F7550020F05500204C370020B7
S2140375F04437002039730300F655002010B501F018
S21403760042FC0022054B1C781A7001F037FC00F090
S21403761005FBE4B22043C0B210BD00BFF155002005
S21403762038B501F030FC094B05461B78012B04D80E
S21403763001F024FC0024204638BD054B1C6800F0EE
S214037640E5F80444284601F019FCF4E7FA5500204F
S214037650443700201549164A0B6F10B503F007038D
S2140376601360144A144C9269032B02F00200C2F30F
S2140376704002227017D0D1F8203103F00703022B03
S21403768011D0D1F8803203F001030C4A137048B1CD
S21403769043B9064BD3F8003103F00303591E4B429C
S2140376A04B41137010BD0123EFE700BF008000506D
S2140376B0A837002000C00150FF55002000560020C8
S2140376C0012805D00238012808D80020D2F75EB872
S2140376D0034A136923F00403136130BF704700BFE6
S2140376E000ED00E0044B054AD3F8203103F007030E
S2140376F01360F8F789BA00BF00800050B037002047
S2140377000122014B1A707047FE550020F8B51F4B37
S2140377101B78002B39D01E4C2378B3B91D4B9A6DBA
S214037720D10302D5DA6D92072FD49B6DDB072CD4D9
S21403773001F000FD184B194A1860136F23F0070376
S21403774043F003031367FFF703FD01F0F3FC124B4B
S214037750134D1B68134EC01A2B78134F56F823206D
S21403776046F82300111A3A681048521A0A213A605A
S2140377700932B2FBF1F20133DBB20260B3FBF1F282
S21403778001FB12332B7000232370F8BD0056002034
S214037790FD55002000C00050A03700200080005098
S2140377A0FC550020783700207437002070370020FF
S2140377B008B5F8F72AFA0D4A0D49136F096823F03E
S2140377C007030B4313670B49D2F82031096823F0EC
S2140377D007030B43C2F82031074B1B7813B1012272
S2140377E0064B9A62BDE80840FFF7B2BC0080005023
S2140377F0A8370020B03700200056002000E00050D5
S214037800014B1878704700BF00560020054B1878C8
S21403781018B1054B186800EBD000044B1B681844DE
S214037820704700BF0056002070370020A4370020A2
S21403783008B50D4B1A7892B100221A700B4A136FD3
S21403784023F0070343F001031367D2F8203123F034
S214037850070343F00403C2F82031FFF779FC012243
S214037860034B5A6708BD00BFFE550020008000503A
S21403787000E000500D490B68A0B10022A3B183427B
S21403788003D1836822B90B6003E01A469B68F5E7C9
S214037890936083680BB9002070475A6941690A44AC
S2140378A05A61F8E72220704702207047BC37002051
S2140378B010B501F05BFC0A4C0A4B19682368C31A1F
S2140378C009B9206010BD002BFBD04A699A423ABF23
S2140378D09B1A0022D21A4A6128BF00238968EFE761
S2140378E0B8370020BC37002038B5154D2B682BB3AE
S2140378F05B69B3B1134A022014681C4400F088FA8B
S214037900204600F047FA00220F492B680A70012A26
S21403791005D823B1D88880070AD501230B70002029
S21403792038BD022000F074FA022000F093FAEAE76A
S2140379309B68002BF3D058690244E8E72220EFE760
S214037940BC370020B837002002560020C38870B525
S21403795004460D463BB9FFF763FE8542064602D250
S214037960F9F732FA35460E4A656113689BB9146017
S214037970A3600FE02D1A986819466561034618B18F
S2140379805869A842F6D941B18C60A36013B15A690D
S214037990521B5A6170BD0021F2E71460F5E700BF81
S2140379A0BC37002070B516469DF81420C0E9033690
S2140379B00271049ABDF818300260002204460D4690
S2140379C08260C38006BB01F0D1FB2844A0613DB9A9
S2140379D0E368656113B120462168984796B135463A
S2140379E001F051FA0646FFF763FF29462046FFF7E4
S2140379F0ADFF074B1B68A34201D1FFF775FF304667
S214037A0001F03CFA002070BD01F0B0FB3044DDE726
S214037A10BC370020F8B50546D0B101F034FA064667
S214037A20FFF746FF0B4B28461F68FFF723FF044666
S214037A3020B1304601F022FA2046F8BDAF42F8D115
S214037A40FFF752FF2228F4D1022000F0EDF9F0E709
S214037A502224F1E7BC37002038B50C460546A8B10A
S214037A60A1B100230B7001F01BFA0121084B1B6820
S214037A7033B901F010FA002038BD9D4204D12170BD
S214037A802278002AF9D0F4E79B68F1E72220F3E78F
S214037A90BC370020F8B506460F4601F001FA00256C
S214037AA00446124B1B6823B9204601F0F4F91B2049
S214037AB011E05A691544DA88B2420DD101F056FB3B
S214037AC00B4E3368C01AA8420AD3002320463B60F5
S214037AD001F0E1F90020F8BDFF2EEFD09B68E2E746
S214037AE001F044FB33682B441B1AEFE7BC37002036
S214037AF0B837002070B501F0D3F9064601F036FB1F
S214037B00084B044601201D6801F020FB18B101F064
S214037B102DFB04460135304601F0BDF920462946C3
S214037B2070BD00BFC4370020014B1868704700BF04
S214037B30C0370020F8B50C4B05461B680E4683423B
S214037B400FD3002440F2E7302146084B4FF47A72F5
S214037B501F680023E5FB0701E2F7D0F830602046F4
S214037B60F8BD2120FCE700BFB4370020C037002053
S214037B700F4B10B51A689AB14FF47A71531E13421D
S214037B80A0FB01010ED1B2FA82F2C2F11F04531C0C
S214037B90D243E04001FA03F3184321FA02F2024308
S214037BA0104610BD0023E2F7A9F80246F8E700BF27
S214037BB0C037002038B5164B14468342154B8B410D
S214037BC023D3154B1A6802B34FF47A75A0FB05034B
S214037BD005FB0131531E134211D1B2FA82F3C3F1EE
S214037BE01F055A1CDB4301FA02F2E84021FA03F3AD
S214037BF010431843E940C4E90001002038BD0023C0
S214037C00E2F77CF8C4E90001F7E72120F6E700BFB6
S214037C10EFA7C64B37894100C037002010B501F0E7
S214037C203FF9034B1C7801F036F9E4B2204610BD49
S214037C300156002008B5084B1B7803F0FF004BB134
S214037C4001F078FA054B1B689B69C01A02288CBFA3
S214037C500020012008BD00BF02560020BC370020CC
S214037C60C2072DE9F843044607D5474A136801338C
S214037C701360FFF71DFEFFF737FEA30740F1818071
S214037C8001F00EF94FF0000805464646FFF710FED2
S214037C903E4F3C680CB16369A3B100223C4B012EF6
S214037CA01A7003D118F0020F18BF1E70FFF71CFEE0
S214037CB0222802D1022000F0B7F82846BDE8F84390
S214037CC001F0E9B823465A693AB91A7921799142FB
S214037CD088BF1C469B68002BF5D1284601F0DBF8CD
S214037CE0D4F81080B8F1000F3FD001F03FFAA26934
S214037CF0851AEB17454573F1000337DB23691344F5
S214037D00A36101232269CAB1C3B9A38BB8EB0508E3
S214037D1033B1E28B13449BB2B3F57A7F1CD2E38371
S214037D2001F0BEF8054641462046FFF70FFEA3695D
S214037D30226928461344A36101F0ADF8E36813B142
S214037D40204621689847B4F8068001F0A9F8013662
S214037D500546FFF7ADFD9CE7A3F57A73E383A369B6
S214037D6018F1FF38013BA361DAE7454601F098F8BE
S214037D7081462046FFF77EFD484601F08CF8002337
S214037D80C0E7BDE8F88300BFC4370020BC37002037
S214037D900156002010B5044601F075F84FF0B042C6
S214037DA0936A1907FCD4136A116C5269120704D438
S214037DB0CA1A032A01D899420ED1E21A022A98BF98
S214037DC0DC1CB4F1FF3F38BF013C4FF0B043082240
S214037DD01C6403F580539A6101F050F8054A137842
S214037DE03BB14FF0B041CB6B43F00203CB630023B0
S214037DF0137010BD2B65002007B5044B01A9187935
S214037E0001F0E7F8019803B05DF804FB943304002F
S214037E1000F001038207034A48BF43F00803936157
S214037E20704700BF00100058820700F001030AD510
S214037E300121064A43F0080311704FF0B041CA6BA4
S214037E4022F00302CA63024A936170472B6500203F
S214037E5000200058830742BF0822014B5A6170472F
S214037E600010005873B502AB164603E90600044635
S214037E7000F052FF0546204600F05EFF9DF8002006
S214037E808DB1202C33780ED8012B2ED84FF6FF75E4
S214037E902D4803EB4313234430F81310A94202D0B2
S214037EA0013120F81310294B294E33F8141036F8F5
S214037EB01400814232D34FF6FF75A9424FF00105F5
S214037EC002D0013123F8141004F0FD01092927D14B
S214037ED0998AB68A0A44B242B4BF9A829E8233F81B
S214037EE01430834227D202B070BD022BDBD14FF68B
S214037EF0FF704FF6FF75144B33F81410814218BF0A
S214037F00013104F1210018BF23F8141033F81010C0
S214037F10A9421CBF013123F81010C4E70025D0E79F
S214037F201D2CDCD1598F8E18864203DA01390A4498
S214037F305A87D4E75887002DD5D1204602B0BDE82E
S214037F40704001F02EB900BF10520020E852002006
S214037F509452002038B50D46044600F0A1FF064AA9
S214037F6013889BB22DB123431380BDE8384000F03D
S214037F7092BF23EA0403F7E7EE5400200022034BE4
S214037F8001214FF480701A70FFF7E4BF135C0020E2
S214037F9008B5054B1868FCF72FFE00F00300C31E58
S214037FA05842584108BD00BF144F002038B5044658
S214037FB001F095F90C4B05461978187981420FD0D4
S214037FC0631E082B0CD8DFE803F0050D0B0D0B0D15
S214037FD00D0D0D0000220146044B1868FCF70AFE3F
S214037FE0284638BD0022F7E759650020144F0020C5
S214037FF038B54FF0FF300C46FFF77BF80A4B0546C3
S2140380001868FFF776F8641B241A20B210F1630F82
S21403801006DB10F1240F05DA64308000C0B238BDE9
S2140380200020FCE7FF20FAE7144F002008B5134BA7
S2140380301B78062B04D040F62101114801F022F8E4
S214038040104B1B881B0704D440F622010C4801F092
S21403805019F80D4B2A201978FFF7A8FF00210820EE
S214038060FFF778FF0222094B1A70094B1868E8F7E6
S2140380705DFEBDE8084001F081B800BF135C002038
S21403808032300400EE540020105C00208865002087
S214038090144F002010B50E4C236823B940F6A341B5
S2140380A00C4800F0EFFF2068013001F0C9F800F03B
S2140380B0070003280AD1246809220121204600F07C
S2140380C0E3FB205C031F5842584110BD0020FCE729
S2140380D0044F00203230040038B50C4640B100216E
S2140380E00420FFF737FF01F049F8012C1DD038BDF7
S2140380F0244B1B889B07F6D50129234A2FD11178D9
S21403810069B30139C9B2117011B92020FFF722FFF4
S21403811000210220FFF71EFF04221C4B00211C48EF
S2140381201A7000F05DFD01F029F81A4C2068013042
S21403813001F086F800F44060B0F5006F1FD12468A4
S21403814001210422204600F09FFB204401F078F82A
S2140381500146BDE838400022202001F03AB800214D
S2140381600D4D02201170FFF7F5FE2B78FF2B04D080
S21403817040F29961094800F085FF2C70B3E74FF68B
S214038180FF71E6E7EE540020125C0020135C00202B
S214038190DC620020044F0020896500203230040092
S2140381A038B5134C05462388580709D5FFF7F0FE64
S2140381B001460720FFF7FAFEFF210120FFF78CFF99
S2140381C0238899070BD50B4B284619788A1F5142EB
S2140381D05141FFF7EBFE01210020FFF77DFF2388C7
S2140381E01B0703D5BDE83840FFF720BF38BD00BFE7
S2140381F0EE540020135C0020F7B5124CD4E900655A
S21403820086EA020C85EA03070CEA000C0F405CEAD8
S214038210070E15D086EA0C067D40C4E90065CDE955
S21403822000230B46084902460868FCF7A7F838B14E
S2140382304FF4FD71054803B0BDE8F04000F022BFDF
S21403824003B0F0BDA8150020144F00203230040000
S21403825008B50A4B1B88DB0604D440F647010848DA
S21403826000F010FF00211020FFF774FE002000F03E
S2140382706BFBBDE8084000F081BF00BFEE54002052
S214038280323004002DE9F04F5706804614461D464B
S21403829091B005D5FFF77CFE01460120FFF786FE69
S2140382A0EE0403D500212D20FFF780FEA00224D57F
S2140382B04046FCF74DFD0146F8B94020FFF74AFE5D
S2140382C040460AA9FCF721F9B8B99DF83030022BCD
S2140382D040F0D980BDF8280001F0A0F8FF2808D1A7
S2140382E04046FCF710F940B901214020FFF732FE63
S2140382F003E001F097F80028F2D1A10305D5FFF7B4
S21403830047FE01460320FFF751FEE20104F08076A4
S21403831040F1C080854B1B889B072DD5844E306863
S214038320FCF788F840BB834B834F18703B78FF2BD2
S21403833004D040F25761814800F0A4FE4FF00009D4
S21403834000210220FFF706FE87F800907C4F3B785B
S214038350062B07D101210820FFF7FCFD49462820FC
S214038360FFF724FE3B78052B06D100212B20FFF7D1
S2140383701DFE3068E8F7DAFC00F000FF220717D589
S2140383806B4F0321386805AAFCF76EF8064620B93A
S21403839040F2C961694800F075FE9DF81430072B5A
S2140383A000F0D080FFF7F4FD01460420FFF7FEFD42
S2140383B0E10505D5FFF7ECFD01460420FFF7F6FDC2
S2140383C014F4863F05D0FFF7E3FD01460220FFF7CE
S2140383D0EDFDA20113D5FFF7DBFD01460820FFF7ED
S2140383E0E5FD00210420FFF7B5FD554B1B78012B57
S2140383F003D14F4B1868E8F799FC00F0BFFE14F062
S214038400084F09D0FFF7C4FD01460720FFF7CEFD4E
S214038410FF210120FFF760FEA30009D5FFF7B8FD93
S21403842001460620FFF7C2FDFF210120FFF754FE99
S214038430A70705D53D4B1B881E0701D5FFF7F6FD9D
S2140384406C0603D500210A20FFF7B0FD280602D5E7
S2140384500120FCF78EFCE90540F1858140460AAA17
S21403846005A9FCF7C5FB9DF81430222B00F06D819F
S21403847000F28281152B40F26A8140F60A112F48DA
S21403848000F000FE6FE1032B7FF437AF0AA800F07D
S214038490C1FF30E705F0020756EA07030DD0284B65
S2140384A026201978A1F1060EDEF1000141EB0E013C
S2140384B0FFF77CFD0121304611E004F0805656EAB2
S2140384C007030FD01E4B26201978A1F1060CDCF10A
S2140384D0000141EB0C01FFF769FD02213846FFF767
S2140384E0FBFD4BE704F0884151EA060309D0144B21
S2140384F0272019788F1F79427941FFF757FD02210C
S214038500D9E705F008030B4302D02320FFF74EFDFF
S214038510680703D500212420FFF748FDE9077FF508
S2140385202DAF00212520FFF741FD27E7EE5400205D
S214038530144F0020125C00208965002032300400AE
S214038540135C0020314638680AAAFBF793FF20B174
S2140385504FF4DA619E4800F095FDBDF81630386892
S21403856002330AA9ADF82C30FBF786FF20B140F2A0
S214038570DF61974800F086FD00230093314604230D
S214038580386804AAFBF77AFF042804D040F2E461B3
S2140385908F4800F077FDDFF8589299F80030C3BB98
S2140385A00DF1110000F04CFE00F00700022830D158
S2140385B0FFF7EEFC01460920FFF7F8FC854B1B7816
S2140385C0062B23D1844B9DF813201B789A421DD18A
S2140385D09DF8353023B940F2FA617D4800F052FD2C
S2140385E00DF1110000F02CFEC0F3001631462920D1
S2140385F0FFF7DCFC00210820FFF7ACFC774B1E706E
S214038600FFF748FD10B93868E8F790FB00F0B6FDB1
S214038610CEE6BDF816000121083080B200F068FAF5
S214038620039030B9FFF7B4FC01460420FFF7BEFC05
S214038630ECE700F0E9F905AA014606463868FBF7B9
S21403864025FF99F800A0BAF1000F22D106F1010B1D
S214038650584600F0F5FD83065AD53868FCF778FBD4
S2140386600746FFF795FC05370146F8B2FFF79EFC71
S214038670584600F0E5FD00F007000328584F2DD0BC
S21403868001210420FFF766FC4FF0FF30FBF71DFFC8
S214038690386000225349BDF816300978F718F154AC
S2140386A09DF83630BB709DF83730FB700A9B190E69
S2140386B03971190C7971FB71190A99F80030B9717F
S2140386C023B9737892B343F020037370002000F04D
S2140386D069F97870039800F071FA97E70121092287
S2140386E0304600F0D1F8305C01210428C9D1FFF7E9
S2140386F031FC4FF0FF30FBF7E8FE3B4B38601B883E
S2140387005806C6D551464020FFF724FC0122C1E790
S214038710FFF73EFC01460920FFF748FC2D4B1B786C
S214038720012BB6D13868E8F701FBB2E723F0200344
S214038730CBE701227E33DBB202FA03F313F00A1F00
S21403874031D113F0011F3FF498AE27202CE001220D
S21403875002FA03F3254A1A402ABB13F0041FF4D186
S214038760DA077FF58AAEAB052FD50121802011B03D
S214038770BDE8F04FFFF7EEBB652B1AD8622B12D875
S214038780452B0CD8422B0ED8352B06D8322B0AD8BD
S214038790252B08D9322BD8D06FE6422BFBE7552B77
S2140387A005D8522BF7D92620FFF7FAFCDBE7622B16
S2140387B0F1E7952B3FF661AE812BBAD8722BC4D066
S2140387C0733B022B3FF659AEEDE711B0BDE8F08FD1
S2140387D032300400135C00200F5C00208865002004
S2140387E0004F00208A650020EE5400203A0038002F
S2140387F0165C0020024B1878B0FA80F040097047E8
S214038800135C002008B5064B4FF0FF311868FCF7E1
S21403881015FA0028B8BF033040F3870008BD00BF31
S214038820144F002008B5074B1868FBF73CFD30B122
S214038830054BB3FBF0F083B20BB1184608BD01201D
S214038840FCE700BF144F002040420F0038B510204D
S2140388500C460121FFF77EFB064B1D68FFF7E2FF80
S214038860012200FB04F1044B2846FCF7CCF9002058
S21403887038BD00BF144F002051820300014800F0AA
S21403888001BC00BF4C300400032A70B5144602D85E
S2140388902C4B985C70BD81F0010519B90D2A07D1E0
S2140388A0FF20F7E70D2A03D100780538C0B2F1E7B9
S2140388B0084400F0C5FCC5F1040110F44066024606
S2140388C0C9B209D1042C0846E4D0052C16D112F0FF
S2140388D0400F18BF0846DDE7C5F10603042CD8B2DF
S2140388E0D8D0B6F5006F03D1C5F10805E8B2ECE7BA
S2140388F0B6F5406FE9D1C5F10E05F7E712F440412E
S21403890007D1062CC6D0072CC4D0082C13D10130AF
S214038910CCE755065CBF831CD8B2062CBAD0B1F59B
S214038920004F02D1831CD8B2EDE7B1F5404FEAD130
S21403893000F10803F7E7130744BF0530C0B20C2C59
S214038940A8D9ADE7F07B0400AC2370B5094C054607
S21403895003FB00435E6D26B940F2FD31064800F086
S21403896091FBAC2303FB0544002363653346BDE854
S21403897070401847184F00208930040010B40C4686
S2140389801146AC22064B02FB0033586D20B95C65DA
S2140389905DF8044BFFF75ABF02205DF8044B70479F
S2140389A0184F0020AC22034B02FB003393F8A800B9
S2140389B0704700BF184F002028B1034B1B68C01A2E
S2140389C04010013080B27047D84F002030B1044BBE
S2140389D000F100401B68013803EB4000704700BFFE
S2140389E0D84F0020064B1B68834206D8054B1B68EE
S2140389F0834294BF0020012070470020704700BFC9
S214038A00D84F0020D44F002010B5044608B90020E4
S214038A1010BD00F072FC20B940F2CD41074800F0CB
S214038A2031FB2046FFF7D2FF0028F0D00388DB0B8C
S214038A3014BFD0F80A000830EAE700BF603004002D
S214038A4010B508B9002010BDFFF7C0FF044600F0BC
S214038A504BFC20B94FF49D61064800F013FB002C35
S214038A60F0D02388DB0B0ABF60882089C0F30C0094
S214038A70E9E700BF6030040038B5FFF7A7FF0D46EF
S214038A80044650B100F030FC20B940F2415103488F
S214038A9000F0F8FA023534F8150038BD60300400EB
S214038AA070B5FFF793FF0C4616460546B0B100F0C7
S214038AB01BFC20B940F24D510C4800F0E3FA304657
S214038AC0FFF784FF00F010FC20B940F24E51074830
S214038AD000F0D8FA023425F8146070BD40F2525103
S214038AE0BDE87040014800F0CDBA00BF6030040016
S214038AF02DE9F8430746884600F066FB20B940F2A6
S214038B008E512A4800F0BEFAFC1CA408284B6400C9
S214038B100434B7F5005F1E68A4B204D340F295513F
S214038B20224800F0AFFA00F0BBF9224981460B68F1
S214038B307BB9214B1D68761BC6F34F06B44227D973
S214038B400025484600F0A7F92846BDE8F843FFF796
S214038B5033BFB8F1000F11D0174A15685A1BC2F37A
S214038B604F029442ECD81448620005EB44040460B8
S214038B70B8F1000F0FD113440B600CE0F61AC6F3DE
S214038B804F0676B940F2A651084800F07BFAD7E7BD
S214038B9005EB44041C6000236F80AB80EB802B80C6
S214038BA0CFE7B442CCD8044A1568DCE7603004004B
S214038BB0DC4F0020C44F0020D44F002038B50546B4
S214038BC000F06EF9044629460448002200F0A2FB92
S214038BD02046BDE8384000F05EB900BFF4540020DC
S214038BE082684B4B2DE9F0419A4204460E460568CF
S214038BF015D121B140F21311464800F043FA00F0B4
S214038C004FF923691BB92B682BB924612C60BDE887
S214038C10F04100F040B91A6922611C61F6E700F0E2
S214038C202AFA8046FEF76AFA20B14FF4957139485E
S214038C3000F028FA6FF000439E4221694BD22B7B4B
S214038C4008EB0602002B4DD0AB6893424AD1531C67
S214038C50002949D06169994242D01EB9521AB2F12D
S214038C60004F3DD9636123696E689C4203D19D2101
S214038C70284800F007FA2F460023B4420BD0002BF7
S214038C8041D172696169891AB1F1004F32D83269EC
S214038C90374694422CD12269BD420CBF6A603A61C2
S214038CA07BB92669B44203D1B8211A4800F0EAF921
S214038CB03B46012E05D062697169521AB2F1004F24
S214038CC023D99D420BBF6B681A69236122610CBFCF
S214038CD06C601C6104E0434431B162699342C1D1C4
S214038CE0BDE8F0811346B3E76A6822616C60B9E7B2
S214038CF01646C6E7A8EB0202B2F1004FC7D93B46B9
S214038D0037463669B9E71F46F9E733463669D0E78B
S214038D1005280200743004000823064A12F8011BD3
S214038D20814205D0013B13F0FF03F7D11846704785
S214038D3001207047A17C04000823064A12F8011B91
S214038D40814205D0013B13F0FF03F7D11846704765
S214038D5001207047997C040010B508220749044691
S214038D60E1F784FEB0FA80F04FF6FF7322894009DC
S214038D7040009A4208BF40F0010010BDB27C0400D8
S214038D8030B504460D4685B002B9084A10685168E6
S214038D9001AB03C301AB03CB20602046ADF80C50F8
S214038DA01B886160238105B030BD00BF34B9030062
S214038DB0002270B50A4B1C780A4BD5B2AC4202D8D7
S214038DC000200C7008E01E880132864205D30D7021
S214038DD01B881B1A5842584170BD1233EDE700BF7B
S214038DE0905B00209454002010B5164B187860B1A1
S214038DF0154C2368CBB14FF4707200201349FFF76C
S214038E00BDFD2368013B236010BDFFF7FBFC104943
S214038E10104A91F90040136884420B4C03F1010396
S214038E2013602368B8BF087053B90B4800F09AFA6A
S214038E300028E9D1BDE8104001460748FFF7D0BE39
S214038E400822DAE7635C002050500020E98D030017
S214038E505E5C002048500020A8640020054B1B6879
S214038E602BB9054B1868003818BF0120704701203E
S214038E70704700BF405000203C50002010B962B637
S214038E80BFF36F8F7047EFF3108072B670473023CF
S214038E9083F31188704780F31188BFF36F8F704791
S214038EA0EFF31180302383F3118870470020704757
S214038EB04FF4004070474FF47A70704701224178B0
S214038EC003788A4030214B4341F2100103F1A0435B
S214038ED003F570335A507047B0F5802F24D010D85E
S214038EE0B0F5003F22D006D828B3B0F5803F14BFB4
S214038EF0012048207047B0F5403F14BF01202C20C6
S214038F007047B0F5302F13D008D8B0F5E02F11D046
S214038F10B0F5202F14BF012010207047B0F57F0F47
S214038F2014BF0120062070474B2070472A20704745
S214038F30112070472120704708B570B100F022F861
S214038F404FF098435A6CD202FCD5586D10F470203B
S214038F5004D0BDE80840FFF7BFBF212008BD08B511
S214038F6028B128220021E1F735FA002008BD212088
S214038F70FCE7036A042B9FBF00EB83020133D16037
S214038F8003627047036A052B14D84FF09842116C9E
S214038F90C902FCD504339B0013650168103B1160BE
S214038FA04168116050F8081F11604FF0984203445F
S214038FB0984200D1704750F8041F1160F8E78368A1
S214038FC013B9816070475B685A68012AFBD1596000
S214038FD0704709B100F005B822207047012100F060
S214038FE043B870B506460D46FFF75AFF04461D2ED6
S214038FF037D8DFE806F00F18361C1E203622243634
S21403900036362628362A2C2E30363636363436363C
S21403901036363632FEF782F8002628602046FFF7FB
S2140390203AFF304670BD0120D0F74AF9F4E7032033
S214039030FAE70420F8E70C20F6E70220F4E7062018
S214039040F2E70720F0E70820EEE70520ECE7092023
S214039050EAE70A20E8E70D20E6E71020E4E70B201E
S214039060E2E700202126D8E70020704708B5FEF780
S214039070D9F880B208BD08B5FEF7D4F808BD704726
S21403908042DE704738B504460D4600F008F8FFF791
S214039090FEFE29462046BDE83840FFF7F1BF70477D
S2140390A010B962B6BFF36F8F7047012070472DE982
S2140390B0FF410D4616461F460446A8B14FF000086A
S2140390C0C0F81C80FEF7A6FCBDF82C30424602937F
S2140390D09DF828302946CDE9007320463346FEF72F
S2140390E061FC04B0BDE8F0812220FAE7F0B51F4624
S2140390F0002387B00D46164604468DF81730A8B1F0
S214039100C3610DF11701FEF7A7FC9DF817207AB986
S214039110BDF83430294602939DF830302046CDE919
S21403912000733346FEF73EFC07B0F0BD2220FBE794
S2140391300320F9E738B5FFF7B3FE054600F016F847
S21403914004462846FFF7A7FE204638BD4FF0B04337
S21403915001285B6904D0022805D1C3F3C000704719
S21403916003F0010070470020704770474FF0B0438C
S2140391709A6A1207FCD4186A7047704708B5FFF757
S214039180FCFF00F01DF808BD10B5FFF77CFE0121BB
S21403919004460846FEF7E2F82046BDE81040FFF70F
S2140391A06DBE10B5044600F012F82046FAF7FBFF32
S2140391B02046F8F72EF9BDE81040F9F7F3BC7047E0
S2140391C008B5FFF7FCFF08BD012070477047002075
S2140391D0704730B589B00446ADF806108DF81020F8
S2140391E0FFF79AFD05462046FFF7A6FD03469DB109
S2140391F0BDF80600ABB900F0BAF8FF2808BF002098
S2140392000DF10F038DF80F001A46204604990593B7
S214039210FEF728FE09B030BD0028F5D00DF1060391
S214039220F2E700F0A4F8FF2808BF0020BDF80630D8
S2140392308DF80F00ADF81A308DF8180006ABE3E78B
S214039240008870470170090A417070470120704713
S2140392500120704738B5DFF7FDFF0446D5F732F82F
S214039260051E18BF2546D5F7FFF8041E18BF2C4663
S214039270FFF7ECFF002818BF204638BD38B5FEF7C9
S214039280BDF90446F7F7C4FA04281ED002284FF0A7
S214039290000508BF0124F8F764F9042817D002284C
S2140392A008BF0124F7F7F3FE042812D0022808BFEC
S2140392B00124FFF7CDFF04280DD0022808BF0124A0
S2140392C0002D18BF0024204638BD0125E3E70125FD
S2140392D0E8E70125EDE70024F5E7FF20704708B52A
S2140392E0FFF7FBFF002008BD08B520B1FFF77AFBA8
S2140392F000F0010008BD0120FAE708B5FFF766FB9A
S214039300BDE80840FFF7F0BF008810B1C9B2FFF709
S214039310B3BB70472DE9F041B0F8008006460C4613
S214039320D5B2B8F1000F11D029464046FFF7A4FB8B
S2140393302246074629464046FFF7B2FB3A462946E9
S2140393402046FFF7ADFB3480BDE8F0810F46F5E716
S21403935003461B8808468B4202D00021FFF78CBBCE
S214039360002070470069003818BF012070470020AE
S2140393707047F8B506460D46FFF7EEFC032804468D
S21403938021D02846FFF7E8FC032807461BD010F039
S214039390020318D1A0070DD5F90716D401233C43C1
S2140393A0E20704D431892A89914218BF002303F0C7
S2140393B00100F8BD082229463046E1F757FBB0FA0C
S2140393C080F35B09EBE70020F3E71846F1E770B597
S2140393D00D4600210646FFF797FF044630B1FFF718
S2140393E013FB01462846FFF7C4FF08B1204670BDAD
S2140393F021463046FFF7ACFFEFE707B50DF107014F
S214039400FFF7D6FC20B19DF8070003B05DF804FB18
S214039410FF20FAE700207047FF207047FF207047C1
S214039420FF2070470020704700200021704700206F
S21403943070472DE9F84307460846154688461C46F6
S2140394409DF82090FFF7E0FA4619A4B19EB1404676
S214039450FFF7F6FA254485420FDC2246B9F1000FE2
S21403946006D131463846E1F707F80020BDE8F88311
S21403947039463046F7E72120F8E71D20F6E70000D7
S214039480F8B500BFF8BC08BC9E467047F8B500BFE9
S214039490F8BC08BC9E4670475FF800F0315E0020BB
S2140394A05FF800F0955D0020446576696365207477
S2140394B0797065206368616E6765206465746563AB
S2140394C07465643A202564202D3E2025640D0A0029
S2140394D0427574746F6E2076616C7565206368617F
S2140394E06E67656420746F2025640D0A00507265EC
S2140394F073732064657465637465640D0A004D7543
S2140395006C74692070726573732064657465637424
S21403951065643A2025640D0A0052656C65617365BF
S2140395202064657465637465640D0A004C6F6E672A
S2140395302070726573732064657465637465640D67
S2140395400A0072656C61795F73746172745F6C6133
S214039550746368696E675F70756C73653A20616ED5
S2140395606F746865722070756C736520697320610B
S21403957063746976650D0A0072656C61795F6F6E58
S2140395800D0A0072656C61795F6F66660D0A00727C
S214039590656C61795F746F67676C650D0A00577257
S2140395A06974696E6720636F6E66696720746F20DF
S2140395B06E763A2025730D0A0053697A653A20259C
S2140395C0640D0A004661696C656420746F207772C7
S2140395D0697465204445564943455F434F4E4649A3
S2140395E0475F4441544120746F204E562C207374B9
S2140395F0617475733A2025642E2028627974657326
S2140396003A202564290D0A00737563636573732115
S2140396100D0A004661696C656420746F207265618B
S21403962064204E565F4954454D5F4445564943456D
S2140396305F434F4E4649472C207573696E67206417
S214039640656661756C7420636F6E66696720696E04
S21403965073746561642C207374617475733A202582
S214039660642E202862797465733A202564290D0ACE
S214039670005573696E6720636F6E6669673A2025C7
S214039680642063686172732066726F6D0D0A2573BA
S2140396900D0A00736E713437697A6B3B545330305E
S2140396A031332D4D48423B534133753B524431448D
S2140396B0303B494231693B534134753B5243324157
S2140396C0303B494136693B534230753B5243304346
S2140396D0313B494135693B4D3B004E6574776F72AC
S2140396E06B20737461747573206368616E67656459
S2140396F020746F2025640D0A004D616E75666163E4
S214039700747572657220746F6F206269670D0A0044
S2140397104D6F64656C20746F6F206269670D0A0075
S214039720496E697469616C697A696E67205A6967FC
S2140397306265652077697468202564207377697489
S214039740636865732C2025642072656C6179732CBD
S21403975020256420636F766572730D0A00436F6E6F
S21403976066696720706172736564207375636365E9
S214039770737366756C6C790D0A0072656164207686
S214039780657273696F6E20666F726D206E657720E3
S2140397906C6F636174696F6E0D0A004661696C6570
S2140397A06420746F207772697465206C61737453D8
S2140397B065656E56657273696F6E20746F204E56BC
S2140397C02C2073743A2025640D0A004F6C642076AF
S2140397D0657273696F6E3A2025640D0A00437572CD
S2140397E072656E742076657273696F6E3A202564AF
S2140397F00D0A00524553455420414C4C210D0A0096
S21403980068616C5F6770696F5F63616C6C626163EC
S2140398106B3A2065787469206C696E6520256C64E4
S2140398202073746174757320256C750D0A00686166
S2140398306C5F6770696F5F63616C6C6261636B3AE0
S214039840206E6F20667265652045585449206C6902
S2140398506E65730D0A002F686F6D652F72756E6ED9
S21403986065722F776F726B2F747579612D7A6967BE
S2140398706265652D7377697463682F747579612DD6
S2140398807A69676265652D7377697463682F736990
S2140398906C6162735F746F6F6C732F73696D706C3A
S2140398A069636974795F73646B2F2E2E2F2E2E2FA8
S2140398B07372632F73696C6162732F68616C2F7A9E
S2140398C069676265652E630044726F7070696E67C0
S2140398D0206F6C64204F544120696D6167652C20AE
S2140398E063757272656E74206F66667365743A206C
S2140398F0256C750A00556E6B6E6F776E20636F76F8
S214039900657220636F6D6D616E643A2025640D0A7F
S21403991000417474726962757465206368616E676A
S21403992065642C2065703A2025642C20636C75735F
S2140399307465723A2025642C20617474723A20256B
S214039940640D0A00556E6B6E6F776E20636F6D6DD8
S214039950616E643A2025640D0A00496E64657820BA
S214039960617420777269746520617474723A202575
S214039970640D0A004E6F2073776974636820636F03
S2140399806E66696720696E204E562C207573696E65
S214039990672064656661756C74730D0A00496E769C
S2140399A0616C69642072656C61795F696E64657861
S2140399B020256420696E204E562C207265736574CC
S2140399C074696E6720746F2064656661756C740DC8
S2140399D00A003E2000556E6B6E6F776E20657272BE
S2140399E06F7200496E7075742062756666657220C4
S2140399F069732046554C4C004D6178696D756D2032
S214039A006E756D626572206F6620617267756D652F
S214039A106E74732065786365656465640054686571
S214039A2020617267756D656E74206973206E6F743E
S214039A3020666F726D617474656420636F727265FD
S214039A4063746C7900496E636F7272656374206128
S214039A507267756D656E74207479706500496E6300
S214039A606F7272656374206E756D626572206F66C1
S214039A7020617267756D656E7473004E6F20636F39
S214039A806D6D616E6420666F756E640075696E74C5
S214039A9038006164646974696F6E616C002A0075CE
S214039AA06E6B6E6F776E0077696C646361726400C9
S214039AB06865786F707400737472696E676F70741C
S214039AC00075696E7433326F70740075696E743125
S214039AD0366F70740075696E74386F7074006865DD
S214039AE07800737472696E670075696E7431360038
S214039AF075696E743332002E2E2E200068656C70E6
S214039B00000A25730A257325730025732008002F82
S214039B10686F6D652F72756E6E65722F776F726BD9
S214039B202F747579612D7A69676265652D73776918
S214039B307463682F747579612D7A69676265652D1C
S214039B407377697463682F73696C6162735F746F8C
S214039B506F6C732F73696D706C69636974795F7367
S214039B60646B2F706C6174666F726D2F736572769B
S214039B706963652F6C65676163795F68616C2F73D2
S214039B8072632F626173652D7265706C6163656DB8
S214039B90656E742E63002F686F6D652F72756E6E1B
S214039BA065722F776F726B2F747579612D7A69677B
S214039BB06265652D7377697463682F747579612D93
S214039BC07A69676265652D7377697463682F73694D
S214039BD06C6162735F746F6F6C732F73696D706CF7
S214039BE069636974795F73646B2F706C6174666FF5
S214039BF0726D2F736572766963652F746F6B656E0E
S214039C005F6D616E616765722F6C65676163792F3F
S214039C107372632F736C5F746F6B656E5F6D616ECB
S214039C20616765722E63002F686F6D652F72756EA0
S214039C306E65722F776F726B2F747579612D7A69E3
S214039C40676265652D7377697463682F74757961C8
S214039C502D7A69676265652D7377697463682F73F8
S214039C60696C6162735F746F6F6C732F73696D7069
S214039C706C69636974795F73646B2F706C61746667
S214039C806F726D2F736572766963652F746F6B657C
S214039C906E5F6D616E616765722F6C656761637970
S214039CA02F7372632F736C5F746F6B656E5F6D617A
S214039CB06E75666163747572696E672E63004375AD
S214039CC07272656E7420436F6E6669673A2025303C
S214039CD0780053657420434341206D6F6465207498
S214039CE06F2025643A2025307800656E61626C65C6
S214039CF0640064697361626C6564006F75742863DD
S214039D006C69656E742900696E20287365727665C2
S214039D107229004D464720537472696E673A2025B0
S214039D2073004170704275696C646572204D4647D6
S214039D3020436F64653A20307825303458006E6FC0
S214039D406465205B004164646974696F6E616C20AE
S214039D50696E746572666163657300202025643AD4
S214039D60200070616765205B25645D206368616E13
S214039D70205B25645D20707772205B25645D006E32
S214039D806F7420616374697665006572726F722002
S214039D903078253038580070616E4944205B30783F
S214039DA0253034585D206E6F64654944205B3078F7
S214039DB0253034585D20007870616E205B30780063
S214039DC0706172656E744944205B30782530345870
S214039DD05D20706172656E7452737369205B2564CF
S214039DE05D006E6F646554797065205B0053656330
S214039DF07572697479206C6576656C205B253032E4
S214039E00585D006E6574776F726B2073746174654A
S214039E10205B253032585D200042756666657220E9
S214039E2062797465733A202564202F2025640045E3
S214039E307020636E743A20256400657020256420C4
S214039E405B656E64706F696E742025732C20646581
S214039E50766963652025735D20006E776B205B252E
S214039E60645D2070726F66696C65205B30782530A0
S214039E7034585D206465764964205B307825303439
S214039E80585D20766572205B3078253032585D0049
S214039E9020202020257320636C75737465723A2026
S214039EA030782530345820004E776B20636E743A32
S214039EB0202564006E776B202564205B25735D0088
S214039EC05072696D617279202870726F29002020A4
S214039ED06E6F646554797065205B30782530325830
S214039EE05D002020736563757269747950726F66BE
S214039EF0696C65205B3078253032585D004550200C
S214039F0025643A20257320004572726F723A20202A
S214039F10556E6B6E6F776E20656E64706F696E74C8
S214039F202E00456E61626C65206576656E742064EE
S214039F306562756720696E666F20696E20436F726F
S214039F406520434C4920636F6D706F6E656E7400B9
S214039F506F6E6C7920636F6F7264696E61746F7273
S214039F60732063616E20666F726D0A006A6F696E96
S214039F70203078253038580A006C656176650025F0
S214039F8073203078253032580A0072656A6F696E1E
S214039F900072656A6F696E446966664465766963CE
S214039FA06554797065006578742E2050414E2049BB
S214039FB0443A20004E574B206F70656E3A20257545
S214039FC020736563004E574B20636C6F73656400A4
S214039FD066696E64206A6F696E61626C653A2030EA
S214039FE078253032580066696E6420756E75736521
S214039FF0643A20307825303258004368616E6769CA
S21403A0006E6720746F206368616E6E656C202564CE
S21403A0103A2030782530325800696E76616C696470
S21403A020206E6574776F726B20696E646578005373
S21403A030686F72742049443A203078253034582C9F
S21403A0402045554936343A20002C2050616E20496D
S21403A050443A20307825303458005374617274655E
S21403A06064206D756C74692D70687920696E7465EB
S21403A0707266616365004661696C656420746F206F
S21403A08025732025732030782530325800546572A6
S21403A0906D696E61746564202573203078253032CF
S21403A0A058004B65657020616C6976652073757022
S21403A0B0706F727420656E61626C65642E006661F3
S21403A0C0696C656420746F20736574206B656570B6
S21403A0D020616C697665206D6F64652E0073756309
S21403A0E06365737366756C6C792073657420746826
S21403A0F065206368696C642074696D656F75742088
S21403A1006F7074696F6E206D61736B2E0066616984
S21403A1106C656420746F20736574207468652063AF
S21403A12068696C642074696D656F7574206F7074EC
S21403A130696F6E206D61736B2E00646973636F764F
S21403A1406572004D61746368202573792066726FAB
S21403A1506D203078253034582C2065702025640017
S21403A1604E574B2041646472657373207265737037
S21403A1706F6E73653A20307825303458004945456C
S21403A18045204164647265737320726573706F6EE5
S21403A19073653A2000536572766963652025737983
S21403A1A020646F6E652E002320207479706520204E
S21403A1B0206E776B20206C6F6320202072656D20E5
S21403A1C02020636C75732020206E6F64652020202A
S21403A1D065756900202025642020202030782530EE
S21403A1E034582020307825303458202030782530D5
S21403A1F03458203078253034582000736C5F7A69E1
S21403A200676265655F6765745F62696E64696E67DA
S21403A210204572726F723A203078253038580A001B
S21403A2202564206F662025642062696E64696E6704
S21403A23073207573656400656E61626C6564207077
S21403A24072696E740064697361626C65642070720F
S21403A250696E7400616464206C696E6B206B65794B
S21403A260004552523A2043616C63756C61746564B1
S21403A2702043524320646F6573206E6F74206D61B4
S21403A280746368004552523A20496E7374616C6C6D
S21403A29020436F6465206D75737420626520382CC7
S21403A2A02031302C2031342C206F7220313820623C
S21403A2B07974657320696E206C656E6774680045F3
S21403A2C052523A204145532D4D4D4F2068617368D5
S21403A2D0206661696C65643A203078253032580010
S21403A2E0536574206A6F696E696E67206C696E6B5E
S21403A2F0206B6579007365742062696E642025643B
S21403A3003A2030782530327800454D505459005560
S21403A3104E494341004D324F4E45004D554C54492E
S21403A320003F2020202000496E646578204945457B
S21403A330452041646472657373202020202020200A
S21403A34020204E574B496E6465782020496E204680
S21403A35043202020202054544C28732920466C6127
S21403A36067202020204B65792020202000256420AC
S21403A37020202020002020256420202020202020AC
S21403A380002020253038582020002030782530340F
S21403A39058202000496E646578204945454520418C
S21403A3A064647265737320202020202020202049B7
S21403A3B06E204643202020202054797065202041BB
S21403A3C075746820204B6579002D202020202000FE
S21403A3D025632020202020256320202020200069BC
S21403A3E06573005741524E494E473A202052454125
S21403A3F044494E47204F46204B45592056414C551D
S21403A40045532044495341424C4544204259204D2C
S21403A410464720544F4B454E004E574B204B6579CD
S21403A420002573206F75742046433A20253038582C
S21403A43000257320736571206E756D3A203078257C
S21403A440303258002573206F75742046433A202512
S21403A4503038780054432025732000257320546138
S21403A460626C650025642F256420656E74726965C9
S21403A4707320757365642E005472616E7369656E1E
S21403A48074204B657900256420656E7472257320ED
S21403A490636F6E73756D696E6720256420706163E4
S21403A4A06B65742062756666657225732E00574960
S21403A4B04C4C0057494C4C204E4F54005472757305
S21403A4C0742043656E74657220257320616C6C6F0F
S21403A4D0772074727573742063656E746572207268
S21403A4E0656A6F696E73207573696E672077656C2E
S21403A4F06C2D6B6E6F776E206B65792E00536574CB
S21403A5002074696D656F757420666F72205472755A
S21403A51073742043656E7465722072656A6F696E24
S21403A52073207573696E672077656C6C2D6B6E6F21
S21403A530776E206C696E6B206B657920746F2025AF
S21403A54064207365636F6E64732E004552524F52D8
S21403A5503A20002573737461636B206D75737420E2
S21403A560626520646F776E2E0052656164696E675C
S21403A57020416C6C6F7765640048617368696E6729
S21403A580206F6E6C7900736C5F7A69676265655FCE
S21403A5906B65795F73657474696E67735F743A206D
S21403A5A03078253034580020205065726D697373F7
S21403A5B0696F6E733A202573004572726F723A2084
S21403A5C04661696C656420746F2067657420636FE9
S21403A5D06E6669672C207374617475733A203078DD
S21403A5E025303858004661696C65643A2030782512
S21403A5F0303858004D73673A20636C757320307893
S21403A600253034582C20636D64203078253032583A
S21403A6102C206C656E202564006275666665723A4A
S21403A6202000454D4245525F00257353454355521E
S21403A6304954595F4C4556454C3A2025303258000C
S21403A64025736572617365206B65792025643A20EE
S21403A65030782530385800636D64206E6F7420623E
S21403A66075696C74007372632065702025303278C8
S21403A6702C20636C757320253034780073656E6404
S21403A680696E6720746F206D756C7469636173748B
S21403A6902062696E640025733A2065703A2025644B
S21403A6A02C20636C3A203078253034582C20617483
S21403A6B074723A20307825303458002C2073767222
S21403A6C03A2025630025733A20726561643A203088
S21403A6D07825303278002C207376723A2025632C46
S21403A6E02064747970653A203078253032580041FA
S21403A6F07267756D656E7420617420696E64657823
S21403A7003A202564206973206F7574206F66207263
S21403A710616E676500436F6D6D616E6420616C7278
S21403A72065616479206275696C742E202043616EBE
S21403A7306E6F7420736574204D464720737065638F
S21403A7406966696320636F646520666F7220636F52
S21403A7506D6D616E642E004D464720436F64652021
S21403A76053657420666F72206E65787420636F6D10
S21403A7706D616E643A203078253034580055736521
S21403A780204E6578742053657175656E6365205336
S21403A790657420666F72206E65787420636F6D6DC6
S21403A7A0616E643A2030782530325800446973610C
S21403A7B0626C652044656661756C742052657370BF
S21403A7C06F6E73652053657420666F72206E6578AE
S21403A7D07420636F6D6D616E643A20307825303275
S21403A7E058004552523A2072656164696E6720616B
S21403A7F07474726962757465202530327800455228
S21403A800523A206174747269627574652073697A4A
S21403A8106520256420746F6F206C617267652066FF
S21403A8206F7220627566666572004572726F723A61
S21403A83020617474726962757465204944203078A7
S21403A84025303458207265706F727461626C6520AF
S21403A8506368616E67652069732073697A6520256E
S21403A86064422C206275742025644220656E7465EC
S21403A8707265640A006E6F20636D64004572726FC2
S21403A880723A20434C492053656E64206661696CB6
S21403A89065642C207374617475733A2030782530A0
S21403A8A03858004572726F723A202045554936343F
S21403A8B020617267756D656E7420697320656D70AF
S21403A8C0747920616E64206C6F6F6B75702062798B
S21403A8D0206E6F6465204944206661696C65642E4A
S21403A8E00047726F757000556E6963617374005527
S21403A8F06E62696E642025732025733078253032A6
S21403A9005800526571756573743A20005A444F2097
S21403A91073696D706C65206465736320726571205E
S21403A92025303278005A444F206E6F646520646584
S21403A9307363207265712025303278005A444F20A5
S21403A9406D61746368206465736320726571202586
S21403A950303258005573696E67206D79206C6F63CB
S21403A960616C20455549363420666F7220646573E2
S21403A9707420455549363420696E2062696E6469D1
S21403A9806E67005A444F2062696E642072657120B8
S21403A9902530327800636C7573746572206C696D4C
S21403A9A06974207265616368656400696E76616CBC
S21403A9B0696420706167653A202564206F7220639E
S21403A9C068616E6E656C3A202564004368616E6745
S21403A9D065206368616E6E656C207374617475734D
S21403A9E03A20307825303278006475726174696F66
S21403A9F06E206D75737420626520696E2072616EB9
S21403AA0067652030202D203500636F756E74206DCA
S21403AA1075737420626520696E2072616E676520A7
S21403AA2031202D2038007363616E20737461747552
S21403AA307320307825303258006E6574776F726BEA
S21403AA402075706461746520736574207374617413
S21403AA507573203078253032580041637469766503
S21403AA602045502072657175657374207374617424
S21403AA7075733A20307825303258004C51492054AB
S21403AA8061626C6520726571756573743A203078FF
S21403AA90253032580042696E64696E6720546162DD
S21403AAA06C6520726571756573743A20307825304D
S21403AAB03258004C65617665202573307825303230
S21403AAC05800506F776572204465736372697074BB
S21403AAD06F72202573307825303258005573696EAF
S21403AAE067206D79206C6F63616C20455549363459
S21403AAF020666F722064657374204555493634208A
S21403AB00696E20756E62696E64696E6700526F7552
S21403AB107465205461626C65202573307825303265
S21403AB2058002F686F6D652F72756E6E65722F777E
S21403AB306F726B2F747579612D7A69676265652DFF
S21403AB407377697463682F747579612D7A696762A0
S21403AB5065652D7377697463682F73696C616273B7
S21403AB605F746F6F6C732F73696D706C6963697450
S21403AB70795F73646B2F70726F746F636F6C2F7A69
S21403AB8069676265652F6170702F6672616D6577A0
S21403AB906F726B2F636F6D6D6F6E2F736C5F7A6959
S21403ABA0676265655F73797374656D5F636F6D6DFB
S21403ABB06F6E2E6300457874656E64656420526517
S21403ABC073657420696E666F3A2030782530345882
S21403ABD02028257329002F686F6D652F72756E6E9A
S21403ABE065722F776F726B2F747579612D7A69672B
S21403ABF06265652D7377697463682F747579612D43
S21403AC007A69676265652D7377697463682F7369FC
S21403AC106C6162735F746F6F6C732F73696D706CA6
S21403AC2069636974795F73646B2F70726F746F6393
S21403AC306F6C2F7A69676265652F6170702F667215
S21403AC40616D65776F726B2F636F6D6D6F6E2F7AA5
S21403AC5069676265655F6170705F6672616D65776F
S21403AC606F726B5F736C6565702E630053746179E6
S21403AC70206177616B65207768656E206E6F742040
S21403AC806A6F696E65643A20257300466F72636562
S21403AC90642073746179206177616B653A202020A4
S21403ACA020202020202020257300466F7263696EC3
S21403ACB0672064657669636520746F2073746179B1
S21403ACC0206177616B6500416C6C6F77696E6720F6
S21403ACD064657669636520746F20676F20746F20E0
S21403ACE0736C656570002F686F6D652F72756E6E79
S21403ACF065722F776F726B2F747579612D7A69671A
S21403AD006265652D7377697463682F747579612D31
S21403AD107A69676265652D7377697463682F7369EB
S21403AD206C6162735F746F6F6C732F73696D706C95
S21403AD3069636974795F73646B2F70726F746F6382
S21403AD406F6C2F7A69676265652F6170702F667204
S21403AD50616D65776F726B2F636F6D6D6F6E2F7A94
S21403AD6069676265655F737461636B5F736C656562
S21403AD70702E630052583A205265736574546F46BA
S21403AD806163746F727944656661756C747343614D
S21403AD906C6C6261636B00657A737020636F756EAB
S21403ADA074657273206661696C6564202575006539
S21403ADB07A7370205265736574205468726573687D
S21403ADC06F6C64206572726F7220257500657A73E6
S21403ADD07020536574205468726573686F6C6420C2
S21403ADE06572726F72202575002575292025733AC2
S21403ADF02025750053657474696E67205468726500
S21403AE0073686F6C6420636F6D6D616E64003F3FA3
S21403AE103F004D6163205278204263617374004D96
S21403AE206163205478204263617374004D6163202C
S21403AE305278205563617374004D61632054782003
S21403AE405563617374004D616320547820556361C4
S21403AE507374205265747279004D616320547820B0
S21403AE605563617374204661696C004150532052E8
S21403AE707820426361737400415053205478204213
S21403AE806361737400415053205278205563617395
S21403AE9074004150532054782055636173742053D3
S21403AEA0756363657373004150532054782055636C
S21403AEB0617374205265747279004150532054783C
S21403AEC0205563617374204661696C00526F757414
S21403AED065204469736320496E69746961746564A7
S21403AEE0004E65696768626F72204164646564003A
S21403AEF04E65696768626F722052656D6F7665642A
S21403AF00004E65696768626F72205374616C6500F2
S21403AF104A6F696E20496E6469636174696F6E0077
S21403AF204368696C64204D6F76656400415348201E
S21403AF304F766572666C6F770041534820467261A0
S21403AF406D65204572726F7200415348204F7665D7
S21403AF507272756E204572726F72004E574B2046A2
S21403AF6043204661696C7572650041505320464321
S21403AF70204661696C7572650041534820584F66D8
S21403AF80660041505320556E617574686F72697A16
S21403AF906564204B6579004E574B20446563727990
S21403AFA07074204661696C75726573004150532056
S21403AFB044656372797074204661696C7572657353
S21403AFC0005061636B657420427566666572204146
S21403AFD06C6C6F63617465204661696C757265732A
S21403AFE00052656C61796564205563617374005023
S21403AFF0687920746F204D4143207175657565200F
S21403B0006C696D697420726561636865640050617C
S21403B010636B65742056616C696461746520647241
S21403B0206F7020636F756E74004E574B2072657495
S21403B0307279206F766572666C6F770043434120A2
S21403B0404661696C757265730042726F6164636111
S21403B0507374207461626C652066756C6C00505462
S21403B06041204C6F20507269205265710050544144
S21403B070204869205072692052657100505441205F
S21403B0804C6F205072692044656E696564005054A5
S21403B09041204869205072692044656E69656400E2
S21403B0A0505441204C6F20507269205478204162DE
S21403B0B072740050544120486920507269205478B5
S21403B0C02041627274004164647265737320436F37
S21403B0D06E666C6963742053656E740043534C202C
S21403B0E05278207363686564756C65206661696C65
S21403B0F06564000D004465627567207072696E743E
S21403B1002067726F75702025730A0057726F6E671B
S21403B11020706172616D657465720A0053636865B9
S21403B12064756C65206D6F7665206E776B0025738E
S21403B1302025643A202564004D6178206D6F76657E
S21403B140206C696D69742072656163686564206E3E
S21403B150776B2025643A20256400456E6420446599
S21403B1607669636520506F6C6C20496E666F726DEE
S21403B1706174696F6E00454D4245525F454E445FAC
S21403B1804445564943455F54494D454F55543A2027
S21403B190202020202020256400506F6C6C20636FD5
S21403B1A06D706C657465642063616C6C6261636B5F
S21403B1B03A20257300202043757272656E74205002
S21403B1C06F6C6C20496E74657276616C202871739F
S21403B1D0293A202020256C640020204C6F6E6720BF
S21403B1E0506F6C6C20496E74657276616C202871A2
S21403B1F073293A202020202020256C640020205329
S21403B200686F727420506F6C6C20496E746572762A
S21403B210616C20287173293A2020202020256C6435
S21403B22000202057616B652054696D656F75742027
S21403B230287173293A202020202020202020202037
S21403B24020256C6400202057616B652054696D656A
S21403B2506F7574204269746D61736B3A20202020E9
S21403B26020202020203078253038580020204375B1
S21403B2707272656E7420417070205461736B733AFA
S21403B2802020202020202020202020203078253039
S21403B290385800202043757272656E7420506F6CA8
S21403B2A06C20436F6E74726F6C2020202020202049
S21403B2B0202020257300202044656661756C742069
S21403B2C0506F6C6C20436F6E74726F6C202020205E
S21403B2D0202020202020257300466F7263696E6746
S21403B2E02064657669636520746F2073686F727473
S21403B2F020706F6C6C00416C6C6F77696E672064AE
S21403B300657669636520746F206C6F6E6720706F57
S21403B3106C6C00534C5F5A49474245455F41465F54
S21403B3204C4F4E475F504F4C4C00534C5F5A494767
S21403B3304245455F41465F53484F52545F504F4C1A
S21403B3404C00706F6C6C206E776B2025643A20304F
S21403B35078253032580046696E6420616E64204258
S21403B360696E6420496E69746961746F723A20432A
S21403B3706F6D706C6574653A2030782530325800EE
S21403B3805374617274207461726765740046696EE3
S21403B3906420616E642042696E642054617267653E
S21403B3A0740025733A2025733A20307825303258B6
S21403B3B000467261676D656E746174696F6E2052C4
S21403B3C0582077696E646F772073697A6520736592
S21403B3D07420746F202564002F686F6D652F727557
S21403B3E06E6E65722F776F726B2F747579612D7A17
S21403B3F069676265652D7377697463682F747579F9
S21403B400612D7A69676265652D7377697463682F42
S21403B41073696C6162735F746F6F6C732F73696D9E
S21403B420706C69636974795F73646B2F70726F7481
S21403B4306F636F6C2F7A69676265652F6170702F13
S21403B4406672616D65776F726B2F706C7567696E68
S21403B4502F667261676D656E746174696F6E2F66B1
S21403B4607261676D656E746174696F6E2E630052E8
S21403B470583A2041646447726F7570526573706FF3
S21403B4806E7365203078253032582C20307825307E
S21403B49034580052583A205669657747726F75706C
S21403B4A0526573706F6E7365203078253032582C72
S21403B4B0203078253034582C20220052583A204722
S21403B4C0657447726F75704D656D626572736869F2
S21403B4D070526573706F6E736520307825303258FE
S21403B4E02C203078253032582C00205B30782530DD
S21403B4F034585D0052583A2052656D6F7665477230
S21403B5006F7570526573706F6E7365203078253073
S21403B51032582C203078253034580065705B25303F
S21403B52032585D2069645B253034585D00436C6592
S21403B5306172696E6720616C6C2067726F757073D9
S21403B5402E004552523A204661696C656420746F3A
S21403B550206372656174652062696E64696E672034
S21403B5602830782530325829004552523A2042690D
S21403B5706E64696E67207461626C65206973206609
S21403B580756C6C004552523A2077726974696E671F
S21403B590206E616D6520737570706F727420253030
S21403B5A032580052583A2041646447726F757020CF
S21403B5B03078253034582C20220075760052583ABD
S21403B5C0205669657747726F75702030782530345A
S21403B5D0580075767300766965775F67726F757066
S21403B5E00047726F7570733A206661696C656420F4
S21403B5F0746F2073656E6420257320726573706F95
S21403B6006E73653A20307825303258006765745F6C
S21403B61067726F75705F6D656D626572736869706A
S21403B62020726573706F6E73650064656661756C12
S21403B630745F726573706F6E73650052583A204775
S21403B640657447726F75704D656D62657273686970
S21403B65070203078253032582C007575620047729A
S21403B6606F7570733A206661696C656420746F2029
S21403B67073656E642025733A20307825303258007F
S21403B68052583A2052656D6F766547726F75702013
S21403B690307825303458004552523A204661696C5A
S21403B6A0656420746F2064656C6574652062696EDA
S21403B6B064696E6720283078253032582900726511
S21403B6C06D6F76655F67726F75700052583A2052D9
S21403B6D0656D6F7665416C6C47726F75707300525B
S21403B6E0583A2041646447726F75704966496465C9
S21403B6F06E74696679696E67203078253034582C05
S21403B700202200616464004368616E6E656C206E7F
S21403B7106F742076616C69643A2025640050726900
S21403B7206D617279002573206D61736B206E6F7780
S21403B73020307825303858005365636F6E64617225
S21403B74079004D61736B206E6F742076616C69644B
S21403B7503A202564007072696D61727900736563BF
S21403B7606F6E646172790025733A205365742025E1
S21403B77073206D61736B20746F20307825303858D2
S21403B780005374617475730025733A2025733A0069
S21403B7904368616E6E656C206D61736B3A002020A2
S21403B7A0202028312920307825303858205B002087
S21403B7B020202028322920307825303858205B0076
S21403B7C053746174653A2030782530325820282522
S21403B7D073290043757272656E74206368616E6EBA
S21403B7E0656C3A20256400546F74616C2062656151
S21403B7F0636F6E733A202564004A6F696E20617426
S21403B80074656D7074733A202564004E6574776FA3
S21403B810726B2073746174653A2030782530325821
S21403B8200053746F700025732053746F702E20209E
S21403B830436C65616E696E672075702E0042726F89
S21403B840616463617374696E67207065726D697491
S21403B850206A6F696E0054727573742063656E7424
S21403B8606572206C696E6B206B65792075706461F8
S21403B8707465207374617475730025733A20574199
S21403B880524E494E473A20736C5F7A696762656524
S21403B8905F7365745F696E697469616C5F73656312
S21403B8A075726974795F7374617465206661696C17
S21403B8B065642E20436F6E74696E75696E672077B4
S21403B8C06974686F757420696E7374616C6C206339
S21403B8D06F64652E004572726F723A20696E7374D8
S21403B8E0616C6C20636F6465207365747570206685
S21403B8F061696C65642E20497320616E20696E73DE
S21403B90074616C6C20636F646520666C6173686534
S21403B91064206F6E746F207468652064657669634F
S21403B920653F00D0D1D2D3D4D5D6D7D8D9DADBDC8D
S21403B930DDDEDF00FFFFFFFFFFFFFFFF005A696743
S21403B940426565416C6C69616E63653039002573C9
S21403B9503A2069737375696E67207363616E206F2F
S21403B9606E202573206368616E6E656C7320286D88
S21403B97061736B2030782530385829002573206989
S21403B9807320616C726561647920696E2070726FD2
S21403B9906772657373005374617274004578616DE2
S21403B9A0696E696E6720626561636F6E206F6E20D5
S21403B9B06368616E6E656C20256420776974682001
S21403B9C070616E49642030782530345800546869B5
S21403B9D07320626561636F6E206973206E6F7420D7
S21403B9E070617274206F6620746865206375727266
S21403B9F0656E74206368616E6E656C206D61736B33
S21403BA002028307825303858292E204765747469E5
S21403BA106E67206E65787420626561636F6E20774B
S21403BA20686F7365206368616E6E656C2062697407
S21403BA306D61736B206973207365742E0045727293
S21403BA406F723A20257320636F756C64206E6F7473
S21403BA5020617474656D7074206A6F696E3A203065
S21403BA607825303258004E6F20626561636F6E73BF
S21403BA70206C656674206F6E2063757272656E74D3
S21403BA80206D61736B2E204D6F76696E6720746F21
S21403BA90206E657874207374617465002573206A5C
S21403BAA06F696E696E6720307825303458206F6E64
S21403BAB0206368616E6E656C2025640025732053D1
S21403BAC0746174653A202573004572726F723A206A
S21403BAD0257320636F756C64206E6F7420736574B2
S21403BAE075702073656375726974793A20307825AA
S21403BAF0303258004572726F723A205363616E207B
S21403BB00636F6D706C6574652068616E646C6572D6
S21403BB102072657475726E656420307825303258ED
S21403BB20002573207363616E20636F6D706C65749C
S21403BB30652E20426561636F6E732068656172646B
S21403BB403A20256400257320737461636B20737435
S21403BB506174757320307825303258002573206E53
S21403BB606574776F726B206A6F696E65642E002545
S21403BB707320747279696E67206E657874206E65BB
S21403BB8074776F726B2E004E6F6E65005363616E33
S21403BB90205072696D617279204368616E6E656CC0
S21403BBA07320616E642075736520436F6E666967E4
S21403BBB075726564204B6579005363616E2050721D
S21403BBC0696D617279204368616E6E656C7320617E
S21403BBD06E642075736520496E7374616C6C2043C4
S21403BBE06F6465005363616E205072696D6172798C
S21403BBF0204368616E6E656C7320616E64205573B6
S21403BC00652043656E7472616C697A6564204B6562
S21403BC1079005363616E205072696D6172792043B7
S21403BC2068616E6E656C7320616E64205573652063
S21403BC304469737472696275746564204B65790030
S21403BC405363616E205365636F6E6461727920433C
S21403BC5068616E6E656C7320616E64207573652013
S21403BC60436F6E66696775726564204B657900532A
S21403BC7063616E205365636F6E64617279204368F7
S21403BC80616E6E656C7320616E6420757365204902
S21403BC906E7374616C6C20436F6465005363616EEE
S21403BCA0205365636F6E64617279204368616E6EBC
S21403BCB0656C7320616E64205573652043656E74EE
S21403BCC072616C697A6564204B6579005363616EB3
S21403BCD0205365636F6E64617279204368616E6E8C
S21403BCE0656C7320616E64205573652044697374B4
S21403BCF072696275746564204B6579005363616E7F
S21403BD00205072696D617279204368616E6E656C4E
S21403BD107320616E642055736520416C6C204B65FF
S21403BD2079732028696E7374616C6C20636F646525
S21403BD302C2063656E7472616C697A65642C20646A
S21403BD406973747269627574656429005363616EFE
S21403BD50205365636F6E64617279204368616E6E0B
S21403BD60656C7320616E642055736520416C6C208E
S21403BD704B6579732028696E7374616C6C20636FEE
S21403BD8064652C2063656E7472616C697A65642CD5
S21403BD9020646973747269627574656429004F6EF2
S21403BDA02F4F6666207365742076616C75653A203E
S21403BDB0253032582025303258004552523A2072E8
S21403BDC0656164696E67206F6E2F6F666620253027
S21403BDD03258004F6E2F6F666620616C7265616421
S21403BDE0792073657420746F206E65772076616C96
S21403BDF0756500546F67676C65206F6E2F6F666698
S21403BE002066726F6D202530325820746F202530DF
S21403BE103258004552523A2077726974696E672029
S21403BE206F6E2F6F6666202530325800496E737426
S21403BE30616C6C6564205479706520284261736573
S21403BE40293A2020307825303258004361706162E9
S21403BE50696C69746965733A2020202020202020AD
S21403BE6020202030782530345800426F6F746C6F72
S21403BE70616465722056657273696F6E3A2020207E
S21403BE80202030782530345800536563757265205A
S21403BE90426F6F746C6F61646572204B65793A20EC
S21403BEA0202020202000426F6F746C6F6164696EDF
S21403BEB067206661696C65642100446F776E6C6FFA
S21403BEC06164206661696C65642E0044656C657404
S21403BED0696E67206661696C656420646F776E6C53
S21403BEE06F61642C207374617475733A20307825FF
S21403BEF030325800496D61676520646F6573206E44
S21403BF006F7420636F6E7461696E20616E20557066
S21403BF10677261646520496D6167652054616720B7
S21403BF2028307825303458292E20536B6970706971
S21403BF306E6720757067726164652E004578656369
S21403BF407574696E6720626F6F746C6F61642063CB
S21403BF50616C6C6261636B2E005374617274696EFC
S21403BF60672045424C207665726966696361746929
S21403BF706F6E0045424C206661696C656420766589
S21403BF8072696669636174696F6E2E0045424C2060
S21403BF90706173736564207665726966696361743C
S21403BFA0696F6E2E002573696E67204F54412063B8
S21403BFB06C69656E74207374617465206D61636863
S21403BFC0696E650073746F7070004572726F723AB3
S21403BFD0204E6F20696D61676520617420696E6409
S21403BFE06578202564004E6F7420737570706F72C9
S21403BFF07465642E00436C69656E7420696D6167B1
S21403C0006520717565727920696E666F004D616E85
S21403C01075662049443A2020202020202020203006
S21403C020782530345800496D61676520547970650A
S21403C0302049443A202020203078253034580043C5
S21403C040757272656E742056657273696F6E3A20E8
S21403C05020307825303858004861726477617265FD
S21403C0602056657273696F6E3A20004E4100517513
S21403C0706572792044656C6179206D733A202020BF
S21403C080202020202020202020256C640053657269
S21403C09076657220446973636F76657279204465AA
S21403C0A06C6179206D733A20256C6400446F776E5B
S21403C0B06C6F61642044656C6179206D733A20204F
S21403C0C020202020202020256C640052756E2055E9
S21403C0D07067726164652044656C6179206D733A9C
S21403C0E0202020202020256C64005665726966791E
S21403C0F02044656C6179206D733A2020202020202F
S21403C1002020202020256C6400446F776E6C6F61BE
S21403C11064204572726F72205468726573686F6C20
S21403C120643A202025640055706772616465205761
S21403C130616974205468726573686F6C643A202072
S21403C14020202564004F544120446F776E67726148
S21403C1506465733A2044697361626C6564004F5486
S21403C1604120446F776E6772616465733A20456E4B
S21403C17061626C656400426F6F746C6F61642073F8
S21403C180746174653A20257300496E76616C696440
S21403C190204550202564207768656E20747279697F
S21403C1A06E6720746F2073656E64204F5441206D54
S21403C1B06573736167652E0053656E64696E6720E9
S21403C1C05570677261646520456E6420726571758B
S21403C1D06573742E0025733A20696E76616C696404
S21403C1E020636D64496420307825303258004572E8
S21403C1F0726F723A20204661696C656420746F2002
S21403C20073656E64204F544120636F6D6D616E6479
S21403C210203078253032582C207374617475733A45
S21403C2202030782530325800536572766572207553
S21403C2306E6B6E6F776E2C2066616C6C696E672012
S21403C2406261636B20746F20646973636F766572D3
S21403C250792E004D6178696D756D207175657279FB
S21403C260206572726F7273206869742028256429AA
S21403C2702C207374617274696E67207365617263D0
S21403C2806820666F72206E6577204F544120736571
S21403C290727665722E0A004170706C79696E67203B
S21403C2A0757067726164650025733A20696E7661FE
S21403C2B06C6964206F666673657420637572726555
S21403C2C06E7454696D652830782530385829203EB9
S21403C2D0207570677261646554696D6528307825CA
S21403C2E030385829004F544120436C757374657277
S21403C2F03A207761697420666F7220256420730084
S21403C300525865642074696D654F757420307825BE
S21403C31030385820732C204D41582074696D654F72
S21403C3207574203078253038582073004D6178694D
S21403C3306D756D20757067726164652072657175C1
S21403C34065737473206D61646520282564292077DE
S21403C3506974686F757420726573706F6E73652089
S21403C36066726F6D207365727665722E0055706700
S21403C370726164696E6720616E79776179004F54E4
S21403C38041205365727669636520646973636F76CB
S21403C3906572792070726576656E746564202D20EB
S21403C3A0616E6F7468657220697320616C72656173
S21403C3B0647920696E2070726F67726573730046C6
S21403C3C061696C656420746F20696E697469617451
S21403C3D065207365727669636520646973636F7637
S21403C3E06572792E004F54412053657276696365F2
S21403C3F020446973636F7665727920696E20707264
S21403C4006F677265737300436C69656E7420766537
S21403C41072696669636174696F6E206661696C65CB
S21403C420642E005369676E61747572650043757395
S21403C430746F6D00706173736564004641494C45C3
S21403C44044004E6F207369676E617475726520765B
S21403C4506572696669636174696F6E20737570705F
S21403C4606F72742C20617373756D696E6720696DC6
S21403C470616765206973206F6B61792E00257320D1
S21403C480766572696669636174696F6E2025733AAF
S21403C49020307825303258004D6178696D756D20EF
S21403C4A06E756D626572206F6620646F776E6C6F53
S21403C4B06164206572726F727320726561636820AF
S21403C4C0282564292C2061626F7274696E672E00BA
S21403C4D04F544120436C75737465723A20736574C8
S21403C4E074696E67204945454520616464726573C7
S21403C4F073206F66204F544120636C7573746572A6
S21403C500005061727469616C2066696C6520646FA3
S21403C510776E6C6F616420666F756E642C20636F34
S21403C5206E74696E75696E672066726F6D206F66CE
S21403C530667365742030782530385800466F756EFC
S21403C540642066756C6C7920646F776E6C6F6164BB
S21403C55065642066696C6520696E2073746F72610A
S21403C5606765202876657273696F6E20307825308C
S21403C5703858292E00466F756E642066696C6520F0
S21403C580696E2073746F72616765207769746820BB
S21403C590646966666572656E742076657273696F24
S21403C5A06E202830782530385829207468616E202C
S21403C5B063757272656E742076657273696F6E202A
S21403C5C028307825303858290046696C6520696E0E
S21403C5D02073746F726167652069732073616D657C
S21403C5E02061732063757272656E742072756E6E49
S21403C5F0696E672076657273696F6E2028307825BA
S21403C60030385829004E6F20696D61676520666F64
S21403C610756E6420696E2073746F726167652E0091
S21403C6204F5441205365727669636520446973638A
S21403C6306F7665727920756E626C6F636B656400E6
S21403C64049676E6F72696E672073657276657220CE
S21403C65066726F6D206C6F6F706261636B206164CE
S21403C66064726573730049676E6F72696E67203014
S21403C6707825303458204F5441207365727665729E
S21403C68020696E20736561726368206F6620544369
S21403C6900053657474696E67204F54412053657266
S21403C6A076657220746F20307825303458004465E0
S21403C6B06C6179696E67202564207365636F6E64A9
S21403C6C073206265666F7265207374617274696E37
S21403C6D067204F544120636C69656E740054696D1E
S21403C6E0656F75742077616974696E6720666F720B
S21403C6F0206D6573736167652E00426164204F5435
S21403C7004120636F6D6D616E643A20307825303258
S21403C71058004F544120636F6D6D616E642030780E
S21403C7202530325820746F6F2073686F7274202818
S21403C7306C656E202564203C206D696E2025642977
S21403C740004F544120636F6D6D616E642066726F97
S21403C7506D20756E7265636F676E697A65642073A4
S21403C7606572766572203078253034582E20204D39
S21403C77079204F5441207365727665723A2030787B
S21403C7802530345800496D616765204E6F746966BD
S21403C7907900476F7420756E657870656374656499
S21403C7A02025732E2020537461727420646973638A
S21403C7B06F766572792E0064656661756C74004FDA
S21403C7C054413A206661696C656420746F20736512
S21403C7D06E6420257320726573706F6E73653A20DE
S21403C7E030782530325800496D616765206E6F7466
S21403C7F069667900476F7420756E65787065637433
S21403C80065642025732E202049676E6F7265642E3B
S21403C810004F54413A2044656661756C7420726516
S21403C82073706F6E736520666F7220496D616765FE
S21403C830206E6F746966792C207374617475732027
S21403C84030782530325800496D616765206E6F7405
S21403C85069667920636F6D6D616E6400257320755C
S21403C8606E69636173742C207175657279696E677E
S21403C87000496E76616C6964002573202573207009
S21403C88061796C6F61642074797065203078253027
S21403C89032580025732025733A206F7574206F660F
S21403C8A02072616E6765206A6974746572202564F8
S21403C8B00025732025733A207061796C6F616420BC
S21403C8C06C656E67746820646F65736E2774206D7D
S21403C8D06174636820747970652030782530325827
S21403C8E020282564203C20256429002573202573F1
S21403C8F02064756520746F206E6F6E2D6D61746392
S21403C90068696E67206D616E7566616374757265BE
S21403C91072204944002573202573206475652074AE
S21403C9206F206E6F6E2D6D61746368696E67206924
S21403C9306D6167652074797065204944002573200E
S21403C94025732064756520746F206D617463686950
S21403C9506E67206669726D7761726520766572739D
S21403C960696F6E0025732025732C20527827642068
S21403C9704A69747465722028307825303258292C19
S21403C980205069636B6564204A6974746572202855
S21403C99030782530325829005175657279206E65D6
S21403C9A0787420696D61676520726573706F6E7346
S21403C9B0650025732072657475726E656420307821
S21403C9C0253032582E20204E6F206E657720696DF5
S21403C9D061676520746F20646F776E6C6F61642E79
S21403C9E000257320746F6F2073686F727420282578
S21403C9F064203C202564290025733A204E65772061
S21403CA00696D61676520697320617661696C61622F
S21403CA106C6520666F7220646F776E6C6F61642E30
S21403CA20002573206973206E6F74207573696E67B3
S21403CA30206D7920696D61676520696E666F2E00CB
S21403CA404552524F523A204E65787420496D6167BD
S21403CA506520697320746F6F2062696720746F2086
S21403CA6073746F72652028307825303858203E203E
S21403CA70307825303858290025732072657475720E
S21403CA806E65642073616D652046696C65566572D4
S21403CA9073696F6E2061732063757272656E746C52
S21403CAA07920696E7374616C6C65642E004F544113
S21403CAB020446F776E67726164657320446973619F
S21403CAC0626C65643A2046696C6556657273696F75
S21403CAD06E20626568696E642063757272656E7433
S21403CAE020696E7374616C6C6174696F6E00537445
S21403CAF0617274696E6720646F776E6C6F61642C05
S21403CB002056657273696F6E20307825303858006A
S21403CB104572726F723A204661696C656420746F61
S21403CB202064656C65746520696D6167652E0045D4
S21403CB3072726F723A204661696C656420746F2066
S21403CB406572617365206F6C642074656D70206414
S21403CB506174612E00496D61676520626C6F636B5B
S21403CB6020726573706F6E7365004F54413A2049A7
S21403CB706D616765426C6F636B5265706F6E73654C
S21403CB8020636F6E7461696E7320696E76616C697B
S21403CB9064206F7220696E636F6D706C65746520B8
S21403CBA064617461005570646174696E67204D69D1
S21403CBB06E20426C6F636B205265717565737420CB
S21403CBC0506572696F6420746F202564206D73004E
S21403CBD0446F776E6C6F61642064656C6179206264
S21403CBE07920736572766572202564206D73004420
S21403CBF06F776E6C6F61642061626F727465642018
S21403CC006279207365727665722E00536572766557
S21403CC107220646F65736E277420737570706F72FD
S21403CC2074207061676520726571756573742C2056
S21403CC306F6E6C79207573696E6720626C6F636BB9
S21403CC4020726571756573742E005365727665720E
S21403CC502072657475726E65642027756E737570C1
S21403CC60706F7274656420636C7573746572206389
S21403CC706F6D6D616E64272E00556E6B6E6F776EEB
S21403CC802025732073746174757320636F64652045
S21403CC90307825303258002573206861732064612C
S21403CCA074612073697A65202825642920736D6171
S21403CCB06C6C6572207468616E2061637475616C58
S21403CCC0207061636B65742073697A652028256418
S21403CCD0292E002573206572726F723A204578708C
S21403CCE06563746564206F666673657420307825A3
S21403CCF03038582C2062757420676F74203078257E
S21403CD003038582E202049676E6F72696E6700258B
S21403CD107320696E666F20646964206E6F74206D7D
S21403CD2061746368206D79206578706563746564E3
S21403CD3020696E666F2E202044726F7070696E676E
S21403CD402E004661696C656420746F20777269747F
S21403CD506520746F2073746F7261676520646576EF
S21403CD606963652100446F776E6C6F61640055706C
S21403CD70677261646520656E6420726573706F6E9A
S21403CD807365005365727665722061626F727465AF
S21403CD906420757067726164652C207374617475A2
S21403CDA0733A20307825303258004572726F723AE3
S21403CDB02025732068616420696E76616C6964203F
S21403CDC025733A200066696C652076657273696F11
S21403CDD06E00416464696E67202564206D732E209F
S21403CDE064656C617920666F7220696D6D65646930
S21403CDF061746520757067726164652E00436F7594
S21403CE006E74646F776E20746F20757067726164DA
S21403CE10653A202564206D73002053746174653A67
S21403CE202020202573002057616974696E67206689
S21403CE306F7220726573706F6E73653A2025730088
S21403CE40204E657874204576656E742054696D654A
S21403CE50723A202564206D73002043757272656EE6
S21403CE607420446F776E6C6F6164204F66667365DB
S21403CE70743A20307825303858202825642525290B
S21403CE800025733A206661696C656420706172736D
S21403CE90696E67204F544120636D642030782530D7
S21403CEA03258004F54412044656661756C74207295
S21403CEB06573706F6E736520746F20636F6D6D613D
S21403CEC06E64204944203078253032582C20737401
S21403CED0617475732030782530325800496D616768
S21403CEE06520626C6F636B20726571756573742061
S21403CEF074657374206F6E6C7920776F726B732012
S21403CF007768656E20737461746520697320424F79
S21403CF104F544C4F41445F53544154455F4E4F4E1C
S21403CF20450052616E646F6D2044656C61792062C2
S21403CF3065666F7265207374617274004469736307
S21403CF406F766572696E67204F544120536572761B
S21403CF50657200476574204F5441205365727665A9
S21403CF607220455549004F627461696E206C696E84
S21403CF706B206B6579005175657279696E67204E13
S21403CF8065787420496D61676500446F776E6C6FD2
S21403CF906164696E6720496D6167650056657269ED
S21403CFA06679696E6720496D6167650057616974C4
S21403CFB0696E6720666F72205570677261646520BC
S21403CFC06D65737361676500436F756E74646F7721
S21403CFD06E20746F205570677261646500576169CF
S21403CFE074696E6720746F2075706772616465205C
S21403CFF0766961206F75742D6F662D62616E64208D
S21403D0006D656368616E69736D0025733A202564E8
S21403D010252520636F6D706C65746500496D6167C7
S21403D020652025640020204552524F523A20436F14
S21403D030756C64206E6F74206765742066756C6CFF
S21403D0402068656164657221002020486561646517
S21403D050722056657273696F6E3A203078253034C5
S21403D06058002020486561646572204C656E6774BD
S21403D070683A202025642062797465730020204670
S21403D08069656C6420436F6E74726F6C3A2020304F
S21403D09078253034580020204D616E75662049444B
S21403D0A03A202020202020203078253034580020B5
S21403D0B020496D61676520547970653A20202020E9
S21403D0C02030782530345800202056657273696FF7
S21403D0D06E3A202020202020202030782530385813
S21403D0E00020205A69676265652056657273696F0A
S21403D0F06E3A203078253034580020204865616425
S21403D100657220537472696E673A20202573002077
S21403D11020496D6167652053697A653A202020208F
S21403D12020256C6420627974657300202053656340
S21403D130757269747920437265643A2020307825C5
S21403D140303258002020557067726164652044654C
S21403D15073743A2020200020204D696E2E204857F5
S21403D160205665723A202020203078253034580027
S21403D17020204D61782E204857205665723A20208D
S21403D1802020307825303458002020546F74616C8A
S21403D19020546167733A20256400202020205461C0
S21403D1A0673A20307825303458002020202020206D
S21403D1B04C656E6774683A20256C64004572726F1E
S21403D1C0723A20436F756C64206E6F74206F6274BE
S21403D1D061696E2074616720696E666F2066726F80
S21403D1E06D20696D6167652E000A256420696D618F
S21403D1F067657320696E204F54412073746F7261A4
S21403D20067652E00496D6167652064656C657465A6
S21403D21025732E004572726F723A2020436F756C29
S21403D22064206E6F74207265616420626C6F636B3A
S21403D2303A203078253032582E0A005374617274BF
S21403D240696E672065726173652066726F6D206F05
S21403D25066667365742030782530385820746F20DE
S21403D26030782530385800436F756C64206E6F74C1
S21403D270207374617274204552415345212028302F
S21403D28078253032582900454550524F4D20457277
S21403D29061736520636F6D706C657465002F686FCE
S21403D2A06D652F72756E6E65722F776F726B2F7446
S21403D2B07579612D7A69676265652D73776974631D
S21403D2C0682F747579612D7A69676265652D737742
S21403D2D0697463682F73696C6162735F746F6F6CD4
S21403D2E0732F73696D706C69636974795F73646BAC
S21403D2F02F70726F746F636F6C2F7A6967626565E0
S21403D3002F6170702F6672616D65776F726B2F7009
S21403D3106C7567696E2F6F74612D73746F726167B6
S21403D320652D73696D706C652D656570726F6D2FF5
S21403D3306F74612D73746F726167652D65657072A6
S21403D3406F6D2D706167652D65726173652E630061
S21403D3502F686F6D652F72756E6E65722F776F729D
S21403D3606B2F747579612D7A69676265652D73779E
S21403D370697463682F747579612D7A696762656568
S21403D3802D7377697463682F73696C6162735F7456
S21403D3906F6F6C732F73696D706C69636974795FF3
S21403D3A073646B2F70726F746F636F6C2F7A696719
S21403D3B06265652F6170702F6672616D65776F7237
S21403D3C06B2F706C7567696E2F6F74612D73746F36
S21403D3D0726167652D73696D706C652D6565707216
S21403D3E06F6D2F6F74612D73746F726167652D6532
S21403D3F06570726F6D2E63004F54412053696D70D4
S21403D4006C652053746F7261676520454550524FB3
S21403D4104D207761726E696E673A20636F756C6430
S21403D420206E6F742067657420736C6F7420696E4A
S21403D430666F20666F7220736C6F742025642028D5
S21403D4406572726F7220307825303258292E204448
S21403D450656661756C74696E6720746F207370659A
S21403D4606369666965642061646472657373206FBB
S21403D4706666736574730053746F726167652044E0
S21403D48072697665723A20202020202020202020F2
S21403D4902020204F54412053696D706C65205374CF
S21403D4A06F7261676520454550524F4D20506C752D
S21403D4B067696E0052656164204D6F646966792002
S21403D4C0577269746520537570706F72743A2020B2
S21403D4D06E6F00534F4320426F6F746C6F616469C5
S21403D4E06E6720537570706F72743A20202020790F
S21403D4F0657300426F6F746C6F616465722053745A
S21403D5006F7261676520537570706F72743A205539
S21403D510736520666972737420736C6F7400536C42
S21403D5206F7420746F207573653A202020202020A6
S21403D53020202020202020202020256400437572F0
S21403D54072656E7420446F776E6C6F6164204F66ED
S21403D550667365743A2020202030782530385800CA
S21403D56045424C205374617274204F66667365742B
S21403D5703A2020202020202020202020307825300C
S21403D580385800454550524F4D2053746172743AD3
S21403D5902020202020202020202020202020203073
S21403D5A0782530385800454550524F4D20456E6417
S21403D5B03A20202020202020202020202020202049
S21403D5C0202030782530385800496D61676520493A
S21403D5D06E666F2053746172743A202020202020D8
S21403D5E02020202020307825303858005361766577
S21403D5F0205261746520286279746573292020207F
S21403D6002020202020202020307825303858004F36
S21403D6106666736574206F6620646F776E6C6F61E1
S21403D62064206F6666736574202020307825303852
S21403D63058004F6666736574206F662045424C201B
S21403D6406F66667365743A20202020202020307889
S21403D65025303858004F6666736574206F662069F8
S21403D6606D6167652073746172743A2020202020F0
S21403D6702030782530385800736C5F7A69676265A6
S21403D680655F61665F6F74615F73746F7261676510
S21403D6905F6472697665725F726561645F63622850
S21403D6A029206661696C65642100426164206D61AE
S21403D6B0676963206E756D62657220696E206669A0
S21403D6C06C653A2030782530325820307825303251
S21403D6D0582030782530325820307825303258009C
S21403D6E04261642076657273696F6E20696E206688
S21403D6F0696C6520307825303458004572726F7235
S21403D7003A2072656164416E6456616C6964617443
S21403D7106553746F726564496D6167652829207463
S21403D7207269656420746F2072656164206D6F7220
S21403D730652064617461207468616E206974206377
S21403D7406F756C6420686F6C642E00736C5F7A6907
S21403D750676265655F61665F6F74615F73746F723E
S21403D7606167655F6472697665725F726561645F3F
S21403D77063622829204641494C454421004C617385
S21403D78074206F666673657420646F776E6C6F6162
S21403D7906465643A203078253038580053746F72C5
S21403D7A0616765204D6F64756C653A204F54412060
S21403D7B053696D706C652053746F72616765205092
S21403D7C06C7567696E00496D616765732053746F86
S21403D7D07265643A20202564206F6620310A00258E
S21403D7E03032583A006570202530325820636C7505
S21403D7F073202530345820617474722025303458D1
S21403D8002073767220256300206D666720253032EC
S21403D8105800207265706F7274206D696E20253013
S21403D8203458206D61782025303458207270742D5A
S21403D830636867202530385800207265636569760B
S21403D840652066726F6D202530345820657020255C
S21403D8503032582074696D656F75742025303458DE
S21403D86000636C6561720072656D6F766500636C4C
S21403D870656172696E67206C617374207265706F80
S21403D88072742074696D65206F6620616C6C20610C
S21403D8907474726962757465730074657374696E03
S21403D8A0672074696D696E67206F6620766172699A
S21403D8B06F7573207265706F7274696E67206F7010
S21403D8C065726174696F6E73002D2D2D2D2D2D2DB0
S21403D8D02D2D2D2D2D2D2D2D2D2D2D2D2D2D2D2D70
S21403D8E02D2D2D2D2D2D2D2D2D2D2D2D2D2D2D2D60
S21403D8F02D2D2D2D2D2D2D2D002D2D7461626C6556
S21403D900207265616473202D2066756C6C207461CB
S21403D910626C652D2D00726573756C74203D202531
S21403D92064206D73002D2D696E6974202F20736338
S21403D930686564756C65207469636B2D2D2D002DE9
S21403D9402D6C6F616420636F6E66696775726174B0
S21403D950696F6E2064656661756C74732D2D002F78
S21403D960686F6D652F72756E6E65722F776F726B4B
S21403D9702F747579612D7A69676265652D7377698A
S21403D9807463682F747579612D7A69676265652D8E
S21403D9907377697463682F73696C6162735F746FFE
S21403D9A06F6C732F73696D706C69636974795F73D9
S21403D9B0646B2F70726F746F636F6C2F7A69676214
S21403D9C065652F6170702F6672616D65776F726B18
S21403D9D02F706C7567696E2F7265706F7274696EDF
S21403D9E0672F7265706F7274696E672E6300524597
S21403D9F041445F5250545F43464700726561645F1B
S21403DA007265706F7274696E675F636F6E6669675F
S21403DA1075726174696F6E005265706F7274696EA9
S21403DA20673A206661696C656420746F2073656E5F
S21403DA306420257320726573706F6E73653A2030A9
S21403DA407825303258004552523A2072656164692F
S21403DA506E6720636C757374657220307825303476
S21403DA605820617474726962757465203078253045
S21403DA7034583A20307825303258004552523A20EE
S21403DA807265706F7274696E67206F66204C4F4EB6
S21403DA904720737472696E67206174747269627565
S21403DAA074652074797065206E6F7420737570705A
S21403DAB06F727465643A20636C7573746572203094
S21403DAC078253034582061747472696275746520E1
S21403DAD0307825303458005265706F7274696E67FB
S21403DAE020456E7472792046756C6C202D20637207
S21403DAF0656174696E67206E6577207265706F72F4
S21403DB0074004346475F52505400202D20646972C8
S21403DB10656374696F6E3A253032582C20617474CD
S21403DB20723A2530345800202020747970653A25DF
S21403DB303032582C206D696E3A253034582C206DBF
S21403DB4061783A25303458002020206368616E6778
S21403DB50653A0020202074696D656F75743A253028
S21403DB60345800636F6E6669677572655F726570B9
S21403DB706F7274696E67002054434C4B2075706453
S21403DB8061746520616C726561647920696E2070CA
S21403DB90726F6772657373004D616E75616C2054A6
S21403DBA0434C4B20757064617465206661696C65CF
S21403DBB0642E2573005374617274696E67207570E2
S21403DBC0646174652074727573742063656E74651E
S21403DBD072206C696E6B206B65792070726F63655B
S21403DBE0737300557064617465205443204C696EEA
S21403DBF06B204B657900204E6577206B6579206531
S21403DC00737461626C69736865643A002045727266
S21403DC106F723A00506172746E65723A20005A430E
S21403DC204C20676C6F62616C20636C7573746572ED
S21403DC3020636F6D6D616E647300646972656374EF
S21403DC40696F6E00646973632D636F6D2D67656E10
S21403DC5000646973632D636F6D2D72656300657869
S21403DC60706563742D7265706F72742D66726F6D56
S21403DC702D6D6500757772697465006E77726974C9
S21403DC8065007265706F72742D72656164007365EA
S21403DC906E642D6D652D612D7265706F7274004311
S21403DCA0726561746573206120676C6F62616C20B6
S21403DCB0646973636F76657220636F6D6D616E64FE
S21403DCC020666F7220746865206173736F63696181
S21403DCD07465642076616C7565732E00636C75736A
S21403DCE074657249641F61747472696275746549F8
S21403DCF0641F6D61784E756D626572546F52657000
S21403DD006F72741F004372656174657320612067C8
S21403DD106C6F62616C2073656E64206D6520612094
S21403DD207265706F727420636F6D6D616E642066CA
S21403DD306F7220746865206173736F6369617465BD
S21403DD40642076616C7565732E00636C75737465F9
S21403DD507249641F61747472696275746549641FDD
S21403DD6064617461547970651F6D696E5265706F76
S21403DD70727454696D651F6D61785265706F727445
S21403DD8054696D651F7265706F727461626C65436A
S21403DD9068616E67651F0043726561746573206111
S21403DDA020676C6F62616C207265616420726570B7
S21403DDB06F7274696E6720636F6D6D616E64206643
S21403DDC06F7220746865206173736F63696174652D
S21403DDD06420636C75737465722C20617474726945
S21403DDE06275746520616E64207365727665722F42
S21403DDF0636C69656E7420646972656374696F6EBB
S21403DE002E00636C757374657249641F6174747253
S21403DE10696275746549641F646972656374696FC2
S21403DE206E1F00476C6F62616C207265706F727450
S21403DE30696E6720636F6D6D616E6400656E6470F6
S21403DE406F696E741F636C757374657249641F61C2
S21403DE50747472696275746549641F6D61736B1FB0
S21403DE600043726561746573206120676C6F62613D
S21403DE706C207265616420636F6D6D616E64206DE6
S21403DE8065737361676520746F20726561642066CD
S21403DE90726F6D2074686520636C75737465722089
S21403DEA0616E642061747472696275746520737040
S21403DEB0656369666965642E00636C757374657261
S21403DEC049641F61747472696275746549641F00DE
S21403DED043726561746573206120676C6F62616C61
S21403DEE020777269746520636F6D6D616E64206D53
S21403DEF065737361676520746F2077726974652034
S21403DF00746F2074686520636C7573746572206122
S21403DF106E642061747472696275746520737065CB
S21403DF2063696669656400636C75737465724964D6
S21403DF301F61747472696275746549641F747970BD
S21403DF40651F646174611F004372656174652061B7
S21403DF50206578706563742D7265706F72742D66B4
S21403DF60726F6D2D6D65206D6573736167652077C0
S21403DF70697468206173736F63696174656420767E
S21403DF80616C7565732E00636C7573746572496492
S21403DF901F61747472696275746549641F74696D70
S21403DFA0656F75741F004372656174652061204454
S21403DFB06973636F76657220436F6D6D616E64730C
S21403DFC02047656E65726174656420636F6D6D616D
S21403DFD06E642077697468206173736F6369617414
S21403DFE065642076616C7565732E00636C75737457
S21403DFF0657249641F7374617274436F6D6D616EED
S21403E0006449641F6D6178436F6D6D616E64496426
S21403E0101F005365747320746865206469726563B2
S21403E02074696F6E20666F7220676C6F62616C2016
S21403E030636F6D6D616E64732C20656974686572B9
S21403E04020636C69656E7420746F207365727665E1
S21403E05072206F722073657276657220746F206308
S21403E0606C69656E742E0053657473206120666C4C
S21403E070616720736F20746861742074686520611B
S21403E08070706C69636174696F6E206672616D652A
S21403E090776F726B2057494C4C204E4F5420726555
S21403E0A073706F6E6420746F20746865206E657875
S21403E0B074205A434C206D657373616765207468DA
S21403E0C0617420636F6D657320696E206F76657269
S21403E0D020746865206169722E005365747320612D
S21403E0E020666C616720736F20746861742074689F
S21403E0F065206170706C69636174696F6E20667207
S21403E100616D65776F726B2057494C4C207265734F
S21403E110706F6E6420746F20746865206E65787403
S21403E120205A434C206D657373616765207468617C
S21403E1307420636F6D657320696E206F7665722039
S21403E140746865206169722E005365747320746861
S21403E150652044697361626C652044656661756C0D
S21403E1607420526573706F6E7365204672616D65B9
S21403E17020436F6E74726F6C2062697420746F2014
S21403E18075736520666F7220746865206E65787493
S21403E19020636F6D6D616E64206966207468652008
S21403E1A0636F6D6D616E64206973206E6F7420619A
S21403E1B06C7265616479206275696C742E0064699B
S21403E1C07361626C6544656661756C7452657370E1
S21403E1D06F6E73651F0053657473207468652066DD
S21403E1E06C616720746F2075736520746865206999
S21403E1F06E6372656D656E746564207365717565AF
S21403E2006E6365206E756D6265722066726F6D2033
S21403E210746865206672616D65776F726B20666FD2
S21403E2207220746865206E65787420726177206347
S21403E2306F6D6D616E642E007573654E65787453ED
S21403E240657175656E63651F00436C6920636F6D4A
S21403E2506D616E6420746F2063616C6C20736C5FF9
S21403E2607A69676265655F61665F7365745F746923
S21403E2706D652066756E6374696F6E20646F637573
S21403E2806D656E74656420696E2061662E68007520
S21403E290746354696D651F005365747320746865F1
S21403E2A02074776F2062797465206D616E75666180
S21403E2B0637475726572207370656369666963203B
S21403E2C06964656E74696669657220746F20757318
S21403E2D06520666F7220746865206E6578742063A7
S21403E2E06F6D6D616E642069662074686520636F68
S21403E2F06D6D616E64206973206E6F7420616C723D
S21403E30065616479206275696C742E006D66675367
S21403E3107065636966696349641F006E6F742000E5
S21403E320534C5F5354415455535F4E4554574F52C5
S21403E3304B5F55502030782530345800547275732F
S21403E340742043656E746572204555492068617371
S21403E3502025736368616E6765642E00534C5F53B4
S21403E36054415455535F4E4554574F524B5F444F99
S21403E370574E00534C5F5354415455535F4E4F54BE
S21403E3805F4A4F494E454400534C5F5354415455DE
S21403E390535F5A49474245455F4E4554574F524B84
S21403E3A05F4F50454E45443A20256420736563000D
S21403E3B0534C5F5354415455535F5A49474245455E
S21403E3C05F4E4554574F524B5F434C4F53454400A3
S21403E3D025733A20257300646973747269627574D1
S21403E3E065640063656E7472616C697A6564004681
S21403E3F06F726D002573696E67206F6E20636820E9
S21403E40025642C2070616E4964203078253034589A
S21403E410004572726F723A204465766963652064BC
S21403E4206F6573206E6F7420737570706F727420CF
S21403E4302573206E6574776F726B20666F726D61DD
S21403E44074696F6E004A6F696E00496E76616C6917
S21403E450642053656375726974792050726F6669B8
S21403E4606C653A2030782530325800704A6F696EF2
S21403E47020666F72202564207365633A2030782502
S21403E480303258004C696D6974696E672064757222
S21403E4906174696F6E206F66207065726D69742093
S21403E4A06A6F696E2066726F6D20666F7265766539
S21403E4B07220283235352920746F203235340052C5
S21403E4C0583A205A444F2C20636F6D6D616E64205A
S21403E4D03078253034582C207374617475733A2061
S21403E4E03078253032580053696D706C6500525889
S21403E4F03A20257320446573632052657370004D7C
S21403E50061746368002C204D6174636865733A20F8
S21403E51025640044657669636520416E6E6F756E8B
S21403E52063653A203078253034580052583A2049EB
S21403E5304545452041646472657373205265737064
S21403E5406F6E73650052583A20416374697665208E
S21403E550455020526573706F6E73652C20436F753C
S21403E5606E743A202564004E6F6465002C204D615E
S21403E57074636865733A20307825303458007374B2
S21403E58061636B207665722E205B25642E25642ED0
S21403E590256400202573206275696C642025645DFC
S21403E5A0005A444F00534500484100436C7573744A
S21403E5B0657200476C6F62616C0025737478203057
S21403E5C078253038582C200050726F66696C653A8F
S21403E5D02025732028307825303458292C20436C86
S21403E5E075737465723A203078253034582C20259C
S21403E5F0642062797465732C00205A434C2025737B
S21403E60020436D642049443A202564005072652DEA
S21403E61052656C6561736500416C706861203100FA
S21403E620416C706861203200416C70686120330071
S21403E6304265746120310042657461203200426590
S21403E6407461203300474100526573657420696E18
S21403E650666F3A20307825303258202825732900F3
S21403E66064656C6574652062696E64696E673A20DA
S21403E670253032582025303258000102030405069F
S21403E6800708090A0B0C0001010101010101010140
S21403E690010101005752495445204552523A200081
S21403E6A025736570202530325820636C75732025DA
S21403E6B030345820617474722025303458206E6FBD
S21403E6C07420737570706F72746564002573696E59
S21403E6D076616C6964206461746120747970650086
S21403E6E0257361747472206E6F7420777269746117
S21403E6F0626C650057524954453A206E6F20777214
S21403E7006974652C206A757374206120746573744C
S21403E71000524541443A20617474726962757465A7
S21403E7202073697A6520746F6F206C617267652049
S21403E730666F722063616C6C657200636C6E740046
S21403E7407372767200525700524F00202052414D8A
S21403E75020200020746F6B656E20006578746572E8
S21403E7606E2000454E44504F494E542025303258B3
S21403E77000636C7573202F2073696465202F2061F6
S21403E780747472202F206D666720202F747970654D
S21403E790286C656E292F207277202F2073746F7272
S21403E7A0616765202F206461746120287261772970
S21403E7B00025303458202F202573202F2025303471
S21403E7C058202F2000202F2025303258202825308F
S21403E7D0325829202F202573202F202573202F2001
S21403E7E000556E737570706F72746564004F544194
S21403E7F020524541443A2065703A2530325820630A
S21403E80069643A253034582061747469643A253053
S21403E8103458206D736B3A25303258206D66636F1B
S21403E82064653A2530345800524541443A20636CB7
S21403E830757320253034582C20617474722025306B
S21403E8403458206661696C6564202530325800525E
S21403E8504541443A20636C757320253034582C2088
S21403E8606174747220253034582C20646174614CB2
S21403E870656E3A20253032582C204F4B00282563EE
S21403E8802925303258253032582530325825303233
S21403E89058253032582530325825303258253032F4
S21403E8A0580064697361626C65002573642C206488
S21403E8B0726F7070696E672065702030782530320D
S21403E8C05820636C75732030782530345820636D78
S21403E8D064203078253032580047656E657261745F
S21403E8E065640052656365697665640044697363AD
S21403E8F06F76657220436F6D6D616E64732072650B
S21403E90073706F6E73652028636F6D706C657465C6
S21403E9103A202563292C202573204944733A200086
S21403E92030782530325820005F4558540052454110
S21403E930445F415454520057524954453A20636C3D
S21403E9407573202530345820617474722025303452
S21403E9505820004641494C2025303258005752492A
S21403E96054453A20746F6F2073686F72740044497D
S21403E97053435F4154545200257325733A20636C06
S21403E98075732025303458005376632044697363C7
S21403E9903A2000257357616974696E6720256420E1
S21403E9A073656320666F7220646973636F7665723E
S21403E9B07920746F20636F6D706C65746500537493
S21403E9C061746520636F72726573706F6E64696ECF
S21403E9D06720746F2074686520746865207265719B
S21403E9E075657374206E6F7420666F756E640A00A7
S21403E9F02573636F6D706C6574652E0A00257353FB
S21403EA0065727669636520446973636F76657279A8
S21403EA10205374617465206C696D69747320726524
S21403EA2061636865640A002573496C6C6567616C8D
S21403EA302062726F616463617374206164647265DB
S21403EA4073732C2072656D617070696E6720746FC6
S21403EA502076616C6964206F6E652E0025734661AF
S21403EA60696C656420746F2073656E64206D6174D1
S21403EA70636820646973636F766572793A203078C9
S21403EA80253032580025735374617274696E67209B
S21403EA90646973636F7665727920666F7220636C40
S21403EAA075737465722030782530345800257346A4
S21403EAB061696C656420746F2073656E6420736986
S21403EAC06D706C652064657363726970746F722011
S21403EAD0726571756573743A203078253032580044
S21403EAE025734661696C656420746F2073656E6474
S21403EAF020494545452061646472657373207265D9
S21403EB0071756573743A2030782530325800257352
S21403EB104661696C656420746F2073656E64204E6D
S21403EB20574B2061646472657373207265717565F3
S21403EB3073743A20307825303258004572726F72FB
S21403EB403A202573206261642073696D706C6520BA
S21403EB5064657363726970746F72206C656E677434
S21403EB60682E0025734D65737361676520746F6F38
S21403EB702073686F72740025734D657373616765E0
S21403EB8020746F6F2073686F727420666F72206EC6
S21403EB90756D2E20656E64706F696E7473002573D1
S21403EBA04D61746368257320666F756E64206672A4
S21403EBB06F6D203078253034582E004572726F7290
S21403EBC03A20257320696E76616C6964206C656EE5
S21403EBD06774682028256420213D20256429206643
S21403EBE06F722041637469766520456E64706F6941
S21403EBF06E7420726573706F6E7365002573676F2E
S21403EC00742061637469766520455020726573705D
S21403EC106F6E7365005554432074696D653A2025FD
S21403EC20642F25642F25642025643A25643A2564D9
S21403EC30202825303858290028556E6B6E6F776E5E
S21403EC4020636C75732E205B3078253034585D292D
S21403EC50000D0A54253038583A005258206C656E19
S21403EC602025642C20657020253032582C20636CB8
S21403EC707573203078253034582000206D66674938
S21403EC80642025303458002046432025303258204F
S21403EC90736571202530325820636D642025303229
S21403ECA058207061796C6F61645B004261736963BD
S21403ECB0004F766572207468652041697220426F42
S21403ECC06F746C6F6164696E6700257352582070A9
S21403ECD06B7420746F6F2073686F72743A202564A8
S21403ECE0203C202564002573525820706B74206DD9
S21403ECF0616C666F726D65643A202564203C20253E
S21403ED00640020204861766520526F757465722012
S21403ED10537570706F7274002020456E64204465CE
S21403ED2076696365204F6E6C79002020456E6162BC
S21403ED306C656400202044697361626C65640045F9
S21403ED4072726F722072657472696576696E672077
S21403ED50696E666F20666F72206C69627261727983
S21403ED60204944202564002573206C696272617211
S21403ED707925732070726573656E74005A696762CD
S21403ED8065652050726F0042696E64696E67005352
S21403ED906563757269747920436F726500536563A2
S21403EDA07572697479204C696E6B204B65797300B4
S21403EDB043424B45203136334B310043424B4520CB
S21403EDC0445341205369676E004543430043424B17
S21403EDD04520445341205665726966790050616345
S21403EDE06B65742056616C6964617465005A4C4C9B
S21403EDF00043424B45203238334B310045434320D2
S21403EE003238334B310043424B4520636F72650003
S21403EE104E4350004D756C7469206E6574776F723F
S21403EE206B00456E68616E63656420426561636F5F
S21403EE306E205265710043424B45203238334B31C6
S21403EE402044534120566572696679004D756C748B
S21403EE50692D50414E002F686F6D652F72756E6E6B
S21403EE6065722F776F726B2F747579612D7A696768
S21403EE706265652D7377697463682F747579612D80
S21403EE807A69676265652D7377697463682F73693A
S21403EE906C6162735F746F6F6C732F73696D706CE4
S21403EEA069636974795F73646B2F70726F746F63D1
S21403EEB06F6C2F7A69676265652F737461636B2F56
S21403EEC0636F6E6669672F736C5F7A6967626565E1
S21403EED05F636F6E66696775726174696F6E2E63C2
S21403EEE0002F686F6D652F72756E6E65722F776F64
S21403EEF0726B2F747579612D7A69676265652D73F8
S21403EF0077697463682F747579612D7A69676265AA
S21403EF10652D7377697463682F73696C6162735FB9
S21403EF20746F6F6C732F73696D706C696369747932
S21403EF305F73646B2F70726F746F636F6C2F7A6975
S21403EF40676265652F737461636B2F6672616D65A7
S21403EF50776F726B2F6165732D6563622E63002F67
S21403EF60686F6D652F72756E6E65722F776F726B35
S21403EF702F747579612D7A69676265652D73776974
S21403EF807463682F747579612D7A69676265652D78
S21403EF907377697463682F73696C6162735F746FE8
S21403EFA06F6C732F73696D706C69636974795F73C3
S21403EFB0646B2F70726F746F636F6C2F7A696762FE
S21403EFC065652F737461636B2F73656375726974FC
S21403EFD0792F7A69676265652D73656375726974DF
S21403EFE0792D6D616E616765722D6E6F2D76617515
S21403EFF06C742E63004572726F723A202046616904
S21403F0006C656420746F20726561642066726F6D30
S21403F01020454550524F4D20617420307825345892
S21403F0202C207374617475733A202564004545502B
S21403F030524F4D20496E697469616C697A65643A0A
S21403F04020256300454550524F4D20427573793A4B
S21403F050202563005061727469616C20576F726477
S21403F0602053746F7261676520436F756E743A2020
S21403F070256400416464726573733A2030782534DE
S21403F080582C205061727469616C20576F72643A11
S21403F090203078255800636F6E6669726D6564006C
S21403F0A0617373756D6564000A454550524F4D2074
S21403F0B0496E666F004E6F7420617661696C61629B
S21403F0C06C6520286F6C64657220626F6F746C6F5A
S21403F0D061646572290050617274204465736372BB
S21403F0E0697074696F6E3A2020202020202020202B
S21403F0F0202573004361706162696C697469657386
S21403F1003A202020202020202020202020202030CD
S21403F1107825325800506167652045726173652013
S21403F12074696D65202873293A2020202020202525
S21403F1306400506172742045726173652074696D52
S21403F14065202873293A202020202020256400509B
S21403F1506172742045726173652074696D65202839
S21403F1606D73293A202020202020256400506167F3
S21403F170652073697A6520286279746573293A2055
S21403F1802020202020202020256C0050617274202F
S21403F19073697A6520286279746573293A2020207A
S21403F1A0202020202020256C00576F72642073696E
S21403F1B07A6520286279746573293A2020202020F6
S21403F1C020202020256420282570290045455052FC
S21403F1D04F4D20696E69743A2030782558002F68A1
S21403F1E06F6D652F72756E6E65722F776F726B2FEC
S21403F1F0747579612D7A69676265652D73776974AD
S21403F20063682F747579612D7A69676265652D73F6
S21403F21077697463682F73696C6162735F746F6F69
S21403F2206C732F73696D706C69636974795F73644B
S21403F2306B2F7574696C2F706C7567696E2F706CA5
S21403F2407567696E2D636F6D6D6F6E2F6565707272
S21403F2506F6D2F656570726F6D2E6300556E6162FC
S21403F2606C6520746F20626F6F7420696D616765CB
S21403F27020617420736C6F7420256C640A00536CD1
S21403F2806F74204D616E61676572206661696C6597
S21403F2906420746F20657261736520736C6F740AE3
S21403F2A0004D61782072656164206C696D69742015
S21403F2B073657420746F2025642062797465730AFD
S21403F2C00041646472657373202020202020202070
S21403F2D02020446174610A00307825346C7820203D
S21403F2E02020202020307825780A004661696C6546
S21403F2F06420746F20726561642066726F6D206689
S21403F3006C6173680A00536C6F7420256C640A2062
S21403F310204164647265737320202020203A2030D5
S21403F3207825346C580A20204C656E677468202054
S21403F330202020203A20307825346C582028256C4D
S21403F34064206279746573290A00202054797065F5
S21403F35020202020202020203A20004E6F204742E5
S21403F3604C2070726573656E740A005A696742654D
S21403F370650A005468726561640A00436F6E6E65C1
S21403F38063740A00426C7565746F6F74680A004292
S21403F3906C7565746F6F7468206170706C696361F7
S21403F3A074696F6E0A004D43550A004F74686572A0
S21403F3B020283078256C58290A0020205665727359
S21403F3C0696F6E20202020203A203078256C580A5A
S21403F3D00020204361706162696C69746965733AE1
S21403F3E020307825346C580A00202050726F6475DC
S21403F3F0637420494420203A2000307825582000A2
S21403F400536C6F74204D616E616765723A20666156
S21403F410696C656420746F20696E697469616C69D0
S21403F4207A6520626F6F746C6F61646572202865FD
S21403F43072726F72203078253478290A0056657206
S21403F44073696F6E20202020203A2025640A00501E
S21403F45061727420202020202020203A2025730A61
S21403F460004361706162696C69746965733A203040
S21403F4707825780A00506172742073697A652020B3
S21403F480203A20256420420A00506167652073698C
S21403F4907A652020203A20256420420A00576F729E
S21403F4A0642073697A652020203A20256420420A66
S21403F4B000536C6F7473202020202020203A2025D0
S21403F4C0640A004661696C656420746F2072656126
S21403F4D0642066726F6D2073746F72616765206651
S21403F4E06C61736820286572726F72202564290A1E
S21403F4F000496E76616C696420736C6F74202564B2
S21403F50020286D617820736C6F74202564290A00A7
S21403F5104661696C656420746F2067657420696E44
S21403F520666F20666F7220736C6F742025640A0002
S21403F530536C6F74204D616E616765723A20736C0D
S21403F5406F74207772697465206661696C7572657D
S21403F5502E2041646472657373206F6666736574E8
S21403F5602028256429202B207772697465206C6512
S21403F5706E67746820282564292067726561746540
S21403F58072207468616E20746F74616C20736C6F84
S21403F59074206C656E67746820282564290A0053F6
S21403F5A06C6F74204D616E61676572207761726E51
S21403F5B0696E673A20736C6F74202564206C656EE1
S21403F5C06774682028256429206E6F7420616C692F
S21403F5D0676E656420746F20706167652073697A4F
S21403F5E06520282564292E2054686520656E746975
S21403F5F0726520736C6F742077696C6C206E6F7401
S21403F600206265206572617365642E0A00536C6F11
S21403F61074204D616E616765723A206661696C6538
S21403F6206420746F20657261736520256420627997
S21403F63074657320696E20736C6F74202564206173
S21403F640742061646472657373203078253478207F
S21403F650286572726F722030782578290A00457201
S21403F6606173656420256420627974657320696E0E
S21403F67020736C6F742025640A004661696C6564A8
S21403F68020746F2073657420736C6F7420746F20FE
S21403F690626F6F7420286572726F7220307825341B
S21403F6A078290A004661696C656420746F20736567
S21403F6B074206C697374206F6620736C6F74732088
S21403F6C0746F20626F6F7420286572726F722030B9
S21403F6D078253478290A004661696C656420746F5E
S21403F6E020676574206E6577206C697374206F6677
S21403F6F020736C6F747320746F20626F6F7420288E
S21403F7006572726F72203078253478290A00426554
S21403F71067696E6E696E6720696D616765207665D9
S21403F72072696669636174696F6E2E2E2E002E668B
S21403F73061696C65642120284572726F7220307887
S21403F740253478290A002E7061737365642120427C
S21403F7506F6F74696E6720736C6F742025640A007C
S21403F760666E692B00666E69006E616E00666E6972
S21403F7702D006C696273006273656E640072657354
S21403F7806574007261770073656E645F6D756C7483
S21403F79069636173740073656E642D7573696E6750
S21403F7A02D6D756C7469636173742D62696E64691B
S21403F7B06E670074696D6573796E63006765742D93
S21403F7C07074692D726164696F2D636F6E66696705
S21403F7D000636F6E6669672D6363612D6D6F646585
S21403F7E0006576656E747300736563757269747904
S21403F7F0007A69676265655F7072696E7400706C23
S21403F8007567696E006E6574006B657973006F705B
S21403F81074696F6E00706C7567006368616E676508
S21403F8206B6579006368616E67656B007A646F0069
S21403F8307072696E742072656C6174656420636FA0
S21403F8406D6D616E64732E0061747472005A646F1A
S21403F8502072656C6174656420636F6D6D616E64A0
S21403F860732E00726F75746500706F776572006D26
S21403F870676D742D6C7169006D676D742D62696EAA
S21403F88064006E6F64650073696D706C650069650E
S21403F890656500756E62696E64006E776B2D7570B4
S21403F8A064006F75742D636C2D6C69737400696ED8
S21403F8B02D636C2D6C697374005A646F20696E2D0A
S21403F8C0636C2D6C6973742072656C617465642057
S21403F8D0636F6D6D616E64732E005A646F206F756F
S21403F8E0742D636C2D6C6973742072656C6174651A
S21403F8F06420636F6D6D616E64732E005A646F20AF
S21403F9006E776B2D7570642072656C617465642008
S21403F910636F6D6D616E64732E007363616E2D632A
S21403F92068616E2D6D61736B007363616E0063684F
S21403F930616E5067006368616E005A646F20756E6F
S21403F94062696E642072656C6174656420636F6DB2
S21403F9506D616E64732E00756E6963617374006304
S21403F96068616E67656B65792072656C6174656442
S21403F97020636F6D6D616E64732E006C696E6B0031
S21403F9804F7074696F6E2072656C61746564206372
S21403F9906F6D6D616E64732E00726567697374654F
S21403F9A072006469736300696E7374616C6C2D63B3
S21403F9B06F64650062696E64696E672D7461626C5C
S21403F9C065007072696E742D72782D6D736773009F
S21403F9D06170737265747279004150532072657456
S21403F9E0727920666C616720666F72636520636F49
S21403F9F06D6D616E647300456E61626C65732F4452
S21403FA00697361626C6573207072696E74696E6780
S21403FA10206F66205278206D657373616765732E59
S21403FA2000656E61626C650042696E64696E67208C
S21403FA307461626C652072656C6174656420636FC3
S21403FA406D6D616E64732E005365637572697479A8
S21403FA50206B6579732072656C6174656420636FCF
S21403FA606D6D616E64732E0064656C657465004E1F
S21403FA706574776F726B2072656C6174656420635E
S21403FA806F6D6D616E64732E00666F726D007265C6
S21403FA906A6F696E2D646966662D6465766963654B
S21403FAA02D747970650065787470616E6964006999
S21403FAB0736F70656E0062726F61642D706A6F6932
S21403FAC06E006368616E67652D6368616E6E656C54
S21403FAD000696E6974006368616E67652D6B6565A2
S21403FAE0702D616C6976652D6D6F64650074696D44
S21403FAF0656F75742D6F7074696F6E2D6D61736BA2
S21403FB00006D756C74692D7068792D7374617274E9
S21403FB10006D756C74692D7068792D73746F700041
S21403FB2066696E64006E6574776F726B2066696EC5
S21403FB306420636F6D6D616E64732E006A6F696E09
S21403FB4061626C6500756E7573656400736C6F74C3
S21403FB502D6D616E6167657200636F756E74657295
S21403FB607300656E642D6465766963652D737570C1
S21403FB70706F72740066696E642D616E642D6269BF
S21403FB806E6400667261676D656E746174696F6E2C
S21403FB900067726F7570732D736572766572006E8B
S21403FBA06574776F726B2D7374656572696E670023
S21403FBB06F74612D626F6F746C6F6164006F746134
S21403FBC02D636C69656E74006F74612D73746F7248
S21403FBD06167652D636F6D6D6F6E006F74612D7356
S21403FBE0746F726167652D656570726F6D00696409
S21403FBF06C652D736C656570007570646174652D36
S21403FC0074632D6C696E6B2D6B657900757064611A
S21403FC1074652D74632D6C696E6B2D6B657920721C
S21403FC20656C6174656420636F6D6D616E647300EB
S21403FC3074696D6572006E6F7700436F6D6D616EEC
S21403FC40647320746F20636F6E74726F6C206964C4
S21403FC506C696E672F736C656570696E67206F6677
S21403FC60207468652064657669636500666F7263F1
S21403FC70652D6177616B65006177616B652D7768CC
S21403FC80656E2D6E6F742D6A6F696E65640072659E
S21403FC90706F7274696E672072656C617465642038
S21403FCA0636F6D6D616E64732E00636C6561722D98
S21403FCB06C6173742D7265706F72742D74696D65E3
S21403FCC000746573742D74696D696E67006F746173
S21403FCD02D73746F726167652D656570726F6D2025
S21403FCE072656C6174656420636F6D6D616E6473B9
S21403FCF02E0077697065006F74612D73746F72617F
S21403FD0067652D636F6D6D6F6E2072656C617465CC
S21403FD106420636F6D6D616E6473007072696E74D8
S21403FD20496D616765730072656C6F616400737417
S21403FD306F726167652D696E666F00646174612D0D
S21403FD407072696E74006F74612D636C69656E748E
S21403FD502072656C6174656420636F6D6D616E649B
S21403FD60732E0076657269667900626C6F636B2D1D
S21403FD707465737400706167652D7265717565735C
S21403FD807400757067726164652D7265717565734D
S21403FD90740064697361626C652D646F776E677255
S21403FDA06164657300656E61626C652D646F776E62
S21403FDB0677261646573006F74612D626F6F746C34
S21403FDC06F61642072656C6174656420636F6D6D2A
S21403FDD0616E6473006E6574776F726B2D737465F2
S21403FDE06572696E672072656C6174656420636F03
S21403FDF06D6D616E64732E007072652D636F6E6633
S21403FE006967757265642D6B65792D736574006D0E
S21403FE1061736B2072656C6174656420636F6D6DCE
S21403FE20616E642E00737562747261637400677228
S21403FE306F7570732D7365727665722072656C616B
S21403FE4074656420636F6D6D616E64732E006672F5
S21403FE5061676D656E746174696F6E2072656C613F
S21403FE6074656420636F6D6D616E64732E007365D5
S21403FE70742D72782D77696E646F772D73697A6542
S21403FE80006172746966696369616C2D626C6F6385
S21403FE906B2D64726F700046696E6420616E642019
S21403FEA062696E642072656C6174656420636F6D4D
S21403FEB06D616E64732E00696E69746961746F7226
S21403FEC000656E642D6465766963652D7375707061
S21403FED06F72742072656C6174656420636F6D6DF8
S21403FEE0616E64732E00706F6C6C2D636F6D706C37
S21403FEF0657465642D63616C6C6261636B00666F29
S21403FF007263652D73686F72742D706F6C6C006509
S21403FF106E61626C655F7479706500737461636BA0
S21403FF2000617070007A636C006C65676163795F6B
S21403FF3061665F646562756700636F756E7465728C
S21403FF40732072656C6174656420636F6D6D616E9A
S21403FF5064732E007072696E742D636F756E7465AC
S21403FF60722D747970650073696D706C652D70728F
S21403FF70696E74007072696E742D74687265736846
S21403FF806F6C6473007365742D7468726573686F41
S21403FF906C640072657365742D7468726573686F3C
S21403FFA06C64730073656E642D7265717565737426
S21403FFB00073656375726974792072656C61746524
S21403FFC06420636F6D6D616E6473007365742D6179
S21403FFD06C6C6F772D74727573742D63656E7465B0
S21403FFE0722D72656A6F696E2D7573696E672D77EC
S21403FFF0656C6C2D6B6E6F776E2D6B657900736514
S214040000742D616C6C6F772D74727573742D6365C3
S2140400106E7465722D72656A6F696E2D7573696E7E
S214040020672D77656C6C2D6B6E6F776E2D6B6579AF
S2140400302D74696D656F7574007365742D6B6579C1
S2140400402D726571756573742D706F6C69637900B4
S2140400506D66672D746F6B656E0061707300536513
S214040060637572697479206170732072656C61744B
S214040070656420636F6D6D616E64732E00476574EE
S2140400802F736574204D464720746F6B656E2E0083
S214040090656E64706F696E742072656C61746564F5
S2140400A020636F6D6D616E64732E00656570726F8C
S2140400B06D207574696C6974792072656C617465F9
S2140400C06420636F6D6D616E647300536C6F74208F
S2140400D04D616E616765722072656C61746564203B
S2140400E0636F6D6D616E647300626F6F742D736CF5
S2140400F06F740065726173652D736C6F7400657838
S214040100742D666C6173682D696E666F00736C6F10
S21404011074732D696E666F005072696E7473207402
S214040120696D652E005072696E7473206174747202
S21404013069627574652E00436C6561727320746819
S21404014065205A444F206C697374206F6620636C74
S21404015069656E742028696E2920636C75737465EE
S21404016072732E004164647320636C7573746572D5
S2140401707320746F20746865206B6E6F776E2063CF
S2140401806C69656E742028696E2920636C757374B7
S214040190657273206F6E207468697320646576696F
S2140401A063652E00436C6561727320746865205A1B
S2140401B0444F206C697374206F6620636C69656EA7
S2140401C07420286F75742920636C75737465727354
S2140401D02E004164647320636C75737465727320B7
S2140401E0746F20746865206B6E6F776E20636C691D
S2140401F0656E7420286F75742920636C7573746536
S2140402007273206F6E207468697320646576696300
S214040210652E0053656E647320616E20757064618C
S2140402207465206368616E6E656C207265717565B1
S21404023073742E006368616E6E656C1F0053656E82
S214040240647320616E2075706461746520636861F0
S2140402506E6E656C2070616765207265712E205421
S214040260686520737461636B2073656E6473206EB7
S214040270776B20656E68616E636564207570646173
S21404028074652072657120666F72206E6F6E2D7AAB
S21404029065726F20706167652E006368616E6E65B7
S2140402A06C1F706167651F00506572666F726D73B0
S2140402B020616E20656E65726779207363616E2EA9
S2140402C0007461726765744E6F646549641F736376
S2140402D0616E4475726174696F6E1F7363616E43F9
S2140402E06F756E741F0042726F616463617374731A
S2140402F020746865204944206F6620746865206E03
S2140403006577206E6574776F726B206D616E6167BA
S214040310657220616E642061637469766520636823
S214040320616E6E656C732E006E776B4D67654964FF
S2140403301F6368616E6E656C4D61736B1F0050655C
S21404034072666F726D7320616E20656E6572677972
S214040350207363616E206F6E20676976656E206316
S21404036068616E6E656C206D61736B2E00746172CD
S2140403706765744E6F646549641F7363616E447584
S214040380726174696F6E1F7363616E436F756E740A
S2140403901F6368616E6E656C4D61736B1F005365F9
S2140403A06E64732061206E6574776F726B2061646F
S2140403B06472657373207265717565737420666FF5
S2140403C0722074686520676976656E2049454545E0
S2140403D020616464726573732E00696565651F0029
S2140403E0526571756573747320616E204945454581
S2140403F02061646472657373206261736564206F40
S2140404006E206120676976656E206E6F646520498C
S214040410442E006E6F646549641F0053656E6473F2
S21404042020612073696D706C6520646573637269FE
S21404043070746F72207265717565737420666F725E
S214040440207468652073686F7274206164647265D2
S214040450737320616E6420656E64706F696E7420B9
S2140404607370656369666965642E00646573741FDA
S214040470746172676574456E64706F696E741F008C
S21404048053656E64732061206D617463684465739C
S21404049063726970746F72735265717565737420D4
S2140404A0746F2074686520676976656E206465736A
S2140404B074696E6174696F6E2077697468207468F5
S2140404C06520676976656E2070726F66696C652E46
S2140404D0006E6F646549641F70726F66696C651F91
S2140404E00053656E64732061206E6F6465206465D6
S2140404F07363726970746F72207265717565737454
S21404050020746F206120676976656E207461726757
S2140405106574206465766963652E00746172676528
S214040520741F0053656E64732061205A444F204242
S214040530696E6420636F6D6D616E6420746F2061F4
S21404054020646576696365207370656369666965AA
S2140405506420696E2074686520636F6D6D616E64D7
S21404056020617267756D656E74732E0044657374CE
S214040570696E6174696F6E1F536F7572636520656B
S2140405806E64706F696E741F44657374696E61740B
S214040590696F6E20656E64706F696E741F636C7528
S2140405A07374657249441F72656D6F746545554969
S2140405B036341F6465737445554936341F005365D5
S2140405C06E647320616E2061637469766520656E5F
S2140405D064706F696E7420726571756573742074C7
S2140405E06F2074686520646576696365207769742E
S2140405F0682074686520676976656E2073686F7214
S214040600742049442E0053656E647320616E207511
S2140406106E62696E64207265717565737420666FA8
S21404062072206120756E69636173742062696E64FA
S214040630696E6720746F20746865207461726765DC
S21404064074206465766963652E00746172676574E8
S2140406501F736F757263652065756936341F736F13
S2140406607572636520656E64706F696E741F636C63
S214040670757374657249441F64657374696E617436
S214040680696F6E45554936341F64657374696E61C7
S21404069074696F6E20656E64706F696E741F0053A4
S2140406A0656E647320616E20756E62696E64207276
S2140406B065717565737420666F722061206D756C44
S2140406C07469636173742062696E64696E6720740A
S2140406D06F2074686520746172676574206465763B
S2140406E06963652E007461726765741F736F757233
S2140406F063652065756936341F736F75726365208C
S214040700656E64706F696E741F636C75737465725E
S21404071049441F67726F7570416464726573731F12
S2140407200053656E64732061205A444F204D616EF9
S2140407306167656D656E74204C6561766520636FD0
S2140407406D6D616E6420746F2074686520746172C8
S214040750676574206465766963652E0074617267E4
S21404076065741F72656D6F76654368696C6472653F
S2140407706E1F72656A6F696E1F0053656E64732020
S21404078061205A444F204D474D542D42696E6420D3
S2140407902842696E64696E67205461626C6529201C
S2140407A05265717565737420746F2074686520745F
S2140407B06172676574206465766963652E0074618A
S2140407C0726765741F7374617274496E6465781F0A
S2140407D00053656E64732061205A444F204D474D84
S2140407E0542D4C514920284C5149205461626C6563
S2140407F029205265717565737420746F207468655A
S21404080020746172676574206465766963652E007A
S21404081053656E64732061205A444F20506F776589
S214040820722044657363726970746F7220526571C6
S2140408307565737420746F207468652074617267BC
S2140408406574206465766963652E0053656E64730B
S2140408502061205A444F20726F757465207265714A
S2140408607565737420636F6D6D616E6420746F209C
S214040870746865207461726765742E0074617267AB
S21404088065741F696E6465781F00696E6465781FF9
S21404089065756936341F696E7374616C6C436F6476
S2140408A0651F00696E6465781F65756936341F6B4D
S2140408B065791F005443206C696E6B206B65792044
S2140408C07265717565737420706F6C6963791F4106
S2140408D07070206C696E6B206B657920726571751B
S2140408E065737420706F6C6963791F00426F6F6C58
S2140408F03A20616C6C6F772074727573742063652C
S2140409006E7465722072656A6F696E207573696E9F
S214040910672077656C6C2D6B6E6F776E206B6579D0
S2140409201F0070726F66696C6549641F636C75732B
S21404093074657249641F0074617267657449641F44
S21404094000456E61626C6573207072696E74696EC0
S21404095067206F66205278206D65737361676573D0
S2140409602E0053657473207468652062696E64692A
S2140409706E67207461626C6500696E6465781F63D7
S2140409806C75737465721F6C6F63616C45701F724F
S214040990656D6F746545701F65756936341F004351
S2140409A06C65617273207468652062696E64696E32
S2140409B067207461626C652E005072696E747320D1
S2140409C07468652062696E64696E67207461626C1F
S2140409D06520746F2074686520636F6D6D616E6446
S2140409E0206C696E652E00436C6561727320616CC1
S2140409F06C207365637572697479206B6579732EE0
S214040A000044656C6574652074686520737065635E
S214040A106966696564206C696E6B206B657920690C
S214040A206E6465782E005072696E747320616C6C07
S214040A30207365637572697479206B6579732E000B
S214040A405465726D696E6174657320746865206D93
S214040A50756C74692D50485920696E7465726661A8
S214040A606365005573656420746F207374617274D3
S214040A70206D756C74692D50485920696E746572C2
S214040A8066616365206F74686572207468616E20A1
S214040A906E617469766520616E6420666F726D207F
S214040AA0746865206E6574776F726B2E2054686563
S214040AB020737461636B20757365732073616D6551
S214040AC02050616E4964206173206E617469766596
S214040AD020726164696F206E6574776F726B2E0086
S214040AE0706167651F6368616E6E656C1F706F77F3
S214040AF065721F6F7074696F6E734D61736B202817
S214040B004269742030203D20526F757465727320DC
S214040B10616C6C6F7765642C204269742031203DCB
S214040B202042726F61646361737420616C6C6F77CA
S214040B306564291F00417474656D70747320746F46
S214040B40206368616E676520746865206368696CF5
S214040B50642074696D656F7574206F7074696F6E48
S214040B60206D61736B20746F2066696C74657220E7
S214040B706F757420756E646573697261626C652046
S214040B8076616C7565732028652E672E206E6F203F
S214040B906D6F7265207468616E20332064617973AA
S214040BA0292E0074696D656F7574206F7074696F93
S214040BB06E206D61736B1F00537769746368657389
S214040BC0206265747765656E20646966666572651D
S214040BD06E74206B65657020616C697665206D6F38
S214040BE064657320737570706F72746564206279BF
S214040BF0206120726F757465722E004B65657020D7
S214040C00616C697665206D6F64651F005072696E4D
S214040C107473207468652063757272656E74204EF2
S214040C206F64652049442C2045554936342C206190
S214040C306E642050616E2049442E00496E697469C2
S214040C40616C697A65732061206E6574776F726B68
S214040C503B2074686973206973206120746573741B
S214040C6020636F6D6D616E64207573656420666FB6
S214040C70722074632D737761702D6F75742074659C
S214040C807374696E672E00536574732074686520E8
S214040C906E6574776F726B20696E64657820757301
S214040CA0656420627920616C6C2066757475726563
S214040CB020434C4920636F6D6D616E64732E202053
S214040CC04265666F726520657865637574696E67DC
S214040CD0206120434C4920636F6D6D616E642C2047
S214040CE0746865206672616D65776F726B207377C2
S214040CF069746368657320746F2074686973206E02
S214040D006574776F726B2E2020416674657220744A
S214040D10686520636F6D6D616E642066696E6973C5
S214040D2068657320657865637574696E672C2074CE
S214040D306865206672616D65776F726B207377697C
S214040D407463686573206261636B20746F207468D3
S214040D50652070726576696F7573206E6574776F3B
S214040D60726B2E202054686520434C4920757365A9
S214040D7073207468652073616D65206E6574776F83
S214040D80726B20696E64657820756E74696C207465
S214040D906865206465766963652072657365747337
S214040DA0206F72206974206973206368616E6765BA
S214040DB064207468726F756768207468697320634A
S214040DC06F6D6D616E642E00417474656D7074731E
S214040DD020746F206368616E676520646576696356
S214040DE065206F76657220746F206120646966667C
S214040DF06572656E74206368616E6E656C206769E3
S214040E0076656E20696E20746865206368616E6E10
S214040E10656C20617267756D656E742E0054686526
S214040E20206368616E6E656C20746F206368616E03
S214040E30676520746F1F0066696E64556E7573650A
S214040E406450616E49640066696E644A6F696E61D7
S214040E50626C654E6574776F726B005065726D696F
S214040E607473206A6F696E696E67206F6E2074688B
S214040E7065206E6574776F726B20666F72206120D2
S214040E80676976656E206E756D626572206F662082
S214040E907365636F6E647320414E442062726F61A3
S214040EA06463617374732061205A444F204D676DE8
S214040EB074205065726D6974204A6F696E696E6736
S214040EC0207265717565737420746F20616C6C2074
S214040ED0726F75746572732E00412073696E676C49
S214040EE065206279746520696E6469636174696EED
S214040EF06720686F77206C6F6E672074686520645F
S214040F0065766963652073686F756C6420686176BE
S214040F1065207065726D6974206A6F696E696E67A4
S214040F20207475726E6564206F6E20666F722E2054
S214040F30412076616C7565206F6620307866662081
S214040F407475726E73206F6E207065726D6974208E
S214040F506A6F696E20696E646566696E6974656C2D
S214040F60792E1F00436865636B73206E6574776F14
S214040F70726B20706A6F696E207374617475732E59
S214040F8000577269746573207468652065787465A3
S214040F906E6465642070616E20494420666F72201A
S214040FA0746865206465766963652E006578747078
S214040FB0616E69641F0052656A6F696E7320616EA4
S214040FC0206578697374696E67206E6574776F72CE
S214040FD06B20696E206120736563757265206F727D
S214040FE020696E736563757265206D616E6E6572D9
S214040FF02077697468206120646966666572656E28
S214041000742064657669636520747970652E004281
S2140410106F6F6C65616E206E6574776F726B206B94
S214041020657920617661696C6162696C6974791F9F
S2140410304368616E6E656C206D61736B1F416E2034
S214041040656E756D65726174696F6E20696E64692C
S214041050636174696E672074686520646576696385
S21404106065207479706520746F2072656A6F696E86
S2140410702061732E54686520737461636B206F6EF1
S2140410806C79206163636570747320534C5F5A49AE
S214041090474245455F454E445F44455649434520CF
S2140410A0616E6420534C5F5A49474245455F534C32
S2140410B0454550595F454E445F4445564943452E81
S2140410C01F0052654A6F696E732061206E657477DF
S2140410D06F726B2E00426F6F6C65616E206E657466
S2140410E0776F726B206B657920617661696C6162DB
S2140410F0696C6974791F4368616E6E656C206D61F6
S214041100736B1F004C65617665732061206E657491
S214041110776F726B2E005475726E73207065726DE5
S2140411206974206A6F696E696E67206F6E20666FD9
S214041130722074686520616D6F756E74206F66200A
S21404114074696D6520696E646963617465642E00F4
S214041150412073696E676C65206279746520696ED8
S2140411606469636174696E6720686F77206C6F6E5C
S2140411706720746865206465766963652073686FA4
S214041180756C642068617665207065726D6974207C
S2140411906A6F696E696E67207475726E206F6E2052
S2140411A0666F722E20412076616C7565206F66200E
S2140411B030786666207475726E73207065726D6919
S2140411C074206A6F696E20696E646566696E6974F8
S2140411D0656C792E1F004A6F696E732061206E65F8
S2140411E074776F726B206F6E206120676976656E08
S2140411F0206368616E6E656C2C2077697468206164
S21404120020676976656E20545820506F7765722083
S214041210616E642050414E2049442E005468652077
S2140412206368616E6E656C206F6E207768696368AC
S21404123020746F206A6F696E20746865206E65740A
S214041240776F726B1F4F6E652D62797465207369B4
S214041250676E65642076616C756520696E64696383
S2140412606174696E672074686520545820506F77DF
S214041270657220746861742074686520726164699C
S2140412806F2073686F756C642062652073657420C4
S214041290746F1F5468652050414E204944206F6E79
S2140412A020776869636820746F206A6F696E20749B
S2140412B06865206E6574776F726B1F00466F726D7B
S2140412C0732061206E6574776F726B206F6E206179
S2140412D020676976656E206368616E6E656C2C2087
S2140412E077697468206120676976656E2054582093
S2140412F0506F77657220616E642050414E204944D9
S2140413002E00546865206368616E6E656C206F6E8F
S21404131020776869636820746F20666F726D207426
S2140413206865206E6574776F726B1F4F6E652D62ED
S214041330797465207369676E65642076616C75657B
S21404134020696E6469636174696E672074686520D9
S214041350545820506F7765722074686174207468DE
S2140413606520726164696F2073686F756C642062AF
S214041370652073657420746F1F5468652050414E51
S214041380204944206F6E20776869636820746F2054
S214041390666F726D20746865206E6574776F726B05
S2140413A01F005468697320696E6974696174657393
S2140413B020612054434C4B20757064617465207022
S2140413C0726F6365647572652E0053706563696633
S2140413D0792074686520616D6F756E74206F662061
S2140413E074696D6520746F20776169742061667412
S2140413F06572206F6E652054434C4B207570646193
S2140414007465206F7065726174696F6E20636F6DAA
S214041410706C65746573206265666F7265206265BC
S21404142067696E6E696E672061206E657720544327
S2140414304C4B20757064617465206F7065726174BE
S214041440696F6E2E0054686520616D6F756E74202A
S2140414506F662074696D65206265747765656E20B5
S21404146073756273657175656E74207472757374C2
S2140414702063656E746572206C696E6B206B65798B
S214041480207570646174657320696E206D696C6C78
S214041490697365636F6E64731F00536574206F729F
S2140414A020636C6561722073746179206177616B67
S2140414B065207768656E206E6F74206A6F696E6546
S2140414C06400536574206F7220636C6561722066D5
S2140414D06F726365206177616B6500446973706C35
S2140414E061792074686520736C6565702073746117
S2140414F074757300464F522054455354494E472042
S214041500505552504F534553202D206761746865DB
S214041510722074696D696E67206D65747269637391
S21404152020666F72207265706F7274696E672074BD
S21404153061626C65206F7065726174696F6E732E7C
S21404154000436C6561727320746865206C61737403
S214041550207265706F72742074696D65206F6620E2
S214041560617474726962757465732E004164647381
S2140415702061206E657720656E74727920746F2002
S214041580746865207265706F7274207461626C652D
S2140415902E00546865206C6F63616C20656E647001
S2140415A06F696E742066726F6D2077686963682051
S2140415B074686520617474726962757465206973F1
S2140415C0207265706F727465641F54686520636C5E
S2140415D07573746572207768657265207468652013
S2140415E0617474726962757465206973206C6F63C4
S2140415F0617465641F546865204944206F662074CE
S21404160068652061747472696275746520626569C0
S2140416106E67207265706F727465641F3020666F23
S2140416207220636C69656E742D73696465206174D9
S2140416307472696275746573206F72203120666FE8
S21404164072207365727665722D73696465206174A1
S21404165074726962757465731F546865206D696E6B
S214041660696D756D207265706F7274696E67206936
S2140416706E74657276616C2C206D65617375726527
S2140416806420696E207365636F6E64732E1F5468DE
S21404169065206D6178696D756D207265706F727402
S2140416A0696E6720696E74657276616C2C206D6550
S2140416B061737572656420696E207365636F6E640A
S2140416C0732E1F546865206D696E696D756D206391
S2140416D068616E676520746F207468652061747431
S2140416E072696275746520746861742077696C6CBD
S2140416F020726573756C7420696E20612072657043
S2140417006F7274206265696E672073656E742E1F2F
S2140417100052656D6F76657320616E20656E747217
S214041720792066726F6D20746865207265706F72BA
S21404173074207461626C652E0054686520696E645A
S2140417406578206F6620746865207265706F7274A1
S21404175020746F2062652072656D6F7665641F0065
S214041760436C6561727320616C6C20656E7472697B
S21404177065732066726F6D20746865207265706F7D
S2140417807274207461626C652E005072696E747394
S21404179020746865207265706F7274207461626C60
S2140417A0652E00576970657320616C6C20646174E3
S2140417B06120696E207468652073746F7261676552
S2140417C0206465766963652E005072696E747320B2
S2140417D061726269747261727920627974657320C9
S2140417E06F6620746865204F544120696D61676593
S2140417F0206F6E206469736B2E0054686520696ED2
S214041800646578206F662074686520696D61676515
S21404181020746F207072696E74206974732064611A
S21404182074611F546865206F666673657420696EFC
S214041830746F20746865204F544120696D61676534
S21404184020746861742077696C6C206265207072FD
S214041850696E7465641F005072696E747320696ED5
S214041860666F726D6174696F6E2061626F75742045
S2140418707468652073746F72616765206465766941
S21404188063652E0052656C6F61642074686520730E
S214041890746F72616765206465766963652E0044BB
S2140418A0656C657465732074686520696D61676529
S2140418B02061742074686520737065636966696561
S2140418C06420696E6465782E0054686520696E64C9
S2140418D0657820617420776869636820746F206275
S2140418E06567696E2064656C6574696E67207468E4
S2140418F06520696D6167651F005072696E74732098
S21404190074686520696D616765732E00456E616253
S2140419106C6573204F544120646F776E6772616400
S21404192065732E0044697361626C6573204F54417D
S21404193020646F776E6772616465732E0053656EFC
S214041940647320616E2055706772616465456E64C9
S2140419505265717565737420746F20616E204F54E0
S21404196041207365727665722E0043616E2062654F
S214041970207573656420746F2064796E616D696385
S214041980616C6C79207475726E206F666620736560
S2140419906E64696E6720706167652072657175652F
S2140419A0737473206F6E2074686520636C69656E4B
S2140419B07420736964652C206966207468652073D6
S2140419C0657276657220646F65736E27742073750E
S2140419D070706F72742074686973206665617475BC
S2140419E072652E00426F6F6C65616E2076616C7551
S2140419F065207475726E696E67206F6E20283129B3
S214041A00206F72206F66662028302920746865204F
S214041A1070616765207265717565737420666C61A4
S214041A20671F0053656E647320616E20696D61677D
S214041A306520626C6F636B207265717565737420C4
S214041A40666F7220612066696C6520746865207311
S214041A5065727665722073686F756C64206E6F7439
S214041A6020686176652E2020546573742068617240
S214041A706E657373206F6E6C79202874657374209A
S214041A806361736520392E352E36202D204D6973FB
S214041A9073696E672046696C6529005072696E74B6
S214041AA07320696E666F726D6174696F6E206F6EF7
S214041AB0207468652063757272656E742073746131
S214041AC07465206F6620746865204F544120636CEB
S214041AD069656E7420646F776E6C6F61642E005354
S214041AE0746F707320746865204F5441207374615A
S214041AF07465206D616368696E652E005374617247
S214041B00747320746865204F544120636C69656E55
S214041B1074207374617465206D616368696E652EE4
S214041B2020546865207374617465206D6163686908
S214041B306E6520646973636F766572732074686576
S214041B40204F5441207365727665722C207175653A
S214041B507269657320666F72206E657720696D61A1
S214041B606765732C20646F776E6C6F616473207482
S214041B70686520696D6167657320616E64207761AE
S214041B8069747320666F7220746865207365727654
S214041B90657220636F6D6D616E6420746F2075705E
S214041BA067726164652E005072696E74732074687F
S214041BB065206D616E756661637475726572204921
S214041BC0442C20496D61676520547970652049442A
S214041BD02C20616E642056657273696F6E20696E80
S214041BE0666F726D6174696F6E20746861742061CB
S214041BF072652075736564207768656E2061207150
S214041C0075657279206E65787420696D61676520E4
S214041C1069732073656E7420746F2074686520730E
S214041C2065727665722062792074686520636C69D3
S214041C30656E742E00506572666F726D73207369DC
S214041C40676E61747572652076657269666963612C
S214041C5074696F6E206F6E2074686520696D6167A5
S214041C6065206174207468652073706563696669AD
S214041C70656420696E6465782E0054686520696E14
S214041C8064657820617420776869636820746F20BF
S214041C90626567696E2076657269666963617469F0
S214041CA06F6E206F662074686520696D6167651FB6
S214041CB000426F6F746C6F6164732074686520698A
S214041CC06D61676520617420746865207370656350
S214041CD0696669656420696E646578206279206344
S214041CE0616C6C696E6720746865204F544120628D
S214041CF06F6F746C6F61642063616C6C6261636B9C
S214041D002E0054686520696E6465782061742077B7
S214041D106869636820746F20626567696E20626F05
S214041D206F746C6F6164696E672074686520696D92
S214041D306167651F005072696E747320696E666F02
S214041D402061626F75742074686520696E737461AF
S214041D506C6C656420626F6F746C6F616465722E60
S214041D6000537562747261637473206120636861E2
S214041D706E6E656C2066726F6D2065697468657238
S214041D8020746865207072696D617279206F7220A4
S214041D907365636F6E64617279206368616E6E65E5
S214041DA06C206D61736B206F6620746865206E65A9
S214041DB074776F726B2D7374656572696E672063D2
S214041DC06F6D706F6E656E742E0054686520636860
S214041DD0616E6E656C206D61736B20746F20737515
S214041DE062747261637420746865206368616E6EE1
S214041DF0656C2066726F6D1F546865206368616E3B
S214041E006E656C20746F20737562747261637420DF
S214041E10746865206D61736B2066726F6D1F004178
S214041E206464732061206368616E6E656C20746FF1
S214041E302065697468657220746865207072696DBF
S214041E40617279206F72207365636F6E6461727954
S214041E50206368616E6E656C206D61736B206F66BF
S214041E6020746865206E6574776F726B2D73746565
S214041E706572696E6720636F6D706F6E656E742E23
S214041E8000546865206368616E6E656C206D6173CE
S214041E906B20746F206164642061206368616E6ED9
S214041EA0656C20746F1F546865206368616E6E6588
S214041EB06C20746F2061646420746F2074686520DD
S214041EC06D61736B1F005365747320656974686570
S214041ED07220746865207072696D617279206F7201
S214041EE0207365636F6E64617279206368616E6ED9
S214041EF0656C206D61736B2E0054686520636861A1
S214041F006E6E656C206D61736B20746F20737562E2
S214041F10747261637420746865206368616E6E65AC
S214041F206C2066726F6D1F5468652076616C7565EB
S214041F3020746F2073657420746865206368616E0E
S214041F406E656C206D61736B20746F2E1F00536575
S214041F50747320746865207072652D636F6E66698D
S214041F606775726564206B657920736F2074686189
S214041F707420746865206A6F696E696E672064658C
S214041F80766963652063616E20656E74657220747D
S214041F906865206E6574776F726B2E005365747374
S214041FA02074686520707265636F6E666967757203
S214041FB06564206B65791F0053746F7073207468B2
S214041FC065206E6574776F726B20737465657269CD
S214041FD06E672070726F636573732E00537461723C
S214041FE0747320746865206E6574776F726B2073E3
S214041FF074656572696E672070726F636573732E9D
S2140420000041206D61736B206F66206F7074696F7A
S2140420106E7320666F7220696E6469636174696E9C
S21404202067207370656369666963206265686176B4
S214042030696F722077697468696E20746865206EAB
S2140420406574776F726B2D7374656572696E67203D
S21404205070726F636573732E1F00446973706C61CE
S2140420607973207468652063757272656E74207364
S2140420707461747573206F6620746865206E657469
S214042080776F726B207374656572696E6720707201
S2140420906F636573732E00436C6561727320746896
S2140420A0652067726F757073207461626C65206F4B
S2140420B06E20657665727920656E64706F696E74DD
S2140420C0005072696E747320696E666F726D617407
S2140420D0696F6E2061626F75742074686520636F23
S2140420E06E74656E7473206F6620746865206772FC
S2140420F06F757073207461626C652E00417274692A
S21404210066696369616C6C792064726F707320749D
S214042110686520626C6F636B206E756D62657220F5
S214042120646566696E6564206279207468652070EB
S214042130617373656420617267756D656E74206F74
S2140421406E6C79206F6E63652C20616E64207468F3
S214042150656E20616C6C6F77732069742075706F80
S2140421606E20612072657472792E00546865206250
S2140421706C6F636B206E756D62657220746F206180
S21404218072746966696369616C6C792064726F70D5
S21404219020746F20666F72636520612072657472A6
S2140421A079202D2073657420746F2030784646207D
S2140421B0746F2064697361626C651F005365747381
S2140421C02074686520726563656976652077696E34
S2140421D0646F772073697A652E20204279206465BF
S2140421E066696E6974696F6E20696E20746865200E
S2140421F0536D61727420456E657267792070726FD4
S21404220066696C65206974206D7573742062652038
S21404221073657420746F2031206275742074686945
S2140422207320616C6C6F777320697420746F2062FE
S21404223065206368616E6765642E00546865206D6A
S2140422406178206E756D626572206F6620746865AD
S21404225020626C6F636B7320726563656976656470
S214042260206265666F726520616E2041505320615E
S214042270636B2069732067656E6572617465641F9D
S214042280004D616B65732074686973206E6F6465B6
S214042290207374617274206964656E746966796902
S2140422A06E672061732061207461726765742066AE
S2140422B06F722062696E64696E672077697468203D
S2140422C0616E20696E69746961746F72206E6F64E2
S2140422D0652E0054686520656E64706F696E7420A0
S2140422E06F6E20776869636820746F20626567691B
S2140422F06E207468652046696E64696E6720616E38
S214042300642042696E64696E6720746172676574DE
S2140423102070726F636573731F004D616B65732065
S21404232074686973206E6F646520737461727420B8
S21404233074686520696E69746961746F722070616F
S2140423407274206F66207468652066696E64696EB0
S2140423506720616E642062696E64696E67207072BD
S2140423606F636573732E0054686520656E64706FC2
S214042370696E74206F6E20776869636820746F20B6
S214042380626567696E207468652046696E64696E66
S2140423906720616E642042696E64696E6720696EA8
S2140423A069746961746F722070726F636573731FEA
S2140423B00053657473207768657468657220746862
S2140423C06520434C4920666F7263657320746865A4
S2140423D02064657669636520746F2073686F727411
S2140423E020706F6C6C2E005468652076616C756581
S2140423F020696E6469636174696E672077686574C2
S2140424006865722074686520646576696365207300
S214042410686F756C642073686F727420706F6C6C70
S2140424201F0053657473207768657468657220743A
S2140424306865206465766963657320706F6C6C20CC
S214042440636F6D706C657465642063616C6C626147
S214042450636B2066756E6374696F6E20697320659E
S2140424606E61626C65642E005468652076616C75D6
S2140424706520696E6469636174696E672077686550
S214042480746865722074686520646576696365732C
S21404249020706F6C6C20636F6D706C65746564205F
S2140424A063616C6C6261636B2066756E6374696FDE
S2140424B06E20697320656E61626C65641F004469F2
S2140424C073706C61797320746865207374617475B5
S2140424D073206F662074686520456E6420446576B4
S2140424E06963657320706F6C6C696E672E00456E49
S2140424F061626C652F64697361626C6520646562F1
S214042500756720606C65676163792061707020660A
S21404251072616D65776F726B2064656275676020A3
S2140425207072696E7420747970652E00456E6162EF
S2140425306C652F64697361626C651F00456E616229
S2140425406C652F64697361626C6520646562756787
S21404255020607A636C60207072696E74207479707F
S214042560652E00456E61626C652F64697361626CEA
S21404257065206465627567206061707060207072A3
S214042580696E7420747970652E00456E61626C65A0
S2140425902F64697361626C65206465627567206088
S2140425A0636F726560207072696E742074797065EA
S2140425B02E00456E61626C652F64697361626C659A
S2140425C02064656275672060737461636B60207055
S2140425D072696E7420747970652E0053656E647328
S2140425E02061207265717565737420666F72204F62
S2140425F0544120636F756E746572732E0052657352
S21404260065747320616C6C207468726573686F6C93
S21404261064732076616C75657320746F2030784619
S2140426204646462E005365747320612074687265AE
S21404263073686F6C642076616C756520666F7220B3
S2140426406120706172746963756C6172207479704C
S21404265065206F6620636F756E7465722E005479FC
S2140426607065206F6620636F756E7465721F54689C
S214042670726573686F6C642056616C75651F0050D4
S21404268072696E7473207468652074687265736802
S2140426906F6C6473206F6620616C6C2074686520B0
S2140426A0636F756E746572732E00436C6561727326
S2140426B020616C6C20636F756E7465722076616C35
S2140426C07565732E005072696E747320616C6C208D
S2140426D0636F756E7465722076616C7565732E0013
S2140426E05072696E7473207468652076616C7565C3
S2140426F0206F6620746869732070617274696375EC
S2140427006C617220636F756E7465722E0054686512
S21404271020636F756E746572207479706520746FAB
S214042720207072696E741F005072696E7473206133
S2140427306C6C20636F756E7465722076616C75655B
S2140427407320616E6420636C6561727320746865BF
S2140427506D2E00536574204D464720746F6B656E6E
S2140427602C2043414E4E4F5420424520554E53454F
S2140427705420425920434C492E005072696E7420EE
S2140427804D464720746F6B656E2E005072696E74EA
S21404279020616374697665206576656E74732E00B1
S2140427A044697361626C652074686520656E647044
S2140427B06F696E7420666F72205A434C206D657381
S2140427C073616765732E00456E64706F696E74205E
S2140427D0696E6465781F00456E61626C657320746B
S2140427E0686520656E64706F696E7420666F72200B
S2140427F05A434C206D657373616765732E0050727F
S214042800696E7420737461747573206F6620656EC8
S21404281064706F696E74732E0053686F77732074D8
S21404282068652076657273696F6E206F66207468BB
S2140428306520736F6674776172652E005365742025
S21404284074686520636F6E666967757265642038A0
S21404285030322E31352E3420434341206D6F64656B
S21404286020696E2074686520726164696F2E205337
S214042870656520646F63756D656E746174696F6EEB
S21404288020726567617264696E67205241494C5FC5
S214042890494545453830323135345F4363614D6FC1
S2140428A064655F742E0041205241494C5F4945459A
S2140428B0453830323135345F4363614D6F64655F4C
S2140428C0742076616C75651F0052657475726E733C
S2140428D02050544920726164696F20636F6E666984
S2140428E06720696E666F726D6174696F6E20746FAF
S2140428F02064657465726D696E6520746865205021
S21404290048592074797065206265696E672075730E
S2140429106564206279205241494C2E207265747594
S214042920726E2076616C756520697320656E756DB0
S214042930205241494C5F494545453830323135349B
S2140429405F507469526164696F436F6E6669675F4E
S2140429507420652E6720205241494C5F4945454501
S2140429603830323135345F5054495F524144494F10
S2140429705F434F4E4649475F32503447485A203DDE
S214042980203078303055205241494C5F4945454502
S2140429903830323135345F5054495F524144494FE0
S2140429A05F434F4E4649475F32503447485A5F416B
S2140429B04E54444956203D203078303155205241FB
S2140429C0494C5F494545453830323135345F5054BB
S2140429D0495F524144494F5F434F4E4649475F3231
S2140429E0503447485A5F434F4558203D203078308E
S2140429F03255205241494C5F4945454538303231BD
S214042A0035345F5054495F524144494F5F434F4EFB
S214042A104649475F32503447485A5F414E5444490A
S214042A20565F434F4558203D203078303355005389
S214042A30656E6473206120726561642061747472CB
S214042A4020666F72207468652074696D65206F66F1
S214042A5020746865206465766963652073706563B1
S214042A6069666965642E20497420736574732061F1
S214042A7020666C616720736F207768656E206974C2
S214042A8020676574732074686520726573706F6E52
S214042A907365206974207772697465732074686539
S214042AA02074696D6520746F20697473206F776E67
S214042AB02074696D6520617474722E0049641F73F6
S214042AC07263456E64706F696E741F6465737445D3
S214042AD06E64706F696E741F005768656E20736548
S214042AE06E64696E67207573696E6720612062691B
S214042AF06E64696E672C20737065636966696573B6
S214042B0020776865746865722061206D756C7469D9
S214042B10636173742062696E64696E672073686F9C
S214042B20756C6420626520757365642E0075736524
S214042B304D756C74696361737442696E64696E671B
S214042B401F0053656E64732061207072652D627574
S214042B50666665726564206D756C7469636173740A
S214042B60206D65737361676520746F2061206769E3
S214042B7076656E2067726F75702049442066726FA2
S214042B806D206120676976656E20656E64706F6976
S214042B906E742E0067726F757049641F7372632DAE
S214042BA0656E64706F696E741F0043726561746548
S214042BB0732061206D657373616765206279207385
S214042BC0706563696679696E6720746865207261EA
S214042BD0772062797465732E205573652074686552
S214042BE02073656E6420636F6D6D616E6420746F10
S214042BF02073656E6420746865206D657373616701
S214042C0065206F6E63652069742068617320626551
S214042C10656E20637265617465642E2045783A207B
S214042C2072617720307830303046207B3030203068
S214042C3041203030203131203232203333203434B6
S214042C402035357D2073656E64732061206D657351
S214042C507361676520746F20636C75737465722086
S214042C603135202830783030304629206F66206C85
S214042C70656E677468203820776869636820696EB3
S214042C80636C7564657320746865205A434C2068C9
S214042C9065616465722E00436C757374657249646D
S214042CA01F446174611F00526573657473207468F1
S214042CB065206E6F64652E005772697465732061B3
S214042CC0206D6573736167652E00456E64706F6969
S214042CD06E741F436C75737465722049441F417487
S214042CE0747269627574652049441F4D61736B1F65
S214042CF04461746120747970651F44617461206254
S214042D007974651F0052656164732061206D657374
S214042D10736167652E00456E64706F696E741F4339
S214042D206C75737465722049441F417474726962C9
S214042D307574652049441F31206966207365727670
S214042D40657220646972656374696F6E2C20302026
S214042D50696620636C69656E742064697265637461
S214042D60696F6E1F0053656E64732061206D657312
S214042D70736167652E0044657374696E6174696F68
S214042D806E1F536F7572636520656E64706F696E2F
S214042D90741F44657374696E6174696F6E20656E22
S214042DA064706F696E741F00536F75726365206577
S214042DB06E64706F696E741F004C69737473207749
S214042DC068696368206F7074696F6E616C206C69E3
S214042DD062726172696573206F6620746865207319
S214042DE07461636B2061726520696D706C656D65D6
S214042DF06E746564206F6E207468697320646576EB
S214042E006963652E005072696E747320696E666F0E
S214042E10726D6174696F6E2061626F757420746878
S214042E2065206E6574776F726B2073746174652C9D
S214042E3020636C7573746572732C20616E642065F0
S214042E406E64706F696E74732E006F666673657455
S214042E501F005072696E747320696E666F726D61BE
S214042E6074696F6E20666F7220616C6C2061766187
S214042E70696C61626C6520736C6F74732E005265A6
S214042E806164732072617720646174612066726F76
S214042E906D20666C6173682073746F726167652E4B
S214042EA0004164647265737320746F207265616494
S214042EB01F4E756D626572206F6620627974657345
S214042EC020746F20726561641F005072696E74739B
S214042ED020666C6173682073746F7261676520691D
S214042EE06E666F726D6174696F6E2E0045726173E3
S214042EF065732074686520737065636966696564C4
S214042F0020736C6F742049442E0053746F7261678B
S214042F106520736C6F74206E756D6265721F004257
S214042F206F6F74732074686520696D6167652069C6
S214042F306E207468652073706563696669656420CD
S214042F40736C6F742049442E00434C4920696E7399
S214042F5074616E6365206578616D706C6500647578
S214042F606D6D795F696E7374005A434C20636F6DA0
S214042F706D616E647300626173696300676C6F628F
S214042F80616C006D66672D636F6465007573652DEF
S214042F906E6578742D73657175656E636500782D3E
S214042FA064656661756C742D726573700074657300
S214042FB0742D726573706F6E73652D6F6E00746515
S214042FC073742D726573706F6E73652D6F6666000D
S214042FD05A434C20626173696320636C757374652D
S214042FE07220636F6D6D616E647300727466640044
S214042FF0436F6D6D616E64207468617420726573CE
S21404300065747320616C6C20617474726962757483
S214043010652076616C75657320746F2066616374D1
S2140430206F72792064656661756C742E005241492E
S2140430304C006C6F7765722D6D61632D7261696CDF
S2140430402D3830322E31352E342E63006C69627280
S21404305061696C2E6100756E636C61696D656400F0
S2140430606275666665722D6D616E6167656D656E07
S214043070742E63006576656E742D71756575652EA0
S21404308063007A69676265652D75707065722D6D6B
S21404309061632E63006E65696768626F722E6300F3
S2140430A06173736F63696174696F6E2E6300313880
S2140430B032317300313432323100313231003273FE
S2140430C0003132323131320031323231310032386D
S2140430D0310038313100313832313100313231315A
S2140430E031323132323231730031323200313231E0
S2140430F031323231003131313100323238006D61D3
S214043100632D6D756C74692D6E6574776F726B2E96
S21404311063006C65676163792D7061636B65742DFC
S2140431206275666665722E6300000102030E312E18
S214043130312E322D6664616531313433010001006D
S214043140020303000300000013B779FAC925DDB7AC
S214043150ADF3CFE0F1B614B80102000000000000A1
S214043160FFFFFFFF01000000010000000000000058
S2140431700000000000000000000000000000000046
S2140431800000000000000000000000000000000036
S2140431900000000000000000033F1F0013F90200B7
S2140431A00FF90200EDF80200BBF802004BF902002A
S2140431B01DF90200BDF802002C0000000202020302
S2140431C00000000001020000000801B47032040090
S2140431D00008015A2C32040000080040E8310400BC
S2140431E000000000000000000000FCFEFFFF0000DE
S2140431F000000000FFFF000000000000FFFF0000CA
S21404320000000000FFFF0000000000004000180659
S214043210F4D200002C00B0023DBE00001700F200FD
S2140432200C7C00000C0041009E4200006400FCFE82
S214043230FFFF000000000000FFFF00000000000089
S2140432405A00F306A554FEFF2100A301A1FEFFFFCA
S2140432501100A600832700000A006100DC26000097
S21404326006003B00F820000003001500AD13000024
S214043270C800FCFEB4008B087BC0FBFF4D00E402D4
S214043280E756FFFF2C00A20183EBFFFF1A000301A1
S214043290B31A00001100A300552900000A005E00BE
S2140432A05A28000006003A002122000004001800F4
S2140432B07316000093E60300D5990300D59903001E
S2140432C0D5990300D5990300D5990300D599030031
S2140432D0D5990300D5990300D5990300D599030021
S2140432E0D5990300D5990300D5990300D599030011
S2140432F0D5990300D5990300D5990300D599030001
S214043300D5990300D5990300D5990300D5990300F0
S214043310D5990300D5990300D5990300D5990300E0
S214043320D5990300E3990300D5990300F89903009F
S214043330D5990300D59903001D9A0300D599030077
S214043340D5990300D5990300D5990300459A03003F
S214043350D5990300D5990300D5990300D5990300A0
S2140433605D9A0300D59903007B9A03000B000000C6
S2140433700B000000020000000000202000000000F7
S214043380030000008C8C3C000000000000000000DD
S21404339000000000000000581200000000000000BA
S2140433A0FFFFFFFFFFFFFFFF554E4B00474F200078
S2140433B042544C00474F3200474F3300474F3400C7
S2140433C0474F3500474F3600474F3700474F3800C2
S2140433D0474F3900474F4100474F4200474F43008D
S2140433E0474F4400474F4500474F46004A4D50005C
S2140433F0424452005550520042544D004D534D0025
S21404340046544C00554E4B00474F200042544C0047
S2140434104241440046544C00465243004F54410037
S21404342044534C004241500055504700544D45000B
S21404343046415500545A4600554E4B0050494E00DE
S214043440454D3400554E4B0048562000554E4B0013
S214043450455850004C574D00554E4B0052425400B0
S21404346044534C00454D3400554E4B0041535400D4
S214043470554E4B0056465900494E4800554E4B0093
S2140434804C434B0058544C004F424600554E4B009C
S214043490485244004D454D0042555300555347008D
S2140434A044424700444D410056435400554E4B0099
S2140434B055502000525020004150300041503100F9
S2140434C0415020004450200044454300A8330400E3
S2140434D0AC330400043404003834040044340400D8
S2140434E04C34040058340400683404007034040077
S2140434F07C3404008C340400AC340400554E4B0079
S2140435004649420042544C00455854005057520015
S214043510574447002053570043525300465348002D
S21404352042414400464C540042524F0001040103F9
S21404353003060105010501090600060B0000070B3A
S214043540050B000000000000000000000400E40C6E
S2140435500A00010410010000000500020000030038
S214043560E8370400E4370400D0370400CC370400FE
S214043570C8370400C4370400B2370400A237040076
S2140435808837040080370400763704007437040054
S2140435905C370400593704005137040040370400F0
S2140435A0303704001E37040004370400FC360400D9
S2140435B0F0360400EC360400E8360400DA3604007C
S2140435C0CF360400B63604009D36040041360400A7
S2140435D0403604003036040008360400FD35040086
S2140435E0FC350400E835040000000000000000007C
S2140435F00000000000000000000000000F000000B3
S21404360000000000000000000000000000000000B1
S21404361000000000000000000000000000000000A1
S2140436200000000000000000000000000000000091
S2140436300100000000000000000000000000000080
S2140436400F00000000000000000000000000000062
S2140436500000000000000000000000000000000061
S2140436600000000000000000000000000000000051
S2140436700000000000000000000000000000000041
S2140436800000000000000000000000000000000031
S2140436900000000000000000000000000000000021
S2140436A00000000000000000000000000000000011
S2140436B00000000000000000000000000000000001
S2140436C000000000000000000000000000000000F1
S2140436D000000000000000000000000000000000E1
S2140436E000000000000000000000000000000000D1
S2140436F0FFFFFFFFFFFFFFFFFFFF000000000000CB
S21404370000000000000000000000000000000000B0
S21404371000000000000000000000000000000000A0
S2140437200000000000000000000000000000000090
S2140437300000000000000000000000000000000080
S2140437400000000000000000000000000000000070
S21404375000FFFFFFFFFFFFFFFF9C0000FF000000CD
S2140437600000000000000000000000000000000050
S214043770800000000000FFFFFFFFFFFFFFFFFFFFCA
S21404378000000000FFFF0000000000000000000032
S2140437900000000000000000000000000000000020
S2140437A00000FFFFFF000000000000000000000013
S2140437B00000000000000000000000000000000000
S2140437C000000000000000000000000000000000F0
S2140437D000000000000000000000000000000000E0
S2140437E00000000000000000FC03010101010101CB
S2140437F001010101010101010100000000000001B6
S2140438000020000000000001010000200204110452
S214043810040211101A080A021801081110111A08D5
S2140438200A04020D0B19195C0110280B0114000080
S214043830000000000000000000000000000101017C
S2140438400101010001010101010101000001010162
S214043850000100010100000000000000000000005C
S214043860000000000001000000000000000000004E
S2140438700000000001FF010023E1010075E40100DF
S21404388063E2010063E5010062E1010079EB0100F7
S21404389064EE010024E1010025E1010026E10100B7
S2140438A027E1010028E1010029E101002AE10100E5
S2140438B000000100800001000001010080010100F9
S2140438C0000201008002010020E201000003010062
S2140438D00005010080050100000601002C89010096
S2140438E0800601000007010001E5010002E5010071
S2140438F00008010080080100004001008632101014
S214043900FFFFFFFFFFFFFFFF09A303000FA3030052
S21404391015A303001BA3030021A3030056777777A0
S2140439207777777777777777777777775A6967428E
S2140439306565416C6C69616E636530395A696742C6
S2140439406565416C6C69616E636530394E574B2012
S2140439505374656572696E6700009596959595052E
S21404396007090D0000000000000102030406000021
S21404397087BB030022CF03003CCF030053CF0300D2
S21404398066CF030076CF03008ACF03009CCF0300E4
S214043990ACCF0300C8CF0300DDCF03000208010D3F
S2140439A00D01010112010000FFFFFFFFFFFFFFFFF3
S2140439B000000000000000000109050100020000EC
S2140439C0000000031EF1EE0BD83904001EDC0300D1
S2140439D093E60300FE0000003ADC0300383B0400D4
S2140439E00000000044DC0300283B04000000000044
S2140439F051DC0300183B0400000000005EDC0300FA
S214043A00083B0400000000007CDC0300F43A0400D9
S214043A100000000074DC0300E03A0400000000002C
S214043A207BDC0300CC3A04000000000089DC0300C1
S214043A30BC3A040000000000FBDA0300A83A0400C5
S214043A400000000082DC0300983A04000000000036
S214043A508EDC0300843A0400000000003AA1030050
S214043A60743A04000000000000000000000000009B
S214043A7000000000C90F03009FDC0300DCDC030029
S214043A80010100FF25D8000005DD03004ADD030020
S214043A90010100010107FF00E1D7000097DD0300E4
S214043AA002DE0300010100FF21D7000023DE03002D
S214043AB03CDE030000010100FF000000DB0F0300F2
S214043AC061DE0300B9DE03000101FF00C30F03003B
S214043AD0D0DE030027DF030001010207FF00000019
S214043AE0BD0F0300D0DE030027DF03000101020739
S214043AF0FF000000B70F0300D0DE030027DF03003B
S214043B0001010207FF000000D5D6000048DF0300CD
S214043B1087DF0300010101FF75D60000A6DF03005E
S214043B20EBDF0300010000FF31D60000A6DF030030
S214043B30EBDF0300010000FFB9D6000012E003002B
S214043B4018DE030000FF0000B10F030067E0030067
S214043B50330B0400FF000000AB0F0300DAE00300A1
S214043B60330B0400FF00000011D6000049E10300F7
S214043B70BEE1030000FF0000E9D50000D6E1030023
S214043B8038E2030000FF00009D0F030049E2030033
S214043B908FE2030002FF0000B1D5000098E20300A4
S214043BA00CE3030001FF0000000000000CE6030025
S214043BB01100000018E603001200000020E60300CF
S214043BC01300000028E603002100000030E603008E
S214043BD02200000037E60300230000003EE6030050
S214043BE0AA00000045E60300FF00000000000000F5
S214043BF0FFFFFFFFFFFFFFFF0000000000000000C4
S214043C00000001080109020A030B040C050D060E48
S214043C10070F081001180119021A031B041C051DBE
S214043C20061E071F0820012102220323042405255B
S214043C300626072708280129022A032B042C052D0B
S214043C40062E072F08300131023203380239043AAF
S214043C5008E004E104E204E802E902EA04F008F1F8
S214043C60100000000000000004050000CC3C040026
S214043C7002000F00F43C040002000F001C3D040088
S214043C8002000F00443D040002000F006C3D0400D7
S214043C9002000F00943D040002000F00BC3D040027
S214043CA002000F00E43D040002000F000C3E040076
S214043CB002000F00343E040002000F005C3E0400C5
S214043CC002000F00843E040002000F000000000003
S214043CD0AC3E0400030000004000000000000000AA
S214043CE019000000D03E040004000F00800000000D
S214043CF00000000000000000AC3E040003000000CA
S214043D00400000000000000019000000D03E04003F
S214043D1004000F0080000000000000000000000007
S214043D20AC3E040003000000400000000000000059
S214043D3019000000D03E040004000F0080000000BC
S214043D400000000000000000AC3E04000300000079
S214043D50400000000000000019000000D03E0400EF
S214043D6004000F00800000000000000000000000B7
S214043D70AC3E040003000000400000000000000009
S214043D8019000000D03E040004000F00800000006C
S214043D900000000000000000AC3E04000300000029
S214043DA0400000000000000019000000D03E04009F
S214043DB004000F0080000000000000000000000067
S214043DC0AC3E0400030000004000000000000000B9
S214043DD019000000D03E040004000F00800000001C
S214043DE00000000000000000AC3E040003000000D9
S214043DF0400000000000000019000000D03E04004F
S214043E0004000F0080000000000000000000000016
S214043E10AC3E040003000000400000000000000068
S214043E2019000000D03E040004000F0080000000CB
S214043E300000000000000000AC3E04000300000088
S214043E40400000000000000019000000D03E0400FE
S214043E5004000F00800000000000000000000000C6
S214043E60AC3E040003000000400000000000000018
S214043E7019000000D03E040004000F00800000007B
S214043E800000000000000000AC3E04000300000038
S214043E90400000000000000019000000D03E0400AE
S214043EA004000F0080000000000000000000200155
S214043EB0200000000800000004004221300000003A
S214043EC0443F040000FF42003000000000000000F1
S214043ED00000F00840000000653F040001002304D1
S214043EE0400000006D3F0400060030014000000062
S214043EF000000000FDFF2102400000000100000059
S214043F001900000419000101190002041900030134
S214043F1019000504190006011900070404004100ED
S214043F2081F8000006004100D31703001900810041
S214043F307115010019008400FD1F010000800000B7
S214043F400000000006435553544F4D000000000087
S214043F500000000000000000000000000000000058
S214043F600000000000FFFFFFFFFFFFFFFFFFFFFF53
S214043F70FF00040104010401040104010401040116
S214043F8004010401040104010401FFFFFFFFFFFF15
S214043F90FFFFFFFFFFFFFFFFFFFFFFFFFFFFFFFF28
S214043FA0FFFF000102030405060708090A0B1F1C8D
S214043FB01F1E1F1E1F1F1E1F1E1F07021F012F006E
S214043FC037013F005701DF02E700FF020000000050
S214043FD000000000000000000000000000000000D8
S214043FE000000000000000000000000000000000C8
S214043FF0ABEC030019000000B1EC0300FFFF000067
S214044000000000007CED030087ED030093E6030048
S2140440108FED03009DED030093E60300B0ED03006F
S214044020BBED0300C9ED0300CDED0300DDED030099
S2140440308FBC0300EDED0300F1ED0300FCED03007F
S21404404006EE030010EE030014EE030022EE030057
S21404405036EE03004CEE0300008000000000000073
S2140440600000000000000000FFFFFFFFFF0000004C
S21404407000000000D5A30100000000000000F03F8F
S214044080000000000000244000000000000059402A
S2140440900000000000408F40000000000088C3407D
S2140440A000000000006AF8400000000080842E41F2
S2140440B000000000D01263410000000084D797413E
S2140440C00000000065CDCD4108C00300345704004D
S2140440D00000000072F703002457040000000000EC
S2140440E077F70300145704000000000078F7030075
S2140440F0045704000000000089DC0300F0560400A6
S214044100000000007CDC0300DC5604000000000015
S2140441107DF70300CC5604000000000083F703007C
S214044120BC5604000000000087F70300AC560400E9
S2140441300000000096F703009C56040000000000F0
S214044140B3F703008C56040000000000BCF703001D
S2140441507C56040000000000D1F703006C560400EF
S21404416000000000CACD03005C56040000000000F6
S214044170E1F703001C56040000000000E7FB030000
S214044180784D04000000000094EB0300384D040052
S21404419000000000E8F70300784C0400000000006C
S2140441A0F1F703007C4B040000000000FEF7030058
S2140441B024470400000000001AEE0300FC45040037
S2140441C00000000005F80300FC45040001000000A0
S2140441D009F80300BC450400000000000EF80300C4
S2140441E08044040000000000C79A030080440400D2
S2140441F001000000FEF7030024470400000000004E
S21404420015F8030024470400010000001AF8030010
S2140442104C4404000000000024F803004C4404004E
S214044220010000002CF803007C420400000000009B
S2140442303FA2030048420400000000000000000003
S21404424000000000000000005842040030F803009C
S21404425093E60300FE00000048F80300204E040026
S21404426000000000BCFC0300104E04000000000028
S2140442700000000000000000000000008C42040063
S2140442804DF8030093E60300FE00000063F8030005
S214044290A04F04000000000069F80300904F0400DB
S2140442A0000000006FF80300804F040000000000C8
S2140442B078F80300704F040000000000799F0300A4
S2140442C0604F040000000000839D0300284F040094
S2140442D00000000091A60300144F04000000000034
S2140442E082F80300044F0400000000007EA20300CE
S2140442F0F44E04000000000087F80300E44E0400B7
S214044300000000008EF80300D44E040000000000F5
S2140443102AB10300C44E04000000000093F8030012
S21404432018440400000000009AF80300C043040088
S21404433000000000A2F803008C4304000000000004
S214044340AEF803005843040000000000000000001C
S214044350000000000000000068430400B9F80300F1
S21404436093E60300FE00000003B70300404E04007B
S2140443700000000061D80300304E04000000000076
S2140443800000000000000000000000009C43040041
S214044390DAF8030093E60300FE00000003B7030008
S2140443A0604E04000000000061D80300504E040074
S2140443B000000000000000000000000000000000F4
S2140443C0D0430400FCF8030093E60300FE0000005C
S2140443D01AF90300B04E0400000000000BFE0300B0
S2140443E0A04E04000000000029F90300904E0400CB
S2140443F0000000002EF90300804E040000000000B8
S21404440035F90300704E04000000000000000000B0
S2140444100000000000000000284404003AF90300ED
S21404442093E60300FE000000C5B603004C4F0400EC
S2140444300000000057F90300384F04000000000095
S2140444400000000000000000000000005C440400BF
S2140444505FF9030093E60300FE0000007BF9030007
S214044460E04F0400000000001AEE0300D04F0400E2
S2140444700000000000000000000000000000000033
S2140444809044040080F9030093E60300FE00000055
S21404449099F90300905004000000000086B303005E
S2140444A08050040000000000A2F9030070500400CD
S2140444B0000000007BF90300C04F04000000000069
S2140444C0A7F90300B04F040000000000B4F903008D
S2140444D07C45040000000000C2F9030048450400BF
S2140444E000000000D0F903000845040000000000A6
S2140444F0E8F70300784C0400000000000000000009
S214044500000000000000000018450400D9F903006C
S21404451093E60300FE000000BB2F04006050040076
S21404452000000000CC2F04005050040000000000DF
S214044530B7C703004050040000000000000000005D
S214044540000000000000000058450400F7F90300CE
S21404455093E60300FE00000021FA0300B0500400B6
S21404456000000000A2E80300A050040000000000C1
S2140445700000000000000000000000008C4504005D
S21404458028FA030093E60300FE0000003FA203009F
S214044590E45004000000000061D80300D450040076
S2140445A0000000000BFE0300C050040000000000E2
S2140445B0000000000000000000000000CC450400DD
S2140445C048FA030093E60300FE0000003FA203003F
S2140445D0145104000000000068FA030004510400AB
S2140445E00000000061D80300F4500400000000003E
S2140445F00000000000000000000000000C4604005C
S2140446006FFA030093E60300FE00000089FA030035
S214044610485204000000000051B803003852040059
S21404462000000000BCFA030028520400000000004A
S214044630799F030018520400000000008A9F0300BC
S21404464008520400000000008EFA0300F85104002B
S21404465000000000A6FA0300E85104000000000071
S214044660AFFA0300D851040000000000B6FA0300B5
S214044670C851040000000000C2FA03009851040068
S214044680000000000BFE0300885104000000000038
S214044690D1FA0300785104000000000076C8030035
S2140446A06851040000000000D6FA030058510400C4
S2140446B000000000EDFA030048510400000000006A
S2140446C001FB0300345104000000000011FB03004A
S2140446D0245104000000000020FB0300F046040000
S2140446E000000000000000000000000000000000C1
S2140446F00047040025FB030093E60300FE000000C9
S2140447003CFB0300B85104000000000045FB030016
S214044710A851040000000000000000000000000093
S214044720000000003447040093E6030093E6030009
S214044730FE0000004CFB0300B84D0400000000001F
S21404474059FB0300FC4B04000000000062FB03005E
S2140447503C4B04000000000075FB0300084B0400FB
S2140447600000000083FB0300D44A0400000000009D
S21404477091FB0300A04A0400000000009FFB030016
S214044780084A040000000000B0FB0300E0490400EF
S21404479000000000BDFB03004049040000000000C8
S2140447A0C8FB0300E848040000000000DBFB03002D
S2140447B0C0480400000000006DDB03005C480400F1
S2140447C000000000EEFB03001C480400000000008C
S2140447D0F9FB0300E84704000000000000000000A6
S2140447E00000000000000000F84704000CFC030072
S2140447F093E60300FE00000030FC03006852040049
S2140448000000000036FC03005852040000000000BC
S2140448100000000000000000000000002C48040017
S2140448203AFC030093E60300FE00000073B803009E
S21404483098520400000000006CFC03008852040038
S2140448400000000078FC030078520400000000001A
S2140448500000000000000000000000006C48040097
S2140448608EFC030093E60300FE0000003FA2030054
S214044870FC5204000000000061D80300EC5204005F
S2140448800000000067D80300DC52040000000000AB
S21404489003B70300C852040000000000AAFC03008B
S2140448A0B852040000000000C1FC0300A852040033
S2140448B000000000000000000000000000000000EF
S2140448C0D0480400CDFC030093E60300FE0000007D
S2140448D0F2FC03000C53040000000000000000007B
S2140448E00000000000000000F8480400F7FC030085
S2140448F093E60300FE0000001BFD03005C53040067
S2140449000000000068FA03004C5304000000000096
S21404491027FD03003C530400000000002EFD0300A6
S2140449202C530400000000003BFD03001C5304004D
S214044930000000000000000000000000000000006E
S2140449405049040046FD030093E60300FE00000001
S214044950B4FB03000C5404000000000063FD0300D5
S214044960FC5304000000000008C00300EC530400DD
S2140449700000000036CF0300DC53040000000000F3
S2140449801BFB0300CC5304000000000073B80300B4
S214044990BC530400000000006AFD0300AC5304008E
S2140449A00000000075FD03009C5304000000000096
S2140449B082FD03008C5304000000000092FD0300F7
S2140449C07C53040000000000A5FD03006C530400A3
S2140449D000000000000000000000000000000000CE
S2140449E0F0490400B7FD030093E60300FE00000050
S2140449F008C003001C54040000000000000000006F
S214044A000000000000000000184A0400D5FD030062
S214044A1093E60300FE00000073B803008C54040001
S214044A200000000036CF03007C54040000000000A1
S214044A301BFB03006C54040000000000F8FD030098
S214044A405C5404000000000024F90300604A0400DB
S214044A50000000000000000000000000000000004D
S214044A60704A04000FFE030093E60300FE000000F5
S214044A700BFE03004C5404000000000003B70300C0
S214044A803C5404000000000025FE03002C540400DF
S214044A90000000000000000000000000000000000D
S214044AA0B04A04002EFE030093E60300FE00000056
S214044AB03FA20300AC5404000000000061D80300C9
S214044AC09C540400000000000000000000000000E9
S214044AD000000000E44A04004EFE030093E60300D0
S214044AE0FE0000006EFE0300CC540400000000002C
S214044AF081FE0300BC540400000000000000000017
S214044B000000000000000000184B040097FE03009D
S214044B1093E60300FE000000B7FE0300EC54040016
S214044B200000000086B30300DC540400000000000C
S214044B300000000000000000000000004C4B0400D1
S214044B40C1FE030093E60300FE00000073B80300F2
S214044B501C55040000000000E6FE03000C5504008B
S214044B6000000000FEFE0300FC54040000000000E9
S214044B700000000000000000000000008C4B040051
S214044B8093E6030093E60300FE0000000FFF030015
S214044B90A44B040000000000000000000000000019
S214044BA000000000B44B040093E6030093E6030001
S214044BB0FE0000001BFF03006C550400000000000C
S214044BC00BEE03005C5504000000000021FF030008
S214044BD04C5504000000000025FF03003C5504006B
S214044BE00000000029FF03002C550400000000000C
S214044BF00000000000000000000000000C4C040050
S214044C0039FF030093E60300FE0000003FA2030002
S214044C10EC5504000000000054FF0300DC550400BB
S214044C200000000067FF0300CC55040000000000ED
S214044C3061D80300BC5504000000000074FF0300A4
S214044C40AC5504000000000085FF03009C550400DA
S214044C500000000093FF03008C55040000000000D1
S214044C60A4FF03007C5504000000000000000000C0
S214044C700000000000000000884C0400B1FF0300A0
S214044C8093E60300FE000000CBFF03001050040070
S214044C9000000000FEFF03000050040000000000B7
S214044CA039000400F04F0400000000005000040027
S214044CB0044D0400000000005A000400D04C040018
S214044CC000000000000000000000000000000000DB
S214044CD0E04C04005E00040093E60300FE000000BF
S214044CE0BB2F04003050040000000000CC2F04004A
S214044CF02050040000000000000000000000000037
S214044D0000000000144D04007D00040093E6030038
S214044D10FE0000009EB303000C56040000000000D2
S214044D200BFE0300FC550400000000000000000019
S214044D300000000000000000484D0400900004003D
S214044D4093E60300FE0000003FA203004C56040056
S214044D500000000021FA03003C5604000000000096
S214044D60A2E803002C560400000000000000000027
S214044D700000000000000000884D0400AB000400A2
S214044D8093E60300FE0000003BFD030064570400A6
S214044D900000000073B8030054570400000000002D
S214044DA008C0030044570400000000000000000090
S214044DB00000000000000000C84D0400CB00040002
S214044DC093E60300FE000000E9000400B457040064
S214044DD000000000F3000400A457040000000000D4
S214044DE0FE000400945704000000000089DC030061
S214044DF084570400000000000D01040074570400EA
S214044E000000000000000000000000000000000099
S214044E108F0F03001801040093E60300FF00000050
S214044E208B0F03002501040093E60300FF00000037
S214044E3025DD00003701040093E60300FF000000B0
S214044E40C1DC0000640104002C09040001FF00001A
S214044E5025DD0000A401040093E60300FF00000023
S214044E60C1DC0000D20104002C09040001FF00008C
S214044E7059DD0000130204003402040000FF0000A1
S214044E8059DD00003D0204009A0204000000FF0001
S214044E90D5DD0000A8020400C1020400010001FFE1
S214044EA041DE0000E6020400280304000102FF00BD
S214044EB0D5DD00003E0304006D030400010001027A
S214044EC0FF00000051DB00009E030400DA03040028
S214044ED007FF000071DB0000E00304001304040075
S214044EE001FF000085DB00001B0404006B040400C3
S214044EF00100FF00E1DB000080040400D10404008C
S214044F000101FF00B5DB0000E10404001B050400FA
S214044F1001FF000035DC0000230504006C050400D6
S214044F20010000010707FF0071DE0000BE05040053
S214044F301304040001FF000071DF000006060400ED
S214044F404A060400010700010700FF00ED0F0300F6
S214044F509F060400E50604000107000101FF0000A7
S214044F60F9DE0000210704005C070400010000FFCE
S214044F70C9DE00007A070400BE0704000100FF0033
S214044F8099DE0000D1070400BE0704000100FF00FC
S214044F9041DF0000100804001B05040001FF0000A8
S214044FA0B1DF00004B0804007C0804000100FF0089
S214044FB0E1C8000093E603008A080400000707FF20
S214044FC085C8000093E60300A3080400000707FF53
S214044FD091CD000093E60300AF08040007FF00002D
S214044FE091CD000093E60300AF08040007FF00001D
S214044FF03F0F030093E60300B40804000000FF001C
S2140450006DCD000093E603009DDF030001FF000062
S21404501035CD000093E60300EC08040000FF000012
S21404502065C8000093E6030093E60300FF00000053
S21404503065C8000093E6030093E60300FF00000043
S214045040150F030093E6030093E60300FF00000039
S214045050150F030093E6030093E60300FF00000029
S214045060150F030093E6030093E60300FF00000019
S21404507035C8000093E60300220904000101FF007E
S21404508021C8000093E603003709040001FF00006E
S214045090110F030093E6030093E60300FF000000ED
S2140450A0E9C70000FFF9030093E60300FF000000D1
S2140450B0E9C700004109040093E60300FF0000006E
S2140450C069C90000620904007909040000010000AF
S2140450D007FF00000D0F03009F09040093E603007A
S2140450E0FF000000E5C60000B909040093E60300CB
S2140450F0FF000000870F0300E709040093E603009F
S214045100FF000000790F0300010A0400830804006E
S21404511000FF000065D00000260A040093E60300A2
S214045120FF000000B9C50000400A040093E603002F
S214045130FF0000004DC50000630A0400E00A0400F6
S21404514000000310FF00000029C60000350B040011
S214045150A30B040001FF0000FDC50000B80B04000B
S214045160FB0B040000FF000011C500000C0C04003B
S21404517093E60300FF0000000B0F03003B0C040043
S21404518093E60300FF000000EDC40000870C040053
S2140451908308040000FF0000B9C40000C80D040022
S2140451A01D0E040000FF00009DC40000370E04001E
S2140451B093E60300FF00000081C40000470E0400CD
S2140451C093E60300FF000000FB0E03005B0E0400E2
S2140451D0D90E040000FF000051C40000640F040050
S2140451E093E60300FF0000000DC40000810F0400D6
S2140451F0AC0F040007FF0000CDC30000B60F040088
S2140452000F100400000500FF85C30000C210040050
S214045210D51004000002FF0061C30000041104005E
S21404522093E60300FF000000FB0E030016110400C3
S2140452305011040000FF0000F5C20000D61104005F
S2140452401C120400000301FFE5C20000BC120400A7
S21404525002130400000301FF753E0100A2130400BC
S21404526093E60300FF000000951B0300CA13040026
S2140452704514040002FF000091E300009A140400A1
S214045280330B040000FF00005DE30000C2140400BA
S214045290330B040000FF00000DE30000DB140400E1
S2140452A093E60300FF00000081300100F4140400BC
S2140452B093E60300FF000000593001004115040086
S2140452C093E60300FF000000E52F01006C150400C0
S2140452D09215040000010100010102FFBD2F010028
S2140452E0111704003917040000FF00009D2F010069
S2140452F06017040093E60300FF000000E52E01009B
S2140453008A17040093E60300FF000000671A0300F0
S214045310A317040093E60300FF000000B523010072
S214045320C9170400FA1704000002FF00C918030096
S2140453305718040093E60300FF000000C518030096
S2140453408418040093E60300FF00000069230100AC
S2140453509F180400C918040000FF0000292101005A
S214045360F918040093E60300FF000000A50C0100F2
S2140453700C19040093E60300FF0000008D0C0100E6
S2140453802419040093E60300FF00000041180300FC
S2140453903D19040093E60300FF0000002D180300E7
S2140453A06A190400E419040000FF00003520010017
S2140453B0231A040093E60300FF000000251F0100E3
S2140453C09B1A040093E60300FF000000490B01004B
S2140453D0DF1A040093E60300FF0000002D0B010013
S2140453E0FC1A040093E60300FF000000A50B01006E
S2140453F0A71B040093E60300FF000000990B0100BE
S214045400351C04007A1C040000FF0000650B010034
S214045410B11C0400021D040000FF000091090100F5
S214045420351D040093E60300FF00000029FE00007B
S214045430611D0400CA1D04000000FF0029FE0000D0
S2140454401F1E0400811E04000000FF00C9FE0000A9
S214045450C61E0400F91E04000002FF009B1703008A
S2140454604E1F04009C1F040007FF0000FDFF000001
S214045470B81F040093E60300FF00000011FE0000BE
S214045480DC1F04000120040000FF00001DFF0000D4
S2140454905A20040093E60300FF000000E1F7000032
S2140454A09720040093E60300FF000000A9F700001D
S2140454B0C120040093E60300FF00000073160300F7
S2140454C0FC2004006B21040000FF000005F100002E
S2140454D0BC2104003B22040000FF00006516030004
S2140454E081220400D322040000FF000045160300B6
S2140454F01A2304006723040000FF0000D9E9000013
S214045500B1230400E723040003FF000011EA0000AF
S214045510222404006824040003FF0000C1E80000FD
S214045520BE24040093E60300FF000000D115030028
S214045530EE2404002C25040000FF0000CB15030015
S2140455403C2504002C25040000FF0000C5150300BC
S214045550632504002C25040000FF0000BF1503008B
S2140455608A2504002C25040000FF0000B91503005A
S214045570B22504002C25040000FF00009515030046
S214045580DB25040093E60300FF0000009B150300E0
S214045590FD25040093E60300FF00000011E600006A
S2140455A0252604005E2604000001FF003DE60000F8
S2140455B07F26040093E60300FF000000971503000F
S2140455C0AA26040093E60300FF000000F9E50000A5
S2140455D0C526040093E60300FF000000B5E50000BE
S2140455E0E02604000D27040000FF00009DE50000EF
S2140455F02827040093E60300FF000000E5CD000022
S2140456005327040093E60300FF000000E5CD0000E6
S2140456107A27040093E60300FF000000D5C20000CA
S2140456208B27040093E60300FF000000A1C20000DD
S214045630A0270400C727040000FF0000A1C2000042
S214045640D7270400C727040000FF000039C2000063
S214045650FE27040093E60300FF000000F30E030099
S2140456601928040093E60300FF00000095BE00001E
S2140456703C280400A628040000FF000075BE0000B5
S214045680C928040093E60300FF0000005DDA00006A
S2140456902F2A0400BC2A0400010000FF41D90000A0
S2140456A0D92A04002D2B040000FF000075D9000041
S2140456B0422B0400942B04000100FF00E1D80000F4
S2140456C0AA2B0400972C04000107FF00F70E030022
S2140456D0A72C040093E60300FF00000041D200005C
S2140456E0B82C0400CA2C0400000101000007FF00C7
S2140456F039D10000052D0400162D04000001010018
S214045700FF00000075D90000652D0400762D040006
S214045710010000FFB1D00000652D0400A82D040090
S21404572000FF000015710100B92D040093E6030084
S214045730FF000000C9BE0000052E040093E6030027
S214045740FF000000F53B030093E6030093E6030026
S214045750FF000000DD7E010093E6030093E60300ED
S214045760FF000000A17E010093E603004A2E040019
S21404577002FF00004D860100522E040093E603004B
S214045780FF000000D98501007E2E0400A12E04002F
S2140457900200FF00773C0300CA2E040093E60300D1
S2140457A0FF000000B5850100EC2E04000A2F04005B
S2140457B002FF00008D8501001F2F04000A2F04003D
S2140457C002FF000001000000004700200000000067
S2140457D000000000FFFF0000751503000000000035
S2140457E003000000FFFF0100531603000000000042
S2140457F004000000FFFF0100E116030000000000A3
S21404580004000000FFFF000065170300000000000E
S21404581006000000FFFF0000D7170300000000008A
S21404582019000000FFFF01006D18030025FF0300A8
S21404583010620020000000000000000000000000CD
S21404584000000000762F0400B0580400000000009A
S2140458507C2F0400C839040000000000832F0400D5
S214045860983B040000000000BCFC0300883B0400D6
S214045870000000008C2F0400783B040000000000A9
S2140458809E2F0400683B040000000000AD2F0400B7
S214045890583B040000000000BE2F0400483B0400F0
S2140458A000000000000000000000000000000000EF
S2140458B0C0580400D02F040093E60300FE00000046
S2140458C0EB2F0400D858040000000000000000007D
S2140458D0000000000000000089400300F02F0400D0
S2140458E093E60300FF03010001013F040201003FA9
S2140458F0040202003D040202003D0401020001020B
S2140459000003010002023D0402010002020201003B
S214045910020200000020202020202020202028280A
S2140459202828282020202020202020202020202056
S2140459302020202020881010101010101010101096
S21404594010101010100404040404040404040410C6
S2140459501010101010104141414141410101010154
S214045960010101010101010101010101010101011E
S214045970101010101010424242424242020202022A
S21404598002020202020202020202020202020202EE
S214045990101010102000000000000000000000009E
S2140459A000000000000000000000000000000000EE
S2140459B000000000000000000000000000000000DE
S2140459C000000000000000000000000000000000CE
S2140459D000000000000000000000000000000000BE
S2140459E000000000000000000000000000000000AE
S2140459F0000000000000000000000000000000009E
S214045A00000000000000000000000000000000008D
S214045A10000000000000000000000000A0010000DC
S214045A2080130020000210009C4B0020201500204C
S214045A300000020800000000FFFFFFFFFFFFFFFF5B
S214045A40FFFFFFFF00000000000000000000000051
S214045A50000000000000000000000000200000001D
S214045A6025B201001000000005B30100000000018B
S214045A70000001010001010120C001B8000000007F
S214045A8000000000FFFFFFFFFFFFFFFFFFFFFFFF19
S214045A90FFFFFFFFFFFFFFFFFFFFFFFFFFFFFFFF0D
S214045AA0FFFFFFFF000102020303040506080C0CB7
S214045AB00C00010203040707C8C8C8C8C8C8C8C879
S214045AC0C8C8C8C8030404080808080800B801B809
S214045AD002B800B0B8760400A076040003040408F4
S214045AE008050000000000000000000000000000A0
S214045AF000000000EA06000048704C0F44700E0ECA
S214045B0030707E1302989A173870340F34705A0F18
S214045B10307048102C7048102870D0112470E8118A
S214045B2020703E0F1C70901218700C1314703A0FED
S214045B30B110086001D80A7104B87F78020C7E7828
S214045B40641000C6881F00A01DB8707803B01860E3
S214045B500F3027B30F330111C04806987C0229B0D2
S214045B60086001D8087109DD047109BB11101660BC
S214045B70A048086004100112FF3221500860D04883
S214045B80086000880698381400C4441F00A000BAB1
S214045B9003DF107109DF0672029836031DB85078C9
S214045BA000A04413281441158110086002D814710B
S214045BB010880698201900C014C000B80698861BE2
S214045BC00091069892020160B83020D806711EBC77
S214045BD0637C784D5412F03240DE0472404804DB95
S214045BE008720DDD0C72044BEF3014480698F2046C
S214045BF000C4E04000544412086201322140087C8C
S214045C00811140D91C72B1123032CF4A013AB1DA4E
S214045C10107208D8067104D80871804C237C56701C
S214045C20684C441200C4A41E00A04414413AF32451
S214045C300164415C412A047580B800C46040005485
S214045C4081D8367140D90472237C084B0698F20436
S214045C5004BA1CB9767900C1204001B835797F2191
S214045C606121007906B906A901D8067102981002C6
S214045C70804C307C0298640208D86A7100C1544093
S214045C8000B8141110D95E71584C441280BDA26D30
S214045C90FF25784C4412FC22513A2814104C00C2BA
S214045CA00CC101B8241228140862281408622814A7
S214045CB008622814304C304C00C11C4000B8141143
S214045CC01814086100C5284001B85415FF3504713E
S214045CD010491814B04C4412086201320671029836
S214045CE00401804C08D80C7107BA24D8047106BA8B
S214045CF0187004D80C7101BA40D80E7102BA0A7032
S214045D0005BA20D8047203BA204C4411C04C1814A7
S214045D10086118149111383111429111186110D983
S214045D200472EF3200C1084001B8141110311E612C
S214045D3011422814A1110861181406986C1B181433
S214045D4000C1084001B814111861FF31181400C1CD
S214045D50448001B8141118140861181430880248D5
S214045D6006989403009308DB047101F800A027B09A
S214045D700F3000A01088B111186180D90A7100C1D3
S214045D80884000B80811009100A000C4684000B81C
S214045D90441000A000C08840005004118261041022
S214045DA082601050F07200A0541550451271069887
S214045DB002050698920407B8707802B841781EBAAD
S214045DC05B7A5C7A5D7A00C220C001B82412069819
S214045DD02A1900C5481F00A05415511400C3FF011A
S214045DE00000313D09647F3406989C02015851280E
S214045DF00475015841280E758111086102D9047290
S214045E00FF0FCC7007B8727800F8EBBD00C0441FD3
S214045E1000A00411113D10D91271FF33186300C19C
S214045E20781002B8381107B97479581000A006988B
S214045E3092020D300472044809DC0472084800C15A
S214045E401CC101B8141100C3D01E00A0911504355E
S214045E501A7218131CBB08D804716C7B04D804711E
S214045E606A7B1DBB2F7C5B7B1670044B18131CBB14
S214045E7008D804716F7B04D804716D7B217C0C30C8
S214045E80026006987E040698C40B00B8B111186127
S214045E9040D906720298580401BC00C2084001B8F2
S214045EA000DC0A7124150265604A0A702C4A24151F
S214045EB008654C4A043508D90471202400C13C1FE7
S214045EC000A0141200DC327120D8067101B80C70E0
S214045ED0F0DA0C720CDB087102B8069886044824C3
S214045EE000C3384101B834138F7B0E7102B9911385
S214045EF008DB047203B928707C4914111110FD30B4
S214045F000DDC1C7200C0A01E00A0041080D8107106
S214045F1000C0448001B80410E5200475804900C31D
S214045F20884000B8FFB801201141087101411813D8
S214045F300824014200C1284000B8141101411C6520
S214045F405141911520351E655141181328134813E5
S214045F5000C3844000B8341003D81671073005DC3B
S214045F601071B1108F780A7200C384C40350217B69
S214045F701DB8507800B800C13C1F00A014121C6065
S214045F802150F0300152281100A04024076400C0BC
S214045F90FFFF0100013C17B0022001584028067597
S214045FA018AC01EC00A0208800C020C001B8041280
S214045FB017B4211304123052F8711964402400C334
S214045FC05C1F00A0341014110698F60D1961009297
S214045FD011592129067600BB11590698D60D8762F9
S214045FE0313B0472215A412A00A000C2686000B8FE
S214045FF0B8B91F610D49181200A0308801B91161A3
S21404600000C30000C0FF3110312800BC002D0C7501
S214046010115418AC01EC312DF47019645113415528
S214046020312C009300A000C3C00FFEFF50B2313ADB
S214046030014250AA00A006983E07FFB08678087171
S2140460405CB86B786E7800C2548001B800C0D81F64
S21404605000A004100812B822217A237A52B8417894
S21404606001B80C6021A809B819604CA800C0FFD17B
S214046070C1FF4FB2013A00C0002E300001424FAAC1
S21404608024B86E78ACB9FFB004D804714CB923A90F
S2140460900698A80500C01390010006982E0500A0D7
S2140460A00698020519B81460FFB28C620F32826A31
S2140460B0214006982E0549BC21B952B849B207DEDC
S2140460C02A7105DE0871627C607C1D0C6179677834
S2140460D064786B786278657863786078617C010CA4
S2140460E0010C6878020C69786C78020C00C22C806B
S2140460F001B8277A287A267A6A78050C41790A0C38
S214046100B11040D806710298BA06784A2B7A327AC9
S214046110584A247A00C400011100404A00C0108482
S21404612000000812508800C584100100FBAD10BDA5
S21404613001BB8A6B21B9FAA9C44A1812217A227AB9
S21404614000C0341F00A00410FCA882644110303044
S2140461500129F9A9F8ADFBB08260FBA80330A0655D
S2140461602110044820EC237A0410037A184A2411D8
S214046170DC4A01580029241004753150F8B1115036
S21404618081632A71514031400812FCB18461FCA934
S2140461900F310E7117B0112817B111591028FA765D
S2140461A0C44AF9B11812217A227AA070009508120E
S2140461B0F8A800C20C8001B8207A844A00B80812F5
S2140461C0020CA44A087A020C21B84178784A0B7A61
S2140461D0127A00C2C81F00A0FFB008D80472184A7A
S2140461E0241000DC0A7140A80422241041A8069852
S2140461F09C0200C2481F00A02410015100C4FF01E5
S214046200000041391150081200A006983E0700BC51
S21404621000C20C8001B8217A52B84978020C48783A
S214046220020C49B8417852AC21AC204A087A067A66
S214046230077A49AC00A059B840785AB101D9FC7223
S214046240427857B8407858B101D9FC72427800A019
S21404625000C20C8001B8217A227A21B8547852B848
S214046260BC4A24119979127107B915614CA9617851
S21404627000BB03BC0C64147009B919614CA94178BD
S21404628001BB126300C4002E300000C0FFD1C1FF62
S2140462904FB1013941414FA9E44AC8B8081224ABAA
S2140462A04CB823A80698A80500C004900100FFB1C6
S2140462B086790471084806982E0500C080090040B7
S2140462C040A809B8FFB108D9047103B853A8B1109F
S2140462D004D80C7156BB607B57BA627A607A02D8CF
S2140462E00C7156BB607B59BA627A607A04B86E78D1
S2140462F03DB8607800C05638000000C1B08001B8D0
S21404630014119979087200C0D604000000C124C094
S21404631000B814119F79047208484CA82EB8FFB12F
S21404632008D906714AA804704BA80FB834A800C050
S2140463300C5E000046B2014246AA00C12C4001B8D9
S214046340141108610631087100B9069850110698B0
S2140463503E14B11101D90E710698921B02D9067229
S2140463600698A00C069838145114069892040698B9
S2140463702A110698641700A006984E1701D80A71C9
S2140463801CB85B7807B8757800B84CA84AA84BA820
S21404639000C0F321FFFF46B1013946A904B86F785F
S2140463A000A0FABC1964415C512C00C0581F00A020
S2140463B00410012C0675069892040698780FB110FE
S2140463C0186005D8327140BA06980E1404B8657879
S2140463D0911004D816711CB86E7800C0684000B8D6
S2140463E021780698781101400A721DB842780698FA
S2140463F04A1402985E0B1DB8717804B86C7841B8DC
S214046400427863784478FFB104D906720298CA09C0
S21404641000C004900100FFB186790471084806980C
S2140464202E0500C32C1F00A000C274C000B824149C
S214046430481300BC48121C4B1C4A2414481300BCC6
S2140464404812084B584A2414481301BC48124ABA46
S214046450447A427A4BBA447A427AFFB08678047217
S214046460617A4CBA647A657A3DBA607A4DB942B8B4
S2140464703FBB5B7966796179020C6479050C6379B4
S2140464806079050C627965795A7900C2340102B8DC
S214046490241305B819603140081242B86A78020C11
S2140464A04A78020C40BCFFB208DA06714ABA067093
S2140464B04BBA627A657A677A667A6A79667B0298F4
S2140464C0A40A00C32C1F00A000C274C000B8241481
S2140464D048131C4B1C4A241448133FBC48121C4A3D
S2140464E000BC4812084B444A2414481301BC481202
S2140464F04ABA647A627A4BBA647A627AFFB3867B63
S2140465000472617A4CBA647A657A3DBA607A01D9C3
S2140465104E71647800C1708001B800C08000080025
S21404652008110698860B42B861784DB97F797E7952
S2140465306A7868786278020C7B790F0C7A79140C86
S2140465407479417860787579050CFFB208DA0671BB
S2140465504AB804704BB8657801BC1664407002D91A
S2140465603C710698860B42B84DB9687840784178F5
S2140465707F797E797B790F0C7A79140CFFB208DA6E
S214046580087171794ABA067070794BBA7279657A6D
S2140465906A78020C4A78050C01BC1664020C417930
S2140465A040790C0C00C04C0102B848100698F2045E
S2140465B000C4784000B8007C00C0A01E00A00411EF
S2140465C080D93271911104D92C727F2021200411B4
S2140465D0FD310DDD207200C0448001B80411E521B0
S2140465E0147600C0244001B804118A790871207C0E
S2140465F0104C207C2AB86278511400C0581F00A0A2
S2140466000410012C17B001118768015841280E7632
S21404661005218769415C412D112D06700698920468
S21404662042B84DBB7C7B6478020C29B86878511458
S214046630404406750698920442B844782AB84278CC
S214046640FFB101D90C7100C1548001B8CBB8081150
S214046650911004D8147100C0A01E00A0041080D8A5
S214046660067107B8537800F807B800C1CC1E00A01E
S21404667000C220C001B824122811777800F8B1109F
S2140466809478387106989C02E4B911591128067654
S21404669000B80C70A0B9115901290475A0B882601D
S2140466A000C3C01F00A03413012B341000C3FFFF27
S2140466B000FF42B13139114042A800A01DB09178C4
S2140466C0FA7142B86478020C00BA29AA00C454804D
S2140466D001B842B84DB900C3C04001B83413977B23
S2140466E0047240EC020C44785C7953AA0A0C281411
S2140466F042B84DB9FFB301DB2671244C00C3FF0F2B
S214046700FF0138145479407841785579020C5B7946
S2140467105A79140C5F795E794A784278347002DBD1
S2140467201471527951795079020C5B795A795F79F0
S2140467305E791E7004DB1A7100C4FF07000000C3F4
S214046740342102B848133FBB467B020C5B795A7966
S2140467503DBB407B4CBB447B457B00C3301F00A045
S2140467603414403C207100C068C000B84810281398
S2140467701C4B1C48341448102813144B4448341437
S214046780481028134AAA4BAA04B86D781DB8517845
S2140467905CB84B784E7800A000C074C000B80411F2
S2140467A0108800B9181068480411108801B90B61E4
S2140467B018102C4804111088008800C1231C0000FF
S2140467C018104AB864784BB86478260C28B000C110
S2140467D0FFFF0FF0113871B90B61114028A828B9D2
S2140467E07379747900C21010303045AA54790E0CAF
S2140467F000C0E84001B8041100C23030101045AAA9
S2140468000E0C0410008810880698620D0091009003
S21404681020888F618F600698620D0090886A2140F8
S2140468200112906A035800C13F3F00001138FFBCB4
S214046830022441281138014245AA28B953794AB896
S21404684044784BB8447800900091181000912C4876
S214046850181000916848181000A091684360916968
S2140468604361115B012B112841603128315B00BA6A
S214046870302806763128204A4163302806763128A7
S214046880104A4163302806763128084A4163302886
S21404689006763128044A4163302806763128024AAF
S2140468A0416330280476014A00A0115910D90671B4
S2140468B00860086008D90471086004D9047104608B
S2140468C002D90471026001D90471016000A000BA03
S2140468D001D806710148112A1F61016001D8F672B9
S2140468E00138F67200A000C220C001B82412115963
S2140468F02129127300210E7100C238C001B8241277
S2140469000121212900A002B020D8147100C0B01EB5
S21404691000A0041002B9457906987613EA7003B00D
S2140469209F78087200B806A800F806983E0700C5C7
S214046930641F00A05088044D1CBC00C0B41E00A0F8
S214046940811101D91E71407C009501150C4D5088AB
S214046950044DFFBB1863315B04110698EE0D312914
S214046960F8750698681A54150698921B01D9087289
S2140469700698580706700698F4071CBB547B0698BE
S2140469804E1701D8067202981A0FFFB90121103863
S214046990F67281129B7AF07100C2448001B8241406
S2140469A000C0C01E00A004100113002004104050B4
S2140469B00C7200B90698280F18B90A7018B9069808
S2140469C0280F00B900B806981E0F704A08B8069833
S2140469D01E0F00C2284000B814B806981E0F00C246
S2140469E0EC4001B80CB806981E0F202210B8069882
S2140469F01E0F108830880698580700930091069852
S214046A00280F00C0C41E00A00412FFB901212141B2
S214046A101810009500F8312811280410081200A058
S214046A2004B831281128F8B1181000A00698800878
S214046A300E700698C40B069880080698721206987C
S214046A4012079112211900C02C4001B80A7809785F
S214046A5000F810B901BA0698041406982A11069884
S214046A60641700C5641F00A081109D78FC7200F8AE
S214046A70911203321CB900C3A01E00A0341300C434
S214046A80B04000541DB84278707903DE067144782D
S214046A903A707179A11020D806710298541080DBE0
S214046AA01C7102D8187205B80814A11010300248D8
S214046AB0081400B808149110086008141DB8627809
S214046AC0A11000DC0676517900BA06984E1701D854
S214046AD02272911120311D61911004D80E7200C1EA
S214046AE0501F00A0141101D90A712088069850116D
S214046AF0009200C1204000B801DB1871084C03DE88
S214046B000471904C441400C3FF1F0000413BFF2354
S214046B103811944900C3384101B83413086380DB44
S214046B200C7103BA186206983C100870186206982E
S214046B303C100C490879097914102140081100A06A
S214046B4000BD0698760210B903DC047100B901BAD8
S214046B500698041402D9067100404E7203B11861F7
S214046B600F3106987811FFD82872811008D818714A
S214046B7006DD0A710698760203DC0C720698BC11D0
S214046B8006984A140C7006DD10710698C2114870F7
S214046B9020B804A806DD1072069880080698120726
S214046BA001F840B804A800F800C0A01E00A0041312
S214046BB0086301DB227191100111186111381DB9A7
S214046BC010D8087144790298541002DBFA72A113A3
S214046BD028DBF47203BD06981E11069880081DBAB9
S214046BE07F7A0698F20400C5681F00A0069876020D
S214046BF000BA03DC1672044DA11002D804711C4DB1
S214046C0000C10CC101B80698AE045415212D06988F
S214046C103E050298AA0891100155033551500119F2
S214046C2000A000C14C1F00A0141001D842710148F6
S214046C300860FE200E75811020D8087100C1501F10
S214046C4000A0141101D9287100C02C4001B8041208
S214046C50215108610F3118611152281000C00840F4
S214046C6001B804119112215120311152211900A0AA
S214046C70811380DB067201B800A000C314C001B8FB
S214046C80341006302E726C4B34121C4B34101860C1
S214046C9002302072811080D8DE713410014A0862F6
S214046CA00460803021508C480A717F234D233410B1
S214046CB0013000A000BD06981E111CB84778457820
S214046CC0437802B8447800A0069880080698BC1159
S214046CD000C5741F00A0541506983E050298AA081D
S214046CE0B1138F7B0A7200C384C40350017B0698D9
S214046CF03E1400C1384101B814118F790E7100C1D9
S214046D00B84000B800BA06983C1050BA06980E145C
S214046D1006987811FFD84A71911004D848728110E9
S214046D2008601CD8407220D938721112FF322151E3
S214046D30347180218021111400C0D81E00A00413D1
S214046D40FFBA3151113A215111531DB938107B79CC
S214046D5040440E7200B900C2AC1E00A018120670A1
S214046D6004B860780698381400F800B900C2A44045
S214046D7000541812644A0AB918121CBA507A517A86
S214046D801DB942795F7900A00698760207DC107276
S214046D90911000200A75069872120298660F0698DB
S214046DA0120701B9911004D8047100B910BA0698F4
S214046DB0041400BA0040347100C0A01E00A00411E0
S214046DC0086101D9127104D9E2728110086001D8F1
S214046DD0DA711DB8647800C11CC101B80698AE0407
S214046DE001B81160002A047600BA00C5781F00A016
S214046DF05415212D069872120698580700C57C1F54
S214046E0000A000F800BC811108D9167280D920723F
S214046E1001B910BA0698041400400E7101BC107033
S214046E200698BC1106984A1420B804A800F80698D8
S214046E30721281110231127100B900C2144000545A
S214046E401812244A02B918120698BC1100C5801FED
S214046E5000A054150698F01A0298AA0804110121F5
S214046E6014711CBA737A0420041228110420041125
S214046E700121F47200A00698F20401F806984E1751
S214046E8001D81671FFB9012110380E7281109B7853
S214046E90087104B9677900F8911010D8287100C5F4
S214046EA01CC101B854110698EE0D00C5C81E00A0FA
S214046EB054155129EA7507B876781DB8447801B890
S214046EC004A800F8B110186010D82E7100C0504005
S214046ED0005400C3084000B83114984C44113411CF
S214046EE0086101D9FA714412281008622810086251
S214046EF0281008622810E8700298B00206989202D9
S214046F00113804721E6202BB00C1D81E00A0141100
S214046F1020390C72911210DA0672417B00A0069892
S214046F203E1400C2A01E00A0241220DA0472617B64
S214046F301CBA527A00A01CBA727A811204DAFC7265
S214046F4000A01CB86B7800C0684000B82F7800A07A
S214046F5006984E1701D83A7100C22C4001B8241086
S214046F600360911120310151383111501D6008120F
S214046F701DB9457900C2448001B8241200C0C01E61
S214046F8000A0041018200020041020500471657915
S214046F9010631EB9637900B902EC00CD114502EC0A
S214046FA000CC01DB087100BB0298D61803B8411167
S214046FB00731FA211C760621911210DA087102DDD7
S214046FC010721E7020B80698B20D3038147208B8C5
S214046FD006987E0400C02C4000B82978207800F873
S214046FE0056020D8067102980C1602EC00CA05B893
S214046FF023DA187104DBDA7120DAD67110DAD27269
S2140470001EB8617800B801DA067202EC00C8911165
S21404701010D9267100C1B81E00A014111150FF30FB
S2140470200C720761A110115002300A7180DB0A72DB
S2140470300AB89E701DB97C7918609111114021110F
S214047040C031114001191EB8411108D9047166787F
S21404705020D904726578A11002D80672C0DA1E71AF
S2140470601EB8273123DD087210DB1072607825DD28
S2140470700A7121DD087208DB0471627803B84111D5
S21404708007310872A1152035AA7102DD2072A111FC
S21404709020D9A07102D91672CCDA9872411140D95F
S2140470A0927206B8054D5A720298AE1421114049E0
S2140470B0C0D94C71A0314115403502655141046177
S2140470C0086308DA1E7204DA36721049A11502350E
S2140470D0067110DB0E7201340A7108DB22711EB8C9
S2140470E06778CC3211101A300ADC0872CCDE0471D0
S2140470F0FD3100C00D0F0C0D216001D85C7207B87D
S2140471000298D81400BA411108D90C7102EC00CACE
S21404711005B830DAEC720734F031036101DA047131
S214047120014900C0F300A3E3216001D8D27100C076
S2140471309814406821604030014440DA0471204CC1
S21404714004320262204A111006301F6001421831D0
S2140471501D6111420298F614204A00C00517085013
S2140471602160113001422088FFBB0DDA507100C146
S214047170DE1B250180BC04DA107208DA0A7200C12C
S21404718020841000E024A02408634143026401DA4A
S21404719006711E49024B00C0201F00A00863381069
S2140471A0BC2002DA127101B91159A11380DB0871EF
S2140471B000C100FCFF0118100298621800C4A01E4B
S2140471C000A0441080D87C710092D0DA06710DDAE3
S2140471D00C711EBD437DEFBD0698140304620DDAE0
S2140471E08672A11105D95C7100C240400054241275
S2140471F01424281401D9067202D9327140D91E719A
S21404720002EC00CA211018320471FA2220D8047243
S2140472100822FE22087502EC00C8F87001D90E7127
S21404722002EC00C802D9067204DC187200C0A01E64
S21404723000A004101D6001D806711EB8647807B853
S21404724073780298D61800C0A01E00A004108030E0
S2140472500A7100C0C41E00A0041000A006984E17B1
S21404726001D82E71911010D828728110A0D82272DD
S21404727003B084781C7200C12C4001B814100DBAF7
S214047280487A697A6B7A08111CB87B7807B87578DF
S21404729000A0641000C6881F00A0C3B806987C022D
S2140472A000C4441F00A014BA281400B8011AB11070
S2140472B08F780A7200C084C403500178911010308D
S2140472C0011905BA06980E1402D9067101B804A865
S2140472D000C0A01E00A004130698641180DB06718B
S2140472E0029858141DBA7C7A01DB6A7100C2241F06
S2140472F000A024111114FF3402EC00C8FF24FA760F
S21404730008610698C20D046111380F300461111427
S214047310011141100698C20D01D8087203B80298EC
S214047320D8140C4A01DB22712410112811280412E7
S21404733002300471106200C0FFFF0000213800C252
S214047340204000B8FF200812411008600698C20DBD
S21404735001D87C7120BC1033767100BB00C1201F9D
S21404736000A01415C021112C511218620F320E7190
S214047370408851140698FA1841430094511208653F
S2140473801C620F320E71411151140698FA181C64CF
S21404739041430865513B00C1DC1E00A014111112C4
S2140473A031100F30127100BA056101D80471114210
S2140473B001600FD8F472311003601E30047201B8F5
S2140473C0003A087204B80298D8140298C41600C08A
S2140473D0384101B804118F7914717F206920041193
S2140473E00861303110DD06711DBA637A06981203FF
S2140473F000F830885088FF34087102ECFF24F870D7
S21404740002EC00CD1410595001440421FF22F272FC
S2140474100F4C0095009300A000C1A81E00A01411F4
S21404742000A030880698421B8111086102D90672B2
S2140474300298061A1CBB557B086120D9067102986F
S214047440F6190088A110186006982019082114154A
S214047450FC251EBB5C7B5D7B00C1084001B8141193
S2140474600731FE21307608D82A725113FC233413D0
S21404747004DB20711863FF33315B00C110C000B811
S2140474801411086180490C71FF31302954751EBBF4
S2140474907B7B10707B7B7C7B00DD04717D7B01BB7A
S2140474A03815EC25541300DF5471042505DF547198
S2140474B05415211120880698EE0D009251293E7528
S2140474C000C1084001B8141102DB0C710731315BAE
S2140474D031292A760C7004DF0872016180D91E7285
S2140474E00698201900C010C000B80698861B069897
S2140474F020191411FFD9607202984C1A0090009358
S21404750000A05415A111186110D9A672082508D830
S214047510A071082510D89A71208821110698EE0DBE
S214047520FC255412112AF82554110C2520D808716C
S214047530F025541110252029047621591815009297
S2140475400298B81907B97179811010D80A711CB855
S214047550447802B841781CB9747904B9677900F89C
S2140475608110A0D808711CB9497900A0086002D817
S214047570FA7106982019108806983E14106210DADC
S214047580087108211415F025541100C20020FEFFCE
S214047590202912750698921B01D90A72069880084B
S2140475A00698120700941CBB41100C20069864131E
S2140475B0411108211410069864133128441111123D
S2140475C00861FF31FF32012210521072186118143C
S2140475D004244413042438140C701861214118142C
S2140475E008240814029838144044147100C1AC1ED0
S2140475F000A0141551131C630FDB0C721965069852
S2140476000205411500A000C3784000B83413807BFF
S21404761006720698120706983E1408BB511406987C
S214047620B01A4415FC25541500C3784000B834132A
S214047630807B047100A002983E051CB900C3A01EFE
S21404764000A03413086308DB1A718113A0DB0671EB
S214047650497910706979086302DB087204B967799E
S21404766000F800A08111086102D910711CB975795F
S214047670069820191411FF3100A0FFB900A00410C9
S21404768008211411F421081100A081111061103191
S2140476900E710698201908211411F821141100A05F
S2140476A0F878040000000000D07604000100000012
S2140476B00000000000F04902F87804000000000012
S2140476C0F4760400010000000000000000F0490207
S2140476D0187704004063598F404B4C000B000B0096
S2140476E01A00FF7FA4620020000000009A7B0400BA
S2140476F000000000087804004063598F404B4C009B
S2140477000B000B001A00FF7FA4620020000000009C
S214047710987B040000000000FC1F0103F87A0400B4
S2140477201CC0011000F807001CC001301402080039
S21404773050C001008741300424400601070062005F
S2140477403870000000000000000000030068010F0D
S21404775040B8244058400101FC00690080400501FF
S2140477602363E0119BC34A74F00300000380000007
S214047770BE0A0000E040010133000000F0400401AE
S214047780590B0000640483078813C83A90200A0043
S21404779028410101001E00003C410B0100148C002E
S2140477A0141A21282E343B42495043557698BA0C75
S2140477B028690000010000000721286414171A0035
S2140477C02004C869A1203A093C42010129000000AE
S2140477D0A080020170780300D5C00000A8800111C3
S2140477E0F0010000A88001310542CB01AC800111F4
S2140477F0F0010000AC80013105228D00B08001014B
S21404780000030002FFFFFFFFFC1F0103487B040088
S2140478101CC0011000F807001CC00130F502080067
S21404782050C001008741300C2440060107C05200B6
S214047830000000000000000000000003000000003C
S21404784000000000584001016402FF00804005016A
S2140478504B01A0089BC34A74F0030000000000001C
S21404786000000000E040010133000000F040040185
S21404787000000000640483078813C83A9C200A00AA
S21404788028410101031000003C410B0100000000E8
S21404789000000000000000000000000000000000DF
S2140478A000000000010000000000000000000000CE
S2140478B000000000000000003C420101000000003F
S2140478C0A080020170780300D5C00000A8800111D2
S2140478D0F0010000A88001310542CB01AC80011103
S2140478E0F0010000AC80013105228D00B08001015A
S2140478F000030002FFFFFFFF0C400200018014009B
S2140479007F4000002040020000000000000000004D
S21404791030400700000000000000000000000000E7
S214047920000000000000000000000000A0070000A7
S21404793050400100000000005C400200000000000F
S21404794000000000A840010007000000B440040046
S21404795000400000FF4C000000410000FF4D000006
S21404796008C001000000000020C00110FF00000055
S21404797020C001300043000024C00400EC80B303A0
S2140479804375A802000000002E02000054C0030045
S2140479900E2D09E654060708D1B6020064C0080096
S2140479A00430000040201006C8F248181FE8F6000D
S2140479B0BD4B721511A3180510325476980A0000B0
S2140479C088C0010000000000080001010407000050
S2140479D018000101000000002000010108840000D6
S2140479E01C4002011000000020F913045C4005014D
S2140479F04108000001000000B0070800A7000000CE
S214047A0000000000944007010101103050707F7F91
S214047A10000000000000000000000000000000005D
S214047A2000000000E440010100000000EC400101F9
S214047A307DA8D98B0041020100612000B75635129B
S214047A400C410301F95412002030042988BB40007D
S214047A502441010100000000304103016406660C65
S214047A600C010000E853FA0068410301640483072C
S214047A70881382000000000030420301000000006A
S214047A800000000E00000000444201010000000057
S214047A901080010103000000388002011149100023
S214047AA00100000088800101000000009C800101A4
S214047AB0EB400200B4800101370000018800020296
S214047AC0000C00044C0000009400010200040000B6
S214047AD0D00002020E00000090029608E4000102A4
S214047AE03D094204F40001020000000018010102EE
S214047AF060005102FFFFFFFF12000000666666008A
S214047B0000000000AC7B04009C7B04000000000026
S214047B10001A9A00005A620280841E000420FE00A6
S214047B2011495002000000000000000000000000A0
S214047B300000000000000000B1841E0000000000E9
S214047B4000000000000000001200000066666600E8
S214047B5000000000AC7B04009C7B0400000C0000CA
S214047B60001A9A00005A620280841E000420000054
S214047B701149500200000000000000000000000050
S214047B800000000000000000B1841E000000000099
S214047B90000000000000000005040000E1190000D9
S214047BA0E11900000000000000000000193F010673
S214047BB0041001000001010600102700000900005F
S214047BC0000000000000000069BB010019BB0100B2
S214047BD025BB010015BC010043460300DD4B030032
S214047BE0E14B0300E54B0300E94B0300ED4B0300B8
S214047BF00001030464EE01001000000024E101000B
S214047C001A00000079EB01001100000075E4010081
S214047C101100000063E511000400000023E11100D8
S214047C200400000025E101000800000026E1010030
S214047C300A00000027E10100020000000000000026
S214047C4000000000A57D04009F7D040000000000E5
S214047C50A67D040063400400000000005D400400AC
S214047C605F40040000000000614004007D7D0400C5
S214047C70AB7D0400644004005E4004000000000085
S214047C8062400400987C04005B4004005C400400EE
S214047C90604004005A400400000203040508090A70
S214047CA00B0001020304051D2000B40108020200B3
S214047CB0AA00FFFFFFFFFFFFFFFFFFFF4B69030064
S214047CC081180200FD4302004DE102000D47020048
S214047CD0B1520300B3520300B5520300B752030077
S214047CE00DA80200A9800200EDC10200F9DA020024
S214047CF01D350200AB52030049830200AD52030057
S214047D0021290200AF520300AB3B0300152E0200EC
S214047D101B11030000000000001300000000000018
S214047D200000000001000000D586020002000000EA
S214047D30A9630300030000002D860200040000006F
S214047D402363030005000000CD8502000000000048
S214047D50000000000023001B2200FF0000000000BB
S214047D600C090202000000001C1A0B0303FF06089D
S214047D700402020204020A0B030302030480FF0245
S214047D8004FF010101010800000000000000005A81
S214047D906967426565416C6C69616E6365303980FC
S210047DA0008F8E8C80808006080C1080FB
S20C047DAC30CFFB7F010000004C
S210047DB4C07D0400A05E0020C401000096
S214047DC00000000000000000FFFF000001000000AB
S214047DD0000000000000000000000000000000009A
S214047DE0000000000000000000000000000000008A
S214047DF0000000000000000000000000000000007A
S214047E000000000000000000000000000000000069
S214047E100000000000000000000000000000000059
S214047E200000000000000000000000000000000049
S214047E300000000000000000000000000000000039
S214047E400000000000000000000000000000000029
S214047E500000000000000000000000000000000019
S214047E600000000000000000000000000000000009
S214047E7000000000000000000000000000000000F9
S214047E8000000000000000000000000000000000E9
S214047E9000000000000000000000000000000000D9
S214047EA000000000000000000000000000000000C9
S214047EB000000000000000000000000000010000B8
S214047EC00000F00108000000081000200100230153
S214047ED0040000001010002006003001010000001D
S214047EE014100020FFFFFFFFC0EA2101C0EA2101B1
S214047EF00080000000F04902DC5F002000600B00F8
S214047F0000800000F02F0020C8000000FE000000E3
S214047F10000000009C31040018100020FFFFFFFF43
S214047F204C35040033000000DDE10000330000009F
S214047F305F1503000EAE030012AE03001FAE03006F
S214047F402CAE030039AE030046AE030059AE030060
S214047F506BAE030078AE030085AE030092AE03005A
S214047F60A7AE0300BAAE0300CCAE0300E1AE030036
S214047F70F0AE030001AF030010AF030020AF030010
S214047F802CAF030039AF030049AF03005BAF030017
S214047F906AAF030079AF030082AF030097AF030014
S214047FA0ACAF0300C1AF0300E1AF0300EFAF0300C3
S214047FB00EB0030029B003003CB0030049B0030030
S214047FC05EB003006DB003007CB003008EB0030007
S214047FD0A0B00300B3B00300C6B00300DCB00300D7
S214047FE0000000000F00000013B303002AB30300D0
S214047FF0FF00000000000000000000000000000079
S2140480000000000000000000000000000000000067
S2140480100030E70400C8180387BB03008CBB0300CA
S214048020B9BB0300E4BB030012BC030040BC03005E
S2140480306FBC03009CBC0300CCBC0300FCBC030068
S2140480404CBD0300FFFFFFFF00F80300FFFFFFFF28
S2140480500000040000000400005C260540610020C7
S21404806006000000CC5704000000000001001900C0
S21404807001000000D83B00200100190001000000A8
S214048080D83B00200100190001000000D83B002066
S2140480900100190001000000D83B0020010019006F
S2140480A001000000D83B0020010019000100000078
S2140480B0D83B00200100190001000000D83B002036
S2140480C00100190001000000D83B0020010019003F
S2140480D001000000D83B0020010019000100000048
S2140480E0D83B00200100190001000000D83B002006
S2140480F00100190001000000D83B0020E43F0020E6
S2140481000000000000000000C840040000470020F3
S214048110F4610020C04900205E2F04000600000021
S2140481200000000000000000000000002C580400BE
S21404813044580400692F040093E60300FE00000080
S2140481402462002000000000D0490020384A0020A5
S214048150A04A00200000000000000000000000000C
S2140481600000000000000000000000000000000006
S21404817000000000000000000000000000000000F6
S21404818000000000000000000000000000000000E6
S214048190D5410300185A0400FFFFFFFF19450300EA
S2140481A015450300FFFFFFFF1D450300FFFFFFFF0C
S2140481B095E60100FFFFFFFFFFFFFFFFFFFFFFFF46
S2140481C0FFFFFFFFFFFFFFFFFFFFFFFF00000000B2
S2140481D020A10700000000008582030000000000C4
S2140481E00000000000000000000000000000000086
S2140481F0000000000000000000000000E04F002027
S214048200910E02000528020093E603000000000019
S214048210000000000000000000000000E04F002006
S214048220291502000000000093E603000000000089
S214048230000000000000000000000000E04F0020E6
S214048240511F02000528020093E603000000000008
S214048250000000000000000000000000563004008B
S214048260E04F0020A93902000000000093E6030056
S21404827000000000000000000000000000000000F5
S214048280E04F0020AD4202000000000093E6030029
S21404829000000000000000000000000000000000D5
S2140482A0E04F0020095302000000000093E603009C
S2140482B000000000000000000000000000000000B5
S2140482C0B80B0000E04F0020E95602000000000052
S2140482D093E6030000000000000000000000000019
S2140482E000000000E04F0020C95F0200000000000C
S2140482F093E60300000000000000000000000000F9
S21404830000000000E04F0020396102000000000079
S21404831093E60300000000000000000000000000D8
S21404832000000000E04F0020E558030000000000B5
S21404833093E60300000000000000000000000000B8
S21404834000000000E04F00208164020000000000EE
S21404835093E6030000000000000000000000000098
S21404836000000000E04F0020256902000000000025
S21404837093E6030000000000000000000000000078
S21404838000000000E04F0020AD6503000000000080
S21404839093E6030000000000000000000000000058
S2140483A000000000E04F00209DC102000000000015
S2140483B093E6030000000000000000000000000038
S2140483C000000000F56A0300E04F002069DB0200AD
S2140483D00528020093E603000000000000000000E9
S2140483E00000000000000000E04F0020D9E1020079
S2140483F00000000093E603000000000000000000F8
S2140484000000000000000000FFFFCEFAEFBEFFFFF2
S214048410FDFFFDFF0C002C01001E2C014006800011
S214048420FFFF04F8FFFF0C000000000000004000FF
S214048430FDFF2C019C000000FFFFFDFFFFFFFFFF78
S21404844060EA8000800010C1CDAB3201FFFFFFFF61
S214048450FFFFFFFFFFFFFFFFFFFFFFFFFFFFFFFF23
S214048460FFFFFFFFFFFFFFFFFFFFFFFF01FF05FF0B
S214048470FFFF0101FFFF0201FFFF640250FF0F022E
S21404848008031E050216010A0C0520070510010143
S2140484900F080101010104FF030101FF0C01FF4065
S2140484A05AB47F0150403000FFFFFF0B03FF050B5B
S2140484B001030105020201FFFFFFFFFFFFFFFF01AB
S2140484C00102FFFFFF010000BD4C0000954C0000B8
S80400700982
