S01B00006275696C642F72656C656173652F7A69676265652E73333714
S214004000081000200D70000099B20000FF38030071
S214004010FF380300A1B20000A9B20000FF38030079
S214004020FF380300FF380300FF380300FF380300A3
S214004030ADB20000707C0400FF380300FF380300B8
S214004040FF380300FF380300FF380300256B00002D
S214004050FF380300FF380300FF380300FF38030073
S214004060FF380300FF380300ADB70000FF38030039
S214004070FF380300FF380300FF380300FF38030053
S214004080FF380300FF380300FF380300FF38030043
S214004090FF380300FF380300FF380300FF38030033
S2140040A0FF380300D5730000B9730000FF38030023
S2140040B0FF380300FF380300FF380300FD06020048
S2140040C0BF930300BB93030061FE0100D59303007A
S2140040D0C3930300BD060200C7930300F1EA010084
S2140040E03D070200FF380300FF380300FF380300D7
S2140040F0FF380300FF380300FF380300FF380300D3
S214004100FF380300FF380300FF380300FF380300C2
S214004110FF380300FF380300FF380300FF380300B2
S214004120FF380300FF380300FF380300FF380300A2
S208004130FF3803004C
S214004134F0B5114A114C124E00F00105E3695F0711
S21400414413D40DB9334213D103EA00078F4207D1C3
S2140041540B4A1A40002A14BF6FF001000020F0BD7D
S214004164013AEBD16FF00200F9E74FF0FF30F6E7C3
S2140041746FF00100F3E700BF80969800000003503C
S214004184020001000B4B70B5D96911F480310DD1D2
S21400419401244FF48072084E084DF46020462C64C7
S2140041A41A61FFF7C5FF3464EC6070BD6FF0010060
S2140041B4FBE700BF0000035000100350002003502C
S2140041C438B541F6713301220C4C0021E569E363EE
S2140041D40B4B05F48035DA600223606121202361ED
S2140041E4FFF7A6FF10B92120FFF7A2FF0122054B17
S2140041F4DA600DB10023E36338BD00BF000003504E
S214004204001003500020035070B5134C6061E3693E
S2140042145B071ED40E4656F8043B8D18A361AE42C7
S2140042240BD10423002121202361FFF781FF58B915
S214004234BDE870402120FFF77BBF08210846FFF742
S21400424477FF10B10423236170BD56F8043BA361C5
S214004254E5E74FF0FF30F7E7000003502DE9F84399
S214004264154641F67132164B8946DF69DA63012238
S214004274064603F58053DFF8508007F48037DA608B
S21400428455B9284601220F4BDA601FB10022A3F568
S2140042940053DA63BDE8F88306F5005404EA08041C
S2140042A4A41BAC4228BF2C46494622463046FFF79C
S2140042B4ABFF0028E6D12644A1442D1BE0E700BF4F
S2100042C4000003500020035000E0FFFF45
S2140042D02DE9F04F4FF0FD0BC9B09A460DF11B09C2
S2140042E09DF8503108AFCDF80C90CDF808B0019786
S2140042F0059303890446009383790E4690464188C9
S2140043008288407810F018FF054650B10090A388C8
S214004310002062883A4911F053FA284649B0BDE8B1
S214004320F08F99F8000032F066FB38B12846A38873
S2140043306288344911F044FA8D25EEE75A4639462C
S21400434099F8000032F0FFFA8346002851D0529BBD
S2140043501BB1BDF84C3198424BD8002399F8009019
S2140043600793A9F14102012A5FFA8BF123D8384658
S2140043700139254ADFF898C05FFA81FE734513DBE2
S214004380059B04210792C3B907AF18221F489FED6B
S2140043901A7B02FB060420460A460830394684ED9E
S2140043A0027B15F063FF11E010F8011F0133514046
S2140043B00CFB01F2E2E7059B33B123464A4638463A
S2140043C000960EF0E1FDA8E70829DED9B8F1000F47
S2140043D001D088F80090BAF1000F01D0AAF800B01A
S2140043E0529B002B99D05A46184608A915F03EFF56
S2140043F093E7012591E700BF0000000000000000E1
S2140044002C26040061260400C59D1C818010002017
S21400441093010001000000002DE9F04F93B0CDE9B4
S2140044200A32DDE91C530E9353EC102BCDE908013C
S214004430104619468DED060B1E9E15F0A1F980B1AB
S214004440DDE906014FF0FF32C54B15F0C1F940B962
S214004450DDE906014FF0FF326FF4801315F09AF98C
S21400446070B1DDE908019DED060B0E9B1E96CDE9A9
S2140044701C53DDE90A3213B0BDE8F04F00F088B9EE
S2140044800022DDE90601002315F084F9002800F07B
S2140044903381DDE906A303F1004BCBF30A5016F493
S2140044A08063A0F2FF3008BF06250F9314F096FE37
S2140044B09BA3D3E9002314F0FBFE9BA3D3E90023C0
S2140044C014F040FDCBF31304894644F07F51804638
S2140044D00022A44B504641F4401114F031FD94A341
S2140044E0D3E9002314F0E4FE02460B464046494654
S2140044F014F028FD15F076F9044614F06FFE8EA32E
S214004500D3E900238046894614F0D2FE0022964B5B
S21400451014F018FD15F066F989A3D3E900230746C1
S2140045204946404614F0C4FE80463846894614F094
S21400453055FE85A3D3E9002314F0BAFE02460B46C7
S2140045404046494614F0FCFC02460B46CDE90C23D7
S21400455014F0AEFEDDE90C23804689461046194667
S21400456014F0F0FC0022CDE91001804B404649468D
S21400457014F0C8FF00227E4B14F0E4FC02460B4603
S2140045804046494614F0BEFF00227A4B14F0DAFC8F
S21400459002460B464046494614F0B4FFDDE90C23BC
S2140045A08046894600204FF0804114F0C9FC024640
S2140045B00B464046494614F0C5FC02460B46DDE96C
S2140045C0100114F09FFF07F2FF3700226A4B14F029
S2140045D0B9FC00223B0514F06BFE52465B46804653
S2140045E0894615F0F5F8002840F08980CDE90C8959
S2140045F004F16303C62B8CBF0527042731051BD5A2
S21400460053A3D3E900235046594615F0D7F800289F
S2140046107FD051A3D3E900235046594615F0BAF887
S214004620002876D00027A542C6BF2C1B04F1FF3514
S21400463000253C4646F480660E9B9F422CBF4FF0FA
S2140046400008A3EB070816F0020903D0002F18BFD6
S2140046504FF000083CB1DDE90C235046594614F0F3
S21400466051FF82468B46DDE906010022002315F045
S21400467091F810B10BF100439B46DDE9080126F4E2
S2140046800063CDE90183DDE90A324BEC10AB0095FF
S21400469000F07EF802465FB3DDE9091316F0200F3E
S2140046A000F10105089E0CBF65204520B047DDE9F6
S2140046B008010523002205930A23002CCDE90232C7
S2140046C007F1FF374FEAD473B8BF64422A46019316
S2140046D004970A9B009433F0EAFF0246B9F1000FF4
S2140046E006D00B9BC41A0B9B1A190E9BA34245D8E7
S2140046F0104613B0BDE8F08FDDE906ABCDE600222C
S214004700404649461A4B14F0FDFE013CCDE90C012B
S2140047106EE7002D90D00F9B002B8DD0013D8BE7D0
S214004720FB799F501344D33FB3C8608B288AC63F9B
S21400473061436F63A787D23F71A379094F930A40FD
S2140047401655B5BBB16B0240EF39FAFE422EE63F76
S2140047502D431CEBE2361A3F0000000080842E41F9
S214004760FFFFEF7F0000F83F0000E03F00002C4016
S21400477000002440000018400000F03F2020DDE943
S2140047800913089DA8470134ADE700BF00000000EC
S2140047902DE9F04F5BEC10AB97B0CDE90501DDE9F4
S2140047A02058CDE90723504652465B465946229F7D
S2140047B014F0E6FF70B90323CDE902870193AA4BF4
S2140047C00093DDE90501DDE9072333F0A2FE17B00B
S2140047D0BDE8F08F4FF0FF326FF480135046594615
S2140047E014F0D8FF28B10423CDE9028701939F4B2C
S2140047F0E6E74FF0FF32504659469D4B14F0E8FF6F
S21400480068B19C4A07F00403002B08BF03229A4BAA
S2140048101CBF13460422CDE902870192D0E750461A
S2140048208DA3D3E90023594614F0D2FF38B98CA3E0
S214004830D3E900235046594614F0ACFF68B1DDE9D1
S2140048400723DDE905014BEC10ABCDE92187209568
S21400485017B0BDE8F04FFFF7DFBD0022002350463B
S214004860594614F097FF002800F091805B465246A8
S2140048700020002114F064FB012382468B46099336
S21400488017F4806400F08580092D40F285800024AE
S21400489030210EABA5F109020134202C03F8011BD0
S2140048A0A5EB040901D09442F6D15946504614F0BF
S2140048B099FF724B054603EBC90393ED007B8DED24
S2140048C00A7B14F08BFC02460B465046594614F001
S2140048D037FBDDE90A2314F0EBFC02460B46CDE974
S2140048E00C2314F0A7FF064614F068FC02460B469D
S2140048F0DDE90C0114F024FB02460B46CDE90C233F
S21400490000225F4B14F064FF002848D00136304682
S21400491014F054FC02460B46DDE90A0114F044FF8D
S21400492008B100260135B9F1000F45D1284614F02C
S21400493055FC02460B465046594614F001FB002231
S2140049404F4B14F027FF10B9E90700D501350A21AF
S2140049500EAB1A19202C0AD095FBF1F001FB10556E
S214004960303502F8015B013405460028F2D107F025
S2140049700302012A55D1B8F1000F52D0099A12B994
S21400498017F00C0F01D008F1FF38302240E00990F4
S21400499076E74FF0060988E7A946002485E7002257
S2140049A0DDE90C01364B14F0F5FE0028BBD10EB144
S2140049B0F007B8D50136B6E70A210EAB1A19202C37
S2140049C00DD0B6FBF1F001FB1063092E03F13003A6
S2140049D009F1FF3904F1010402F8013B11D8302136
S2140049E0A1440EAA202CB2D04C4504F101030AD1F2
S2140049F004F158020DEB02042E2204F8202C1C466B
S214004A00A5E70646DBE7A1541C46EBE71A5501343A
S214004A10444506D2202CF9D1CDE9028701940EAB8D
S214004A20CEE6202CF8D0099B3BB12D2204F158038A
S214004A306B4403F8202C0134EEE77A0704D504F122
S214004A4058032B226B44F4E73B07E5D504F15803E3
S214004A5020226B44EDE700BF0000000065CDCD418D
S214004A600000000065CDCDC11B4404001F440400B7
S214004A70FFFFEF7F1244040017440400A88B0400D5
S214004A800000E03F0000000070B58EB02C22002130
S214004A9003A815F05BFA64234FF002320893CDE9C1
S214004AA005230B2301218DF834305B4B8DF8101055
S214004AB01D880D4040F0A980084638F0B7F80A2255
S214004AC0564B574C1A704FF42873ADF812304FF00F
S214004AD0FF332360534B54491B8820460B82534BAD
S214004AE0534A1B68CD828B61524B0D621B884B82EA
S214004AF0514B1B68CB611BF097FE20B14FF41B7126
S214004B004E4839F0D1F90521206833F0B9FF20B1BD
S214004B1040F27D21494839F0C7F9206814F0CCF9F5
S214004B20474B2068196834F06EF80C2538F0E6FC20
S214004B306843099038F0E2FC68430DEB05010790E6
S214004B40206816F0C5F820B140F295213B4839F0B0
S214004B50ABF925681EF012FA00220146284634F00A
S214004B60CAF820B140F29721344839F09DF940F256
S214004B700353344D344E2B80052396F90000AB705A
S214004B807F2801D11BF046FF3378EB7038F0B6FC77
S214004B9000EB80008000A88038F0B0FC0023C00046
S214004BA04FF0FF31E880AB604FF0FF3018A3D3E939
S214004BB0002338F08DF92549206834F055F8206830
S214004BC002A934F071FC20B14FF434711B4839F05F
S214004BD06BF9042220680DEB020133F0E9FF04288C
S214004BE004D040F2D721154839F05EF901A901201A
S214004BF033F0F4FB06F094FB01201CF09DFB2FF035
S214004C00DAFB1CF0C3FB1BF09DFE0EB070BD00BFB0
S214004C100A0020FF42030000CA5700201A5F002047
S214004C20FC4F0020DAA40400C8650020E0A40400BD
S214004C3055CC0300D8A40400DCA404004A7B04007E
S214004C4018630020F04F0020DA680020C9CC03006B
S214004C500348044B834202D0034B03B11847704706
S214004C600C6900200C69002000000000064B074974
S214004C70C91A891048BF0131491003D0044B0BB143
S214004C8001481847704700BF0C6900200C690020D7
S214004C900000000010B5064C237843B9FFF7D8FF94
S214004CA0044B13B10448AFF300800123237010BDFA
S214004CB0681600200000000080C8040008B5044BF9
S214004CC01BB104490448AFF30080BDE80840CDE7B7
S214004CD0000000006C16002080C80400A3F5803A8F
S214004CE0704700BF154B002B08BF114B9D46FFF7C2
S214004CF0F5FF00218B460F461148124A121A15F08E
S214004D0025F90C4B002B00D098470B4B002B00D0FE
S214004D1098470020002104000D000B4815F05CFCAD
S214004D2015F0ECF8200029002EF0D0FB15F042FC20
S214004D30000008000000000000000000081000202E
S214004D4008100020805F002041A6010007B5012161
S214004D5020200DF1070200F035FE50B10121202081
S214004D600DF107028DF8071000F03CFE03B05DF869
S214004D7004FB9DF807100129F8D00122084813F01B
S214004D80D3FF01210DF1070220208DF8071000F057
S214004D9029FE2EF01FFB4FF4FA6000F023FDE5E736
S214004DA0E8E2030038B500F085FF012805D000F0E2
S214004DB081FF022801D000F095FF064D2B783BB905
S214004DC000F078FF0128044602D12EF076FB2C7006
S214004DD038BD00BFB658002070B50C46088800F0F5
S214004DE06DFD94F844300546834214D004F11C0649
S214004DF030462EF0FEFA84F844502EF0FEFA1421C7
S214004E00A06430462EF0F0FA94F844100248BDE84C
S214004E10704013F089BF70BD10E3030010B5044660
S214004E20008800F04BFDA37884F84400834202BF5C
S214004E300123E3702371074B04F11C00C4E9073417
S214004E4000F016FE224620880349BDE8104000F018
S214004E504DBD00BFBF310300D94D000070B5C3780B
S214004E6004460D461646002B32D1C1B11F4813F03A
S214004E705BFFE36CA6600BB1E06D9847E368F61A3B
S214004E8063699E4221D2217E19480131C9B221763A
S214004E9013F04AFFA36D13B1217EE06D9847E570CD
S214004EA02EF0ABFA0DB32379FBB9A268238A801AD9
S214004EB083421AD201230F48237113F035FF236D66
S214004EC09BB1E06DBDE87040184701232376E6E706
S214004ED00029E4D1084813F027FF636DE6602571CA
S214004EE0002BDCD0E06D9847D9E770BD2DE30300BA
S214004EF03EE303006CE3030059E30300F8B51E46E7
S214004F00838804460D4617460BB18680F8BD817827
S214004F1000882EF075F90123E370084BE5802781A1
S214004F20A680C4E903340C34204600F0A1FD2946CF
S214004F302046BDE8F8402EF057BA00BF0B320300FB
S214004F4010B501790446B1FA81F1008849092EF0BE
S214004F50CEF921796088B1FA81F149092EF0C7F9B6
S214004F60034B1A68A24204BF00221A6010BD00BF9D
S214004F708416002070B543790446A3B100880E4E0F
S214004F8004F10805336813B10C4B1B786BB121791B
S214004F902EF0ADF964210A4B3460A3602846BDE8C4
S214004FA070402EF021BA4088E9E7064813F0BCFEB0
S214004FB0054B3221A360F1E784160020B758002085
S214004FC0414F000082E30300754F000010B5044611
S214004FD0E0B10F4813F0A8FE01236371A37953B91B
S214004FE0217920882EF083F9236B7BB1606B012139
S214004FF0BDE8104018472046FFF7A2FF04F108005E
S2140050002EF0F7F92046FFF7B5FFEDE710BD00BF1D
S214005010B8E3030010B50446F8B1104813F084FE58
S21400502000236371A3796BB921792088B1FA81F1E5
S21400503049092EF05CF9236B7BB1606B0021BDE85B
S214005040104018472046FFF77BFF04F108002EF0BB
S214005050D0F92046FFF78EFFEDE710BDC3E303004F
S21400506010B5044668B1074813F05EFE6379204623
S2140050701BB1BDE81040FFF7CDBFBDE81040FFF7FD
S214005080A5BF10BDCFE3030010B50E4C0E48214659
S21400509013F04AFE82210D4813F046FE82210220BC
S2140050A0A21E00F09FFC014630B134F8022C0848DE
S2140050B0BDE8104013F038BE0648BDE8104013F0B7
S2140050C033BE00BF4E510020DEE30300F9E30300C9
S2140050D004E4030048E4030038B5104C822122465D
S2140050E0022000F06FFCA51C014678B122880C480F
S2140050F013F01AFE2A460B4B03F1340153F8040B47
S2140051008B4242F8040BF9D13323238035F8021C76
S214005110054A0648BDE8384013F006BE4C5100204C
S21400512053E40300D3E403004E510020B1E403002F
S21400513010B504460146084813F0F6FD012C074852
S21400514005D12EF0BAF8BDE8104001F061B8BDE810
S21400515010402EF0B4B800BF07E50300A46200209C
S21400516070B50024184D194E3378A34217DC00247E
S214005170174D184E3378A34217DC0024164D174EF1
S2140051803378A34217DC00F095FD0128144818D1A7
S2140051902EF093F8BDE87040124800F09DBD2846FA
S2140051A0FFF73CFE01346035DEE728462EF06BF84C
S2140051B001343435DEE728462EF09EF801343835C3
S2140051C0DEE72EF07CF8E5E79C1F0020BC580020A8
S2140051D07C210020BD5800206C1D0020BB580020FC
S2140051E0A4620020315100002DE9F04F85B0FFF792
S2140051F073FFBA4B03A803932EF0A2F8054614F0EB
S214005200A1FDB74CC2B21F2A627004D9B54813F08C
S2140052108BFD00F0DBFA2946A01C15F027F803A842
S2140052202EF08EF8054614F08DFDC2B21F2A84F8C3
S214005230212001D9AC48EAE7294604F1220015F0FE
S21400524015F803A82EF07CF8002504462678002ED4
S2140052506FD1DFF8D092DFF8D0A2DFF8A882FFF790
S2140052607FFF99F800309AF8002098F800109F48C1
S21400527013F05AFD9AF8003098F800509C4F1D44E1
S21400528099F800303C461D44EDB2012D38BF01258B
S2140052903B464FF482714FF6FF720136B5421E70E0
S2140052A059809A8003F10C03F7DC924B90498C48A6
S2140052B0A36000F0FBFDE079A26800EB400002EB83
S2140052C0800000F0C9FBE2798A4B0132E2710026C9
S2140052D01C46DFF834B298F80030B34200F3DB81A6
S2140052E000274FF00C0B844A814E9AF8000098F87D
S2140052F00010B84200F3E08100274FF07008084421
S2140053000BFB0066DFF824A299F80030BB4200F3DE
S214005310EF812946764800F00DFC039B6F491A463C
S2140053208B4240F0F481754805B0BDE8F04F13F0AD
S214005330FBBC532E0FD163784C2B40F0F980A3783A
S214005340502B40F0F58001226D4B1A7003A82DF00B
S214005350F7FF04467AE729D8412EF7D9423E102EA9
S214005360F4D801A353F826F0D953000009560000DC
S2140053704D5300004D5300004D5300004D530000A8
S2140053804D5300005F5400004D5300004D53000085
S21400539015540000BF5300004D5300004D5300004D
S2140053A04D5300004D5300009D550000692ECDD191
S2140053B0601C2DF0D2FF80B22EF008F8C6E7514BE5
S2140053C0012019780023504A994202F1A402BDDD5B
S2140053D002F8A20C0133F7E7601C00F0DBFA064681
S2140053E0E01C2DF0DCFF01210246304600F020FADA
S2140053F060224648464C03785A43A118A6524FF4FA
S214005400FA620A824FF448724A61424A0A650133D8
S21400541003709BE7601C00F0BDFA0022342780462C
S2140054203D4E114600F004FA30783C4D07FB00F381
S21400543025F80380EA18E3781046693B18BF012375
S21400544093702DF020FF3378354A03FB0755002173
S21400545015600125516015742B44337076E7601C87
S21400546000F098FA00221146804600F0E1F9342256
S214005470294E2A4F307802FB00F327F80380F918EC
S214005480E3780846693B18BF01238B702DF0FBFEBE
S214005490194A00231146906BB0B901EB83113423EF
S2140054A0327802FB03738B635DB91D4A2B461146A7
S2140054B052F8040B70B93422307800FB027241F8BF
S2140054C0232033780133C8E70133042B02F140026E
S2140054D0E1D1E9E70133042BEAD1F2E74E5100208F
S2140054E0C461002026E503003DE503004DE503000A
S2140054F08816002000170020D01900208AE5030037
S214005500B7580020BA580020D01A0020BC580020F7
S2140055109C1F00202B330300BD5800207C21002058
S214005520A4620020B8580020B95800208018002037
S214005530601C00F02FFA0746E01C2DF030FF01211A
S2140055400246384600F074F96023754E754C327882
S214005550A4205343E118E7524FF44873724F0B826E
S2140055604B613B78DFF8E0C158430CEB00010CF8C8
S21400557000304FF40070488003200871887102EBF9
S214005580420004EB401432200133DBB201324B718F
S2140055908C6081F8A00032703B70D7E6601C00F08B
S2140055A0F9F900224FF038088146604F114600F0A6
S2140055B03FF93B785E4E08FB03F326F803904FF066
S2140055C00109F21882F80490E3786BB1E01C00F051
S2140055D0E1F900220446114600F02AF93B7808FB60
S2140055E003635C8083F806905248534A0378990117
S2140055F05354397802EB8314C1EBC10206EBC202A6
S21400560062634A1C3A7002E7601C00F0C3F9074662
S214005610E01C00F0BFF9002206461146384600F0AE
S21400562007F9002238241146304600F001F93F48B9
S2140056303F4A03784FF0010E04FB03FC02EB0C011B
S21400564022F80C704FF0000C81F804E081F806C0D8
S21400565003EB0E01C9B24C43171916539C1C047079
S2140056607024364E87F806C0307887F804E0444346
S214005670334FC3EBC303C1EBC10107EB040C02EBD2
S214005680C303385502EBC1027044CCF80430CCF8A2
S214005690082030705AE636B117F8053C03EB430392
S2140056A004EB8304BC603946584601F02DF80136F9
S2140056B00BF1A40B0C370EE63944481E0BFB0060BA
S2140056C00BFB0161C079019200EB400004EB800403
S2140056D010468C6000F02CFE98F8001019483944EB
S2140056E00BFB016100F07AFD019A01374032FCE5C0
S2140056F016F8053C314603EB430304EB830408FB32
S21400570007A0B46000F0F0FC01370C36FCE513F897
S214005710011D00297FF402AE3B2102F8011CFDE5C5
S214005720BC5800209C1F0020BA580020BB58002000
S2140057306C1D0020B9580020D0190020B858002051
S21400574080180020601D0020D01A002007B5022116
S21400575001200DF1060200F035F938B9044813F0BF
S214005760E3FABDF8060003B05DF804FB0020FAE794
S214005770A7E5030007B50221ADF806000DF1060205
S214005780012000F02FF9014610B1034813F0CCFABF
S21400579003B05DF804FB00BFC8E5030010B5FFF7D3
S2140057A0D5FF04460146074813F0BEFA0121064815
S2140057B013F0BAFA24B9BDE810400120FFF7DABFAB
S2140057C010BD00BFF8E503000AE6030008B504486C
S2140057D013F0AAFA00F016F92DF0FCFD2DF0F7FDF7
S2140057E020E6030038B50446084D094B28462B60D2
S2140057F000F03EF9002C18BF21462846BDE8384088
S21400580008BF4FF496712DF0EFBD00BF8022002038
S2140058107933030010B5044C237823B9034838F0D5
S214005820EFFA0123237010BDBF580020CC7E040081
S21400583073B506460D461446FFF7ECFF0E4A330ACC
S214005840D35C8DF805608DF804307DB1012C04D052
S214005850032C09D00022012101E02246022101A8E2
S21400586001F08CFC02B070BD0022F7E704212A4646
S2140058700DEB0100F4E700BF4F7C040007B5064AB5
S214005880030AD35C8DF8050001A88DF8043001F0FA
S214005890A9FC03B05DF804FB4F7C040007B5064A7C
S2140058A0030AD35C8DF8050001A88DF8043001F0DA
S2140058B0C5FC03B05DF804FB4F7C040007B50A4A3C
S2140058C0030AD35C8DF805008DF8043000230DF133
S2140058D0030101A88DF8033001F0DCFC9DF80300FD
S2140058E003B05DF804FB00BF4F7C04002DE9F043D5
S2140058F0214C85B0064688469146FFF78BFF2378F5
S2140059001BB901F01FFC012323701C4A330AD35C29
S21400591030228DF80C300023194F8DF80D6002FBF5
S21400592003F4395DE51901BB01233B554FF0FF3306
S21400593004F1100013493844AB606E80C5F804804B
S214005940C5F80C9008F00CFC04F108010422394458
S2140059500D4B009503A801F0CBFCA96802460B4846
S21400596013F0E2F905B0BDE8F0830133102BD6D171
S214005970074813F0D9F9F5E7BE5800204F7C04001D
S214005980A82200207F330300913303002DE6030096
S2140059905BE6030080B10278A2F14103032B0BD82B
S2140059A040783038C0B2082806D8054B134413F8A0
S2140059B0413C40EA032070474FF6FF70704700BF37
S2140059C04F7C040008B50B4642B101460448006807
S2140059D002F0D2FDBDE808402DF0F2BC022008BD62
S2140059E01063002008B50B4642B101460448006823
S2140059F002F04AFFBDE808402DF0E2BC022008BDD8
S214005A0010630020F0B50026124F8DB0FF230093E0
S214005A100A223346386802A92EF082FAC0B102ABD9
S214005A201D4603EB800404E055F8043BB34228BF50
S214005A305E1CAC423868E9D9296803F0ABF8002848
S214005A40F2D02D28F0D00DB0BDE8F0402DF0B8BC57
S214005A500DB0F0BD1063002028B1034B0360034B6C
S214005A60436000238360704719000003B86200207B
S214005A70FF2307B50021044A0093083008F0F4FA23
S214005A8003B05DF804FB00BFE33303000B46044994
S214005A90024608680349097808B12DF0B5BC70477E
S214005AA0B0250020C1580020F8B50C4618B12221B8
S214005AB00E4838F0F9F9246823685E795F88304626
S214005AC03946FFF7E3FF08B98120F8BD8568002D49
S214005AD0FAD0A368E27C39463046A8470446002838
S214005AE0F2D131F0F4FC2046EFE700BF83E6030076
S214005AF0F8B515460D4A044610680D4A0B4611784F
S214005B0050B122462DF080FC034628B100210C2718
S214005B10C678B14201DB0020F8BD07FB01F45A68E5
S214005B201019125BAA42F7D00131F2E7B025002027
S214005B30C15800202DE9F74F04460D460026454B78
S214005B40454F1860454B197033010021F85C01364B
S214005B500FF0E0F80C2EF7D10C2D28BF0C254FF0D7
S214005B60000901953C4EDFF800A13D4DDFF8FC80B2
S214005B70019B4B4502DC03B0BDE8F08F23784FF065
S214005B80000B337063887380A388B380A379C6F84C
S214005B900880B371E379C8F8005088F804304FF0F5
S214005BA00003A768A8F80630E3795B450ADC012104
S214005BB016F8100B0FF0AEF808F1080809F1010905
S214005BC00C34D5E74FF0000338886B812880FB78CB
S214005BD04FF0000C2B81BA78C5F804A0002A00927A
S214005BE00CBF802240222A7379680AF10C026345B2
S214005BF013DC03EB43030AEB830ABB6843B1009A4A
S214005C004FF6FF71B2FA82F2164B520931F0EFFBF3
S214005C1014350BF1010B0C37C6E7B1F800E00CF1B8
S214005C20010C22F80CEC91F802E00C3202F816ECAB
S214005C3091F804E00C3102F815EC11F809ECBEF10D
S214005C40010F14BF4FF0100E4FF0110E02F814ECB7
S214005C50CDE700BFB0250020503C0020C1580020F2
S214005C60B42B0020A95A0000B4250020342E0020B2
S214005C70014B1860704700BFAC25002070B5128835
S214005C8005460E46FFF734FF044670B102790499C4
S214005C90806814F0ADF9064B1B680BB9002070BD88
S214005CA03146284622889847F8E78620F7E700BF5F
S214005CB0AC25002008B50EF0C9F8022806D0012849
S214005CC006D0044B18784000C0B208BD0120FCE79F
S214005CD00220FAE7C0580020014B1860704700BF4A
S214005CE0A8250020034B1A781AB901221A700AF068
S214005CF0B3B87047C05800200022064B10B51A7083
S214005D00054B1C682CB1FFF7D5FF2346BDE81040B5
S214005D10184710BDC0580020A825002037B50446F7
S214005D20002832D00EF092F8022830D1608931F087
S214005D304BFFE079237A003818BF0120012B637AE5
S214005D4008BF40F008000BB140F0100063890BB1AB
S214005D5040F00400257CA188A2790DB1E36873B9F0
S214005D600C4B0FF0B3FB217808460FF02BFC31F0FC
S214005D7035FA002814BF0320002003B030BDCDE95B
S214005D800035054B0FF0A2FBEDE70220F5E70120FA
S214005D90F3E700BF45330400480204002DE9F04154
S214005DA086B005460E4690461F469DF834400EF0D7
S214005DB04DF8022824D1082C16D8ADF80C808DF8A2
S214005DC00E702CB122460C990DF10F0014F04EFA0D
S214005DD003AB033400930A2231460820094B019492
S214005DE00FF074FB18B1032006B0BDE8F081294619
S214005DF028460FF0E7FB31F0F1F90028F4D0F2E77F
S214005E000120F1E74802040008B50CF083F90146CA
S214005E1030B1044812F088FFBDE808400CF01EBD03
S214005E2008BD00BFF5E60300034B044A5B7C012176
S214005E3003201370FFF7D6BDA4620020C2580020CE
S214005E4010B50446FFF7F0FFB4F57F4F0BD10024E2
S214005E500A4B1A8813449C70FFF716F92046BDE8D3
S214005E601040FFF7BFBC4FF601739C4204D1BDE85B
S214005E70104003482DF009BA10BD00BF4C51002059
S214005E80A462002010B5074C012122460320FFF72C
S214005E9099FD28B92378044A003B18BF01235374A0
S214005EA010BD00BFC2580020A46200200822F8B52A
S214005EB04C4B32241A7030229A705A7139229A71D9
S214005EC03122DA7138225C70DC7036241A724FF494
S214005ED000121C71444C4264C464444C01220465A4
S214005EE0434C85188465434CC567C465424C434D96
S214005EF04466434CC0F880508466424C80F8482084
S214005F000467414C80F854204467202480F8784089
S214005F1080F8844000F12104C0F888403B4C80F8AB
S214005F206020C0F88C403A4C80F86C20C0F8944052
S214005F30384C80F89020C0F8984080F89C20364C6A
S214005F40C0F8B830354BC0F8A440C0F8BC300F24B9
S214005F50022380F8A84080F8C030314C314BC0F89E
S214005F60AC40C0F8C430304C304BC0F8B040C0F83D
S214005F70C830092482232E4D80F8B44080F8CC30F7
S214005F802C7C2C4BC0F8A000C0F8D03044B12A4B73
S214005F9080F8D820C0F8D43005F11103C0F8DC3002
S214005FA04FF0000CCA798E6802EB42039F00443023
S214005FB006EB830326F807C0586001200C3498705F
S214005FC0DC701318CB71FFF75DFFFFF773FE012837
S214005FD006D12B7C23B1BDE8F84015482DF055B905
S214005FE0F8BD00BFC3580020687C040001002000F4
S214005FF0677C040002002000667C04000500420066
S21400600003002000657C0400040042000700300006
S214006010647C04001200100100404200FDFF2100D5
S214006020537C0400627C04000600420000FF44012A
S214006030A46200204C51002001FF1001437B044A5B
S2140060400121137000780E30C0B2FFF7CBBC00BF42
S214006050CD58002038B504460078054D0E302A4647
S2140060600121C0B2FFF7AEFC08B92B78637338BDC8
S214006070CD580020024B53F820002DF0ACBA00BFDC
S214006080942E0020012908B506D0022907D049B968
S2140060902DF098FA002008BD2DF097FAFAE72DF0BB
S2140060A097FAF7E7024812F03FFE0120F3E700BF39
S2140060B022E7030011461A46024B53F82000FFF76A
S2140060C0E1BF00BF942E0020002310B50446838154
S2140060D00364A0F844304830FFF7CAFC014BC4E91B
S2140060E0123410BDBD35030038B504460B781A4A85
S2140060F043700D4642F82300FFF7E6FF2046FFF701
S214006100A9FF4FF4401323610123144A2375A261AB
S214006110134A84F82030E261124A84F82C30626216
S214006120114A84F83830A26204F10C0222630F4A46
S21400613004F10D036263E363EA79A86802EB4203A5
S21400614000EB830110344C60094C40F82340094BA7
S2140061508B60531CEB7138BD942E0020CC58002069
S214006160080020007C68002000FF300001FF1001BE
S21400617002010104B560000070B50D4606461446DF
S21400618013460A460146114812F0CEFD25B92046B0
S214006190BDE87040FFF754BE072D05D121463046B6
S2140061A0BDE8704000F076BA062D05D1214630468F
S2140061B0BDE8704000F076B8B5F5817F05D1214680
S2140061C03046BDE87040FFF755BF70BD3EE70300A0
S2140061D00148FFF74DBD00BF796100004FF4C013C2
S2140061E030B5036001230371074B8C688360CA795E
S2140061F002EB420304EB83056860044844F823007E
S214006200531CCB7130BD00BF697C04000400010143
S21400621038B50024044D55F8040B08B12DF0E9F903
S21400622001340A2CF7D138BDBC2E002002290246C4
S21400623008B50ED004D839B910462DF005FA06E098
S2140062404029F9D0412907D110462DF0F3F9002056
S21400625008BD2DF003FAFAE7014812F065FDF6E7EF
S21400626071E7030011461A46024B53F82000FFF769
S214006270DDBF00BFBC2E0020426B094B52791A705E
S21400628082785A70C2789A70826B12B190F83C206D
S214006290DA70007804210930014AC0B2FFF7A2BBC9
S2140062A0CE580020024B53F820002DF0F3B900BF63
S2140062B0BC2E002038B504460078084D09302A4622
S2140062C00421C0B2FFF77EFB30B96B78A370AB78C1
S2140062D0E370EB7884F83C3038BD00BFCE58002021
S2140062E038B504460078114D09302A460421C0B25C
S2140062F0FFF768FBC8B9A3782A78022B0CD004D81D
S21400630063B920462DF0A0F901E0FF2B0AD0204605
S214006310BDE838402DF06DB9002AF2D120462DF0A8
S21400632089F9F4E7002AF9D1EBE738BDCE5800200A
S214006330F8B504460B78224A0D4642F8230043700F
S214006340FFF7B8FF636B1F4A5C631A632046FFF7CC
S214006350C7FF20462DF04DF94FF4801363600123EC
S214006360626BA06B0532E260174A23722261A21CA0
S2140063702375A26160B1154A84F82030E261E21C00
S2140063806262134A84F82C3004F13C03A262236351
S2140063900627E979AE6801EB4103002826F823704A
S2140063A006EB83020CBF02230423D37001239370F1
S2140063B0084B043493604B1C5460EB71F8BD00BF6F
S2140063C0BC2E0020713603000340300101FF30016F
S2140063D002FF10016562000002464179D378084842
S2140063E00139042B00EB811008D8012B04D80BB917
S2140063F02DF020B92DF028B92DF030B9704700BF28
S214006400D019002002464179D37808480139042B78
S21400641000EB811008D8012B04D80BB92DF014B965
S2140064202DF008B92DF01AB9704700BFD01900201A
S21400643030B587B004464579FFF73CFC012822D1E9
S214006440E2786B1E042A1ED8DFE802F00431031F30
S2140064502800104663784FF480728DF804304FF4AD
S2140064608273ADF806300623ADF8083001238DF8A8
S2140064700B3000238DF80A0001A8CDE903238DF820
S2140064801430FFF74BFC07B030BD0A4A02EB83130B
S2140064905B6B5B79181E18BF0120DBE7054A02EB31
S2140064A083135B6B5B79B3FA83F04009D2E7002075
S2140064B0D0E700BFD019002030B587B00446457934
S2140064C0FFF7F8FB012829D1E3786A1E042B25D8AC
S2140064D0DFE803F00B0B0B032600164B03EB8213CF
S2140064E05B6B5B79003B18BF012362788DF80A303E
S2140064F08DF804204FF482720123ADF806200622A0
S2140065008DF80B30ADF8082000234FF4807201A8F8
S214006510CDE903238DF81430FFF700FC07B030BD3B
S214006520044B03EB82135B6B5B79B3FA83F35B0973
S214006530DBE700BFD019002010B586B00446FFF791
S214006540B9FB012812D16378094A8DF804304FF45C
S2140065508273ADF806304FF48073CDE90223002332
S21400656001A804938DF81430FFF7D8FB06B010BDD1
S2140065700800070110B586B00446FFF79BFB01280C
S21400658020D16278104B8DF804204FF4827294F874
S214006590A01094F8A10059701870ADF80620049366
S2140065A04FF480720223094901A88DF81430CDE912
S2140065B00212FFF7B3FB94F8A130013B18BF01238A
S2140065C084F8A13006B010BDD2580020080005019E
S2140065D010B583780446D3B10379022B06D14379EC
S2140065E00B48013B00EB83102DF038F8A379022B03
S2140065F002D12046FFF71CFF2046FFF7BBFF022311
S2140066002046A4F86C30BDE810402DF05BB810BDF5
S214006610D01900204388094A0821138083885380B4
S21400662083681B8A938090F8A03093718379D37126
S21400663000780430C0B2FFF7D5B900BFCE510020B5
S21400664038B50D4604460178104812F06DFB4FF63B
S21400665002739D420CD163791BB10D4A12789A429F
S21400666001D2012363712046BDE83840FFF7D2BF50
S214006670B5F57F4FF7D120462DF089F8A378022B89
S2140066800CBF01220022A3689A70ECE787E703009C
S214006690B9580020024B53F82000FFF7D1BF00BFC7
S2140066A0E42E002038B504460078134D04302A4600
S2140066B00821C0B2FFF786F920B1BDE838400F4880
S2140066C012F032BB2B8863806B88E978A380AA8897
S2140066D0A3681A82AB7984F8A030EB79A37119B15C
S2140066E0074B1B788B4205D2064812F01DFB237819
S2140066F00133637138BD00BFCE510020A1E703000F
S214006700B9580020CAE70300F8B504460B78484A93
S2140067100D4642F823004370FFF7C4FFA268454BBE
S2140067200226D364444BA11C5365444B444813656E
S214006730444B04F10C0CC2E916344FF44013E360EA
S21400674001236161E1624049103221632265211D07
S2140067503E4AA1633E49626504F1A002A061E1637E
S214006760E265E01C611D3B4A206261643A483B4991
S2140067702266A21D2374237784F8283084F83430E8
S21400678084F84030A16484F84C6084F8583084F86B
S21400679064306062A266E879AA6800EB400102EB0A
S2140067A08107C7F804C04FF0060C2D4F42F8217041
S2140067B0C118C9B201EB410142F821C002EB8107C2
S2140067C000217960274F84F880302767264F84F8A9
S2140067D09830A767254F264BE767264F84F87460E6
S2140067E084F88C60C4F89C3004F16C06831CC4F8F2
S2140067F08470C4F89060204F204EDBB203EB430356
S214006800C4F89460C4F8887002EB83067034746031
S21400681008261B4C42F82340C31CDBB203EB4303A1
S21400682002EB8304043042F823606160E871F8BD2F
S214006830E42E0020E336030031370300D165000064
S21400684010003001BB36030001FF300104FF2001B9
S21400685002FF200105FF300100FF300103FF210188
S214006860070001084A0021006A7C0400510010005D
S2140068706C7C04006D7C0400550021006F0018003D
S2140068801200010400239B6AB3F5804F03D21968F7
S214006890064A914203D000230370836070470122AA
S2140068A002709A689B694260F7E700BF07B0CD5E4A
S2140068B0024B034A1A602EF0F2BA00BF0000002016
S2140068C002020FF073B53F4B04461A781AB1022243
S2140068D01A7002B070BDCDE900220028F9D001265A
S2140068E01E7037F0EFF9384D384B186016F0FEFF83
S2140068F02B785BB902F0F2F940B935480823354ADF
S2140069003549006801F038FE00B92E70334B5A68DE
S214006910E260334A9A601A6E22605A6E6260D3F85A
S2140069207021A2601B6E5C042CD52E4AD368D80753
S214006930FCD42D4B1A68531C29D04FF48013934077
S2140069402A4A13660423294C4FF0804223664FF4EC
S21400695080632366102323664FF40053684623663D
S21400696001A9226663662CF02AFF009B2366019B22
S21400697063662B78002BACD0164B1A6822665B68D1
S2140069806366A6E71A4AD368D907FCD4D1E7194B41
S2140069901B78002BD6D1184B5A68144B12B94FF4FB
S2140069A080121A66154A526812B94FF400121A6617
S2140069B0134B5B68002BC5D14FF480020B4B1A6655
S2140069C0C0E700BFD5580020D65800201C2F002056
S2140069D010630020202F0020007108000080004473
S2140069E055CEAC0000000440DC620020009000445D
S2140069F000000450D45800200080055000C0055008
S214006A000000065038B5224D04462B78012B02D0E4
S214006A1001232B7038BD0028FCD02CF0F5FE013089
S214006A2009D02CF0F1FE40F20113984203D0194A27
S214006A30D368DB07FCD42268174B1A6662685A666E
S214006A40A268C3F87021E268D40744BF00229A60A7
S214006A50124B1A68013213D1114A127882B91149C1
S214006A604968C80748BF1A600F4A5268D10744BF32
S214006A7001221A600D4A5268D20744BF02221A60E9
S214006A8016F03CFF0A4B186837F017F90023C0E7EA
S214006A90D55800200000044000800044DC6200203E
S214006AA0D45800200080055000C005500000065055
S214006AB01C2F002070B50024A36AB3F5804F23D2A4
S214006AC01A68134B9A421FD1124E337813F0FD0505
S214006AD018D14FF480341048FFF7F4FE032004F07A
S214006AE0CBF90E4B0320DC6004F0AAF90C4B1C61BA
S214006AF0AB6ADB69984704460748FFF783FF0CB983
S214006B0001233370204670BD4FF48174FAE700BF4E
S214006B1007B0CD5ED45800200C2F002000A0004403
S214006B200090004413B5204B1B7803B9FEE7002302
S214006B301E4CCDE900336A4608231D49206801F043
S214006B401BFDF8B91B4AD2F84031D2F840211F2B62
S214006B504FF0010311D9203A9340019A1A4301924B
S214006B6008236A461249206801F08EFE124B134A2B
S214006B701A602EF094F902B010BD9340009A1A43A2
S214006B800092EDE72D28F1D10A4AD2F84031D2F82A
S214006B9040211F2B4FF0010385BF203A93409340BE
S214006BA0019398BF0093DBE7D558002010630020C0
S214006BB00071080000800044000000200B020FF067
S214006BC038B50025AB6A0446B3F5804F10D21B6B70
S214006BD0B3F5804F0CD20748FFF774FEAB6A204629
S214006BE01B6B5B689847BDE838400248FFF70ABF52
S214006BF038BD00BF282F002013B50024A36A0190DB
S214006C00B3F5804F13D21B6BB3F5804F0FD20948F4
S214006C10FFF758FEA36A01211B6B01A89B699847E2
S214006C2004460448FFF7EEFE204602B010BD4FF4BF
S214006C308174F9E7282F002070B50026B36A044651
S214006C40B3F5804F0D4612D21B6BB3F5804F0ED2B4
S214006C500848FFF737FEB36A20461B6B29469B6938
S214006C60984704460348FFF7CDFE204670BD4FF414
S214006C708174FAE7282F002070B50026B36A044610
S214006C80B3F5804F0D4612D21B6BB3F5804F0ED274
S214006C900848FFF717FEB36A20461B6B2946DB69D8
S214006CA0984704460348FFF7ADFE204670BD4FF4F4
S214006CB08174FAE7282F0020F8B50027BB6A04463F
S214006CC0B3F5804F0D46164611D21B6B7BB10948B3
S214006CD0FFF7F8FDBB6A20461B6B324629465B6A07
S214006CE0984704460348FFF78DFE2046F8BD4FF44C
S214006CF00174FAE7282F002070B50026B36A044610
S214006D00B3F5804F0D4612D21B6BB3F5804F0ED2F3
S214006D100848FFF7D7FDB36A20461B6B29469B6AD7
S214006D20984704460348FFF76DFE204670BD4FF4B3
S214006D300174FAE7282F0020F0B50027BB6A044646
S214006D40B3F5804F0D461646ADF5337D20D21B6B4E
S214006D50B3F5804F1CD21048FFF7B4FDBB6A20463F
S214006D601B6B40F2C1225B6A01A99847044630B10A
S214006D700948FFF747FE20460DF5337DF0BD836AD0
S214006D8032461B6B2946DB6A01A898470446EFE7A4
S214006D904FF40174EFE700BF282F002010B5002441
S214006DA0A36AB3F5804F10D21B6BB3F5804F0CD29D
S214006DB00748FFF787FDA36A1B6B1B6B98470446C3
S214006DC00348FFF71FFE204610BD0124FBE700BF67
S214006DD0282F0020F0B58FB0044601A80E461546B1
S214006DE0FFF7EEFE9DF80C30012B12D1B5F5402FC3
S214006DF027D8B4F5402F24D86319B3F5402F20D8F0
S214006E0021462A46304613F031FA002420460FB0B9
S214006E10F0BD0027BB6AB3F5804F15D21B6BB3F5E8
S214006E20804F11D20A48FFF74DFDBB6A2A461B6BFE
S214006E30314620465B6B984704460548FFF7E2FD5F
S214006E40E4E740F20244E1E740F20114DEE700BF67
S214006E50282F0020F0B58FB0044601A80E46154630
S214006E60FFF7AEFE9DF80C30012B1FD1B5F5402F75
S214006E7006D8B4F5402F03D86319B3F5402F13D9BD
S214006E8040F2024420460FB0F0BDE258013225D150
S214006E9004339D42F9D82A46314620462CF0E4FCBD
S214006EA00028EDD00024EDE70023F2E70027BB6AB8
S214006EB0B3F5804F15D21B6BB3F5804F11D20A483D
S214006EC0FFF700FDBB6A2A461B6B314620469B6BCC
S214006ED0984704460448FFF795FDD3E740F203447D
S214006EE0D0E740F20114CDE7282F002070B58EB011
S214006EF0044601A80D46FFF763FE9DF80C30012BF3
S214006F0022D144EA0503C3F30C03002B33D1B5F5B5
S214006F10402F04D940F2024420460EB070BDB4F5AE
S214006F20402FF7D82544B5F5402FF3D8204604F572
S214006F3000542CF092FCAC4202D00028F6D1E9E7CF
S214006F400028E7D00024E7E70026B36AB3F5804FB1
S214006F5014D21B6BB3F5804F10D20A48FFF7B2FC71
S214006F60B36A29461B6B2046DB6B984704460548E8
S214006F70FFF748FDD0E740F20444CDE740F20114A5
S214006F80CAE700BF282F0020BFF34F8F0549064BE6
S214006F90CA6802F4E0621343CB60BFF34F8F00BFB2
S214006FA0FDE700BF00ED00E00400FA0570B5D0B1C3
S214006FB0C9B10E4E431E013913F8014F2046325D0B
S214006FC002F00302012A11F8012F08BF04F1200085
S214006FD0B55C05F00305012D08BF2032801A01D1EB
S214006FE0002CE9D170BD0120FCE700BFC9A3040056
S214006FF00348044A0449121A92102CF081BC00BFC0
S21400700034410000D04200001C60002008B5154B3B
S21400701083F30A8800F030F8FFF7EAFF124B1349B3
S2140070208B4212D30020124B12498B4218D3FDF725
S21400703059FE186850F82240586840F8224001323D
S21400704098688242F5D30C33EAE70022F8E71C681A
S21400705044F8220001325C68A242F8D30833E4E721
S2140070600022F8E70800002088C8040094C804003E
S21400707094C8040094C80400124B134A70B59A6072
S214007080D3F88820114D42F47002C3F888206FF0C0
S214007090010205F50054226641F2FF726266022282
S2140070A0C3F8D020BFF34F8FBFF36F8F4FF4403637
S2140070B0032003F0E1FE0320E66003F0C1FE2E612C
S2140070C070BD00BF00ED00E00040000000800044FE
S2140070D0014B1860704700BFE4620020054B186043
S2140070E0054B1B6F03F00703032B01D134F09CBE46
S2140070F0704700BFEC620020008000502DE9F04190
S21400710004464FF001080C250D4E0CB9BDE8F08181
S21400711094FAA4F0B0FA80F00F2808FA00F2C8BF7C
S214007120103824EA0204CABF05FB006205FB0062B1
S214007130B4325768002FE8D09168C0B2B847E4E789
S214007140382F002008B50C4836F05AFE192003F0F8
S21400715085FE28B1192003F08FFE192003F070FE7B
S2140071601A2003F07BFE28B11A2003F085FE1A20B1
S21400717003F066FE002008BDCC7E04002DE9F04139
S2140071800E461746054618B30F2923D80378DBB1F9
S214007190013BDBB2022B19D8104AD35C6A78D34085
S2140071A0DB0717D50E4BD3F81043ACB936F08AFD83
S2140071B080463A462846314602F0BEFB404636F048
S2140071C07CFD2046BDE8F0817F23E7E70023E5E766
S2140071D02224F6E72124F4E70224F2E7C07C040028
S2140071E000C0035010B5044610B30378E3B1013B6A
S2140071F0DBB2022B1AD8104AD35C6278D340DB0786
S21400720018D536F05FFD0122617823788A40302158
S2140072104B4341F2100103F1A04303F570335A507B
S21400722036F04BFD002010BD7F23E6E70023E4E7A1
S2140072302220F8E72120F6E7C07C040010B50446BB
S21400724010B30378E3B1013BDBB2022B1AD8104A25
S214007250D35C6278D340DB0718D536F033FD0122C5
S214007260617823788A4030214B4342F2100103F1C3
S214007270A04303F570335A5036F01FFD002010BDB2
S2140072807F23E6E70023E4E72220F8E72120F6E75D
S214007290C07C040038B50D46044618B311B3037815
S2140072A0E3B1013BDBB2022B1AD8104AD35C6278FA
S2140072B0D340DB0718D536F005FD3022237853433C
S2140072C003F1A04303F570335B696278D34003F0A3
S2140072D001032B7036F0F1FC002038BD7F23E6E773
S2140072E00023E4E72220F8E72120F6E7C07C04002C
S2140072F02DE9F0410D4616469846044600284FD024
S21400730000294DD00178002940D04B1EDBB2022B5D
S2140073103ED8254AD25C6378DA40D20701D4FF29EA
S21400732040D1022E01D9042E3CD136F0CBFC237876
S2140073300746FF2B05D032462046296802F042FB5E
S21400734028602B68013309D12378FF2B06D1174B11
S2140073506078D3F824142DF012F8286029684B1CA6
S21400736018D00C23124A03FB0122069BC2F80480A5
S21400737093602378FF2B04D001230E4A8B40C2F87B
S2140073802434384636F099FC002007E07F22C2E716
S2140073900022C0E7384636F090FC2D20BDE8F0818C
S2140073A02220FBE72120F9E7C07C040000C0035040
S2140073B0382F002000D0035008B502F0B3FA044B73
S2140073C000F05530C3F82004BDE80840FFF796BE2D
S2140073D000E0035008B502F0A5FA044B00F0AA300E
S2140073E0C3F82004BDE80840FFF788BE00E003505D
S2140073F02DE9F04F144605460E469B46C36B87B0F4
S21400740001225B6902A960689847EB6B01225B6901
S21400741003A93046984702A82CF071FE074648B1EB
S2140074200023A37563754FF0FF33A360002007B0F9
S214007430BDE8F08F03A82CF06FFE0123A375237E12
S21400744004EBC303DE611F846368B3420ED1206081
S21400745003A82CF083FE4FF0FF332075A360237D36
S214007460043B022B26D80023A375DFE723681A1AED
S21400747053425341A37503A82CF070FE237D83422C
S21400748018BFA77503A82CF04BFE074602A82CF0E1
S21400749047FE874218BF002303A818BFA3752CF029
S2140074A047FE074602A82CF043FE87421CBF002377
S2140074B0A375D4E703A82CF033FE80B1EB6B022251
S2140074C030465B6904A9984704A82CF038FE0346AA
S2140074D0207D032839D8DFE800F03838040903A8EF
S2140074E0F3E7CC22237E04EBC3031A8401F06EFC80
S2140074F0109B187003A8277E2CF006FE04EBC70727
S21400750087F82200237E03A804EBC303B3F8209079
S21400751093F822702CF004FE804603A82CF008FE98
S2140075208246B8F1000F15D0EB6B022230465B693D
S21400753004A9984704A82CF0C7FD6075637D6BB955
S2140075400023A3754FF0000838E0227E04EBC20249
S2140075501384CBE703A82CF0A2FDEEE794F8168080
S214007560B8F1000FEED0B9F1000F09D1DFB1012359
S214007570E375637E002B4FD1012F42D1677614E06E
S2140075806B6C06EB0A015A4286EA010010421CBFE9
S2140075900022A2755A1E0A409B1A9945D0D8A37D90
S2140075A0002BE3D1CEE7E37D43B94FF000084B460E
S2140075B05246314628462CF0EDFAA060A27D12B164
S2140075C023694B4423611A49237E097899422AD9B4
S2140075D001332376BBF1000F27D032B3E37D23B30C
S2140075E0B8F1000F21D1032F1FD0A1684B1C1CD06F
S2140075F0109B2246009328460123FFF7F9FEA0754C
S21400760013E095F8343063B9EB6A0133CFD1032F1A
S214007610CDD10123A376C8E7012FCFD0032FC4D145
S214007620F7E79846C3E70023A375A07DFFE600BFF3
S214007630E47C04002DE9F04F0E46984600238BB0FC
S21400764004464FF0FF31104617468DF8133001F010
S214007650A7FBB6F5801F20D2314605AA04F1080024
S2140076602CF09FFC451C014603D1237CBBB92D2082
S21400767010E0384601F094FB0122394620460DF111
S21400768013032CF0D9FA0028EFD09DF8133088F8B1
S214007690003000200BB0BDE8F08FB01CE5D1E56AE5
S2140076A0691C36D12046616A2CF0BAF90546B31C2F
S2140076B018BF0123DFF8CC900193636A626C0293D3
S2140076C0236805A902FB053AE36B05225B69504671
S2140076D0984705A82CF0AEFD2CF0D1FD50462CF0B6
S2140076E0D9FD4FF0000B824601464B1C05D0636C5B
S2140076F081EA0A025B42134211D0294620462CF04A
S2140077008FF9029BAB422CD0BBF1000F2CD1054663
S214007710D3E72368ED1A636CB5FBF3F5C7E7484675
S21400772001F03EFB0DF1130349462046019A2CF06A
S21400773083FA034690B1B21C03D0D9F80020B242B7
S2140077400CD19DF8132003930D4B88F80020494672
S2140077501A68384612F08AFD039B9B46D9F8081033
S214007760C3E7BBF1000F82D0B6F5801F91D2314639
S21400777098F800307A6804F1080001F03FFA88E7CC
S214007780E07C0400143700202DE9F3410446174638
S21400779098460E46184D816AE36A8B4201D04B1C10
S2140077A002D102B0BDE8F081284601F0F9FA0122C4
S2140077B0294620460DF107032CF03EFA38B1434621
S2140077C0294620469DF80720B8470028E9D0A96832
S2140077D04A1C04D1696820462CF0AFF90146012EF8
S2140077E0DAD16B6881EA0302636C5B421A4218BF07
S2140077F04FF0FF31D0E700BFE83600202DE9F04F0C
S2140078004FF0FF334FF6FF720025044600F10806DE
S214007810C0E909238BB0C36205620563304688461B
S2140078202CF090FB20462CF0CBF860BB204641465F
S2140078302CF046F920462CF0C3F860BB5E200BB057
S214007840BDE8F08F2368E26B606C576900FB05307B
S214007850052205A9B84705A82CF0ECFC0128074628
S2140078600CD1294620462CF0FCF8012F024600D108
S2140078700132294620462CF0C2F803E02CF004FD25
S2140078800028EED10135E3699D42DBD320462CF07B
S21400789097F80028CAD000254FF0FF394FF6FF733F
S2140078A0CA46A846C4E90853E36998450AD3A5EB37
S2140078B00905012D2CD84FF6FF72636A93423CD11E
S2140078C06720BCE72368E26B606C576900FB0830F2
S2140078D0052205A9B84705A82CF0ACFC834605A8E8
S2140078E02CF07FFC074658462CF0C9FC68B157457B
S2140078F038BFC4F82480B94528BFB946BD4238BF52
S2140079003D46BA46236A0133236208F10108CBE7F5
S2140079104FF6FF7300256362E3699D42CBD2676C26
S2140079202068E36B052207FB05005B6905A99847FD
S21400793005A82CF056FC0135EEE7E26B676C206874
S214007940694607FB030055690522A84768462CF0E0
S21400795048FC626A2368606C4B4D00FB02302CF0DA
S21400796099FC4FF0FF33A062E3622A466FF00101F4
S214007970204605ABFFF75EFE002846D1AD682946D7
S2140079802046E5622BF0F8FF206320B92046E16A26
S2140079902CF0D3F8E062294620462CF0CEF80546B7
S2140079A0A36A9D4233D120462BF0B9FF00278046BC
S2140079B0B946E36999453CD3B84559D92046616A2A
S2140079C02CF02EF80026054604F1400AB74212D8DD
S2140079D0626C2368694602FB0539E36B05225B6926
S2140079E04846984768462CF0FCFB534602464946F4
S2140079F0E06B2CF051FC294620462CF011F801369D
S214007A00B0450546E2D1642019E7A56AB7E72946DE
S214007A1020462BF0B1FF236B294603440746236319
S214007A2020462CF08AF80546002FB9D1C4E90B078A
S214007A30B6E7636C2568052203FB0955E36B05A9C9
S214007A405B692846984705A82CF0F4FB2CF017FC39
S214007A5058B128462CF01EFC014620462BF08CFF21
S214007A60636C143B984208BF013709F10109A0E78F
S214007A7030462CF067FA002320461946034AFFF7E3
S214007A8083FE0020DBE600BF40370020273C0300D3
S214007A902DE9F041036B9046826B07689A4288BFD7
S214007AA08363426C436A90B002FB0377C36B0E4657
S214007AB0052201A95B6904463846984701A82CF0C0
S214007AC0B9FB01280146307057D0656CE26B23681D
S214007AD0606AD2F814C005FB0030052206A9E0470C
S214007AE006A82CF0A7FB01284FF0000523D0D4E908
S214007AF00A3201219342CDE90B458DF834800E956C
S214007B008DF83C102AD1194620462CF016F8236B27
S214007B10626C14339B1AE06223630C9B53B99DF886
S214007B203C303BB1626A616C2368E06B01FB02315A
S214007B302CF038FB0C9DE36B05225B6901A93846E7
S214007B40984701A82CF076FB30702846236BA26B72
S214007B509A4288BFA36310B0BDE8F081237C33B996
S214007B601C490BAA04F1080001F096F8D5E7204658
S214007B70194A0BABFFF708FECFE7237C23BB224650
S214007B80164904F1080001F087F8616A20462BF0D8
S214007B9068FF616A421C20462BF031FF054620B97B
S214007BA0236B626C1344143B23632046A16A2BF0BC
S214007BB0C4FF2368A062C01A636CB0FBF3F0606277
S214007BC020462BF0FDFFB6E700232046044AFFF7C9
S214007BD0DBFDDAE735830000B1820000C13C03001C
S214007BE05D3C030073B50D46D11E4A421C461B7E03
S214007BF04A419A4226D129682368994222D363686B
S214007C0099421FD8114E0DF107033246FFF712FDB9
S214007C10C0B972686B689A4214D19DF80730DA1EB4
S214007C2053425341227E93420CD163690133636110
S214007C30D4E90323934205D22968A26842F82310A8
S214007C4001332361012002B070BD00BF4037002021
S214007C502DE9F04F9B4689B09DF848309046514A32
S214007C600193136907465B450D46C0F09580D946DB
S214007C7053680093B9F1000F7BD0FB6B01225B6960
S214007C8005A90098984705A82CF046FA454B1B68AE
S214007C90984240F0848005A82CF04AFA042806464C
S214007CA015D105A82CF04BFA009B04461E44019BF8
S214007CB0002B3ED1804512D91C46A8EB000838465A
S214007CC000992BF03AFFA9EB04090090D2E7FB6B72
S214007CD002225B69009806A9984706A8E2E7A0EB8F
S214007CE008045C4528BF5C46032C4644ABEB040BFB
S214007CF01DD9FB6B294630465B69A208984724F0DD
S214007D00030304F0030A1E441D44DDF80480BAF1A0
S214007D10000FD4D0FB6B012206A930465B6998475A
S214007D205246284606A912F0A1FA5544C7E7A246CD
S214007D30EBE7824600F0030302932B1803930644F6
S214007D40039BA6EB0A00A3EB0A05029B9A4514D1F7
S214007D50BAF1000FB3D0FB6B012206A95B69984706
S214007D605246284606A912F03DFC0028DDD04FF00A
S214007D703609484609B0BDE8F08FFB6B012206A91C
S214007D805B6998470422284606A912F02BFC0028B7
S214007D90EDD1AAF1040AD3E74FF06309E9E74FF003
S214007DA06F09E6E76C3700202DE9F0410F461646CE
S214007DB09846044688B060B390F83450FDB101216F
S214007DC02BF0F3FD00210E9BCDE90511CDE902371E
S214007DD09DF83C30CDF804808DF81C30237C04964A
S214007DE08BB90D4901AA04F1080000F055FFDDE942
S214007DF00553E06B002E08BF1D462BF06FFF28468C
S214007E0008B0BDE8F0812046044A01ABFFF7BCFC91
S214007E10EDE70546F3E700BF8B3C0300E57B00007B
S214007E207FB590F84260044601920DF10B030A46B6
S214007E30304611492BF05AFF012E0546E36B17D149
S214007E4032465B6903A998479DF80B10039B019A7D
S214007E5059B19BB243EA0243012228460393E36BDF
S214007E6003A99B69984704B070BD62F30F03F3E75C
S214007E7001229B6901A9F5E76C3700202DE9F04F38
S214007E8099B00E460D920A69416C0B931439D31DB6
S214007E90B3FBF1F3013302EBC302036B04469342D8
S214007EA0C0F001820023DFF804940893E36A484692
S214007EB01946059300F074FFD6E9033707930B9B2A
S214007EC0022B4DD1CC2F40F0D7810D9B3BB13146D4
S214007ED020462BF061FF656C1490012044E00120E1
S214007EE0079B656C1B68149300F0010000280CBF0C
S214007EF004230823782F0E9349D8059A6B1E134047
S214007F00ED1A3B1D9D423CD2002F3DD0082D3ED899
S214007F100023042506934FF0040A336806990B984D
S214007F20C9F80030C9F810702CF01CF94FEA9A0313
S214007F300F93059B89F814000393002309930C9371
S214007F4004930A93616C039B4A1E1A408B1A27B34C
S214007F505544AB4223D8236B5B1A134423632FE1AB
S214007F60782F656CB9D8F07D0D9B002BBCD0E36BE9
S214007F7001225B69706816A9984716A82CF0D0F8FD
S214007F80B4E700250695C6E704250697C3E7012350
S214007F9000254FF0080A0693BFE75345DBD3A3EB53
S214007FA00A029742039BB84628BF9046974253441E
S214007FB028D90122D9F8101089F817208F4226D127
S214007FC00399C9F80410049299F817200AB399F88F
S214007FD018100398CA1C09EBC202506004980131BD
S214007FE0A2F80880907289F81810B8F1000F07D030
S214007FF00B9A022A40F08180099A72B101220992F6
S2140080009B46ABE0049A002A18BF0322DBE7022255
S214008010D9E7039AC9F80420E7E70C9A4244032AF2
S214008020EED9E26B1846956914A901220993A84770
S214008030099B05460028E1D03D2D40F01E8104F145
S214008040080303932368059A606CA2EB030ABAFB45
S214008050F0FA00FB0A302CF01DF9E16A8046204653
S2140080602BF06BFDA26A824200F00F81626CD9F899
S2140080700830511E0B40216B2768891A0B44236376
S214008080089BE062DF1BB7FBF2F7BA4540F0FA80C8
S214008090059BB3EB080A12D0E36B4FEA9A024146FF
S2140080A09B6998478346E36A059A5344E362236BC9
S2140080B003989B1A434423632BF044FFDA46236855
S2140080C0616CE06B01FB07312CF059F820462BF071
S2140080D077FC20462BF074FD2063BAF1000F00F009
S2140080E0D4803269616CD31D1439B3FBF1F30133CC
S2140080F002EBC3029042A5D2BFE00D9A002A77D1C8
S214008100B8F1030F4FEA98026ED9E16B18468D69F5
S21400811007991093A847109B0546C0B918F00305A9
S21400812015D0079A28F0030B02EB0B019B444FF087
S214008130FF3215A815922A46109312F097F8E26BB4
S2140081405846956915A90122A8470546109B9B46E7
S214008150079A42440792002D40F08B80049B16A895
S2140081600193069B009399F814204346316800F06B
S214008170CDFDE36B0F9A9B69039816A99847039A5F
S214008180051E089B18BF13460893434652462046D2
S21400819003992BF0FFFC236B08F10302A3EB0A0301
S2140081A022F003029B1AC9F808002363002D7FF40F
S2140081B043AF0C9BA7EB080743440C93CDF80CB0D9
S2140081C0204603992BF0B9FC00250390002F7FF47E
S2140081D0B9AE364A3168936804F10800E362526823
S2140081E00B9B00F00BFD49E09B46454607999EE732
S2140081F09B4606F120021092F27D7068A2B1002222
S21400820096F818C00A99D5B2AC4511D9109D02F15E
S214008210010E35F832508D4228D90E9806EBC20270
S2140082200144D069084403E00E9A0A990A441044AF
S214008230E26B15A9556901221193A847159A0A9B66
S2140082401392E26B043395695846012213A90A93E8
S214008250A847119B054603EB0802A2EB0B02042A73
S2140082607FF679AF28B90BF1040BC5E77246491BB8
S214008270C9E7CDF820B088E770252F46384619B0F4
S214008280BDE8F08F4FF0000A19E73269616CD31D24
S2140082901439B3FBF1F3013302EBC302236B9342B1
S2140082A0BFF404AEE9E71C27E8E700BF1437002058
S2140082B0032A2DE9F34106460D4617461C4606D10D
S2140082C0237A012B23D0012002B0BDE8F081DFF82D
S2140082D06080096842460DF10703FFF7ABF960605E
S2140082E00028EDD19DF80720237A032AE8D0D8F895
S2140082F004106A689142E3D1012B2969D4F80CC0B6
S21400830007D172690CEB0103934202D92074207CDA
S214008310DAE708316144E1603B46012229463046EF
S214008320FFF7ACFD60600028CAD00020CCE700BF95
S214008330403700202DE9F341089C032A174626689B
S21400834006D1237A012B24D0012002B0BDE8F081AB
S214008350DFF89080304642460DF10703FFF76AF9D2
S21400836060600028EDD12568D8F80400A96AD5F821
S21400837044C04840CCF100031840227AE1D1012ADB
S21400838009D1E268D8F8103013447269934202D9D2
S2140083902074207CD9E72868EB6A1B1A081AB3FBFE
S2140083A0FCF3B0FBFCF083420BD1706CF36A421E08
S2140083B01340326B121A1344284633632BF0BDFB6E
S2140083C0E862D8F81020E36808321344E36001221C
S2140083D03B4604492068FFF751FD60600028B0D096
S2140083E00020B2E7403700202DE9F0410025604B21
S2140083F00E46D3F8008004461D6018B9212528468D
S214008400BDE8F08190F8347007B30A6803689A42B2
S21400841040F0A3804A6843689A4240F09E808A688B
S21400842083689A4240F09980CA68C3689A4240F0CE
S21400843094800A6943699A4240F08F808A69C36BC8
S2140084409A4240F08A804B698361D8E768223946B1
S214008450856B11F07BFDD6E90212336804F1080043
S21400846023607368A5636360336963617369A3619E
S2140084702BF07AFDB36904F14000E3639B689847EC
S21400848020B9676C17B16368B3FBF7F794F843300D
S214008490E761002BB2D00023656C2366002D64D004
S2140084A0002F62D02368B3FBF5F205FB1233002BD6
S2140084B055D16668B6FBF5F305FB1363002B4ED16A
S2140084C020462BF049FAA369043303449E4248D35E
S2140084D040F634726369CC3B934244D8B5F5805F6E
S2140084E043D3032120462BF060FAD4E90001E36B66
S2140084F01B6898470546E36B0220DB689847CDB9B2
S21400850041462046FFF77AF96428054604D14146DD
S2140085102046FFF773F90546666C5DB9236A204668
S214008520143E5E432BF018FAA369043303449E42BC
S21400853038BF5A25002D0CBF0123002384F83430A1
S21400854007D1D4E900010B4A1368013313602BF0FE
S214008550A5FDE06B2BF0C2FB51E75D254FE75925E3
S2140085604DE75A254BE75F2549E75B2547E700BF00
S214008570A4300020A03000202DE9FF410C4616460E
S2140085801F46054680B390F834307BB3B1F5801FA4
S2140085902ED2DFF8608001212BF007FA21464246F2
S2140085A028460DF10F03FFF745F8044670B99DF80D
S2140085B00F30012B11D1D8F81030BB4212D1024631
S2140085C0009031462846FFF743FB0446E86B2BF045
S2140085D085FB204604B0BDE8F081022B14BF2D2495
S2140085E06024F3E76324F1E72124F2E71124F0E79F
S2140085F02924EEE76C3700202DE9F04385B00C46C1
S21400860017461E460546DDF8308098B390F834309D
S21400861093B3B1F5801F31D2DFF8649001212BF0BF
S214008620C4F921464A4628460DF10F03FFF702F823
S214008630044688B99DF80F30012B14D1D9F81020C4
S21400864006EB08039A4213D3009043463246394657
S2140086502846FFF7FDFA0446E86B2BF03FFB204662
S21400866005B0BDE8F083022B14BF2D246024F3E789
S2140086706324F1E72124F2E71124F0E72924EEE74A
S2140086806C37002073B50C461646054630B390F896
S21400869034302BB3B1F5801F24D201212BF085F99D
S2140086A021462846104A0DF10703FEF7C3FF04468D
S2140086B080B99DF80730032B0CD0022B0CD128462E
S2140086C009492BF069FB3060E86B2BF007FB20466E
S2140086D002B070BD2D24F7E76124F5E72124F6E704
S2140086E01124F4E72924F2E76C3700202DE9F34142
S2140086F01E4600230C4617460546336050B390F8D6
S21400870034304BB3B1F5801F28D2DFF854800121F6
S2140087102BF04BF92146424628460DF10703FEF79B
S21400872089FF0446A0B99DF80730032B10D0022B12
S21400873003BF01233B600423D8F8103018BF38600D
S2140087403360E86B2BF0CAFA204602B0BDE8F08131
S2140087502D24F6E72124F7E71124F5E72924F3E78B
S2140087606C37002073B50446056B2BF0F5F8636E86
S21400877003449D422CBF00230123854294BF00255D
S2140087802D1A207C84F85030656584F85800A8B10E
S21400879000230C4E1A461946204600962BF0C0FBC6
S2140087A0002305461A461946204600962BF0C1FBC4
S2140087B0E3682844984294BF0020C01AE06502B0DF
S2140087C070BD00BFFFFF0F002DE9F3471E4643694B
S2140087D00446B342884617469DF828904ED3002597
S2140087E08DF8075020462BF0B7F8D4F830A0824515
S2140087F00AD2236AB5EB430F06D2002220460DF1BB
S2140088000701FFF745F9B8B39DF80730012B05D1EE
S214008810002220460DF10701FFF73AF9B9F1030FE0
S21400882006D0314620462BF087F8256B854227D3A5
S214008830144D4FF0FF31284600F0B2FA4B46294659
S21400884000222046C5E90376C5F80080FFF716FB30
S214008850236E054663B12046FFF784FF94F8503038
S21400886013B994F858301BB1236E04F150009847A2
S214008870284602B0BDE8F0870135B3E76225F7E782
S2140088801C25F5E7403700202DE9FF410F469046AE
S2140088901E46054698B390F8343093B3B1F5801F62
S2140088A031D21A4C02212BF080F82246394628464F
S2140088B00DF10F03FEF7BEFE024678B101234246D5
S2140088C00093394633462846FFF77EFF0446E86B9A
S2140088D02BF004FA204604B0BDE8F0819DF80F3076
S2140088E0012BEBD12169B142E8D1009341463346D2
S2140088F02846FFF7ADF904460028DFD1E7E7212434
S214008900E8E71124E6E72924E4E700BF6C370020F7
S2140089102DE9F04790F8423086B0012B05460391CA
S214008920A1EB020740F0AA80FF2F03D81E464FF0A7
S214008930640807E00226012B14BF4FF032084FF000
S2140089406408013600244FF6FF79DFF844A195F855
S2140089504230012B14BF322364239C4202D35FFAB9
S21400896088F40DE005AB2246514628462BF0F2F976
S21400897095F84230012B059B34D14B452DD1E4B2FE
S21400898095F84230012B14BF32226422121BB242E9
S21400899017D3012E39D10022012B05978DF813200D
S2140089A027D1082205A90DF113002BF08FFC9DF8A6
S2140089B01330059A42EA032221462846FFF730FA8A
S2140089C040B10223324900932846CC23096803AA03
S2140089D0FFF7FAFE06B0BDE8F087DBB203B9023453
S2140089E00134B4E7591CCAD09BB2002BF8D101342D
S2140089F0F6E7102205A90DF113002BF067FC9DF891
S214008A001330059A42EA0342D6E7039A012B0592F1
S214008A1023D10823202205A90DF113008DF8133069
S214008A202BF054FC9DF81320120221462846FFF72F
S214008A30F7F995F84230611C012BC9B21AD100280B
S214008A40BFD12846BDF81420FFF7EAF90028B8D1B0
S214008A500234BDF81620E1B2AFE71023202205A9A4
S214008A600DF113008DF813302BF030FC9DF8132019
S214008A701204DAE70028A4D1059A9EE7B7F5803FEE
S214008A804FF00106BFF457AF4FF032085AE700BF69
S214008A906C37002070B586B00E4605460392A0B32C
S214008AA090F834309BB3B1F5801F32D202212AF001
S214008AB07CFF31462846184A0DF11703FEF7BAFD2B
S214008AC0044618B99DF81730032B0ED10223314601
S214008AD000932846CC2303AAFFF776FE0446E86BED
S214008AE02BF0FCF8204606B070BD022B0BD10A49CD
S214008AF028462BF051F9039902468142EFD02846CA
S214008B00FFF706FFEAE76124E9E72124EAE71124F4
S214008B10E8E72924E6E700BF6C370020F7B50C46E7
S214008B201646054668B390F8343063B3B1F5801F37
S214008B302BD202212AF039FF21462846144A0DF18D
S214008B400703FEF777FDC0B99DF80730032B14D056
S214008B50022B14D10E4928462BF01EF9471C02465C
S214008B6039462846FFF7D4FE044606B13760E86B60
S214008B702BF0B4F8204603B0F0BD2D24F7E76124AF
S214008B80F5E72124F6E71124F4E72924F2E700BFED
S214008B906C37002030B50C46054685B028B390F8F3
S214008BA0343023B3B1F5801F23D202212AF0FDFE14
S214008BB00DF10F03214628460F4AFEF73BFD0346FC
S214008BC088B99DF80F20032A0DD003222146009273
S214008BD002462846FFF7F8FD0446E86B2BF07EF8C1
S214008BE0204605B030BD2D24F7E72124F8E71124F0
S214008BF0F6E72924F4E700BF6C3700202DE9F043A0
S214008C00466886B3056898464FF0000CA946AE46FF
S214008C1055F83C400CF1010CC4F31307013401D0A5
S214008C20B94217D0B4450EF1080EF1D12F460024F4
S214008C3003E0B44207F1080712D055F83430013487
S214008C400133F6D1C1F3130141EA0851C7E9001216
S214008C50BDE8F08341EA0851CEE90012BDE8F08392
S214008C60B8F1030F03D101230372BDE8F08300239C
S214008C7003E0B34209F10809F5D055F83340013353
S214008C80C4F30754032CF4D1C1F3130343EA085387
S214008C90C9E90032BDE8F0832DE9F0410646406898
S214008CA082B0B8B10F4690460024336853F834506B
S214008CB003EBC403C5F30752C5F31301013506D011
S214008CC05B683046CDF80080B84718B1706801344C
S214008CD08442EAD302B0BDE8F08100BF024B1968B7
S214008CE0024B1868FFF780BBF0620020106300207C
S214008CF008B534F0DAFF014B186008BD983700203D
S214008D00014B186834F0CCBF9837002073B5044682
S214008D102248012A00EAC1119DF8185023F07C4031
S214008D2007D9961E012E28D9073303F07F0319436F
S214008D3008E09DF81C300A43DB0603F0C0531343DB
S214008D4043F060410023C4E900108DF80730B5B148
S214008D50202221460DF107002BF0B8FA1A220DF159
S214008D600700211D2BF0B2FA082063689DF8072043
S214008D7043EA8263636002B070BD1143E2E71B22E0
S214008D800DF1070021462BF0A1FA23689DF8072075
S214008D90042043EAC2632360EDE700BF80FFFF07BD
S214008DA038B5094B0D461A680021044611F0CEF876
S214008DB000234FF0FF322383C4E900252361A2601D
S214008DC0E382A37638BD00BFE07C04000138C0B261
S214008DD005289ABF014B185C01207047E57C04000B
S214008DE02DE9F0410746154600240E46596888B01E
S214008DF0490A012922464FEA510104F10104F8D834
S214008E00DC78997824031B88C90201F4006104F415
S214008E1080540C43C3F30A035203234492B24FF028
S214008E2000089C18274B6FEA0444039325F0784308
S214008E30ED4302A90DF107001B2202938DF807806F
S214008E402BF044FA9DF80720029B02A943EAC2636E
S214008E500DF107001B2225F07845049302958DF846
S214008E6007802BF033FA9DF80720029B6FEA144424
S214008E7043EAC26305934FF0FF330794069307A9AE
S214008E80BB69012206F110009847BB6905A9044694
S214008E90012206F108009847BB69404518BF044602
S214008EA004A90122301D98470122404518BF0446F8
S214008EB0BB69304603A99847404508BF204608B01E
S214008EC0BDE8F08101009AB238B5104B0546D3F8DC
S214008ED000310C4603F00303022B0BD0032B0DD0FE
S214008EE0012B0FD132F0BAFF032305B1286004B17D
S214008EF0236038BD32F0FCFF0723F6E734F0E8FEC7
S214008F000623F2E701230020EFE700BF00800050B1
S214008F1038B5134B0546D3F820010C4600F0070081
S214008F2004281AD8DFE800F003090D111500012304
S214008F3005B1286004B1236038BD32F055FF042324
S214008F40F6E732F08BFF0323F2E732F08DFF0523BE
S214008F50EEE732F07FFF0223EAE700231846E7E752
S214008F600080005038B5104B0546D3F840310C460B
S214008F7003F00303022B0BD0032B0DD0012B0FD1D4
S214008F8034F0A8FE082305B1286004B1236038BD7C
S214008F9032F0AEFF0723F6E734F09FFE0923F2E730
S214008FA001230020EFE700BF0080005038B5104BCB
S214008FB00546D3F860310C4603F00303022B0BD0B2
S214008FC0032B0DD0012B0FD134F084FE082305B1FE
S214008FD0286004B1236038BD32F08AFF0723F6E725
S214008FE034F07BFE0923F2E701230020EFE700BF01
S214008FF00080005041F6713210B5104C104BA04264
S21400900094BF00240124D969DA639A6801F4803198
S21400901022F4401242EA04529A600A4A90420A4AED
S214009020D2F818028CBF40F0020020F00200C2F80E
S214009030180209B10022DA6310BD00BF005A6202AE
S2140090400000035080F0FA0200C007502E4B9842F2
S2140090504AD022D82D4B984240D014D82C4B984258
S21400906039D00AD82B4B984232D02B4B98422FD06F
S2140090702A4B98422CD000207047294B9842FAD1B0
S214009080284B186F7047284B98422AD0274B984297
S214009090F1D1244BD3F880007047254B98422BD053
S2140090A009D8244B984223D0234B9842E3D11D4B3A
S2140090B0D3F88C007047214B984221D003F57403F7
S2140090C003F510539842D6D1164BD3F89800704744
S2140090D0144B986D7047134B586E7047114B586F72
S2140090E07047104B986F70470E4BD3F8840070474C
S2140090F00C4BD3F8880070470A4BD3F890007047A3
S214009100084BD3F8940070470048E8010024F400A8
S214009110C0CF6A0080841E0000093D0040420F0058
S214009120405DC6000080E00FC0EA210180BA8C01D5
S214009130007E560380D54302006CDC020090D0030C
S21400914037B50C460021114B0191D3F88031054606
S21400915003F00303022B0ED0032B11D0012B03D1F7
S21400916001A8FFF7D5FE0D210DB1019B2B6004B1C0
S214009170216003B030BD32F077FE05210190F3E7A1
S21400918032F068FE02210190EEE700BF008000503A
S21400919038B5104B0546D3F840320C4603F00303AF
S2140091A0022B0BD0032B0DD0012B0FD134F092FDE8
S2140091B0082305B1286004B1236038BD32F098FE5C
S2140091C00723F6E734F089FD0923F2E70023184663
S2140091D0EFE700BF0080005038B5144B0546D3F8C3
S2140091E000020C4600F0070004281BD8DFE800F059
S2140091F003090D111500012305B1286004B1236091
S21400920038BD34F067FD0823F6E732F071FE072319
S214009210F2E734F062FD0923EEE732F005FE0C2398
S214009220800AE9E700231846E6E700BF0080005002
S21400923038B5144B0546D3F808020C4600F0070074
S21400924004281BD8DFE800F003090D1115000123E0
S21400925005B1286004B1236038BD34F03BFD082317
S214009260F6E732F045FE0723F2E734F036FD092331
S214009270EEE732F0D9FD0C23800AE9E70023184612
S214009280E6E700BF00800050032814D005D8012868
S21400929005D0022809D0002005E00F28FBD1084B96
S2140092A0186FC0F3013001307047054BD3F89000BB
S2140092B0C0F30460F7E7024B186FC0F38020F2E7B4
S2140092C0008000501FB500230193252817D8DFE83B
S2140092D000F0131A1D272C363B51565B60656A78E2
S2140092E0161A401616561A272C27361A5127783B78
S2140092F03B3B3B2727275B6032F07CFD01900198C3
S21400930005B05DF804FB32F08FFDF7E732F072FD32
S21400931002460220FFF7B8FFB2FBF0F20192EEE73A
S21400932032F082FD02460320F4E732F07DFD02466D
S2140093300320FFF7A9FFB2FBF0F25208EEE7002188
S21400934001A8FFF7FDFEDAE7002101A8FFF7E0FD20
S214009350D5E702934FF0E0231B695B0705D532F093
S21400936063FD0290029B0193C9E703A902A8FFF7D9
S214009370F9FDF7E7002101A8FFF7F4FDBFE700219C
S21400938001A8FFF713FEBAE7002101A8FFF724FFA4
S214009390B5E7002101A8FFF74BFFB0E7002101A8C1
S2140093A0FFF792FDABE7094BD3F8803003F00303D9
S2140093B0022BA8D0032B01D000209FE732F054FDEB
S2140093C09CE7002101A8FFF7E3FE98E70080005025
S2140093D008B50120FFF776FFBDE80840034988423C
S2140093E094BF01210221032000F002B880F0FA02A7
S2140093F0032810B50C4627D004D8012804D002282C
S21400940017D010BD0F28FCD12AF07EFF2AF084FF6B
S214009410124A013C136F23F4405343EA04331367A4
S21400942032F002FD0021FFF7E5FDBDE81040FFF732
S214009430CFBF0A4A4C1ED2F8903023F0F85343EAC6
S2140094400463C2F89030DCE7044A4C1E136F23F422
S214009450806343EA84231367D3E700BF008000508D
S2140094601FB500230193252821D8DFE800F013203C
S2140094702020202A2F454A4F54595E712020342040
S214009480204A202020202A204520712F2F2F2F20F1
S21400949020204F54314B1B6F03F00703013B032B77
S2140094A005D8DFE803F00C02080A042301930198AC
S2140094B005B05DF804FB0323F8E70623F6E702236E
S2140094C0F4E7002001A9FFF73BFEF0E7002001A922
S2140094D0FFF71EFDEBE702934FF0E0231B695B07E7
S2140094E005D532F0A1FC0B230393039BDEE703A90B
S2140094F002A8FFF737FDF8E7002001A9FFF732FDC5
S214009500D5E7002001A9FFF751FDD0E7002001A90B
S214009510FFF762FECBE7002001A9FFF789FEC6E74A
S214009520002001A9FFF7D0FCC1E70C4BD3F8803030
S21400953003F00303022B03D0032B05D00023B5E76B
S21400954032F072FC0B23B1E732F08EFC0523ADE758
S214009550002001A9FFF71CFEA9E700BF008000500D
S21400956008B50320FFF790FE034B18702AF0CCFED8
S214009570BDE808402AF0D0BED758002010B50446F3
S21400958032F052FC0021FFF735FD1CB1BDE810405B
S214009590FFF71EBF034B0320BDE810401978FFF706
S2140095A027BF00BFD758002038B50546FFF74EFD49
S2140095B0204B04465A68012A04D11F494A609A691A
S2140095C09207FCD10020FFF74BFF042803D12AF0B6
S2140095D09BFE2AF0A1FE194A24F0407395421FD044
S2140095E0174A95421FD0174AD16811F0060FFBD1D3
S2140095F09068936091684B4013F4F81F16D1284684
S214009600FDF766FD0020FFF72BFF042810D132F08F
S2140096100BFC0021FFF7EEFCBDE83840FFF7D8BE94
S21400962043F00073DFE743F08073DCE79060E9E720
S21400963038BD00BF00C0015000E0015040420F009E
S21400964080841E000000015070B504460020FFF71D
S21400965007FF03287CD045F60E030221414AC2F8D4
S2140096608030414B9962012103F580539962936DD6
S214009670D903FCD4D4E900131B0543EA0163E17B5C
S21400968094F823500B43217B43EA0143617B43EA72
S2140096900133A17B43EA811313619169D4E9040382
S2140096A01B0643EA806301F000410B43A17EE07E87
S2140096B00B43217E43EA0143617E43EA0123936123
S2140096C0E169136A002923F00D0343EA010314BF7E
S2140096D00121002143EA800343EAC103136294F8A0
S2140096E0203094F82200916A4FEA431331D194F85F
S2140096F0216021F0330143EA06130B4343F00103D4
S21400970093621A49174A936D31EA0303FBD102218B
S214009710154B9962936D5B00FCD41369A16823F422
S214009720700343EA015313614FF000420E4B9A61F7
S21400973018B9022203F580539A6215B901220C4B20
S2140097409A6294F824301BB1064B0A4AC3F880206C
S21400975070BD21F0330129430B4343EA4003936273
S214009760EFE700BF00C0005000D0005003000140EB
S21400977000E00050F1A7FFFF014B93F9000070478F
S214009780D8580020014B1880704700BF386800206A
S2140097900C4A10B51369044643F00403136132F013
S2140097A0B3FE2AF0BDFD084B084AC3F8202430BF9C
S2140097B02AF0B7FD01F0E2FE1CB9BDE8104032F019
S2140097C033BB10BD00ED00E000E003500000FFFFDB
S2140097D0034A0179D36E23F030030B43D3667047F8
S2140097E00040005041F67132034BDA63012203F564
S2140097F00053DA60704700BF0000035041F6713234
S2140098000121044BDA6303F50052D1600022DA63CB
S214009810704700BF00000350044B1868421C02BF8C
S214009820034AD2F894001860704700BF1463002003
S21400983000400050CB784A7810B55B010C7843EABC
S21400984082030A79234343EA02130C22424302F1BD
S214009850B0421363012C02BF8A78024B43F82020E3
S21400986010BD00BFD080035008B54FF0B0435A6813
S21400987002B960B15B680BB12AF05CFD4FF0B041F5
S21400988030B10120074B58602AF054FDC86008BD6F
S2140098902AF050FD0223CB602AF04CFD0122024B39
S2140098A05A60F4E700100058002000584FF0B0410E
S2140098B04B6810B50BB12AF03DFD01220B4BC47866
S2140098C05A608378934043EA8403447823430479B8
S2140098D043EA0413447943EAC4038B60044B5A609A
S2140098E00378C3F10203CB6010BD00BF0020005810
S2140098F000100058054B5B69C3F38512827003F0B5
S2140099003F021B0B42700370704700BF00C0075039
S2140099100120034B9B680A3303F01F0398407047EF
S2140099200080E00F034BD3F82424D3F82004104023
S214009930704700BF00C003502DE9F8431E4B054694
S214009940D3F810334B1E0E2B0E46174690F8009099
S21400995044781DD909B34FF000082846D7B134F033
S214009960BFF909EB4903072C4FF00F014FEA031329
S21400997015D8A400114808FA04F2A14018442AF0A9
S214009980E1FCBEB928468FB1BDE8F84334F0A8B96B
S2140099908846E2E72AF0E5FCE3E78846E1E7083C8C
S2140099A0A400074808FA04F2A140E7E7BDE8F84338
S2140099B02AF0D7BCBDE8F88300C0035004C00350AB
S2140099C00CC003502DE9F041204B1646D3F8102367
S2140099D04A1C05460C46407804D1D3F824142AF0D5
S2140099E0CEFC0446002C2EDB072C14DC03274FEAA3
S2140099F084082A7807FA08F73946154802FA08F262
S214009A002AF0A0FC6A78394602F00302114802FAEE
S214009A1008F22AF097FC012316F0050F0E4A18BF2D
S214009A200E4903FA04F30CBFC2F81034C1F8103420
S214009A3016F0060F18BF094AC2F814340123064A66
S214009A40A340C2F820342046BDE8F08100C0035091
S214009A5000C4035008C4035000E0035000D0035075
S214009A6070B504462FF0E0F8064630B90FCC044D2A
S214009A700FC594E80F0085E80F00304670BD00BFA4
S214009A809C37002047F6FF739A42F0B570D0022943
S214009A9070D8394B5B5C022B6CD8384DDE0005EB7A
S214009AA0C304A77815F83330012F394638BF012193
S214009AB0012B16D1E078401A0021884205D8012FE4
S214009AC02CBFC0190130C0B2F0BD431A6568A0EBC8
S214009AD0530335F913509542D4BF194603F1FF30AE
S214009AE0EBE760680028EFD0B0F90040944204DB52
S214009AF0B0F902409442B8BF144683883544FF2B21
S214009B0019BFC8232827B0F90630B0F90870A3EBB0
S214009B1004030CBF0122002293FBF7F36E78134474
S214009B201BB29E4201DD002B01DA731E1BB24FF4FE
S214009B307A7C00EBC305EA88AD685F1C14FB025212
S214009B401D4622EAE2723BB25C329E42B2FBFCF257
S214009B5004DD00EBC307BF889742EAD200EBC503DB
S214009B609888904228BF1046884238BF0846AAE721
S214009B70FF20A9E70020A7E7EB7C04009C37002025
S214009B800229F0B560D8314B595C02295CD8304BBD
S214009B9013F83100012816D103EBC1039C78D8785E
S214009BA0012C214638BF0121904294BFC1EB000131
S214009BB0C1EB0201001BCAB28242C8BF00225B682A
S214009BC033F91200F0BD002A3CD003EBC1035968FC
S214009BD0002939D09878904202D3B1F90200F1E713
S214009BE0DC78B1F900009442ECD95C788B88013CB3
S214009BF0A3F1FF06734201F10405E4B2734101F1DB
S214009C000C07DEB2B44216D805EBC3034FF47A75E0
S214009C106A43B3F902405B68D21A04EBD47302EBD2
S214009C20630292FBF4F29042CCDBB1F90200904260
S214009C30C8DC10B2C6E737F833C05E1C9445E3D3E1
S214009C403346DEE70348BDE70348BBE7EB7C04008A
S214009C509C3700200CFEFFFF0080FFFF08B504487D
S214009C60FFF7FEFEBDE8084001202EF0E3BF00BF70
S214009C70F07C04007FB51422002101A810F066F9DC
S214009C80044B01A94FF0FF3002932FF019F807B0EC
S214009C905DF804FB006A18002DE9F0418CB0884698
S214009CA0DDE912761D460446002847D0002945D037
S214009CB0002F43D0002E41D013F00F033ED1204892
S214009CC02049A360002A08BF01462362C4E90013A6
S214009CD0404609A92AF0E5FB68BB2046099934F0FE
S214009CE05AF82946204634F056F8694640462AF087
S214009CF067FC00BB694620462AF092FC404603A952
S214009D002AF069FCB8B9204603A92AF089FC069710
S214009D100127204645F0005506A9079708952AF022
S214009D207FFC204609A909960A970B9534F059F846
S214009D30204634F013F80CB0BDE8F0812120FAE795
S214009D4000010004000101042DE9F04F97B0894698
S214009D5090461F460546DDF880A0002800F0BB8030
S214009D60002900F0B8803AB1229B002B00F0B380A7
S214009D70239B002B00F0AF80BAF1000F00F0AB8001
S214009D80219B002B00F0A78067B13C680026229B31
S214009D9043440293464507D307B13C60002017B002
S214009DA0BDE8F08F3C46F1E75CB1229B219A9B5DB3
S214009DB0125D01345340239A04F00F049355013684
S214009DC0E8E7A8EB060BBBF10F0F58D9434B484604
S214009DD0C5E90034AC602C6213A92AF062FB0028A7
S214009DE0DDD1284613992BF00F0B33F0D4FF5946DC
S214009DF0284633F0D0FF484604A92AF0E1FB0028A5
S214009E00CDD1284604A92AF00BFC484607A92AF01B
S214009E10E2FB0028C3D1284607A92AF001FC01234B
S214009E2022992F4ACDF828A00B930C928A190D92EE
S214009E3028464BF000520AA90E9303920F922AF07E
S214009E40EFFB28460DA92AF0EBFB239B039A9919F2
S214009E500123109111931292214A284610A9CDF899
S214009E604CA01493159233F0BCFF284613A933F088
S214009E70B8FF284633F072FF5E4400288FD1229B3D
S214009E8003EB060B239B1E44029B9B4501D14646D3
S214009E9080E7ACB9219B2246CDE900A349461023B2
S214009EA02846FFF7F9FE00287FF479AF0AF1100282
S214009EB012F8013D0133DBB213700BB95245F7D1EE
S214009EC0219A1BF8013B125D0134534006F8013B12
S214009ED004F00F04D8E7212061E700BF0303000465
S214009EE0100000207FB50E461D460446F0B102B9AC
S214009EF0E3B901230192029345F000530393002334
S214009F000B4AA360C4E900232362204601A92AF075
S214009F1087FB3146204633F03EFF2046294633F085
S214009F203AFF204633F01AFF04B070BD2120FBE74D
S214009F3000000943084B984202D0084B984207D1CC
S214009F400B88B3F5105F14BF6FF0850000207047D4
S214009F506FF08500704700BF004440040013C00443
S214009F601038102808D8064BC34013F0010F0CBF5A
S214009F706FF08600002070476FF08600704700BFC5
S214009F80010101002DE9F04FA7B008AFCDE90501AA
S214009F90DDE93295DDE9346A002107923846102261
S214009FA09846DDF8D8B00FF0D1FF102200210CA89B
S214009FB00FF0CCFF069B2BB96FF08604204627B027
S214009FC0BDE8F08F079B002BF6D0B9F1000F01D14A
S214009FD0002DF1D1309B13B9319B002BECD116B973
S214009FE0BAF1000FE8D1BBF1000FE5D04046059965
S214009FF0FFF7A0FF04460028E0D1014628221CA84F
S21400A0000FF0A4FF2022214614A80FF09FFF1CA8E3
S21400A01033F0B7FE002840F0AF80DDE90612059861
S21400A02014AB2AF049FB04460028C7D11498FFF762
S21400A03097FF04460028C1D115B9CBF80000BDE74C
S21400A040B14518D209EB05039E4214D25545B3D844
S21400A0502A46494630460FF0CBFF554B984526D04A
S21400A06006D3544B984524D003F54073984520D02A
S21400A0706FF08504A2E74F4B98451BD003F540735D
S21400A080984517D04A4B9845F2D1554594D815F0C7
S21400A0900F0291D12B46CDE9009614A91CA8FFF714
S21400A0A0FBFD814600285CD1CBF8005086E7B14620
S21400A0B0EDE7B1461022002110A80FF047FF5545E6
S21400A0C03FF67AAF3C4B9845319B39D10D2B7FF448
S21400A0D073AF01238DF84030309B0DF1410203F140
S21400A0E00C0153F8040B8B4242F8040BF9D11B7891
S21400A0F0137001238DF84F3015F00F0842D025F06D
S21400A1000F034B440DF1300C03F1100E6246186835
S21400A1105968083303C273459446F7D10F2D33D8D8
S21400A12025F00F03334403930CABCDE9017310AB5A
S21400A13000934246002314A91CA8FFF705FEB0E7CB
S21400A140102B7FF439AF309B10AA03F1100E944603
S21400A150186859680833ACE8030073456246F6D1C0
S21400A160CAE75246002130460FF0F0FE0023B9F150
S21400A170010FCBF8003002D06FF092041EE76FF0AC
S21400A1808B041BE70F2D8FD910ABCDE902960093F9
S21400A1900197002325F00F0214A91CA8FFF7D4FD91
S21400A1A081460028DDD1B8F1000F3FF47DAFB7E758
S21400A1B0004440040010C0040013C0042DE9F04F12
S21400A1C08A46A1B00021DDE92A56DDE92C79059002
S21400A1D0934606A8102298460FF0B8FE10220021DB
S21400A1E00AA80FF0B3FEBAF1000F05D16FF086048F
S21400A1F0204621B0BDE8F08FBBF1000FF6D00DB9B8
S21400A200002EF3D117B9B9F1000FEFD12E9B002B1A
S21400A210ECD040460599FFF78DFE04460028E7D1AE
S21400A2200146282216A80FF091FE202221460EA8ED
S21400A2300FF08CFE16A833F0A4FD002854D15A4621
S21400A240514605980EAB2AF037FA04460028CFD1BF
S21400A2500E98FFF785FE04460028C9D116B92E9B36
S21400A2601860C5E7BD4216D2AB199F4213D24E45C1
S21400A270BCD83246294638460FF0BAFE3A4B9845C7
S21400A2805BD003F54073984531D0384B984511D0D4
S21400A2906FF08504ACE7344B98454FD003F5407318
S21400A2A0984525D0314B9845F2D14E4503D96FF0ED
S21400A2B089049DE73D46330798D133460122CDE910
S21400A2C000570EA916A8FFF7E7FC2E9B05461E6052
S21400A2D000288DD04A46002138460FF037FE00236E
S21400A2E02E9A012D13603BD06FF0920480E73D4616
S21400A2F00D3E4E45DBD801238DF828302B460DF158
S21400A300290205F10C0153F8040B8B4242F8040BAA
S21400A310F9D11B780D3513704FF48073ADF83630D5
S21400A32006AB01930AAB009332460023CDE90257F1
S21400A3300EA916A8FFF708FDC7E73D46103E4E4596
S21400A340B5D82B460DF1280C05F1100E624618689C
S21400A3505968083303C273459446F7D11035DFE7D2
S21400A3606FF08B0444E700BF0010C00400444004B4
S21400A37010B54FF42F72002104460FF0E7FD80233E
S21400A380C4F88C30054B04F19C00C4F884300123DB
S21400A39084F88830BDE8104029F076BAFFE703005D
S21400A3A010B5D0F8A0400A468CB92AF09BFB0446AC
S21400A3B010B90024204610BD2D2896BF064B07492D
S21400A3C053F82010064A07482AF0D2FCF2E7D0F8E5
S21400A3D0A4101046A047ECE7DC7D040002E803006A
S21400A3E02BE6030032E90300F8B590F880600446D7
S21400A3F016B100263046F8BD2AF0A7F90028F8D195
S21400A400012384F8803094F8883033B1D4F884106F
S21400A4101F4884F888602AF0ABFC4FF0FF37D4F86A
S21400A420B402421C1FD0C4F8B47210F0FF052CD042
S21400A43020462AF087F92946204600F0A7FB002888
S21400A440EDD020462AF08CF994F888303BB1D4F849
S21400A45084100F482AF08CFC002384F888300023F0
S21400A46084F88030C6E72AF068FC431CDDD1D4F8B7
S21400A4708C30D4F89420013B9A4204DB054A064906
S21400A48006482AF075FC0126E9E70126C7E700BF63
S21400A490CDFA03002BE6030010E8030032E90300C0
S21400A4A0F8B50B780446302B0D46164604D14B788B
S21400A4B003F0DF03582B11D0284F6A1E12F8011F35
S21400A4C0002934D128460A220FF030FC202C0346FF
S21400A4D00D4631D1B1FA81F040091AE04A1C1F49F5
S21400A4E012F8013F8BB928460FF02CFC1C4B0238A3
S21400A4F02340032B12D10134A41084420AD1A87839
S21400A50037288CBF0020012003E0CB5C13F044000A
S21400A510E6D1F8BDCCBF01200020FAE7002CB8BF7A
S21400A5200334B0EBA40FD4BF01200020F1E77B5C1E
S21400A53013F00400C2D1ECE726B1084302D0013B79
S21400A54061F100050122A240013A1A40002D08BF21
S21400A5509A420CBF01200020DBE700BFC9A304001D
S21400A56003000080F0B5037801467B2B17D1064622
S21400A570022400220B4F16F8015F7D2D05D10B5DDE
S21400A5806BB9D24302F0010008E07B5D13F0440093
S21400A59002D001320134EEE7202DFBD0F0BD0020C2
S21400A5A0FCE700BFC9A3040070B506460D460FF0D1
S21400A5B0C9FB044630462AF0DBFB044EAC4200D30F
S21400A5C070BD30462AF0D4FB0134F7E7A5F103004E
S21400A5D02DE9F84F044602215148FFF7E5FF1E21FA
S21400A5E02068FFF7E1FF636858682AF0C1FB4D4812
S21400A5F02AF0BEFB67683B7BFD2B12D8D7F8088095
S21400A6004FF0FF3640460FF09DFB0546DFF81091F1
S21400A610DFF870A1DFF84CB10C3717F8013BFF2BC1
S21400A62001D1BDE8F88F212B18D8212B36D8DFE8CA
S21400A63003F0377274111B1D1F213535353535353E
S21400A6403535232527292B2D2F313535353535350D
S21400A65035353D33344C002D2BD12EE0334C344A67
S21400A660FE2B08BF1446F6E7324CF4E7324CF2E70E
S21400A670324CF0E7324CEEE7324CECE7324CEAE78D
S21400A680324CE8E7324CE6E7324CE4E7324CE2E79D
S21400A690324CE0E7324CDEE7324CDCE7234CDAE7BC
S21400A6A0314CD8E72AF058FB01362AE0002DB4D00A
S21400A6B02E4C202B06F10106AFD002214846FFF7AC
S21400A6C073FF1E214846FFF76FFF50462AF050FBE7
S21400A6D0594620460FF090FE2549002818BF21460F
S21400A6E024482AF045FB3B78202B02D12B202AF069
S21400A6F033FB21482AF03CFB4DB118F806301F2BDF
S21400A70005D018F806001F2801D0AE42CADB05485F
S21400A7102AF02EFB81E7194C9DE7194C9BE700BFFA
S21400A720453304002BE60300BAE80300CCE8030038
S21400A730B102040017E903001EE903000FE9030055
S21400A7400BE9030002E90300F8E80300EEE8030063
S21400A75003E90300F9E80300EFE80300E4E8030078
S21400A760DDE80300D4E80300B9E80300BFE803000F
S21400A770CAE80300CDFA030043EC030016E9030021
S21400A7801DE90300990304002DE9F04F9BB0054630
S21400A7908B460024009203930FF0D4FA249F039B69
S21400A7A004901C6028463C600AAA09A92AF002FB0D
S21400A7B0064658B90A980FF0C5FA3446B046039BC9
S21400A7C01860D5F89C300293029B1BB920461BB03C
S21400A7D0BDE8F08F029BD3F80890B9F1000F6CD05B
S21400A7E02E4416F8013B202B11D000260C23734371
S21400A7F009EB030A59F803300193002B58D0099B44
S21400A800434555DB9AF808202AB1721C39E03B68AC
S21400A81001333B60E5E73968D5F894200793039B3E
S21400A820521A1A601AAB03EB880151F8403C0199A2
S21400A830184605930FF0A0FD06900028E5D1019874
S21400A8400FF080FADDE906230146DAF80400D7F8AF
S21400A85000A090F80CC0BCF1FE0F16D103F1FF3E2D
S21400A860C64512D0D0F80090059801920FF06AFA0B
S21400A8700AF1010A019A50442B5C23B1386008F1B2
S21400A88001081646B2E70130F6E7D5F894200591A0
S21400A890A2EB0A028A4220DC58460FF053FA0599CA
S21400A8A001447B290DD958461F4A009929F013F810
S21400A8B02B46049A2A4493422CD1029B1B6802938F
S21400A8C082E7DDE90012584629F005F85846174A8F
S21400A8D00099013428F0FFFF97E7BCF1FE0F94D1F2
S21400A8E0013B434591D1D0F800A0DFF840905AF8DC
S21400A8F00C2B22B9049B3B60039B1A60D8E7584692
S21400A900009928F0E8FF4A465846009928F0E3FFE9
S21400A9100134ECE713F8011B0029CCD14FF02001DD
S21400A92003F8011CC7E700BF24E90300A5F10300F4
S21400A9302DE9F047002486B01C60DDE90EA8064627
S21400A94089468AF800401168154888F8004017467E
S21400A9501D468DF81740FCF729FB18B901242B6813
S21400A96001332B600020D6F89C6036B914B1012361
S21400A97088F8003006B0BDE8F087B06868B14B468E
S21400A9800021CDE902A8CDE900750DF117022AF0E5
S21400A99048F89DF81730002BE8D13668E5E700BF89
S21400A9A029E903002DE9F0470446ADF5447D8022F1
S21400A9B0002104A802AF0FF0C9FA802220460097B3
S21400A9C003AB04A9FFF7E0FE01283DD104A80FF071
S21400A9D0B9F903993B68461A0B4426EAE6762344FF
S21400A9E0054604A83246014418460FF03FFC0022F4
S21400A9F08255D4F89060039B3968D4F890201944A7
S21400AA00B14212DCD4F89410E81A0244C4F890203C
S21400AA10014404AAC4F89410D41825182B1B002B44
S21400AA200DDC0DF5447DBDE8F087A05C2AF094F9B6
S21400AA30D4F8903001360133C4F89030DBE714F8D0
S21400AA40010B2AF089F9E9E7EBDD24AD802200212D
S21400AA5028460DF5887A0FF079FA0DF110094FF4B3
S21400AA600072002150460FF071FA4FF001084A4676
S21400AA70002312F8016BA6B904A84AF828300FF094
S21400AA8061F92946334698451CDB19F8016B0DF52C
S21400AA90887C5CF8042B82420CD101F8016B0133F0
S21400AAA0F1E7202E03F1010304BF4AF8283008F12D
S21400AAB00108DEE70DF1100E7244D25CB242E8D017
S21400AAC00022EA54D4F89060039BB3422FDC23465E
S21400AAD02C4A04A92C482AF04BF928460FF032F9E4
S21400AAE00646039B3F68F61A1F4426EAE672E019FC
S21400AAF017441D44E11904F1900399423CD904F12E
S21400AB009803984238D26A1E81190B1A002B27DD4B
S21400AB1012F8013F00F8013BD4F890300133C4F836
S21400AB209030D4F894300133C4F89430EDE7D4F87C
S21400AB3090300136E05C2AF00FF9D4F890300133FB
S21400AB40C4F89030C0E7D4F89020013B0132C4F836
S21400AB509020D4F894200132C4F89420002BF2DC24
S21400AB6000232E44E355731B002B7FF75AAF15F8CE
S21400AB70010B2AF0F1F8F6E729460FF077FB33468B
S21400AB80ECE700BFFFE703002EE903002DE9F843DA
S21400AB90D0E9245604460F46002294F89830012B3C
S21400ABA007D10A2F07D1002384F898300020BDE88B
S21400ABB0F88300F29F801B2F01D10223F4E70D2FAC
S21400ABC00DD1012384F898300D202AF0C5F80A200C
S21400ABD02AF0C2F800230120C4E92433E7E74FF047
S21400ABE00008082F84F8988034D1454530DDB542FA
S21400ABF00FD138462AF0B0F820202AF0ADF8013DF3
S21400AC0038462AF0A9F8013E04F80580C4E924561F
S21400AC10CCE7FBDA05F1FF3938462AF09DF804EB5D
S21400AC200903A6EB0902611918460FF0E1F904F8CA
S21400AC3006800146013E48482AF09AF835464D45BA
S21400AC4001DC4D46E2E708202AF086F8013DF6E7EB
S21400AC50ACD0DBE77F2F1CD1002EA7DDB542A5DAEE
S21400AC606319691C21441846721B0FF0C1F904F8D9
S21400AC700680014639482AF07BF80820013E2AF073
S21400AC806BF8B542F9D1D4F89430013BC4F894304F
S21400AC908CE70A2F98D0092F03D12046FFF782FEB3
S21400ACA084E7D4F88C30013BB3427FF77FAFB542E0
S21400ACB004EB050805F101090CDB384688F800703E
S21400ACC0D4F89430C4F890900133C4F894302AF045
S21400ACD043F86BE74146721B04EB09000FF088F956
S21400ACE040462AF045F80820013E2AF035F8B542DD
S21400ACF0F9DDE2E7022B06D15B2F01D1032353E7F0
S21400AD0084F8982049E7032B7FF450AF413F84F83E
S21400AD109820032F3FF64AAFDFE807F002070A162F
S21400AD200121204629F0C9FF40E74FF0FF31F8E740
S21400AD30B542BFF63BAF605D2AF00EF8D4F890300F
S21400AD400133C4F8903031E7002D7FF72FAF013D77
S21400AD500820C4F89050BAE737E9030031ED030045
S21400AD6008B50248FEF720FC002008BD00B4C40465
S21400AD7030B58BB06C46174D0FCD0FC40FCD0FC43A
S21400AD8095E8030084E80300134BD3F84C21120324
S21400AD901CD5A3F5FE431C884FF6FF739C4208BFE4
S21400ADA08C248DF81940FEF7E7FC204480F3080059
S21400ADB08DF818000948FCF791F96846FEF744FC40
S21400ADC03220FEF7DFFC00200BB030BDD3F8504138
S21400ADD0E4B2E6E7947E04000080E00F00F049024B
S21400ADE00028ACBF00F16040064B4FEA0111C9B223
S21400ADF0ABBF00F5614000F00F0080F80013195457
S21400AE00704700BF14ED00E008B532F05BFF0B4B57
S21400AE101A7872B901221A7032F04FFF6FF00402EE
S21400AE2010460132052152B2FFF7DAFF3D2AF7D16C
S21400AE3008BDBDE8084032F040BF00BFD95800202A
S21400AE40002807DB01234109034A00F01F00834066
S21400AE5042F82130704700BF00E100E0054B421188
S21400AE6053F8223000F01F0023FA00F0C04300F031
S21400AE700100704700E100E0002808DB01224309DA
S21400AE80034900F01F008240603341F823207047DA
S21400AE9000E100E010B5044632F007FF024B1C60EC
S21400AEA032F0FEFE002010BDC437002010B532F090
S21400AEB0FCFE034B1C6832F0F3FE204610BD00BFBC
S21400AEC0C437002038B50C461546014610B9FFF7C2
S21400AED0EDFF01462B46224603480DF047FF0028AB
S21400AEE0D4BF3720002038BD0B4F030008B500F054
S21400AEF0E3FB18B16A21024832F0D6FF002008BDF5
S21400AF003CE9030008B500F049F80C4A536A43F4DC
S21400AF1070235362EFF308834FF0CD31084A043BA9
S21400AF20934208D200F070FAFFF7E0FFBDE8084051
S21400AF300448FEF795BD43F80419F1E700ED00E07C
S21400AF4008000020F07C040007B5042200200DEB6A
S21400AF5002012DF02DFE042803D0D721044832F03C
S21400AF60A3FF019800F0DCF903B05DF804FB00BF16
S21400AF703CE90300082310B50C0A41400648C9B254
S21400AF8041F30002013B024013F0FF0382EA510145
S21400AF90F6D184EA010010BD2083B8ED38B5FEF77F
S21400AFA03BFC044629F0C0F9E3072AD401221046E8
S21400AFB0114600FA01F3234002F1010223D01D4B93
S21400AFC033F811301C48062B028844881B4920D1D0
S21400AFD04FF20F039C4219D1B2F5406F28BF4FF4D1
S21400AFE0C0624CF23C330A80438040F201730A8808
S21400AFF09A4201BF124B134AD2E90001C3E900018D
S21400B00015E00021DBE7102AD2D1DBE74FF4C0625F
S21400B010E7E740F20725AB420AD14FF20F05AC42F4
S21400B02006D19A4204D14CF23C320B80428038BDA5
S21400B0300B80DAE75480040018600020D651002008
S21400B040C837002010600020014B1888704700BFEA
S21400B050D6510020014B1888000A7047D6510020B0
S21400B060044B05481B881A0AB3F5406F38BF00EB3F
S21400B07082007047D651002024800400044B1888B4
S21400B080044B020A53F82230C0B203EB800070472C
S21400B090D6510020F47F040010B5044632F009FEB5
S21400B0A04FF20F02044B1C805A80BFF35F8FBDE83F
S21400B0B0104029F0F4BE00BF186000206D4A2DE94C
S21400B0C0F0416D4B55686D4C5D65516A99656C49EC
S21400B0D0D1F80002D865D1F80412586B1966916A47
S21400B0E010F0040F5966D16A4FF000009966116B94
S21400B0F0D966516B1967D26BD8645A67D3E90E12BA
S21400B10018BF11465F4A91421A655DD301F12000CF
S21400B110A04259D88869C5F308051864CE69062D7B
S21400B1205E6455D1584DA84252D3584DA8424FD2CE
S21400B13005884DF6426085424AD11868C3F89000EB
S21400B1405868C3F8940040F20170A242154604D233
S21400B1502E680432B6F1CD3FF7D00022C3E91E2296
S21400B160C3E92022C3E92222641BDFF81CC1434D39
S21400B170DFF818E19C648D422DD8D3E91EC7D3E9C9
S21400B1802065D3E922414FF0000E013AD2B2FF2AE1
S21400B1903CD1BEF1000F05D0C3E91EC7C3E9206548
S21400B1A0C3E92241B3F85430C3F308030C2B3BD851
S21400B1B0022B54D9DA1E092A51D8DFE802F031579B
S21400B1C0404350505050504D0021C3E910112D49B6
S21400B1D04FF42060B9E755F8044D6445CBD3744569
S21400B1E0C9D2E607C7D50026294F57F8048FA045D1
S21400B1F0C1D00136062EF8D132B1013AD2B202F1F0
S21400B2001E0643F82640B6E70522F8E7E0464FF06C
S21400B210010EBC4637462E4625460C464146B4E748
S21400B22040F60120BDE8F0813B2B18D1194B9B69F5
S21400B23013F0020F40F2025318BF1846F2E740F62A
S21400B2400320EFE740F6042240F20173B0F5206FCA
S21400B2500CBF10461846E5E740F60520E2E740F644
S21400B2600722013B4B2B98BF1046DBE740F6022037
S21400B270D8E700BF00ED00E0805F00200810002047
S21400B28000E100E008000020D0420000C0E2030019
S21400B290F45F00200080015A00F00CB800F00AB8F5
S21400B2A000F008B800F006B800F004B800F002B8E5
S21400B2B000F000B872B61EF0080F09D01EF0040F9A
S21400B2C00DD0DFF850E0AEE8FF1F6FF002000CE094
S21400B2D0DFF840E0AEE8FF1F6FF00E0005E0DFF895
S21400B2E034E0AEE8FF1F6FF006006946EFF3098210
S21400B2F08EE8070086460848084C854501D3A545D4
S21400B30001D384F30888FFF7D9FE84F30888FFF793
S21400B310C3FE0000805F00204800002008100020C8
S21400B3204BF6EF6283B2002B08BF1346044A000CAC
S21400B33013804FF6CE2308BF1846024B188070477E
S21400B3403C6800203A6800200B4BB3F900201888B0
S21400B350002AB8BF80F0620042001A80074AB2F99D
S21400B360001013880029BCBF83F4805383F00B03BE
S21400B37059001180584070473C6800203A68002009
S21400B38007B5684600F01AF8DDE900010022034B15
S21400B39003B05DF804EB2AF07EB800BFD03700207B
S21400B3A007B5009313460A460146034829F027FED0
S21400B3B003B05DF804FB00BFD03700200249034A03
S21400B3C00160521A42607047106900200000012098
S21400B3D000487047D037002038B54160044632F048
S21400B3E064FC05462146044828F051FA2846BDE884
S21400B3F0384032F055BC00BFF8370020014828F02E
S21400B40043BA00BFF83700200222014B1A67704784
S21400B4100040005070B532F048FC174E05461748FD
S21400B42032F0EEFC3378CBB900F046F9044620B192
S21400B430284632F035FC204670BDFFF7DFFF32F0BD
S21400B440A6FD0F4B1C6031F0DBF90E4B0E4A186060
S21400B450536F43F0010353672AF039F800F028F8D9
S21400B4602AF04CF8094B0024186001232846337054
S21400B47032F016FCDFE700BFE5580020CC7E040063
S21400B480FC37002024380020004000500038002000
S21400B490054B1B685843054B00F5742000F23F200F
S21400B4A0B0FBF3F0704700BF2438002040420F0086
S21400B4B0294B2A4AD3F8003170B503F00303136012
S21400B4C030F034FF4FF4C870FFF7E2FF0022244B41
S21400B4D024491860244C0B680132D2B20A2A44F878
S21400B4E0040BF9D1034400EBC00003440B601F4B70
S21400B4F01F4D1B7813B3184BD3F8003103F003032A
S21400B500022B22D0032B23D0012B17D130F0A6FC20
S21400B510024698B1174B184EDC6800231946C4F350
S21400B5200B04013404EB84040138E4FB06010EF03E
S21400B530A1F9FFF7ADFF2B6803442B601F20FFF730
S21400B540A7FF2B6803442B6070BD30F0D1FCDFE70B
S21400B55032F0BEFBDCE700BF0080005064380020FD
S21400B560283800202C38002030380020E9580020E9
S21400B5705C38002000C0015040420F000122154BED
S21400B58010B55A67144B154C1B7813B3022032F0D3
S21400B590EFFCF0B131F0BAF9D8B1A36DD90302D5FA
S21400B5A0E36D9A0715D40D4B9B6DDB0711D4012272
S21400B5B00B4B1A7032F0D0FCBDE81040094B0A4A1B
S21400B5C01860136F23F0070343F00303136730F08C
S21400B5D02BBC10BD00D00050EA58002000C0005020
S21400B5E0E758002058380020008000500122014B08
S21400B5F01A707047EA58002007B5FFF7C1FE01A889
S21400B600FEF778F99DF80530012B25D1234B9A6D6E
S21400B610D20311D45A6B6FF3162242F4BC1242F4D2
S21400B620A0625A631A6B22F4704242F440421A63D4
S21400B6301A6B42F4E0621A639DF8043063B94FF067
S21400B64000531B68164B1B68164B1B68164B1B6873
S21400B650164B1B68164B1B68164AD2F8803043F010
S21400B6600303C2F8803029F051FFFFF7CDFBFFF748
S21400B67077FBFFF77DFB0DF0C3FBFFF7CBFE00F07B
S21400B6801BF829F044FFFFF73DFC29F04FFF2DF093
S21400B690C9F803B05DF804EB29F03ABF00C00050CB
S21400B6A0004000200080002000C000200000012094
S21400B6B0004001200080005070B532F003FB144EAD
S21400B6C005463478FCB9134B1C60134B1C60134BB7
S21400B6D01C6000F031F8012031F006FA31F0F8F97C
S21400B6E00F4B0246186020B9284632F0E6FA2320AF
S21400B6F070BD234640F2E7310A480EF0BBF80A4B0D
S21400B700186001233370284632F0D7FA0020EFE79E
S21400B710ED58002074380020703800207C38002057
S21400B7207838002018FCFFFF6C380020014B1868A2
S21400B730704700BF6C3800201FB50024184B1868EF
S21400B7409A880290D3F806009B7A00901548ADF8C8
S21400B7500C208DF8043032F053FB02A88DF8084018
S21400B7608DF80C40FEF7A2F8694601208DF80040DF
S21400B770FEF760F81F220C4B9A615A614FF0B042F8
S21400B780936A13F00803FBD113620120FEF76CF8EE
S21400B7900A20FFF771FB0A20FFF752FB04B010BD2A
S21400B7A07D800400C87E04000020005810B532F0EA
S21400B7B089FA4FF0B04304465B691A07074A03F05C
S21400B7C0010003F00D0348BF40F00200536131F062
S21400B7D0B3F82046BDE8104032F06FBA002000589B
S21400B7E021282DE9F341054604D82C46204602B010
S21400B7F0BDE8F08100240B4E0B4FDFF830800023AD
S21400B800CDF800801A461946386828F089FB84422D
S21400B810EBD2222CE9D056F8043BAB42E6D00134FA
S21400B820EDE700BF9C83040010630020FFFF0F00BD
S21400B8302DE9F04F644E654D89B029F0C3FE31689E
S21400B8402868FCF7D1FD0446002827D0336800247A
S21400B850D3E900019A6912689047336804A89B6987
S21400B8609B689847336802209B69DB689847326874
S21400B87005985368E7B2B3FBF0F3BB42916904F155
S21400B88001044ED8CB680020984733689B695B68F4
S21400B890984731682868FCF7A7FD04460027DFF8BC
S21400B8A044A1DFF84481DFF84491F4B9484B286896
S21400B8B0DB5D002B00F08380D8F8006002AB3146D9
S21400B8C003AAFCF713FF2D2807D070B9039B012BA2
S21400B8D00BD031462868FDF75DF9DAF800303146BE
S21400B8E01A682868FDF7D6F804460137222F0AF1B1
S21400B8F0040A08F1040809F10109D6D1B4FA84F360
S21400B900344A5B0913702B681B7C33B129F026FE82
S21400B91018B1DB21304832F0C7FA204609B0BDE83E
S21400B920F08F12680B6907FB002098479FE7D8F84E
S21400B930003003AA194402AB0191FCF7D7FE2D286C
S21400B940034601992BD0286813B30BF1010B5FFA5D
S21400B9508BF18E422868EAD8204BDB5D002BC4D0E2
S21400B960F3B27E2B2868C0D8D8F8003003AA06EBBE
S21400B970030B594602ABFCF7B9FE2D28B5D0594645
S21400B9802868FDF707F9013604460028E8D0ACE73A
S21400B990039B7BB999F80020029B9A42D5D099F870
S21400B9A00030DAF800202868FCF76EFF0028CCD0BC
S21400B9B00446D1E70191FDF7EDF80199EFE7084B52
S21400B9C0A346DE5DC3E700BFF062002010630020E0
S21400B9D078830400EF580020C3E903005683040070
S21400B9E012830400888004009C83040034830400CF
S21400B9F0F8B51F46214B04461B780D46164623B164
S21400BA0000F47E23B3F50E2F2BD02046FFF7E8FE7A
S21400BA102128044614D81A4B53F82010194B1B78CB
S21400BA20ABB1194B212C18681DD8184B1B5DD3B130
S21400BA303268FDF72FF8044650B129F08EFD07E076
S21400BA40FF2807D93A46314680B229F09AFA0024F0
S21400BA502046F8BD4FF4A9710D4832F025FA0021B2
S21400BA60DCE70146DAE77F2D08BF00253B46324675
S21400BA7051FA85F1FCF708FFDDE700BFEE5800201D
S21400BA809C830400EF580020106300207883040095
S21400BA90C3E9030030B5134600F07E62B2F17E6F54
S21400BAA08BB00DD10A46C0F30B016846FEF71AFAB2
S21400BAB020B140F29311094832F0F6F90BB030BDD0
S21400BAC05A0829F04DFD0028F8D04FF49C71034821
S21400BAD00BB0BDE8304032F0E7B900BF54EA0300CF
S21400BAE02DE9F743C70705460E46144604D540F22F
S21400BAF0E311494832F0D8F9E10704D54FF4F27162
S21400BB00454832F0D1F9454B93F80080B8F1000F64
S21400BB1020D043F260239D4208D122463146404859
S21400BB200EF0A4FB002003B0BDE8F083C5F30B07BE
S21400BB3005F44055B5F5805F14BF4FF40F204FF461
S21400BB400E20234632467F21384303B0BDE8F0433B
S21400BB50FFF74EBF05F47043B3F5805F3FD1C5F3E2
S21400BB600B05304A05F17E65631E2B44934230D8A0
S21400BB702F46DFF8A49007EB0408474542D1AA07F2
S21400BB800ED04FF6FF7336F8022BA81E43EA024388
S21400BB9004220DEB02010193FFF77CFF0235023C05
S21400BBA0A3070ED0023C24F00103F35A04226FEAE6
S21400BBB003436FEA13430DEB020128190193FFF7C5
S21400BBC069FF002CAED0224631462846FFF762FFBA
S21400BBD0A8E740F2FD11104832F066F9C8E705F410
S21400BBE06043B3F5005F04D1C5F30B0505F53E25AC
S21400BBF0BEE740F20521084832F056F96FF00F070D
S21400BC004546B6E717F8013BFF2BB6D04FF4047154
S21400BC10484632F049F9B0E754EA0300EE580020EF
S21400BC203E680020FF03E00F10B500F077F829F01B
S21400BC30E3FC044618B100F079F8204610BD00F089
S21400BC407BF804460028F6D10122014B1A70F2E771
S21400BC50F0580020054B1B7833B1054BC0F3130199
S21400BC6000221868FCF75ABF11207047F0580020D1
S21400BC7010630020144B2DE9F0411B7805460E4654
S21400BC801746FBB129F09FFC012805D9841EE4B2B3
S21400BC90012C09D9212412E03B4631462846BDE84E
S21400BCA0F041002200F052B800F038F83B4600227F
S21400BCB03146284600F076F8044600F037F820466D
S21400BCC0BDE8F0811124FAE7F0580020124B70B559
S21400BCD01B7804460D461646E3B129F074FC01288D
S21400BCE005D9831EDBB2012B08D9212410E0324689
S21400BCF029462046BDE8704000F040B800F00EF837
S21400BD0020463246294629F079FC044600F00EF813
S21400BD10204670BD1124FBE7F058002008B531F02E
S21400BD20C4FF014B186008BD80380020014B18681E
S21400BD3031F0B6BF80380020024B1968024B1868F5
S21400BD40FCF752BBF06200201063002037B50546B2
S21400BD500C46C0F313010848ED02006805D52246DC
S21400BD6003B0BDE83040FCF78DBC00931346224676
S21400BD70FCF742FC03B030BD1063002030B405462B
S21400BD801346074A0C46C0F313011068EA0203D5AF
S21400BD90226830BCFCF77EBE224630BCFCF774BD81
S21400BDA010630020F7B505460F4614461E461BB91D
S21400BDB02125284603B0F0BD0029F9D029F003FC60
S21400BDC04BF23462ABB2934220D14FF0FF3322469F
S21400BDD06946CDE9003325483346FFF7E3FF0822DE
S21400BDE00546234968460EF0FDFB38B93346224621
S21400BDF0694641F2F010FFF7D5FF0546002DD8D171
S21400BE003246694638460EF031FAD2E741F2F01271
S21400BE1093420FD1174B311908299A6CDB6CC7D89F
S21400BE20CDE9002332460DEB040138460EF01EFA2B
S21400BE300025BEE702280BD1C5F30C433219934206
S21400BE40B6D3C5F30B0104F17E6432462144ECE719
S21400BE50032809D1C5F30C4332199342A8D3C5F37E
S21400BE600B0104F53E24F0E70125A2E7021008C006
S21400BE70288404000080E00F10B52BF073FE2CF031
S21400BE8029FFBDE81040034601210220014A02F0C6
S21400BE900BBC00BFEBEA030013B5D0E9023253F83F
S21400BEA022301C7820462BF06FFE2346009001219E
S21400BEB00220024A02F0F8FB02B010BDFFEA0300BF
S21400BEC0014B18782BF035BAF1580020FF232DE9E6
S21400BED0F04F8FB01122002108A88DF813300EF015
S21400BEE035F808A82AF0E1FB01210220B04A08AB89
S21400BEF002F0DAFB41F24903AE4A0121022002F0C9
S21400BF00D3FB06A82AF000FD08A90DF113002AF0BD
S21400BF1006FD02200021A84A02F0C6FB00202BF0F6
S21400BF2039FA10B106A809F0CDFB9DF92A30012197
S21400BF300220A24A00939DF82B3002F0B5FB2BF0AE
S21400BF400DFE831EDBB2FC2B054631D801210220F4
S21400BF509B4A02F0A9FB01249A4E9B4FDFF8D08241
S21400BF60234632460021022002F09EFB05A9E0B2DD
S21400BF702BF0F6FD034650B1A0F11602012A40F25E
S21400BF80AA8042460121022002F08EFB0CE09DF9B9
S21400BF9014303A4601939DF8163001210093022092
S21400BFA09DF8153002F080FB0134E3B29D42D7D8ED
S21400BFB0BDF8284007F072FF23460021834A009010
S21400BFC0022002F071FB02200021814A02F06CFB85
S21400BFD000202BF0DFF910B108A809F073FB01214F
S21400BFE07C4A022002F060FB2BF016FD04462BF084
S21400BFF011FD23460121784A0090022002F054FBEE
S21400C00008F024FC00210220744A02F04DFB9DF843
S21400C0101330FF2B65D000210220714A02F044FB4A
S21400C02001216C4A022002F03FFB2AF07DFC012130
S21400C03003466C4A022002F037FB07F007FF002198
S21400C0400346694A022002F02FFB2AF073FC0446DE
S21400C0502AF072FC23460121644A0090022002F076
S21400C06023FB31F02EFF08F099FC01210346604ABD
S21400C070022002F019FB0025DFF8B88108F08EFCDC
S21400C080ECB2A04233D831F01CFF0123594A1946BE
S21400C090022002F009FB00202BF04BF9564B574CC0
S21400C0A00093012100230220554A02F0FDFA23687E
S21400C0B063B1012102201B78524A02F0F5FA236888
S21400C0C0012102205B78504A02F0EEFA2BF036F996
S21400C0D00FB0BDE8F08F012102204C4A02F0E4FACE
S21400C0E062E7002102204A4A02F0DEFA98E7494B4E
S21400C0F0204603EB0416D6F8089008F009FD8246A1
S21400C100204608F051FC444F00280CBFC346BB46EF
S21400C110204608F0FDFC0AF0B7FA002808BF47469C
S21400C120534600210220CDE900B73C4A02F0BCFA93
S21400C130B37901210293B388022001937388384AA9
S21400C1400093337B02F0B0FA0026DFF8ECB099F8E3
S21400C1500430F4B2A34203D831F0B3FE01358DE7C4
S21400C16014235C43D9F8007002203A5B07EB040AFC
S21400C1709AF90C3000922B4A002132EA230228BF9B
S21400C1805A461346284A02F08FFA00202BF002F98E
S21400C19038B150463C5B2AF036FC014620460AF091
S21400C1A0C1FA01210220214A02F07EFA0136CEE7CA
S21400C1B040EB03004FEB03006BEB030097EB030031
S21400C1C072EB030088EB03008FEB0300C4EB030065
S21400C1D0E4EB03002EEC0300EDEB03000FEC030092
S21400C1E0300A04001AEC030030EC030046EC0300AF
S21400C1F05CEC0300D5EC0300EDEC03001C3D0020D6
S21400C200E1EC0300FBEC03000FED0300ACEB0300D6
S21400C210CCE80300503C002017EB030067EC03005B
S21400C22087EC030034EB0300BDEC03004533040049
S21400C230B7EB03001FEB030028EB03002DE9F743E1
S21400C2400025134EDFF8588008F0A8FBECB2A04299
S21400C25002D803B0BDE8F0832701204616F8079001
S21400C26008F0A2FB0B4A4B46002808BF42460021B6
S21400C27002200092084A02F017FAF05D2AF060FBEE
S21400C28001210220054A02F00FFA0135DCE700BF63
S21400C290503C0020DE3904002AED0300453304003C
S21400C2A0E839040008B583685A681178C26853F8FC
S21400C2B02230A1F1650251425141187808F02AFD5A
S21400C2C030B9BDE8084001210220024A02F0ECB96C
S21400C2D008BD00BF35ED030000210220014A02F030
S21400C2E0E3B900BF4FED030000210220014A02F02F
S21400C2F0DBB900BF7DED030010B5044686B01822FA
S21400C300002168460DF022FE68462AF08FFFD4E929
S21400C310022052F8203002EB80021B788DF80B309A
S21400C320516891F900108DF80A1091680988ADF8E7
S21400C33008106168091A032907DDD26803F01F0395
S21400C340127843EA42138DF80B30684607F054FE25
S21400C35000210346024A022002F0A6F906B010BDEC
S21400C36099ED030007B500202BF0BCFB00210090E0
S21400C370034B0220034A02F097F903B05DF804FB72
S21400C380A6ED0300ACED030013B5D0E9023253F876
S21400C390221003EB82035B68087819680023094CB7
S21400C3A0A222994208BF2146C01A18BF01202BF0CE
S21400C3B08DFB01210090044B0420044A02F074F91E
S21400C3C002B010BD00F8FF07732F0400BEEE030096
S21400C3D013B5D0E9023203EB820153F82230D1E9DB
S21400C3E001141878FF22003818BF01202378096846
S21400C3F02BF06CFB01210090034B0420034A02F053
S21400C40053F902B010BD00BFB7ED0300BEEE030047
S21400C41008B5002101230C4A2BF0CAF90A482AF075
S21400C42028FF0020094909F0E5F900202AF0B2FFAC
S21400C43010B1054809F046F9BDE80840012104207E
S21400C440034A02F031B900BF225E0020CCED0300A3
S21400C4504533040010B52AF071FA034630B1BDE842
S21400C460104001210420054A02F01EB90121BDE852
S21400C47010400420024A02F017B900BFDAED0300AC
S21400C480EBED030010B52AF0F8FEBDE810400346B9
S21400C49001210220014A02F007B900BFF6ED0300B1
S21400C4A010B52AF0B9FEBDE810400346012102206F
S21400C4B0014A02F0F9B800BF0CEE030037B5D0E928
S21400C4C00232012453F822304FF6FF701D78FE2208
S21400C4D004FA05F100232BF06DFB2B460090214655
S21400C4E00420024A02F0E0F803B030BD20EE03005C
S21400C4F0D0E9023253F822301B7823B10121022002
S21400C500024A02F0D1B8024A137070473FEE0300A9
S21400C510F158002007B568462AF0F6F907F0BEFC89
S21400C52001210346084A022002F0BEF8684609F0D8
S21400C530C9F807F027FF01210346044A022002F04B
S21400C540B3F803B05DF804FB55EE03006FEE03008E
S21400C55037B5D0E90245406854F82530401B03281B
S21400C560D8BF002004EB8504C8BFE068197863686C
S21400C570C8BF00781A78A36893F9003000900120AD
S21400C5802BF092FA38B901210220084A03B0BDE820
S21400C590304002F089B8064B01900093012102203A
S21400C5A0044B054A02F080F803B030BD80EE03006D
S21400C5B088EE0300221B04009CEE030007B5012052
S21400C5C02BF07AFA48B9009001210220084B094A5C
S21400C5D002F06AF803B05DF804FB054B0190009387
S21400C5E001210220044B054A02F05EF8F2E700BF84
S21400C5F088EE0300B3EE0300D14704009CEE030070
S21400C60008B5D0E9023253F8223018782BF008FA31
S21400C61030B9044A0121BDE80840042002F044B8BD
S21400C620014AF7E7C8EE0300E4EE030008B5D0E9D8
S21400C630023253F8223018882BF0F0F930B9044A49
S21400C6400121BDE80840042002F02EB8014AF7E7B1
S21400C65003EF030033EF030073B50378044613F0CB
S21400C660050F0ED04588062D17D1836801215B681B
S21400C670174A1B780193838804200093154B02F019
S21400C68013F82378012B20D001210420114B124AE5
S21400C69002B0BDE8704002F007B835B983880121C2
S21400C6A004200E4A02F000F8EBE7012DE9D1866877
S21400C6B00B49002009F09EF8304609F003F8294699
S21400C6C00420084A01F0F0FFDBE702B070BD00BFAF
S21400C6D069EF030060EF0300BBEF030086EF030083
S21400C6E0A3EF0300453304002DE9F04F00268FB07A
S21400C6F0364D09AC0FCD0FC42B6801210220344AF9
S21400C700236001F0D1FF3446DFF8DC902AF010F900
S21400C710F5B2A8420BD82AF00BF923460090012167
S21400C72002202C4A01F0C0FF0FB0BDE8F08F28466B
S21400C73005A92BF057F90346002841D19DF814307F
S21400C740032B39D904238DF814302B460021022000
S21400C750214A01F0A9FF9DF814300EAA02EB8303CC
S21400C76000214A4653F8143C022001F09DFF28465B
S21400C7709DF821A09DF815B09DF81870BDF816809C
S21400C7802BF032F95346CDE9028000210220CDE994
S21400C79000B7124A01F088FF01340020E4B22AF004
S21400C7A0F9FD18B10DF1190008F08CFF00210220E8
S21400C7B00B4A01F079FF01E0002BC6D10136A5E750
S21400C7C000210220074A01F06FFFF7E730840400DB
S21400C7D0CDEF030046F003008AEB0300FAEF0300F8
S21400C7E02BE6030021F00300CDFA0300C36882683D
S21400C7F0013BDBB252F8233002201B78652B14BFB6
S21400C80000220121044B1BBF01211A70034A044A6F
S21400C81008BF197001F048BFA56800205DF003004E
S21400C8206BF00300D0E9023253F822301A88014B2D
S21400C8301A8070474068002007B5D0E9023103EB44
S21400C840810253F8213052681988054B0548128832
S21400C85000930088012309F029FC03B05DF804FB6F
S21400C86059C6000040680020C3688268013BDBB2FE
S21400C87052F823305B78A3F1660253425341014AD3
S21400C88013707047A868002030B5D0E9023253F81C
S21400C890223089B01D78012302AA194604462AF0E0
S21400C8A087FF01230093102302210DEB030220468D
S21400C8B02AF05FFF284604AA02A92BF095F9044641
S21400C8C000202AF067FD18B12146044807F076FBE1
S21400C8D00020034908F074FF09B030BD7AF0030069
S21400C8E045330400002330B58FB00221009309AA17
S21400C8F0122305462AF03DFF05AA014609A807F0BF
S21400C900E1F8044698B1232805D1134A01210420F2
S21400C91001F0CAFE09E0212801D1104AF6E70346D5
S21400C920012104200E4A01F0BFFE0FB030BD0123E6
S21400C9302846194603AA2AF03BFF05A903A82BF0B0
S21400C94055F9054620462AF025FD18B12946054822
S21400C95007F034FB044AD9E787F00300AAF0030087
S21400C960E5F0030006F1030045330400F0B5D0E916
S21400C970023253F8221003EB82039B6805461F78A9
S21400C98087B038460E782AF0E5FC044608BBD5E9A1
S21400C990022101238DF80830194452F8210002EBD9
S21400C9A0810200888DF809709268ADF80A00127846
S21400C9B004218DF80C2028460DF10D022AF0F8FE11
S21400C9C0304602A98DF815402BF010F804462AF0E0
S21400C9D0B5FC334601210420024A009401F064FEAF
S21400C9E007B0F0BD1BF103002DE9F04101218EB028
S21400C9F00220274A01F058FE002005AB01AA09A92B
S21400CA002BF0ECF800250446224E234FDFF89880E2
S21400CA101CB128460EB0BDE8F08102202B463246F7
S21400CA20214601F041FE20462AF0B4FC10B10AA8C7
S21400CA3008F048FE3A46002102209DF8303001F00A
S21400CA4033FE424600210220079B01F02DFE002106
S21400CA500220BDF82030114A01F026FEBDF8143041
S21400CA6000210F4A022001F01FFE013501A82AF01E
S21400CA708CFCEDB2012102200A4A01F015FE284680
S21400CA8005AB01AA09A92BF0A9F80446C0E700BF28
S21400CA904DF1030093F103009BF103004F0A0400DD
S21400CAA0B0F1030045330400A7F103002DE9F04779
S21400CAB0064698B0C0B929F039FF074600250EA8EB
S21400CAC02BF096F801210220384A01F0EDFD2C46A5
S21400CAD0DFF8E080DFF8E090DFF8E0A0BC4205D3A6
S21400CAE0284618B0BDE8F0870127E7E713A82BF023
S21400CAF07FF8002E4CD0022306A913A88DF84C30E0
S21400CB00FE242BF067F800283FD102A913A82BF0CB
S21400CB1067F89DF8593043F001038DF85930002E20
S21400CB203DD1234631460220214A01F0BDFD9DF845
S21400CB3059300AA943F0010313A88DF859302BF099
S21400CB404FF800202AF026FC10B114A808F0BAFD11
S21400CB500C9B42460021022001F0A6FDBDF82820CD
S21400CB60002112F4007F0CBF4C23412312F0100F5B
S21400CB700CBF6E227922022000924A4601F094FDF4
S21400CB8006A82AF002FC0135EDB20134E4B2A5E7AE
S21400CB9020460AAB06AA13A92BF01EF8B3E75246A6
S21400CBA00021022001F080FDC1E700BFBAF10300BA
S21400CBB093F10300A7F10300F6F10300EFF1030081
S21400CBC030B5012499B00EA82BF012F813A88DF8F2
S21400CBD038402AF0A3FFC0B9BDF84C1011EA04058E
S21400CBE013D121460220444A01F05EFD2946022068
S21400CBF0424A01F059FD214602203F4A01F054FD09
S21400CC00214602203C4A01F04FFD06A90EA82AF054
S21400CC10E1FF20B11022FF2106A80DF097F904A825
S21400CC202AF0E0FF059B01210220354A0093354B90
S21400CC3001F03AFD9DF8123001210220324A00939D
S21400CC40304B01F031FD00212E4B304A022001F01E
S21400CC502BFD06A82AF099FB13A82AF0C9FF022389
S21400CC600AA913A88DF84C302AF0BAFF00283FD145
S21400CC700B9B009301210220254B264A01F014FD50
S21400CC800121234B244A022001F00EFD0120FFF76C
S21400CC900DFF01211E4B214A022001F005FD002058
S21400CCA0FFF704FF044629F041FE234600900121C9
S21400CCB002201B4A01F0F8FC01211A4B174A0220F9
S21400CCC001F0F2FCFFF790FE1749022803461748CA
S21400CCD0174A28BF0A46084928BF01460092CDE9F0
S21400CCE0013102200121134A01F0DEFC19B030BDEB
S21400CCF04FF0FF33BDE700BF4533040009F20300E1
S21400CD0047F203003FF2030057F20300AC19040099
S21400CD10D32704006AF203007AF2030081F20300CC
S21400CD208AF203009EF2030005F20300160F0400C9
S21400CD30680F0400ACF2030010B5D0E9023253F8D5
S21400CD4022301C78201E18BF01202AF0D3FE054A88
S21400CD50054B0020002C18BF1A46BDE810400349BA
S21400CD6008F02EBDD9F20300D4F20300E2F203006D
S21400CD70D0E9023210B553F822301C8820462AF03B
S21400CD80BBFE2246BDE810400020014908F018BD51
S21400CD9023F3030037B5044607F058F8014638B1C8
S21400CDA000200D4A0D4903B0BDE8304008F008BD2C
S21400CDB0E368A268013BDBB252F8233008481D78CE
S21400CDC00123084A00936C2D08BF02461023204614
S21400CDD02AF0CFFC03B030BD71F3030079F30300F3
S21400CDE08E6800207E68002013B583689A681278E3
S21400CDF0672A22D101A82AF091FE0446A8B9BDF8F8
S21400CE000420174908F0DCFCBDF80430DA070AD421
S21400CE1013F0020F134B144A18BF1A46134900208A
S21400CE2008F0CEFC19E0124AF8E702461149002045
S21400CE3008F0C6FC22461049F1E7C26801A953F87B
S21400CE40220003EB82035B6800681B68ADF80430C1
S21400CE502AF06AFE04460028ECD102B010BD00BFDE
S21400CE60ACF303009FF30300091B0400CDF303009B
S21400CE708FF30300DFF303000BF40300034A0449B7
S21400CE801388C85401331380704700BFE651002052
S21400CE90F758002073B5154D01242B78144E13F067
S21400CEA0040F0CBF02230423124A21461470328852
S21400CEB002200192EB5C104A0093104B5B8801F055
S21400CEC0F3FB002102200E4A01F0EEFB0D4B294633
S21400CED0009332882346022001F02CFC21460220D3
S21400CEE0094A02B0BDE8704001F0DEBBF7580020EA
S21400CEF0E6510020F65800201AF40300D85100200E
S21400CF003FF4030061F403004533040070B5164691
S21400CF104FF48A52114B124DDA805980114B1B8800
S21400CF201A1E18BF012240EA82000F4A1278003A01
S21400CF3018BF012240EA0210287063B103246B7008
S21400CF401B0AAB7009F00EFC631C2855EE54074B09
S21400CF5002341C8070BD0124F4E700BFD8510020C5
S21400CF60F7580020E4510020F5580020E651002034
S21400CF7038B5D1E902320C46054653F8223002464F
S21400CF8019880C4B1878FFF7C1FFE368A2680133D5
S21400CF9052F82330188828F073FB4DB1E368A26876
S21400CFA0023352F823301878BDE83840FFF766BFE2
S21400CFB038BD00BFF2580020F0B50546EB68AA68F9
S21400CFC0023352F8233008461C78294685B0FFF70E
S21400CFD0CFFF204629F003FD204E214F78B3204690
S21400CFE029F009FD0321441C03AA284627F0AFFBBD
S21400CFF03288E4B2C2F1FF0303991B1B9BB28B423B
S21400D00022443CBFC2F1FF03039301230321009394
S21400D0103A449DF80C3028462AF0ABFB039A022CC3
S21400D020338804BF0F48110AFA5408BFC15413448A
S21400D0301C44348005B0BDE8F040FFF72BBF204607
S21400D04007F00CFC012332880446009303210346B4
S21400D0503A4428462AF08DFB3388E9E7E65100205B
S21400D060F7580020F8580020052307B50121009343
S21400D0700220044B044A01F017FB03B05DF804EBF2
S21400D080FFF79EBD48F403004FF4030013B50446B3
S21400D0902AF040FD38B1CDE9004001210220034BC3
S21400D0A0034A01F001FB02B010BD00BF71F303009C
S21400D0B066F40300194B37B51B783BB901210220F3
S21400D0C0174A03B0BDE8304001F0EEBAD0E90232AC
S21400D0D0144C53F8223001211D78638802200093F7
S21400D0E0114A2B4601F0E0FA104B25711B78104DC3
S21400D0F063B1012102200F4A01F0D6FA20460E4AFB
S21400D100298803B0BDE8304029F00ABA20460A4A0A
S21400D110298803B0BDE8304029F0C4BAF65800208C
S21400D1207DF40300D85100208BF40300F358002050
S21400D130E6510020A2F40300F75800202DE9F04144
S21400D140D0E9023253F8221003EB82035A680C78B7
S21400D15017889A68DB68B2F80080C6B01D78002190
S21400D160304B0220304A0094CDE9017801F09CFA59
S21400D170002D0CBF6E237923012102202B4A01F0DB
S21400D18093FAFF23002D0DF1170606AD01932046F6
S21400D1900CBF80234023424639460296009529F06C
S21400D1A064FF0446002835D1307829F01EFC074677
S21400D1B0B0B128462AF0ADF81D4BFD28A8BFFD20CB
S21400D1C00093234682B20DF11901022001F0B2FA53
S21400D1D001210220174A01F067FA46B0BDE8F08147
S21400D1E0307829F008FC60B128462AF097F8FD2828
S21400D1F0A8BFFD200E4B82B200930DF11A013B46EC
S21400D200E3E7307807F02AFB0B4B024600932946EB
S21400D2100123DAE7009001210220084B084A01F0BA
S21400D22043FADAE76F280400BCF40300E1F40300D5
S21400D230F33C04004533040061F4030069FD030079
S21400D240EBF40300D0E9023253F8221003EB82031A
S21400D2502DE9F04F5A680F78B2F800809A68C7B088
S21400D260B2F80090DA681B6992F800A01E780021D8
S21400D2702F4B304A0446CDE901890220009701F081
S21400D28013FABAF1000F0CBF6E2379230121022096
S21400D290294A009606AD01F007FAFF22002128462B
S21400D2A00CF054FE304629F0A0FB834608B300235A
S21400D2B0052100932046FD230DF119022AF059FAA4
S21400D2C02870BAF1000F0CBF802340234A4641461F
S21400D2D03846CDE9005629F093FE0146144806F07C
S21400D2E06DFE01210220154A01F0DEF947B0BDE8C7
S21400D2F0F08F304629F07FFB60B1FD2305212046E4
S21400D300CDF800B00DF11A022AF033FA85F801B014
S21400D3102870D6E70590304607F0A0FA059A03462F
S21400D320009205212A4620462AF023FAC9E700BFC4
S21400D33062280400BCF40300FCF403004533040038
S21400D3402DE9FF471C465B68E5685B1B00255FFA16
S21400D35083F803952E46FFF7D9FDEBB298450BD917
S21400D3600C9B9B5D282B39D8202B00F2CB800136F6
S21400D370F6B2002B40F0C980FFF78CFD04B0BDE884
S21400D380F087132A2FD801A151F822F053D40000B9
S21400D39065D4000077D40000ABD4000079D3000039
S21400D3A079D3000079D3000079D30000E7D30000DA
S21400D3B0E7D30000E7D30000E7D30000E7D3000080
S21400D3C0E7D30000E7D30000E7D30000E7D3000070
S21400D3D0E7D30000F7D30000D1D40000A3F1310258
S21400D3E0D1B21329CDD90136F6B2A3F14102032AF0
S21400D3F0C2D8422B6CD06C4F00213A88DFF8B0A11F
S21400D400C2F1FE039BB2FF2B28BFFF23013200911F
S21400D410DBB22046524469B22AF087F93B880AF804
S21400D420030001331844388011E04FF00409E36824
S21400D430A2682B4452F823301F68F8B209F1FF396E
S21400D440FFF71CFD19F0FF094FEA1727F5D1013544
S21400D45083E7E368A2682B4452F823301878FFF776
S21400D4600DFDF4E7E368A2682B4452F823301888D1
S21400D47028F006F9EBE7E368A2682B4452F823305D
S21400D4801F68B7F1807F09D2F8B2FFF7F7FCC7F341
S21400D4900720FFF7F3FCC7F30740E0E72B46012120
S21400D4A00820424A01F000F966E74FF00409E368F5
S21400D4B0A2682B4452F823301F68F8B209F1FF39EE
S21400D4C0FFF7DCFC19F0FF094FEA1727F5D1BEE796
S21400D4D0294603AA204627F03AF90021324F344A5B
S21400D4E03B88DDF80C9002EB030CCAB2914501F1C3
S21400D4F0010102D84B443B80A9E710F802A00CF8C3
S21400D50002A0F2E7242B3FF670AF013B232B3FF639
S21400D51033AF01A252F823F053D4000065D40000C4
S21400D52077D400002BD4000079D3000079D3000014
S21400D53079D3000079D3000079D3000079D30000B6
S21400D54079D3000079D3000079D3000079D30000A6
S21400D55079D3000079D3000053D4000065D40000CE
S21400D56077D40000ABD4000079D3000079D3000054
S21400D57079D3000079D3000079D3000079D3000076
S21400D58079D3000079D3000079D3000079D3000066
S21400D59079D3000079D3000053D4000065D400008E
S21400D5A077D400002BD40000E651002015F50300C8
S21400D5B0F7580020094B1B7823B101210820084AA0
S21400D5C001F072B8D0E9023253F82230054A1B88BF
S21400D5D0012113800820044A01F066B8F65800209E
S21400D5E03BF50300E45100207DF50300D0E902324C
S21400D5F053F82230054A1B780121003B18BF01234F
S21400D60008201370024A01F04FB800BFF4580020FB
S21400D610A3F50300D0E9023253F82230034A1B7800
S21400D620012113700820024A01F03EB8F558002088
S21400D630D2F5030010B5D0E90232044653F8223082
S21400D640132219880B4B1878FFF760FCE368A26872
S21400D650013352F823301878FFF710FCE368A2680D
S21400D660023352F823301878FFF708FCBDE8104064
S21400D670FFF710BCF258002010B5D0E9023204467D
S21400D68053F82230112219880B4B1878FFF73EFC0E
S21400D690E368A268013352F823301878FFF7EEFBF0
S21400D6A0E368A268023352F823301878FFF7E6FBE7
S21400D6B0BDE81040FFF7EEBBF2580020D0E902327A
S21400D6C053F82230034A1B78003B18BF0123DB00C7
S21400D6D013707047F258002010B5D0E9023253F8A4
S21400D6E02230044619880E4B06221878FFF70EFCE7
S21400D6F00120FFF7C3FBE368A268034452F8233017
S21400D700188827F0BDFFE368A268023352F823307A
S21400D710188827F0B5FFBDE81040FFF7BBBB00BF79
S21400D720F25800202DE9F043D0E902324FF0FD090F
S21400D730013253F8221003EB82035A68C7B01788E9
S21400D7409A68B1F80080147853F8043C002C0DF168
S21400D750170506AE18783A4614BF40238023414684
S21400D7600295CDF80490009629F07FFC034638B168
S21400D770184A0121082000F097FF47B0BDE8F08363
S21400D780201E18BF01200A224146C000FFF7BEFB3C
S21400D790384627F075FF2878FFF770FB4A46314673
S21400D7A0287829F0D0F8044628B10B4F3D88C5F1FB
S21400D7B0FF03984202DD2346084ADAE70246084895
S21400D7C03146284425440CF051FD3D80FFF762FBAE
S21400D7D0D3E700BF08F60300E651002024F6030056
S21400D7E0F758002010B5D0E90232044653F822302C
S21400D7F0082219880B4B1878FFF788FBE368A268A5
S21400D800023352F823301878FFF738FBE368A26833
S21400D810013352F82330188827F032FFBDE8104055
S21400D820FFF738BBF258002073B5D0E90232054640
S21400D830023253F8221003EB820353F8042C53F8F9
S21400D840083C0C781988234B168818780622FFF7B0
S21400D8505DFB0020FFF712FB304627F011FF204645
S21400D860FFF70CFBEB68AA68033352F823301888DE
S21400D87027F006FFEB68AA68043352F823301888AE
S21400D88027F0FEFE204609F06DF9E8B9204606F0BE
S21400D890E5FF05210446019001AA284626F057FF19
S21400D8A0019B01469C4206D0224631460A480BF0B0
S21400D8B03BFA02B070BD094D09482E882246304416
S21400D8C034440CF095FB2C8002B0BDE87040FFF7A6
S21400D8D0E1BA00BFF258002050F60300E6510020DF
S21400D8E0F758002073B5D0E902324FF48A5153F846
S21400D8F02230104D1A88104BD9805A8000232A46B1
S21400D90000930121FF2329F034FF2B78044613F0FF
S21400D910040F0A4B08BF01261B7818BF032613B155
S21400D92008F020FFA855064B1C8002B0BDE87040EA
S21400D930FFF7B0BAF7580020D8510020F45800205E
S21400D940E6510020D0E9023253F82230034A1B7811
S21400D950003B18BF01231370704700BFF358002028
S21400D96010B50C4608B907F089FE024B18715C71B9
S21400D97010BD00BFD851002002462DE9F341D0E982
S21400D9800253526855F82310D21A0C8805EB83010F
S21400D990013BDBB255F82380294D022A4868C8BFF0
S21400D9A08A682B78D8BFFF210078C8BF11783BB9AA
S21400D9B001210220234A02B0BDE8F04100F074BE07
S21400D9C0FFF7CEFF06F06AFA1F4F204E3B8801464F
S21400D9D0224600931E48334629F033FC0246C8B957
S21400D9E098F804103B885F2917D1CDE900364FF62A
S21400D9F0FF712046164B28F087FD28B1034601210B
S21400DA000220144A00F050FE0023134A2B701380A5
S21400DA10124A137002B0BDE8F0814FF6FB718C42DB
S21400DA2008D9CDE900362146094B4FF6FF7028F09D
S21400DA30C9FDE2E72146064A009628F0F5FDDCE738
S21400DA40F65800209BF60300E6510020F758002009
S21400DA50D8510020A2F60300E4510020F55800201B
S21400DA60002210B50A2104461046FFF74FFA0020A0
S21400DA7027F006FE0122044B1A70FFF70BFA204629
S21400DA80BDE81040FFF778BF1F5E002038B51C4683
S21400DA9015460123224629F08BFE60B9214628460A
S21400DAA02AF062F8044620B101210420034A00F05F
S21400DAB0FBFD204638BD0024FBE700BFC9F6030087
S21400DAC02DE9F0430C4615461F46D0E9022352F8CE
S21400DAD0231002EB830293680E8893F80080D368C5
S21400DAE08BB0B3F800903246012106ABFFF7CEFFAD
S21400DAF0F0B90DF1200CF4B101232A884021CDE9BC
S21400DB0002C2CDE90471CDE900932221434606AA5C
S21400DB10304629F084FE0B4B0B4A00930B4B0190CA
S21400DB20002C08BF134601210420094A00F0BCFD62
S21400DB300BB0BDE8F083624628686968032303C219
S21400DB402246DBE728F703000DF7030007F703007C
S21400DB5015F7030007B501236A46002129F028FEC1
S21400DB606846034908F04EFB03B05DF804FB00BFAF
S21400DB7059C60000D0E9023253F82230014918880D
S21400DB8008F012BB59C6000010B5D0E9023203EB0C
S21400DB908201496853F8223009784FF48A5218886F
S21400DBA029F02DFEBDE81040034601210420014A5D
S21400DBB000F07ABD32F70300D0E9023253F8223083
S21400DBC002214FF48A5210B5188829F00AFEBDE8E3
S21400DBD01040034601210420014A00F065BD00BF45
S21400DBE04BF703001FB5D0E9023203EB820153F86E
S21400DBF02230496818884FF48A5309880293094BE3
S21400DC00094A0193094B1B7800931278084B29F0B8
S21400DC105EFE012103460420064A05B05DF804EBCB
S21400DC2000F042BDE8510020F7590020F6590020C8
S21400DC30F251002062F703002DE9F043D0E90232EA
S21400DC4053F8221003EB82035A680E8817789A68F6
S21400DC50DB688BB092F80090B3F80080324604215F
S21400DC6006AB0446FFF712FF28BB08AD01232A4681
S21400DC700521204629F09CFD38B9042001210F4AD1
S21400DC8000F012FD284628F03FFE4FF48A53CDE9F7
S21400DC9004930023CDE9025303232121CDE9008319
S21400DCA006AA3B46304629F0BAFD01210346044A3F
S21400DCB0042000F0F9FC0BB0BDE8F0837AF703000F
S21400DCC0A9F7030038B5D0E9024303F18043023BCD
S21400DCD002220F4954F823009D000CF083FC60B923
S21400DCE00C4B0D491A78042A0BD82C44A0680088DF
S21400DCF021F8120001321A7038BD084B08491A780C
S21400DD00F1E70121BDE838400420064A00F0CCBC0B
S21400DD109D200400F7590020F2510020F6590020FB
S21400DD20E8510020BBF7030008B5C368806803F11C
S21400DD308043023B0222064950F823000CF052FCB6
S21400DD4010B9044B187008BD0022034B1A70FAE78E
S21400DD509D200400F7590020F659002037B5D0E979
S21400DD60023153F821208C0015784268521A012A95
S21400DD70C5BF1B195B686C091C78DCBF44F018042F
S21400DD8005F01F052946204629F065FC034640B1EC
S21400DD902346012104200E4A009500F085FC03B0BE
S21400DDA030BD0121A94074B92346FE224FF6FF700C
S21400DDB029F000FF012103460420064A03B0BDE80F
S21400DDC0304000F071BCFE2241EAC461EEE700BFBD
S21400DDD0D1F70300F1F7030070B5D0E9021551F84A
S21400DDE0253001EB8501044618884B681A788B6845
S21400DDF0052A1B8802D85E1E072E0BD90121042097
S21400DE000C4A00F051FCBDE87040012104200A4A8B
S21400DE1000F04ABC6468641B032CCABFC968074983
S21400DE20096829F0C7FEBDE8704002460449002094
S21400DE3007F0E0BC0FF803002FF8030000F8FF0718
S21400DE404CF8030008B5D0E9023253F8220003EB81
S21400DE5082035968FF22038809684FF6FF7029F08D
S21400DE60A9FEBDE8084002460149002007F0C2BCF2
S21400DE705FF8030008B5D0E9023253F822300521D6
S21400DE804022188829F0ADFCBDE808400246024949
S21400DE90002007F0AFBC00BF80F8030008B5D0E94B
S21400DEA0023203EB8201486853F8221002784023BE
S21400DEB00988312029F0E8FCBDE8084002460249FE
S21400DEC0002007F097BC00BFA1F8030008B5D0E912
S21400DED0023203EB8201486853F82210027840238E
S21400DEE00988332029F0D0FCBDE8084002460249E4
S21400DEF0002007F07FBC00BFBBF803001FB5D0E9C9
S21400DF00023253F8221003EB82039B6808881A78C3
S21400DF100023D21A18BF0122CDE9023302A94023FA
S21400DF20D20129F0C0FC01210090044B0420044AD1
S21400DF3000F0BAFB05B05DF804FB00BF28F703004D
S21400DF40D9F8030007B5D0E9023253F8223003218E
S21400DF504022188829F045FC01210090034B04203C
S21400DF60034A00F0A1FB03B05DF804FB28F70300AA
S21400DF70E8F8030037B5C3688268053352F82330E3
S21400DF8004211D786A460123044629F011FC38B99D
S21400DF9004200121064A00F087FB684628F0B4FCFE
S21400DFA02B466A4600212046FFF78AFD03B030BDA7
S21400DFB002F9030007B5D0E9023203EB8201486894
S21400DFC053F82210027840230988322029F05CFC9E
S21400DFD001210090034B0420034A00F065FB03B0C8
S21400DFE05DF804FB28F7030033F9030070B5856974
S21400DFF00446EA0705F0020605D476B1C5F3072005
S21400E00029F0A8F909E01EB1B2210F482FF04CFF05
S21400E010A069C0F3810029F08CF9E3691BB9BA2125
S21400E02009482FF041FF204614F0D0F9E3693EB1CD
S21400E030607E9847AB0706D0BDE8704029F07EB9F1
S21400E04020469847F6E770BD48F9030008B514F077
S21400E050D1FD28B1BDE80840472102482FF024BF73
S21400E06008BD00BF48F903002DE9F041FF2B044628
S21400E0700F4690461D469DF8186005D0FF2E03D02B
S21400E080D52111482FF010FF0023FF2D18BFAD003B
S21400E0900E4A1CBF45F00105EDB222600C4AC4E9E9
S21400E0A0063818BFA561FF2EC4E901232361E76087
S21400E0B007D0A36943F0020323F47F4343EA062311
S21400E0C0A361BDE8F08100BF48F903008438002052
S21400E0D0EDDF0000002310B5054C03610460054C1D
S21400E0E0C261C0E901430123C160836110BD00BF66
S21400E0F084380020EDDF000070B58669044606F01F
S21400E1000303032B0D4603D1FC2114482FF0CCFE4D
S21400E110FF2D16D0B20704D440F201110F482FF09D
S21400E120C3FE284628F0B0FDFF28054604D14FF46C
S21400E13082710A482FF0B8FE2DB204EB4514204633
S21400E14070BDF307FBD5A36913F00C0FF7D040F2B0
S21400E1500B1102482FF0A8FEF1E700BF48F90300B4
S21400E1600023054AC0E9063103610260C360034A22
S21400E170034B42608360704784380020EDDF000068
S21400E1809923020001482BF015BC00BF84380020FC
S21400E19001482BF01BBC00BF8438002013B50E4886
S21400E1A02BF0E2FB27F0E8FA2AF090FB2AF0ACFB13
S21400E1B02AF0B3FBFCF748FF0446FCF75FFF234654
S21400E1C0009001210420054A00F06EFA02B0BDE876
S21400E1D01040FCF73FBF00BF84380020DBF9030087
S21400E1E0022808B503D12FF058FE014B186008BD71
S21400E1F0B438002008B50CF00FFF0122044B1A704B
S21400E2002FF0D4FEBDE8084002490348FDF7E4B805
S21400E210F95900201C630020B8380020014B187004
S21400E220704700BFF8590020024B187808B105F077
S21400E23019BE70479E68002008B5074B1B780BB1C7
S21400E240002008BDFFF7F0FF0028F9D106F0E4F93A
S21400E250023818BF0120F4E7F859002070B5FFF720
S21400E260EBFF174D20B1FFF78DFF0428044613D8A7
S21400E2702B781BB92FF09AFE01232B7027F08AFA11
S21400E2800446D8B12B781BB9F7210E482FF00CFEA8
S21400E290BDE87040FFF776BF27F07EFA0028E7D08B
S21400E2A02B785BB12FF001FD0646002101202DF0F2
S21400E2B0C1FE30462FF0F4FC00232B70204670BDC4
S21400E2C0F9590020FCF903001FB5FFF7C7FF044605
S21400E2D0FDF72CFAA04228BF204688B103A92EF0ED
S21400E2E095FA034638B9CDE90000064A0399064870
S21400E2F02FF0EFFD18B18E2104482FF0D5FD012038
S21400E30004B010BD9357030094380020FCF90300B6
S21400E3100D4B70B51B780D4D0D4C0121002B0CBF1D
S21400E3202B46234602200B4A00F0BEF90A4B012179
S21400E3301B780220002B0CBF2B462346BDE87040FE
S21400E340064A00F0B1B900BF9E680020BC20040059
S21400E350DB20040092FA0300F8590020B1FA03000B
S21400E36010B5D0E9023253F8223002201B78012182
S21400E370002B15BF01240024044A054A00F094F936
S21400E3802046BDE81040FFF749BF00BFD0FA0300A3
S21400E390EDFA0300D0E9023253F82230034A1B7824
S21400E3A0003B18BF01231370704700BF9E68002013
S21400E3B038B50125084B1D702FF077FC044629461A
S21400E3C028462DF037FE20462FF06AFCBDE8384080
S21400E3D002490348FDF700B8FA59002024630020DC
S21400E3E0E038002070B514F08BFC10F0070F1D4DC0
S21400E3F011D02B785BB901262E702FF056FC044600
S21400E400314630462DF016FE20462FF049FCBDE87A
S21400E410704014F039B929F0A9FB0228E9D1124C52
S21400E4202378032BE5D914F06BFC10B92378032B63
S21400E43014D814F029F904460028DAD02B785BB1FA
S21400E44000262E702FF031FC0546314601202DF0B7
S21400E450F1FD28462FF024FC204670BD4FF0FF3417
S21400E460ECE700BFFA5900209E5E00201FB5FFF7BC
S21400E470B9FF0446FDF75AF9A04228BF204688B1E6
S21400E48003A92EF0C3F9034638B9CDE90000064AC1
S21400E490039906482FF01DFD18B18C2104482FF073
S21400E4A003FD012004B010BD5F5D0300C0380020EE
S21400E4B00CFB030010B5094C0949002007F080F951
S21400E4C023681B68587928F015FC23681B68587960
S21400E4D027F04EFC04F092FE002010BDE03D002028
S21400E4E09AFB030008B529F031FB024628B1BDE8C7
S21400E4F008400020014907F063B908BDBDFB0300D2
S21400E50008B529F039FB024628B1BDE808400020CE
S21400E510044907F055B95422BDE80840FF210248D7
S21400E5200BF014BDD5FB0300FC51002038B50446A3
S21400E5300D4629F025FB024628B1BDE838400020EC
S21400E540034907F03DB9034B23F8145038BD00BF0C
S21400E550F3FB0300FC5100202DE9F34100240C4E90
S21400E5600C4DDFF838800C4F56F8043B0BB9D8F842
S21400E570003035F8022B394600920020224601343E
S21400E58007F01EF92A2CEFD102B0BDE8F08100BFDB
S21400E59030630020505200200FFC03002C63002044
S21400E5A008B52A21034829F0E3FABDE80840FFF73A
S21400E5B0D3BF00BF5052002007B5D0E9023253F84F
S21400E5C022301A78292A0DD8084B53F822300BB976
S21400E5D0074B1B680749002031F8121000910649C6
S21400E5E007F0EEF803B05DF804FB00BF30630020D0
S21400E5F02C630020505200200FFC030008B52A218F
S21400E600034829F0B7FABDE80840FFF7A5BF00BFEA
S21400E6105052002038B5D0E9023253F8221003EBEE
S21400E62082035B680C781D880020044907F0C8F850
S21400E63029462046BDE83840FFF778BF1AFC03009D
S21400E6402DE9F34100240C4E0C4DDFF838800C4FBA
S21400E65056F8043B0BB9D8F8003035F8022B39468B
S21400E660009200202246013407F0AAF82A2CEFD1A7
S21400E67002B0BDE8F08100BF30630020FC510020EE
S21400E6800FFC03002C63002010B5024627F086FB23
S21400E69020B9044C236811B11343236010BD23EA4C
S21400E6A00203FAE7DC6300200CB413B502460C46FE
S21400E6B027F074FB60B9094B1B681A4208D005A9FD
S21400E6C0049801910AF044FB14B105482AF08AF830
S21400E6D002B0BDE8104002B0704700BFDC63002007
S21400E6E019FF0300034610B5D3E9023253F822306F
S21400E6F008461C78211E18BF0121FFF7C5FF0146FA
S21400E70048B9084A084B0220002C08BF1346074A9F
S21400E710FFF7CAFF10BD00210220054AFFF7C4FF1D
S21400E720F8E700BF1FEB030017EB03001BFF030017
S21400E73031FF03002DE9F04105461F460C46DFF881
S21400E7402C808E18B44201D1BDE8F0810021284605
S21400E75014F8013B069AFFF7A7FF002FF2D04246B7
S21400E76000212846FFF7A0FFECE700BFA5F1030055
S21400E77002460249002007F023B800BF42FF03000C
S21400E78010B5234C2348FF2126F0E8FF2078022806
S21400E7901ED003282ED0012804D02120BDE810402A
S21400E7A0FFF7E6BF1C4B19780029F7D002231B4A57
S21400E7B023701378052B0EBF00230133DBB299427A
S21400E7C0137003D1052313700020E7E7052BFBD059
S21400E7D0124B1B78052B02D103232370DDE7104A6A
S21400E7E0104932F8230007F0DFFC032323700028CB
S21400E7F0D4D110BD094B0C4A1878094B03EB8001A5
S21400E800897833F8200007F09FFC0123EEE700BF6D
S21400E810FB590020E8380020045A0020A068002099
S21400E820A452002009EA0000B5E900002DE9F04FE7
S21400E8300D46144695B00490112200210FA8994663
S21400E840DFF86C810BF082FB04EB45030393D9F8E9
S21400E85000301C2B02D0039B9C4202D115B0BDE8B1
S21400E860F08F0123DFF844A18DF81C3023884C4A32
S21400E870ADF81E309AF800304A4D08EB83039B78BB
S21400E88028788DF8203013688DF81D00CDF82130DB
S21400E8905368CDF8253028F053FD049B8DF82900E9
S21400E8A021882878002B4AD128F015FA002844D071
S21400E8B09AF800300FAA38F8230007A927F08AFA3A
S21400E8C000283AD028F034F84FF0000B07460646EA
S21400E8D01C255FFA8BF2974234D8B7422BD99DF8A5
S21400E8E01C30032B1AD10FAB0193BDF82130002248
S21400E8F00421009301202C4B06F0E8FD9AF8003026
S21400E90008EB83039978274B187806F05BFE9AF895
S21400E9100030002038F8231028F063FC5DB107A90A
S21400E920304629F063F8214B05461B78304638F808
S21400E930231029F05DF8C9F80050023487E728F064
S21400E940C1F9B3E710460BA9059229F04BF830B988
S21400E9509DF82C1031B9059AB74208BF16460BF140
S21400E960010BB6E7BDF82E00BDF81E209042F6D18A
S21400E9709DF830009DF820209042F0D19DF81C2094
S21400E9808A42ECD1032A14BF082202220DF121018B
S21400E9900DF131000BF026FE002808BF0025DEE74B
S21400E9A0FC5900209F680020BF010400A0680020DA
S21400E9B0A452002013B503460020114A9C68127822
S21400E9C00190052A03D01B78032B00D12CB9012017
S21400E9D002B0BDE81040FFF7CBBE6268217801ABFD
S21400E9E0FFF724FF217A0120E26801ABFFF71EFF44
S21400E9F0FF21044802B0BDE8104026F0A7BE00BFC5
S21400EA00A0680020E8380020094B1B78052B02D0B0
S21400EA100378032B02D00120FFF7AABE8168054ABF
S21400EA200B68054813604B68FF21536026F08EBEC6
S21400EA30A0680020FC590020E838002038B50024E3
S21400EA40114B124D1870124BFF211C702C7006F0E3
S21400EA50B9FD0122032110460E4B06F037FD4FF696
S21400EA60FF712246084628F0BFFB044648B940F628
S21400EA70B832FF21084826F060FE01232B7020469E
S21400EA8038BDFFF775FEFAE79F680020FB590020A7
S21400EA90045A002045330400E8380020144BF0B533
S21400EAA01A68144913680978587988420BD11249B4
S21400EAB0D78808460022114D1E792B78D4B2A3427F
S21400EAC003D8052C0AD10020F0BD0C88BC4202D128
S21400EAD08C78B442F7D001320431EFE7A342F2D18A
S21400EAE020F82270013300EB820086702B70EAE774
S21400EAF0E03D00209F680020A4520020045A002019
S21400EB00FF2307B50021044A04480093FFF7ACFA38
S21400EB1003B05DF804FB00BF81E70000E838002082
S21400EB201FB5B42303210446ADF80E3028F0CAF80A
S21400EB3098B1212320460093002203210DF10E03F5
S21400EB4028F06FFA04460020054B064A0649009452
S21400EB5006F036FE204604B010BD8624F3E700BF5C
S21400EB606CFF030079FF03008EFF0300D0E902323A
S21400EB7053F82230034A1B78012113700220024A00
S21400EB80FFF792BDBB6800209DFF03000122014BEA
S21400EB901A707047BB6800200A4B90F805111B7866
S21400EBA090F8082119448A42BCBFB2FBF3F103FB7C
S21400EBB011234FF0FF32B8BFDBB202FA03F380F83E
S21400EBC00A317047BB6800202DE9FF410446057FE7
S21400EBD0867EDFF870806E43237F98F8002013440B
S21400EBE09D4212DB607F60B9238B029363690193B9
S21400EBF0237C00936288A31D217805F0EFFDFF2398
S21400EC002370002004B0BDE8F081E37EAB42E9D972
S21400EC10A77E228BF1199142A4BF921BD7B205EBB7
S21400EC200323E3813A4633462946204627F0ECF88C
S21400EC300028E7D1637F3744013301356377BEB2DE
S21400EC40EDB2C9E7BB68002037B5054628F004FFDB
S21400EC500D4B04461B6869461B78032B82BF0B4B83
S21400EC601B881B18284688BF9CB228F07DFF38B941
S21400EC70684628F0F3FE18B9044B1B8823449CB260
S21400EC80204603B030BD00BF1C3D00204868002071
S21400EC90084B1B78FF2B0BD1074B1B78FF2B07D19C
S21400ECA0064B1B78022B03D04FF4807028F0DEBA98
S21400ECB0704700BFE0630020383A00200839002083
S21400ECC010B50446FF2126F049FD054B9C4202BFC5
S21400ECD00023A4F588742370BDE81040FFF7D8BF62
S21400ECE0183A00202DE9F0479A462A4B81461B78B1
S21400ECF088461646BDF82050002B49D0FF2D3ED939
S21400ED0038252846BDE8F087234B0C223146A01D47
S21400ED10636184F80090A4F802800BF069F9A28978
S21400ED20414642F4004242F040022046A28127F0CB
S21400ED307DF82A46514660690BF05AF94146484626
S21400ED40A21D258328F0C9FBA0760028D8D005444C
S21400ED50013DB5FBF0F0FF28D2DC0023E07620462C
S21400ED60A383FFF731FF054680B923794FF48070FF
S21400ED70B37228F03CFA227C099B1A80C1E7074C44
S21400ED802778FF2FC0D040F60345BAE72770F2E792
S21400ED900225B6E7BB680020065A0020383A002055
S21400EDA0B0F9063010B5002B25DA144C2278237CF7
S21400EDB0FF2A02D0827A9A4207D0114C2378FF2B82
S21400EDC017D0827A237C9A4213D169B9637F013BBC
S21400EDD0DBB263775BB90B4A237F12782046134475
S21400EDE02377FFF7F1FE0146204627F02EF8FFF7BF
S21400EDF04FFF012010BD0020FCE700BF383A00207E
S21400EE00E0630020BB6800202DE9F04F9A46B1F978
S21400EE10063091B0002B0D461746DDF8688004904A
S21400EE2080F22981B8F80030FF2B04D94FF4B8716E
S21400EE30A6482FF039F8A64B00241A7893F8040158
S21400EE40B3F80211002A40F0A5802E7AA14A127863
S21400EE50B24240F2AF800222A3F802711A70AA7A78
S21400EE60FF2483F804210022A3F8084183F8052133
S21400EE70A3F80621B8F80020954883F80C21FFF780
S21400EE808BFE3846FFF7E0FE214600EB4002924834
S21400EE9026F053FC4FF4807028F0A9F98C4C94F8B7
S21400EEA00A91B9F1FF0F20D18A4A94F805311278F9
S21400EEB01344B34219DC94F80C1184F80531B4F805
S21400EEC00631204601FB0233A4F80631FFF764FE44
S21400EED00122824B38461A70FFF7B6FE494600EB11
S21400EEE0400204F5887026F028FC94F80531B342F9
S21400EEF060D8DFF8E0B19BF800C00CEB0302964246
S21400EF0058DA764994F808210878013A002853D050
S21400EF10964205DAB8F8002084F80C2100220A7020
S21400EF20B6FBFCF901220CFB196994F80A015FFA9A
S21400EF3089F902FA09F2D1B2024076B92889000AA4
S21400EF40844584F8080108D92046CDE906210593B2
S21400EF50FFF722FEDDE90621059B94F80A0101432E
S21400EF6084F80A1182B994F80921B4F806C101326E
S21400EF7084F80921B8F80020DAF800100CEB02003B
S21400EF80FF2826DD0323237094F80831013B9E42B8
S21400EF9030D138E0AE7A864202D18F4200D11C468C
S21400EFA02E7A002C7FF47BAF002A3FF44FAF012A65
S21400EFB03FF44CAF01205FE09642B1DA94F80C11B2
S21400EFC098F800209142ABD004F58870FFF778FEE1
S21400EFD0F0E794F80CE1F31A0EFB03C3A01C10FA3A
S21400EFE083F005920BF004F894F80831059A013B7B
S21400EFF09E4244D0012394F80A2103FA09F3013B08
S21400F0001343FF2B04D122462946384626F00FFF2D
S21400F01094F8083194F809219A42CBD19BF8003035
S21400F020B2FBF3F103FB112212F0FF0218BF1346E6
S21400F0302278022A26D1264A0234107851780128EE
S21400F04004BF01315170012224F8022CEA88B4F87A
S21400F050041122F04002EA8094F809210A44591E5D
S21400F06094F80A3113FB01F31344A8F80030CAF8E9
S21400F0700040FFF70DFE002011B0BDE8F08F84F8C9
S21400F0800B21C0E76979002994D0032A92D1B4F8FD
S21400F090062194F80B1108AE11445A1E94F80C3150
S21400F0A0284613FB02F30B4400219BB2A21CA8F8CF
S21400F0B00030CAF80020CDE900710296049907F0E6
S21400F0C05FFD8921304628F005FA7DE7C4FF03007E
S21400F0D008390020BB680020183A0020055A002096
S21400F0E013B5044618B101280BD002B010BDFF239B
S21400F0F001460093064A0748FEF7B6FF064B1C700B
S21400F100F3E7FFF743FDFF22044B1A70EDE700BF5D
S21400F110C1EC0000183A002008390020383A0020D8
S21400F12013B501A909F0D2FE044648B9BDF8063069
S21400F1309DF80420034906F043FB204602B010BDAC
S21400F1408120FBE75B00040013B5694609F0CAFEA0
S21400F150044688B9BDF802309DF80020074906F03D
S21400F16049FB2046019906F09DFA2046044906F020
S21400F17027FB204602B010BD8120FBE77F0004007D
S21400F180A500040037B5694609F0D0FE044618BB52
S21400F1909DF801309DF80020104906F02BFB104D1D
S21400F1A09DF80120E3B29A4206D800200D4906F0E9
S21400F1B007FB002003B030BD0198630003F4FF7323
S21400F1C002220021184428F09EF829460246002014
S21400F1D006F010FB0134E3E78120EBE7A70004000C
S21400F1E0D60004004533040013B501A909F074FEE7
S21400F1F0044648B9BDF806309DF80420034906F0D9
S21400F200DFFA204602B010BD8120FBE7E0000400D4
S21400F21030B500240B4D85B06946E0B228F0E2FB1D
S21400F22050B99DF80030032B06D12946BDF80530AD
S21400F2309DF8012006F0C4FA0134202CECD105B06C
S21400F24030BD00BF0701040008B50020034906F0E2
S21400F250B7FABDE80840FF2000F0DEBA1901040046
S21400F2602DE9F04F85B006460D46174626F02DFED2
S21400F270044640B130463A46294626F010FE0020A5
S21400F28005B0BDE8F08F4FF003094FEA15285FFA86
S21400F29084FA6946504628F0A5FBB8B99DF800B038
S21400F2A0BBF1000F12D1694650468DF800908DF8DC
S21400F2B005508DF806808DF8016028F097FB024611
S21400F2C00028D7D05846064906F07AFA0134202C92
S21400F2D0DDD10020034906F073FA8920D0E700BF8D
S21400F2E02E010400550104001FB5002304468DF8C6
S21400F2F00F3026F0D5FD28B19DF80F3063F07F0360
S21400F3008DF80F30182301930DF10F0300220093A0
S21400F31004214023204627F073FE024618B1002041
S21400F320024906F04DFA04B010BD00BF700104009B
S21400F3301FB502A909F0E8FD044688BBBDF8082001
S21400F340184906F057FA2046039906F0ABF920460E
S21400F350154906F035FA4FF6F672BDF80810134C4C
S21400F3604B1E9BB2934219D82368039A1B685879A0
S21400F370FFF776FF23681B79012B0BD8BDF8083002
S21400F3800022CDE900030421094B092006F09EF86F
S21400F39028F09AF86FF0FF0004B010BD8720E9E768
S21400F3A08120F9E78F010400A5000400E03D00205D
S21400F3B0A601040070B504468AB005AD11220021EE
S21400F3C028460AF0C3FD204604A909F091FD04462C
S21400F3D000283AD11E4EBDF810201E4906F0F0F95E
S21400F3E032681379012B28D84FF6F670BDF8101046
S21400F3F04B1E9BB2834224D81368587926F065FDCD
S21400F40008B333682A461B68BDF81010587926F0F2
S21400F41045FDBDF8103001220421CDE90043092046
S21400F4200D4B029506F052F828F04EF8034620B130
S21400F43000200A4A0A4906F0C3F96FF0FF000AB036
S21400F44070BD8724E5E78B24E3E78120F7E700BF5C
S21400F450E03D0020A9010400BE010400C201040032
S21400F460CD0104002DE9F0479AB004A909F058FD33
S21400F4700446002840F0B5809DF810205B4906F051
S21400F480B9F925465A4E9DF81020EBB29A4254D848
S21400F4900020584906F094F99DF81050002D40F0D1
S21400F4A099802C462E46544F06A9F0B228F09AFAB8
S21400F4B0C8B99DF81830032B15D13B689DF8192064
S21400F4C01B685B799A420ED19DF81D2005F16803F2
S21400F4D06B4403F8402C9DF81E200235013403F8D7
S21400F4E03F2CEDB2E4B20136202EDDD19DF810306F
S21400F4F00BB1002C77D00AABCDE90143FF230222E3
S21400F5000421009309203D4B039505F0DFFF27F00B
S21400F510DBFF034660B19DF81020002A5FD0384A12
S21400F5203849002C08BF0A460020374906F048F93B
S21400F5306FF0FF001AB0BDE8F08705986B0003F483
S21400F540FF7302220021184427F0DDFE31460246F2
S21400F550002006F04FF9013595E70598730003F48F
S21400F560FF7302220021184427F0CDFE00278046B4
S21400F5705FFA80FA06A9F8B228F034FA00BB9DF8C4
S21400F5801830032B1CD1D9F800309DF819201B68C1
S21400F5905B799A4214D19DF81D30534510D19DF8E1
S21400F5A01E30C8F307229A420AD105F168036B445D
S21400F5B00235013403F840AC03F83F2CEDB2E4B258
S21400F5C00137202FD6D101369DF81020F3B29A428B
S21400F5D0C3D88BE70025DFF820902E46F4E7084ACC
S21400F5E0A2E78120A6E78B20A4E700BF270204003D
S21400F5F0D600040045330400E03D00204602040027
S21400F600F8010400160204004A0204002DE9F04343
S21400F61089B002A909F072FC0446002867D1BDF83B
S21400F6200820344906F0CCF84FF6F672BDF80850BC
S21400F630DFF8D4906B1E9BB2934254D8D9F80030B2
S21400F64029461B685F79384626F03FFC00284CD0D8
S21400F65026465FFA86F8404603A928F0C3F928B97B
S21400F6602946384603AA26F01DFC20B90136202E6E
S21400F670EFD14FF0FF08404628F0B2F9014658BBDC
S21400F680112203A80AF062FC2946384603AA26F08F
S21400F69006FCD9F800301A79012A18D81B68BDF87C
S21400F6A00810587927F0F0FDBDF808300322042131
S21400F6B0CDE900430920104B05F008FF27F004FFB2
S21400F6C0034620B100200D4A0D4906F079F86FF088
S21400F6D0FF0009B0BDE8F08302460A49002006F0A4
S21400F6E06FF80124D5E78724D3E78B24D1E7812060
S21400F6F0EFE700BF6C020400A6010400AA020400A3
S21400F700CD01040083020400E03D00202DE9F04313
S21400F710DFF894800020D8F8003021491B688BB0B1
S21400F7205E79002506F04CF801275FFA85F9484611
S21400F73001A928F057F9044690B99DF80430032B28
S21400F7400ED19DF80530B3420AD1484628F048F954
S21400F7500146A0B102461349204606F031F8274676
S21400F7600135202DE1D1D8F8003000211B685879EA
S21400F77027F08AFD87F001000BB0BDE8F083112268
S21400F78005A80AF0E3FBBDF809403046214605AA65
S21400F79026F085FB2146304627F076FDE0E700BFE1
S21400F7A0B702040083020400E03D002037B5694636
S21400F7B009F0B0FB044638BBBDF80020134906F03C
S21400F7C019F8134D2046019905F06CFF20461149A3
S21400F7D005F0F6FF2B681B68587927F064FE70B1B9
S21400F7E04FF6F672BDF800104B1E9BB2934209D836
S21400F7F02B68019A1B685879FFF732FD04462046AD
S21400F80003B030BD8724FAE78120F9E7CB02040075
S21400F810E03D0020A50004007FB505460024E6B2C2
S21400F8206946304628F0DEF8A8B99DF80030032B6C
S21400F83011D19DF80130AB4204D0FF2D0BD19DF8BD
S21400F8400D3043B9304628F0CBF8024618B10020F8
S21400F850034905F0B5FF0134202CE0D104B070BD9B
S21400F86083020400034B1B681878012808BF022097
S21400F870704700BF1C3D0020D0E9023253F822300A
S21400F8801A78024B1A7000F0E7BA00BF055B00203A
S21400F89070B5D0E902456B1EDBB254F82300032294
S21400F8A01B490AF09FFE54F8253004EB85041978AE
S21400F8B063681A78A2F10B030F2B05D915490020AF
S21400F8C0BDE8704005F07CBF01290FD1124C914075
S21400F8D0236840B90B43114A23600020BDE87040FE
S21400F8E00F4905F06DBF23EA0103F4E702290CD1A6
S21400F8F001230C4903FA02F20B6818B913430A4AAB
S21400F9000B60EAE723EA0203F9E70A460749D6E767
S21400F910EF020400F302040004640020090304005C
S21400F9201103040000640020240304002E030400D6
S21400F93007B5D0E9023103EB810253F821300B49B9
S21400F9401B785268012B0A4B08BF0B4612684FF013
S21400F95000001A600092074A074B084918BF134672
S21400F960074A05F02DFF03B05DF804FB0464002091
S21400F970006400204903040041030400530304000C
S21400F9805484040038B5254A254B264C00202649C9
S21400F99005F016FF0020254905F012FF22682449CD
S21400F9A0002005F027FF2068224C234D05F0E2FEDC
S21400F9B02146002005F004FF2A682049002005F0B3
S21400F9C019FF286805F0D6FE2146002005F0F8FE4F
S21400F9D01B4B1C491A781C4B002053F8223005F0AC
S21400F9E0EFFE00F00DF919490246002005F0E8FE8A
S21400F9F0174B00201A78174905F0E2FE164B1749F8
S21400FA001A78002005F0DCFE04F020FABDE8384045
S21400FA1002461349002005F0D3BE00BF54840400FC
S21400FA206D03040004640020740304007C030400D7
S21400FA308A0304002EEC0300006400209B030400ED
S21400FA40335B0020AC03040008640020BF030400FE
S21400FA50185B0020D3030400175B0020E5030400B6
S21400FA60F703040007B500F071F8054B0090054A4F
S21400FA700020054905F0A4FE03B05DF804FB00BFB6
S21400FA800D040400548404008EFF0300F8B50446F9
S21400FA900B4F0C4E0C4D00200C4A0D4905F090FE05
S21400FAA020463B7829783278F6F726F900233B7013
S21400FAB033702B70FF21BDE8F840064825F04EBE97
S21400FAC0335B0020175B0020185B00205484040082
S21400FAD012040400583A002037B51248FF2125F0DA
S21400FAE03DFE114B187810F0100505D0002003B02D
S21400FAF0BDE8304003F01CBF0121B42004F020FB19
S21400FB0004460A4B0A4A0B490090284605F058FE60
S21400FB102046FFF7BBFF4FF4806003B0BDE83040DF
S21400FB2027F0A4BB583A0020335B002029040400C9
S21400FB30548404008EFF03000021024A0248FEF7A8
S21400FB40C9BA00BFD9FA0000583A002008B5054BDC
S21400FB501B7823B11720FFF799FF002008BD02206D
S21400FB60FCE700BF335B002010B550B1054B00F139
S21400FB70100250F8044B904243F8044BF9D1024B64
S21400FB80197010BD195B0020295B002037B5174D92
S21400FB9004462B78DB0626D50090154B0020154A28
S21400FBA0154905F00DFE1E2C0BD0652C09D0032C34
S21400FBB019D0002027F096FF40F61C40FFF766FF9E
S21400FBC00DE027F0B7FF4FF4FA63B0FBF3F202FB49
S21400FBD01300C218FF21094892B225F0AEFD2B781B
S21400FBE023F010032B7003B030BD00BF335B002042
S21400FBF042040400548404008EFF0300583A002098
S21400FC00014B1879704700BFB852002070B54C4EB3
S21400FC108EB0337803F0FB02A3F10905022AEDB299
S21400FC2058D0042B41F6041257D0A3F108014B42DA
S21400FC304B415B0013434348ADF80C3026F075F992
S21400FC4048B9414B3F4A03F1100153F8040B8B426D
S21400FC5042F8040BF9D13D4B1B78002B3FD03C4BB0
S21400FC600DF10E0203F1100153F8040B8B4242F81B
S21400FC70040BF9D103A827F055FF2328044610D11A
S21400FC80012D49D80020334A334905F099FDBDF8C7
S21400FC900C3003A823F40053ADF80C3027F042FFD5
S21400FCA00446002C41D14FF40C7027F039FF04466F
S21400FCB000283AD103F0FAFE012D36D8274A01ABC8
S21400FCC01068516803C3264901A827F08FFF78B350
S21400FCD019242AE043F60412A7E70223AAE733789A
S21400FCE0042B0DD0082B0BD01E4B0DF10E0203F18A
S21400FCF0100153F8040B8B4242F8040BF9D1B9E714
S21400FD00104A0DF10E0302F1100152F8040B8A425C
S21400FD1043F8040BF9D1ADE7337803F0FB03022B6D
S21400FD2003D10020104905F04BFD20460EB070BDF3
S21400FD30044901A827F05AFF04460028C8D1F4E772
S21400FD40335B0020075B00200F050400295B0020C2
S21400FD50195B002054840400660404002005040097
S21400FD604484040029050400C104040070B500267C
S21400FD7086B00446252027F0BBFE16220021164832
S21400FD800AF0E4F8154B1E60154B1878FFF76AFD6D
S21400FD90022814BF0123042303208DF8083027F01F
S21400FDA0F5FE04238DF810300E4B02A8059303943D
S21400FDB003F030FD05460C4B0C4A19680C4B3046D8
S21400FDC0A14208BF134600940A4A0B4905F0F8FC06
S21400FDD0284606B070BD00BFB8520020783A002012
S21400FDE0335B0020CD0001000464002041030400C2
S21400FDF049030400548404003A05040008B5134A75
S21400FE001378042B09BF124B01331B78C3F106038A
S21400FE10DBB2137003F0FD02092A04D11720FFF7A6
S21400FE2035FE172008BD0A4A1278002A14BF05229C
S21400FE3006229A4207D1074B18680028EED0FFF733
S21400FE4095FF4D20EEE70020ECE700BF335B002077
S21400FE50295B00200064002073B51E4C1E4E2368EC
S21400FE603268134334D01D4B1B6853B31C4D2B789C
S21400FE703BBB03F0EBFFF8B94FF4806027F0B7F90F
S21400FE80184B24681B7894B1C3F102032B7003F05F
S21400FE9047FD2046FFF76AFF04460020124B134A30
S21400FEA01349009405F08CFC204602B070BDC3F1E7
S21400FEB0060334682B70EAE70121B42004F040F909
S21400FEC0EAE70020094A0B4905F07AFC0224E4E739
S21400FED00224E9E704640020006400201C3D0020A2
S21400FEE0335B0020295B0020820504005484040054
S21400FEF08EFF0300680504002DE9F347384D394EA0
S21400FF0000202A792B88384905F05AFC326828796F
S21400FF1022FA00F010F0010002D1344905F050FC3E
S21400FF20334F3C783CB10822324933480AF05AFB3A
S21400FF30041E18BF0124DFF8DC80DFF8A490DFF889
S21400FF40B4A014E098F8000049460130C0B288F822
S21400FF50000027F0BFFD002835D13C783CB10822D0
S21400FF60514625480AF03EFB041E18BF01242A7994
S21400FF703368D340DB07E5D5002CE3D100922B880D
S21400FF801E4A1F49204605F01BFC1E4B1878FFF73B
S21400FF9069FC01230322124927F0A2FD1A4A0546EE
S21400FFA013780133137010B902B0BDE8F08720460D
S21400FFB02B46124A154905F003FC284602B0BDE858
S21400FFC0F047FFF763BD0020114905F0F9FBFFF786
S21400FFD015FF0028E8D102B0BDE8F04700F01CB8D5
S21400FFE0B8520020783A002088050400B9050400BD
S21400FFF0325B00202A5B0020C65200205484040096
S21401000088060400335B0020175B002029060400E5
S21401001052060400065B00202DE9F041214C224DDA
S2140100202378002055F82330204A214905F0C8FBE3
S214010030FFF7ECFD03461D4E1E4FDFF874802BB90B
S2140100402378042B15D8B3B91B4B15E03246394635
S214010050002005F0B5FBFFF7D1FE00BB2378324642
S21401006055F82330414605F0ABFBFFF7CFFD0346BD
S214010070E5E7092BE8D1114B00201B68104A11490E
S2140100801360114B187027F025FD20B1BDE8F04133
S2140100900120FFF7FBBCBDE8F041FFF72DBFBDE82F
S2140100A0F08100BF335B0020086400205484040004
S2140100B0A8060400B50604000064002004640020BD
S2140100C0783A0020B8520020065B002070B51C4C20
S2140100D023789BB3838913F4407F2FD0056835B10D
S2140100E02A46BDE870400020164905F069BB27F096
S2140100F0EFFC154E03463070144A2846144905F0A5
S2140101005FFB33781BB1BDE87040FFF785BF2378EE
S214010110082B0CD8042B0CD80E4B1B78C3F1060306
S21401012023700D4BBDE870401868FFF71FBE0A2B01
S214010130F2D1BDE870401820FFF7A8BC70BD00BF23
S214010140335B0020E0060400185B002054840400A2
S2140101500D070400295B00200064002030B5464DE1
S21401016003460446454A0020454987B005F028FB6A
S2140101702B782BBB01A827F03BFD022301A88DF8A5
S214010180043027F023FDB0B93E4901A827F020FD31
S21401019088B1152C0FD127F0CDFC47F23153B0FBB7
S2140101A0F3F202FB130000F51C50103080B203F08E
S2140101B0BFFB07B030BD162CFBD103F0F3FBF8E70D
S2140101C0152C2AD100202D4A2F4905F0F9FA2B7853
S2140101D0042B11D0082B0FD02C4B1B78DA070BD42D
S2140101E001A827F099FC18B9BDF804309B0703D481
S2140101F02B7843F010032B7027F09CFC4FF4FA6326
S214010200B0FBF3F2FF2102FB1300C218204892B2A2
S21401021007B0BDE8304025F090BA27F0BDFC044693
S2140102200028C6D12B78013B092B1ED8134A194941
S21401023005F0C6FA184A194913780133D8B2107076
S21401024027F048FC60B12046154905F0B9FAFFF7DA
S214010250D5FD0028ADD107B0BDE83040FFF7DCBEC4
S21401026007B0BDE83040FFF747BE40F61C4007B078
S214010270BDE83040FFF70ABC335B0020548404001D
S214010280310704004484040048070400055B00208D
S214010290583A00205B070400065B0020B852002095
S2140102A0520604002DE9F0410B4686B004460E4680
S2140102B017463A490246002005F082FA4FF0000838
S2140102C00123CDE901380DF1160300934246402380
S2140102D00621204626F0C9FE054640B102463049B1
S2140102E0404605F06DFA284606B0BDE8F0819DF857
S2140102F016202AB936B900202A4905F061FAF2E734
S214010300012EF8D082F00103002027498DF817301E
S21401031005F056FA9DF817300DF1170633B3102382
S2140103200022CDE9006306214023204626F068FE20
S214010330064630B1324600201C4905F041FA3546E2
S214010340D1E74FB90821204626F0BCFC20B1204653
S2140103509DF8171026F099FF0521204626F0B2FCDD
S2140103600028C0D0204626F08DFFBCE74FB90821F3
S214010370204626F0A7FC20B120469DF8171026F04F
S21401038084FF10230022CDE9006306214023204686
S21401039026F036FE06460028DED0CBE78A090400A2
S2140103A0A6090400BF090400DF090400FF090400D0
S2140103B0002208B5034B11461B681B685879FFF7E6
S2140103C071FF08BDE03D002008B5044B00221B6804
S2140103D001211B685879FFF765FF08BDE03D002045
S2140103E008B5044B00221B6802211B685879FFF7E9
S2140103F059FF08BDE03D002010B50123002488B058
S21401040001A88DF80430CDE90244F6F73BFA204600
S2140104109DF80420124905F0D3F92046039A1149A4
S21401042005F0CEF92046029A0F4905F0C9F91022C7
S2140104300E4B0DEB0201188840F0604040F480102E
S214010440FBF718FC20460A4905F0D4F904A826F063
S2140104509CFF2046074905F0B3F908B010BD00BF60
S214010460180A0400370A0400560A0400248404000B
S214010470750A04004533040008B525F087FD002001
S214010480024905F09DF9012008BD00BF920A04004B
S2140104900023054A8360C360044BC0E9002311B101
S2140104A04FF6FF730B807047491045AA01300211C1
S2140104B010B5044660B10020064905F081F9052C07
S2140104C006D002F0CBF904490246002005F078F97F
S2140104D0012010BDA60A0400B70A040037B50021A2
S2140104E06A4601AB054625F012FE044668B10022B5
S2140104F00F49104605F064F902F0B0F90D490246BD
S214010500002005F05DF903B030BD0B4905F058F940
S214010510012024F014FD01F099FF431C02D008F0DD
S21401052025F8F0E721462846FFF7A6FFEBE700BFD0
S214010530E00A0400B70A0400280B040038B5054693
S21401054001F084FF044626F066FE4DB100200E49F8
S21401055005F036F9631C14BF2046002007F0C8FFDB
S21401056025F022FD0228044605D0012805D10020E9
S214010570064905F025F9204638BD0020044905F056
S2140105801FF90024F7E700BF450B04005F0B0400CA
S214010590780B040008B50020034A044905F010F959
S2140105A0BDE8084000F050BD221B0400910B04007A
S2140105B008B50020034A044905F002F9BDE80840E1
S2140105C001F0CAB9B00B0400910B04001FB5D0E9C5
S2140105D0023253F8223068461C78214601F0D0FBDF
S2140105E0684601F073FC28B92246044905F0E8F88C
S2140105F004B010BD6846FFF771FFF9E7B60B0400BB
S2140106000020014905F0DCB8D20B04007FB50DF1DE
S214010610060102A8FFF73CFF0020264905F0D0F8A6
S2140106200020BDF80820244905F0CAF80020BDF8CE
S2140106300A20224905F0C4F8039A0020204905F053
S214010640BFF800201F4905F0D5F84FF6FF73BDF837
S21401065006209A4229D000201B4905F0B1F8002057
S2140106601A4A1B4905F0ACF800201A4A1A4905F047
S214010670A7F800221949104605F0A2F80020154AED
S214010680174905F09DF80A220020164905F098F84A
S2140106900A220020144905F093F80A220020134983
S2140106A005F08EF807B05DF804FB0020104905F050
S2140106B087F8D4E7E10B0400F90B0400120C0400E0
S2140106C02B0C0400440C04004F0A0400E0930400C1
S2140106D05A0C0400C0270900790C0400980C040089
S2140106E0B70C0400D60C0400F50C0400130D04002E
S2140106F0570C040008B50020034905F061F8BDE871
S2140107000840012001F0FAB9310D040008B50020B7
S214010710034905F055F8BDE80840002001F0EEB9A0
S2140107204A0D040030B5104B104D1B5C85B08DF89A
S2140107300F302B780446834206D00D4B0D4953F8F3
S2140107402020002005F03CF830232C700A48019345
S2140107500DF10F030093062280231921007826F05D
S2140107604FFC05B030BD00BF6B8404003B5B00202E
S21401077078840400620D0400A26800201FB52323BC
S21401078003900193064803AB0093012280231921AD
S214010790007826F035FC039805B05DF804FB00BF31
S2140107A0A268002073B5164D04462B78154ECBB1C2
S2140107B025F01BFC012815D0346040F6B244124BDC
S2140107C01B78072B17D02D78C5B925F00EFC031E14
S2140107D018BF01230D48009522461921007825F0FF
S2140107E093FF03E000233360002CE8D1201E18BFDE
S2140107F0012002B070BD02250123EBE70025FBE7CF
S214010800385B00207C3A00203B5B0020A268002079
S21401081008B50448FFF7C6FFBDE808400220FFF709
S21401082081BF00BFC027090010B5064C208826F0FE
S2140108302DFD608826F02AFD6068BDE8104026F090
S21401084034BD00BF803A00207FB523238DF81330D6
S2140108500DF11303029304230648019305AB00939D
S214010860012280231921007826F0FFFB059807B0A6
S2140108705DF804FBA26800202DE9F047DFF84C91F3
S214010880044699F8000090460F4626F0FDF90B281D
S21401089099F8002005D9BDE8F04700203F4904F04B
S2140108A08FBF00263E4B3F4D1E803F4BDFF820A1F9
S2140108B003EB00135B8801202B802A7104F0A8FE4D
S2140108C005F050FF04F0A4FE204604F0A1FE01232B
S2140108D0042C8AF800300BD8022C45D89C4216D03E
S2140108E02346BDE8F0470020304A314904F068BF8E
S2140108F0062CF5D130462F4904F062FF384604F045
S21401090087FEFFF791FF97B18AF800600FE04FF678
S214010910FF76294F3888801B18BF012004F078FE27
S214010920FFF782FF3888B04201D026F0AFFC1923CA
S2140109306B8099F8003000202B71204B1B786B716F
S214010940EB8843F04003EB801D4B198826F049FCE9
S214010950034620B1224600201A4904F031FF4046E2
S214010960BDE8F047FFF71EBF304604F051FEFFF723
S2140109705BFFFFF769FF26F098FC134B1B78002BF3
S2140109800CBF3F20202004F043FE042CCFD14FF4AF
S214010990806026F07BFC3220C7E700BF750D04009F
S2140109A0DC520020E0520020503C002069FD03008C
S2140109B0C10D0400A40D0400D0520020A16800203F
S2140109C042680020DA0D0400375B0020A268002090
S2140109D0385B002038B5044605200D46FFF7A2FE19
S2140109E0184B1A884FF6FD739A4207D10020164914
S2140109F004F0E6FEBDE83840FFF70ABF65B1134ACA
S214010A0013780133DBB2092B137014D90A220020A4
S214010A100F4904F0D5FEEDE7012C0ED10B4B1D70EE
S214010A200C490D48FFF734FDBDE838400021012090
S214010A300A4AFFF721BF012CF2D0BDE8384007482B
S214010A40FFF7B0BE42680020140E04003A5B002097
S214010A503F0E0400D0520020803A0020E0930400AC
S214010A6008B50649002004F0ABFE0548FFF736FD41
S214010A70BDE8084000210846FFF7ACBF830E04001E
S214010A80803A0020814237B50346154608D2002039
S214010A9000910F4A0F4904F093FE002003B030BDC9
S214010AA00C1A224600200C4904F08AFE40F6BB537D
S214010AB022460020094904F083FE4FF47A735C4312
S214010AC0074B01209C4294BF2C602B60E6E700BFD9
S214010AD069FD0300940E0400D10E0400EC0E040020
S214010AE080EE360010B504460820FFF71BFE0D4BBE
S214010AF03CB91C700021BDE8104006200A4AFFF7E9
S214010B00BBBE1B78092BF5D90A220020074904F041
S214010B1057FE0020064904F053FEBDE81040FFF7DB
S214010B209FBF00BF3A5B0020C0270900180F0400D2
S214010B30590F040073B51F4D2C7834B100201E499F
S214010B4002B0BDE8704004F03BBE0220FFF7EAFDAC
S214010B50FF221A4E1A4B30781A7026F095F80B2899
S214010B6007D920463278174902B0BDE8704004F034
S214010B7027BE154B1549009301EB001101231922DD
S214010B804FF6FD70498805F091FA70B1204610497C
S214010B9004F016FE00220F4B0F481C700F4B1A7004
S214010BA002B0BDE87040FFF7FDBD01240C492C7072
S214010BB0EEE700BF395B00206A0F0400A268002040
S214010BC0A1680020750D0400C50E0100503C0020F0
S214010BD0AB0F0400385B0020C02709003A5B0020F9
S214010BE0D10F040038B5144D04462B78052B21D9B6
S214010BF01249FFF75DFC24B918B9114904F0E0FD6C
S214010C000424104B195D21B9BDE838400846FFF7AA
S214010C1069BF032C06D02B78052B03D006200A4A81
S214010C20FFF72AFE0021094B08461970BDE8384037
S214010C30FFF7D0BE38BD00BF3B5B0020803A0020E6
S214010C40F30F040061840400C0270900385B00200C
S214010C5030B5044689B00720FFF764FD052C0AD19C
S214010C6000222A4B03A91A7002A804AA01F0FEFD6D
S214010C7030B1022045E09CB90122244B1A700224AF
S214010C80224D287878B1421E504221495041FFF743
S214010C9055FC022304462B70022C0ED10A200FE0CD
S214010CA0022CE6D1EBE7631F5A424FF005001849C4
S214010CB05A4125F0A1F90446EEE7032C04D10020A1
S214010CC0FFF770FD09B030BD062C06D10020114992
S214010CD004F076FD01232B70E0E70F4A0F4B2878CE
S214010CE0002C18BF13460E490E4A0094002808BF70
S214010CF00A4600200C4904F063FD201E18BF01209F
S214010D00400009B0BDE83040FFF76CBF365B0020FD
S214010D10803A00202E100400271004002010040042
S214010D200F100400191004006910040013B51F4CBD
S214010D300620FFF7F7FC2278092A09D900201C496A
S214010D4004F03EFD042002B0BDE81040FFF74ABFA4
S214010D50184B1B782BB3002024F015F925F045F924
S214010D6068B9FFF771FD144B196825F035F902468D
S214010D700420002102B0BDE81040FFF77DBD01A8A8
S214010D8025F031F9FF2809D14FF4FA6023780133B1
S214010D90237002B0BDE81040FFF704BD0198FFF7CD
S214010DA0EDFC4FF4FA620320E3E700BF3A5B002054
S214010DB084100400375B0020903A0020F023F0B541
S214010DC089B0CDE900033448802300221921007838
S214010DD0324E334F26F014F90020324904F0F0FC6D
S214010DE03246394603A801F041FD032804462E4D3C
S214010DF01CD10626039A2D49002004F0E1FC039835
S214010E00FFF7BCFC0020396800F0ACFE2E7001F044
S214010E109FF900220446264B30461A70FFF782FCE3
S214010E2084BB09B0BDE8F040FFF780BF28BB7268FD
S214010E30204904F0C5FC214604A8FFF729FB059BC1
S214010E40726893420BD020461B4904F0B9FC072375
S214010E5005202B7009B0BDE8F040FFF7F9BE1A4631
S214010E602046164904F0ACFC0523002101202B7016
S214010E7009B0BDE8F040FFF7ADBD0020104904F011
S214010E809FFCF1E7042C05D0042009B0BDE8F04032
S214010E90FFF7A8BE09B0F0BDA2680020803A002086
S214010EA0903A0020BC1004003B5B0020ED100400CB
S214010EB03A5B00202811040061110400B5110400FA
S214010EC0F1110400F7B50446876800202378364DF3
S214010ED0012B287004D0354B3549187004F070FC8E
S214010EE026785EBB334B1B78FF2B04D103B0BDE8DD
S214010EF0F040FFF78DBC304B1B78032B11D82F4CDD
S214010F000320FFF70FFC6946208826F02DFE0028F7
S214010F1043D02B49208805F047F920B12E70FFF702
S214010F2077FC03B0F0BD0124204B26491C7004F069
S214010F3047FC0320FFF7F6FB2C70F2E7012E25D1C4
S214010F403B78002BEDD01B4D2B78FF2BE9D1A688E3
S214010F5002F0A4FF864206D100201B4903B0BDE87B
S214010F60F04004F02DBC194BA2881B783BB132B17E
S214010F701749002003B0BDE8F04004F021BC7B68AF
S214010F8014491B782B700D4B1A80F2E7032E08D1FB
S214010F9008226846A16809F02BF86846FFF70EFF9D
S214010FA0BFE700232B70A1E7385B0020395B0020E8
S214010FB00C120400A16800203B5B00204268002060
S214010FC0C50E0100D10F04002C120400355B002071
S214010FD0521204007D1204007FB5094B1A78FF2ACD
S214010FE00AD1187001F088FB0022064B0DF10601AC
S214010FF002A81A80FFF74CFA07B05DF804FB00BFA1
S214011000A2680020CE520020152838B517D10C4B07
S2140110101D78A5B926F08EFDC4B2012C38BF012477
S2140110200120FFF77FFB28462246064904F0C8FB4D
S2140110304FF47A706043BDE83840FFF7B3BB38BD64
S2140110403B5B00209A120400034B1B78022B01D84D
S214011050FFF770BD704700BF3B5B002070B5284CA2
S21401106024F0BEFF2578274EBDB10020264904F0A6
S214011070A7FB264A137801331370002323703378B5
S214011080062B0AD1BDE87040214B1868B0F5FA6FFF
S21401109038BF4FF4FA60FFF785BB3378013B082B66
S2140110A02CD8DFE803F005090D2B13191D222700A4
S2140110B0BDE87040FFF7C8BFBDE87040FFF73ABD16
S2140110C000232370BDE87040FFF7A2BB2946BDE8A8
S2140110D070400120FFF77EBCBDE87040FFF726BEDA
S2140110E00220BDE87040FFF7B3BD0120BDE87040A7
S2140110F0FFF7F8BCBDE87040FFF7B2BC70BD00BF9B
S214011100385B00203B5B0020C91204003A5B0020DC
S2140111107C3A002010B90520FFF764BD034B1B780D
S214011120062B01D1FFF79ABF704700BF3B5B00203B
S2140111302DE9F0478E68054633189A780C46092A39
S2140111408EB008D90020A34904F03AFB8524204636
S2140111500EB0BDE8F08750B98B899F49895C8B42F8
S21401116005D200919D4904F02BFB8024EFE79C4BB0
S214011170E7881B889F4236D09A490978012932D9D7
S21401118032B13A460020984904F01AFB7E24DEE785
S214011190964B1A70934B26791B78052B03D0012B9F
S2140111A03AD8FFF751FF5EB93146204626F092F94C
S2140111B00346002851D030468D4A8E4904F000FB84
S2140111C0D4F80880A48998F8037098F80450002E83
S2140111D04CD13046884A894904F0F2FA00210120B0
S2140111E0FFF7F8FB4FE00021804B1970072A00F249
S2140111F08A8301A353F822F09511010043130100DD
S2140112004313010055150100551501005515010040
S214011210EB170100EB170100022B17D102F03EFE7F
S2140112208742B3D00020764A764904F0C9FAFFF720
S21401123081FC46BB3146204626F04CF9034610B3E6
S2140112406B4A6C49002004F0BBFA1CE06E4A002091
S2140112506E4904F0B5FA012479E7A3681B78DA062B
S214011260AED432466A4904F0ABFAA9E700210AA8CF
S214011270FFF70EF9032F08D95F4B664A66490097B8
S214011280002004F09DFA002461E76B1E632B04D94D
S214011290594B604A61490095F2E7614BE4B2DB5D68
S2140112A09C4209D0CDE901430020534B594A5D4980
S2140112B0009704F085FAE6E757B3A4B22246052163
S2140112C0404626F020F8BDF82830834203D04A4B2A
S2140112D0554A5649B6E7012F1AD0224607214046FD
S2140112E026F011F8BDF82A30834203D0424B4E4A0D
S2140112F04F49A7E7032F0BD122460921404625F087
S214011300FFFF0B9B984203D13B4B474A494999E75C
S214011310642D3FF463AF26F00DFC6423C0B2B0FB2E
S214011320F3F203FB12030133DBB29D42BFF456AF67
S214011330CDE900530020304B3B4A3F4904F040FAC8
S214011340A1E7284B1B78052B01D03C4A7FE7EB1C15
S214011350DBB2277BF45C44B123460020374A384988
S21401136004F02EFA00210C460BE00F2F0DD81023A7
S214011370204634490093314A3B4604F021FA802442
S21401138001210020FFF726FBE1E60435EDB22046F9
S2140113902A4A2D4904F014FA7A1B7119D2B206A80A
S2140113A024F031FE05443A46E9B2304625F0A8FF5E
S2140113B0264D069A2B68264F9A42386001D100289E
S2140113C04AD1244900201D4A04F0FAF98524012156
S2140113D0D7E700BFE6120400A4840400FE1204004E
S2140113E0426800203B5B00202D130400385B002080
S2140113F0A3130400AB1304003314040048140400C0
S214011400711304007E130400D3130400E0130400D8
S214011410FD1304005D140400651404007F14040029
S214011420678404009D140400F2180400D714040015
S2140114300115040029150400501504008415040044
S2140114409E150400CD150400E4150400803A002022
S214011450903A00200D16040000F08EFF3E68B04260
S2140114600AD200F089FF9D4903463246204604F021
S214011470A7F98924012184E7079A6B689A4205D166
S2140114802046974A974904F09BF96BE796490978F5
S21401149059B19A4209D22046944904F091F996210D
S2140114A00620934AFFF7E8F95CE7924A924905A8B5
S2140114B001F0DCF9079E48B96A68964206D88F495A
S2140114C004F07EF90520FFF7C3FB40E63246002014
S2140114D08B4904F075F939680027002000F042FBBB
S2140114E000206E60FFF74AF9864B06201F80FFF743
S2140114F019F9854B1F7001F0B1F90646F8B94FF698
S214011500FF73824A0AA81188994214BF13463B46C4
S2140115106A88298801F012F90AA800F0D7FC58B1A8
S2140115200AA801F0DDF938B13046794904F048F9E6
S2140115300420FFF757FB0AE6FFF7F8FB07E6042847
S21401154005D1744B1921187825F0F5F8FFE53846D2
S2140115507149EBE7714B1B78062B01D0704A76E692
S214011560DFF8A0A1EB1C94F80C90BAF80080DBB26F
S2140115702EB930466B4904F023F98724E7E5F75C7A
S2140115802C1D972FE4B22FD025D8812F71D0952FFF
S21401159067D017BBB9F1100F7FF6E7AD31194A4690
S2140115A00AA824F030FD0444E4B221464A463046F7
S2140115B025F0A6FE231DDBB2053416F803A0E4B21F
S2140115C0A9EB04035345054666DA009338465346AD
S2140115D0534A5549C7E5982F43D03B460020504A09
S2140115E0524904F0EDF8C8E7B9F10A0F7FF6BDAD30
S2140115F01FFA89F721463A46304625F081FE05F165
S214011600080104463A46C9B2304625F079FE0AAAD0
S21401161001462046FFF736FA08B9454B0A93B9F159
S2140116200C0F12D905F10C013A46C9B23046DDF865
S214011630288025F068FE044602463E49002004F054
S214011640BFF8AAF8004044440A940A9C3A49224644
S214011650002004F0B5F82046FFF7A4F824F0CBFCF0
S21401166011E63649002004F0ABF80320FFF7BAFA7A
S21401167009E6334C23786BB124F0B0FC50B100205E
S214011680304904F09DF80023237024F0B4FCFFF7E2
S2140116904DFBF8E52C49E5E7DFF8A49099F8003012
S2140116A043B9FFF7D1F88542034607D01C4A2749BC
S2140116B00095E5E524F099FC0128F2D110220D48A9
S2140116C00AA908F08FFF10B9BAF13F0F42D9144AA0
S2140116D01F49002004F074F84FE700BF2C160400E1
S2140116E08415040064160400345B00209916040077
S2140116F0C0270900803A0020903A002028110400F3
S214011700DA160400CE5200203A5B0020D0520020A8
S214011710FC160400A26800201B1704003B5B002097
S21401172041170400561704008318040065180400C6
S214011730E093040091170400BC170400DB170400B3
S214011740375B0020F717040036180400BF180400A2
S214011750FB1804006D4B187099F800304BB124F05B
S2140117603DFC30B1284624F03CFC042807463FF4F3
S2140117708AAD51462846321924F076FD28B100205C
S214011780634904F01DF8042070E799F800305544C9
S21401179063B124F023FC48B1FF2FF4D0012F3FF4AE
S2140117A072AD032F16D124F024FC05462846FEF719
S2140117B0E5FF044602460521564824F04BFC564BED
S2140117C01B689C420AD3204624F049FD0520FFF7FA
S2140117D03FFA58E524F00BFC8046E7E74046FEF763
S2140117E0E1FF00287FF44FAD51E74C4B1B7803F027
S2140117F0FD03082B01D04A4A29E5A48935B1F278C0
S21401180022B10020474903F0DBFF2EE7E4B222466F
S214011810F11C0AA824F0F7FB434BBDF828201988D1
S214011820054691420DD04FF6FF718A4209D03C4AD7
S21401183000203E4B3E4903F0DDFFBDF828203D4920
S21401184047E7BDF82A20598891420CD04FF6FF7120
S2140118508A4208D0324A0020374B354903F0CAFF86
S214011860BDF82A20EBE70B9A5B689A420AD0013250
S21401187008D02B4A2E490020304B03F0BBFF0B9AB1
S2140118802F4926E7A4B2E91C2246C9B2304625F004
S21401189037FDE91DC9B207462246304625F030FD20
S2140118A0431C014606D10820FEF73CFF2548FEF7FB
S2140118B079FFE8E4384606AAFFF7E4F8A8B9214B11
S2140118C00693214B00221978204B187824F077FBD9
S2140118D0069C2046FEF766FF224600201C4903F0C0
S2140118E06FFF0920FEF71EFFCDE440F6B733069AD8
S2140118F09A42E6D840F6B8320020164903F060FF57
S21401190040F6B833DCE7812421E400BF3A5B0020CF
S2140119102E19040051190400903A00203B5B002068
S2140119205A1904006F190400803A0020F1140400CB
S214011930961904004F0A04001B150400B11904008F
S214011940AE21040080EE3600A1680020A2680020C7
S214011950E9190400BE19040008B50420FFF742F98E
S2140119600020FEF7DFFE0023054A19211370054A01
S2140119701370054B1878BDE8084024F0DCBE00BFA4
S214011980385B0020395B0020A268002010B5164B9A
S214011990164C1A78164B002053F82220154903F0EE
S2140119A00FFF2178144B154A0020002918BF1A464C
S2140119B0134903F005FF23782BB1124B00201A6858
S2140119C0114903F0FDFEFEF73FFF0446FEF73CFF1C
S2140119D00E4B196824F031FB2246BDE81040034641
S2140119E00B49002003F0ECBE3B5B0020385B002077
S2140119F078840400051A0400DB200400BC200400DF
S214011A00121A04007C3A00202C1A0400903A002096
S214011A10451A040038B5014604460020FFF788FB46
S214011A20054698B1E37C00200A4A0B4903F0C8FE3C
S214011A302379042B0AD02946204625F04BFD034680
S214011A4020B10020054A064903F0BAFE6FF0FF00F8
S214011A5038BD00BF69FD03006D1A0400A31304001E
S214011A60AB13040010B51346094A127882420DD111
S214011A7063B1084A002014680A46074903F0A0FE2D
S214011A802146BDE810400120FFF752BB10BD00BF44
S214011A90A2680020E03D00208F1A040010B50D4B0F
S214011AA01C782CB1BDE8104000200B4903F088BE1D
S214011AB06420FEF763FE4FF6F0716FF00F02074BDE
S214011AC00320C3E9001222462146BDE81040FEF776
S214011AD0D3BE00BF3B5B0020C81A0400803A00203A
S214011AE0014B1870704700BF375B002000210620AD
S214011AF0014AFEF7C1BE00BFC0270900014B18709E
S214011B00704700BF345B0020114B2DE9F0410746BA
S214011B100D4618680F49101A096824F08EFADFF886
S214011B2040800D4E98F800400346FF2C307004D0DC
S214011B30A8420AD32C44A04207DB3A4600200749B4
S214011B4003F03EFE337888F800303078BDE8F08147
S214011B50983A0020943A00203C5B0020F61B0400D3
S214011B60A368002050EA010208D0FF22054B091A9B
S214011B701A70054B1860054B1960704711461046E0
S214011B80FFF7C2BFA3680020983A0020943A0020CD
S214011B902DE9F04FAFB006AD284600F0FDFD00265A
S214011BA0624FDFF8D091284600F090F9044648B914
S214011BB000F0BEFD5E490246204603F001FE2FB04E
S214011BC0BDE8F08F39460020F2B203F0F9FD284651
S214011BD016A900F0FFFD044620B15649002003F087
S214011BE0EFFD8FE0BDF85820534903F0E9FD494663
S214011BF02046BDF85A2003F0E3FD2046BDF85C20E0
S214011C004E4903F0DDFD2046BDF85E204C4903F049
S214011C10D7FD2046BDF860204A4903F0D1FD204695
S214011C20199A494903F0CCFD2046BDF8682047497A
S214011C3003F0C6FD204646490DF16A0203F0C0FDD9
S214011C4044492046239A03F0BBFDBDF85C30D90712
S214011C5005D520469DF890203F4903F0B1FDBDF81B
S214011C605C309A0714D500203C4903F0C3FDBDF84B
S214011C705830B3F5807F4FD1002025F08BFB18B18B
S214011C800DF1910003F01EFD0020354903F098FD8B
S214011C90BDF85C305B070BD50020BDF8B22031499A
S214011CA003F08EFD0020BDF8B4202F4903F088FD17
S214011CB0062228460DF116030AA924F0EDF904467A
S214011CC090BBBDF81620294903F07AFDDFF8A8A0DD
S214011CD0DFF8A8B00DF12808BDF81610A2B291429F
S214011CE010D9B8F800205146002003F069FD0134F0
S214011CF0D8F804205946002003F062FD062C08F1AE
S214011D000808E9D16C46204600F05AFD94E80F0019
S214011D10013685E80F0046E70123202200200DF159
S214011D20910103F0B1FCAFE7114957E7081C040025
S214011D30D51D0400111C0400351C0400691C040098
S214011D40821C04009B1C0400B41C0400CD1C04006F
S214011D50E61C0400FB1C0400171D0400301D0400D3
S214011D6045330400431D04005C1D0400751D04007A
S214011D70A81D04004E1C0400861D0400961D0400C8
S214011D802DE9F04188B004AD044628468846002770
S214011D9000F002FD6E46474507D195E80F0084E83E
S214011DA00F00204608B0BDE8F081304600F008FD7F
S214011DB096E80F0085E80F00284600F087F80137FF
S214011DC00028E8D1014B0FCBE9E700BF1C870400D0
S214011DD01FB5D0E9023253F8223068461978FFF76A
S214011DE0CFFF684600F07CFD48B1042809D1074AB8
S214011DF00020074903F0E4FC05B05DF804FB054A42
S214011E00F6E70020044903F0DBFCF5E77127040040
S214011E10F01D040027210400FC16040010B5D0E9CB
S214011E20023203EB8201496853F8223098B00C68FD
S214011E3004A81978FFF7A4FF03AB402200932146BC
S214011E4008AB04A800F0E2FC024628B100200E49C7
S214011E5003F0B6FC18B010BD039808A900F00704FB
S214011E600122C0F3C70003F055FC039908A8091B1B
S214011E700144064801232246008803F005FC044875
S214011E8003F03EFCE6E700BF001E0400EC52002013
S214011E9045330400F0B504460D460B4BEF880FCBD7
S214011EA084E80F00AB882E899B0741BFD5F839001F
S214011EB0D5F83D1004F1080303C3EA6820462780DD
S214011EC066806260F0BD00BFB0840400102208B5D1
S214011ED0034908F087FB003818BF012008BD00BF82
S214011EE01C87040008B526F0ACFAC288FF219208C8
S214011EF0012A38BF0122024823F01FFC012008BD39
S214011F00A83A002038B5134690B10120274A107030
S214011F10274A00201160274A13600A46264903F023
S214011F204FFC02F09DFB254B1870022002F09EFB31
S214011F3026F0A2FAE8B91D4D1D4C2B782BB926F0D8
S214011F4080FA2268C368134423601A4B24681B680E
S214011F509C4229D226F075FAC168204606F0AAF8F6
S214011F60002402462C7050B926F086FAFFF7BAFF15
S214011F7003E0FFF7B7FF0028DDD0012038BD20467B
S214011F800F4903F01DFC0D4B187802F06FFB002083
S214011F900C4903F015FC00F091F908B900F0AEF910
S214011FA02046FFF7B7F8E8E70124ECE73E5B0020A0
S214011FB0A03A00209C3A0020271E04003D5B00202A
S214011FC0531E0400731E040038B500F04BFA044695
S214011FD000F042FA241A26F034FA054618B9B1215F
S214011FE01B482BF061FFAB8803F00303032B03D0E0
S214011FF0B22117482BF058FF00F02EFA054624F0C0
S214012000BEF801238340013B2B4203D0B421104884
S2140120102BF04AFF24F0B3F801238340013B23420F
S21401202003D0B5210A482BF03FFF05F019FE0546FF
S21401203024F0A5F84FF48063B3FBF5F3C440A34244
S21401204005D2BDE83840BA2101482BF02DBF38BD76
S214012050891E0400FF2108B5044823F07FFBBDE874
S2140120600840002211461046FFF74CBFA83A002050
S214012070F7B504460E4600F089F8054626F0E1F964
S214012080C3682B449C4220D324F079F82C44C440E6
S214012090013C114F3B68DEB1A34219D10134002344
S2140120A0ADF8043000F0E4F9054605F0D9FD103529
S2140120B004FB005405F0D4FD01A90246204605F0B4
S2140120C021FE24F06CF8386004E04FF0FF34E0E7BE
S2140120D0A342E4DB03B0F0BD346400204FF0FF32CE
S2140120E00A4B10B51A600022094B1A7000F0B4F9B9
S2140120F0044600F0B7F9214602460120FFF702FF29
S21401210000280CBF0120042010BD00BF346400204D
S2140121103F5B002038B500F0D1F808B9002038BD83
S214012120094D0A4C2B7823B924F039F80123206095
S2140121302B70246824F023F801348440EED000F09C
S21401214025F82044EBE700BF3F5B00203464002005
S21401215070B50D4C2368002B01DA012070BD00F02C
S2140121607BF9054626F06DF92468C66824F007F861
S214012170013404FA00F1294401208A19FFF7C2FE4E
S2140121800028EAD00420E9E734640020024B1868EE
S2140121900C3024F034B800BF38640020FF2307B5A4
S2140121A00021044A04480093FBF75EFF03B05DF884
S2140121B004FB00BF55200100A83A00200E4B70B565
S2140121C01C680546036804F582641C440E46FFF746
S2140121D0DDFF2B68834208D232681A44824208D94E
S2140121E0C31A012033602C6070BD044A1268134480
S2140121F01C1A0020F7E700BF38640020A43A00202C
S2140122002DE9F04FB3F5803F87B00F469846019011
S21401221003D3002007B0BDE8F08F03A904A8CDE9D9
S2140122200332FFF7CBFF0024824600F10109DFF8F5
S21401223088B05FFA89F9019BDDE90356AAB27BB142
S2140122403046109926F004F90028E2D1B9F1020FC0
S2140122502BD1DBF800300493019B03BB2F4421E014
S2140122603946304605F04EFD0028D2D1BAF1000FAE
S214012270ECD0002CEDD105F0F3FC2E44B6FBF0F3C8
S21401228003FB10600028E4D005F0EAFC05A902462D
S2140122903046059405F036FD0028DAD0B9E7109BE4
S2140122A02B441093A8EB05050395631C4B454FF093
S2140122B00104C0D32046ADE7A43A00207FB56B46A3
S2140122C00C4A1068516803C390680C2218600A4BC8
S2140122D00DEB0201186826F0BBF80C2268460DEBE0
S2140122E0020108F07FF9B0FA80F0400907B05DF806
S2140122F004FB00BFC0840400386400201FB5084AF0
S21401230001AB1068516803C3906801A91860054BBA
S2140123100C22186805F0F6FC05B05DF804FB00BF5A
S214012320C084040038640020F7B5044615460E46FE
S21401233081B9072A03D80024204603B0F0BD0D4B0F
S21401234080791968E379063000EB03200C3180B2FE
S21401235023F05FFF002721462B463246384600977A
S214012360FFF74EFF04460028E5D039467019FFF7FF
S2140123707FFEE1E738640020024B1868A0F5006094
S214012380704700BF4464002010B58AB0684606F066
S2140123909DF810F0FF0027D1009BFBB1174C01A957
S2140123A0206006F00BF810F0FF001DD12268009B9C
S2140123B09A4204D34FF4DD7111482BF075FD019B51
S2140123C0104A11491360029A13440B600F49A3F592
S2140123D000630A600E4A1360009B63B940F2CF1196
S2140123E007482BF061FD06E0044A03461268002008
S2140123F0084903F0E5F90AB010BD00BF3C640020AF
S2140124003C1F0400A43A00204064002044640020DD
S21401241038640020E41F040008B5FFF7B5FF26F076
S21401242010F850B126F00DF8064B02691B689A4267
S21401243003D2B32104482BF037FDFFF7C5FD012079
S21401244008BD00BF446400203C1F0400014B18680F
S214012450704700BF3C640020014B1868704700BFFE
S214012460A43A0020014B1868704700BF4064002062
S214012470014B1868704700BF3864002010B5FFF79D
S21401248049FE04462849002003F09AF9002027490E
S21401249003F096F90020264903F092F90020254919
S2140124A003F08EF9244B00201A68244903F088F9BA
S2140124B022462349002003F083F9FFF767FE2149EE
S2140124C00246002003F07CF91F4B00201A681F49C2
S2140124D003F076F91E4B1F4C1A6800201E4903F0C4
S2140124E06FF9226800201D4903F06AF94FF48062F3
S2140124F000201B4903F064F92268002019491032B4
S21401250003F05EF92268002017490C3203F058F9EF
S21401251022680020154902F5826203F051F9BDE8F0
S214012520104005F0D1BA00BF63200400A0200400CB
S214012530BF200400DF2004003C6400200A210400C0
S214012540292104004C210400A43A00206F21040034
S214012550406400203864002092210400B521040064
S214012560D8210400FB2104001E220400412204009D
S2140125702DE9F04194B004460D460020482102AAF8
S21401258023F058FE18B9534903F01AF919E06022EE
S2140125900021204607F0DAFC04224F4902A808F081
S2140125A021F890B16DB19DF80B30002001939DF894
S2140125B00A309DF80820009348499DF8093003F039
S2140125C0FFF8012014B0BDE8F081BDF80C20B2F58B
S2140125D0807F228003D0424903F0F2F8F1E7BDF88C
S2140125E01420BDF80E102281DDF816206180E2600D
S2140125F00499BDF81A206160228284F8320007AD82
S21401260004F112020FAE2B4603CBB34210605160A9
S2140126101D4602F10802F6D10F9B324A636313602E
S214012620314B10221846002107F090FCE288A3885F
S214012630028022894280E26842600BB90020C1E72D
S21401264000263546A388D90709D536B105F15002CB
S2140126506A4412F8482C84F838200135EDB29A07FE
S21401266014D5208823F0FCFC07466EB102AB03EBC1
S21401267005080246414604F1390007F0F7FD3A46DF
S21401268041461A4807F0F2FD2F44FDB2A3885B07C6
S2140126900DD556B105F150036B4433F8482C33F889
S2140126A0463CA4F85A20A4F85C300435EDB2002E5E
S2140126B0C4D1482D02D930460D4965E72946382050
S2140126C002AA23F0B7FD08B90A495DE738250126B5
S2140126D0B8E700BF64220400CC84040096220400FC
S2140126E0CC220400C83A0020CC3A0020D43A00207C
S2140126F0E72204003723040030B50B4C99B0257847
S2140127006DB9FFF789FE68B129466846FFF730FFC5
S214012710B0FA80F0054B40091870012323700020A1
S21401272019B030BD0120FBE7405B0020415B002073
S214012730014B1878704700BF415B002070B51E46FC
S214012740134B044618881D46884298B002D15B8810
S214012750934206D00F4B0FCB84E80F00204618B0EB
S21401276070BD96B100216846FFF702FF0028F1D13F
S214012770BDF804305B0708D53388BDF85A209A4265
S214012780E8D8BDF85C209A42E4D395E80F00E3E769
S214012790CC3A00201C870400064B10B51B78044673
S2140127A02BB9054B0FCB84E80F00204610BD034B19
S2140127B0F8E700BF415B00201C870400CC3A0020EC
S2140127C010B50446024B0FCB84E80F00204610BD1F
S2140127D01C8704000B4B10B51B78044608467BB1DA
S2140127E00021FFF7C5FE48B910222146064807F02A
S2140127F0F9FE003818BF0120C0B210BD0120FBE76A
S2140128000120FAE7415B0020CC3A00202DE9F04197
S2140128100E4690460E4910221F4607F0E3FE044678
S21401282070B90C4B3A461D683046AD1B454528BF6E
S2140128304546294623F0FEFC28B9074902F0C0FFA9
S2140128400120BDE8F081069B20461D60F9E700BF28
S214012850CC3A0020C83A0020372304000022024B5D
S2140128601A70FFF73BBC00BF415B00202DE9F04129
S2140128709CB00F4616468046FFF74CFC05460246BE
S2140128801549002002F09CFF382D20D9012104A80B
S214012890FFF76EFE0446D0B9119B04A93B606F4654
S2140128A03846FFF7F7FA97E80F0086E80F00119B06
S2140128B0AB4297BF01210324084AC8F8003094BFF1
S2140128C01170C8F8005020461CB0BDE8F081002207
S2140128D0024B01241A70F6E769230400415B0020CD
S2140128E070B5084D00262B7853B1FFF7F7FB044669
S2140128F01022002104482E7007F028FB204670BDE8
S2140129003446F5E7415B0020CC3A002008B50020AC
S214012910064902F055FF064B00201A78054902F0D9
S2140129204FFFBDE80840FFF7A9BD00BF882304009C
S214012930415B0020B223040003460120024AC3E99A
S214012940032000221A7070470100FEFF2DE9F041B6
S2140129500024264E264FDFF8A88088B000F0D4F970
S214012960A5B2854202D308B0BDE8F081284603A986
S21401297023F096FCA2B23146002002F03BFF9DF800
S2140129800D2012B39DF81210BDF81030402914BF67
S2140129906E2179210020CDE900313946BDF80E308F
S2140129A002F028FFBDF814201AB10020114902F0E8
S2140129B021FF9DF80C00BDF8182070B9079B0E4941
S2140129C00093BDF81A3002F015FF00200B4902F003
S2140129D0F7FE01342BF075FAC0E7BDF81C3041460E
S2140129E0009300209DF81A30EDE700BFCB230400CA
S2140129F0D1230400F4230400FE230400453304001D
S214012A002524040010B500F0ABFABDE810400346DB
S214012A10024A0020024902F0D3BE00BFA02F0400E4
S214012A20BEEE0300D0E9023253F8223010B5188802
S214012A3000F086FABDE810400346024A002002492B
S214012A4002F0BEBE4D240400BEEE030010B5D0E970
S214012A500232002486B08DF8044053F8221003EBAE
S214012A608203097801A88DF805105A681288ADF816
S214012A7006209A681288ADF80820DA681278ADF850
S214012A800C40A24214BF402280228DF80A201A6907
S214012A901288ADF810205A699B691288ADF8122089
S214012AA01B68059300F0D0FB034A03460349204602
S214012AB002F086FE06B010BDEF020400BEEE030073
S214012AC038B50024064D2BF0E8F945F82400063405
S214012AD0C02CF8D10020BDE83840024902F070BE93
S214012AE0801000205424040030B5002087B020490F
S214012AF002F066FE00201F4902F062FE00201E4919
S214012B0002F05EFE2BF0C9F900240546A0B201A929
S214012B10013423F0C5FB202CF8D12BF0BEF9174960
S214012B20421B002002F04CFE1549002002F048FE30
S214012B302BF0B3F90446012000F09EF82BF0ADF916
S214012B400E49021B002002F03BFE0E49002002F057
S214012B5037FE2BF0A2F9044623F093FB2BF09DF9E8
S214012B60021B0020054907B0BDE8304002F028BE30
S214012B7080240400AF240400DF240400FC240400A5
S214012B800B2504002525040010B50C4603F07CFD3A
S214012B9008B9032C12D101F059F904280ED001F01E
S214012BA055F905280AD0064802F0BAFC1C2801D1BE
S214012BB024F014FBBDE8104002F0C2BC10BD00BFFB
S214012BC08D6203002DE9F04F00274FF0FF36DFF846
S214012BD0A4B0264C87B0BBF80030B8B2834209D8FF
S214012BE0731C3BD03246FF21214807B0BDE8F04FA9
S214012BF022F0A3BD01A923F053FB9DF8050001F0C7
S214012C005BFFF8B19DF80480B8F1000F1AD1BDF84A
S214012C1010A0BDF812902BF040F918210246BBB265
S214012C204B43E018E158007C4FF47A73A2EB010C99
S214012C3050B103FB0AF363450ED30B44981A864240
S214012C4028BF06460137C6E74D466B43FAD06345B3
S214012C50F5D31944881AF2E74046F0E7FF21044805
S214012C6007B0BDE8F04F22F079BD00BF801000200C
S214012C70DC3A0020D25200202DE9F041014688B00E
S214012C8058B1022810D023F025FB78B3D221194879
S214012C9008B0BDE8F0412BF007B9FF23164A1748E4
S214012CA00093FBF7E1F9EEE700244FF00108274611
S214012CB0134EA5B2284603A98DF80D7023F0F0FA3D
S214012CC09DF80D0068B101F0F7FE20B19DF80C30BB
S214012CD00BB986F810800134202C06F11806E8D1CD
S214012CE02546084B1D80FFF76DFFCCE708B0BDE811
S214012CF0F08100BF452504002D300100DC3A00209C
S214012D0080100020D2520020014B1888704700BF67
S214012D10D25200202DE9F04F634A077D89B0044660
S214012D206249002002F066FD002024F033FB20B14A
S214012D302368218A588803F0F5FC00205C4902F0DC
S214012D403FFD637DDFF87491002B236808BF0820E0
S214012D505988574B18BF00200093228A4FF0090369
S214012D6014BF4FF080084FF0400802F089FBA2899B
S214012D70BB1C93420CDB24F0A7FB034620B10020CA
S214012D804C4A4D4902F01CFD012009B0BDE8F08F08
S214012D90A068791C89B2C55D24F0B5FA0337012D08
S214012DA00646BFB213D82368324659885879238A13
S214012DB00093434623F0EDFE824600283ED186204E
S214012DC002F026FC284602F023FC304668E0852007
S214012DD0F6E703A923F064FA9DF80C30AB4223D141
S214012DE023689DF80D105A7991421DD1BDF80E1039
S214012DF05A88914218D1BDF81020B24214D19DF8DC
S214012E001220424510D1BDF81410228A91420BD1EE
S214012E10002D38D0BDF81810E288914204D19DF8F3
S214012E201A201B799A422ED00BF1010BB9F800300B
S214012E305FFA8BF08342CCD88B20C1E74FF0000BB2
S214012E40F4E79AF8020002F0E3FBBDF8180024F05C
S214012E501DFABDF81A0024F019FA9AF8020003F0D8
S214012E6081FE002883D19AF8020001F0F7FC05469E
S214012E70079E002D3FF47BAFF0B2013D02F0C8FB88
S214012E80360AEDB2F5E7002002F0C2FB284602F052
S214012E90BFFB304624F0FAF9012DD2D1BDF81C0053
S214012EA024F0F4F963E700BFD4250400AC1904004C
S214012EB045330400E1250400FE250400D25200201B
S214012EC02DE9F04391B06946804623F0E9F90023E5
S214012ED0194F8DF801303888431E98B280453880E6
S214012EE009D16946404623F0E3F9684623F0C7F95D
S214012EF011B0BDE8F0834FF0180905A923F0D0F909
S214012F000E4C3E880AAD09FB06460FCE0FC596E865
S214012F10030009FB084485E803000AAE404605A9FC
S214012F2023F0C6F90FCE0FC495E8030084E803002A
S214012F3069463888D7E700BFD252002080100020AB
S214012F4008B5064B1B88834205D9FFF7B9FFFFF783
S214012F5039FE002008BD2720FCE700BFD252002022
S214012F6038B5074D2C882CB9FF21064822F0F6FB10
S214012F70204638BD601E80B2FFF7A2FFF2E700BF11
S214012F80D2520020DC3A00202DE9F3479A46182356
S214012F909DF82890244FCDE9001203FB09731446CF
S214012FA0D3E9022324F06FFB064620460D4603F0C4
S214012FB0D9FD04F0FD03382B80460FD1009432462C
S214012FC02B460021DAF8100023F095F9B8F1010F2D
S214012FD01BD135431ED102B0BDE8F087392CDAF893
S214012FE010300BD107EE906A07EE103AF4EEC77A6E
S214012FF0F1EE10FAACBF01200020E7E79E4275F122
S21401300000032CBF01200020E0E7B8F1000FE2D159
S2140130100028E0D0182303FB097701233B7402B094
S214013020BDE8F047FFF7CEBD801000202DE9F04F38
S21401303000252E46A846AA462C46DFF8BC91D1B0FC
S214013040694BA8B21B88834209D81CB161882079D4
S214013050FFF79AFDFFF7B6FD51B0BDE8F08F0BA95B
S21401306023F01EF92AF019FF1823AFB27B4309EBB0
S214013070030B59F8033005909DF82D00049301F0D9
S2140130801BFD002800F0AE809DF82C10002940F0B2
S214013090A980DDE90432D01A4FF47A72BDF83830CF
S2140130A05343834200F29E809BF8103043B9BDF82B
S2140130B03A30002B00F096805343834200F2928010
S2140130C0FD230022CDE9013210AB00930DF1190268
S2140130D00DF11A03E9B20BA8F1F7FAF8002877D137
S2140130E0BDF81A30DA1C0493D2B214B33F4B9DF8E4
S2140130F02D101B8813442279914214D1BDF82E104D
S214013100628891420FD19DF83220B8EBD21F0AD1C6
S214013110BDF83420524506D1B3424DDD0020344976
S21401312002F04EFB01E0B342F8DC61882079FFF73C
S2140131302BFD02F041FA04469DF932002D4BC043A7
S214013140C00F0093BDF834200A23BDF82E10C0002E
S2140131509DF8328002F094F99DF82D304FF0000B67
S21401316023714FF48A53FF26BDF834A04FEAD818CE
S214013170E38007A95FFA8BF024F034FCC0B2B0B943
S2140131809DF81D109DF82D20914210D1BDF81E10FE
S214013190BDF82E2091420AD122469DF829109DF8AD
S2140131A01C0024F09AF9B04228BF3046C6B20BF193
S2140131B0010BBBF1200FDCD1BDF8300024F066F81E
S2140131C09DF8190002F024FA049910A802F034FAC6
S2140131D0182300225F4309EB07031A742AF05DFEE9
S2140131E049F8070001352BE7D2520020DC520020B7
S2140131F0BD260400453304008010002070B500246D
S2140132000126104D8AB02B88A0B2834204D80AB09A
S214013210BDE87040FFF7D6BC05A923F041F89DF83C
S214013220150001F049FC50B19DF814303BB91A461F
S214013230CDE901360093E1B205A8F1F749F801346A
S214013240E1E700BFD25200202DE9F0430389DFF801
S21401325058818BB0B8F80090009304468379828831
S2140132604188407823F095FC002800F09580E78996
S21401327027B1A389BB4200F291800027B8F800303D
S214013280BDB2AB4214D84D4601264FF6FF73E28914
S2140132909A4226D146B9B8F80030AB4202D9284640
S2140132A0FFF70EFEFFF78EFC00200BB0BDE8F083A3
S2140132B0284605A922F0F4FF9DF814307BB9226850
S2140132C0059B5340FF2B0AD86368069E5E4036F086
S2140132D07F4604D1BDF81C2023899A42D5D00137F8
S2140132E0CCE7E2689A422BD0002E53D1D4E90323CF
S2140132F0CDE9082305A822F0C2FF0028D5D1B8F8E9
S2140133000030AB4204BF6B1CA8F800302AF0C5FDA4
S21401331018236B43234AE9B2D050D418002305A8DA
S2140133201A46CDE901330093F0F7D2FF18B1002217
S2140133300023C4E90223284605A922F0B9FFB1E714
S214013340234605AA04F1100C174618685968083375
S21401335003C763453A46F7D11868386005A822F0D6
S21401336091FF0028C0D01F2D1AD800238DF81430E5
S21401337063788DF815306388ADF81630A388ADF8FC
S2140133801830A3798DF81A302389ADF81C3000283F
S214013390B0D1ABE70020E6E7862086E7872084E702
S2140133A0892082E780100020D25200202DE9F04FBC
S2140133B0B04A90F814908DB00446AF49002002F050
S2140133C019FA002023F0E6FF20B12368218A5888E5
S2140133D003F0A8F90020A94902F0F2F9637DDFF8AD
S2140133E0B8A2002B14BF802340230293236808BF92
S2140133F008205988A14B18BF00200093228A072372
S21401340002F03EF800230393A28909F103059542D1
S21401341011DB039B13B9184602F0FAF824F054F8AE
S214013420034620B10020964A964902F0C9F90120C8
S2140134300DB0BDE8F08FA06809F1010189B210F85E
S214013440096023F060FF3246804603468E4900201D
S214013450ADB202F0B5F98EB1012E00F08A80852753
S214013460384602F0D5F8304602F0D2F8404623F04E
S2140134700DFF852FD2D00123039376E0A06809F1D2
S2140134800401A28989B2475D23F03DFF09F10601D7
S214013490A289049089B2A06823F035FF3A460590C8
S2140134A00090049B3046794902F08AF909F108092F
S2140134B038461FFA89F503F055FB002857D13846E0
S2140134C001F0CCF9294603468146A289A06823F07B
S2140134D00BFF6F498346304602F08CF9A1684A46D5
S2140134E029443346304602F0CFF83046634902F0AD
S2140134F067F9A9441FFA89F523684246598858791D
S214013500238A0093029B23F044FB18B18378BB42C5
S21401351040F0AC80483FFFB2092F05D840F2113386
S214013520FB40DB0700F1A48000238DF81C302368E4
S21401353007A85A798DF81D205B88ADF82080ADF874
S2140135401E30029BCDF82CB08DF82230238AADF8C0
S2140135502430049BADF82830059BADF82A30FFF7E0
S21401356073FE074600287FF47BAFA9464CE7B346B7
S214013570C2E72946A289A06823F0C5FE4FF0000BDA
S214013580024607464349002002F01AF909F10509E7
S214013590BAF800301FFA89F5BAF800201FFA8BF93D
S2140135A04A4503D81F2B31D9892759E7484607A929
S2140135B0049322F075FE9DF81C20049B012A22D15B
S2140135C022689DF81D00517988421CD1BDF81E0065
S2140135D05188884217D1BDF82010414513D19DF876
S2140135E02210029881420ED1BDF82400218A884219
S2140135F009D1BDF82800E188884204D19DF82A1037
S214013600127991421BD00BF1010BC5E701229946B5
S2140136108DF81C20226851798DF81D105188ADF85F
S2140136202080ADF81E1002998DF82210218AADF87F
S2140136302410E188ADF8281012798DF82A2007A801
S214013640ADF82C7022F01BFE074600287FF408AF69
S214013650BAF800304846994508BF09F1010307A9A1
S21401366008BFAAF8003022F023FE7EE78D27F7E692
S2140136708C27F5E6E8260400AC190400453304005F
S21401368049270400FE250400F02604000D27040047
S2140136902E27040039270400D25200202DE9F04FCE
S2140136A0074688469146002589B09A46BDF848B037
S2140136B09DF84C60149C224B1A88A8B2824235D9D8
S2140136C003A922F0EDFD9DF80C201D4BB2BB9DF821
S2140136D00D10B94232D1BDF80E1041452ED1BDF8BC
S2140136E0101049452AD19DF81210514526D1BDF832
S2140136F01410594522D13046029201F0AFF8A6F1D6
S2140137004103012B01460AD8204623F002FE0D4B49
S2140137100D4A204484420CD10421029302ACEDB23E
S21401372032462046009503ABFFF72EFC09B0BDE8F4
S214013730F08F14F8011F4B405343EBE70135BBE70D
S214013740D2520020C59D1C81930100011FB50F4C6C
S2140137502478C4B142EA03229DF818308DF805108A
S21401376042EA43220A4BADF80C201A78094B8DF831
S2140137700610079903EB021300908DF80400DB682E
S21401378068460291984704B010BD00BF425B002016
S214013790445B0020FC3A002073B51A4DFF211A48FD
S2140137A021F0DCFF2B7853B3184C194E23781801FF
S2140137B006EB03131A7A5968305C24F09FF94D28FA
S2140137C01DD0E0B1012300212278CDE9003112019C
S2140137D0B25CC0B2FFF7BAFF0A2223780A48013367
S2140137E0DBB2B3FBF2F102FB1133FF2123702B781E
S2140137F0013B2B7002B0BDE8704021F0A7BF02B0BC
S21401380070BD00BF425B00209C3B0020445B002053
S214013810FC3A0020F8B5104F3E780A2E1AD00FC891
S214013820DFF840C00D4D9CF80040013605EB04154D
S21401383085E80F000A230134E4B2B4FBF3F203FB7C
S21401384012440748FF218CF800403E7021F07EFFAD
S2140138500020F8BD0120FCE7425B0020FC3A002076
S2140138609C3B0020435B00200021024A0248FAF7F5
S21401387031BC00BF993701009C3B0020002337B5BF
S2140138800C46124D12492A78CDE9003312018A5CA2
S21401389001230146E0B2FFF759FFA4B90D490A78A2
S2140138A08AB10A202B78013A0133DBB2B3FBF0F47C
S2140138B00A70FF2100FB143307482B7003B0BDE8E4
S2140138C0304021F043BF03B030BD00BF445B002051
S2140138D0FC3A0020425B00209C3B002008B500F02B
S2140138E0BDF850B1054B064A0649052808BF1A46D9
S2140138F0BDE80840002001F063BF08BD5D27040055
S214013900453304007E27040008B5032024F010F98F
S21401391010B90122014B1A7008BD00BF455B00209B
S2140139200022024B18781A70704700BF455B0020D2
S2140139300246FF21014821F000BF00BFBC3B00202A
S214013940114B37B51D78C5B9FF21104821F006FF88
S214013950FFF7DAFF044600900D4B28460D4A0E4944
S21401396001F02EFF4CB10D4B1B78DB0605D5284622
S21401397024F0B8F8204622F0F3FA094B186803B091
S214013980BDE83040FFF7D4BF455B0020BC3B0020BC
S2140139909B270400C92704008EFF0300335B002029
S2140139A048640020FF21014821F0D8BEBC3B00201E
S2140139B070B51A4E054633780C466BB30020184A8C
S2140139C0184901F017FF032C01D0652C20D11649A8
S2140139D0002001F00FFF22460020144901F0F0FEFE
S2140139E00020134901F006FF012329460822002082
S2140139F001F04AFE00200F4901F0E2FE032C88BFC9
S214013A000023204688BF3370BDE87040FCF7BEB87F
S214013A10012CE0D00849DBE770BD00BF455B002004
S214013A20C927040078030400DC2704002F0A0400D9
S214013A30FA27040045330400F2270400014B1860FE
S214013A40704700BF486400200021024A0248FAF786
S214013A5041BB00BF41390100BC3B0020054B10B5FE
S214013A601C782CB90448FF2121F070FE204610BDB9
S214013A700520FCE7455B0020BC3B0020F8B5002490
S214013A80074B084E1D68084FE3B29D4204F101043E
S214013A9000D8F8BD394656F8230021F016F8F3E7AA
S214013AA078A204007CA204001465002010B5044C22
S214013AB023780BB124F02CF80123237010BD00BF2E
S214013AC0A46800202DE9F743254B0D46164604460B
S214013AD0019350B14AB1042301AA12F8011BA9426D
S214013AE035D0013B13F0FF03F7D1212003B0BDE829
S214013AF0F08317F8010F90FAA0F0000E21F021FADA
S214013B00014608EB07039945F3DCCAB2C1F30F235C
S214013B1092FAA2F293FAA3F3120E1B0E03EB022300
S214013B20DB43621912F8020C99B2DBB298420CD14F
S214013B3012F8013CB3EB112F07D132462146284635
S214013B4003B0BDE8F04323F043BF2320CEE74FF692
S214013B50FF71671EA5F10209C4F10108D1E700BF94
S214013B60080A0E12F0B515468FB00E4607462AF023
S214013B7040FA254B02A81C7823F0CEFF15F0FD0F66
S214013B803BD028B9BDF808309B0701D5032D36D0A8
S214013B901DF0A4FE58B309A824F02AF803233068C0
S214013BA071688DF824300AAB03C39DF83130012DBE
S214013BB043F002038DF8313019D105A909A824F084
S214013BC00FF8002818BF022423F0B8FB032D18D8DD
S214013BD00E4B0F4A0020CDE9004753F8243052F827
S214013BE025200C4901F0ECFD20460FB0F0BD032D59
S214013BF0EAD1042C08BF0024E6E70324E4E72C46B8
S214013C00E2E70324F0E700BF465B0020C08604001D
S214013C10B0860400012F0400014B1870704700BFE6
S214013C20475B0020024B1A6818608260704700BF2D
S214013C304C640020024B186800B14068704700BF12
S214013C404C64002070B5044600250A4B1B687BB106
S214013C5000211E8807E05A6802EB0110013145B9C0
S214013C60021B554255418AB29642F4D89B68EEE74C
S214013C70184670BD4C6400202DE9F04F1E46002307
S214013C8093B0022E074688461446DDF870909DF8DC
S214013C9074A0ADF81A3040F2C08099F800305A0787
S214013CA029D5042E40F2B98099F804B000255F4B5F
S214013CB033F83520002A00F0B68001350A2DF7D1F9
S214013CC0209B002B40F0AD80FF250023207908AA19
S214013CD00DF119018DF8193023F0A6FA70B1BDF86F
S214013CE02C309DF81900238023F023FB0790C0B1E8
S214013CF013B0BDE8F08F99F802B0D7E7207922F02B
S214013D00C3FF0B28059000F28A80207923F022FB5E
S214013D1007900028ECD1464A059B02EB03135B880B
S214013D2023804FF6FF73002F08BF434662880021A9
S214013D30CDE9002358465246238802F0FDFD18B10E
S214013D40E38843F02003E380209B07A90DA8CDE973
S214013D500D34CDF83C90ADF84080ADF842608DF85A
S214013D6044708DF845A023F072FA08B10798BFE7B2
S214013D70484602F025FDA01D02F010FD22464146F0
S214013D80384623F0AAFBB04227D3E3882246C3F382
S214013D900E03E3809DF87C3041460393BDF87830EE
S214013DA0384602930DF11A03CDE90093F3B222F0DF
S214013DB0DEFC209B079003B3F8B9BDF81A2042B188
S214013DC0092D06D81B4B03EBC5018A80209A43F8C0
S214013DD03520112023F00BFA1CE0BAF1000F0AD1AE
S214013DE00DF11A03CDE9006322464B46414638469B
S214013DF0FAF778FFDDE73820DBE7052807D1E38807
S214013E00DB0607D5002301200793FFF705FF079B75
S214013E10002BDED023F092FAA8E7012068E72120E4
S214013E2066E71C2064E7EDB24FE700BFE43B0020E5
S214013E30503C0020E03B00204FF6FF72024B1A80F8
S214013E405A809A80704700BFD452002010B5044CA7
S214013E502379FF2B02D123F089FE2071207910BD32
S214013E60D452002010B50C4C2379FF2B08D100202A
S214013E7023F05FFA20B923F079FE207123F05EFA71
S214013E802079022805D00438012894BF002001209B
S214013E9010BD0020FCE700BFD45200204FF6FF7390
S214013EA010B5044C22889A4202D123F055FE208098
S214013EB0208810BDD452002010B5FFF7BDFF40F694
S214013EC01D439842044607D8B0F5416F05D218281D
S214013ED026D8152848D829D010BDA0F541630D2B4A
S214013EE0FAD801A252F823F02D3F01002D3F010020
S214013EF0D93E0100D93E0100D93E0100D93E01005C
S214013F00D93E0100D93E01007D3F01008F3F0100EF
S214013F10293F0100293F0100293F0100293F0100F7
S214013F2040F606439842D7D11C4920E0FFF7B6FF7A
S214013F301B490246002001F043FC152C05D123F055
S214013F40F5FDBDE8104023F08BB9164B164A17490C
S214013F50B4F5416F08BF1A46002001F031FC23F08A
S214013F607EF923F07DF9ECE71628DDD11049002013
S214013F7001F026FCBDE8104023F097BA22F0DEFCE3
S214013F80BDE8104002460B49002001F019BC002094
S214013F90BDE81040084901F013BC00BF25300400FD
S214013FA0D22F040045330400CD2F0400EE2F040069
S214013FB00E3004003A3004006230040007B5094AA6
S214013FC00346108831B9084A084903B05DF804EB86
S214013FD001F010BC0091064A064901F00BFC03B043
S214013FE05DF804FBEC520020C5FC0300823004009F
S214013FF069FD03008EFF03000D4B37B51B680446B1
S21401400093B11D780389012D08BF02250093C37A59
S214014010084A0020084901F0D3FB2146284603B090
S214014020BDE8304023F05ABD022003B030BD00BFCA
S2140140301C3D0020F7300400A6300400002010B517
S21401404023F077F90D4B1B6863B15A78052A03D81C
S21401405062B1052402220AE0FF2AFAD000200849AC
S21401406001F0AEFBBDE8104023F068B914461046D7
S21401407023F090FD204623F08BFDF3E71C3D002046
S214014080FC30040013B5134C002023F052F9FFF75F
S214014090D3FE23689BB101A822F043FC78B92368BC
S2140140A01A789DF804309A4209D0D91E032906D9F8
S2140140B0D11E012903D9012A07D1022B05D10323D9
S2140140C001A8ADF8043023F00FFD02B0BDE81040A2
S2140140D023F034B91C3D002000231946034A01335E
S2140140E00A2B918042F8081BF9D17047E03B00206B
S2140140F07FB50E46054623F0F9FC2A4604460346DC
S2140141000D49002001F05CFB96B10C4B36211A8854
S2140141109B78ADF80C208DF80E3003230022009317
S2140141204FF6FC7003AB8DF80D5023F020FC0446CF
S214014130204604B070BD00BF1D3104002C8704006A
S214014140FF2810B50C4604D10020044901F038FBC5
S214014150FE202146BDE81040FFF7CABF36310400F5
S214014160F8B51E460B8807460C461546002B64D14B
S2140141704A88B1F9021000200029B8BF6B7830498F
S21401418001F01EFB6288132A1DD002F5FF437F3320
S2140141909BB2052B23D8A2F50042013A052A1ED868
S2140141A0DFE802F0193F1D033C09264A2649002094
S2140141B001F006FB13E0254A2349002001F01AFB13
S2140141C02A792349F3E7022E94BF4FF6FF72B5F81A
S2140141D001202049EBE700201F4901F0F1FA3346A0
S2140141E02A462146384624F0EAFB70B933462A4669
S2140141F02146384624F0E5FB48F2210362889A42BC
S21401420003D13846697823F018F86388B3F5004F70
S21401421002D9082023F02AF80120F8BD2A790F498F
S214014220C5E70F4A0849002001F0E4FA032E94BFBF
S2140142304FF6FF726A880B49B9E70020EDE700BF29
S2140142407131040099310400A0310400B131040039
S214014250B7310400C5310400DD310400F731040034
S214014260193204001E3204002DE9F04116888AB086
S214014270DFF88C80ADF80E300DF10E03C8F8002083
S21401428015460093324610AB07460C46FAF7BCFDBE
S21401429090BB109B8DF824000693BDF80E3004A841
S2140142A0ADF81C30AB898DF81070ADF820306B89F5
S2140142B00594ADF81E60ADF8223022F0C6FFD8B9DD
S2140142C021463046BDF80E30109A01F0C9FF98B964
S2140142D021463046BDF80E30109AFFF741FF58B917
S2140142E0CDE9006039462046BDF80E30109A02F03E
S2140142F049FB08B9C8F800000AB0BDE8F08100BF64
S214014300DC3B0020F0B585B004AB03E903000023D5
S2140143101C469DF80D609DF80E70154AD9B202EB49
S214014320C1004568EDB99DF80C30284600939DF80C
S2140143300A209DF80B300F4901F05CFA26B132468F
S21401434028460D4901F056FA0C4A0020002C18BFE9
S2140143502246BDF808300A4905B0BDE8F04001F034
S2140143602FBA12F831100133B94208BF2C46D5E7EF
S214014370D4860400303204004132040034FC0300C9
S214014380453204004FF6FF7310B5084C88B06288BA
S2140143909A4207D102A90DF1070022F0C0FABDF832
S2140143A010306380608808B010BD00BFD452002072
S2140143B02DE9F04F85B0894692461C460746BDF862
S2140143C03850BDF83C80109E002833D00346464A3C
S2140143D00020464901F00EFA2388002B76D040F2E1
S2140143E00912934274D0424A4249B3F5827F08BF0C
S2140143F00A46CDF804806188002000913E4901F00C
S214014400F9F9238893B1B8F1020F0FD933783B49F4
S21401441013F0010F3A4A18BF0A4659074FF0000039
S2140144204CBF3379B378374901F0E4F900203649B7
S21401443001F0C6F90023354931F83320AA4249D1A3
S214014440334A52F833B0002331F83300DA00A84279
S21401445046D100202E490A44908041F8330047B9DE
S214014460238833B9B4F90230002B02DB082022F08E
S214014470BEFE012022F0FAFE9EB13578EB0710D57C
S21401448015F0040004D042460121304622F03BFFDD
S214014490CDE901704346224651464846009622F031
S2140144A050FCBBF1000F06D0434622465146484613
S2140144B0CDE90067D8474346224651464846CDE9EE
S2140144C0006722F004F905B0BDE8F08F114A90E7C5
S2140144D0114A8EE701330A2BAED14FF0000BB2E73B
S2140144E001330A2BB0D1BAE771F303006C32040032
S2140144F035FC03005A3204007A3204005D320400AF
S21401450065320400AB32040045330400E43B00206E
S214014510E03B002053320400573204000D4BF0B547
S2140145204FF00C0C1F88054600230B4EDCB2BC4234
S21401453001D30020F0BD0CFB04F43019345DAC420D
S21401454005D144888C4202D104799442F2D00133D9
S214014550ECE700BF446800205C64002073B50126C8
S2140145602B4D2C4C2A462046FF2300210096F9F7B6
S2140145707BFD2A462046FF2300210096F9F774FDAD
S2140145802A462046FF2300210096F9F76DFD2A46AC
S2140145902046FF2300210096F9F766FD2A462046AD
S2140145A0FF2300210096F9F75FFD2A462046FF23E8
S2140145B000210096F9F758FD2A462046FF230021E0
S2140145C00096F9F751FD2A462046FF230021009662
S2140145D0F9F74AFD2A462046FF2300210096F9F7FF
S2140145E043FD2A462046FF2300210096F9F73CFDAD
S2140145F02A462046FF2300210096F9F735FDFF23C2
S2140146002A46002120460096F9F72EFD02B070BD1D
S214014610FD5F0300303C00202DE9F84300244FF0F5
S2140146200C090C4B0C4F1E78DFF830803A88E5B247
S214014630954202D33046BDE8F88309FB0585FF2184
S214014640A86821F092F818B9AB799E4238BF1E4689
S2140146500134EBE7485B0020446800205C640020DE
S214014660014B1878704700BF485B0020014B18705B
S214014670704700BF485B0020F8B506460C4622F09E
S214014680D1FD0546C8B9304622F0FEFA0B2815D8EA
S2140146900B4B03EB00131F7B87B95A88012122803D
S2140146A09A88304662809B79237100F037FA394642
S2140146B06071304600F032FAA07101252846F8BD37
S2140146C0503C002070B504460E46154622F0DCFA32
S2140146D00B2802D94FF6FF7070BD094B03EB001390
S2140146E01A7B002AF6D146B901222946204600F057
S2140146F03DFA0028EED00088EEE7012EEAD1F4E775
S214014700503C0020FF2313B50DF1070104468DF838
S214014710073022F085FD18B19DF8070002B010BDE4
S214014720074B03EB04131B7B0BB1FF20F6E7204678
S21401473000F03AF90028F8D0204600F0E9F9EDE754
S214014740503C002013B5F6F785FC0446F6F788FCC6
S214014750224603461249002001F032F800F084FF99
S214014760FFF7BAFC00F0A6F80221084602F074FD35
S214014770FFF764FC41F2490023F026FA4FF0FF13DD
S2140147800093FF2368468DF8043023F0FBF94FF4BD
S214014790004023F0D9F9002023F0F6F902B010BD4D
S2140147A0FA32040038B5054622F05CFD90B9284679
S2140147B023F016F9044628B140F60443984214BF84
S2140147C088248D2423462A460020034900F0F8FF5A
S2140147D0204638BD8D24FBE7123304002DE9FF4740
S2140147E005460E4617469846BDF83090DDF834A0CB
S2140147F0BDF83840CDF80090CDE9014AE4B2FFF7A4
S214014800D7FD43463A4631462846CDE90094CDF8D1
S21401481008A024F09DF8FF21034B044A044804B085
S214014820BDE8F04700F01ABEE0520020DC5200203E
S214014830205D0020044B01461888102240F04040BD
S21401484040F48010F7F716BA26840400024B186865
S2140148505968FFF757BD00BF5EC704000123064A2B
S214014860D15C814202D1054AD05C704702335F2B8E
S214014870F6D10020704700BF2E8704002F87040062
S21401488070B500220446094B1D78094BD0B285420B
S21401489001D8FF2070BD1E78A64204D10029F9D0A8
S2140148A05E7BF607F6D401321033EFE7495B002052
S2140148B0503C00202DE9F04198B06B46304A106814
S2140148C0516803C390680CAA18602E4B14469C4688
S2140148D003F11806154618685968083303C5B3422C
S2140148E02A46F7D112AA1746274B03F11806154692
S2140148F018685968083303C5B3422A46F7D1234AD4
S21401490003AB106851684FF0010E03C390687168DD
S2140149101860DCF83000002206AB03C30C21EC461D
S214014920B068CDE909221860194BDFF86C80197060
S214014930184B0DEB01060B9206AD09A91CF8010BED
S2140149400132187034F8020B0C2A588037F8020B23
S21401495083F80DE0988016F8010B03F1100303F8B5
S2140149600A0C15F8010B08EBC00043F8080C11F807
S214014970010B03F8040CE1D118B0BDE8F08100BFCB
S2140149802C3304009E8A0400B68A040039330400DE
S214014990495B0020503C002098870400014B1878A2
S2140149A0704700BF495B0020034B03EB0013587BA5
S2140149B000F00100704700BF503C0020F0B50446EF
S2140149C00846D9B100220E4B11461F780D4B1D46E5
S2140149D0D6B2B74201D8002010E01E78A64206D013
S2140149E09E68F688314489B201321033F0E75E7B67
S2140149F0F607F9D505EB02150180A868F0BD00BFE2
S214014A00495B0020503C00202DE9F347894690463B
S214014A101D46074618B9002002B0BDE8F0870029F8
S214014A20F9D0002AF7D0002BF5D0002400780DF13C
S214014A300601ADF80640FFF7C1FF0028EBD0394666
S214014A400DF10602BDF8066022F013F807460028AD
S214014A50E1D00DF10602BDF806A022F031F80028DB
S214014A60D9D0C9F80070C8F80000037913F0200205
S214014A7019D1DB0614D4BDF806300C4A564413FA95
S214014A8086F612FA86F20BE01A790C33920642BFCA
S214014A9013F8092C891889B29842F5D8044A0A44B1
S214014AA001202A60B8E72146024BF5E76C5C00203E
S214014AB04A5B0020D889040008B50021FFF7E0FE14
S214014AC0FF2817BF044B084603EB0013587B18BF9B
S214014AD000F0010008BD00BF503C00202DE9F04168
S214014AE00D4616461F4622F0CFF80B280AD8074C6B
S214014AF03B4604EB001032462946BDE8F04180688B
S214014B0022F08FB80020BDE8F08100BF503C0020A5
S214014B10014B0001185C7047503C002070B50C46F4
S214014B2022F0B2F80B281BD80F4B03EB00139A6840
S214014B30C2B10023142618461579D9B28D4200D881
S214014B4070BD116806FB0311097B34B911F0800FA3
S214014B501CBF0130C0B20133EFE711F0400FF7E799
S214014B600020EDE71046EBE7503C0020F8B50D4677
S214014B70164622F089F80B280BD80F4B4FF0140C71
S214014B8003EB00139A6800231C461779D9B28F42AB
S214014B9001D80020F8BD10680CFB0300017B46B964
S214014BA011F0800F03D0AC42F4D00134E4B20133EB
S214014BB0ECE711F0400FF5E7503C00202DE9F04FEF
S214014BC0064600243A4B87B01B783A4F0093009B69
S214014BD09C4207D2FF2E08D0304622F055F80B280B
S214014BE0044606D907B0BDE8F08F07EB04131B7B1C
S214014BF02BBB23014FF00008019307EB041A14E0C6
S214014C0014221B6802FB05352B89B3F5967F01D963
S214014C1029F057F94FF000094FF00C0B29891FFABC
S214014C2089F291420ED808F10108019B5FFA88F5D6
S214014C30FB189B681A79AA42E2D8FF2ED2D101341A
S214014C40E4B2C4E71FFA89F00BFB00F06B68191891
S214014C500A7912F0100F23D19AF800E012F0400FF3
S214014C608DF80CE0B5F800E0185AADF80EE00CBF70
S214014C704FF0400E4FF0800EADF8120028468DF82A
S214014C8010E021F0C2FE5307ADF81400C8780AD52B
S214014C900228896800D90968002203A821F091FF3B
S214014CA009F10109BAE702288CBF89680831F3E7E0
S214014CB0495B0020503C0020052370B5094A068850
S214014CC01488B44208D19578047B2C403F2C03D934
S214014CD00D4201D0506870BD013B02F10802EFD1D0
S214014CE01846F8E7488A040070B50024074D084EB8
S214014CF02B78E0B2834200D870BD06EB0010437BF0
S214014D00DB0701D522F09FF80134F1E7495B00206B
S214014D10503C0020F8B50C4600210546FFF7B0FDD3
S214014D20FF2829D0154A060102EB00135B7B03F02E
S214014D3001016CB143F001031644A142737305D01F
S214014D40C4B100B202EB001022F07DF80120F8BDDC
S214014D502346F1E77B4311682846CA18127BC95AD5
S214014D60D20921F0DCFC0134B268E3B21179994230
S214014D70F0D8EBE71427F7E70846E8E7503C0020B1
S214014D80F0B59446497D20B339B3012918BF0421F3
S214014D9000254FF6FF702F462A46144E3488644588
S214014DA011D196F803E01EEA010F0CD0B4789C42AC
S214014DB009D30AB1BC4206D81EF0100F03D08AB13F
S214014DC0BC420CD370B90135072D06F10406E5D1B6
S214014DD0F0BD002908BF0821D8E70221D8E72746F9
S214014DE00020F0E727460122FAE700BF2C8A0400DC
S214014DF02DE9F04F0A9FBDF824E09DF82C809DF820
S214014E0030904C7D78B394B3012C18BF0424002550
S214014E10194800F11C0C068896421ED190F803B082
S214014E201BEA040F19D08678464516D31BF0100FDF
S214014E3091F80FA004D0BAF1000F0ED0B1F810A06F
S214014E40BAF1000F09D1A94513D0AE4511D95E5567
S214014E503E88013501363E80ADB204306045DAD178
S214014E600120BDE8F08F002C08BF0824CDE70224FE
S214014E70CDE70020F5E700BF2C8A04002DE9F04FAE
S214014E800024B1F57C4F0E4638BF4FF0010BA24609
S214014E90A1464FF6FF781F4628BF274B85B028BF8F
S214014EA0B3F800B0009001925C4503D3404605B0CC
S214014EB0BDE8F08FB6F57C4F0CD3204B3A4603EB9A
S214014EC0840331465B880098FFF708FE054680B3E9
S214014ED000232AE03A463146009821F005FFF5E71F
S214014EE00C229CB254436A680199105B02EB040CD5
S214014EF0884219D3B9F1000F01D0504514D8614644
S214014F002846CDE9023221F080FD029B60B1039A6A
S214014F10125BB9F1000F03D0524501D3804503D986
S214014F20924680464FF0010901332A899CB2A2427B
S214014F30D6D80134A4B2B7E78E8704009087040060
S214014F402DE9F04F91461A4600238BB08DF82020AC
S214014F50BDF850208DF81C00ADF81E10ADF82420C9
S214014F6005460F461A4604A907A8159C9DF85860E1
S214014F709DF85CA09DF860B09DF864800493ADF840
S214014F80229021F0CAFD049850B92B46CDE900794C
S214014F90644A654900F014FC86200BB0BDE8F08F2A
S214014FA0BAF1000F14D18378B34206D050465D4A59
S214014FB05E4900F005FC8D20EFE7037913F001034D
S214014FC006D11846574A5A4900F0FAFB8820E4E70A
S214014FD003795B072CD583685A689B68059206930C
S214014FE0807822F032FB049B0546DF782146022FAB
S214014FF003463A4610D805A822F0E3FA81462B4626
S2140150003A46214606A822F0DCFAB9F1010F01D092
S21401501001300DD18720C0E7059822F0D2FA012889
S214015020F8D02B463A462146069822F0CAFAEFE710
S214015030BBF1000F6FD1049F4FF6FF722146B8787F
S21401504021F081FC00286BD0BDF82430C5B2009356
S214015050CDE902549DF82030BDF82220BDF81E107F
S2140150609DF81C00019622F0EAF8002895D1BDF8BB
S2140150702430CDE902540093BDF822209DF820305B
S214015080BDF81E109DF81C00019621F0B6FE002802
S21401509083D121469DF8682007A821F092FD0028BB
S2140150A07FF47BAFB8F1000F07D03B462046BDF832
S2140150B01E209DF81C1021F027FEBDF82430BDF8F7
S2140150C02220BDF81E109DF81C000093CDE9016456
S2140150D09DF82030FEF7E2FABDF82430BDF8222014
S2140150E0BDF81E109DF81C000093CDE902549DF8F2
S2140150F02030019622F0A2F8BDF82430BDF8222017
S2140151000093BDF81E109DF820309DF81C0021F07C
S2140151104CFE002041E70020064900F051FBF8E76D
S21401512001203AE746330400523304007E3304007C
S21401513092330400A63304007FB500258DF80830AD
S214015140BDF820308DF80400ADF80610ADF80A2041
S214015150ADF80C306946BDF82830099A01A80B9EB7
S214015160009521F0DAFC044630B916B1009B9B7815
S2140151703370204604B070BD8928FAD1284602490A
S21401518000F01EFBF5E700BFC33304002DE9F04F26
S2140151904FF0000AC7B0FFF701FC5FFA8AF6B0428B
S2140151A002D847B0BDE8F08F5B4B36019A5D002010
S2140151B05A4900F005FB0020594900F001FB002385
S2140151C00593554B9DF8144033449B681A79A242C7
S2140151D002D80AF1010ADEE714224FF000091B6823
S2140151E002FB043422891FFA89F39A4202D8059BEE
S2140151F00133E5E70C231FFA89F803FB08F8D4F816
S21401520004B028F05EFE0BEB08052B79454913F038
S214015210400F3BF8083022884FF000000093424BC5
S21401522018BF0B46414900F0E5FA2946204621F011
S214015230ECFB074600283CD13D4900F0DBFA297912
S214015240DFF814C111F0010F3A4818BF604611F09B
S214015250020FAA78EB7832D1DFF800C111F0100FF7
S214015260354918BF6146CDE900010020334900F0F9
S214015270C1FA2B793BF8082013F0400F4FF0000BD2
S2140152804FF0FD030DF118082188CDE9023BCDE969
S214015290007821480CBF40238023805DFFF74CFF38
S2140152A086280ED12649002000F08AFA09F1010964
S2140152B098E702462349002000F09CFABFE72249FE
S2140152C0D1E7A87821F091FBD8B1404622F021F829
S2140152D0421C92B201234146002000F0D5F939461E
S2140152E0208801F001FA4FF6FF73984207D0174B5A
S2140152F0174903EBC0035A68002000F061FA15490C
S214015300D1E7A87821F077FB20B1404622F006F8D5
S214015310821CDEE7EA78DDE7503C00201534040005
S21401532023340400ED330400F23304006334040034
S214015330DA240400FA330400FD3304007734040051
S214015340933404003439040005340400188B040037
S214015350BA03040045330400F73304000D34040097
S2140153602DE9F04FC7B0BDF844A10646BAF1040FC7
S2140153700D4614461F46BDF840B163D9CDE9013B41
S21401538000920B4602463049002000F019FAFD2330
S2140153900DF117090DF118083046029322463B46D7
S2140153A02946CDE900B8CDF80C90FFF7C5FE0646B4
S2140153B0B8B9FD22414699F8000021F0C4FA074623
S2140153C0C0B1AAF10403834238BF8926204621F0E2
S2140153D05DFF8EB1304600F01BF9304647B0BDE8A0
S2140153E0F08F009023462A460020184900F0E8F97D
S2140153F00027EBE78926E9E7DFF85CA0BA1CBAF8D4
S2140154000030C3F1FF039A4219DA304600F000F982
S21401541099F8000000F0FCF8BAF800900C483A46FB
S21401542041464844B94404F021FFAAF800902346B7
S2140154302A4630460749009700F0C2F9CDE7892091
S21401544000F0E6F88926C8E79F340400DA34040041
S214015450205D002001350400DC52002010B5044C0C
S21401546020600448018004490A60044A136010BDA4
S214015470183D0020DA520020143D0020103D002087
S21401548030B587B00AAC0D4654F8041B0093CDE93D
S214015490011413460949024609480988006805941B
S2140154A021F0F2FD4FF48A52064B1B681880064B1A
S2140154B01B685D80DA8007B030BD00BFDA5200207D
S2140154C0183D0020143D0020103D002008B410B502
S2140154D087B009AB0C4653F8041B0092CDE90113C3
S2140154E002460B490B48059309880023006821F002
S2140154F0CBFD4FF48A52084B1B681880074B1B687C
S2140155005C80DA8007B0BDE8104001B0704700BF8C
S214015510DA520020183D0020143D0020103D0020E6
S214015520044A034611680448044A09881268006858
S21401553021F083B8143D0020103D0020183D0020C6
S214015540044B054A1B6812681988044B186820F03A
S214015550E7BF00BF143D0020183D0020103D00208D
S21401556007B5074B1B681B880192064A1268009212
S214015570054A126821F035F803B05DF804FB00BF58
S214015580143D0020183D0020103D00201FB5144694
S214015590064A12681288CDE901430091044B054979
S2140155A01B68096820F0F9FF04B010BD143D002007
S2140155B0183D0020103D0020014B1868704700BFC1
S2140155C0103D0020024B1B6818715971704700BFCF
S2140155D0103D002010B50024084B1C70FEF75EFC41
S2140155E0074BFF2218802146064804F0AFFC064B05
S2140155F01C80064B1C605C609C6010BD2A5E00200F
S214015600DE520020205D0020DC520020E052002007
S21401561007490B88FE2B9FBF064AD054581C80B200
S2140156209DBF088000F1FF3080180020704700BF42
S214015630DC520020205D0020F8B5094F0D463B885E
S2140156405C18FE2C0ADC074E0A46A4B20146F01886
S21401565004F0CEFC3C80641BA019F8BD0020FCE7DA
S214015660DC520020205D0020024B034A00201A6015
S214015670704700BF1C3D002094870400014B18783A
S214015680704700BF503C002030B4044D044C002B42
S2140156900CBF2B46234630BC21F064BE61F40300E8
S2140156A0D435040070B5054608460C4621F031FE97
S2140156B0611C0246024B2846BDE8704021F052BEEE
S2140156C0F33C040000B5037889B0069343783E2284
S2140156D00593837808490493C37803930379029367
S2140156E04379019383790093C3790448008800F0D5
S2140156F081F809B05DF804FB2F350400EC52002058
S214015700024B02460249188800F05AB8EC520020B3
S214015710CDFA03002DE9F04705460E46174600244C
S214015720DFF84480DFF844A0DFF84490AC4201D1B2
S214015730BDE8F087B8F8000006EBC401534608221E
S21401574021F010FE0134B8F800003FB9044AA54222
S21401575008BF4A46034900F04DF8E7E74A46F9E72D
S21401576045330400CCFA0300EC520020D435040083
S2140157702AE603002DE9F0410E4E0446308821F05A
S21401578009FEA8B100250C4FDFF83080E3070AD5E3
S21401579018B94146308800F02DF830882A46394637
S2140157A000F028F8002001351B2D4FEA5404EDD1F6
S2140157B0BDE8F081EC520020262104007732040077
S2140157C00EB417B505A9044651F8040B019103F070
S2140157D0BFFA01210220054AF8F766FF044B1C8038
S2140157E003B0BDE8104003B0704700BF4533040066
S2140157F0EC5200200EB417B505A9044651F8040B67
S214015800019103F0A5FA034B1C8003B0BDE81040DC
S21401581003B07047EC52002013B50368044658796C
S21401582000F032FF90B923685A88032A0ED0E17C33
S2140158305B79CDE900211649164AFFF7C1FF012120
S214015840204621F047FE012002B010BD637D012BEA
S2140158500AD0637D33B92368228A5988587921F0A2
S2140158601FFA48B9C3200AE02368228A5988587962
S21401587021F01FFA0028ECD0204621F08DFD064BC2
S2140158801B78002BDFD110F5807FDCD0C1B2D7E7C3
S2140158905C35040054350400215E0020002970B5F3
S2140158A00F491D460F4B14460CBF6E227922002865
S2140158B008BF0B4600200C49FFF79CFF0B4E254402
S2140158C0AC4205D1BDE8704000200949FFF778BF1A
S2140158D03146002014F8012BFFF78CFFF0E700BFDC
S2140158E0953504008B3504009E350400D23504003E
S2140158F0631804002DE9F04FC27C8BB00592427DFF
S2140159000368002A14BF80224022077D044685686A
S21401591086895879B846B3F80290069200F0B4FE2C
S214015920A0B9059B052B05D86FF02D03059A1341E9
S214015930DB070BD5B9F1030F08D0AB490020FFF701
S2140159403FFF0121204621F0C5FD76E0E37B1BB138
S214015950228A002A00F0B781607D0022B0FA80F02A
S2140159605B4203F00403DFF88CB2400943EAC0004F
S214015970ABF80020FFF74CFEE37B1BB3208A21F037
S21401598085FC8246A07CFFF743FE059A162A00F2A4
S2140159909A81DFE812F019009E016C005600D201D0
S2140159A06C009201D9019A01E001E701EE0139018B
S2140159B0020298019801980114025802140270021A
S2140159C0390102029A46DDE700204B46874A88499C
S2140159D0FFF7F6FE0120FFF71BFE08F10207B742AC
S2140159E029D841463246284621F08DFC8046236858
S2140159F042465879BBF800304946C3F1FF039BB2D3
S214015A000193238A0093069B22F0DCFF10B11FFA54
S214015A1087F8E2E7236842465879BBF800304946E2
S214015A20C3F1FF039BB20193238A0093069BFFF702
S214015A3097FC8928EBD121F047FD01200BB0BDE88A
S214015A40F08F4FF0000B0420FFF7E2FDF31E0893E2
S214015A50089B984552D3BBF1000FECD1E37B94F839
S214015A601480002B0CBF02220422624B1A804FF0D6
S214015A70000B0420FFF7CCFD5F4608F1030A5645EC
S214015A8040F29D8032464146284621F03CFC05EB1B
S214015A9008039B78F21EAA44A2EB0802079051461F
S214015AA0184692B2099320F04EFF0890002879D04C
S214015AB02268099B5079CDE901A3238A49460093C0
S214015AC0DDE9063221F06EFA82464A460020079B3F
S214015AD04949FFF78FFEBAF1000F55D10BF10103CB
S214015AE0504646495FFA83FBFFF76AFE089B08F1BA
S214015AF0030813FA88F81FFA88F8BEE732464146CB
S214015B00284621F000FC05EB08039F78089B08F166
S214015B100301A3EB08022944824692B23846099152
S214015B2020F011FF079068B3236809995879029706
S214015B300191238A524600934946069B21F082FA38
S214015B400746B8B10BF1010338465FFA83FBFFF74E
S214015B505FFD504621F09AFB53464A4600202649EF
S214015B60FFF72EFE3A4600202549FFF729FE802F33
S214015B703FF471AF079B08F1030813FA88F81FFA80
S214015B8088F865E78027DDE75046FFF741FD07986F
S214015B9021F07CFB0137524600201949FFB2FFF77E
S214015BA00FFEA3E78720FFF733FD079821F06EFB72
S214015BB00137872212490898FFB2FFF701FE059BBD
S214015BC0052B3FF43AAF002F7FF435AFBBF1000F42
S214015BD005D10C495846FFF7F3FD8021B2E6384659
S214015BE0FFF716FD27E700BF1FEB0300DF350400B4
S214015BF02C360400DC520020E93504002C35040064
S214015C00053604000F3604000599A84AA84B002063
S214015C10152918BF1346CDF80090A64AA649FFF7E6
S214015C20CFFD059B0C2B14BF16200D20FFF7F0FCB3
S214015C3032462846394621F066FB059B3D440C2B2F
S214015C400646AD7835D1192D28BF1925E37BB3B1AA
S214015C504FF6FF73278A9F4211D120683246494684
S214015C60069B4079FFF70AF9B84208D0BAF1000F4F
S214015C7005D020828AF80000000A8AF80100002078
S214015C80BBF80070FFF7C4FC236832465879059BC1
S214015C904946A3F1150CDCF1000343EB0C03CDE9F7
S214015CA00153238A0093069B21F0F0F8834BD855C5
S214015CB0C1E6132D28BF1325C8E72046FDF776FB5E
S214015CC000287FF4BAAE81213CE62046FDF722F893
S214015CD0F6E7B9F10A0F05EB0708A6EB070A21D18B
S214015CE0DFF8DCB19BF80030E3B1E37BD3B9BAF15E
S214015CF0080F17D132463946284621F004FB88B9E9
S214015D0098F8023073B998F80320E22A0AD132468D
S214015D10391D2846059321F0F3FA21F0C0FB059BB7
S214015D208BF80030414648461FFA8AF222F04CFEB4
S214015D3000287FF482AE002104E6F21B484692B2A8
S214015D40E91921F09DFAF3E7F21B484692B2E919E8
S214015D5021F057FAECE7F21B484692B2E91921F016
S214015D607CFAE5E7F21B484692B2E91922F02EFECC
S214015D70DEE72368EE5D5879238A0137ED5D0193EE
S214015D80069B3246494600932B4620F0BEFF2A4624
S214015D903146484621F037FA4FE605987A1CE95D08
S214015DA0B31AA0F11606704270410039009018BF70
S214015DB0012148469BB22A4421F027FAB8E7059B01
S214015DC0EE5D112B3D446F7838D11220FFF720FC91
S214015DD00025E37BB3B14FF6FF73B4F81080984506
S214015DE010D133464A4621462846FEF7C9FF4045AC
S214015DF008D0BAF1000F05D020828AF80000000A08
S214015E008AF80100BBF80080DFF8B0A0C8F1FE02F6
S214015E1092B208F10103009253444A4621462846AD
S214015E20CDE90267CDF804B0FEF7E2FFBBF800301B
S214015E300AF808000133ABF80030FCE51420FFF740
S214015E40E7FB0125C5E77B1C9E422CD3EF5D1D4475
S214015E50003F18BF0127F31A9EB233462A46394639
S214015E600020FFF71BFD00962B463A464846218A3E
S214015E7021F0CFF95CE77B1C9E4214D3EF5DF61A46
S214015E80003F18BF01271D44B6B233462A4639469D
S214015E900120FFF703FD00962B463A464846218A25
S214015EA021F0B5F944E70020C8E500BF45330400FA
S214015EB0DA350400203604002A360400205D00206E
S214015EC01F5E002038B54FF6FB750446A9424FF019
S214015ED001019DF8100098BF43F40043217023810F
S214015EE06260A07202230020084A0949FFF768FC95
S214015EF0E07A084B40F6CA0203EB4010FF211FF080
S214015F001CFCBDE83840042021F071B93A36040083
S214015F1045360400603D002030B5054685B028B9F9
S214015F201D4905B0BDE83040FFF74ABC0024007BA0
S214015F3021F0FFF92046194A19492C70FFF740FC59
S214015F40184BE87AFF2103EB40101FF007FC2046B0
S214015F50154B02019A5C22B901300428F9D121F0CF
S214015F6085F9696899B1B5F908302A899B1303F058
S214015F7002038DF80430C2F30E03ADF806304FF677
S214015F80FF73ADF80830002301A80393884705B0D6
S214015F90BDE8304021F0D2B9703604003A3604002C
S214015FA0A2360400603D0020203D00200948037809
S214015FB073B91946084AD3720133042B1173117051
S214015FC051601181917202F11002F4D10123037024
S214015FD0704700BF205E0020203D002008B5FFF777
S214015FE0E5FF002305491A018A5C01EB03101AB18B
S214015FF00133042BF7D1002008BD00BF203D00204F
S21401600070B50D460646FFF7D1FF0023094800EBA1
S2140160100514A17AB14205D1217819B12B4400EBC0
S214016020031070BD0133042B04F11004F1D10020DC
S214016030F7E700BF203D002010B50446FFF7B6FF86
S2140160400E4B9C4212D003F12002944210D003F171
S214016050400294420ED060339C420DD1032308487F
S21401606000EB0310BDE81040FFF756BF0023F6E72C
S2140160700123F4E70223F2E70020F3E7603D002066
S214016080203D002070B50024064D074E28463246B6
S21401609000210134F8F71EF8042C05F12005F5D18E
S2140160A070BD00BF603D0020396001002DE9F3415D
S2140160B005460C4617469846FFF790FF064640B938
S2140160C01C4A1D49FFF77CFB0224204602B0BDE8AE
S2140160D0F0814FF6FB739D420AD94FF6FD739D4240
S2140160E004D00020134A1549FFF76AFB4FF6FD75E9
S2140160F0434621463A46284621F0B9F9044600F0BF
S2140161002FFE804634B1234600200A4A0C49FFF789
S21401611057FBDAE73B462046064A0A49FFF750FB9B
S214016120062329463046089ACDF80080FFF7CAFEB6
S214016130CBE700BF3A360400AF360400D936040078
S2140161400E37040037370400F7B506460C461746E7
S214016150FFF744FF054638B9104A1149FFF730FBEF
S2140161600224204603B0F0BD21464FF48A52304641
S21401617021F045FB044600F0F3FD34B12346002030
S214016180064A0849FFF71CFBEBE7009004233A4652
S21401619031462846FFF796FEE3E700BF3A3604008D
S2140161A0AF3604005F370400F7B506460F46FFF723
S2140161B015FF054638B9104A1049FFF701FB0224BE
S2140161C0204603B0F0BD002240231146304621F0A0
S2140161D0F5FC044621F0F0FC34B123460020064AC3
S2140161E00749FFF7EDFAEBE7009001233A463146FF
S2140161F02846FFF767FEE3E73A360400AF360400A9
S2140162009237040073B504460E46FFF7E7FE0546CF
S21401621038B9104A1049FFF7D3FA0224204602B0D3
S21401622070BD00222046114621F0CAFC044621F02A
S214016230C3FC34B123460020064A0849FFF7C0FADA
S214016240ECE70090234632464FF6FC712846FFF7EE
S21401625039FEE3E73A360400AF360400C0370400DF
S2140162602DE9F0418846107800219EB014461D465F
S214016270FFF7C6FE0646002800F0FD800778002FCF
S2140162807BD0B8F80010002940F0F5800389B8F8F3
S214016290022043F40040824240F0ED8061780029FC
S2140162A06BD1A2F50042062A00F2E580DFE812F083
S2140162B0A100A100E300E3000700B8006900E3883D
S2140162C00D3DADF82430238915F00105ADF82630D3
S2140162D063798DF82830E37A03F1060214F8122068
S2140162E08DF814308DF81C2042D10BA98E460691EC
S2140162F004F10C005FFA85FC9C4500F1020009D20E
S21401630010F8018C10F802CC01350CEB082C2EF895
S21401631002CBEFE701EB43011A440891D2B25900D0
S21401632001F10D009A42C0B20BD025186D78205CA1
S2140163307831694400EB0520013321F84C0CDBB2BF
S214016340EDE7B6F908203389002AACBF0122032203
S214016350C3F30E038DF808206288ADF80A3005AB4A
S214016360ADF80C20049302A9304621F06BF804E046
S214016370424A43490020FFF723FA38461EB0BDE8DB
S214016380F081042D02D83D4A3E49F3E72379053DC5
S214016390ADB29D42B4F8028002D0384A3A49E9E7E4
S2140163A03A4A3B4B0020002D08BF13463949334A71
S2140163B0CDF80080FFF704FA05348DF81450B6F9CD
S2140163C00830069485B1002BACBF012303238DF85A
S2140163D02C303389ADF83080C3F30E03ADF82E3080
S2140163E005AB0D930BA9BFE7002BACBF0623052316
S2140163F0EDE70B2DC7D9D4F80200D4F8061013F434
S214016400004F05AA03C20CBF042203228DF82C20DC
S2140164106289C3F30E03ADF83020ADF82E30DFE706
S214016420042DB0D96388ADF8303023790533DBB25B
S2140164309D4206D00020114A17490095FFF7C0F982
S2140164409BE70E4A00201549FFF7BAF9B6F908206E
S2140164503389002AACBF01220322C3F30E03ADF831
S2140164602E3005AB0D93631D069323798DF82C20F2
S2140164708DF81430B6E700277FE700BF3A360400F0
S214016480ED3704001538040029380400DDF2030056
S21401649045330400503804006D380400AE3804005B
S2140164A0304BF0B5B0FBF3F24FF4616503FB12001D
S2140164B0B0FBF5F3DCB205FB13033C25B3FBF5F3A8
S2140164C0DBB2A0EB04104B71C3EB0313A0EB83000C
S2140164D04FF4FA630B8040F201134B8001230C71D9
S2140164E01F4600246425204E8871944200D1F0BDD9
S2140164F091F802C013B1BCF1020F2BD006EB0C00D1
S21401650010F801ECC87870450BBF012001300CF182
S214016510010CC0B208BF81F802C0C87088780D2887
S21401652016D10B888F7001339BB298070B8014D15C
S214016530B3FBF5F005FB103080B280B94FF4C8709C
S214016540B3FBF0FC00FB1C339BB2B3FA83F35B098D
S2140165500134CAE74FF01D0ED4E70023F8E7012304
S214016560F6E700BF80510100DA8A040010B5044640
S21401657088B006A9FFF794FF9DF81E300A480393DA
S2140165809DF81D30049402939DF81C309DF81A2046
S2140165900193BDF818300549009300889DF81B301B
S2140165A0FFF70EF908B010BDEC520020C738040002
S2140165B0026808B51188154B1980518859805179A0
S2140165C01971117959714FF48A51D980D28812F014
S2140165D0200F0CBF0A464FF48B528169DA800C4AB1
S2140165E0137831B9C0880B4923F002030880137071
S2140165F008BD43F002031370074B152218460131FC
S21401660003F0F6FC002200F8012CF1E7E05200202E
S2140166102A5E0020DE520020EF52002010B5184CF2
S2140166202368587920F030FB0B2822D8154B03EB52
S2140166300010027B237F9A421BD123684288198867
S2140166408A4205D04FF6FF70814212D1120410D44F
S2140166502279023A012A06D9A37B63B9BDE8104024
S2140166600748FFF747B9198958791FF043FC0028F6
S214016670F2D1002010BD0248BDE81040FFF7CCB8AB
S214016680E43D0020503C002008B520F0FDFA0B2820
S21401669096BF024B0020185C08BD00BF2F5E00208D
S2140166A008B5002020F045FEFF2020F020FB20F05A
S2140166B045FE20F0E8FCFEF771F901210246064886
S2140166C003F044FC054BFF21054A0648FEF7C6FECB
S2140166D0BDE80840FEF708BB2F5E0020E052002010
S2140166E0DC520020205D0020F0B5002204464FF663
S2140166F0FF750B4F90B237F830600346AE4201D1BA
S2140167002846F0BDA64209D1B4F57C4FF9D307EB74
S214016710C3035B888B42F4D00029F2D00132E9E74B
S214016720188B040010B50446FFF7DEFF094A03463E
S21401673010884FF6FF72934214BF074A2246BDE8FF
S214016740104017BF02EBC30304495A680449FFF718
S21401675051B800BFEC520020188B0400EA38040040
S214016760BA030400034B18780130C0B2187000F069
S2140167707F007047A6680020044A137818B143F0DA
S21401678001031370704703F0FE03FAE72A5E002048
S214016790014B1870704700BF2D5E002038B1074BC3
S2140167A01B78012B04D1038843F040030380704714
S2140167B0022BFCD1038823F04003F7E72D5E00206F
S2140167C068B1074A1378012B07D1064B1B78137063
S2140167D0037843F01003037001E0022BF8D07047F2
S2140167E02C5E00202B5E00207FB50121264B274E14
S2140167F0197033780246D90744D42549096881B10E
S2140168000868C1888D0641BF224CE18841F020010D
S214016810E180C1884C0641BF1E48C18841F0400155
S214016820C1801D4D1D492878097840074CBFE97085
S21401683069701B4913F00204098809D0164A1948E1
S21401684020F0F7FC337823F00203337004B070BDF8
S214016850154B18884FF6FB73984208D80B46CDE9BE
S214016860005201460B4A20461FF0BBFEEEE74FF6EC
S214016870FF73CDE9014200930A46074B05491FF015
S2140168808CFEE3E70020E1E7215E00202A5E00207F
S214016890E03D0020E0520020205D0020A768002097
S2140168A0DC520020EE520020DE52002070B5037943
S2140168B00446012B0D46164631D883681B78DB0645
S2140168C000D561B3A37B13B9E37C0B2B27D0002241
S2140168D0144B1A80637DB3FA83F35B09D800E37B1C
S2140168E0ABB9FEF795FEA07CFEF792FE0B20FEF7F5
S2140168F08FFEE07CFEF78CFE2846FEF789FE2046DA
S214016900FFF756FE3046BDE87040FFF76DBF40F01A
S2140169100400FEF77DFE208A20F0B8FCE3E70020A5
S21401692070BD00BFDC520020024B0A4601461868C3
S214016930FFF7BCBFE03D0020F0B4054618460F4BFC
S2140169400C461B78BDF81010012B0D4E01D0377880
S21401695027B1002333700020F0BC70470CB9002A21
S214016960F9D143B14FF65743994204D02B462246FC
S214016970F0BC20F044BC0120EEE700BFA868002070
S2140169802E5E00202DE9F04F684C4FF0000A254698
S2140169908446964698460F46654B664E83F800A099
S2140169A00FCE0FC596E80F0085B085E80F00DDF81D
S2140169B03C90BDF8383072460093394643466046EF
S2140169C0CDE9019400F0DCF8DFF89081064670B955
S2140169D00025FEF7FFFD16220021574803F0B6FA00
S2140169E000232846C8F8003005B0BDE8F08F534BA9
S2140169F0A27CC8F800401A70514B1B78002B36D089
S214016A0020F04FFD4F4902465046FEF7F3FE22683E
S214016A105046537952884C490092A289FEF7EAFE05
S214016A20504620F0B7FC20B12368218A5888FFF72A
S214016A3079FEE37B23B10020228A4449FEF7DAFE81
S214016A40A36800201A78E37C41490093A37CFEF7F3
S214016A50D1FE207DA289A168121A014401230020DB
S214016A6092B2FEF711FE00203A49FEF7A9FE2F4822
S214016A70FFF79EFD2D4821F0A0FF054630BBB9F17A
S214016A80000F25D12168E0880B8801904988BA1E3D
S214016A90032A00918CBF002201220121E07CFFF72E
S214016AA04BFF38B923685B79FF2B3AD0FFF7B6FD69
S214016AB005468EE72368DB889A06F3D40121264C27
S214016AC01A48217020F006FD84F80090354680E7CC
S214016AD0B9F814309B07E5D47AE75846FEF718F85C
S214016AE082465846FDF760FF88B123685046228AE1
S214016AF0598820F0CCF850B13846FFF759FD236885
S214016B0089F804A083F805A0FFF788FD00B9284698
S214016B1005460136FDF742FF5FFA86FB5845DCD88D
S214016B2057E70026014FDFF83890F3E7E43D0020F1
S214016B30215E0020F88A0400EE520020A76800209B
S214016B40A5680020033904000C3904002D3904001F
S214016B50393904002EEC03002E5E0020E03D0020B3
S214016B60E05200200023054AD15C814202D31A4438
S214016B70507870470233DBB2F6E700BFE68A0400BE
S214016B8073B515462E781A4616F0040F0CBF032669
S214016B9005269E42089C08D9224A234900960020D1
S214016BA0FEF70EFE002002B070BDBDF81830217150
S214016BB02060E380A560A2812B7803F00103A37314
S214016BC02B7803F00403002B14BF01210021E1738D
S214016BD02978C1F3C00161754FF00101217518D004
S214016BE0284620F090FB237D208202332375227DE8
S214016BF0531CDBB22375A95C0232D2B2A174227592
S214016C00EB5CE374A3899A4205D900920749054AC9
S214016C10C5E72382EBE7079B0120A36100232377C7
S214016C20C1E700BF71F303007C3904009839040002
S214016C302DE9F7430024204FDFF89C80DFF89C9075
S214016C40E0B220F0EFFEFF2805460FD123460121D2
S214016C5002201A4AF7F728FD194B013418781EF05E
S214016C606EF9152CECD103B0BDE8F08346B238EAD4
S214016C70260328BF4B4601210093022057F82430F3
S214016C80104AF7F711FD002EE6DA0923E340DB0789
S214016C900AD50D4A0D4B15F0010F18BF1A460121F2
S214016CA00220F7F701FDD7E70A2CD5D1084A094B90
S214016CB015F0010FF1E700BF308B0400F139040035
S214016CC0A9680020193A0400CA390400B43904003E
S214016CD0E6390400DC390400DDF203004533040024
S214016CE008B554220021024803F030F9002008BDFF
S214016CF0DC53002008B55422FF21024803F026F990
S214016D00002008BD88530020024B23F810100020F5
S214016D10704700BF88530020002310B4074ADCB236
S214016D20A14203D85DF8044BFFF7DABF2A2BF9D04E
S214016D3032F8024B20F813400133F0E7DC53002011
S214016D40002310B5054A994201DD2A2B00D110BD5A
S214016D5032F8024B20F813400133F4E7DC530020ED
S214016D60024B187800F07F00704700BF3B5E0020A2
S214016D70034B18780130C0B2187000F07F007047DE
S214016D803B5E002030B51C4600238BB0ADF82220B8
S214016D90021D92B2012A0E9DADF82030ADF81E10EC
S214016DA0ADF81C3003D94FF6FF7290420FD1002286
S214016DB0CDE90352CDE90124094B01461B784FF674
S214016DC0FF70009307AB20F04BFE0BB030BD0146C1
S214016DD0CDE901531846009407AA20F05DFEF4E7BA
S214016DE0AA68002038B505464FF480500C4603F0DB
S214016DF0B3FA4FF480532860236030B940F2A511EE
S214016E00BDE83840014827F04FB838BD083B0400BC
S214016E1000487047BA560020014B1878704700BFEB
S214016E20C6680020014B1888704700BF4C680020D8
S214016E30014B1878704700BFBF680020014B1878D7
S214016E40704700BFB6680020014B1878704700BF36
S214016E50B9680020014B1878704700BF405E0020DB
S214016E60014B1870704700BF405E0020014B187838
S214016E70704700BF3F5E0020014B1870704700BF8F
S214016E803F5E0020014B1878704700BFBA680020AB
S214016E90014B1888704700BF4A6800202DE9F74F5C
S214016EA0414B424A0193424BDFF844911B78DFF88D
S214016EB04481DFF844E1DFF844C13E4F3E4E3F4D8A
S214016EC03F49404802EB431A019B524503F1200318
S214016ED009F1200908F120080EF1200E0CF1200C12
S214016EE007F1200706F1200605F1200501930FD1D1
S214016EF000221146344B324D1C78344E344B314F00
S214016F00D0B2844203F1200346D803B0BDE8F08F27
S214016F10304B314C5360002349E907432F4CDFF8CF
S214016F20E0B048E907432E4CC2E902304EE9074378
S214016F302C4C11604CE907432B4C136147E907437E
S214016F402A4C49E9050348E905034EE905034CE9DE
S214016F50050347E9050349F8201C48F8201C4EF8AC
S214016F60201C4CF8201C47F8201C46F8201C46E93B
S214016F700743019C45E907B3DFF888B046E90503F6
S214016F8045E9050344E907B344E9050345F8201C30
S214016F9044F8201C203297E743E9085643E90617D0
S214016FA043F8101C0132ABE72C4100204C42002074
S214016FB0CD6800208C4100206C4100204C4100200F
S214016FC0C850002045330400C468002009B60200FA
S214016FD0CC410020615F020017A10300C1730200CB
S214016FE0E9FE020071B10300A9960200CF79030001
S214016FF02C4200200C420020EC410020AC41002035
S214017000192C0300655C0200002208B5074B1A60C4
S2140170105A6020F0C3FC064B187020F0BFFC054BED
S2140170201870054B1A78054B1A7008BD6A50002077
S2140170309B5E00209A5E0020B7680020995E0020C3
S214017040002100B593B008466A460AF0FBF90146EE
S214017050C8B90E4B0E4A09930E4B0D920A930E4A6F
S2140170600E4B0E920B930E4A0E4BCDE90F230C934B
S2140170700D4B6A4611930AF09BFC003818BF01209D
S21401708013B05DF804FB0120FAE700BF2B9C030058
S2140170905D6D02002F9E03008D360200117A0300FB
S2140170A05D8402008F9E0300AD670200084B1878CE
S2140170B0112806D8012809D9064BC34003F0010060
S2140170C07047A0F14303584258417047002070476B
S2140170D09D5E00203400020008B5064B1B78013B7C
S2140170E0022B05D80020FFF7E1FF0138C0B208BD2A
S2140170F0FF20FCE79E5E0020044B00F1100250F8D2
S214017100041B904243F8041BF9D170479F5E002090
S214017110044B03F1100253F8041B934240F8041B7E
S214017120F9D170479F5E002030B5002491B0114B15
S2140171300546214614220BA8CDE9094302F006FFB5
S214017140102209ABCDE900440693CDE90452CDE9FE
S2140171500252094B09490AA81DF0F0FA04460AA88A
S21401716021F0D2F91CB1A021054826F09DFE11B0F0
S21401717030BD00BF00248000004440049F5E002014
S214017180933B040070B5002490B0154B05460E469F
S214017190142221460BA8CDE9094302F0D7FE10229E
S2140171A009ABCDE9004406933146CDE90452CDE959
S2140171B002520C4B0AA81DF0C1FA04460AA821F097
S2140171C0A3F91CB1BA21084826F06EFE099B102BC4
S2140171D003D0BB21044826F067FE10B070BD00BF87
S2140171E00024800000444004933B040030B50D4663
S2140171F000218FB0124B0446142209A8CDE90713CB
S21401720002F0A4FE102207ABCDE90242CDE900420E
S214017210049329460B4B08A81DF092FA044608A8C9
S21401722021F072F91CB1D121074826F03DFE079BDB
S214017230102B03D0D221044826F036FE0FB030BD05
S2140172400024800000444004933B0400014B93F962
S2140172505A007047005000200022034B1870034B61
S2140172601970034B1A707047B05E0020B15E0020A3
S214017270AF5E00202DE9F04FDFF89080064698F8C3
S21401728000300D4685B0002B3AD04FF6FB7398427E
S21401729036D84FF0000B1C4FDFF874A03C7898F8F6
S2140172A000305FFA8BF94B459AF8000011D9484433
S2140172B002AA0DF10601C0B216F028FA08222946E4
S2140172C00DEB020003F08EF90BF1010B0028E6D15D
S2140172D04C463B78A34208D198F80020631CDBB2E9
S2140172E09A423B7004BF00233B70324629469AF807
S2140172F000301C44E0B205B0BDE8F04F16F0F4BA19
S21401730005B0BDE8F08F00BFAF5E0020B15E002083
S214017310B05E00202DE9F74F06460D4614461F467F
S2140173204FF0010BDFF8789003F10C0A15B903B0A2
S214017330BDE8F08F102DA84628BF4FF010083A463A
S214017340164B5FFA88F152F8040B524543F8040BCA
S214017350F9D101919AF8002011481A70002389F892
S2140173600F4089F800B089F80E30FFF7DDFE32468F
S21401737001340B480199E4B212F801CB10F8013B35
S21401738083EA0C0302F8013C931BDBB28B42F3D376
S214017390A5EB080816461FFA88F5C7E7B35E002076
S2140173A0B25E00202DE9F04F9046914685B00090E0
S2140173B0981A029383B20193009B0F46354903F155
S2140173C00C0453F8045BA34241F8045BF9D11B7823
S2140173D0314E0B7049233370019BF0731B0A304604
S2140173E0B373FFF7A1FE0221BB460D46737888EA08
S2140173F0030373704FF0000A1DE0C5F11004A9EBFA
S2140174000A039BB2A4B29C4228BF1C4600231FFA63
S21401741083FCE8186445C0B21FD82544EDB2A344E6
S214017420102D54441FFA84FA05D1002530460391E5
S214017430FFF77AFE0399D145DFD807EB080B25B194
S21401744015480391FFF770FE039901294FF00005D7
S2140174500DD00121DDF80490CCE71BF803C016F827
S21401746000E001338CEA0E0C06F800C0CFE7029B61
S21401747009491F44094B38461C78224602F0F6FE9D
S2140174802A4621463846009B05B0BDE8F04FFFF777
S21401749041BF00BFB35E0020B25E0020CE68002070
S2140174A030B540780C4601284FF0110387B001F142
S2140174B0100516D1144A01A90BF002F8234601ACB7
S2140174C0224618685968083303C2AB421446F7D1FE
S2140174D011230D4A002001A90AF0F2FF002007B08F
S2140174E030BD0120094A01A90AF0EAFF234601AC92
S2140174F0224618685968083303C2AB421446F7D1CE
S2140175001123024AE6E700BF75E4010079EB0100AA
S21401751030B50C46407887B001284FF011030DBFF7
S2140175200B4A0C4A012001A918BF01A90AF0C8FF9D
S214017530234601AA05AD144603CCAC421860596037
S214017540224603F10803F6D1002007B030BD00BF84
S21401755075E4010079EB010010B50C4688B01A23DA
S2140175600C4A01A901200AF0ABFF21460DF10E03DA
S21401757004F1100251F8040B914243F8040BF9D1BF
S2140175801A230020034A01A90AF09AFF002008B036
S21401759010BD00BF24E10100F0B58BB004460D46D6
S2140175A022F0B8FAA8B101A813F082FE88B1667B72
S2140175B0271D16F0020F05D00822384601A903F050
S2140175C011F8D0B901AB46F0020603CB60607960D2
S2140175D066731A230A4A03A901200AF071FF294695
S2140175E00DF116030DF1260253F8040B934241F8F0
S2140175F0040BF9D100200BB0F0BD2D20FBE700BF36
S21401760024E10100F0B50546071D00220C46384668
S214017610082193B022F010FA6A7B0646D0070BD5F4
S214017620687808A920F0A1FEDDF83D306B60DDF832
S21401763041307B6080B10BE0910709D5D200012172
S214017640384602F0800220F09DFEFF28687002D1C5
S2140176502D2013B0F0BDD6B1687801A920F01AFE2E
S2140176609DF81C305B0604D54FF4C6710A4826F017
S2140176701BFC234603AD07AC2A4603CAA242186088
S2140176805960154603F10803F6D10020E1E708A981
S21401769020F06BFECEE700BF113C04002DE9F0415F
S2140176A006468AB01F480F4615460024FFF730FDF0
S2140176B0002C01A914BF4FF05C0C4FF0360C1023C0
S2140176C08846184A12F8010B013B8CEA000013F0B9
S2140176D0FF0301F8010BF5D105A823F013F8424684
S2140176E0102105A823F012F8C4B93946324605A878
S2140176F023F074F82A460DF1140C0DF1240E63469E
S21401770003CB7345106051609C4602F10802F6D126
S21401771014B10AB0BDE8F0810124C9E72A46102158
S214017720E5E700BFE25E00202DE9F04791460D46F1
S214017730C0B09DF82041DDF828811E46DFF87CA008
S2140177409DF8243107462246494640468AF80030CD
S21401775002F08CFD9DB12346324641463846FFF77E
S21401776021FEB44207D9A11B3B46012289B208EB90
S2140177700600FFF7CFFD002040B0BDE8F087A11B53
S2140177803B46012289B208EB0600FFF7C3FD2246FD
S2140177904146684602F06AFD324669463846234647
S2140177A0FFF700FE9AF800200DEB040109EB040038
S2140177B002F018FF0028DED02C20DDE7CE6800207E
S2140177C038B50346104601F1100451F8045BA14296
S2140177D042F8045BF9D104491BB1FFF7D3FC002042
S2140177E038BDFFF703FDFAE7E25E002030B5054637
S2140177F089B0694620F0C3FB6B8804ACABB1224666
S2140178002946684620F05BFB0E4A08AD234603CBAB
S214017810AB42106051601C4602F10802F6D10948DD
S214017820FFF76AFC002009B030BD6B46054D1A46CD
S21401783003CAA24228606960134605F10805F6D11D
S214017840EDE700BFE25E002050B10B4B0B4A03F19F
S214017850100153F8040B8B4242F8040BF9D1704720
S214017860064B054A03F1100153F8040B8B4242F80C
S214017870040BF9D1704700BFE25E0020C25E002013
S21401788008B51022024802F0B3FB002008BD00BF75
S214017890D25E002008B508461022024902F0A8FB75
S2140178A0002008BDD25E002010B5044686B001A9AE
S2140178B0114A112301200AF003FE9DF8143001A895
S2140178C0E37023F015FB80F001000C4A01A96070FB
S2140178D0112301200AF0F4FD9DF8143001A8A370CD
S2140178E023F006FB80F00100207012F06DF8606056
S2140178F0002006B010BD00BF75E4010079EB010061
S21401790010B5044686B01123134A012001A90AF0D6
S214017910D7FDA3789DF814209A4207D08DF814302D
S214017920002011230C4A01A90AF0CAFD11230B4AB3
S214017930012001A90AF0C4FDE3789DF814209A42BB
S21401794007D08DF8143000201123044A01A90AF04B
S214017950B7FD06B010BD00BF79EB010075E401006C
S2140179602DE9F04186B0064603A80C4614F0EEFC5D
S214017970054600284AD1BDF80C30980646D5102297
S2140179802946204602F0E2FA01A813F091FCC0B1A4
S214017990777B06F1040817F0020F06D0082240464E
S2140179A001A902F01FFE00282ED101AB47F0020705
S2140179B003CB7060C8F804107773238843F008037C
S2140179C02380238843F00203238013F041F860608C
S2140179D022F0A0F830B10E4B1B68A360238843F059
S2140179E0040323800B4B1A68D1035EBF238843F040
S2140179F010032380130203D5238843F400632380F6
S214017A00284606B0BDE8F0812D25F9E72425F7E7DD
S214017A107C4200208042002010B5D0E9023253F8A3
S214017A20223090B01C6840226946204620F010FDA6
S214017A30034630B1224600200549FDF7C1FE10B0CD
S214017A4010BD012269460820FDF764FEF7E700BF76
S214017A50A73C040070B500F0B1F800280CBF6E22F8
S214017A60792200201349FDF7ABFE00F0A7F8F0B12C
S214017A7020F002FD00280CBF6E22792200200E495C
S214017A80FDF79EFE082200200C49FDF799FE002511
S214017A900B4C0C4E234654F8042C3146002003357B
S214017AA0FDF78EFE182D04F10C04F3D170BD3F22B4
S214017AB0E4E700BFDF3C0400F63C0400063D04009A
S214017AC0A4430020253D040070B520F0BAFC04460E
S214017AD021490020FDF774FE2CB92046BDE8704010
S214017AE01E49FDF76DBE00F0BBF805461C4B6269EA
S214017AF00020002A08BF1A461A492668FDF760FECC
S214017B00A28800201849FDF75BFE1849E28800208C
S214017B10FDF756FEA388228913F010001ABF002035
S214017B2013491449FDF74CFEE26800201249FDF79F
S214017B3047FE226900201149FDF742FE104A114B0B
S214017B400020B6F5817F38BF13460F492A46BDE8A7
S214017B507040FDF735BE00BF5A3D0400673D040086
S214017B60570C0400883D0400A63D0400C73D0400F0
S214017B70E43D0400013E04001F3E04003D3E0400B7
S214017B80523D0400483D04005B3E040038B5014602
S214017B9000230C25084A05FB03F4A01814590134E8
S214017BA004D10C2202F024FA002038BD0133082B40
S214017BB0F1D10120F9E700BFA0430020034B18785C
S214017BC0012894BF00200120704700BFF45E00200A
S214017BD038B50446044D2878A04203D0214620F04B
S214017BE010FC2C7038BD00BFF45E002000B58FB0CD
S214017BF03422002101A802F0A9F901A8EEF7E0FF5E
S214017C000598D0B182680E4BB2F5803F34BF92B270
S214017C10C2F38F2241881A81028828BF41F01001E1
S214017C201A6042689980DA80C268DA6002691A616D
S214017C3042695A61027E18461A760FB05DF804FB57
S214017C4024430020054B1B7820B1012B04D80220C9
S214017C50FFF7BEBF012BFBD8704700BFF45E0020C4
S214017C6010B5084C237853B920F0EBFB01232370A1
S214017C7028B10368B3F5817F24BF037E2370207883
S214017C8010BD00BFF35E002070B5184B1B78012BAA
S214017C902BD820F0B9FB164D024616490020FDF7F9
S214017CA08FFD0120FFF7CEFF2E78FF2E1DD1FFF7A7
S214017CB09DFFC8B1848860223146C4F340040E4853
S214017CC02C7002F043F9602231460C4802F03EF96E
S214017CD05CB1FFF7C5FF042807D9BDE8704040F244
S214017CE02B11074826F0E0B8287070BDF45E00201E
S214017CF0CF6800207E3E0400A043002040430020C1
S214017D00903E04002DE9F04FDFF884928DB003AB6E
S214017D1007468846144699E8070083E80700FFF7F8
S214017D20B3FFFFF79DFF944B06461D784B46012D8A
S214017D3040F07081012840F27281B7FBF0F200FB3F
S214017D401272002A00F06B818C4900228B46D1F812
S214017D5000C0BCF1FF3F04D0087A6044874200F0BF
S214017D6019810132082A01F10C01F0D193E80700CC
S214017D7006AE0DF1240A86E807008AE80700FFF739
S214017D806FFFB7FBF0FB00FB1B7BA0EB0B094A4622
S214017D90414606460AA809978DF82C9002F066FA25
S214017DA000224FF00C0E764902E00132082A0ED06E
S214017DB00EFB02F000EB010C08580130F5D19AE8F1
S214017DC007008CE807006F490A7801320A70A1455E
S214017DD004DD4FF4E2716C4826F066F8A41B5C449F
S214017DE04F44A1B217FA84F4B4FBF6F206FB124232
S214017DF0C8448E1A91B1A41A08EB060107A88DF89B
S214017E002020069402F032FA06A8FFF7BFFEFF28EC
S214017E1004D140F2D9115C4826F046F8B6B2B6B1A4
S214017E200320FFF7D5FE802E0AD832464146574832
S214017E3002F01CFA32463846544920F0EDFA05465F
S214017E400220FFF7C5FE28460DB0BDE8F08F0025DD
S214017E50F9E74FF40E714C4826F026F8464B1B788E
S214017E60012B00F0E380002C36D00320FFF7B0FE94
S214017E70802C2FD822464146444802F0F7F9224684
S214017E803846424920F0C8FA05460220FFF7A0FE10
S214017E90DFF8F09099F8003093B1039CFFF7E0FE0D
S214017EA0374B002798461A68511C04D0197A411A94
S214017EB0521A944224D00137082F03F10C03F2D151
S214017EC0002DC0D1039B0133C1D003A8FFF75EFE8E
S214017ED00546B8E70125D8E72546D9E740F26D21E2
S214017EE0294825F0E1FF012524E0012D30D0802E20
S214017EF02FD832462549039820F08EFA054628E009
S214017F00002DA0D10C247C4308EB04039DF814A09B
S214017F1093F808B00AEB0B03802BDFDC1B4B5246B1
S214017F2004A9184602F0A2F9211D5A4641445044BC
S214017F3002F09CF90C2303FB07839DF814201B7A9F
S214017F4013449E42D1D040F273210F4825F0ACFF76
S214017F5001250220FFF73CFE99F8003013B1013BE2
S214017F6089F800304FF0FF3308EB040248F804307C
S214017F70C2E9013367E700BFCF680020A0430020B5
S214017F8040430020F25E0020903E0400A442002000
S214017F90948B04004FF00C0A0AFB02B3187AA6EB86
S214017FA000095FFA89F9A14501D35FFA84F90AFB52
S214017FB002FA0AF1040528444A464146584402F0AA
S214017FC055F90BEB0A031A7AA4EB09044A44D2B218
S214017FD0B242A4B21A7219D103200193FFF7F8FD39
S214017FE032460BEB05015BF80A0020F015FA054650
S214017FF00220FFF7EDFD4FF0FF32019B4BF80A2000
S214018000C3E90122002D7FF41EAFC844002C3FF4C3
S2140180101EAF4F44104B1B78012B7FF424AFB7FBE8
S214018020F6F306FB1373002B7FF413AFE319B3FBD0
S214018030F6F506FB1535002D3FF415AF641B5B1BEB
S21401804008EB04012A4604A80393A4B202F00EF931
S2140180508DF8145007E700BFCF68002070B5134BAA
S2140180601B78012B0CD1FFF70FFE0026104D55F89B
S214018070043C013306D10336182E05F10C05F6D162
S214018080002411E00320FFF7A3FD55F8044CFFF789
S214018090E7FD29460246204620F0BEF904460220A6
S2140180A0FFF796FD002CE6D0204670BDCF68002075
S2140180B0A443002070B505460C46FFF7E5FD0520F4
S2140180C0FFF786FD2146284620F0B4F90646022031
S2140180D0FFF77EFD00220A4B2C441968481C08D085
S2140180E0A94206D3A1423EBF4FF0FF31C3E90011BA
S2140180F099600332182A03F10C03EED1304670BDA5
S214018100A0430020D0E9023253F8223010B51C6893
S214018110204600F095FA28B12146BDE810400248F5
S21401812000F002BE10BD00BF0E3F040008B5D0E946
S214018130023253F82230186800F06CF920B1BDE81D
S2140181400840024800F0F0BD08BD00BF303F040003
S2140181502DE9F041D0E9023253F8221003EB8203F5
S2140181605B680F681D789AB0642D04D964211148A4
S21401817000F0DAFD64252A46384601A900F002F926
S214018180044698B90C4800F0CFFDDFF8348001AE04
S214018190013DA54202DC1AB0BDE8F081391940461E
S2140181A016F8012B00F0C0FD0134F2E7034800F099
S2140181B0BBFDF0E7533F0400733F04009D3F0400FE
S2140181C08A3F04002DE9F04700252D4FDFF8E080B7
S2140181D0DFF8E0908CB0284603A900F0EFF810B164
S2140181E00CB0BDE8F087049B2946039A00933846F5
S2140181F000F09AFD404600F097FD059910290CD82D
S21401820010290CD8DFE801F00F14320B340B0B0BDE
S214018210360B0B0B0B0B0B0B3A0020292CD01948F5
S21401822000F082FD07E0184800F07EFD0135D2E738
S214018230164800F079FD0699484600F075FD079945
S214018240134800F071FD134800F06EFD1024DFF8AE
S21401825068A00DF11F06504616F8011F013C00F0FC
S21401826063FD14F0FF04F6D10B48DDE70B48E0E7A9
S2140182700B48DEE70B48DCE70B48DAE70B48D8E7A4
S214018280B83F04005D4004000D4004001D4004009A
S214018290834004009B4004002BE6030025400400B5
S2140182A02D400400364004004140040058400400BC
S2140182B0FC3F04006C400400AC40040010B50B4CBD
S2140182C08EB023785BB9EEF7F5FB014650B9012372
S2140182D001A82370EEF774FC054B049A1A60207807
S2140182E00EB010BD034800F01FFDF8E7F55E002054
S2140182F0E4460020B240040000B58FB0FFF7DEFF71
S214018300002829D001A8EEF75BFC059B14481988C4
S21401831000F00AFD059B13485969134B002908BF55
S214018320194600F001FD059B1048598800F0FCFC39
S214018330059B0F48196900F0F7FC059B0D48D968A5
S21401834000F0F2FC059B0C48197E00F0EDFC0B4B8F
S2140183500B48196800F0E8FC0FB05DF804FB00BF9D
S214018360EF40040001410400570C040013410400CF
S214018370274104003B4104004F410400E44600202D
S2140183806341040070B5064615460C4679B172B1D4
S214018390FFF794FF68B121462A463046EEF71AFDEC
S2140183A0014618B1044800F0BFFC012070BD212031
S2140183B0FCE71120FAE700BF7541040037B5054612
S2140183C00C46FFF77BFFE0B1114B1B68AB421AD995
S2140183D0CCB100212422204601F0B8FD21462846D2
S2140183E01BF004FA88B9284601AA04F10801EEF741
S2140183F0A3FC20B140F20643C01A18BF012003B007
S21401840030BD1120FBE72120F9E70120F7E700BF87
S214018410E4460020F0B593B00546FFF74FFF00286D
S21401842045D0254B1A68AA4207D829462348013A5F
S21401843000F07AFC212013B0F0BD05A8EEF7C0FBD2
S214018440284603A91BF0D2F998BB049A22F4FF57D9
S214018450C2F30C0327F01F072BB14FF40053294634
S214018460174800F061FC039E7FB125F02AFD3046D7
S2140184704FF40051EEF73AFD3346044606F5005632
S21401848050B9039BF31ABB42EFD32A4639460D482F
S21401849000F04AFC002406E000902A464FF4005102
S2140184A0094800F041FC201E18BF0120C3E7112037
S2140184B0C1E70120BFE700BFE4460020A341040056
S2140184C05142040010430400BF42040010B50446A4
S2140184D038B1FFF7F3FE30B10020044B1B68236070
S2140184E010BD2120FCE71120FAE700BFE44600207A
S2140184F010B50446FFF7E2FEB0B10C4B1A68A24273
S21401850006D821460A48013A00F00EFC212010BD8B
S21401851025F0D7FC40F2C12220460649EEF7CCFBF7
S214018520003818BF0120F2E71120F0E7E4460020EA
S214018530A34104002044002010B50446FFF7BEFE08
S21401854070B121460848EEF7D7FB40F20323984264
S21401855008D040F2012398420CBF0520012010BD2F
S2140185601120FCE70020FAE7204400202DE9F04125
S2140185702D4D04462F68FFF7A1FE002851D029682B
S214018580A14207D84A1E2948214600F0CDFB2120EA
S214018590BDE8F0812648EEF76FFBDFF894800246CF
S2140185A0B0B943462E68964222D1BE4214BF3A461F
S2140185B006F1FF3212BB31461D48C8F80040EEF7FF
S2140185C03BFB014600B31B4800F0AEFB0120DFE792
S2140185D02046EEF711FB044638B10146164800F076
S2140185E0A3FB201E18BF0120D2E7EEF761F9F8E7DA
S2140185F053F8041B8C42DDD00132D4E70C499200BB
S214018600081D01F0F5FCD6E729680948EEF734FBAA
S214018610044610B101460948D6E7EEF749F9204667
S214018620B6E71120B4E700BFE4460020A3410400EA
S21401863000440020564304002C43040089430400F0
S214018640F8B50446FFF73AFE002845D0234B1A68D2
S214018650A24207D821462248013A00F065FB2124B0
S2140186602046F8BD1F4800F05FFB25F02AFC40F2CB
S214018670C1221D492046EEF71FFB40F2032705469F
S21401868025F01FFC184E65B140F203239D421AD017
S2140186902946164800F048FB0124154800F044FB23
S2140186A0DEE725F00EFC29463046EEF725FBB842FC
S2140186B009D040F20123984203D10E4800F034FB62
S2140186C0E1E70546DFE721460B4800F02DFB204693
S2140186D0FFF74CFF0446E0E71124C1E7E44600201B
S2140186E0A3410400C043040020440020E0430400EA
S2140186F02BE6030063180400F843040010B50A468D
S214018700044619B1024B00211B68984710BD00BFF3
S214018710A08B040010B5114C2378580744BF23F0F2
S214018720040323702378990705D500F05DF82378B4
S21401873023F00203237063781BB10023084A6360A9
S21401874053600023082106486370FFF7D7FF23789C
S214018750DA0744BF23F00103237010BDE84600206A
S214018760EC46002038B51A4C62782378022A01D1EB
S214018770072B11D0DD0712D52378980707D400F010
S2140187802BF82378054643F00203237080B96278FC
S214018790237882B15A0716D50025284638BD1BF026
S2140187A04BFF2378054643F0010323700028E3D0EE
S2140187B0FFF7B0FFF1E7D907ECD5064962604A60DA
S2140187C002226270E6E743F004032370E4E700BF89
S2140187D0E8460020EC4600200122024B002083F8E8
S2140187E0F0207047F44600202DE9F0410A4C0025A0
S2140187F026464FF0010803272046C4F81C8027763A
S21401880001351FF064FE062D04F12804F4D100237F
S21401881086F8F030BDE8F081F44600202DE9F04FEF
S214018820984691B00B1E0A93B44B914614BF8346EB
S2140188309B4600251A9E98F8000070B94D4538BF32
S2140188402A464B464FF000000A9928BF09F1FF322D
S214018850D847284611B0BDE8F08F252808F1010851
S21401886006D02A464B460A996C1CD8472546E2E7AD
S2140188700023414611F8012B2B2A16D00AD8202AAC
S21401888016D0232A17D0A2F13000092834D80027A1
S2140188900A2418E02D2A05D0302AF4D143F001032A
S2140188A08846E6E743F00203FAE743F00403F7E7F6
S2140188B043F00803F4E743F01003F1E7884604FBAE
S2140188C00722A2F13007414611F8012BA2F1300030
S2140188D00928F3D998F800202E2A52D198F80110C9
S2140188E008F10102A1F13000092843F480633ED863
S2140188F000244FF00A0E11E02A2A08D156F8047B0C
S2140189008846002FBCBF43F002037F42E2E7002700
S214018910E0E702460EFB0411A1F13004104610F800
S214018920011BA1F1300CBCF1090FF2D99046424669
S21401893012F8011B6C292DD025D8682933D06A2955
S2140189403BD04246904618F8010B672860D8572856
S21401895036D8452808D084D9462800F018814728FB
S2140189607FF47FAF43F4006343F0200327E12A2915
S21401897006D156F8044B08F1020824EAE474D6E757
S21401898090460024D3E7742901D07A29D9D143F43B
S2140189908073D7E798F801106C29F8D143F4407337
S2140189A008F10202CEE798F80110682902D043F0D8
S2140189B08003C7E743F0C003F2E743F40073C1E75F
S2140189C0A0F158020F2A3FF64CAF01A151F822F050
S2140189D0718A0100638801006388010063880100D1
S2140189E063880100638801006388010063880100D1
S2140189F06388010063880100718A0100DD8B010034
S214018A00718A0100B38B0100938B0100B38B0100C7
S214018A10A0F16901C9B20F293FF623AF012249F23D
S214018A20410C8A4012EA0C0218D10A2900F015817D
S214018A3007297FF416AF43F0210305930823CDE9F8
S214018A4003431023CDE9012356F8043B2A4600933D
S214018A5058464B460A991FF02AFEA8E06F2800F0F8
S214018A605E8110D9782808D1102223F00C0310E07B
S214018A70582839D0622800F054810A2223F01003C6
S214018A80642806D0F1E769284FF00A0223F01003A4
S214018A90F6D1590548BF23F00103692803F4007194
S214018AA001D0642840D111B3073626F00706B24636
S214018AB070685AF8081BCDE9077300230593C30FA6
S214018AC00028029306940B46049202DA4B4260EBAE
S214018AD04000CDE900304B462A4658460A991FF019
S214018AE028FE05465646A6E643F02003BCE7D90510
S214018AF006F1040A04D5316805E000BF11850300BC
S214018B0058060CD53178CDE90224CDE90473002945
S214018B104FEAD1730193B8BF4942009120E019068C
S214018B20E9D5B6F90010EEE779B1CDE90773002370
S214018B30CDE9042306F1070A2AF0070A06940293F0
S214018B40FAE80223CDE90023C5E7D80506F1040AB1
S214018B500DD5CDE90473CDE9022401913368009364
S214018B604B462A4658460A991FF0A1FDB9E7590611
S214018B7007D53178CDE904730023CDE902240193AA
S214018B80CBE7316813F0800F18BF89B2F2E743F0E4
S214018B902003CDE90173073626F007060094B6ECEC
S214018BA0020B4B462A4658460A99EBF7F1FD054655
S214018BB041E600F0DF00472801D143F40063CDE928
S214018BC00173073626F007060094B6EC020B4B46F7
S214018BD02A4658460A99EBF71FFCE8E713F0020409
S214018BE026D04FF0010A6B1C0B932A464B460A9976
S214018BF016F8040BD84774B354460B9A21E04B463B
S214018C0020200A99D8470AEB05020AF1010A5745BE
S214018C10F5D83A1E18BF0122002A07F1FF3308BF14
S214018C20002307F1010A1D4408BF4FF0020ADAE7E4
S214018C30A246E8E7551C4B4620200A99D8472A4603
S214018C400134BC42F6D3A7EB0A03574538BF0023CD
S214018C500B9A1A440B920B9DEDE53246002C52F806
S214018C60046B14BF21464FF0FF310B92324631445C
S214018C70107808B1914211D1A2EB060A13F4806272
S214018C800C9202D0A24528BFA24613F002030D9310
S214018C901BD1AAEB05032A460F9308E00132E7E74A
S214018CA0531C0E9320204B460A99D8470E9A0F9BC9
S214018CB0D318BB42F4D3A7EB0A03574538BF0023AA
S214018CC00AF101021D4403EB020AAB1B0E9304E0FA
S214018CD01C464B462A460A99D8470E9BF51816F8A5
S214018CE0010B28B10C9B002BF3D0631E002CEFD197
S214018CF00D9B93B12A46AAEB050405E0561C4B468C
S214018D0020200A99D84732461319BB42F6D3A7EB5F
S214018D100A03574538BF00231D440B9E8BE50822E6
S214018D20A3E60222A1E600BF0FB41FB506AA52F8B9
S214018D30043B02A90392009204484FF0FF32FFF76A
S214018D406DFD05B05DF804EB04B07047D3870300F2
S214018D501FB5034600914FF0FF3203A90248FFF703
S214018D605DFD05B05DF804FBD38703001FB5CDE9B3
S214018D700201009302A9134603484FF0FF32FFF7A2
S214018D804DFD05B05DF804FBDB8703001FB5094BFD
S214018D90094A1868094B01A91860094B1360094A6A
S214018DA00192094A1268CDE902231BF0ECFC05B0DA
S214018DB05DF804FBFC640020BC370020C0370020AF
S214018DC0F0640020617A0400A44A0020014B186870
S214018DD01BF0EDBCFC64002038B5F2F767F80446DA
S214018DE0064D2B68D3F8B002F2F754F828681BF04A
S214018DF0F1FC2046BDE83840F2F74CB8FC64002090
S214018E0010B51F4CF0F7ACFB236F012023F00703CE
S214018E1043F002032367F0F7B1FBD4F820310020BA
S214018E2023F0070343F00103C4F82031D4F840319E
S214018E3023F0030343F00103C4F84031D4F8603152
S214018E4023F0030343F00103C4F86031D4F8403241
S214018E5023F0030343F00103C4F84032D4F8003290
S214018E6023F0070343F00103C4F80032D4F80832B4
S214018E7023F0070343F00103C4F8083210BD00BF16
S214018E8000800050064B1B681A7A022A01D81AB9CC
S214018E907047032A00D070471B68024A1360704768
S214018EA000650020A44A00200022024B5A60DA60C6
S214018EB01A607047A84A002008B501F037FF002263
S214018EC0014B1A7008BD00BFF65E00200A46014934
S214018ED01FF0EDBCC1A304000A4601491FF0E7BC20
S214018EE0BCA304000A4601491FF0E1BCB5A3040077
S214018EF00A4601491FF0DBBCB2A304000A46014939
S214018F001FF0D5BCAFA304000A4601491FF0CFBC31
S214018F10AAA304000A4601491FF0C9BCA5A3040080
S214018F200A4601491FF0C3BCA0A304000A46014932
S214018F301FF0BDBC99A3040081F0004102E000BF10
S214018F4083F0004330B54FEA41044FEA430594EA03
S214018F50050F08BF90EA020F1FBF54EA000C55EA3E
S214018F60020C7FEA645C7FEA655C00F0E2804FEA0F
S214018F705454D4EB5555B8BF6D420CDD2C4480EAF1
S214018F80020281EA030382EA000083EA010180EA21
S214018F90020281EA0303362D88BF30BD11F0004F6F
S214018FA04FEA01314FF4801C4CEA113102D04042A5
S214018FB061EB410113F0004F4FEA03334CEA1333E0
S214018FC002D0524263EB430394EA050F00F0A780F8
S214018FD0A4F10104D5F1200E0DDB02FA0EFC22FAF3
S214018FE005F2801841F1000103FA0EF2801843FAE7
S214018FF005F359410EE0A5F120050EF1200E012AD8
S21401900003FA0EFC28BF4CF0020C43FA05F3C01815
S21401901051EBE37101F0004507D54FF0000EDCF18E
S214019020000C7EEB00006EEB0101B1F5801F1BD337
S214019030B1F5001F0CD349085FEA30004FEA3C0C3B
S21401904004F101044FEA445212F5800F80F09A8031
S214019050BCF1004F08BF5FEA500C50F1000041EB35
S214019060045141EA050130BD5FEA4C0C404141EB39
S2140190700101013C28BFB1F5801FE9D291F0000F34
S21401908004BF01460020B1FA81F308BF2033A3F1E3
S2140190900B03B3F120020CDA0C3208DD02F1140CDA
S2140190A0C2F10C0201FA0CF021FA02F10CE002F115
S2140190B01402D8BFC2F1200C01FA02F120FA0CFC0E
S2140190C0DCBF41EA0C019040E41AA2BF01EB045157
S2140190D0294330BD6FEA04041F3C1CDA0C340EDC55
S2140190E004F11404C4F1200220FA04F001FA02F398
S2140190F040EA030021FA04F345EA030130BDC4F156
S2140191000C04C4F1200220FA02F001FA04F340EA4A
S2140191100300294630BD21FA04F0294630BD94F0FB
S214019120000F83F4801306BF81F480110134013DE2
S2140191304EE77FEA645C18BF7FEA655C29D094EA53
S214019140050F08BF90EA020F05D054EA000C04BFD1
S2140191501946104630BD91EA030F1EBF00210020BC
S21401916030BD5FEA545C05D14000494128BF41F05B
S214019170004130BD14F580043CBF01F5801130BDBF
S21401918001F0004545F0FE4141F470014FF000004A
S21401919030BD7FEA645C1ABF194610467FEA655CFB
S2140191A01CBF0B46024650EA013406BF52EA03359D
S2140191B091EA030F41F4002130BD00BF90F0000F8B
S2140191C004BF0021704730B54FF4806404F13204C7
S2140191D04FF000054FF0000150E700BF90F0000F80
S2140191E004BF0021704730B54FF4806404F13204A7
S2140191F010F0004548BF40424FF000013EE700BF77
S21401920042004FEAE2014FEA31014FEA02701FBF06
S21401921012F07F4393F07F4F81F06051704732F038
S2140192207F4208BF704793F07F4F04BF41F400218F
S214019230704730B54FF4607401F0004521F00041ED
S2140192401CE700BF50EA010208BF704730B54FF077
S21401925000050AE050EA010208BF704730B511F078
S214019260004502D5404261EB41014FF4806404F1B0
S21401927032045FEA915C3FF4D8AE4FF003025FEA36
S214019280DC0C18BF03325FEADC0C18BF033202EBBA
S214019290DC02C2F1200300FA03FC20FA02F001FA14
S2140192A003FE40EA0E0021FA02F11444BDE600BFB7
S2140192B070B54FF0FF0C4CF4E06C1CEA11541DBF66
S2140192C01CEA135594EA0C0F95EA0C0F00F0DEF831
S2140192D02C4481EA030621EA4C5123EA4C5350EA16
S2140192E0013518BF52EA033541F4801143F4801367
S2140192F038D0A0FB02CE4FF00005E1FB02E506F0F8
S2140193000042E0FB03E54FF00006E1FB03569CF04C
S214019310000F18BF4EF0010EA4F1FF04B6F5007F52
S21401932064F5407404D25FEA4E0E6D4146EB0606C4
S21401933042EAC62141EA55514FEAC52040EA5E504D
S2140193404FEACE2EB4F1FD0C88BFBCF5E06F1ED8F7
S214019350BEF1004F08BF5FEA500E50F1000041EB2E
S214019360045170BD06F0004646EA010140EA0200DB
S21401937081EA0301B4EB5C04C2BFD4EB0C0541EAFD
S214019380045170BD41F480114FF0000E013C00F312
S214019390AB8014F1360FDEBF002001F0004170BD36
S2140193A0C4F10004203C35DA0C341BDC04F114044F
S2140193B0C4F1200500FA05F320FA04F001FA05F2DB
S2140193C040EA020001F0004221F0004110EBD370A8
S2140193D021FA04F642EB06015EEA430E08BF20EAD4
S2140193E0D37070BDC4F10C04C4F1200500FA04F377
S2140193F020FA05F001FA04F240EA020001F0004109
S21401940010EBD37041F100015EEA430E08BF20EA7B
S214019410D37070BDC4F1200500FA05F24EEA020EC3
S21401942020FA04F301FA05F243EA020321FA04F0F2
S21401943001F0004121FA04F220EA020000EBD370A9
S2140194405EEA430E08BF20EAD37070BD94F0000FA9
S2140194500FD101F00046400041EB010111F4801FDD
S21401946008BF013CF7D041EA060195F0000F18BF8E
S214019470704703F00046520043EB030313F4801FCA
S21401948008BF013DF7D043EA0603704794EA0C0F84
S2140194900CEA135518BF95EA0C0F0CD050EA41069A
S2140194A018BF52EA4306D1D181EA030101F0004117
S2140194B04FF0000070BD50EA410606BF104619463F
S2140194C052EA430619D094EA0C0F02D150EA01364B
S2140194D013D195EA0C0F05D152EA03361CBF10468C
S2140194E019460AD181EA030101F0004141F0FE412B
S2140194F041F470014FF0000070BD41F0FE4141F4AF
S214019500780170BD70B54FF0FF0C4CF4E06C1CEAAE
S21401951011541DBF1CEA135594EA0C0F95EA0C0F63
S21401952000F0A7F8A4EB050481EA030E52EA03351E
S2140195304FEA013100F088804FEA03334FF080553F
S21401954045EA131343EA12634FEA022245EA11156C
S21401955045EA10654FEA00260EF000419D4208BF1D
S214019560964244F1FD0404F5407402D25B084FEACA
S2140195703202B61A65EB03055B084FEA32024FF476
S21401958080104FF4002CB6EB020E75EB030E22BFD3
S214019590B61A754640EA0C005B084FEA3202B6EB93
S2140195A0020E75EB030E22BFB61A754640EA5C0042
S2140195B05B084FEA3202B6EB020E75EB030E22BFD2
S2140195C0B61A754640EA9C005B084FEA3202B6EBD3
S2140195D0020E75EB030E22BFB61A754640EADC0092
S2140195E055EA060E18D04FEA051545EA16754FEAF4
S2140195F006164FEAC30343EA52734FEAC2025FEA12
S2140196001C1CC0D111F4801F0BD141EA00014FF0A0
S21401961000004FF0004CB6E711F4801F04BF014371
S2140196200020B4F1FD0C88BFBCF5E06F3FF6AFAE8D
S214019630B5EB030C04BFB6EB020C5FEA500C50F11D
S214019640000041EB045170BD0EF0004E4EEA1131A0
S21401965014EB5C04C2BFD4EB0C0541EA045170BDA7
S21401966041F480114FF0000E013C90E645EA060EEB
S2140196708DE60CEA135594EA0C0F08BF95EA0C0F19
S2140196803FF43BAF94EA0C0F0AD150EA01347FF461
S21401969034AF95EA0C0F7FF425AF104619462CE738
S2140196A095EA0C0F06D152EA03353FF4FDAE10469B
S2140196B0194622E750EA410618BF52EA43067FF4EC
S2140196C0C5AE50EA41047FF40DAF52EA43057FF47C
S2140196D0EBAE12E74FF0FF3C06E000BF4FF0010C87
S2140196E002E000BF4FF0010C4DF804CD4FEA410CEB
S2140196F07FEA6C5C4FEA430C18BF7FEA6C5C1BD0B8
S21401970001B050EA410C0CBF52EA430C91EA030F38
S21401971002BF90EA020F0020704710F1000F91EA95
S214019720030F58BF994208BF90422CBFD8176FEA63
S214019730E37040F0010070474FEA410C7FEA6C5C31
S21401974002D150EA013C07D14FEA430C7FEA6C5C38
S214019750D6D152EA033CD3D05DF8040B704700BF64
S2140197608446104662468C461946634600E000BFB2
S21401977001B5FFF7B7FF002848BF10F1000F01BD84
S2140197804DF808EDFFF7F4FF0CBF012000205DF84F
S21401979008FB00BF4DF808EDFFF7EAFF34BF0120D4
S2140197A000205DF808FB00BF4DF808EDFFF7E0FF6D
S2140197B094BF012000205DF808FB00BF4DF808EDBE
S2140197C0FFF7CEFF94BF012000205DF808FB00BF25
S2140197D04DF808EDFFF7C4FF34BF012000205DF807
S2140197E008FB00BF4FEA410212F5001215D211D54F
S2140197F06FF47873B3EB625212D94FEAC12343F088
S214019800004343EA505311F0004F23FA02F018BF09
S214019810404270474FF00000704750EA013005D1D2
S21401982011F0004008BF6FF0004070474FF0000095
S214019830704700BF4A0011D212F5001211D20DD5A1
S2140198406FF47873B3EB62520ED44FEAC12343F040
S214019850004343EA505323FA02F070474FF00000EA
S214019860704750EA013002D14FF0FF3070474FF099
S2140198700000704753B94AB9002908BF00281CBF29
S2140198804FF0FF314FF0FF3000F08CB9ADF1080C0E
S2140198906DE904CE00F006F8DDF804E0DDE9022308
S2140198A004B070472DE9F04F099D0E4604460F4659
S2140198B0002B47D18A429446B2FA82F35AD943B171
S2140198C002FA03FCC3F120029F409C4020FA02F2F8
S2140198D017434FEA1C461FFA8CFE220CB7FBF6F123
S2140198E006FB117701FB0EF042EA0742904208D9C7
S2140198F01CEB020201F1FF3702D2904200F23C81DA
S2140199003946121AA4B2B2FBF6F006FB102200FB8F
S2140199100EFE44EA0244A64508D91CEB040400F1F5
S214019920FF3202D2A64500F22A81104640EA0140E3
S214019930A4EB0E0400211DB1DC400023C5E9004361
S214019940BDE8F08F8B4205D90DB1C5E900010021B4
S2140199500846F5E7B3FA83F100294FD1B342C0F0C8
S2140199600281824240F2FF800846002DE8D0C5E918
S2140199700047E5E7002B40F0AF808A1A4FEA1C4EFD
S2140199801FFA8CF70121B2FBFEF60EFB1620220C05
S21401999042EA004207FB06F090420FD91CEB020296
S2140199A006F1FF382CBF4FF001094FF00009904235
S2140199B003D9B9F1000F00F0DC804646121AA4B2B2
S2140199C0B2FBFEF00EFB102200FB07F744EA02444E
S2140199D0A7420FD91CEB040400F1FF322CBF4FF055
S2140199E0010E4FF0000EA74203D9BEF1000F00F0A2
S2140199F0C9801046E41B40EA06409CE7C1F12004FA
S214019A008B4006FA01FC00FA01FE22FA04F7E64052
S214019A108A401F4320FA04F34FEA174843EA0C032F
S214019A201FFA87FC4FEA1349B6FBF8F008FB1066ED
S214019A3049EA064600FB0CF9B1450ED9BE1900F1FC
S214019A40FF3A2CBF4FF0010B4FF0000BB14503D985
S214019A50BBF1000F00F0A2805046A6EB09061FFAE4
S214019A6083F9B6FBF8F308FB136603FB0CFC49EA23
S214019A700646B4450ED9BE1903F1FF382CBF4FF088
S214019A8001094FF00009B44503D9B9F1000F00F000
S214019A908280434643EA0040A6EB0C06A0FB028CFC
S214019AA066454346E14602D307D1C64505D2B8EB23
S214019AB002036CEB070C0138E1465DB1BEEB030215
S214019AC066EB090606FA04F422FA01F3CE401C43BB
S214019AD0C5E90046002133E702FA03FCC3F1200280
S214019AE099409C40D6404FEA1C4E20FA02F21FFADB
S214019AF08CF7B6FBFEF00A430EFB1066110C41EA2A
S214019B00064100FB07F68E420ED91CEB010100F15F
S214019B10FF382CBF4FF001094FF000098E4202D9E1
S214019B20B9F1000F34D04046891B92B2B1FBFEF664
S214019B300EFB161142EA014206FB07F191420ED9CD
S214019B401CEB020206F1FF382CBF4FF001094FF063
S214019B500009914202D9B9F1000F16D04646521AB1
S214019B6046EA00410FE7841A66EB03020120174616
S214019B70FBE6023E624421E702396244C1E66444E0
S214019B800238D3E66444023834E7023E6244E6E72C
S214019B9002386144C8E7023B3E447BE702383E4454
S214019BA05BE700BF704700BF2DE9F04F924685B0D6
S214019BB089461E460D46554A0390294615F8014B1F
S214019BC0135D13F00803F8D12D2C7CD02B2C4ED02E
S214019BD04FF0FF3102936FF00043CDE9001336F0EA
S214019BE0100851D037464FEAE6783A464346DDE953
S214019BF00001FFF73FFE002383468E4618461946AE
S214019C00A44613E0ACF13704A6421FDD002B09DBA6
S214019C1083457EEB010305D38E4508BF83453BD1C3
S214019C20A24239DA4FF0FF3315F801CBACF130041C
S214019C30092CE9D9ACF14104192CE3D9ACF1610442
S214019C40192C03D8ACF15704A642DFDC5A1C2FD0DE
S214019C50029A12B1404261EB4101BAF1000F03D002
S214019C60002B48D1CAF8009005B0BDE8F08F4FF040
S214019C70FF30029336F010086FF000432C7801F1A4
S214019C800205CDE90003ADD1302C25D0002E3AD106
S214019C900A27B0463E46A8E700FB08F307FB013358
S214019CA0A0FB07010B44201843EBE4710123BBE73B
S214019CB02223039A1360BAF1000F17D005F1FF397A
S214019CC0DDE90001CEE74FF00047009301232C7831
S214019CD08D1CCDE9017382E72B7803F0DF03582B47
S214019CE00CD086B90827B0463E467EE7DDE900017E
S214019CF005B0BDE8F08FCDE90001DFE710276C78ED
S214019D0002353E4671E710273E466EE7C9A30400BA
S214019D104AE700BF10B4044C13460A4601462068C1
S214019D205DF8044B40E700BF3065002010B4044CDA
S214019D3013460A46014620685DF8044B34E700BF27
S214019D403065002020F0030110F00300C0F1000090
S214019D5051F8043B00F1040C4FEACC0C6FF0000202
S214019D601CBF22FA0CF213434FF0010C4CEA0C2CE8
S214019D704CEA0C4CA3EB0C0222EA030212EACC12C8
S214019D8004BF51F8043B0430F4D0C2F1000102EAEA
S214019D900102B2FA82F2C2F11F0200EBD200704752
S214019DA02DE9F04780460C464548264614F801EB57
S214019DB010F80EC01CF0080CF7D1BEF12D0F5BD0C9
S214019DC0BEF12B0F3AD0654633F010003ED04FF06F
S214019DD0FF379A46B7FBF3F703FB07F96FEA090962
S214019DE0002630460EE0AEF1370C63451DDD002E31
S214019DF004DBB84202D833D1CC4531DD4FF0FF3613
S214019E0014F801EBAEF1300CBCF1090FEDD9AEF14F
S214019E10410CBCF1190FE6D9AEF1610CBCF1190F7A
S214019E2003D8AEF1570C6345E1DC731C1CD005B1B9
S214019E3040420AB1F6B91160BDE8F08733F0100070
S214019E4094F800E0654606F10204C0D1BEF1300F79
S214019E5017D06BBB0A234FF005091A4F9A46BFE786
S214019E6000FB0AC00126CBE722233046C8F80030A3
S214019E70002AE1D0611EDEE794F800E00125B41C5B
S214019E80A2E7207800F0DF00582807D083B908231E
S214019E904FF007096FF060479A46A1E7102394F840
S214019EA001E04FF00F0902346FF070479A4697E7CA
S214019EB010234FF00F096FF070479A4690E700BFE6
S214019EC0C9A30400999999196AE700BF10B4044C14
S214019ED013460A46014620685DF8044B60E700BF5A
S214019EE03065002010B4044C13460A46014620682B
S214019EF05DF8044B54E700BF306500200F4B70B58A
S214019F000F4DAB42A3EB050607D0B6100024013473
S214019F1055F8043B9847A642F9D80A4D24F0D0F9E3
S214019F20094B5E1BAB424FEAA60606D0002401345D
S214019F3055F8043B9847A642F9D870BD046900203D
S214019F4004690020046900200869002070B58607AE
S214019F5047D0541E002A3ED0CAB2034601E0013C57
S214019F6039D303F8012B9D07F9D1032C2CD9CDB297
S214019F700F2C05EB052505EB054535D9A4F1100C8D
S214019F8003F1100E1A462CF00F064FEA1C1CB644BD
S214019F90C2E90055C2E9025510327245F8D10CF1FA
S214019FA0010214F00C0F04F00F0C03EB021213D095
S214019FB0ACF1040323F003030433134442F8045BB7
S214019FC09342FBD10CF003042CB1C9B21C4403F834
S214019FD0011BA342FBD170BD64461346002CF4D18D
S214019FE0F9E703461446C0E71A46A446E0E700BF71
S214019FF088420ED98B1883420BD900EB020C002A3B
S21401A0006ED0624613F801CD994202F801CDF9D11E
S21401A01070470F2A0FD8034602F1FF3C002A5FD093
S21401A0200CF1010C013B8C4411F8012B614503F83E
S21401A030012FF9D1704740EA01039B0751D1A2F1E4
S21401A040100301F1200C70B523F00F0501F1100E7D
S21401A05000F110041B09AC445EF8105C0EF1100E02
S21401A060103444F8205C5EF81C5C44F81C5C5EF816
S21401A070185C44F8185C5EF8145CE64544F8145C19
S21401A080EAD1013312F00C0F02F00F0C01EB0311B1
S21401A09000EB031329D0ACF1040C1C1F8E462CF0E8
S21401A0A003064FEA9C0C1E445EF8045B44F8045F0A
S21401A0B0B442F9D10CF1010402F0030203EB84036C
S21401A0C001EB840102F1FF3C4AB10CF1010C013BAA
S21401A0D08C4411F8012B614503F8012FF9D170BDAD
S21401A0E0704702F1FF3C03469AE76246EAE700BF83
S21401A0F02DE9F04F82468E463F4875461EF801BB55
S21401A10010F80B4014F00804F7D1BBF12D0F5BD00B
S21401A110BBF12B0F6FF0004904BF9EF800B005F1AC
S21401A120020E33F0100010D1BBF1300F04D0002B1B
S21401A1305ED10A231F4609E09EF8000000F0DF000A
S21401A14058284ED0002B53D108231F460025B9FBB3
S21401A150F7F6284607FB16980EE0ABF1370C634579
S21401A1601DDD002D04DB864202D321D1E0451FDA36
S21401A1704FF0FF351EF801BBABF1300CBCF1090FF7
S21401A180EDD9ABF1410CBCF1190FE6D9ABF1610C7D
S21401A190BCF1190F03D8ABF1570C6345E1DC6B1C1E
S21401A1A00AD004B140420AB1CDB91160BDE8F08FC2
S21401A1B007FB00C00125DDE72223CAF800305AB1AB
S21401A1C00EF1FF314846F0E79EF800B04FF0004927
S21401A1D005F1020E0124A4E74846BDE8F08F81464A
S21401A1E0EEE710239EF801B00EF1020E1F46ADE712
S21401A1F010231F46AAE700BFC9A30400242B02D8D8
S21401A200012B00D074E710B500F02EFA1623036078
S21401A210002010BD10B5242A084C1346246807D820
S21401A220012A05D00A4601462046BDE810405FE7F0
S21401A23000F01AFA16230360002010BD30650020D6
S21401A24010B5242A084C1346246807D8012A05D0DD
S21401A2500A4601462046BDE8104049E700F004FAE8
S21401A26016230360002010BD30650020844641EAB5
S21401A270000313F0030349D1403A23D30B6803606C
S21401A2804B6843608B688360CB68C3600B6903616E
S21401A2904B6943618B698361CB69C3610B6A036256
S21401A2A04B6A43628B6A8362CB6AC3620B6B03633E
S21401A2B04B6B43638B6B8363CB6BC3634030403123
S21401A2C0403ADBD230320BD30B6803604B684360F5
S21401A2D08B688360CB68C36010301031103AF3D2BC
S21401A2E00C3205D351F8043B40F8043B043AF9D24A
S21401A2F0043208D0D2071CBF11F8013B00F8013B1D
S21401A30001D30B8803806046704700BF082A13D329
S21401A3108B07B1D010F00303AED0C3F10403D21AF9
S21401A320DB071CBF11F8013B00F8013BA4D331F851
S21401A330023B20F8023B9FE7043AD9D3013A11F8D1
S21401A340013B00F8013BF9D20B7803704B78437060
S21401A3508B78837060467047024B014618681AF086
S21401A360F8BF00BF30650020024B014618681AF09E
S21401A370F3BF00BF30650020CAB384460B4630B534
S21401A38004460843800719D09CF800000C78A042C8
S21401A39012D150B3012A28D0E64603E01CEB030F86
S21401A3A023D010B31EF8010F11F8014FA2EB0E03D4
S21401A3B0A04203F1FF33F1D0001B30BD032A07D8BA
S21401A3C0E2E7043A11D01EF0803F0ED1032A10D9DD
S21401A3D02068194653F8045BA446A0F1013E0434F4
S21401A3E0A8422EEA000EECD0CEE7002030BD104683
S21401A3F07047A4461946C7E780EA010C1CF0030F14
S21401A40037D110F0030C20F0030021F0030150F8BF
S21401A410042B08BF51F8043B0ED08CF0030C6FF0F0
S21401A4207F434FEACC0C23FA0CFC51F8043B42EA7A
S21401A4300C0243EA0C0300BFA2F1013C9A4201BFA1
S21401A4402CEA020C1CF0803F50F8042B51F8043B18
S21401A450F2D04FEA02604FEA1222012828BFB0EB81
S21401A460036F08BF1B0AF4D003F0FF03000EC01AE7
S21401A470704710F0030F0AD010F8012B11F8013BBA
S21401A480012A28BF9A42F4D0A2EB030070474DF888
S21401A490045D50F8042B01F0030521F0030151F887
S21401A4A0043B022D26D04DD822F07F45B5EB132F65
S21401A4B0A2F1013C2CEA020C0DD11CF0803C08BF35
S21401A4C051F8043B0AD185EA0205B5EB036F0CD1BE
S21401A4D050F8042BE8E74FEA13235BE03CF07F4C8F
S21401A4E054D10B784FEA126554E04FEA126503F037
S21401A4F0FF034FE04FEA0245A2F1013C4FEA154542
S21401A5002CEA020CB5EB134F18D11CF0803C08BFA7
S21401A51051F8043B07D185EA0205B5EB034F09D193
S21401A52050F8042BE6E75FEA0C4C2FD10B884FEA74
S21401A53012452FE04FEA03434FEA12454FEA134311
S21401A54028E000BF02F0FF05B5EB136FA2F1013C56
S21401A5502CEA020C0DD11CF0803C08BF51F8043BDC
S21401A5600AD185EA0205B5EB032F0AD150F8042B70
S21401A570E8E74FEA13630DE012F0FF0F06D051F83B
S21401A580043B4FEA122523F07F4303E04FF000001F
S21401A59020BC704705F0FF0203F0FF00012828BF2A
S21401A5A0904204BF2D0A1B0AF4D0A2EB000020BC87
S21401A5B0704700BF08B5064B044613B1002100F0F2
S21401A5C0AFF8044B1B6803B19847204619F096F97B
S21401A5D021A70100F04B0020002301461A46184629
S21401A5E000F048B8032A30B415D941EA000484467D
S21401A5F00B46A40704D0541E0FE0043A032A08D9D8
S21401A6001946604653F8044B5CF8045BA542F4D047
S21401A610F1E760461946541E7AB1431E0139021904
S21401A62001E09A4209D013F8010F11F801CF6045F5
S21401A630F7D0A0EB0C0030BC7047002030BC704750
S21401A64038B5074D074C2C1BA41005D0013C55F816
S21401A650043D9847002CF9D1BDE8384023F036BEBA
S21401A6600C69002008690020014B1868704700BF7C
S21401A67030650020F0B5264C83B006460F462568A7
S21401A68005B36C681F2C3FDCA6B1D5F8880048B32B
S21401A690D0F800114FF0010C40F82420022E00EBF8
S21401A6A084020CFA04FC4CEA0101C0F80011C2F85D
S21401A6B0803010D0631C002002346B6045F8247093
S21401A6C003B0F0BD13491448216010B10068C1F809
S21401A6D08800104DD5E7D0F8043143EA0C03C0F8E2
S21401A6E00431E7E70D49CDE9002369B14FF48470E1
S21401A6F0FFF732FE40B100216C68C0E94011DDE988
S21401A7000023C5F88800C5E74FF0FF30D8E700BF43
S21401A710804C0020F44B00200000000059A30100EB
S21401A7202DE9F04FDFF8B49083B0D9F8006096B306
S21401A730884601907568D6F888706C1E2BD4013552
S21401A74007F1800B06EB8505B8F1000F26D173687B
S21401A7502A68013BA3423BD000232B60BAB1D6F84E
S21401A76004A05FB30123D7F80011A3400B4225D004
S21401A770D7F8040157F8241003422BD101989047CB
S21401A7807368D9F8002053451ED1B2421CD1013C52
S21401A790043D631CD8D103B0BDE8F08F4FB15BF820
S21401A7A024304345D3D0013C043D621CF3D0002F36
S21401A7B0F5D1013CEFD3013CFBD2ECE7904773683F
S21401A7C0D9F800205345E0D0002AE4D01646B1E778
S21401A7D07460C3E708469047D2E700BF804C00206C
S21401A7E0431E033306D8044B984228BF18466428F4
S21401A7F038BF6420704700BF40420F0038B5194B80
S21401A80005461B680C4603B1984744B1236833B12B
S21401A8101B68013303D0E3680BB1A3684BB91EF084
S21401A82002FD00204FF4C172412100F0FFF9212002
S21401A83038BD204602F04AFC00230B4A85F83C311D
S21401A840C5E93743C2E9003363694BB1074A422180
S21401A85010684FF4D272C31A5842584100F0E6F914
S21401A8600020E5E7F04E0020B8610020544F00209C
S21401A870F8B5044623F019FA002607460E4B1B6866
S21401A88093B19E68AEB196F82420D20711D435460E
S21401A8900FCC0FC50FCC0FC523682B6096F824305C
S21401A8A043F0010386F82430384623F0F9F93046A0
S21401A8B0F8BD1B68E4E700BF8465002010B50446B8
S21401A8C018B9054B054A136010BD00F0D9FCD4F841
S21401A8D0E830002BF6D1F4E7D1890300806500202B
S21401A8E0014B1868704700BFB861002008B50246E2
S21401A8F00868FFF775FF08604868FFF771FF486052
S21401A9008868FFF76DFF8860C868FFF769FF0B6905
S21401A910C860581C03D00B48834228BF03460B610E
S21401A9204B69581C03D00748834228BF03468869F1
S21401A9304B61FFF755FFBDE808408861104601F0FE
S21401A9407BBC00BF40420F00D0F8E0302DE9F0415B
S21401A95005460C4613B1C38D8B424CD0D5F8DC307E
S21401A960002B4BD09E68002E48D0D868002845D0D2
S21401A970013800B200281ADB002106E0128A591CB1
S21401A980A24217D209B2884211DB0B1803EBD3732C
S21401A9905B1003EBC30206EB8202B2F80EC003F1B2
S21401A9A0FF3EA445EAD90FFA8EF08842EDDA21205F
S21401A9B0BDE8F0814FF6FF7299B29142F7D09BB293
S21401A9C003EBC30306EB83062846B6F9122095F877
S21401A9D03011D5F8F080EFF755F80746B8F1000FBB
S21401A9E004D00023324628461946C047EC85C5F8F0
S21401A9F0E06085F839710020BDE8F0810E20BDE8E1
S21401AA00F08100BF2DE9F04782B004460F46164696
S21401AA1001F086FE002863D14F4D2B68D4F8DCA0E8
S21401AA20D4F8E0800BB1534576D04FF00009AF6003
S21401AA3001F09EFE0128074665D120461EF032FB36
S21401AA40002851D12B68DAF80010D8F8002013B18D
S21401AA50186888426BD020461EF0D6FAC5E900A8D1
S21401AA60D4F8F0508DF80760002D67D000222046FC
S21401AA7011460DF10703A847204600F0EDFF0546F5
S21401AA80B9F1000F0FD076B9D4F88C300BBB012F7B
S21401AA9005D025B1314B002103205B689847284635
S21401AAA002B0BDE8F087B5FA85F040F207523321CF
S21401AAB0400900F0BBF83146204601F00BFA284B5E
S21401AAC005461B68414620469847D4F88C30002B33
S21401AAD0DDD000224FF40073204600F0E1FBD6E7FC
S21401AAE000231D4D6B6098E794F82530DA07A9D549
S21401AAF0D4F894305B05A5D51A4B012200212046D7
S21401AB001B6898479EE70021012000F001FC01F038
S21401AB102FFE0128FBD190E76B68002B85D04345BB
S21401AB2083D1AB689F4215D04FF001097FE7696872
S21401AB3011B10968914291D059688CE794F82A10AE
S21401AB4094F839313246994228BF1946204600F01A
S21401AB50D1FE91E70025A2E7B86100208C650020B0
S21401AB6080650020F44E0020F8B50F46054623F018
S21401AB709CF8394606462846FFF7E6FE044620B10D
S21401AB80304623F08DF82046F8BD01F0A7FD224699
S21401AB9039462846FFF736FF04460028F0D12846F6
S21401ABA01EF080FA0028EBD095F8253013F001034B
S21401ABB00DD0D5F8942052050DD5B5F82A21BA4204
S21401ABC005D0B5F82C31DB1BB3FA83F35B09034AD6
S21401ABD082F8C430D4E72346F9E700BF001E00B070
S21401ABE013B5044669461EF021F820461EF065F9A5
S21401ABF0FF28024606D020469DF80010EEF7C0FF5B
S21401AC0002B010BD0048FBE70080FFFF38B5044DD9
S21401AC10044C054B286021601A6022F09BFC38BD6D
S21401AC20844E002088650020884E002010B550B95B
S21401AC300548064B0160064802601868054B186017
S21401AC401868FFF7E3FF10BD88650020E04F00207D
S21401AC50884E0020844E00202DE9F0418AB001ACD8
S21401AC6005460B462746194A02F1200C264610686F
S21401AC705168083203C662453446F7D1002B08BF37
S21401AC803B46002710681C463060384603F10C0628
S21401AC9090B95FFA87F84246284621881EF005FAE1
S21401ACA050B942462846E1881EF010FA20B94246BD
S21401ACB0314628461EF01CFA0137032F06F1080616
S21401ACC004F10204E4D10AB0BDE8F081ECA404006A
S21401ACD0F0B589B005460E461EF019FA044600BBCB
S21401ACE001AC06F10C070FCF0FC497E8070084E804
S21401ACF0070001A92846FFF7F9FD2846311D1EF079
S21401AD00E0FB044648B92846074901F057FA0446CD
S21401AD1018B9284601F0C6FD044628463168FFF7F3
S21401AD209BFF204609B0F0BDE4A4040001491DF0D4
S21401AD30D0BF00BF75C8010070B5164E0328044683
S21401AD400D4633781ED023FA04F202F00102AA421D
S21401AD501DD053B10122A240A54023EA02032B4392
S21401AD60DBB233704BB1012070BD2DB10A4B01200F
S21401AD701B6898473378EDE73570074B00201B6852
S21401AD809847F0E79A07DED003F0FC03E9E70020D6
S21401AD9070BD00BFF75E0020C84E002038B50446DF
S21401ADA00D4605F077FD60B101F0C6FC48B9012DEE
S21401ADB007D801201EF056F90D4B1B6823B15B68BE
S21401ADC098470C4B1C7038BD23F0C6F80A4B1A681E
S21401ADD0801A186021F038FD4FF47A72074B1B6811
S21401ADE002FB00301DF073FF012001F0ADFCE8E727
S21401ADF0EC4E0020D1680020C04E0020C44E00203A
S21401AE00F8B505460C4622F050FF104F06463B7833
S21401AE1033B1012D04D01CB90D4821F067FC3C70FC
S21401AE2021462846FFF788FF0A4B04461B783BB9A4
S21401AE303B782BB91EF00AF910B1074B1B689847EF
S21401AE40304622F02DFF2046F8BD00BFF85E0020F8
S21401AE509C4E0020F75E00208C650020054A0B46BC
S21401AE60117831B100211170034A01215268187816
S21401AE7010477047F85E00208C650020124B02399F
S21401AE80012910B518701ED805F004FDD8B101F0DF
S21401AE9053FCC0B101F034FAA8B90C4B1C6834B1AC
S21401AEA023689847BDE8104000201EF0DBB81DF06F
S21401AEB00CFF074B186023F04FF8064B186020462E
S21401AEC001F042FCEEE710BDD1680020EC4E0020F8
S21401AED0C44E0020C04E002038B5044680B122F092
S21401AEE0E4FE01210446084621F0A4F801210B4A9C
S21401AEF008461AF002FB2046BDE8384022F0D0BED4
S21401AF0022F0D3FE05462146012021F093F80120C8
S21401AF102146024A1AF0F1FA2846EDE7457B04007D
S21401AF20F0B585B022F0C1FE344D04462B7823B12E
S21401AF30334821F0DBFB002852D121F061FC02AA44
S21401AF4003A91EF06DF80346002838D01EF07CF8E1
S21401AF50029B98421CD100202A4B03991B682A4E5B
S21401AF609942307020D90027C91A012324482B7032
S21401AF70264A3346CDE9007722F0CAFF002837D1AA
S21401AF80234A1378D90701D53178F9B1204611E063
S21401AF901EF058F8029B984228D0002318461949FB
S21401AFA0194A0968137003910121FFF7C5FE0023B2
S21401AFB020462B7022F074FE002005B0F0BD20461E
S21401AFC02B7022F06DFE212005B0F0BD03F0FE03CC
S21401AFD01370002BDAD10F4B1B6898472046E9E720
S21401AFE0204622F05DFE0E2005B0F0BD0220B3E73C
S21401AFF0032320462F703370F3E700BFF85E00206E
S21401B0009C4E0020BC4E0020D06800205DAE0100A2
S21401B010F75E0020C84E002038B522F046FE0F4DE0
S21401B02004462B789BB90E4A0E4913700E4B0F4AF5
S21401B0300F481A600F4A5A60F0F7CEF90E490F48CA
S21401B040F0F7CAF90E4B0F4A1A6001232B70F0F77E
S21401B050CDFA204622F024FE002038BDF95E0020FD
S21401B060F85E002010A504008C65002021AF0100C9
S21401B0708C4E002001AE010018A50400944E00205D
S21401B080C84E0020D9AE01002DE9F0438F788046E6
S21401B0900F2F0C4685B003D9212005B0BDE8F083FB
S21401B0A027B90123374A00201370F6E70D784E784A
S21401B0B0EDB9002EF0D194F90310E08803F00AF8F8
S21401B0C02128E9D055EA0603A088DFF8C89013D0F6
S21401B0D003F064F84FF60403B9F8002001469A42DB
S21401B0E04BD1AE42334638BF2B4600262DE0082D05
S21401B0F0D2D8082ED0D8DEE703F050F84FF6040574
S21401B10001464FF60500204A136E9BB2AB4208BFBC
S21401B1100346B1F5803FA9F800300FD90223082570
S21401B120136680230126C2F880302B4649084FF665
S21401B130FF720139914228BF114608E0802301269B
S21401B14008251666C2F880302B460029EFD100226A
S21401B15002920122013FFFB2009201972A4608F1AE
S21401B160F80002F0B7FE1EB14FF48012074B5A6585
S21401B170074BA2681A60022394E703480266A9F8FF
S21401B1800030AEE7FA5E002000C001B800D001B87A
S21401B190D44E00205468002010B50446D0F818217B
S21401B1A00B4B4FF40061C3F8A82090F82420D2017D
S21401B1B002F4006205F0D2FA94F8243013F0100F6E
S21401B1C04FF4007314BF034A034A136710BD00BF50
S21401B1D0001E00B0001002B8002002B8431C07D0C1
S21401B1E06FF0FF02034B10401A62A3F580531862FA
S21401B1F0704700BF00E000B8F8B504460F46164693
S21401B20022F053FD0546A047044620B1284622F009
S21401B21047FD2046F8BD04F07FFC04220549D1F81D
S21401B220D83E23EA07033343C1F8D83E024B1A67D8
S21401B230ECE700BF001000B0002002B800F01803D1
S21401B240182B0AD003070AD440F2011310F010009D
S21401B25018BF1846034B186570470020FAE701200F
S21401B260F8E700BF001F00B0044B1868830654BF00
S21401B270C0F30F204FF6FF70704700BFBC4F002091
S21401B28038B10368044A002B08BF1346034A13600B
S21401B2907047014BFAE700BF198D0300986500203F
S21401B2A010B4D0E9544122400B4052EA030104D0C5
S21401B2B003495DF8044B096808475DF8044B70477D
S21401B2C0986500200F2938B505460C460ED801F0C2
S21401B2D04FFA01280CD1074A2846D36B23F00F03F7
S21401B2E02343D3631DF022FF002038BD2120FCE755
S21401B2F00220FAE7001F00B0014B186C704700BF30
S21401B300001F00B0014B002019647047001F00B0F9
S21401B31003282DE9F347884655D82C4B13F800909F
S21401B3202B4B1E5C2B4B13F800A022F0BEFC0746ED
S21401B33004F03EFB054640B100230022CDE9003370
S21401B34001200023002104F079F904F039FB48B10B
S21401B35000230022CDE90033002000234FF40041F2
S21401B36004F06CF96EB31C4BDC6C04F008041B4B48
S21401B3703146DC64484604F02DFC524631464846C8
S21401B38004F092FC164BDC646DB1164B1868D0F8CD
S21401B3909410F83003F06EFA13490868FFF71EFFA1
S21401B3A04FF0FF330B60B8F1000F04D00F4B0021B4
S21401B3B003205B689847384602B0BDE8F04722F0A4
S21401B3C06FBC3446D3E702B0BDE8F08728A5040079
S21401B3D024A5040020A50400004000B8006000B8C1
S21401B3E0005000B8E04F0020946500208C650020D6
S21401B3F00F4A136F13F0A00F15D1506F10F0040011
S21401B40013D10C4BD3F8D83E23F07F4323F0FF0330
S21401B4105BB1D368C3F30362092A07D0B2F10C000B
S21401B42018BF01207047002070470120704700BFF9
S21401B430000002B8001000B070B50D46064620B9EF
S21401B4401A4B1B68A3B10E2011E001F091F90128F7
S21401B45029D1174B93F90040C4F11C04641BC4F1B5
S21401B4601C03002BB8BF5B42232B0CDD212070BDD3
S21401B47081EAE173A3EBE173DBB2232BF6D80C4B25
S21401B48019700020F3E786F8285022F00EFC094ACE
S21401B490E402D36904F4FF2423F4FF231C43D4619C
S21401B4A022F0FEFBEDE70220E1E700BFE04F0020BF
S21401B4B0FB5E002000C000B818B9034B93F90000EA
S21401B4C0704790F928007047FB5E002010B50446CF
S21401B4D01DF0E8FD10B1012001F0D4F92046FFF778
S21401B4E05BFE22F0E2FB0A4A0121D2F8A0300446B4
S21401B4F023F02003C2F8A0300222064B08469A60C9
S21401B500054B5B689847204622F0CAFB002010BD19
S21401B510001E00B0001002B88C650020064B5A6A67
S21401B520920207D4D3F8803013F4706F14BF012051
S21401B5300020704701207047004001B8F8B50E465C
S21401B540D0F8943002EA010423EA01032343C0F849
S21401B5509430464A01F00B0323EA0401D1642340E8
S21401B560A2F58052D3647207054610D50121FFF774
S21401B570D5FF60B104F0D0FA4FF4007314F0040F55
S21401B58014BF3B4A3B4A536204223B4B1A67F306FD
S21401B59006D514F0100F14BF00221B22374B5A6534
S21401B5A037061DD5200616D54FF40012304B1A6209
S21401B5B0012203F58053C3F8002122F076FB0E2109
S21401B5C00746032003F09EF840F201222B4B384633
S21401B5D0DA6222F065FB214605F1F80003F04AF92C
S21401B5E0F10503D5E2052AD503F05CF8B30503D5CA
S21401B5F0A70527D503F062F816F48C6F1DD014F456
S21401B600806224D095F82530DC070CD5EA8DB5F894
S21401B6102A31934219D0B5F82C31981A4342434146
S21401B620174A82F8C430D5F8E41028461DF075FB99
S21401B6308022144BD864144B1A610020F8BD03F025
S21401B6402BF8D3E703F034F8D6E70123E8E77105D2
S21401B650E9D595F82530DB07E5D5094B114683F882
S21401B660C4200A4B28461B689847DCE7006000B8F0
S21401B670005001B8006001B8002002B8004000B8D0
S21401B680001E00B0001F00B0000002B8F44E0020FB
S21401B690014B1868704700BFE04E002037B522F016
S21401B6A004FB002401230022CDE9003400230546D3
S21401B6B01946104603F0C2FF022002F0E7FA064BD5
S21401B6C021461C60054B02205B689847284622F0FD
S21401B6D0E7FA204603B030BDE84E00208C65002016
S21401B6E02DE9FF4102290D4616469846039004D1DE
S21401B6F0FFF7D4FF04B0BDE8F08122F0D6FA1E4F62
S21401B70004463B683BB1B34205D022F0C9FA002398
S21401B71021203B60EEE7194B0022C3F800803E6013
S21401B720002301264FF0000810461946CDE90066B1
S21401B73003F084FF124B022083F8008002F0A6FA81
S21401B74043462A46022003A902F0BEFA0D4B039A8D
S21401B7501A6008B92046D8E70B4D2B689847212870
S21401B76004D0204622F09CFA0020C3E731466B68DD
S21401B77002209847F5E700BFE84E0020E44E00207F
S21401B780FD5E0020E04E00208C650020044B5B6EC1
S21401B7905B054EBF0120034B187800F0010070478F
S21401B7A000C001B8FD5E00200A78022A11D0101FE1
S21401B7B04242424152004B781201022B0BD0191F14
S21401B7C04B424B415B000549054842EA8312FFF7AD
S21401B7D013BD0122EFE70123F5E700BFF0FFFF00ED
S21401B7E0B9C701000B78022B10D0181F4342434102
S21401B7F05B004A78022A0BD0111F4A424A41520086
S21401B8000F21044843EA8202FFF7F6BC0123F0E762
S21401B8100122F5E7E5C701002DE9F8430E78044655
S21401B820042E0D4690F830810BD100275FFA87F978
S21401B830484601F07DFD08B14E4602E00137042F6F
S21401B840F4D1304601F074FD002849D094F8303127
S21401B850B34209D1AA88D4F8A8309A4204D16A889A
S21401B860B4F832319A4238D084F83061AB88304629
S21401B870A4F834316B88A4F83231AB8804F5987596
S21401B880C4F8A830FF2384F82B301DF000FD84F89F
S21401B8902A00284601F078FC18BB284601F03EFD38
S21401B8A0F8B9D4F8E03053B194F83011414506D0D8
S21401B8B02046B3F91220EEF7E5F884F83901204660
S21401B8C001F09AFE0949A4F834010123084AD1F887
S21401B8D0FC1004F1F80003F0AFFC0020BDE8F8838B
S21401B8E021200C2384F83031F8E700BF001F00B098
S21401B8F0581F00B0F8B5054690F830010C460C28E4
S21401B900164623D0FF2923D01AB14FF0FF32114B30
S21401B9101A601DF0BCFC074695F8300101F068FD81
S21401B920844228BF0446E4B2BC4238BF3C46E0B27B
S21401B93085F82B0001F002FEFF280CBF212400240D
S21401B94016B9284601F068FD2046F8BD0224FBE73B
S21401B9502124F9E79C65002010B590F830310446A3
S21401B9600C2B43D0D0F8E03080F82A10D3B3D0F8AF
S21401B970F020CAB990F839318B421BD300222046F9
S21401B980FFF7B8FF40BB1A4B1B78022B23D8204683
S21401B99001F032FE17490123174AD1F8FC1004F1D1
S21401B9A0F80003F049FC16E0B0F94220B3F9123072
S21401B9B09A42E3DD0022204694F83911FFF79AFFF8
S21401B9C050B9C4F8E00020461DF0AAF84FF6FF7300
S21401B9D09842014601D1002010BD2046BDE8104026
S21401B9E0FFF7C2B8FF2380F82B30F4E70220F3E715
S21401B9F058680020001F00B0581F00B0F0B51D4663
S21401BA00144B04461B780F46164685B05BB1D0F83A
S21401BA10E030E3B102AAB3F912300092002218F026
S21401BA20CEFC05B0F0BD02A91DF000F99DF8081086
S21401BA303A462046EEF726F8014626B92A4620461B
S21401BA40FFF758FFEDE72046FFF786FFE9E71846C0
S21401BA50E7E700BFEE7C0400D0F89C30012B01D153
S21401BA600020704770B5044665498CB01DF044FC53
S21401BA70D4F8E0600146E58DC4F8E40026B13368E9
S21401BA8013B15B68002B71D122F00FF922F008F98F
S21401BA900123D4F8E4108DF80630B389D6E90120E5
S21401BAA0EB1A9BB200FB03225648ADF8043003683C
S21401BAB000928B4207D020461DF02FF98022524972
S21401BAC0524BC8641A61514D00F052FE0128FBD159
S21401BAD0AB689E06F8D420469DF80620009906AB72
S21401BAE003F0E6F800283ED100F042FE0128FBD123
S21401BAF0464A136FD801FCD493689906F9D4684670
S21401BB0006A903F08DFA054668BBE28D404B5A64E0
S21401BB1094F8243060F3410384F8243000F0EEFFFB
S21401BB20D4F8E0305969431E0E68DBB2FD2B02964D
S21401BB3022D9F31C34D84B68FF2803935ED1012623
S21401BB40DA1C25D8024602A920461DF0FEFAE6B9FF
S21401BB50D4F8543199053FD494F8243043F00203C5
S21401BB6084F8243011E002200CB070BD1A68032A54
S21401BB708AD99B6A5B0E8EE74B6801280393DED059
S21401BB800246204602A91DF0E0FA00200CB070BD66
S21401BB900133204B5B6816D0DA1C23D80393D1E718
S21401BBA01C4B01361B6818BF0126DD1C06D8029304
S21401BBB04B68FF280393C3D00020C3E7FF284B68D8
S21401BBC019D00393C3E7DD1C0FD80246204602A90D
S21401BBD003931DF0BAFABBE720464FF480311DF0FF
S21401BBE03CFCD2E7FF28B2D1E6E7FF28B0D100221D
S21401BBF0204602A9EDE701200393A1E72A46C0E704
S21401BC00FC1F00B0D04E0020001F00B0000002B89C
S21401BC10008001B8A465002010B50C4619B11DF0CE
S21401BC2041FA00B10434204602F0B8FA024B404211
S21401BC30C3F8C80E002010BD001000B0838E70B58A
S21401BC4093420C4615461CD3836C8B4208BF0024D6
S21401BC5022F02BF84FF49C530B490646CA68C2F3F0
S21401BC600362D340DA0702D50B6F9B0304D401228B
S21401BC702946204601F016F8304622F011F8002039
S21401BC8070BD2120FCE700BF000002B82DE9F84F87
S21401BC90064615460B4611B92120BDE8F88F002A45
S21401BCA0FAD0032905D8002201F05EF903460028E0
S21401BCB0F2D01C889978B4F5804F01F0070080F027
S21401BCC0C580A0F1070C1A7993F805A0DF88DCF18E
S21401BCD0000343EB0C0305282B7394BF0023C1F329
S21401BCE00013C1F3801C6B738B0985F810C003F039
S21401BCF00203C1F3C00C43EA0C03C1F340116B7499
S21401BD00A974AF82002A40F0828096F81E31013B6A
S21401BD10DBB2EB74D6F89430DF0600F18380063888
S21401BD2001287FD8B6F81280F76908F1FF38484B2A
S21401BD30083C04EA08045B6D3B5D0134802B0EBFB2
S21401BD406FF07F03323B5BB2AB730023AB6096F8B8
S21401BD50279004EA0804B9F1000F61D1631D03EAD4
S21401BD6008035A1C02EA0802BA5CFB5C43EA022397
S21401BD70D9040FFA83FB4CD5D6F8E43013B11B680F
S21401BD80022B05D841F24D724C210020FEF74EFFE2
S21401BD90D6F8E420CBF30B0392F82420DB000AB19B
S21401BDA0B3FBF2F39A4508D83BB1CAEB0A2ABAFBB1
S21401BDB0F3FA6FEA0A0A5FFA8AF9D6F8EC3023B189
S21401BDC0484695F90E1098478146631C85F80F90F2
S21401BDD003EA0803F95C013303EA0803FA5C01335A
S21401BDE003EA080341EA0221FA5C013303EA080385
S21401BDF0F85C41EA0241002341EA00616A7C304670
S21401BE0003F0D8FA06232860AB71002045E7531EDD
S21401BE107EE717F804904FEA49095FFA89F9CCE7FB
S21401BE209946D2E700230020EB730A4B5A69C2F306
S21401BE300723120448BF63F0FF035AB212F1800FC2
S21401BE401CBF323B5AB2AA730346DCE7022024E742
S21401BE50004000B800C000B838B5148811F00305DA
S21401BE604FEAC40422D13F2C20D9B4FA84F4C4F199
S21401BE701903DBB2052B01D8192C15D0052B28BFC9
S21401BE80052301240633DBB29C40C4F3CF031380A1
S21401BE9003828161448700F02DFF054A631E234318
S21401BEA0C2F8A430284638BD2B46EAE72125F9E733
S21401BEB0001E00B011F5004F1FBF01F30E01044B29
S21401BEC0C1F30E01002014BF99642120704700BF02
S21401BED0008001B8F8B504460E4619B990F824302A
S21401BEE05A063FD44FF6FF73618ED4F8E470994238
S21401BEF004D0314B1B680BB1204698472F4D2B6859
S21401BF00BB424DD02E4B1B683BB11FB13A68002A8D
S21401BF1048D0BF683946204698470727204601F093
S21401BF206BFB002E32D006270126264B94F92820DB
S21401BF3093F900302449C3F11C039B1ACA69DB023A
S21401BF4022F4FF2203F4FF231343CB61D4F8E43039
S21401BF501E4A2B601E4B976720461E701DF0E6F8A2
S21401BF600020F8BD4FF6FF71144DD0F8E4702A6832
S21401BF7066F386139742418680F8243017D0104B1B
S21401BF801B68002BC1D101F037FB072711493B463F
S21401BF90114AD1F8FC1004F1F80003F04DF9C2E79C
S21401BFA00127BBE71746204639469847B5E701F013
S21401BFB023FB0127EAE700BFDC4E0020D04E00201D
S21401BFC0D84E0020FB5E002000C000B8006000B81C
S21401BFD0FC5E0020001F00B0581F00B0054A126822
S21401BFE01AB190F81E1119B91047084602F0AABBFB
S21401BFF001487047CC4E002000FEFFFF344B2DE970
S21401C000F7431C6801F4007900F00103174653EA70
S21401C010090206460D4635D04FF000083BB3002313
S21401C020002200210120CDE9008803F007FB04204F
S21401C03001F02CFE41462046FFF7D0FF0122414683
S21401C040208610461CF01EFDD4F8941004F1F8006A
S21401C05002F010FC1F490868FFF7C0F84FF0FF33E5
S21401C0600B6094F8243043F0040384F82430B9F1CB
S21401C070000F07D0012120461DF0EFF925F40075C9
S21401C08006430D432B4632462046FFF709F9FB07C8
S21401C0900FD51149114A0868002113681160012162
S21401C0A00F4A117003B198470E4B002102205B68BE
S21401C0B0984717F00E0F08D04FF409723B21002065
S21401C0C003B0BDE8F043FEF7B1BD03B0BDE8F083B1
S21401C0D0E04F002094650020E44E0020E84E00204A
S21401C0E0FD5E00208C65002008B54822002102482C
S21401C0F0FDF72CFF002008BDDC1E00B073B57821CB
S21401C1006422A0F8141182210C23C0E94112C0E96F
S21401C1104322C0F8002107224FF0FF35002680F8A1
S21401C12030314FF6FF730446C28700F14C02826439
S21401C1301E4AC385A0F8403080F82C3043864263FF
S21401C140038780F82860C0F8A850458580F82650F7
S21401C15003F03EFC2046FFF7C7FF94F9281020465F
S21401C160FFF76AF9602340F6FF71114A2046D3644F
S21401C17002F11C42D162D1650E4A2946D36440229F
S21401C1800D4B1A67D4F89420FFF7D8F90E23002236
S21401C190CDE9003340F202231046194603F04EFA69
S21401C1A001F0E2F8304602B070BD00BF4000FFFF6C
S21401C1B0004000B8005000B8002002B810B50C4688
S21401C1C0FFF792FFBCB1A378082B16D8E278082AAD
S21401C1D013D843EA021313F0FF030CBF1946616834
S21401C1E0074AC2F8DC10217882F82011617882F8BB
S21401C1F0233182F82111002010BD2120FCE700BF69
S21401C200001E00B0012A10B512D8032B10D803EB7C
S21401C21082020123074C934094F82201DBB221B13C
S21401C2200343002084F8223110BD20EA0303F8E717
S21401C2302120F9E7001E00B0034670B50C68B0F87F
S21401C2403421013408BFD3F800418D6808BF0C6063
S21401C2504C68F830013404BFD3F80C414C606E1CB6
S21401C2603CD1D3F80841CE688C60751C3CD1D3F81C
S21401C27004510E69CD60013604BFD3F8F8600E6133
S21401C2804E69013604BFD3F8FC604E618E690136F3
S21401C29004BFD3F810618E618E695EB35A32B24222
S21401C2A038BF32460E688A6116B15A2E38BF5A26F2
S21401C2B0C3F808414C68C3E94065C3E943420A69CB
S21401C2C0C3F8F8204A690C49C3F8FC20D1F8FC10E1
S21401C2D007230A4A02F0B0FF002070BD02F15A049B
S21401C2E0AC4238BF2C46BEE702F17805B54238BFEE
S21401C2F03546BEE76422D5E7001F00B0581F00B0E0
S21401C30070B521F0D2FC04460B4E00F031FA01283C
S21401C31005D0204621F0C4FC0225284670BDF368EE
S21401C32013F0706FC3F30365EFD1B36ADB06ECD588
S21401C330204621F0B5FCF0E7000002B838B521F040
S21401C340B4FC4FF6FF710A4A13888B4203D121F0E1
S21401C350A7FC0E2038BD074C074D1B046566A4F5E7
S21401C36080546366118021F09BFC0020F2E700BF39
S21401C37056680020006001B80000FFFF2DE9F74372
S21401C38004460F4615461E46FFF732F830B3A38A19
S21401C39023B320461CF08CFC78B9002E40F0F280C6
S21401C3A0794BD3F8D83E03F03002102A00F0EA8029
S21401C3B003F0C003402B00F0E580DFF80082D8F8D8
S21401C3C01430D90740F1DE8021F06FFC06460320C9
S21401C3D001F058FD30B1304621F062FC022003B076
S21401C3E0BDE8F083D8F8142012F00608F3D13046E1
S21401C3F021F056FC644B4FF400612046D3F8D89EDA
S21401C400D3F8AC6E04F0BEF940B14FF400720121CE
S21401C4105E4B08461A6742461CF034FB94F82530FA
S21401C420DA0707D5D4F894305B0542BF4FF40022F3
S21401C430574B1A6739462046FEF796FB524BC3F810
S21401C440D89EC3F8AC6E0028C9D194F8243098065B
S21401C45001D4002D57D0C5F3400003F023FB02237F
S21401C46015F4807F1BBF0021494A484A136717BF4E
S21401C470484A13675161136303F04EFB4FF4806320
S21401C48015F0040F14BF444A444A15F0400F536296
S21401C4904FF004023D4B28461A674FF0400314BF85
S21401C4A03F4A404AC2F88830FEF7C8FE20461CF0D4
S21401C4B029FD38B14FF4807315F0010F14BF344ACB
S21401C4C0324A1367A90647D54FF6FF72B4F84030D3
S21401C4D093420FD0344A3549526E100CC2F3011202
S21401C4E00132B3FBF2F308802B4A2C4930481B0477
S21401C4F048665366003D18BF012594F8243065F35D
S21401C500451384F8243020461CF0CCFDF0B12046BB
S21401C5101CF0F8FCD0B14FF40031204604F032F99B
S21401C520431C03229BB2234801A91CF073FE9DF80D
S21401C530042002F00703052B9DF8053015D11207DC
S21401C5400DD443F480731C4AC2F8B830002003B0FF
S21401C550BDE8F0431CF06BBEFFF7F0FECAE713F030
S21401C560040F09D19DF80630EBE703F03002202ACC
S21401C57005D113F0010FF4E74FF48073E3E79DF85C
S21401C5800630E0E70E202AE7001000B0002002B8CF
S21401C590001002B800400054005001B8006001B815
S21401C5A000D000B800E000B8004001B8566800208E
S21401C5B00000FFFF08400054001E00B000C001B894
S21401C5C02DE9F3410646884615461F4621F06DFBC8
S21401C5D00446032001F056FC38B1204621F060FBEA
S21401C5E00E24204602B0BDE8F081042001F04AFC8A
S21401C5F00028F2D1204621F053FB01232A4641466A
S21401C6003046FFF7BBFE04460028EAD1DFF8C880B3
S21401C6105FB388F8000039463046FEF735FD00283E
S21401C6204CD198F80030012B1CD02022244B1A67DD
S21401C630244BDB6CB3F5817F1FD201201CF038FE42
S21401C64021F033FB204B06461B680193CBB901F062
S21401C65093FC15F0800526D101F0E0FC284603F096
S21401C660F5F925E003F008FABBE798F80030012B4E
S21401C670F8D0002BD9D12124B3E78022134B1A61BD
S21401C680DBE7042001F002FB00230122042001A9BC
S21401C69001F01AFB0028DAD103F056FA21243046BD
S21401C6A021F0FEFA9DE70022094B9A6701F0B6FCDD
S21401C6B0084B01215B6800209847F0E7044690E7A5
S21401C6C0001002B8001F00B0D44E0020000002B8CF
S21401C6D000C001B88C650020FA5E002008B50C4B3E
S21401C6E0D3F84C114B1C12D011F080410FD1094BDD
S21401C6F01B6813B10320FEF70BFE4FF080624FF468
S21401C7000071054BDA67054AD16201225A6108BDFC
S21401C7100080E00FE04F0020001002B8004000B893
S21401C7204FF40022034B186F03F500531A67C0F34A
S21401C730C0407047000002B8024B586900F0010083
S21401C740704700BF00C001B8084B5A69D10707D52A
S21401C75008B901F077BA5B69DA0706D401F064BA62
S21401C7605B69DB0701D40028F8D1704700C001B827
S21401C7700F4BDB68C3F30363013B0B2B0FD8DFE8DA
S21401C78003F006060C06060606080A080808022034
S21401C7907047042070470520704703207047054BFB
S21401C7A05B6913F0060F0CBF01200420704700BF21
S21401C7B0000002B800C001B8094AD368C3F3036396
S21401C7C00B2B08D06FF49050184100F0010080F058
S21401C7D0010040007047106F10F48030EDD17047B3
S21401C7E0000002B80C4AD368C3F30363062B07D8CC
S21401C7F0042BD8B20BD8C31E58425841400070478C
S21401C800072B06D1D2F830010028ECD17047022060
S21401C81070470020704700BF000002B8094BDB6874
S21401C820C3F303639A1E012A8CBF00220122012B47
S21401C83002701EBF4FF4026222FA03F303F00103F3
S21401C8400B707047000002B8094AD368C3F303634C
S21401C850032B01D0072B08D1536FDB0605D4906F4D
S21401C86080F00800C0F3C00070470020704700BF8A
S21401C870000002B8024B002219681CF0F4BB00BF8E
S21401C8808CA50400024B1B6803B11847704700BF14
S21401C890004F0020024B1B6803B11847704700BFCA
S21401C8A0FC4E002010B5FF224FF6FF7104461CF027
S21401C8B0FCFB68B9FF224FF6FF7120461CF006FC10
S21401C8C030B92046BDE81040FF2202491CF010BCDA
S21401C8D010BD00BF30A504002DE9F0411C46184BE1
S21401C8E005461E680F46904646B1306801F01CFEAC
S21401C8F0F3681BB1B368186801F016FE114B1B688C
S21401C9002BB1DA681AB19B68186801F00DFE9DF824
S21401C9101830640744EA08425B0503F0BC6342EA48
S21401C920C7621A432846084942F4C87203F016FF44
S21401C930002228461146FFF781F90020BDE8F08164
S21401C94088A504008CA504009007E12D08B5FFF723
S21401C9507BFF88B1094BDA6912030DD5186F10F405
S21401C960003009D19B6F13F0100F4FF010030CBF6E
S21401C970034A044A936708BD0220FCE7000002B898
S21401C980001002B8002002B838B50446F8B1124AC1
S21401C990D3691B031DD5556F104BC5F38115032DA8
S21401C9A0B3F8B4300DD10822083B9BB221460C489F
S21401C9B01CF030FC0020084B25729B6F1B0A63722B
S21401C9C038BD022D05D1023B2A469BB2EEE7212057
S21401C9D0F6E70220F4E700BF000002B8001E00B030
S21401C9E038400054431EDBB2FD2B14D9FF280B68D8
S21401C9F001D14A68134313F0802F1EBF42F2010291
S21401CA00074BC3F8282251F82020054BC3F85022C3
S21401CA10C3F8542270470128F5D10023E9E700BF87
S21401CA20004001B8F0B585B06D460E460F4B07467F
S21401CA3014460FCB85E80F000D4BD3F84802009043
S21401CA40D3F84C2201923EB1631EDBB2FD2B0AD90C
S21401CA503060FF2C00D172602246294638461CF011
S21401CA6074FB05B0F0BD012CF4E700BF38A5040047
S21401CA700080E00FF0B585B06E460D4B07460D46BB
S21401CA800FCB86E80F0000F039F83146044602461F
S21401CA9038461CF0D3FC4DB140B9FF2C1BBF04AB8C
S21401CAA003EB8404009B54F8103C2B6005B0F0BDEA
S21401CAB038A5040030B50C4B0546187085B0082320
S21401CAC080B90A4AC2F8FC3351B96C46084B0FCB01
S21401CAD084E80F00074B2A4621461868FFF7A2FF95
S21401CAE005B030BD044AEDE7D2680020001002B858
S21401CAF048A50400E04F0020002002B8014B18783A
S21401CB00704700BFD2680020124BD3F8E020D20352
S21401CB101ED54FF480321049C1F8E020A1F58051AE
S21401CB20C1F8EC201A6CD1B2C2F30722C3F8801008
S21401CB30C3F880200422C3F880200022C3F8802096
S21401CB40C3F88020C3F88020C3F88020C3F8802073
S21401CB50704700BF0040005400600054F0220A4BAA
S21401CB6001219A64A022A3F580539A64074B826C34
S21401CB70C3F8C010FC21C3F89810C3F89C204FF4EA
S21401CB800052C3F8BC207047006000B80040005453
S21401CB90F8B50D461746064621F087F8012304210D
S21401CBA0084C094A2363A760E6602561C2F8E010D5
S21401CBB0064AC2F8843121F073F80DB102232363CB
S21401CBC0F8BD00BF004000540060005400E100E0E2
S21401CBD00222024B58611A63704700BF004000549E
S21401CBE00122044B1A6640F6FF729963D863DA6530
S21401CBF0704700BF004000542DE9F04F042A054657
S21401CC000B4683B039D901260978141F81615A78F9
S21401CC1003F1040982619A788261DB788361036893
S21401CC20D0F808B003F0070306339E4006F1FF3A3A
S21401CC300AEA0B084768A6EB0802944247F0005739
S21401CC400ED84946224607EB0800FDF70FFB46EAD9
S21401CC500A0604EB0B023240AA6003B0BDE8F08F6F
S21401CC60494607EB08000192FDF700FB019A38469A
S21401CC7009EB0201A21B4244E7E7013A032AECD87A
S21401CC80DFE802F00B08050213F8012B826113F8A6
S21401CC90012BAA6113F8012BAA611B78AB6103B0C3
S21401CCA0BDE8F08F38B50C46154601460F4B60B10E
S21401CCB001220F48C3F8C0202246FFF79DFF1DB191
S21401CCC004220A4BC3F8C02038BD64B1D3F8A420AF
S21401CCD0A24284BF0122C3F8C0200222C3F8A040AA
S21401CCE0C3F8C020EBE70122FAE700BF004000547A
S21401CCF09840005438B5044620F0D7FF01211A4A5F
S21401CD00638F054611663BB3B3FA83F3C3F1190388
S21401CD10DBB2A069C2F8901093660723D066C2F80A
S21401CD208C304FF4A02302F50052C2F8E030A2F591
S21401CD308052C2F8EC3000220C4B1A600C4B1B6F71
S21401CD405B0209D54FF480020A4B04F1F8001A671A
S21401CD50D4F8941001F08EFD4FF4E0232846E363E7
S21401CD60BDE8384020F09CBF00400054044F00202E
S21401CD70000002B8002002B82DE9F84305460C462B
S21401CD80B1B1D0F81880478F20F08FFFB5F83CC0BE
S21401CD90791E01EA0C0323F00702032C0646DFF88E
S21401CDA0F8E042445CD1DEF8004024B920F078FF78
S21401CDB00E20BDE8F88324F00104DEF8000020F020
S21401CDC00100A04251D10023CEF8003023889442BE
S21401CDD06FEA43436FEA534323803CD1EB8F08EB62
S21401CDE007091846083880B202F108044C4528BFE6
S21401CDF04446082804D9B4F800E0BEF5804F3ED278
S21401CE0063440F431B1A3B409BB2AB87E8871188EC
S21401CE1094781C4AC1F30C0151645367C2F88C0024
S21401CE204FF48022184B04F00704C3F8E0200122D7
S21401CE30164BC3F88421FFF767FE042C0BD14FF481
S21401CE408002134B05F1F8001B6F124B1A67D5F8D9
S21401CE50941001F00FFD304620F022FF0020A8E7D5
S21401CE60601E012898BF1446A7E7E88F4344E31ADB
S21401CE7048BFDB1908389842A8DC304696E72246B8
S21401CE80B0E700BF004000540060005400E100E03D
S21401CE90000002B8002002B8044F0020144B10B561
S21401CEA01968CA8F8B8F488F13440138073B8C69EA
S21401CEB0034023F007031C4402F108030D4A9BB20A
S21401CEC0CB87C2F88C304FF480220B4BC3F8E0209E
S21401CED001220A4BC3F88421A07800F00700042839
S21401CEE003D1074AD3681B03FCD4064B1C6010BD54
S21401CEF0E04F0020004000540060005400E100E0D4
S21401CF00000002B8044F002010B5064C216839B164
S21401CF10CB0703D4044B1868FFF72EFF00232360CA
S21401CF2010BD00BF044F0020E04F00204FF48032B8
S21401CF300B4B0C49C3F8EC20A3F50053C1F8E020D5
S21401CF40D3F888109A6E012302F007020632934046
S21401CF50C1F30C01083B994201D8FFF7D5BD7047D4
S21401CF6000600054005000542DE9F04780460C46FE
S21401CF7016468769458F20F098FEB8F83C2005F1E3
S21401CF80FF3C02EA0C0323F00701032C82463944D6
S21401CF90B8F83E0019D1494C24689CB90244073AB6
S21401CFA002EA0C0222F00702BC183B44E31A48BF0F
S21401CFB05B19834210DB504620F072FE00242046A7
S21401CFC0BDE8F08724F00104EFE7012C02D0022C23
S21401CFD0EBD108380C46E8E7002E3DD08C423FD115
S21401CFE0374AD2F844903649B8F81270D1F88820FA
S21401CFF0C2F30C02934247DA2588B5F5804FDAD2A0
S21401D000A378C5F30C0503F007037A1EA5EB090503
S21401D0103A43052B337005EA02052DD82DB2E843B5
S21401D02040F241420421C00FFDF700FE7580E3780F
S21401D0303374D8F81C207B1E03EA0903D118B160AB
S21401D040A9B213FA85F5AF422FBF0023FF1AB780A6
S21401D050F26024BFB180F360504620F021FEAEE7B7
S21401D060A4F10802974284BFED0802EBC502B2F8AC
S21401D0700090C9F30C09B6E7124B5B6D003B18BF75
S21401D0800123A5EBC305C9E70B6C7A1EA3EB0903C5
S21401D0903A431A400C4915B2002DCB680BDCC3F39A
S21401D0A00363D81E43424341DB0033708B6F7280AB
S21401D0B01B0A3374BDE70823F7E700BF044F0020BF
S21401D0C000400054004000B8000002B8054BA822FA
S21401D0D0D3F84C013121431C0CBF0120C0F38070F2
S21401D0E0FDF7A4BD0080E00F38B5094D0446286859
S21401D0F040F69702003818BF01202B21FDF796FD58
S21401D100FA235C432B680A20B4FBF3F4604338BD72
S21401D110384F0020174B30B51A68431C164B22D0E7
S21401D120B2F1407F1FD3154D00F03F04D5F8002122
S21401D13022F03F021443C3F8C84001F03F042243E3
S21401D140C3F8D020D5F804310D4A1A400D4B03EA36
S21401D150500003EA510110431143074BC3F8CC00BA
S21401D160C3F8D41030BD00200146C3F8C800C3F888
S21401D170D000F2E70080E00F001F00B0000002B808
S21401D1801FF087E1E0FFFF7F73B5574E0446317805
S21401D19019B91C225548FCF7D9FE2378544A6188F0
S21401D1A0137051804FF0FC62524CFF21C4F8FC20F2
S21401D1B04FF47F02C4F808214F4A022B4F4D1170DD
S21401D1C033D1042307224E49C4F8FC23C5F8FC33A7
S21401D1D0C4F800114FF4C071C5F80011C4F8FC235F
S21401D1E04FF48052C5F8FC33C5F870214FF4005255
S21401D1F0C4F87021C4F808314FF4FF13C4F8FC30AA
S21401D2004FF4BB13C5F8FC308023C4F8703148F2E4
S21401D210C8023C4BC3F8D8203B4B3C4A0020C3F81D
S21401D220C02F0123337002B070BD394A012BC4F8F8
S21401D2300021384B27D14FF4C072C5F80021D3F82E
S21401D2403802D3F83C12FFF765FF0723C4F8FC3316
S21401D2500223C5F8FC334FF48053C5F870314FF400
S21401D2600053C4F870310423C4F808310DEB0300F1
S21401D270ECF740FB9DF80530023B012B9CBF802359
S21401D280C5F87031C3E7244AC5F80021D3F8300247
S21401D290D3F83412FFF73EFF0723C4F8FC3301230B
S21401D2A0C5F8FC338023C4F870314FF4805301A8CD
S21401D2B0C4F87031ECF71EFB9DF80530012B05D143
S21401D2C09DF8043053B948F25D1309E0FBD9023BDF
S21401D2D0012B9CBF4FF40053C5F8703148F2581328
S21401D2E0084AC2F8D83097E7FE5E0020C41F00B097
S21401D2F058680020002002B8D6680020001002B846
S21401D300C0F10F00001F00B0001000B00C4F00204D
S21401D310C0F70F000080E00FC0F60F00034B1A683D
S21401D32002609B8883800020704700BF58680020F9
S21401D33010B5044601F026F80A4BD3F8F83724B99D
S21401D34083F40023C3F3C04010BD012C05D113F4B0
S21401D350C02F0CBF01200020F6E7A31E58425841FB
S21401D360F2E700BF000002B86FF07F42154BD3F81A
S21401D370FC37934208D0144A03F03F031370F1239D
S21401D380124A1370124A13701249134B09781A681D
S21401D390A9B1B2F1A06F12D3D3F850120F4A104BB5
S21401D3A0B1F1FF3F18BF13460E4A136041F66A02F9
S21401D3B00D4B1B68B3FBF2F30C4A13607047084B26
S21401D3C0F2E700BF000002B8D7680020D868002046
S21401D3D0D9680020D56800200080E00F5082E00F59
S21401D3E06CA50400084F0020544F0020384F002041
S21401D3F0012807D0022802D030B100207047034B25
S21401D40018787047024BFBE7024BF9E7D768002014
S21401D410D8680020D96800200023F0B590F8304184
S21401D42085B002462046CDE90133CDF80B30FFF733
S21401D430DFFF92F82B30411EC9B28B4228BF0B4644
S21401D440002C3CD0012C38D1042418464FF00F0C88
S21401D450384E0DEB0405B0FBFCF7F75D013CC01B35
S21401D460C0B2814238BF00206055002CF3D105249C
S21401D4700F278DF80830B3FBF7F0305C0344DBB2BE
S21401D4808B4228BF0B462B5501340B2CF3D10F26AC
S21401D49002F1A800D43215F8013BB3FBF6F14C1C9F
S21401D4A0C1EB01115B1A0133DBB2E4B21B0443EAA0
S21401D4B0045340F8043F8242EDD105B0F0BD042488
S21401D4C018464FF00F0C1C4F0DEB0406B0FBFCF595
S21401D4D0EDB27D5D013C401BC0B2814238BF0020E9
S21401D4E0A055002CF2D105240F258DF80830B3FB8A
S21401D4F0F5F0385C0344DBB28B4228BF0B4633554C
S21401D50001340B2CF3D10F2502F1A804D43216F8FE
S21401D510013BB3FBF5F1481CC1EB01115B1A01336A
S21401D520DBB2C0B21B0443EA005344F8043FA242F4
S21401D530EDD1C2E765A5040058A5040038B5284B0F
S21401D54005461A7827490C2A02D1FF20087038BDF3
S21401D55010461BF09CFE04461046FFF749FFA84202
S21401D56028BF2846C0B2A04238BF20460B78C0B2BA
S21401D5708342ECD0087088B1431EDBB2022A1A49F6
S21401D5800ED14FF0FC62C1F8FC20A1F50051D1F894
S21401D590FC2042EA4353C1F8FC30D8E70346EDE7E6
S21401D5A0124A134C1268AC32C4F8C02F4FF47F02F3
S21401D5B0C1F808210F49CA6FD202C8D40F22B3FBA3
S21401D5C0F2F2551CC2EB02129B1A0133D1F8084144
S21401D5D01B0443EA05532343C1F80831B7E700BFEC
S21401D5E058680020D6680020002002B8E04F0020CE
S21401D5F0001000B0000002B82DE9F04F90F830514D
S21401D6000646D0F8A82087B035BB1F2A38BF1F2290
S21401D610093A4C24844B85481B6A96F82B10C3F3B1
S21401D6208213DC400368DFF82CA29342DFF82882DD
S21401D6307F4B04F0010414D11F78A74211D19AF848
S21401D6400070AF420DD17B4F3F788F4209D1B8F8B9
S21401D650040007B0BDE8F08F032A38BF0322023A60
S21401D660D7E7026098F800001C70FFF7C1FEFF299B
S21401D67024D128461BF00BFE07466F493CB3D6F86B
S21401D680E4702FB13B68082B40F2CB8097F83870D6
S21401D6901DBB0B6840F27121B3FBF1F35343192212
S21401D6A0B3FBF2F339462A4605A805931BF0C5FDE0
S21401D6B002023C04059842F0110988E0471E8F4299
S21401D6C028BF0F46012F38BF0127FFB2D5E7012D2E
S21401D6D029D0022D01D0B5B327460B6840F271213F
S21401D6E0B3FBF1F353431922B3FBF2F3394601229C
S21401D6F007EB072405A8059307EB04241BF09DFD03
S21401D7007F00032F38BF0327020242EA001242EAD3
S21401D7100009033F00F01F0007FA00F0FFF7E4FCE2
S21401D72000F5FA6758E00F23B7FBF3F3581CC3EB79
S21401D7300313FB1A0133DBB2C0B21B0443EA0053E6
S21401D740C3F30747C9E70C6840F27121B4FBF1F453
S21401D7500F2354431922B7FBF3F3B4FBF2F4374813
S21401D760374A0068A2FB0412013350FA83F313F818
S21401D770013C0392A3F140012A4603A801931BF042
S21401D7805CFD039F2F4AE41BA2FB0412009030218C
S21401D790049204A82A461BF050FDDDF810B081461D
S21401D7A0A4EB0B0401220594102144F2100405A8F1
S21401D7B01BF043FD009B1A02019B42EA091244EA50
S21401D7C00344059B42EA000907EB0B001844FFF7E8
S21401D7D08BFC00F50C57283740F6FF711A4B38467C
S21401D7E0C3F8C010A3F58053C3F8C090A3F58053C7
S21401D7F0C3F8C440154C276001F0B0FC4FF47A72B0
S21401D800134B4042986523680A49B3FBF2F3A8F824
S21401D810043096F82B30B7FBF2F08AF800500B7004
S21401D82017E7002734E700BF004001B89C650020D9
S21401D830FF5E0020D3680020544F0020084F0020D0
S21401D84069C2F568911E856B006001B83C4F0020E7
S21401D850001F00B0D468002058680020014B1870E3
S21401D860704700BFD568002010B5044603F012F8D3
S21401D87078B1174B1B786BB964B1164B1B784BB15B
S21401D880154B1B78013B012B04D84FF40042134B78
S21401D890DA6710BD124BDB6F1B04FAD420F005FAD1
S21401D8A04FF400420F4B0446DA67A3F5A0435B68CA
S21401D8B02BB1FEF741FF10B102201BF0F9FC02224A
S21401D8C0094B2046BDE81040C3F8842420F0E8B98F
S21401D8D0005F0020015F0020404F0020002002B8BA
S21401D8E0000002B8001002B800D003500122024B1B
S21401D8F000201A70FFF7B8BF005F00200022024B1D
S21401D90001201A70FFF7B0BF005F0020F7B506468A
S21401D910504C00F037FD504B2578504F1E7085BB9C
S21401D9202846FFF7A1FF2378013B012B19D8E37B9B
S21401D93001A88DF80430237C8DF80530E9F77EFCCC
S21401D940C7F884544FF6FF72454BC3F88420F8227B
S21401D950A3F58053C3F884200022404BC3F88424E7
S21401D9600DE04FF6FF723E4BC7F88454C3F884208F
S21401D970F822A3F58053C3F88420C7F88454394BA2
S21401D9805BE00020FFF770FF2378013B012B08D8EE
S21401D990E37B01A88DF80430237C8DF80530E9F788
S21401D9A04DFC0023C7F88434002ECBD062685AB3EE
S21401D9B02D4B1B6803EB5203B3FBF2F3013B1B0237
S21401D9C043F0F80326782649022E284A1ED0032E55
S21401D9D04FF6FF75214826D0012E34D143F00203BD
S21401D9E0C1F88450C2F884300723C0F88434E37B3E
S21401D9F001A88DF80430237C8DF80530E9F7F2FB99
S21401DA000120FFF731FF17E0F823DBE74FF6FF7041
S21401DA1043F00103C1F88400C2F8843006220F4B9C
S21401DA20C3F88424E3E743F00503C1F88450C2F841
S21401DA3084300423C0F884340D4B4FF0804200201C
S21401DA40DA6703B0F0BDC1F88450C2F88430002311
S21401DA50F0E700BF404F0020015F002000C00350E8
S21401DA60006000B8002002B8544F0020005000B8F3
S21401DA70001002B8F0B5294F06463D4604460FCEC3
S21401DA800FC5336885B02B6000F07CFC0022244B68
S21401DA90C3F88424A17A627A42EA0142C3F8902448
S21401DAA0217CE27B42EA0142C3F88C24217B627B23
S21401DAB041EA0240C3F888043B78032B2AD8DFE802
S21401DAC003F022020C178DF8041004218DF80520AE
S21401DAD00DEB01000022E9F751FBE37B00228DF8F4
S21401DAE00830237C042102A88DF80930E9F746FBAB
S21401DAF0637A01228DF80C30A37A042103A88DF8ED
S21401DB000D30E9F73BFB074B187805B0BDE8F04050
S21401DB10FFF7FCBE212005B0F0BD00BF404F00203E
S21401DB2000C00350015F0020034BDB6F002BBCBF1E
S21401DB30024BC3F888007047000002B8004000B8E6
S21401DB402DE9F0471BF018FC4FF47A762D4BB0FB0D
S21401DB50F6F618604FF4FA73734307462A48190E0F
S21401DB601B021818294A4FF0000341F10001FBF788
S21401DB7081FE274BA0F5807205461A6320B948221C
S21401DB802B21FDF753F801254FF47A724FF0000A66
S21401DB906A43534650083102FBF76CFE1C4B1D4A84
S21401DBA0B7F57A7F9A601C4B4FEA056819601B4BE4
S21401DBB08946044618604FEA152505D29B222B217B
S21401DBC05046FDF733F801264FF47A73A8FB03019C
S21401DBD003FB05117308C01841F10001002332460A
S21401DBE0FBF748FE0E4B023419600E4B49F1000953
S21401DBF0A408186044EA8974054B013C9C63BDE89F
S21401DC00F08700BF544F002020A1070040420F00BC
S21401DC1000C001B802110100644F0020604F0020CF
S21401DC205C4F0020584F00201022044BC3F884217B
S21401DC305A600122024BDA60704700BF00E100E043
S21401DC4000C001B81022064BC3F88421C3F8842013
S21401DC50BFF34F8FBFF36F8F0422024BDA6070471A
S21401DC6000E100E000C001B810B50446A242A2EBF4
S21401DC700000A3EB010104D2034B01399B6B013376
S21401DC80184401F0030110BD00C001B838B50125E4
S21401DC900A4B02019D504FF480730446084A8340A4
S21401DCA0536620F002F8074AA540137823EA0503D5
S21401DCB01370BDE838401FF0F3BF00BF00E101B8A4
S21401DCC000E001B80A5F00202DE9F84F1646054628
S21401DCD08A461F461FF0E9FF022E00F0908080461C
S21401DCE01FF0F0FF594B5A4AD3F82090147D5A6E14
S21401DCF0E4B2520744BFD3F82090013404F0030481
S21401DD001FF0DBFF4846214600F036FA8446DAF873
S21401DD100000012E04BF01306044ACEB000C08BFCC
S21401DD20CAF80000BCF1804F7DD300F037FA814578
S21401DD30A1EB040188BF454BDFF834C188BF01F170
S21401DD40FF3101F0030188BF9B6BA0EB090E0CF8B5
S21401DD500510A1B1F90742BF41F61F723D4B5A6744
S21401DD60BA0742BF3B4B3C4A5A677B0742BF002279
S21401DD70364B9A673C0742BF0022344B9A65112402
S21401DD804FF0010A314B05F11002120103EB051B9E
S21401DD90CBF80C0131499C501A6A0AFA05F4586E00
S21401DDA00B78A2EB0902E4B2234372450B7025D32C
S21401DDB04FF48073AB40034220D11CF80520002AA3
S21401DDC040D10EB3264AF807536607D541F61F71B0
S21401DDD040F201101F4B596750675967B90706D5BE
S21401DDE01C4B1D4A1E491F485A6748675A677A07DF
S21401DDF042BF01221C4B1A613B071AD440461FF052
S21401DE004FFF0120BDE8F88F184A2D0142F805A002
S21401DE1042F89C3C1FF049FF10490B7823EA0403A3
S21401DE200B701FF03DFF40461FF03AFF0020BDE893
S21401DE30F88F2120FFF778FE4FF48032034B4046DF
S21401DE40DA60DCE7064A40465366D8E700C001B808
S21401DE50C44F002000E001B800001F1F0A5F002029
S21401DE6000D001B800000101000002B800E101B8CD
S21401DE70025F0020024B1878003818BF0120704757
S21401DE800A5F0020034B10300001185800F0010013
S21401DE90704700BF00C001B870B50646FEF74CFCDF
S21401DEA0044608B1FFF7CEFE0023084D3046AB61AD
S21401DEB0EB612B6200F072F9054BC9B21975286245
S21401DEC00CB1FFF7B1FE002070BD00BF00C001B865
S21401DED0C44F00202DE9F0419DF818800D46B8F199
S21401DEE0000F08BF0022214EB5F5803FB1680746F6
S21401DEF021F4700141F4A001B1609DF820409DF825
S21401DF001C104FEA042444EA016444EA031444EA78
S21401DF10084444EA02044FF0180140F2E9222CBFFB
S21401DF20002001207465FCF781FE3564B8F1000F0E
S21401DF301AD00F4BBC68D3F888305A2C38BF5A24F5
S21401DF405B0606D500F0F0FB18B10A4BB3FBF0F305
S21401DF501C44204600F022F90130854238BF0022D9
S21401DF60024B34BF5A645864BDE8F08100C001B862
S21401DF7000C000B800093D00214B10B51A6E1A66A4
S21401DF80596C59B11F49C96800292EDB596D4FF0EC
S21401DF90FF3301F00F018B409A4326D11024202035
S21401DFA0FFF7C2FD184B9C6002F088FB2022174B3E
S21401DFB0C3F8842101F0F4FC48B1002200200821B6
S21401DFC0FEF71CF8124B5C66A3F580531C670D4ADE
S21401DFD0D36803F07063B3F1807FF9D9084B0D4A1B
S21401DFE05A6741F201429A6710BD01F0D9FC002838
S21401DFF0F4D0094B064A5366A2F580521367EDE743
S21401E00000C001B8000002B8001002B800E100E04C
S21401E01000E001B8011B01181000002008B52120FE
S21401E020FFF782FD4FF48032014BDA6008BD00BF76
S21401E03000C001B8F8B5184D04462B6A1B0426D556
S21401E04000F0E6FB2B6AA0FB044613F0787F4FEA4C
S21401E0509367C3F34450C3F3044505D140F25A42D3
S21401E0602B21FCF7E3FD0120AD01B5FBF0F010EB31
S21401E070871005D140F25F422B21FCF7D7FD012026
S21401E0800246002320463146FBF7F4FBF8BD00F0BC
S21401E0904BFBA0FB0401F9E700C000B802460120D3
S21401E0A030B50B4CA0F12003C0F1200524FA05F58C
S21401E0B004FA03F32B4304FA00F595428B4100D38F
S21401E0C030BD0F2801D00130ECE7FF20F8E700BF94
S21401E0D040420F0010B50C46FFF7ACFFC30943EAF8
S21401E0E04163C01A61EBD111FFF7D8FFFF2814D0A6
S21401E0F00F220C4B40F01000C3F88820A3F5805384
S21401E100C3F88800A3F580531B6ADBB2802B06D0C8
S21401E1102046BDE8104000F067BB212010BD02205C
S21401E120FCE700BF00E000B838B51FF0CBFD084B98
S21401E130084A1D6A147D5A6EE4B2520744BF1D6A2E
S21401E14001341FF0BAFD284604F0030138BD00BFB4
S21401E15000C001B8C44F00200346064A103302EB44
S21401E16000111B01D1F80C01D158C1F340011BF07D
S21401E170AAB800BF00C001B8064B1B68434303EBB7
S21401E1808171054B1B68A3FB003013F1004341EB83
S21401E190000070475C4F0020584F00200C4A20F0CA
S21401E1A04043014610B5002014684FF00042E4FBDE
S21401E1B00320084A890F126802FB0300064B9B6B7B
S21401E1C0984204D901330131C01A01F0030110BD90
S21401E1D0604F0020644F002000C001B8044B01F0DE
S21401E1E0F071103041F0030100011950704700BF73
S21401E1F000C001B808B52220FFF796FC4FF4802234
S21401E200014BDA6008BD00BF00C001B808B5064B77
S21401E2104FF030401A6805499200FCF727F8BDE830
S21401E220084001F0E3B800BFA8A50400ACA50400AF
S21401E23070B50C68651C15D0C4F302669E42C4F323
S21401E240074530D1A4B294422DD804EB8506B242DC
S21401E25029D2141BA50824F003040E59340F04D048
S21401E260012C08D00022212402E06B1C51F8232047
S21401E270C0E9002470BD0E4C34F8133042EA034363
S21401E2801A686B1C51F8234001EB83014B6822404E
S21401E2905E4036F0704404D11B0F032B04BF8B681D
S21401E2A01A430024E4E7013501EB8501C1E700BF0D
S21401E2B080A5040007B501A8EBF71CFB4822164B06
S21401E2C05A65164AD2F8D43023F4FC33C2F8D43057
S21401E2D0134B1B689DF80530023B012B19D84022D1
S21401E2E0104BC3F8FC23104BD3F85C32DBB2FF2B88
S21401E2F000D10623094A1B03D2F8FC139BB20B4339
S21401E300C2F8FC33D2F83021084B1A6003B05DF82E
S21401E31004FB00F0E7FEECE7008001B8000002B85D
S21401E320002000B0001002B80080E00FF84E002078
S21401E33000224FF400710F4B10B51A675A679A679F
S21401E3400D4AD162012102F5E8325161DA6812F014
S21401E350706FFBD14FF0304201245A6602F5FC5231
S21401E36008329C66DA64054B1B689847044B5C616F
S21401E37010BD00BF000002B8004000B8A065002034
S21401E380002002B801230F4A0F49C2F880328A6A78
S21401E39022F002028A620D4A53600D4A53600D4A0A
S21401E3A05360A2F580425360A2F54042536002F5E5
S21401E3B0C032536002F580425360A2F500425360BA
S21401E3C0704700BF0080005000C0005000D000B869
S21401E3D000500054005001B808B5FFF7D3FF0E4BAC
S21401E3E00E4ADA6700F076FEFFF764FF03220C4B55
S21401E3F0C3F8E020012203F54043DA674FF4607268
S21401E4005A614FF40072DA67FEF778FBBDE8084000
S21401E4100021FEF74FBB00BF000002B80048F00025
S21401E420005001B82DE9F04F054687B002900F461F
S21401E43057F8044B631C06D1029B2C60E81A801027
S21401E44007B0BDE8F08F5FEA147B18BF0123344A9A
S21401E450C4F3016108BFC4F3074332F81120A4B224
S21401E4604FEAC30A2F4844EA02440AF104022A4446
S21401E47082421BD20722CA4002F0010201929A0090
S21401E48004EB830303930123B94603FA0BF808F060
S21401E490940305F1080604920593039B09F1040908
S21401E4A0A34208D1049955443944C0E71D4A954210
S21401E4B0E0D80020C4E7059B53B918F0420F19D1E4
S21401E4C018F0280F0BD146F8084C59F8042C21E017
S21401E4D04FF4206232210020FCF7A8FBF3E740F658
S21401E4E0042232210198FCF7A1FB04F5805246F87C
S21401E4F0082CEAE740F60D2232210198FCF796FB3C
S21401E50004F50052BBF1010F46F8082CDDD159F88D
S21401E510042CD24346F8042C04340836BDE700BF69
S21401E52080A50400003000B0F8B50546F0B100261D
S21401E530154B34461F46154953F8042BBAB9A000AB
S21401E54000F13040294600F50150FFF76BFF30B966
S21401E55040F6AE323621BDE8F840FCF767BB0C4BFF
S21401E5600134044447F8265023F81640F8BDAA4261
S21401E570FCD001360C2E02D031F81640DCE740F60E
S21401E580C83236210020E6E7684F0020AE5700204B
S21401E590B057002070B50446A8B1C1B1384A52F848
S21401E5A0043B984215D1002336498A689206FCD46A
S21401E5B09B00354A03F1304303F50153C2F8B030EE
S21401E5C02022324B9A6070BD01330C2B02D1304DA4
S21401E5D012E0012352F8041BA142F5D12D4A32F86C
S21401E5E01330E1E704D16268C3E90012083403E09E
S21401E5F0012A01D1043419602268531CE3D0C2F306
S21401E600016335F81300110C93B211F0FE0F43EAC3
S21401E610004360680DD00434CAB2022A2168E1D9E9
S21401E620D4E90160033AC3E9001698600C340C3350
S21401E630F3E7120F072AD9D8DFE802F00704090D1D
S21401E6401013181DC04303F500531860CEE71A686F
S21401E65042401A60CAE703F58053F6E71AF028FE2F
S21401E660C4E7012203F580538240F2E7012203F555
S21401E67000538240EDE71A6830EA0202FBD1B5E7A3
S21401E680684F0020000002B8001E00B0001002B85B
S21401E69080A50400AE5700200122014BDA677047BF
S21401E6A0001002B80122014BDA677047002002B859
S21401E6B04022014BDA677047002002B84022014B26
S21401E6C0DA677047001002B80B4B1B68D3F8E430CA
S21401E6D023B11A68022A01D9186A7047074B9A6D46
S21401E6E090B238B1064BC2F307421B68DB085343AE
S21401E6F0B3FBF0F0704700BFE04F0020004001B8C8
S21401E700544F0020064BDB68C3F30363984206D1DF
S21401E710044AD36B23F0F00343EA0111D163704737
S21401E720000002B8001F00B0054B1B68D3F8E430A8
S21401E73013B11A680A2A01D8FFF7C6BF186C7047CA
S21401E740E04F00202DE9F74306461AF0AAFD002403
S21401E7508046DFF890901FF0A8FA0DF107010546F4
S21401E7600DF10600FEF75AF89DF806308BB9721CBB
S21401E77029D01AF096FDA0EB080428461FF090FA5F
S21401E7809DF8063013B99DF807303BB3A642E2D890
S21401E79024E0D9F80C3013F4603FE8D0D9F8100023
S21401E7A01AF0ECFD731C074603D01AF07AFDA0EBB5
S21401E7B0080428461FF074FA17F5007FE0D03846A3
S21401E7C003B0BDE8F08328461FF06AFA9DF80630CC
S21401E7D0002BC0D19DF80730002BBCD1004FEEE7CF
S21401E7E000FEFFFF00C000B810F1800F04D04D28D6
S21401E7F0CEBF7F20323040B2FF22044BC0B21A6235
S21401E800A3F5805318620020704700BF00E000B8EF
S21401E8100B4A10B5136E0B4C116E03F00703E35C45
S21401E820C1F3CD0101FB0333126E0748C2F3454223
S21401E83002FB033300688001B0FBF3F010BD00BF9C
S21401E840004001B878A50400544F0020084910B5CF
S21401E850D1F89C3040B11C46CA68D1F89C309C4225
S21401E860F9D1C2F30362027003F00F0010BD00BFBE
S21401E870000002B8094B01F080011B6F03F480030E
S21401E8800B4309D14FF40012054B1A62837F1BB16B
S21401E8900122044BC3F80021704700BF000002B8F4
S21401E8A0006001B8005001B82DE9F04F404F804696
S21401E8B085B038680C461AF0FBF920B900242046CA
S21401E8C005B0BDE8F08F224600214046FBF73EFB2F
S21401E8D0384B5D6915F00105F0D1FCF701F80646E5
S21401E8E00028EBD03F6838461AF01AF94FF6FF7346
S21401E8F0984234D04FF060512F4E304B304AD3F807
S21401E9002090D6F88C3011624FF00061A2F580524B
S21401E910116224220421C6F88C202A4A4FF4804B27
S21401E92091604FF480520027DFF8A4A0CAF868B0BF
S21401E930F262A7421ED30421234A9160A2F5F03267
S21401E940C2F88C304FF060521D4B1A6209EA02037E
S21401E9501E4A13624FF480421D4B9A66AFE731465A
S21401E96038461AF081F801463846FCF7FDF80028CB
S21401E970C0D0A3E7B26E5104FCD5B268D205F9D572
S21401E980CAF868B0D6F890200135012D0392D0D987
S21401E990E21B042AA8BF042208EB070003A901937F
S21401E9A00092FBF763FC009A019B3A4497B2C0E7DA
S21401E9B0E04F0020000002B8004000B8004001B857
S21401E9C0006001B8001002B8002002B8005001B87B
S21401E9D0006000B84FF604014FF60502044B012013
S21401E9E01B6C9BB28B4208BF1346024A13667047E4
S21401E9F00080E00F00C001B82DE9F74F81460F46B1
S21401EA004FF0FF35FFF790FB002601908A462C4613
S21401EA103046DFF8D8B006F110031B015BF803306F
S21401EA2003F00308B8F1010F15D13046FFF794FB48
S21401EA3002460B4601985146FFF716F9DBF864309B
S21401EA4006F10802D340DB0739D5002F40D0002558
S21401EA502C463E6040460136082EDCD160B3234A80
S21401EA600027D2F808C0916B0CF440330131A4FBA7
S21401EA700141641941F10001B3F5003F30D1536BF8
S21401EA800CF4405C013347F10006BCF5805F22D1EF
S21401EA90156B15F5807505FB06F647F1000203FBBD
S21401EAA00266A5FB03323244594304FB0212A3FB60
S21401EAB004341444C9E9003403B0BDE8F08FA84219
S21401EAC071EB0403C6D207B13E6005460C46C1E7AA
S21401EAD03D463C46BEE7320242EA13621B02E3E7CA
S21401EAE0136B13F5807347F10002DDE700C001B830
S21401EAF008B51AF057FC044B5A7C012302329340A6
S21401EB00024A536108BD00BFC44F002000200058D0
S21401EB102DE9F34105460F4668461146FFF76CFF9F
S21401EB200646B0B1AFB1DDE900321B0A43EA026323
S21401EB30A5FB0384094B120A05FB02441A6812B9A5
S21401EB401AF01AFC0246002340462146FAF792FEC6
S21401EB503860304602B0BDE8F08100BF544F002057
S21401EB6037B50446FFF70EFCE17822791B4841EAE7
S21401EB700243C0F8CC34E579A37943EA0543C0F8EB
S21401EB80D03423784BB18DF8041004218DF805207C
S21401EB900DEB01000022E8F7F1FA63785BB104217E
S21401EBA0A37900228DF80430E3790DEB01008DF88E
S21401EBB00530E8F7E3FA227801235AB1084AC2F889
S21401EBC0C834627802233AB1054A0020C2F8C83434
S21401EBD003B030BD034AF2E7024AF6E700C003502D
S21401EBE000D0035000E0035070B52C4B0C461A7849
S21401EBF012B92B4A926D1A702A4AD26F52054AD51B
S21401EC001D78294B05F00F06B0FBF3F040434FEAA1
S21401EC10151505D140F27C622B21FCF707F801207F
S21401EC20224A0A217243B2FBF0F34843B3FBF1F6E2
S21401EC3002EB5002B2FBF0F201FB1633042BD2B208
S21401EC4007D8C3EB8310C3EB80035BB283B96DB205
S21401EC5017E0C3F10B0303EB8303DBB2B3FBF1F362
S21401EC602B44DDB20F2DF2D9013AD2B2053DEEE7C3
S21401EC70053B5BB293FBF1F31D44EBB26DB2002D85
S21401EC8004DB002042EA0512226070BD0132053322
S21401EC90D2B25DB2F5E70220F7E700BF0B5F0020B6
S21401ECA0008001B8000002B8403B2500809698001D
S21401ECB04FF0000C2DE9F84FA2FB017BC84EDFF8A0
S21401ECC05CE3BE1999466BF10003B6457CEB030382
S21401ECD008D240F23E220E216046FBF7A7FF022033
S21401ECE0BDE8F88FD0F8E4A00C461546BAF1000F3F
S21401ECF004D0DAF80030032B00F21B81B94BBA4A74
S21401ED009B6BD2F8FCA0C3F31408B84BD3F8EC30D5
S21401ED105E00B64B48BF48F400181B6E48EA4568CB
S21401ED2058074EBF4FF440039B0503F0E07348EAD3
S21401ED3003081DF093F8012D0646D0D10028CED049
S21401ED40AB4B984200F0048103F5122303F5F863F8
S21401ED50984200F00381A74B984200F02F810025CE
S21401ED6002462B4600204FF00071FAF783FD2B4632
S21401ED70013007FB03F3C8F3130100FB0B33A1FBC0
S21401ED800662A7FB007001FB0522034420339B09A2
S21401ED90C9F80030F60C984B46EA423618F4801F44
S21401EDA01C6008BF7642954B954DC9F81440344413
S21401EDB01E602C60BAF1000F00F0B9800023914963
S21401EDC0C8F381528A5C194618F0807F18BF640820
S21401EDD0002EB8BF764292066008C2FB06012246A4
S21401EDE0FAF748FDDAF800300E2B08D97F4B7D4A3A
S21401EDF0926BD969D3F80C31C90600F1D68018F4A4
S21401EE00001814BFC42240F207127F49C0F3130052
S21401EE10A1FB04614FEA511102FB01F1C9F804009C
S21401EE20DAF818004FF4FA73B1FBF0F118BF4FF09F
S21401EE30000801FB03F3A4FB0262FA33A3FB0030D4
S21401EE4004FB0822B342904138BF0131C9B241F4F4
S21401EE50006CC9F808C000297ED0DAF81C00A1FBB6
S21401EE60003624B1B4FA84F20E2A40F38880E20315
S21401EE70002E77D1B2FBF3F2530003FB0113A3FB81
S21401EE8000764FEA044EBE454FEA144474EB06067C
S21401EE9009D34E003344A0FB0371BE4574EB010158
S21401EEA002F10102F6D2C2F30E024CEA023C4CF029
S21401EEB00063C9F808301CF0D1FF2B68002B00F066
S21401EEC08880B3FA83F4D4F102044CBF1C4623FABB
S21401EED004F44E4B9C4288BF6408002846D0B4FB1D
S21401EEE0F0F3642100FB134201FB02F2904244D886
S21401EEF05A1E52085B08013B120242EA0313C9F884
S21401EF000C301CF077FF00285CD0B4FBF0F26421D3
S21401EF1000FB124401FB04F4A0425ED8531E5B08BA
S21401EF205208013A1B0243EA0213C9F810300020C6
S21401EF30D6E6042BDAF828807FF4FBAE18F0807F43
S21401EF400CBF08F0E0734FF4400328F0E078EEE6DB
S21401EF5000232F481D460CE72120C1E600232D483B
S21401EF601D4606E70B46002289E7044640F2C242E8
S21401EF702B210020FBF75AFE2346013BB8E7C2F1DE
S21401EF800F0702F1110E06FA0EFEFB4043EA0E03CE
S21401EF90A7F1200E26FA0EFE43EA0E03FE400133C9
S21401EFA004FA02F246F1000662E702F4801203F464
S21401EFB000131A4308BFC0F5801020E70023164847
S21401EFC01D46D6E640F2E5422B21FBF72FFE621ED8
S21401EFD0A4E70028C9D01C46CFE71446F7E700BFD0
S21401EFE0006CCA88008001B8001F00B0004001B85C
S21401EFF000F04902005A6202A04F00209C4F0020F8
S21401F000984F002090A50400D34D62103FBE4025C6
S21401F0100A3BB2DF313641DCD694BFD6807C814ACA
S21401F02010B50B46044686B039B982790168214885
S21401F0306B460068FFF73CFE6B461F4A1968516332
S21401F0401E4AD2F8FC2062B35A6842B11C4A1D49D6
S21401F050C2F80C115968A2F58052C2F80C119A68D0
S21401F06042B1174A1849C2F8EC109968A2F58052C5
S21401F070C2F8EC101549D868D1F8642122F4EE6282
S21401F0800243C1F86421D1F85C21186922F4EE62CA
S21401F0900243C1F85C21A1F5FF4158692839FFF701
S21401F0A0A3FD0020A2880A4B9A6203F5A0331864D8
S21401F0B006B010BDE04F0020008001B8001F00B070
S21401F0C0006001B8FFFF0F00FFF8FF0F000002B855
S21401F0D0004000B84FF48062014BDA67704700BF0A
S21401F0E0001002B84FF48062034BDA67034B1B78BB
S21401F0F00BB1034A93657047002002B80B5F0020EE
S21401F100008001B840B10368012B05D90069034BA3
S21401F110002808BF184670470048704798A50400A5
S21401F12010B590B10468012C0FD902696AB1116853
S21401F130094B102C196051685960916888BFD268D4
S21401F140996094BFD960DA6010BD10220021024890
S21401F150FAF7FCFEF8E700BFA84F0020084BC117DE
S21401F1601A68A2FB000302FB013310F1807043F121
S21401F1700003400E40EAC310803820EAE070704772
S21401F180B84F00200722164B70B5DA66154B164AA3
S21401F1901D68164BEC08E005C0184FEA153141F121
S21401F1A000010023FAF766FB114B124E18604EF66B
S21401F1B06020FFF7D3FF4042C6F884000E48FEF7F2
S21401F1C0EDFF024658B1E301500818184FEA1571D1
S21401F1D04FF0000341F10001FAF74CFBF06570BDFA
S21401F1E0000002B8544F002065CD1D00B2E60E00A7
S21401F1F0B84F0020001F00B040420F0010B5044673
S21401F20098B10B4BD3F8FC00FFF78AFF4FF47A73E3
S21401F21003FB04F0074BA0F6AC50DA689B68104479
S21401F220C01ABDE81040FFF799BF4EF66020F8E718
S21401F230001F00B0A84F00202DE9F84305460846F8
S21401F24014461E46FFF76CFF0DB306F0020716F0D4
S21401F25004061ED1DFB14FF47A706B685843002B59
S21401F26040F08C80FFF77AFF60626B69002B00F03C
S21401F2708C804B4AD0684FF47A7202FB0300A0F5EB
S21401F28003501038FFF76AFF2062002E57D1BDE801
S21401F290F8832869002868D04FF47A735843404BA6
S21401F2A0A0F6AC509B68C01AFFF758FFE061A88B28
S21401F2B000285DD04FF47A735843394BA0F6AC5012
S21401F2C09B68C01AFFF74AFF2061364BE968D3F8FE
S21401F2D0008000294FD04FF47A735943304BA1F682
S21401F2E0AC519A685B68891AC91A2F4BC8171A68F5
S21401F2F0DFF8BC90A2FB011302FB003311F1807111
S21401F30043F10003490E41EAC3118039274B61617D
S21401F310DB6EA361D9F8003053B1404619F0C2FE46
S21401F32030B12246D9F800301D49D8F8D8009847A0
S21401F3300021A869FFF762FFA062002F8BD1A868A1
S21401F34030BB47F23050FFF709FFA0604FF47A70E8
S21401F3502B6858432BB1124B1B6803F51C53103313
S21401F3601844FFF7FBFEE06091E74EF660209BE74E
S21401F3704EF66020A6E74EF66021B6E7084B1B68FE
S21401F38003F51C53103318446CE747F2305079E705
S21401F3904FF47A735843A0F503501038D3E700BFF3
S21401F3A0A84F0020E04F0020B84F0020001F00B0FB
S21401F3B0A44F002038B5054608461C4619F094FFB0
S21401F3C00246D5F8E400FFF79DFE4368A018002B1F
S21401F3D0044AA8BF4FF4FA721A44034B92FBF3F2A5
S21401F3E0104438BD0CFEFFFF18FCFFFF70B5124C31
S21401F3F088B001AD0FCC0FC594E8070085E807007B
S21401F4008C2200210D48FAF7A1FDD42200210C48D8
S21401F410FAF79CFD0B4B0C4A5A6301F04DFA0B4B65
S21401F4201B783BB1044E01AD0FCD0FC695E8070022
S21401F43084E8070008B070BDC41F00B0A01E00B06D
S21401F4402C1F00B0001F00B010111111FE5E00202D
S21401F45008B51EF02AFC0E4B1A78A2B90D4A12689E
S21401F46012F4843F0FD10C4A1021D1671B7863B97F
S21401F470084B1B68DB0508D4074B2022DA67BDE87A
S21401F48008401EF00DBC054AEEE7044BF5E700BF49
S21401F490115F002048160020002002B8001002B8B4
S21401F4A00A4B197801F0FF0229B1002119700849A9
S21401F4B09202C1F8B420597801F0FF0229B1002167
S21401F4C059709302024AC2F8B83070470C5F0020A8
S21401F4D0005000B8064BD3F8D80E064B5B6F1A01E6
S21401F4E003D4054B9B6E1B0401D500F58070704755
S21401F4F0001000B0000002B8004000B810B51EF0C1
S21401F500D4FB0E2104460320FFF7FCF840F201224B
S21401F510034B2046BDE81040DA621EF0C1BB00BFB7
S21401F520004000B808B51EF0C0FB4FF00042224B69
S21401F530C3F88020BFF34F8FBFF36F8F0122C3F84C
S21401F5408420BFF34F8FBFF36F8F0222C3F884204E
S21401F550BFF34F8FBFF36F8F0422C3F88420BFF32E
S21401F5604F8FBFF36F8F0822C3F88420BFF34F8FEE
S21401F570BFF36F8F1022C3F88420BFF34F8FBFF302
S21401F5806F8F2022C3F88420BFF34F8FBFF36F8F96
S21401F5904022C3F88420BFF34F8FBFF36F8F4FF421
S21401F5A08072C3F88420BFF34F8FBFF36F8FBDE81F
S21401F5B008401EF075BB00BF00E100E008B51EF074
S21401F5C074FB4FF00042094B1A6001225A60042274
S21401F5D05A6008225A6010225A6020225A6040223D
S21401F5E05A60BDE808401EF05BBB00BF00E100E0CA
S21401F5F0012370B5074C2370074B1E68074B32403A
S21401F600D3E9005319402840FCF7F8FC0023237087
S21401F61070BD00BF0F5F0020C04F002048160020BD
S21401F6200022044B1A70044B197811B11A70FFF7B7
S21401F6300FBF7047105F0020115F00202DE9F047D3
S21401F640DDF820A003EA0108099B06460C4602EAFB
S21401F650000703EA0A09BAF1000F40F04E81031FC2
S21401F6600B4300F00E81052871F1000380F0E48061
S21401F67050EA010300F06081431E0B4300F0248131
S21401F680FFF750FFAD4AD2E9005323EA040325EA07
S21401F69006053D4343EA0807A94BC2E900571E6821
S21401F6A0DFF8F48226EA0A0646EA09061E60FFF734
S21401F6B0CFFE15F02A4F14BF48F202034FF4004361
S21401F6C0A04AB007D26EA04848BF43F4005383EA6D
S21401F6D0020122EA0302C2669C4A0B408166D36697
S21401F6E0C5F380421203290348BF42F48072EB0639
S21401F6F048BF42F40052964BAC0648BF42F4007233
S21401F7006806D3F80C3248BF42F48062290648BF27
S21401F71042F400628F4882EA030123EA0203C0F83A
S21401F7200C328D4B0A40C7F34024A404C0F80812DB
S21401F730C3F80C22EA0448BF44F48034AB0348BF44
S21401F74044F48014A80748BF44F4800415F4001F4D
S21401F75006D0D8F8000019F0FBFE08B944F40024DE
S21401F760E90248BF44F40034FA0648BF44F40004F2
S21401F77073077A4B48BF44F004041A6A44F4001431
S21401F78084EA020323F0010375491A400A621C4009
S21401F790CB61744B16F0010F1C62734B734A18BF92
S21401F7A01A46734B7C071B6F48BF42F000627148D4
S21401F7B082EA030123EA020303676F4B0A404166AC
S21401F7C01A676E4A05F00103516CA0F5803081EA94
S21401F7D0030221EA0301416482631A40684B28024E
S21401F7E05A64D8F8002048BF664B92F8F62058BFF6
S21401F7F0654B690748BF43F4806322B115F4C06FB7
S21401F80018BF43F480733207604A48BF43F0004391
S21401F810D2F8EC105E4883EA010222F4A0221140DD
S21401F820C0F8EC101340C0F8E0205A4ABDE8F04793
S21401F830C2F8EC30FFF7C2BEA0F580630B4306D0DA
S21401F84020F48063A3F500730B437FF419AF1EF019
S21401F8502CFA3A49D1E9003223EA060322EA0402E5
S21401F86042EA08023B43C1E900324B4A126892F869
S21401F870F610474A09B313F4C06F1ED04FF48073D5
S21401F88011E01EF012FA2D4AD2E9003123F00403EA
S21401F8903B4341EA080157EA0807C2E900314FF441
S21401F8A080633B4A0BD0C2F8E030A2F58052C2F822
S21401F8B0EC30BDE8F0471EF0F3B94FF48073C2F8A0
S21401F8C0EC30C2F8E030F4E71EF0EFF91B4AD2E95B
S21401F8D0003123F001033B4341EA0801C2E900314C
S21401F8E001232E4A57EA08071BBF9363A2F58052ED
S21401F8F05364536408BF9363DBE750EA01037FF464
S21401F900BFAEBAF1010F7FF4BBAE1EF0CEF90C4AC2
S21401F910136823F0010343EA090313604FF480637D
S21401F920144AB9F1000F04D05366A2F5805213674A
S21401F930BFE713675366BCE7BDE8F08748160020AB
S21401F940C04F0020004000B8006000B8005000B86A
S21401F950004001B8006001B8005001B8000002B8CC
S21401F960002002B8001002B8041C000304180003AB
S21401F97000C001B800E001B800D001B800C000B86E
S21401F98000D000B80D0A0A09090A0A090040005405
S21401F9900060005400500054E04F002000E000B822
S21401F9A0024B5868C0F3C000704700BF48160020DD
S21401F9B0024B186800F00100704700BF481600208F
S21401F9C0024B5868C0F3C030704700BF481600208D
S21401F9D010B50446FEF700FDFFF7A4FD2046FDF72F
S21401F9E0BDF8FEF7A5FCFEF7ABF8FEF71DF9FFF72D
S21401F9F0C9FB13490723134AD1F8FC1004F1F80098
S21401FA00FFF71AFC4FF080710020FEF7E7FB4FF07E
S21401FA1000720D4B4FF400110120C3F80021FEF7D0
S21401FA20DDFBFEF7D7FF20B940F292321421FBF737
S21401FA30FDF819F0C0FCBDE810400120FDF766BFD7
S21401FA40001F00B0581F00B000D001B88023074A3D
S21401FA501367082340B11367054AD2F8A03023F094
S21401FA602003C2F8A0307047024AF4E7001002B83B
S21401FA70001E00B0002002B810B51EF016F90121D4
S21401FA8004460020FFF7E2FF044B1961044B5B6854
S21401FA9098472046BDE810401EF002B9000002B8A3
S21401FAA08C650020F8B5194C0546207840F2E442F2
S21401FAB0B0FA80F03E214009FBF7B8F855B96078F6
S21401FAC040F2E442BDE8F840B0FA80F03E21400939
S21401FAD0FBF7ACB84FF440660D4F0E4DD7F8B43077
S21401FAE040F2E442C3F381232370C5F8B460607822
S21401FAF03E21B0FA80F04009FBF798F8D7F8B83005
S21401FB00C3F381236370C5F8B860F8BD0C5F0020AD
S21401FB10004000B8006000B8F8B5084C084D236FE7
S21401FB200423084F2B67236F5B0300D4F8BD04261C
S21401FB3002203E6719F0BCFB2E67F4E7000002B80E
S21401FB40001002B8002002B8A82238B51A4B1D6F63
S21401FB5003F500531A6710229A60A3F5804302F159
S21401FB6000521A675A66FFF79BFC144B1B7813B9B1
S21401FB700320FEF78BF80024114B9C67FFF7CCFFA0
S21401FB80104A114BD2F8D81E0B40C2F8D83E0422B8
S21401FB900E4B1A670E4BAA06C3F8AC4008D503F500
S21401FBA08073DB6CB3F5817F22BF8022024B1A6122
S21401FBB0BDE83840FCF7C2BB000002B80E5F00206B
S21401FBC000C001B8001000B0DF0000FF002002B83E
S21401FBD0001E00B010B549B930B3164AD3681B0EE3
S21401FBE013F00E0F20D193689A061DD4FFF786FCFA
S21401FBF0104C0020FEF72AFE032801D0092805D163
S21401FC00636FDB03F5D4E36D0C2BF2D9FFF784FFAA
S21401FC104FF40072084BDA62012203F5E8335A61A9
S21401FC20042203F580531A674FF4C062034BDA626D
S21401FC3010BD00BF000002B8004000B8006001B867
S21401FC4008B503210920FEF75DFD2022014B1A614C
S21401FC5008BD00BF000002B838B505461EF025F8FD
S21401FC600E4B04461868FDF745F835B1FFF7D8FC8A
S21401FC702046BDE838401EF013B8094B1B78002B10
S21401FC80F6D0084B1D78002DF2D1FFF7C9FC2A46A5
S21401FC904FF480400021FFF7ABFCE9E7E04F00207E
S21401FCA0105F00200F5F00202DE9F84F5C4B0646E1
S21401FCB00D4614461B6F002A40F0AE8013F0A00FCD
S21401FCC014BF4FF001094FF00009FCF737FBA023E2
S21401FCD04FF0000ADFF868810320C8F87030FDF79E
S21401FCE0D5FF0420FDF7D2FF4E4FFFF799FC4E4B90
S21401FCF04FF0040B7B67C7F878A0FFF70DFF4B4B5F
S21401FD004FF48071D3F8A020494842F02002C3F88E
S21401FD10A020FF22C8F80820414A1161D0F8D82E49
S21401FD2044491140C0F8D81EC8F870B0C3F8ACA05A
S21401FD307B6913F0060F04D0FEF75CFA5846FDF710
S21401FD40A5FFB9F1000F08D04FF400623A4B1A67CD
S21401FD504FF40042A3F5E0339A6666B1374BDB6C8D
S21401FD60180701D4FFF7CAFBFFF76AFF0420FDF767
S21401FD708DFFFFF795FB2A4B5A69D10747D5DA68FD
S21401FD8012F0706FFBD12E4B2E4A1A672E4AD36B98
S21401FD9023F0F003D36315B12046FFF75DFF2B4B2D
S21401FDA0D3F84C315A1C01D05B0002D50122244BFA
S21401FDB05A6164B3214BDA6E03F500539A6603F574
S21401FDC0D0331B6A1E4A23F00103D361204BD3F8BC
S21401FDD00C1203F50053C3F8081203F50053D3F8C9
S21401FDE0841003F5005399671A4BD3F8EC1003F50A
S21401FDF00053C3F8E010184B596C03F50053996390
S21401FE00164903F5803359664FF6084313670020F9
S21401FE10BDE8F84FFCF736BD4FF0000955E700BFC7
S21401FE20000002B800C001B800000101001E00B0C9
S21401FE30001000B0DF0000FF001002B8004000B85C
S21401FE40002002B810003000001F00B00080E00F54
S21401FE50004001B80040005400C000B85000002F18
S21401FE609B4B2DE9F04F9F6EDB6E85B01F40994B83
S21401FE709F66994BD3F8E050D3F8EC301D40974B72
S21401FE80C3F8E050964BD3F80822D3F80C3202EAB6
S21401FE900309944BC3F8089203F52043DA691B6AF9
S21401FEA002EA0308904B08F47702DA618F4BD3F825
S21401FEB00422D20605D4D3F80431C3F30016DB06B8
S21401FEC051D51DF0F2FE8A4B5A695E6E1B6F12F019
S21401FED0060F06EA0306874A26F0007314BF4FF0A2
S21401FEE0010A4FF0000A23F400637407536604D531
S21401FEF0814A137D0133DBB213751DF0D1FE002F4D
S21401FF0000F0E28017F4004300F0D3801DF0CDFE30
S21401FF100146FFF7DFFA0446784BD3F800B0DBF86A
S21401FF200020DBF800309A42FBD0DBF800209A4232
S21401FF30FBD0FFF7CFFAA04217D108461DF0B0FE5E
S21401FF406F4B1C606F4BD3F870B01BF4E0520ED1B0
S21401FF5024F07F4424F0DF040CB9FFF7F5FD4FF0E1
S21401FF60807B002414E0B246C9E70446D7E7019235
S21401FF70FFF7EAFD5C4B019A1BF480541A6740F0C8
S21401FF809A801BF4806F0CBF4FF0805B4FF0806B44
S21401FF90B80715D55B4A5448126F02F460410167F1
S21401FFA0002900F08B80110400F18B8012F4005FB1
S21401FFB00CBF4FF000524FF0006200244BEA020BD8
S21401FFC0C7F340377F00504A2A40002A4AD015F42A
S21401FFD0206F0AD040F6A31206210020FAF726FE6B
S21401FFE00020FFF739FE25F48025EB0506D5FF2115
S21401FFF03D4A4BF4C06B9160FFF780FA15F0090F8C
S2140200000AD040F6B81208210020FAF70FFEFFF7D2
S21402001017FE0121304A116315F0106F0CD040F61E
S214020020C11209210020FAF701FEFFF709FE00229D
S21402003011461046FCF736FE15F4202F0AD040F67D
S214020040C91207210020FAF7F1FD0020FFF704FE8F
S21402005025F48025E80301D5FCF768FF002DB8BF1C
S21402006047F0080769070DD51B4AD26A12F4005FEB
S2140200704FF4005217BF19492449CA624BF4000BC9
S21402008008BFCA626A0548BF4BF0040B15F480230A
S214020090019300F0A480FCF701FF0138062837D848
S2140200A0DFE810F028012B0128012E01310134016E
S2140200B034019B4655E74FF0804B52E74FF00072F3
S2140200C07BE74FF0004278E7BB463C467BE700BF43
S2140200D0004000B8006000B80040005400600054C1
S2140200E0004001B8006001B8002002B800E100E05C
S2140200F000C001B800E001B8C44F00202CA50400DF
S214020100BC4F0020000002B8090B0B8900500054B7
S21402011040F6FA1203210020FAF788FD01218548ED
S214020120826ED0F8883002F00702063201FA02F236
S214020130C3F30C0CA2EB0C0292B2072A12D97E4A27
S214020140126F53020ED47D4B826B806D5B6D5BB17A
S21402015002F0070206329140C0F30C00091A89B277
S214020160072901D84BF4007B754A1278002A36D04C
S214020170704AD2F8E02012F4A02F30D1714A7249A8
S21402018012789AB9F20411D40A787AB14FEADB02ED
S2140201906E4842EA447282F00102D0F8D80E02F0AB
S2140201A00102520020FA02F2930718D10420FDF74A
S2140201B06DFD674A67485067FFF732FA62490A7868
S2140201C04AB9654A127832B1644A654912680BEA3E
S2140201D002020A4201D14BF4804B26F48056B9F152
S2140201E0000F1DD019F4805F18BF4BF4802B19F452
S2140201F0807F18BF4BF4002B19F4005F18BF4BF03A
S214020200100B19F4007F18BF4BF0200B19F4806F07
S21402021018BF4BF0400B19F4006F18BF4BF0800B61
S214020220B8F1000F48D018F4001F0AD04D4A1368E0
S2140202303BB1414A4C48116F00680022C1F3C061CD
S214020240984718F4802F18BF44F4007418F4803FBF
S21402025018BF4BF4805B18F4801F18BF4BF4003BAA
S21402026018F4800F18BF4BF0020B18F4003F18BFAB
S2140202704BF4801B18F4000F18BF44F0100418F457
S214020280002F19D0394AD2F8A02012F0C00F13D08E
S2140202902949CA68C2F30362032A01D0072A05D194
S2140202A04A6FD00602D48A6F120732D54FF4002165
S2140202B02F4A28F40028D161002E00F01B81330556
S2140202C040F18F802B48DFF88890C2782A49002AAE
S2140202D058D04FF40063013AD2B24B66C27032B9BC
S2140202E0264A1278C2B140F60141254A51670022D9
S2140202F0002173E04BF4803B10E74BF4006B0DE7F4
S2140203004BF4806B0AE74BF4807B07E74BF0080B55
S21402031004E74BF4001BCFE7D9F8782012F4A05F6D
S21402032015BF4FF4807240F60142C9F85820C9F84A
S2140203307820DCE700400054000002B8004000B815
S214020340115F0020105F0020135F0020001000B035
S21402035000C001B800000101125F0020481600200C
S214020360088D0100F44E0020E04F0020001E00B071
S214020370002002B8025F002000E001B80E5F0020F5
S21402038000D001B80320FDF781FCD9F81420A84B51
S21402039012F0060F04BF41F61F72A649A64808BF10
S2140203A04A674FF40061A34A5166D9F8142012F046
S2140203B0060208BFC9F878205A8A12F4006162D091
S2140203C022F400625A82027802F0FF09002A5ED105
S2140203D0FDF710FFFFF7B8FB4A4620214BEA020B57
S2140203E00C43B00009D52E20FDF79EFB4FF00051BE
S2140203F0904A44F0080411675166F10606D52B2090
S214020400FDF792FB10218B4A1167516616F0306F8A
S21402041005D1F20463D5BAF1000F00F0C0803301B3
S21402042017D52920FDF780FB844A526C12B11021A1
S214020430834A9160FFF7B4FA48B1824A82487D49FE
S2140204404A66026700F54050C068400422D444F071
S214020450040416F0007A28D00420FDF717FC2720A3
S214020460FDF762FBFFF770FB4FF00071714A5166B1
S214020470764AD2F8D82E520679D40221704A916072
S21402048044F0020428E002784FF40052A6E74FF444
S21402049000422DE70A6720204A66FDF745FB2D201D
S2140204A044F00C04FDF740FBD3E716F0807FDFF83C
S2140204B08C9147D00420FDF7E9FB2820FDF734FB9A
S2140204C0D9F87820002A3AD1FFF73EFB594A5D490F
S2140204D044F00104116751660021584A916572057D
S2140204E008D55B498A78002A00F0D880013A8A70DB
S2140204F000221743574AD2F8A020130603D55846BF
S2140205002146FCF7C7F93A4658462146FFF770F8E7
S214020510019B0BB1FCF7F8FC01224F4B05F00435AA
S214020520C3F8E0504D4B18F4002FC3F884211EBFC9
S2140205304FF40022424BDA6105B0BDE8F08FC9F8ED
S21402054078A0C3E7F104C7D50420FDF79FFB444A11
S214020550C9F87420FDF74EFED9F8642012F0407FE9
S214020560BAD12A20FDF7E0FAFFF7EEFA80E7394A19
S214020570D2F8A0108B0683D402203A4988603A4902
S214020580096891F82510C8077FF57AAF92F8C4205B
S214020590002A3FF475AF8021344A116170E7344A6D
S2140205A01268013202D04BF0010B98E728490A790B
S2140205B052B1013AD2B20A7112B9234A2D49516791
S2140205C000224BEA020B8AE70420FDF75FFB0320BA
S2140205D0FDF75CFB194A224951671DF066FB81460E
S2140205E00DF10F00FEF732F9234A824612780AB15D
S2140205F0FEF784FFBAF1030F0ED1DFF870A00020D9
S214020600FEF724F9032807D1DAF87420D103F6D4CA
S214020610DAF85C200C2AF2D99DF80F20032A2FD193
S2140206200121164A484611701DF03AFBC8E700BF82
S214020630C44F002000E001B80E5F002000C001B8E1
S214020640002002B81000002000D001B8001000B050
S214020650025F0020001E00B00060005400E100E0CF
S21402066000000101001002B8E04F0020000002B8AE
S214020670946500200000010D145F0020105F00202A
S214020680094AD2F8E02012F4A02FC9D1FEF7C8FF1B
S21402069048461DF005FB4FF4804292E70220FDF724
S2140206A0F5FA012225E700BF004000540122024B62
S2140206B01A62DA61704700BF002002B80D4B10B50F
S2140206C0DC691A6A14400C4A24F47F01D161E207FD
S2140206D006D5D9684FF0FF30C1F3036118F075FEF6
S2140206E0630706D5BDE81040042200200021FEF76D
S2140206F07FBF10BD000002B8002002B80C4A08B541
S214020700936B526C13400B4A9363DB070FD50A4B6D
S21402071040F663421878122100F00100FAF786FAD2
S214020720BDE80840002201200021FEF761BF08BD97
S21402073000C000B800E000B848160020054AD2F80B
S2140207408430DB07FBD4936FD2F884201340024A2E
S21402075093677047008001B800A001B870B51446D0
S2140207600D461DF0A2FA064BD3F8A06074402C404A
S2140207707440C3F8A0401DF093FA06EA050070BD67
S214020780001E00B0034BD3F8A03099430CBF0120E3
S21402079000207047001E00B02DE9F04117460A43BC
S2140207A0012A1D469DF818409DF81C60DDF8208041
S2140207B029D8B44227D2082E25D8032B23D8B8F13D
S2140207C0000F20D00A460021FBF71CFDFF21EB009C
S2140207D09940C943DFF834C008F1FF38FF00E2B29F
S2140207E0964202D80020BDE8F0813D190CEB850543
S2140207F0D5F8E02018F8010F0A4098401043C5F8D3
S214020800E0000134EBE72120EDE700BF001E00B058
S214020810034B1868034B002808BF1846704700BFF2
S214020820DC4F00207CC604002DE9F843DFF8609018
S2140208300646D9F8008008461746B8F1000F03D0DE
S2140208400E242046BDE8F88306B3336801331DD173
S214020850E1B1FAF70DF805460028F1D0C9F8000014
S214020860FAF72CF8284618F0C4F8044640B1404679
S214020870C9F80080FAF722F8284618F0B5F8E0E73B
S2140208803560002FDDD02846B847DAE72124D8E7BE
S214020890E04F0020024B1868003818BF012070474E
S2140208A0E04F0020002108B5024B08465B689847D7
S2140208B0002008BD8C6500200523064AA2F84A30AF
S2140208C092F8493003F0010363F0730382F849306B
S2140208D0704700BF001F00B00023F0B585B0CDE919
S2140208E001330393124B134D1B78134E8DF80430CD
S2140208F01DF0E8F92A78337804469A420F4F0CD056
S2140209003178386801AA297018F094FD50B140F683
S21402091008210B481DF0C8FA04E0386818F06AFD92
S2140209200128EDD020461DF0C8F905B0F0BD00BF85
S214020930AB680020E2680020E3680020FC4F00203D
S2140209404A7B0400F8B52B4B1B7823B140F6FC31EA
S21402095029481DF0A9FA1DF0B5F9284B07461C8850
S21402096014F0060409D001214FF480701CF05EF9E1
S2140209703846BDE8F8401DF0A0B921464FF4807015
S2140209801CF054F9204600F0ABFF022808D1802262
S2140209901B4B8021186818F0F6F8FFF79DFFE7E773
S2140209A0204600F09DFF054638B1012807D040F6E4
S2140209B0314111481DF078FADAE70246E8E7FF22ED
S2140209C00F4E104B30681A70FFF76CFF306818F045
S2140209D011FD0128CCD02A462946306818F00CFDB5
S2140209E021462C201CF04EF921460A201CF04AF91A
S2140209F0BEE700BF1A5F00204A7B0400CA570020E9
S214020A00FC4F0020E2680020002101481CF054BF81
S214020A100C6600207F2837B5044610D14FF6FF73C8
S214020A20022217480DF10601ADF80630EBF722F95F
S214020A30BDF80640E2054CBF6FF04A0464B21DF0F2
S214020A4041F9104B05461C700F4B1B88DB0710D56F
S214020A500E4B1B78002B0E4B0CBF21466FF07F010E
S214020A60186818F0B5F820B140F6786109481DF00C
S214020A701BFA284603B0BDE830401DF01EB900BF81
S214020A80641002C0DA680020CA5700201B5F0020EC
S214020A90FC4F00204A7B040010B513F08CFC60B1BA
S214020AA013F08BFC0B4A80B141F20D03BDE81040F7
S214020AB041F20D0107481CF00BBA074B1A781B7956
S214020AC09A4204D100220023F0E70D23EEE7034A00
S214020AD0F9E700BF400D0300AB680020488D010017
S214020AE0F8B5164E0D46337802F0010423B140F2F3
S214020AF0C53113481DF0D8F9124B134F1D60134D24
S214020B00A4B1134B997801B1012120201CF08EF874
S214020B102B783B700F4B1C780F4B00211C70042364
S214020B2033700E48BDE8F8401CF0C6BE21462020B1
S214020B301CF07CF82B783B70EEE700BF1A5F0020B3
S214020B404A7B0400EC4F0020175F0020E468002078
S214020B50F04F0020185F0020195F00200C6600206E
S214020B602DE9F8431DF0AEF8DFF8A0810546B8F887
S214020B700030614C13F4807F03D0237873BBFFF7F9
S214020B80E1FE002108461CF07DF85C4B1A78FF2A2D
S214020B9013D01A7802F0FF0632BBFF221A702378AF
S214020BA0052B0AD10023284623701DF086F830460E
S214020BB018F0D0FC1DF086F805462378504E062B1A
S214020BC009D13378FF2B06D03378022B15D10021BA
S214020BD04C481CF071FEFF2333702BE000214FF4CB
S214020BE080701CF023F8CCE71A78012A4FF0FF0237
S214020BF014BF33264C261A70D4E7337813B13378F1
S214020C00012B22D11CF0B2F807463E4896F8009017
S214020C1001F0DCFBFF235FFA89F9337077B1B9F193
S214020C20010F44D16421374884F800901CF044FE3A
S214020C30FFF752FE28461DF040F806E028462770C9
S214020C401DF03BF8384618F085FCB8F800301B0655
S214020C5005D5002180201BF0E9FF16F06FFF01F09A
S214020C60F1FA294E308000B32778012F42D11CF0CA
S214020C7037FD054610B301301DF0F4F900F440606C
S214020C80B0F5006F1AD10422394628461CF068FCDB
S214020C9028441DF0E7F94FF6FF7398420ED1002064
S214020CA0318800F0FFFC00233380BDE8F883002380
S214020CB0284623701DF001F83F20C4E7114801F0D2
S214020CC085FB002108462170012500F09DFC237853
S214020CD00BB9FFF737FE0020318800F0E3FC002353
S214020CE03380002DE1D020780028DED1BDE8F8431D
S214020CF018F07BBD0025EAE71A5F0020E1680020B5
S214020D00E06800200C660020C8570020CA57002062
S214020D1008B513460A461946064B186817F0E5FF4B
S214020D2030B1BDE8084040F2F44103481DF0BCB8BB
S214020D3008BD00BFFC4F00204A7B040008B51346DE
S214020D400A461946064B186817F0C9FF30B1BDE8C7
S214020D50084040F2FB4103481DF0A6B808BD00BF9C
S214020D60FC4F00204A7B0400024B1878431E584270
S214020D70584170471A5F002008B5064B1B7823B10E
S214020D8040F2255104481DF08FF8FFF7DBFD0020E6
S214020D9008BD00BF1A5F00204A7B040008B5054B59
S214020DA001EB81011868490017F014FF002818BFEC
S214020DB0212008BDFC4F002008B5044B1868F9F73F
S214020DC00FFF0A2390FBF3F040B208BDFC4F002051
S214020DD0014B1878704700BFE368002008B5044B43
S214020DE0186817F062FEB0FA80F0400908BD00BF2E
S214020DF0FC4F002038B5124D0C462B78012B04D937
S214020E0040F246510F481DF04FF821460020FFF7EA
S214020E10E5FF90B10C4B1C702B785BB9FFF792FD87
S214020E200A4B93F900100A4BC901186817F0A6FE80
S214020E30002038BDFFF750FDF2E72120F9E700BF9A
S214020E401A5F00204A7B0400E36800201C5F002033
S214020E50FC4F002008B5074B186817F024FE30B187
S214020E60054BB3FBF0F083B20BB1184608BD012068
S214020E70FCE700BFFC4F002040420F002DE9F3477D
S214020E805C4E01201DF00DF83388990704D440F615
S214020E903F4159481DF008F8DFF8808198F8003085
S214020EA0053B012B04D940F6414153481CF0FCFF98
S214020EB0524F3B6823B940F644414F481CF0F4FFBA
S214020EC0348814F0200478D0012122201BF0DAFEA8
S214020ED04FF47A74FFF7BEFF3B681B78093343432F
S214020EE004EBC30498F80030A5B2062B0BD11CF015
S214020EF005FB0446FFF7AEFF602358430C2303FBB3
S214020F000400284485B2D7F800903D4B99F800803B
S214020F101C7808F1FF381FFA88F8002C52D1338863
S214020F205A0505D409F101001DF09CF8C0F34014DF
S214020F303449354A887812784B7812FB00F2334FE0
S214020F4093423B70A4BF9B1A3B703B78CA78BD6045
S214020F50934238BF13463B7013F035FA002833D05D
S214020F6013F02FFA012814BF102508252543002365
S214020F70DFF8ACA00093802243464946DAF8000028
S214020F8017F05AFE20B14FF43B611B481CF08CFF51
S214020F901F4BDAF8000019781E4B197033889B062F
S214020FA014D52A461C4B009718F042FAC0B9002006
S214020FB002B0BDE8F0471CF074BF214622201BF0A9
S214020FC061FE87E70024B3E72546D0E72A460F4BA3
S214020FD018F02CFA014618B925201BF053FEE6E756
S214020FE0214626201BF04EFE40F6F43102481CF045
S214020FF05BFFDCE7CA5700204A7B0400EC4F002068
S2140210001D5F0020AB680020175F0020BC65002033
S214021010E3680020E2680020F04F00201A5F0020FC
S214021020FC4F0020184B10B51B889B0704D440F6D3
S214021030A66116481CF038FF154B1B78053B012BA2
S21402104004D940F6A76111481CF02EFF114B1B680D
S21402105023B940F6A9610D481CF026FF00240E4B6A
S2140210600E4921201C701BF00DFE014618B9BDE882
S2140210701040FFF703BF022804D12046BDE8104007
S2140210801BF096BE10BD00BFCA5700204A7B040064
S2140210901A5F0020EC4F0020155F00203D12020070
S2140210A0F8B55A4C23889A0704D54FF43E7158482F
S2140210B01CF0FAFE574801F089F91CF003FE23885B
S2140210C005465B070DD54FF0FF3017F0FCFD524B7F
S2140210D01B68C01AB0F5717F03D9002104201BF0EB
S2140210E0A5FD28464D4D1CF0E8FD2B78042B32D189
S2140210F01CF0E8FD238806465F0708D54548002110
S2140211001CF0DAFB3046BDE8F8401CF0D6BD1CF0F9
S214021110D4FD1CF0D7FD424B06461B78414F13B94F
S214021120238859050FD50523012102202B701BF0B9
S2140211307DFDFFF777FF30461CF0BFFD3B68DA788F
S214021140394B1A70F8BD386801301CF08BFF8206E6
S214021150E9D50623E8E7062B4DD1344B1B78FF2B47
S214021160F0D1334E13F031F93378002B3DD01CF01A
S214021170A9FD238805465B0705D5264800211CF0F5
S2140211809BFB2846BFE71CF098FD3378013B337083
S2140211901CF098FD0446012102201BF047FDFFF7D4
S2140211A041FF20461F4C1CF088FD206801301CF0D1
S2140211B059FF00F44060B0F5006F13D12468012196
S2140211C0042220461CF0CCF920441CF04BFF0146BA
S2140211D0184B04201A783378D21AD2B2BDE8F840F7
S2140211E01CF009BF4FF6FF71F2E740202B70BDE8F6
S2140211F0F84018F0AFB9012BA4D100232B700E4B88
S2140212001868FFF74FFB3F20F1E700BFCA570020E0
S2140212104A7B04000C660020E84F00201A5F00207C
S2140212201D5F0020EC4F0020165F0020E0680020C3
S214021230175F0020E4680020FC4F002008B50A4B28
S2140212401A7882B9012210281A7004D040F69D61DD
S21402125006481CF029FE002120201BF0E7FCBDE812
S2140212600840FFF70BBE08BD155F00204A7B04004E
S21402127008B5094B1B88DB0604D440F2C351074865
S2140212801CF012FE102000211BF0D0FC044B186844
S214021290BDE8084018F0C3B8CA5700204A7B0400CD
S2140212A0FC4F0020012208B5074B1146186818F0BB
S2140212B0A3F800212C201BF0E5FCBDE80840002125
S2140212C00A201BF0DFBC00BFFC4F0020014B400889
S2140212D0185C7047DC68002008B513460A461946B3
S2140212E0064B186817F007FD30B1BDE8084040F617
S2140212F0E94103481CF0D8BD08BD00BFFC4F0020E2
S2140213004A7B040008B5044B186818F073F80138D5
S21402131018BF012008BD00BFFC4F0020054B10B5CA
S2140213204C0022460146186817F042FC031B58423E
S214021330584110BDFC4F002070B505461CF0C2FC9B
S2140213400E4B0F4E1B880446DA07357008D50D4B38
S2140213500D4D1B78012B08D90121286818F0F4F8E6
S2140213602046BDE870401CF0A8BC1BB113F021F863
S214021370C305F1D4317881F00101EEE7CA570020A7
S214021380DB6800201B5F0020FC4F00200C4B10B5D2
S2140213901B880446DB0711D5FFF77EFB094B84F05A
S2140213A0010208211868D20017F0EDFB30B1BDE843
S2140213B0104040F6367104481CF076BD10BD00BFE2
S2140213C0CA570020FC4F00204A7B040008B5044B95
S2140213D00146186817F09AFC003818BF012008BDAD
S2140213E0FC4F002010B50A4C23787BB1FFF75AFF5A
S2140213F0002104201BF01AFC002102201BF016FC20
S21402140000232370BDE81040FFF79CBA10BD00BF52
S2140214101A5F002038B5094800F0E8FC0024084DA1
S21402142095F84430E0B2834200D838BD05EBC000E0
S214021430043000F0DBFC0134F2E700BFA0500020CD
S2140214400050002008B5104602494822F8F70EFF61
S214021450002008BD5850002008B505481CF094FE30
S214021460014620B9BDE8084001481CF025BA08BD6F
S2140214702C660020002238B51C4B15461C461A70F6
S2140214800132082A5D609D8043F8085FF8D1482241
S21402149000211748F8F75AFD4FF6FE73A4F8683095
S2140214A06FF48033E365134B00211A88124B1868D9
S2140214B0F8F74CFD114BC4E91255C4E9283584F8F7
S2140214C0445084F85050656584F8A850E9F73CFF0C
S2140214D0FF220B4B012118700A4B00201A70E3F70B
S2140214E0D3FA0020FFF7B8FF002038BD00500020D6
S2140214F0585000204E680020EC6400200000FFFFD9
S2140215001E5F0020735F002010B5AC24084B04FB5E
S2140215100030836C53B990F850403CB931B1C0E901
S21402152012122046FFF798FF204610BD2120FCE746
S21402153000500020AC2370B503FB00F5094E73196A
S21402154093F850405CB9204610F0AAFC735D204622
S21402155043F002037355FFF77FFF204670BD01205C
S214021560FCE700BF00500020AC235843024A135C3D
S21402157023F00303135470470050002070B516463C
S2140215801F4A04461278C2BBAC211E4D01FB005115
S2140215908A6C92BB91F850203AB1022B2DD191F869
S2140215A04410072907D91C2026E091F84410072981
S2140215B0F9D8012B08D0AC2000FB0450CA00011D4C
S2140215C00C30F8F715FD0021AC2303FB04F00024D1
S2140215D09DF8143000EBC1012944CB71049B8E8028
S2140215E08B602B1893F84420204601328C7183F8C6
S2140215F04420FFF731FF204670BD0120FCE700BF04
S2140216001D5F002000500020F8B5234B04461B78CF
S2140216100F46002B3ED1AC23204D03FB0053B3F8FC
S214021620A03023B940F245311D481CF03DFCAC22E7
S21402163002FB0452D2F8A46036B192F8A3303946BF
S2140216400020B2F8A020B047AC2300216343EA187A
S214021650A2F8A010C2F8A410482192F8A82001FB14
S21402166002322A44D2F89820964213D0EB5C9B07AB
S2140216700CD5AC226243AB5C204623F0020343F057
S2140216800103AB54BDE8F840FFF7E6BE10F02AFCB3
S2140216900028EED1F8BD00BF1D5F002000500020DC
S2140216A0A17B04002DE9F04F89B0059008460D464F
S2140216B01CF016F8044618B9212009B0BDE8F08FD0
S2140216C028461CF029F8C0B20838215C221892F885
S2140216D002A00491D1785268277803920022B4F8C7
S2140216E00130ADF81E20434A029192F800B0BBF1D9
S2140216F0000F08D0404B1B681BB120464FFA8AF2F7
S21402170098470020D9E703F00703022B70D0013474
S2140217100922594620461BF023FF023F3F1A3B068A
S21402172006465FFA87F8C7D4344FD7F89090B9F1D7
S214021730000F27D100210DF11E0B43462246084614
S214021740CDF800B010F0E4FAC3B20546002B4BD138
S214021750BDF81E0017F042FFE0B9BDF81E0018F0F3
S21402176039F88146BDF81E0017F038FFF0B906EBCF
S214021770080201232146584692B200F07BFDD0B102
S21402178019209AE75B465A4601212846C847002890
S214021790D0D191E7D7F89430BDF81E00002BDCD0EC
S2140217A0A11998470028D8D1022086E74246484623
S2140217B0A119F8F75BFDBDF81E001BF091FF029B16
S2140217C0059A0372049B80F809A08372039B1BBAD6
S2140217D0C360AC2303FB027393F85020BDF81E00CF
S2140217E022B1DB6C03B19847E8B266E7BB6FF9E754
S2140217F0012062E71D5F0020E44F00200050002019
S2140218002DE9F84308460F46164602F1010917F07D
S214021810E6FF8046384617F0DAFE042856D13846E8
S21402182017F0F9FE48F661054FF6FF7248F64103D7
S214021830294C904208BF1D46B4F85C10301D1CF0BF
S21402184013FC384617F0E7FE0146B01D1CF00CFCF0
S214021850B4F85E1006F108001CF006FC06F10A0455
S21402186038460DF067FF10B145F01005ADB22946B7
S21402187048461CF0F9FB384617F0ACFF42460146D4
S2140218802046F8F7F3FC384601211BF061FF44447A
S214021890074660B11BF040FF054638461BF020FFA6
S2140218A0EDB201462A462046F8F7E0FC2C440B4AE5
S2140218B0A41B13780134591C1170F370347030462F
S2140218C0BDE8F843092201211BF04ABE48461CF037
S2140218D0C9FB4C460546C3E7005000201E5F0020A9
S2140218E0AC2210B548245043094B1A1892F8A81097
S2140218F004FB0100034493F87700022806D092F80E
S21402190050301BB9032818BF012010BD0020FCE789
S2140219100050002070B508B1012070BD234C94F829
S214021920A850002DF8D12946B4F85C20FFF706FA35
S21402193029462846B4F85E20FFF7EAF929462846E3
S21402194004F16002FFF7C8FC94F87730002BE3D06E
S214021950284694F85860FFF73BFA864215D10020D5
S21402196094F95A50FFF728FA854216D10020FFF75D
S214021970B7FF044600201BF0A9FD0028CDD0214663
S214021980BDE870400020FFF7F7B9284694F85810D3
S214021990FFF730FA0028E2D0BFE7002094F95A1089
S2140219A0FFF7FCF90028E1D0B7E700BF005000209F
S2140219B00346AC2010B51446164A00FB032292F8E2
S2140219C0770002280CD1E07F022809D141B11249E2
S2140219D00978012913D992F85810227891420ED12B
S2140219E018462178FFF7FAF990B1482221460B48AB
S2140219F0F8F73CFC00201BF069FD08B9002010BD7A
S214021A00044B93F8A8000028F8D1FFF783FFF5E708
S214021A102120F4E700500020B16800205850002032
S214021A2038B5AC230D4C054603FB004300205A6D27
S214021A30D86483F8500012B15865FFF719FCF5F721
S214021A404BFBFF281EBFAC2303FB054484F8A8000B
S214021A500020FFF75FFF002038BD00BF00500020C7
S214021A607FB51D4C94F8A83023B1002084F8A80056
S214021A70FFF750FF94F85A30B4F8A0608DF80F3094
S214021A8026B940F2FD2115481CF00EFA144B3146D9
S214021A901D6800202A46FFF7B3FEE46F02469CB19B
S214021AA00DF10F0301930023294630460093A04709
S214021AB002462C7854B920462146FFF7A5FD20465B
S214021AC0FFF7CAFC04B070BD0122F2E729460020E7
S214021AD0FFF706F8F6E700BF00500020A17B0400DF
S214021AE0EC64002038B5494B1C78002C58D1484885
S214021AF000F06CFC20461BF0E9FC002850D0454C58
S214021B002378D90733D594F850201AB123F003036B
S214021B10237045E023F00103237010F0CBF92378FD
S214021B2005469A0701D510F0BBF9294600200FF0AA
S214021B3053FF40B92378284643F001032370BDE8DB
S214021B40384010F0ADB90023482284F8A33094F848
S214021B50A83084F8A25002FB0343D3F89830A4F8C6
S214021B60A000C4F8A430BDE83840FFF779BF94F867
S214021B704400B0B104F1A003251D95E8030083E8F4
S214021B800300FFF76DFF94F844202846D20004F1C4
S214021B900C01F8F72DFA94F84430013B84F84430EF
S214021BA038BDA26C62B99B0711D52378002023F0BA
S214021BB0020343F001032370BDE83840FFF74CBC34
S214021BC00123A06484F85030904723789EE710F0F3
S214021BD089F90028E9D194F8A83073B1F5F77CFAB0
S214021BE094F85030002BDBD1FF2818BF84F8A800E9
S214021BF0BDE838400020FFF78DBED4F88C30002BAD
S214021C00ECD098470028CBD1E8E700BF1D5F002044
S214021C102C6600200050002070B5044600201BF001
S214021C2055FCAC235C430B4E351995F850300BB17E
S214021C30002070BD0028FBD007481CF0A5FA00283B
S214021C40F6D1335D002BF3D195F84400B0FA80F05C
S214021C504009EEE7005000202C66002010B5084A26
S214021C60034617F0CAFD14684FF6FF7203EB4003F3
S214021C709C42184603D9018802339142F8D010BD1F
S214021C80BC5000202DE9F047204F05463B88A3B301
S214021C90B0F90230002B30DBDFF87C801C49D8F824
S214021CA00000F8F7A9FB20B94FF4EA7119481CF0B6
S214021CB0FBF80026DFF85CA0DFF860903A88B3B243
S214021CC09A4204D84FF4EB7150461CF0EDF8D9F85E
S214021CD00030B2B253F83200D8F8001003EBC20458
S214021CE068B943F83210A38828460133A38017F058
S214021CF084FDE38803EB4003E380BDE8F087F8F752
S214021D007BFB01360028D9D1EDE700BFCC57002077
S214021D106E7B0400787B04004C660020B0500020E6
S214021D2038B5094C094D22682B689A4204D94FF4FB
S214021D30877107481CF0B8F828682368C01A20F094
S214021D40010080B238BD00BFBC500020C450002045
S214021D50787B040038B5124C124D21462846F5F71A
S214021D6041F823680BB12B681BB9DE210E481CF024
S214021D709BF82A680D4B0E491A60236823F001036C
S214021D8013440B600B4B1A602AB9BDE83840F821A1
S214021D9005481CF089B8FFF7C3FF6428F5D938BD9B
S214021DA0B4500020B8500020787B0400C0500020B9
S214021DB0C4500020BC50002038B5094C094D22689A
S214021DC02B689A4204D34FF48A7107481CF06CF8C9
S214021DD028682368C01A20F0010080B238BD00BF10
S214021DE0C0500020C4500020787B04002DE9F0414A
S214021DF01D4B04461B78012B24D100881BF052FC95
S214021E000546D8B10426DFF864802C461BF05AFF3C
S214021E1007462046FFF736FF638843EA08036380D7
S214021E20A05B1BF03FFC044638461BF046FF1CB185
S214021E30B4F90230002BE9DA062E01D1BDE8F081B2
S214021E400626E2E7022BF9D11BF03CFF0246208869
S214021E501BF028FC18B10388C3F30E032380104638
S214021E60BDE8F0411BF029BF1F5F00200080FFFF86
S214021E702DE9F04F0024BA4B97B006461C801BF0A3
S214021E8021FF0123DFF8EC82B64F3B70B8F8003032
S214021E90A8F80040ADF81630B34B1B6801931BF050
S214021EA00CFFB24B21461A88B14BD2001868F8F7DD
S214021EB04DF80DF11600FFF799FF002E3CD1DFF822
S214021EC0B8924FF0000B0125D9F80040019B9C42C6
S214021ED039D3BBF1000F39D1002DF2D0D9F800402A
S214021EE0DFF898A225462246019B9A4273D3022324
S214021EF00DF116003B70FFF779FF002E40F08F8041
S214021F00D9F800603246AA4280F0A28090881BF080
S214021F10C9FB18B10388C3F30E039380D0881BF065
S214021F20C1FB18B10388C3F30E03D3801046FFF734
S214021F3095FE0246E7E79847E3B256F823300134A7
S214021F40002BF8D1BBE7BBF1000F3ED00BF1FF33FD
S214021F505FFA83FB16AB03EB8B0252F8402CB2F906
S214021F60020051880028B1DA4B04AFD4924641F4FD
S214021F708040931D2AF8020F02933AF8020F1BF0D4
S214021F8091FBF0B1B0F902E0B0F802C0BEF1000F6A
S214021F9017DB6FEA4C4C6FEA5C4CA0F802C0039069
S214021FA0FFF770FEBBF10F0F8FBF002516AB039A2B
S214021FB003EB8B009EBF0BF1010340F8402C5FFA47
S214021FC083FB029B9A45D8D180E72046FFF746FE60
S214021FD022460446C3E7104617F00FFC8346B2F9C2
S214021FE00200118800280AEA010108DA20461BF0DE
S214021FF04FFB084381B204EB4B0402EB4B05104641
S2140220001180FFF72BFE02466EE798475FFA8AF3C7
S21402201056F823300AF1010A002BF6D170E74FF08A
S214022020000AF3E73046FFF719FE82467EB1B6F99C
S21402203002307188002B0ADA3088C0F30E001BF0DB
S21402204031FB864203462DD1C1F30D0171805646FF
S214022050AE42E7D3DFF81CA11BF034FE0021064691
S214022060504617F02DFC1BF01DFB0546002800F01D
S214022070878030461BF021FE284617F0BEFB064638
S21402208020461BF005FB814676003246294620464E
S214022090F7F7AEFF002249460DF116001CF04CF889
S2140220A03444D9E71BD9304617F0A7FBC1F30D011C
S2140220B0420071801846314692B2F7F799FFC6E79A
S2140220C05046FFF7CBFDD146854203D9B0F9023020
S2140220D0002B01DA824603E0FFF7C0FDF4E7B146C3
S2140220E0554507D9BAF80000C0F30E001BF0DAFA1D
S2140220F08245E5D3B9F1000F30D0B9F80000C0F33D
S2140221000E001BF0CFFA034638B93346CB46994544
S21402211013D8B1459BD0D946ECE7484617F06DFB7D
S214022120B9F802204946C2F30D02A9F8022042007D
S21402213092B21846F7F75CFFE7E718460193FFF7F7
S2140221408DFD019B9B46854203D9B0F90230002BD8
S21402215001DA0346DBE7FFF781FDF4E7CB46DAE771
S214022160CE5700201F5F0020BC500020CC57002016
S214022170B0500020D0570020C05000200080FFFF43
S214022180BDF816303870A8F80030044B30461C6094
S2140221901BF093FD17B0BDE8F08F00BFBC500020C7
S2140221A02DE9F04105461BF07DFA0F460446D8B1EC
S2140221B01BF0ACFF20B940F2FB4120481BF074FE36
S2140221C028461BF0A9FA05462046FFF747FDBD4202
S2140221D0064609D004D840F2035118481BF064FEA4
S2140221E02588ED0B02D02781BDE8F0816780204666
S2140221F017F003FB074604EB40081BF063FD104B89
S2140222001A68B2420AD1C3F800801BF056FD2A466D
S2140222104046BDE8F041FF21F7F798BEA6EB080658
S214022220B5B21BF04AFD072DF1D90023083D44F84C
S2140222301730C8F80430A8F80250D5E7787B0400B7
S214022240BC50002038B51BF03DFD00210546044871
S21402225017F036FB044628461BF02FFD204638BDF5
S214022260D0570020024B1888B0FA80F04009704719
S214022270D05700202DE9F74F044600881F461BF072
S21402228011FA8846154606461BF040FF20B940F272
S214022290FE613F481BF008FE3388DB0B009306D036
S2140222A033892B443381002003B0BDE8F08F2088A9
S2140222B01BF032FA82463046FFF7D0FC01901BF044
S2140222C001FDDFF8D0B0019BDBF8002081469A4280
S2140222D01DD1FFF725FDA84204D248461BF0EDFCAF
S2140222E01A20E1E70AEB050373803FB120881BF052
S2140222F0F7F92A4641465044F7F7B8FF3046FFF74B
S214022300ADFCCBF8000048461BF0D7FCCBE71BF031
S214022310D4FC20881BF000FA2844009980B21BF0F7
S21402232053FA06460028DBD01BF0DAF981462088ED
S2140223301BF0D6F9824620881BF0EEF9514602467B
S2140223404846F7F793FF3046AFB11BF0C9F9074688
S21402235020881BF0E1F92A4641463844F7F786FF03
S214022360012120881BF0F4F90121024630461BF0B9
S21402237003FA268097E71BF0B3F9804620881BF005
S214022380CBF92A4639464044F7F7E0FDE8E700BFB6
S214022390787B0400BC500020342101481BF084BD29
S2140223A08C7B0400036910B55BB18268064B9A42C7
S2140223B001D1002010BD44691BF06FFD201AF9D52B
S2140223C0F7E74FF0FF30F5E79923020082681C4BCF
S2140223D070B59A420446056819D11BF073FC23694E
S2140223E023B1A34206D100222A601A61BDE87040DA
S2140223F01BF063BC1A4611461269A242FBD12A6838
S214022400A24208BF29600B6100232361EEE703693D
S21402241093B198426E6803D19D210A481BF044FD91
S2140224202B46B44209D122699D4218BF1A614FF069
S214022430000308BF6A60236170BD33463669F0E761
S214022440992302008C7B04002DE9F04707460025FD
S2140224504FF0010A154EDFF858808AB0347914B965
S2140224600AB0BDE8F087D6F8009087B900972A46EA
S214022470B8F80010234603A81BF0F5FE224648468D
S21402248003A9E9F723FC2544EDB20836E6E722461F
S21402249003A94846E9F7EEFBCDF800A023462A46F4
S2140224A0B8F8001003A81BF0DEFEECE7A8C604008E
S2140224B0D25700200148FFF799BC00BFD257002030
S2140224C09C46174BF7B5054608461988164611B1BD
S2140224D0144B1C78CCB1014662463046BDB103B0FF
S2140224E0BDE8F040E9F7C6BB1C44E4B208373B79C6
S2140224F0002BF0D03A689642F6D185F001052246C6
S21402250000951BF0B0FE03B0F0BD074FEFE7E9F70A
S214022510DDFBB0B203B0BDE8F04015F013BB00BF60
S214022520D2570020E5680020A8C6040010B5074C64
S214022530238843B10020FFF787FF0020FF22044BC9
S21402254020801A7010BD0220FCE700BFD257002080
S214022550E5680020142810B518D8082805D115F00B
S2140225606AFBC401E4B2204610BD0E2802D115F063
S21402257065FBF6E7064B53F82040002CF3D00A28FA
S2140225802478F0D107F0C2FB0443EBE7FF24EAE726
S214022590F8C60400014BB3F86800704700500020EC
S2140225A0004870476A500020014B1878704700BFF9
S2140225B0965E0020014B1878704700BF995E002097
S2140225C0014B1870704700BF995E0020204B02280E
S2140225D010B5204C187002D00438012822D823786F
S2140225E0042B0BD000211C481BF066F92378033B12
S2140225F0012B03D9002119481BF05EF9184B1B6802
S2140226009A0022D513F0805F40F6114418BF4FF4AB
S2140226104164204615F0C4FEC8B92046BDE8104005
S21402262015F08EBA0C48FFF7D1FE0C48FFF7CEFE27
S21402263017F0BFFB2378033B012B03D815F0AAFE45
S2140226401624E6E70DF0BAFFFAE71524E1E710BD17
S2140226509D5E00209E5E002070660020EC410020F9
S21402266080420020024B187800F00F00704700BF2F
S2140226709D5E0020034B187800F00F00831E584220
S214022680584170479D5E002008B517F07DFBC0B12B
S21402269017F093FBA8B10FF01BFD90B90A4817F08C
S2140226A0C6F870B1094817F0C2F850B115F0CBFA67
S2140226B038B115F077FE20B9BDE80840044817F097
S2140226C079B9002008BD00BFD45700200858002062
S2140226D0C850002030B505460C4693B081B910B9F3
S2140226E0002013B030BD1023214A69460120FFF7AF
S2140226F0E7FE9DF805305A1E052A28D91720F0E76E
S214022700182200212046F7F721FC002DEBD1FFF717
S214022710B1FF30B315F03FF96A4601460020FEF7D6
S21402272091FEBDF80430204623819DF80230A37244
S2140227309DF80030E37217F005FD002304F1140142
S214022740237304F1100004F0F7FDE081C8E7094A9C
S2140227509DF8041012789142D0D12B70002CD6D15D
S214022760BEE7054B1B78033B022BD3D9C6E700BF57
S21402277064EE0100B86800209D5E002030B593B07C
S21402278005460C46FFF776FF20B90C4B1B78033B39
S214022790022B10D815F0FFF86A4601462846FEF7C7
S2140227A051FE00209DF80230607023709DF80030C4
S2140227B0A37013B030BD1720FBE700BF9D5E00205C
S2140227C0054B1878012805D000F0FD00A0F1310372
S2140227D058425841704700BF9D5E00202DE9F341E4
S2140227E00E46002105461BF0A1FC0023124FADF851
S2140227F006002B800DF1060017F019F8044610B1FA
S21402280002B0BDE8F08121460DF1060017F058F837
S21402281080461AF065FF438AB34207D99B1B438260
S2140228202246414628461BF087FCE3E743895B07BE
S214022830E0D53B88F3E700BF5068002008B50A4899
S214022840FFF7C4FD09484FF47A71FFF7C7FF074840
S21402285016F0EDFF30B9BDE808404FF47A71024831
S2140228601BF02AB808BD00BF506600205E68002034
S2140228701FB50146002201A81BF0EEF8064801A982
S2140228801BF0B7FC20B11AF02BFF4089C0F34000C2
S21402289005B05DF804FB00BF5E68002030B585B069
S2140228A00D460022014601A81BF0D6F8084801A9E9
S2140228B01BF09FFC50B11AF013FF04460146082293
S2140228C02846F7F795FB6089C0F3400005B030BD97
S2140228D05E68002010B5044C204616F0DFFF6388C1
S2140228E0181A80B210BD00BF5E680020F8B5054613
S2140228F0F8B100210F481BF019FC0446A8B10D4F91
S21402290020461AF0EDFE06461BF092F8830705D421
S214022910082229463046F7F765FE38B12146384682
S2140229201BF028FC04460028EAD10024201E18BF0B
S2140229300120F8BD5E68002010B50C460146064828
S2140229401BF057FC30B11AF0CBFE43891C4214BF71
S2140229500120002010BD00BF5E6800201FB514468F
S214022960024601A81BF078F8074801A91BF041FCB3
S21402297040B134B11AF0B4FE142201462046F7F7ED
S21402298037FB012004B010BD5E6800201FB501466B
S214022990002201A81BF060F8094801A91BF029FCD7
S2140229A058B11AF09DFE4389024613F0020004D085
S2140229B0507B80F00800C0F3C00005B05DF804FB51
S2140229C05E6800200146014817F08EB85E68002057
S2140229D0F8B504460E46142000211AF0F5FE054608
S2140229E0204616F05BFF6388834225D925B331461D
S2140229F0204617F079F808BB28461AF071FE0746FB
S214022A000A223146F7F7F4FA082206F10A0107F11C
S214022A100A00F7F7EDFA0A4B1B887B82238823B954
S214022A204FF47A7107481AF047FF204600222946DB
S214022A301BF082FB0020F8BD1C20FCE72E20FAE7E4
S214022A40506800205066002010B5044686B0B0B12B
S214022A501AF0EEFF10F0020011D1CDF80E006168F8
S214022A60CDF81200ADF81600206801AB03C3228928
S214022A70044801A91A80FFF7ABFF06B010BD21205B
S214022A80FBE700BF5E680020F8B50D4616461F46F7
S214022A90044648B31AF0CCFF30BB2046FFF792FF3D
S214022AA0E0B1214611481BF0A4FB1AF019FE438937
S214022AB005734673877343F00203218943812046D8
S214022AC001F0F2F9FF28044606D001F0F3F818B137
S214022AD00022074B43F82420002004E02046FFF79C
S214022AE0B3FF0028DDD0F8BD2120FCE75E68002099
S214022AF0BC3F0020F7B59DF824400D4601949DF892
S214022B002040064600941F460DF076FC4FF6FF71F5
S214022B108842044610D0BB0711D4284600F0CCFFEA
S214022B2020461AF0FDFFFF281FBF084A32F8103071
S214022B3023F4804322F81030204603B0F0BD02464C
S214022B402946304616F0D7FFEAE700BF985700201E
S214022B5073B50E46014614481BF04BFB0546D8B12A
S214022B601AF0BEFD43890446334012D09B0736B2A4
S214022B700BD5002E09DAA17B437B0289007B0191EB
S214022B80012100912146FFF7B5FF638923EA060378
S214022B906381628912B1012002B070BD29460248E3
S214022BA016F0ADFEF7E700BF5E6800200148FFF7AB
S214022BB01DB900BF5E6800201FB50C460B4A0146D1
S214022BC001A81AF049FF01A8FFF7FCFE60B101A9AF
S214022BD007481BF00EFB1AF083FD03682360436868
S214022BE00020636004B010BD2D20FBE766C704001A
S214022BF05E68002013B53E4C12F09FF9D4F8FC3103
S214022C001020C3F307430193FFF7A4FC000650D538
S214022C100020FFF79FFC01064BD5019B802B3ED17F
S214022C20236A9A0704D440F61544204602B010BD23
S214022C30E3699B07F7D52F4815F0D4FE012016F05E
S214022C40A4FC12F08DF904460028EED100F086F9B5
S214022C50294816F089FE00F0F1F9E8F775F912F046
S214022C606BF90AF0F1FC0AF043FDF4F717F9F4F7F2
S214022C70CBF9F4F7E5F904F003FD14F0DEFF14F0E7
S214022C80DFFF15F092FB1D480CF00CFC07F092FEDD
S214022C9015F04AFB0028C8D015F048FBC5E7019B93
S214022CA0812BC0D1D4F80C315B00BCD5D4F80C31E2
S214022CB0BFE71020FFF74EFC0006BCD40020FFF74B
S214022CC049FC0106B7D5019B802B05D1084B1A6A31
S214022CD0D207A8D5DB69ACE7019B812BA3D1044BB5
S214022CE0D3F80C21002A9EDAD3F80C31A1E700BFF4
S214022CF00080E00F690345ECC850002071280200EE
S214022D0010B517F053F870B301F0B8FB80F0010469
S214022D10E4B20020FEF7F6FA44EA800424B217F082
S214022D2033F810BB0220044316481BF02DFA44EA7F
S214022D30401415481BF028FA24B244EA001413483B
S214022D401BF022FA24B244EA801411481BF01CFA43
S214022D5024B244EA40240F481BF016FA24B244EA8E
S214022D60C02080B210BD0124D3E70B4816F05FFDE9
S214022D700028D7D0094816F05AFD80F00100C0B2EC
S214022D804000D0E7B066002094670020844200200E
S214022D901467002074670020D457002008580020CB
S214022DA008B501F047F90EF0DFF8FDF7D9FE154831
S214022DB016F03DFD08B906F065F9134816F037FD22
S214022DC008B907F0E1FD03F059FC0CF01DFD0F48B1
S214022DD016F0FCFD0E4B1B78043B022B09D80D485F
S214022DE01BF0D2F928B1FFF78BFF102801D109F0AA
S214022DF07DF914F02AFF16F08CFEBDE8084006485E
S214022E00FFF736B8D457002008580020C8500020D4
S214022E109E5E00209467002070C70400014B18686D
S214022E20704700BFFC4F0020F8B54FF6FF77104BF7
S214022E3006461B780C46033B012B0F8009D830460A
S214022E400AF0BAFC4FF6FF73984220800ED000209C
S214022E500DE00CF023FEB84205462080F7D130463E
S214022E6000F002FDA8422080F1D1E8E72D20F8BD4F
S214022E709E5E00204FF6F77370B5984204460D46E4
S214022E8086B05AD816F046FEA04207D108222C4930
S214022E902846F7F7ADF8002006B070BD294EB6F802
S214022EA06830A3420AD10022082106F16A0016F011
S214022EB0C3FD18B9082206F16A01E9E7ACB1224B54
S214022EC01B78033B012B1AD8002301221946204601
S214022ED000930AF01BFBFF2823D1294620460AF05E
S214022EE0BFFC80F00100C0B2D6E7184B1B689B07F8
S214022EF0E5D4284608F0DCF90028E0D0CBE72046E7
S214022F0000F06AFFFF2806D129462046FFF754FE46
S214022F100028D9D1BFE7294600F080FF0028F3D069
S214022F20B9E702A918F024F80028D6D1DDF80D304A
S214022F302B60DDF811306B60ADE70120ACE700BF17
S214022F40205F0020005000209E5E0020804200206D
S214022F50014B1870704700BFB868002010B5054CCA
S214022F60082221460448E8F785FE204616F00CFEA5
S214022F7010BD00BF205F002034B608C0004870476E
S214022F80205F0020082208B50349F7F72BFBB0FAAA
S214022F9080F0400908BD00BF205F0020014B18707A
S214022FA0704700BF915E0020074B44F6FF701A7808
S214022FB040F6FF73012A18BF1846044B1B780BB164
S214022FC040F40040704700BF9E5E0020915E0020E5
S214022FD0F7B50D46044616461F460021284601F060
S214022FE0F1FF0B4B002183F859402A463346204610
S214022FF000970EF0AFFC014630B10222204603B025
S214023000BDE8F04000F006B8012003B0F0BD00BFF6
S2140230100050002013B513460C461AB1022A0CBF04
S214023020134601230021044A019100922246FEF72C
S214023030A5FA02B010BD00BF8F9E030000B50020A7
S21402304093B0FEF717FA1E4B18880CF031FA1D4B98
S2140230501D491A7800200EF0A1FD34220021684690
S214023060F6F774FF0B238DF800306FF4803301936C
S2140230704FF6FE73ADF8103003238DF81D30134B58
S214023080134A0893134B10680993134B51680D9318
S214023090124B6A460E93124B0F93124B1093124B1F
S2140230A0119302AB03C300210846FEF781FC6A4671
S2140230B001210020FEF77CFC13B05DF804FB00BF84
S2140230C048680020CB680020848B0400E5340200A8
S2140230D0205F00202B9C03005D6D02008D360200EF
S2140230E05D8402008F9E0300AD670200014B1878D4
S2140230F0704700BF285F0020014B1888704700BF4A
S214023100626800202DE9F74F814610460E4690462B
S2140231101AF0A8FFDFF840B105469BF8003033B935
S2140231204A4B1B681BB94A4B1B68002B7FD015F411
S214023130406A05F040071BD19FBBB5F5804F61D2B0
S2140231404FF48074B9F1400F73D0B9F1800F63D099
S214023150B9F1100F6BD100239BF800003D4AD9B29B
S214023160884264D932F8021B0133A142F7D166E0E5
S21402317008F103001AF076FF4FF6FF73984214BF69
S2140231800124022487B1052705F44043B3F5004F16
S21402319044F0080425D0B5F5804F24D244F4807458
S2140231A021E054460327EFE7B5F5804F4FF00507B9
S2140231B0F4D3BAF5406F14BF0220082038444044C6
S2140231C01AF050FF019016F0C2FC019B05F4404530
S2140231D098420CBF44F0080444F00404B5F5004FCE
S2140231E001D144F08004BAF5006F0FD108EB070056
S2140231F01AF038FF054616F08DFCA842A2D144F01C
S21402320010049FE7544603270220D7E7BAF5406F1B
S21402321008BF44F0200495E70C4B1B683BB1002224
S214023220D1B233F8110033F91110002903DA002065
S21402323008E0074BF1E7A04202F10102F0D106B125
S2140232403480012003B0BDE8F08F00BFD8500020C4
S214023250DC50002032580020705F0020034B1A78A2
S214023260022A04BF09221A70704700BF295F002095
S2140232700C22034B1A211A700320002202F024B8F3
S214023280295F00200C2208B5054B1A211A7000226D
S214023290104602F019F80022024B1A6008BD00BF61
S2140232A0295F0020E45000200C2270B50D4B054625
S2140232B01E781A7030B93046BDE8704000221A21D6
S2140232C002F002B8084B1C78E1B21A29F3D825FAA4
S2140232D004F3DB0703D54422304601F0F5FF013440
S2140232E0F2E700BF295F0020E76800200C22024BAD
S2140232F01A7015F050B800BF295F0020F0B50C8890
S21402330005460E468BB0E4B94FF6FF77ADF824704B
S21402331015F054F810B902200BB0F0BDCDE9034009
S214023320CDE90544134A0294B2F85C306032019348
S21402333000923B464CF60101FF2009AA18F061F9FB
S2140233403080284616F07CFD0B4C70B1237863B1B2
S214023350013BDBB22846237016F072FD38B12078A6
S214023360B0FA80F04009C0B2D6E70523F2E70120A2
S214023370F9E700BF00500020E6680020034B114624
S2140233801B6803B1184714F099BB00BFE450002035
S2140233900C22024B1A700AF0F1BC00BF295F002013
S2140233A00148FEF723BD00BFD65700207FB505466D
S2140233B00C4616461AF064FC00286BD1062D03D87C
S2140233C05223EB40DB071AD4B4F1006F05D3E30EA9
S2140233D01C3B032B18D94F202EE000222F4B1A60DD
S2140233E02F4B1D7016F051FB03460A2D54D8DFE80A
S2140233F005F02D183E49182518535341360002F0A1
S2140234003BFCB4F1006FE2D20022244B042D1A607A
S214023410234B1D70E6D1022001F02EFC16F035FB80
S2140234200346012202921F4A01921F4A00921F4A35
S214023430314620460EF088FE04B070BD3146204666
S2140234401B4A04B0BDE870400EF066BE3146204608
S214023450184B194A04B0BDE870400EF041BE002277
S2140234600292164A0192104A0092154AE0E7022298
S2140234700B4B1A7000221046124904B0BDE8704089
S214023480FEF742B8002202920F4A0192064A0092C2
S2140234900E4ACDE74D20CFE70120CDE7E4500020CD
S2140234A0295F0020A9320200E53402007B9E030059
S2140234B091330200853202007D330200ED320200B3
S2140234C0FD3202005D320200713202003D9E0300B0
S2140234D008B50EF069FE0C22014B00201A7008BDDA
S2140234E0295F0020F0B585B0ADF8060018B9762140
S2140234F064481AF0D9FCBDF8060016F068F80446CF
S214023500BDF8060016F063F8082846D00C2CBDF865
S214023510060042D116F05EF907461AF0A3FD0DF139
S2140235200F010646BDF8060014F070FB002879D09D
S2140235300922002138461AF013F89DF80F3010338E
S214023540C518BDF806001AF0E7F8EDB2854269D252
S2140235502946BDF806000EF035FF06F44C4416F474
S2140235604066054614D0F81C1AF07CFD4FF6FF7331
S214023570984208BF44F04004B6F5006F08D1781DA3
S2140235801AF070FD4FF6FF73984208BF44F010041D
S2140235909DF80F305BB3072D44D1BDF8060016F038
S2140235A00CF80446BDF8060016F011F8082817D0E5
S2140235B0A30615D524F0200189B2BDF8060015F041
S2140235C0E7FFBDF8060016F005F90021092219F0FA
S2140235D0C7FF00F1100189B20DF1060018F03AF9A2
S2140235E00022BDF8061028481AF0A6FD1AE0082D9B
S2140235F016D8BDB1013D072D14D801A353F825F006
S2140236005D360200693602002536020029360200BF
S21402361025360200753602009B3502007B36020014
S2140236207C2D24D005B0F0BD24F48844A4B2B4F5B1
S214023630084FF7D1BDF8060015F0C4FFBDF8061016
S2140236400BF0D0FF0028A8D0BDF8060016F025F82B
S2140236500022014602201AF0CEFCE3E724F480643E
S214023660A4B2B4F5484F97E7B4F54C4F94E7B4F5D7
S2140236704C4F92D04CF6500301E04CF640439C422D
S2140236808AE700BF9A7B0400D45700202DE9F7434F
S2140236900F469046994606461AF022F804463046E9
S2140236A01AF03AF8C5B2083D2C44E178094BA278E4
S2140236B01970094B31461A70002043463A46CDF837
S2140236C0009012F0EFF8003818BF012003B0BDE8F2
S2140236D0F08300BF4D5F00204C5F00202DE9F04FC5
S2140236E0DFF84081DFF8409198F8002099F8003022
S2140236F006469A4285B004D340F2191142481AF09F
S214023700D3FB30460DF10F011AF0BEF920B14FF48B
S2140237108E713D481AF0C8FB98F800709DF80F406D
S2140237203D1B15F0FF0530D04FF0FF3C374B012113
S2140237301B78A140184699F800304FF6FF790CFA2C
S21402374003FC0023324A01F1FF3E0193C1F1000A55
S2140237509DF80430984243D8122004FB00002D4BFB
S214023760A0F1120105EBC5025200194404F1010949
S2140237701844F6F73DFC4FEA89092748A9F10401E7
S2140237800144AA004844F6F733FC224904EBC4027B
S21402379001EB420321F81260204A013712784FF6F5
S2140237A0FF71DA731A745A7412025A801C4A0D2078
S2140237B012781A7110225A7100229A73C3F80620E0
S2140237C0C3F80A20144B43F8242088F800701AF035
S2140237D012FC0EB908F05CFF204605B0BDE8F08F7B
S2140237E013884B450AD053680AEA030B03EA0E0312
S2140237F00B4403EB4B0343EA0C035360019B083272
S21402380001330193A4E700BFAD7B0400C568002026
S2140238101840002088550020BC3F00204D5F002045
S2140238202A5F0020975E0020C36800202DE9F04141
S214023830074600250A4B0B4E93F80080ECB2A045D3
S21402384003D8FF242046BDE8F08108223846B11D81
S214023850F6F7C8FE01350028F4D01236EEE700BFB0
S214023860975E00208855002008B5FFF7DFFFFF2887
S2140238701DBF00B2044B00EBC0004FF6FF7018BF2E
S21402388033F8100008BD00BF8855002007B50DF1BB
S21402389007011AF0F9F830B19DF80730034803EB38
S2140238A0C30300EB430003B05DF804FB8855002019
S2140238B02DE9F843294E044633785D1E2D1A8342BD
S2140238C0EDB204D84FF4A17125481AF0EDFA01239F
S2140238D0A3404FF0FF305F1E3B4400214FF6FF7EB1
S2140238E06FEA03081F4A92F800C01F4A12789040F7
S2140238F01E4ACBB29C4523D8BDB127B204EBC40402
S2140239001B48640005EBC50204F112010144520093
S2140239102044F6F76DFBBF001648AA00391D014485
S21402392002F0FC023844F6F763FB33780022013BD0
S21402393033704FF6FF71BDE8F8430E201AF05BBBFA
S2140239401388734507D0536808EA03093B4003EB24
S21402395059030343536008320131CAE7975E0020D9
S214023960AD7B0400C5680020C36800201840002014
S21402397088550020BC3F002010B50A4C207858B964
S214023980094B1B781A2B03D9992108481AF08CFA8E
S2140239900322074B1A7010BD0138C0B2FFF788FF2A
S2140239A0ECE700BF975E0020C3680020AD7B0400F2
S2140239B0935E00202DE9F04705461AF030FCFF28FA
S2140239C0044624D1DFF884901E4B99F800201B7819
S2140239D09A422BD22846BDE8F047FFF77FBE3888CA
S2140239E03B79504518D86F2B4FEA131214D85B0751
S2140239F010D0123708F1010899F800105FFA88F61D
S214023A00B142ECD80023104ADEB28E4214D32046CE
S214023A10BDE8F087022AECD90DF0E2F90028E8D1D9
S214023A2029463046BDE8F04716F04BBA4FF000087C
S214023A304FF6F77A044FDFE7107901338F28EFD875
S214023A401232E1E7C368002088550020975E002006
S214023A504FF6F773984210B514D8FFF7ABFFFF285E
S214023A6010D0134C00B200EBC00004EB400412F07E
S214023A7073F9104938B962880B7802EB0313A3EB8B
S214023A801213638010BD227C637C09789A42E2732B
S214023A902374617407D98B4203D213468B4228BF24
S214023AA00B461B02EDE78A42F8D31346F9E700BF3E
S214023AB0885500204D5F00202DE9F04106460F464E
S214023AC000240E4DDFF8388098F80030A34201D863
S214023AD0BDE8F081082229463046F6F783FD40B954
S214023AE035F8063CBB4204D02046FFF7E1FE013C17
S214023AF0E4B20134E4B21235E6E700BF8E55002088
S214023B00975E0020F8B5054608460E46FFF78EFE7D
S214023B10FF2830D01D4B294653F820703046FFF759
S214023B20CBFF2846FFF746FFFF28044625D10CF0B8
S214023B3083F8FF280AD1164C207838B113F02EFFEE
S214023B402378B0FBF3F202FB1300C0B2294616F04C
S214023B50B8F9044623B20F4D03EBC30305EB430546
S214023B6008223146A81DF6F743FA2B79204603F0C1
S214023B700F032B71F8BD0027D3E7074B1B78002BEA
S214023B8018BF0027014B43F82070E3E7BC3F002034
S214023B90C368002088550020E868002038B50B4B23
S214023BA004461B780D46834204D840F25A21084840
S214023BB01AF07AF9074804EBC40400EB44002946DD
S214023BC0BDE8384008220630F6F712BAC36800206D
S214023BD0AD7B04008855002070B5044608460E46A4
S214023BE01AF01DFBFF28054610D02046FFF71EFEE2
S214023BF0FF2807D0084B1B7823B9084B53F8202020
S214023C0043F8252021462846FFF7C8FF31462046BE
S214023C10BDE87040FFF750BFE8680020BC3F0020B8
S214023C202DE9F8430024804601272646114DDFF889
S214023C304C9099F80030A34210D83E430134E4B2C7
S214023C401A2C4FEA470705F11205F2D14FF0FF3062
S214023C50094B1B7898403043BDE8F8832B884345D0
S214023C60EBD0284616F085F90328E6D82B796F2B79
S214023C70E3D8E3E788550020C3680020975E00205B
S214023C8010B5084C00EBC00004EB400423795B0738
S214023C9007D1204616F06DF9237923F0070318435F
S214023CA0207110BD88550020014B1878704700BF60
S214023CB0E9680020014B1878704700BFE8680020CA
S214023CC070B51A48FEF782FB194B1B78033B012B93
S214023CD028D805F0A3FB03F057FBBDE870404FF46D
S214023CE07A51124819F0E8BD23798F2B4FEA131147
S214023CF011D80131204616F06CF9062901D803299D
S214023D0009D12379002223F007034FF6FF710F2013
S214023D1023711AF070F9123401353278EBB29A42F6
S214023D20E2D8D6E70025034C034EF6E7706600207D
S214023D309E5E002088550020975E00200022084BD9
S214023D401878084BD1B2884203F1120300D87047A4
S214023D5013F80D1C013221F0100103F80D1CF1E7D7
S214023D60975E0020885500202DE9F047022612278C
S214023D70DFF85C90DFF85C8099F8004000250CE0E4
S214023D8007FB05F338F803A00021504616F006F9A3
S214023D9010B15CB1013CE4B2013599F80030EAB2E8
S214023DA09342EDD8A34204D14FF6FF7A5046BDE8BF
S214023DB0F08713F0F3FD99F80030012EA3EB04030D
S214023DC090FBF3F202FB1300C4B2EDD00126D5E756
S214023DD0975E00208855002010B504461AF01FFA98
S214023DE0FF2808D1204619F09BFEFF281FBF024B72
S214023DF01B78C018C0B210BDC3680020044B002157
S214023E001A78044B04481B781A449200F6F79EB8B8
S214023E10C3680020CA680020BC3F002010B5134BC0
S214023E200C461B7886B0834212D9114900EBC000BB
S214023E3001EB4001082220460631F6F7D9F80022A7
S214023E400821204615F0F8FD80F00100C0B206E019
S214023E50C01A01A9C0B20CF02BFA10B1002006B0AD
S214023E6010BD01AB03CB20606160E8E7C3680020A9
S214023E708855002008B5074B024653F820308B427F
S214023E8006D915204FF6FF711AF0B5F8002008BDC6
S214023E900120FCE7BC3F0020024B013143F8201012
S214023EA0704700BFBC3F00202DE9F34781460C4611
S214023EB000272A4EDFF8ACA09AF80030FDB2AB42DB
S214023EC010D86946204617F088F9C0B3082269461A
S214023ED04846F6F787FB90B34946204616F01FFB86
S214023EE0FE2537E006F10608082241464846F6F760
S214023EF079FB90B94FF6FF739C422BD03388A342CE
S214023F0028D0204619F00CFEFF2814D14946204638
S214023F1002B0BDE8F047FFF7F5BD14B91236013717
S214023F20CAE73388A342F9D100220821404615F099
S214023F3083FD0028F2D12846FFF7BAFCCCE74946B3
S214023F40002019F0BDFDFF28054603D0044B1B7860
S214023F500344DDB2284602B0BDE8F087885500204B
S214023F60C3680020975E002008B5FFF7E7FE054B02
S214023F701B78013B012B03D8BDE808400CF084B93E
S214023F8008BD00BF9E5E00200F4B1B7883420CD8F4
S214023F90C01A0E4AC0B232F81030D90411D443F413
S214023FA0805322F8103001207047094B00EBC00006
S214023FB003EB40035A79D10603D442F010025A7139
S214023FC0F1E70020704700BFC36800209857002022
S214023FD088550020F0B5134B06461B78FBB100252A
S214023FE01148DFF84CC090F800E0104807781F44EC
S214023FF0E8B2864501D80020F0BD7C1B94FBF3F0A6
S21402400003FB10440CEBC4003CF83440B44204D129
S214024010002AF1D184788C42EED00135E8E71846C2
S214024020EAE700BFC56800206C420020955E0020CB
S2140240301840002070B510F071FF14250F49104E7D
S2140240400B78328830809B1A03449BB2B3FBF5F49C
S21402405005FB14330B700B49E2B20B78934292BF06
S21402406000239B1ADBB2032A0B7088BF0023064983
S2140240709EBFD2000B68D3400B6070BD2D5F002040
S214024080D8570020945E00206C420020084B186827
S214024090084BC2B21B789A4208D2074BC0F30720DD
S2140240A01B78984234BF00200120704701207047D9
S2140240B06C420020C56800202C5F0020F8B505463B
S2140240C01746FFF7E3FF064610B9184B1A783AB9B7
S2140240D0212001224FF6FF7119F08DFF0020F8BD56
S2140240E01348DFF854C003780133B3FBF2F402FB43
S2140240F0143303700F48DCF8002000EBC30420F8EA
S214024100335002F10132A1703846CCF80020FFF796
S21402411087FDE670606015F0FDFCA84201D1012023
S214024120DDE7E3780133E370F9E700BFC5680020F6
S214024130955E0020184000206C42002010B50B4C03
S2140241400B4A2378063B137010F0E8FE0022094B58
S214024150FF211880084B09481A602278D200F5F72A
S214024160F5FE0422064B1A7010BD00BFC56800207B
S2140241702C5F0020D85700206C42002018400020F8
S214024180945E002048B139B1044B1B780B70044B87
S2140241901B78037001207047084670472B5F00208B
S2140241A0EA6800202DE9F843074619F076FE054630
S2140241B01A4819F0E9FF1A4B48B31C683C1B2C44FA
S2140241C0A4B20022174BDFF864901B78164D99F8BC
S2140241D0006005EB03155FFA82F8464509D9AB88FD
S2140241E005F11000A34215D9B21A29461201F5F7B5
S2140241F0FFFE013689F80060AC80B8F1000F03D1EB
S2140242003946064819F058FB2846BDE8F8833C466E
S2140242101D60D6E705460132DDE700BF9066002046
S214024220E85000202F5F0020BC3E0020305F0020B8
S2140242302DE9F74F19F031FE4FF0000E284D294FA9
S2140242402978294C97F800A004EB011303EB0A1215
S2140242500092F3465246DFF898801FFA80FC064624
S214024260B8F80000ACEB0009A0EB0C001FFA89F9C5
S21402427001900098984217D1BEF1000F00D0297025
S214024280524503D200203A70FDF7E6F83B7823B396
S2140242902B78164804EB0314A188C8F8006003B014
S2140242A0BDE8F04F19F008BBB3F804C0CC450FD8F0
S2140242B04FF0010E93F802C001310CF1FF3C013AB7
S2140242C0A3F804B083F802C0C9B2D2B21033D0E762
S2140242D001988444A3F804C0F8E703B0BDE8F08F61
S2140242E02F5F0020305F0020BC3E0020906600203A
S2140242F0E85000207FB56C461E4B1F4D1E78013ECF
S214024300F6B21E7095E80F0084E80F001B4B284695
S2140243101A7805F1100132441201F5F769FE9DF88C
S214024320026016F00F0511D1BDF808000EF0C4F9B0
S214024330360918BF29464FF00002BDF8000008BF34
S214024340039904B0BDE8704003F0F4BCBDF8040065
S214024350FFF728FF0346828804ADADF80420224604
S21402436003CAAA4218605960144603F10803F6D13C
S21402437004B070BD2F5F0020BC3E0020305F0020DE
S214024380F8B50024084D094F094E3B783178E2B261
S2140243900B449A4204F1010400DBF8BD2846FDF7FF
S2140243A025FD1035F1E700BFBC3E0020305F00203F
S2140243B02F5F002070B5134B06460D461046124975
S2140243C01A78124B09781B780B44934206DB1F209F
S2140243D04FF6FF7119F00FFE002070BDFFF7E2FEE8
S2140243E0013506808570044619F052FDE0800EF015
S2140243F069F940F602432081E3600020FDF72CF8BD
S2140244000120EAE7C2680020305F00202F5F00200C
S2140244102DE9F84386460023144FDFF85C803E7889
S21402442098F8005012497219DCB294421CDA4FEA2C
S214024430041C31F80C900133F14501EB0410F3D162
S214024440631CD21A0CF1100C12016144F5F7D0FD70
S214024450A5428BBF05F1FF3506F1FF3688F80050FE
S2140244603E700CB9034B1C70BDE8F883305F002029
S214024470BC3E00202E5F00202F5F0020044B054A22
S2140244801B781278D3420CBF01200020704700BF71
S2140244902F5F0020305F0020024B1878003818BFCC
S2140244A0012070472F5F0020002108B5084B0948FD
S2140244B01970094B1970094B1970094B1A781201B9
S2140244C0F5F744FDBDE808400648FDF77FBF00BF8C
S2140244D0305F0020BC3E00202F5F00202E5F0020B1
S2140244E0C26800209066002010B50B4C23784BB1B2
S2140244F00A4803F0ABFD58B1084B0121188815F0A5
S2140245004BFC08B9002010BD0122054B1A70FAE7D1
S214024510FFF7F0FEEAE700BF2F5F0020BC3E002058
S2140245202E5F002010B50E4B1B78BBB10D4C2388B6
S21402453083424FF0000311D10B4AE160137049B970
S214024540A3781033A37015F01DFF18B9A37823F0D3
S2140245500F03A370FFF7CEFE012010BD1846FCE73E
S2140245602F5F0020BC3E00202E5F002070B592B068
S2140245700C46064613F00FFAE17A05460020FCF7D1
S2140245802DFC28B394F90A0015F064FA10BB134BFD
S214024590E27A294683F85820A27A83F85A206A4695
S2140245A0FCF750FF4FF6FE739E420CBF4FF6FF73AA
S2140245B023896A4629460020ADF80660ADF8043025
S2140245C0FDF7F6F940B92289054B5A8012B070BD44
S2140245D05520FBE75620F9E72120F7E70050002098
S2140245E0EC50002010B50446014608220948F5F7AB
S2140245F0FFFC237B022B0AD8002B14BF3122012298
S21402460005490B7017234B61044B1A7010BD00232B
S2140246100122F5E7F0500020EC5000209D5E0020BD
S214024620014610230120014AFDF74ABF64EE01004D
S214024630014B5861704700BFEC500020014B1878C0
S214024640704700BFEC50002010B5054C2378112BA4
S21402465003D0E221034819F027FC4123237010BD42
S2140246609D5E0020B87B0400064B01461B78042B97
S21402467004D1054A137E053313767047034819F0B2
S2140246801BB900BF9E5E0020EC500020B0660020E2
S21402469008B50648FDF7AAFB0548FDF7A7FB13F089
S2140246A0C1FABDE8084001F003BB00BFD4570020A2
S2140246B008580020064B1878332806D000F0EF0082
S2140246C0A0F143035842584170470120704700BF8B
S2140246D09D5E0020002208B5074B4FF6FE701A704A
S2140246E015F024FA4FF6FF7015F03DFA034B5869A1
S2140246F0BDE8084013F024BA9D5E0020EC5000206E
S21402470008B5064B187838B10548FDF74BFE4FF44E
S2140247107A73B0FBF3F0C0B208BD00BF925E002011
S2140247202C4200202DE9F0438BB0074615469846EA
S2140247300E469DF8489049B9104605AC19F0F0F9B6
S21402474021460BF0B5FD172818BF2646B9F1000F13
S2140247500AD1124B1B781BB9284616F063FDD0B956
S2140247602846FEF713F902E0284616F05BFD80F0B5
S2140247700104E4B29DF850302A4602939DF84C306C
S2140247803146CDE9009338464346039415F062FC61
S2140247900BB0BDE8F0834C46ECE700BF995E002004
S2140247A02DE9F04F97B099469DF88830BDF880B055
S2140247B0219D08939DF88C300E4658460FA9049208
S2140247C0079317F0A9F905B3002800F0208195F8A1
S2140247D001A00FACCAF3400A8E4B19F0800F1B786B
S2140247E014BF4F4649F08007022B17D04FF6FF78CA
S2140247F0002D40F087810225584614F0E3FE2B4632
S2140248004246214615F0FFF9BCE0584614F05BFF1D
S2140248100446002800F0FB80AA46DDE71EB97E4B60
S2140248201B78002BE2D00DF13A012046FEF7FCFA87
S214024830584614F05BFF012838BF0120C3B2059327
S21402484095B3281D19F00EFC804609F00203204697
S214024850069315F03AF9214609908146002019F090
S2140248602FF9069A099B12BBFF2820D1F2F7E6FA27
S2140248706A4A1278824200F032814FF6FF72099B32
S214024880934214D1FEF726F8002800F028814FF64E
S214024890F773984523D915F012FE11A98146FEF743
S2140248A0E9FA0028F7D02EE0BDF83A80CDE74FF6B9
S2140248B0F772904520D8934211D898450FD01946E2
S2140248C022460AA819F0C8F80A980B9913AB03C334
S2140248D0BDF83020022113A81A80FEF739F94046A7
S2140248E011A9FEF7C7FA024628B9082111A815F041
S2140248F0A3F8002866D0C1464FF6F67209F1FF33D8
S2140249009BB29342C7D8BAF1000F03D1444B1B782F
S214024910002B60D1584614F055FE059B4A4601937B
S2140249200123214600933B46FEF7E4F84FF6FF7359
S2140249309842804600F0D380014600220AA819F069
S2140249408BF80A980B9913AB03C3BDF830200221EB
S21402495013A81A80FEF7FCF8002D3FF44DAF002E88
S21402496040F0D28045460123C7F3C0074246CDE950
S214024970016321462B4604980397CDF800A015F054
S21402498069FBA846BAF1000F0FD04FF6FF739845A1
S2140249900BD0404619F0C4F8FF281FBF214A32F850
S2140249A0103023F4804322F81030089B7BB315F0B6
S2140249B0B1F8249B014600934246234607980CF022
S2140249C0EDFC24E00822204611A9F5F70BFE00288C
S2140249D07FF461AF8FE7002D64D0134B1B689807F6
S2140249E027D5049B0F2B21D0281D19F03BFB022351
S2140249F00121CDE901310023C7F3C0070246009327
S214024A0021464FF6FF730498039715F023FB17B061
S214024A10BDE8F08F9D5E0020925E0020965E00202C
S214024A20995E00209857002080420020079B012BA9
S214024A30DAD1281D19F016FB804619F071F8099094
S214024A40404619F0ECFB4FF6FF71BDF83A208A4259
S214024A5056D04245099B53D1FF2B4AD0184616F032
S214024A60F7FB784010F0EF0F14BF01230023BDF8C8
S214024A703A00099319F054F80690BDF83A0019F076
S214024A80CEFB099B66B14FF6FF7CBDF83A10614536
S214024A9006D0414504D0069A0240D2B2FF2AA3D1DC
S214024AA0002BA1D1224649460AA818F0D5FF0A983B
S214024AB00B9913AB03C3BDF8302058461A8014F086
S214024AC081FD3A460146059B13A8FDF7DDFF30B986
S214024AD04FF6FF73BDF8548098457FF43DAF4FF60E
S214024AE0FF789DB10126281D19F0BCFA454680467E
S214024AF039E7FF2804D0069BB3FA83F35B09B6E7CF
S214024B000023B4E70226EEE70026ECE7012573E66B
S214024B100022014B1A767047EC50002008B50B4B6A
S214024B201B78022B10D10A4B1B78033B012B0BD9A7
S214024B30084B187800F00100FEF730FA0023064A08
S214024B40C2E90133538008BD0020F3E79D5E0020D2
S214024B509E5E0020925E0020EC50002038B5174D75
S214024B602B78033B012B1CD8154BB3F868204FF665
S214024B70FF739A4215D10320FDF728FD02F0CEFB03
S214024B80FFF7CCFF2B78033B012B01D909F0FCF889
S214024B90002018F09BFC78B1BDE83840002014F0E5
S214024BA027BEFDF7FDFC0446FDF7F4FC0146204651
S214024BB008F05EFB0220DFE738BD00BF9E5E0020E5
S214024BC00050002008B5114A114B58611378032B88
S214024BD01BD0D3B1332B01D0432B10D10D4B1B78F6
S214024BE0033B012B05D803231370BDE8084012F0DF
S214024BF0A7BF12F0A5FFBDE80840FFF7AFBF21230D
S214024C001370BDE8084002F09DB908BD9D5E002005
S214024C10EC5000209E5E002038B504461348FDF78F
S214024C20D5FB134B1B78013B012B1DD8114D5CB9EC
S214024C302B7823B140F619402C7012F081FF002425
S214024C40FFF76CFF204638BDFF2C05D04FF47A7173
S214024C500648614318F030FE2B78002BEFD1012373
S214024C6040F618402B70E8E70224E9E72C420020C1
S214024C709E5E0020925E002038B5114D04462B78C9
S214024C80834218BF287013F091FB80B124B92046E6
S214024C9013F08EFB02220DE0012013F089FB2B7825
S214024CA01A1F012A05D9062BF4D1032202E0002C92
S214024CB0F5D10122BDE838400021084615F0F0B8CB
S214024CC09E5E002030B5044685B068460D46FFF766
S214024CD0A7FC94B100212846144A02F043FB144B69
S214024CE020681B7861688DF80430124B1B788DF8AB
S214024CF0053002AB03C306F0B1FA0F4B93F8582007
S214024D0093F85A308DF803208DF8023014F01FFF06
S214024D10ADF8000014F0FEFE1023ADF8060069465A
S214024D200020064AFDF7CCFB05B030BD00F8FF07B1
S214024D30B86800209E5E00200050002064EE01004D
S214024D4010B5144B04461A78134B002083F85820EB
S214024D5018F0BCFB10B1002014F04AFD00210846F2
S214024D60FFF7B0FF0D4B1B78033B012B0ED813F059
S214024D7011FB2046FCF754FE40F6174012F0E0FE08
S214024D800023074A1380074A138010BD0BF016FC57
S214024D90EFE700BF315F0020005000209E5E00203B
S214024DA0AE570020AC5700201FB504466846FFF7F2
S214024DB037FC54B100238DF80530102369460020D5
S214024DC0064AFDF77DFB04B010BD14F0A3FEADF855
S214024DD0060014F0BCFEADF80000EEE764EE01003B
S214024DE010B5014604460020FBF7F8FF90B10C4BC5
S214024DF01B78023B032B0FD80A4B1C7018F040FF9F
S214024E0060B9094A0949FCF77FFB003818BF012040
S214024E10800010BD5520FCE70220FAE74D20F8E797
S214024E209D5E0020315F002005850200414D020094
S214024E30F8B5064618F024FF044668B918F046FB93
S214024E4050B1064D204695F8587085F8586014F013
S214024E50CFFC10B185F858704D20F8BD00500020E8
S214024E602DE9F04180461846033B012B0E461746B5
S214024E7002D918B121243CE0FFF7FEFE294B1B782D
S214024E80012B4CD0284B1D78022D08D0032D46D17D
S214024E90B8F1000F03D1254B1B689B073FD4332084
S214024EA0FDF794FB01F0E8FCB6F1006F34BF204B2F
S214024EB0052231464FF0060038BF1A78FEF776FA1A
S214024EC0044628BB1B4D2873012000F029FF14F06E
S214024ED03EFE68802846B8F1000F0DD0022300F887
S214024EE0043B15F02FF96C732F613946304612F0E9
S214024EF061FD2046BDE8F081012300F8043B15F071
S214024F0021F96C732F613946304612F052FDF0E7F4
S214024F102846FDF75BFBB8F1000FF4D0E5E7022464
S214024F20E7E700BF9E5E00209D5E002080420020D4
S214024F30EB680020EC500020034B187818B9034B9E
S214024F40034A1B78D05C70479C5E00209E5E002061
S214024F5063C8040038B5174B04461B78033B012B85
S214024F6006D8437BDB0703D590F9090013F011FA44
S214024F700025114B83F859502079FFF759FFFFF7A8
S214024F80DBFF61882488034622462846FEF720F87F
S214024F90044620B11720FFF715FE204638BD17231A
S214024FA0064DC82106486B6118F086FC03232B7653
S214024FB0F3E700BF9E5E002000500020EC50002069
S214024FC0B0660020F0B51A4D06460C4693B0A5F81A
S214024FD0680005F16A0729BBC5F86A10796012F005
S214024FE0DAFC6A4601460020FCF72CFAD5F86A304D
S214024FF0ADF81060CDF812307B68CDF8163012F09E
S214025000CAFC6A4601460020FCF7D2FC4FF6FF7344
S214025010B5F86800984203D014B1064912F0CDFCE8
S21402502013B0F0BD08223846F4F7E2FFD7E700BF18
S214025030005000206A5000202DE9F041DFF8B880C9
S2140250401F4698F8003005460C4616461BB1022548
S2140250502846BDE8F081531E052BF8D818F010FE3E
S2140250600028F4D13B7B032B14D14FF6FE739C42EF
S21402507012D1012E09D0022EE9D114F04BFD4FF6C3
S214025080FB73984203D814F045FD044604E015F07D
S21402509016FAFAE7012EDAD0EDB939462046FFF7BE
S2140250A065FA05460028D3D198F80030332B03D092
S2140250B0532B1CBF0E4B18613046FFF7DDFD002157
S2140250C04FF6FF70FFF77EFF0A4B1B78002BBFD010
S2140250D00BF048FABCE7397B721ECB1E5942594187
S2140250E05042504107F054F905460028D5D0AFE7A4
S2140250F0EC500020EC6800209D5E00202DE9F8436D
S21402510005468846914614F005FD3F4E0446337820
S214025110033B012B06D86B7BDB0703D595F9090009
S21402512013F037F914F0F6FC384B394F188014F0A8
S2140251300EFD384B1880FDF72DFA374B1880FDF719
S2140251402FFA082201463548F4F752FF14F0ABFC5A
S214025150334B18702879FFF76BFE00216888FFF73B
S21402516031FFFDF72DFB60B14FF6F672631E9BB260
S214025170934206D915F0A3F9B7F86830044683427D
S214025180F8D0204614F0D2FC288814F0ECFC4946ED
S214025190B7F86800C047044628B91920FFF712FD81
S2140251A01920BDE8F883B7F8681014F04AFA00230D
S2140251B01C4D87F859302B7803F0FB03022B02D0E4
S2140251C0204614F037FF002220461146FFF7F2F879
S2140251D00446A8B117236B613378042B09D1C82182
S2140251E0114818F069FB03232B7684F00100C0B245
S2140251F0D7E74FF416710C4818F05EFB0023F3E76E
S2140252001720FFF7DFFCF0E79E5E0020DE57002047
S21402521000500020DC570020DA570020325F0020C2
S2140252203A5F0020EC500020B0660020F0B50C4635
S2140252301E460B462049074689B004F1140053F86F
S214025240045B834241F8045BF9D11B8802AD0B80F4
S214025250D4F80E00D4F81210238803C5ADF8103027
S21402526023798DF812208DF8133000233A468DF8F4
S21402527014304FF6FE71012002ABFFF7DDFEC8B90F
S21402528002A8FFF7AFF9237B4BB10C4D0C4B01AADA
S21402529029460120019313F058F82A781AB92046B5
S2140252A0FFF758FE03E020460199FFF727FF08B9EB
S2140252B0044B1E7009B0F0BDE0570020EC500020F1
S2140252C05BA103003B5F002001232DE9F341304E32
S2140252D005460F4600202F491446737300F0EEFC75
S2140252E013F059F8DFF8AC8038B9012D01D9042D36
S2140252F00FD12146384612F0E7FB102000210AF0B3
S2140253007FFC00283CD0002002B0BDE8F041FCF74C
S214025310A3B8002CF1D1204B1B78212B03D0062BEF
S21402532001D0532B02D101F00DFEE6E7FDF748FA55
S2140253300028E2D000F0EEFC28B9307BC0F118005D
S214025340FFF740FCD9E7154B41462046019300F093
S214025350B5FC20B140F61901114818F0A5FD01AAC6
S2140253600B4998F80C0012F0F0FF32781AB9094887
S214025370FFF7F0FDC1E701990648FFF7BFFEBCE75D
S214025380FFF78AF80028BED102B0BDE8F08100BF60
S214025390EC500020E05700209D5E00205BA1030039
S2140253A0B87B04001FB5144B04461B88DB0707D4E2
S2140253B04FF6FF700021FFF705FE002004B010BD77
S2140253C00A230E4A012001A9FDF77AF84FF6FF7369
S2140253D0BDF80C209A42EBD00822FF2101A814F057
S2140253E02BFB0028E4D10CB90120E7E7BDF80C003E
S2140253F001A9FFF7E7FDF7E7F857002026E10100CD
S21402540038B50C46154614F091FB03F0AFFE29465C
S2140254102046FFF7D7FD00F07DFC48B1074BDB794D
S2140254200E2B28BF0E230133DBB2054A137038BD9C
S214025430044B1B78013B18BF0123F6E7E057002018
S214025440515F00209E5E002038B5002208210446E7
S21402545014F0F2FA0546C8B914F05CFB2A464FF679
S214025460FF71FFF7CDFF2046217CFFF72BFC626918
S214025470E189207C01F076FF054B1B78012B01D1D8
S21402548007F0F6F8FFF76AFB002038BD0120FCE7BC
S2140254909E5E002038B51D46FFF7CEFD0446C8B90D
S2140254A02B7B2846032B03D1BDE83840FFF7CCBF41
S2140254B0FFF798F8084B25469C8114F0F4FA012170
S2140254C0064B81401A780620FDF770FF044608B1A5
S2140254D0034B1D70204638BDEC500020EB680020C0
S2140254E09D5E002030B5012087B0FFF75BFF6B465C
S2140254F00446144A1068516803C384B905F0BCFE1A
S21402550002A8FFF78DF84FF6FF752246BDF80E008B
S2140255102946FFF775FF12F056FA07B030BD6B4604
S214025520094AD2F86A00D2F86E10B2F8685003C37D
S21402553005F0A2FE02A8FFF773F86A46BDF80E0051
S214025540E6E700BF200504000050002073B53A4B82
S21402555004461B781BB10224204602B070BD18F028
S2140255608FFB0028F7D100F0E5FB14B12288334BFD
S2140255701A8000210DF10700FDF7ACF8002856D17D
S21402558014F0D1FD04460028E6D12D4D9DF8070003
S214025590FFF772FB2B785A1E012A1FD8FFF7A2FFCD
S2140255A02B78033B012B01D801F014F9FFF7D6FA4A
S2140255B0012014F03FFA034600283AD12A78033A2B
S2140255C0012AC9D81D4A108810F0020521D00522EA
S2140255D001201C49FFF744FC0446BDE7033B012BB0
S2140255E004D82046FFF7DEFE0028D7D12B78053BED
S2140255F0012BB1D8FFF776FFFFF7B0FA2B78052B11
S2140256000CBF04200520FCF7E1FF012014F012FA7B
S214025610E2E70D4E0223314601200C4AFCF750FF0A
S21402562033885B0798D5284601F0E8F894E71724F4
S21402563092E7044690E700BF9D5E0020F8570020E0
S2140256409E5E002000F8FF07AA57002027E101000F
S2140256507FB50024184E194D3278E3B29A4201D82B
S21402566004B070BD4FF6FF73B5F868209A421AD0A0
S214025670134B1B88DB0714D5124AB5F8683010683E
S2140256805168ADF80C3001AB03C30F4A0A23002061
S21402569001A9FCF715FF022300200C4A0C49FCF76F
S2140256A00FFF0134D8E700220821064814F0C4F997
S2140256B00028F6D1DCE700BFC468002000500020B6
S2140256C0F85700206A50002026E1010027E1010079
S2140256D0AA57002010B501F0CFF802F013F8D8B19F
S2140256E00E48FCF773FE0E480E4C017A0E30FFF79A
S2140256F0E9FA23781BB100F0BFFA002323700022D8
S214025700094B1A73FFF72AFA08F056FD01F044F91E
S214025710BDE81040FFF79CBF10BD00BFB06600207A
S214025720E05700203B5F0020EC50002010B52548D3
S214025730FCF74CFE01F0E6FF30B1234B1B781BB999
S214025740BDE81040FFF7C6BF01F0DCFF78B11F4C82
S214025750237E83B1C8211B4818F0AEF80021237EB1
S2140257600846013B2376BDE81040FBF7E3BEFDF793
S21402577027F80028EBD1FDF723F8154B1B7858B90C
S214025780112B03D003F0FD03412B19D1BDE81040C5
S2140257900E4B5869FFF716BA332BF7D10D4B188804
S2140257A014F0C4F90C4B188814F0DDF90B4B0C49B5
S2140257B01888FFF707FC0B4B1878FFF739FBE5E76D
S2140257C010BD00BFB0660020995E0020EC5000209D
S2140257D09D5E0020DE570020DC570020DA570020AE
S2140257E0325F00203A5F00202DE9F04F0F4685B069
S2140257F002AD044629463846914616F08DF94FF01A
S214025800000B82463846CDF804B013F0E3FF467824
S214025810022C804606F0020609D85CB1FCF7D0FFDF
S2140258200446002848D1754B01241B7865E0043CE9
S214025830022C3AD9FCF7C4FF384613F044FF002482
S2140258400546A046DFF8D8A1384613F0C3FF50F845
S21402585009300DF10500019318F004FC9DF807B01D
S2140258600746B8F1000F4DD1BBF1000F5BD0DFF851
S2140258708C9199F800300BB1002E63D0002C61D0C9
S2140258805F4B1B78022B5DD1BBF1000F53D138461C
S21402589014F04CF958465946FFF714FA08F08CFCF7
S2140258A040F6074012F04CF934E014F00BFCFCF71B
S2140258B087FF0446F8B15C464EB1524B1B78012B6B
S2140258C002D0043B012B0BD805B0BDE8F08F4B4B42
S2140258D01B782BB14B4B1B7803F0FB03022BF3D048
S2140258E0BAF1000F404608BF002516F008F94FF03F
S2140258F001088246A8E7414B1B78002BF0D0002E09
S214025900EED1E1E7BAF1000FAED05046FDF73AFB12
S2140259100028A9D1002017F0D9FD0028D4D00020F5
S21402592013F066FFD0E74FF6F7739F429FD9172012
S214025930FFF748F9EEE7FCF743FF48B13248FCF7B9
S21402594045FDF4E7FCF73CFF10B1BBF1000FF5D1C3
S214025950FCF736FF0028DDD02846FDF767FFFF2854
S214025960DFF89CA0294C03D09AF80030012B04D112
S2140259702946B4F86800FEF7C5F8FEF781F92A460C
S2140259803846B4F86810FFF73BFD214B214A93F9DD
S21402599006301B0213809AF80030012B19D0312BE7
S2140259A014BF432311238AF800301B4B164819688C
S2140259B017F082FF00F00EFF0023124C99F8001039
S2140259C0237641B9104817F077FF40F61B43636110
S2140259D0A0E71123E7E7B8F1000F03D016B1FFF7EF
S2140259E079FEF2E70D4B1B78042BEED10521064813
S2140259F017F062FF09232376E7E700BF995E0020CF
S214025A009D5E0020EC500020B06600200050002072
S214025A10E0570020F6570020D06600209E5E002049
S214025A20205F00202DE9F043084693B00E4613F09F
S214025A30D1FE09220021804617F092FD0446304628
S214025A4013F041FE052207460DF1090330460AA966
S214025A5012F0D0F8022881461DD09DF80930314652
S214025A601C440023E4B204F1100218F8045001208A
S214025A700093D2B20FF016FF68B1072D09D855B1C0
S214025A80013D062D07D8DFE805F00918068A062527
S214025A9041007C2D45D013B0BDE8F0835B4B1B78EC
S214025AA0013B012BF7D8304613F08CFD002332461B
S214025AB01946009414F00AFBEDE7554B1B78012BB0
S214025AC0E9D1544B18780028E5D122463146FFF733
S214025AD08BFEE0E74D4B1B78013B012BDBD83846AB
S214025AE009F0DCFF4FF6FF739842044606D03046B4
S214025AF013F068FD2246394614F074F8444B1B78BE
S214025B00022BC8D1384611F0DDFFC4E73F4B1B78A5
S214025B10013B012BBFD8494630460AAA00F01EF9BF
S214025B20B9E73A4B1B78013B012BB4D8A04498F84E
S214025B30012098F80230652AADD16D2BABD13046E4
S214025B4017F0EAFD1334E4B28442A4D2082239469E
S214025B5003A8F4F74DFA214630460DF10A0215F075
S214025B601EFF002897D1BDF80A30002B93D005A857
S214025B7009F0B0FA0123284DBDF80A002B7017F081
S214025B80CBFD0446BDF80A0017F0AAFDE2B20346B2
S214025B9005A903A811F030FF00232B707BE71B4BEF
S214025BA01B78013B012B3FF676AF062200214046CA
S214025BB017F0D6FC404418F055FA0746FCF758FE94
S214025BC0044600287FF467AF304613F0F6FCC304A1
S214025BD07FF561AF46F204030121ADF81430384672
S214025BE00223CDE9004405AA15F028FF0546002841
S214025BF03FF451AF394613F024FD304613F0E2FC71
S214025C0022462946FDF706FA45E700BF9E5E0020BB
S214025C109D5E0020EC5000206C5F002008B5084B0B
S214025C20187050B1074B1B883BB14FF47A71064887
S214025C30594317F041FE002008BD0120FCE700BFD3
S214025C40905E0020646800202C410020014B1878EA
S214025C50704700BF905E0020014B188000207047FE
S214025C606468002008B5FCF7B1FB0022014B1A70ED
S214025C7008BD00BF905E002010B50024044B054806
S214025C801C80054B1C70FCF7A1FB204610BD00BF14
S214025C90FA570020D4660020455F002008B5034866
S214025CA0FCF794FBBDE80840FFF7E6BFD466002089
S214025CB00148FCF79BB800BFFA570020F7B5134B14
S214025CC004461B780E46EBB183421DD900211048CC
S214025CD018F02CFA002501460D4F09B9012009E0FB
S214025CE0AC4209D10024162322463046009418F00E
S214025CF0BAFA204603B0F0BD384618F03BFA013532
S214025D000146EAE71820F5E72720F3E7455F00207B
S214025D10FA570020014B1878704700BF455F0020F5
S214025D2025289DBF024B187000202120704700BF17
S214025D30EE680020012307B51846064A0DF1070152
S214025D40FCF7BEFB9DF80720034B1A7003B05DF804
S214025D5004FB00BF29E1010066680020F8B507468B
S214025D600E46144613F0AFFC1A4B05461B78022B60
S214025D702FD1194818F008FA58BB284611F057FFD9
S214025D8038B322463146384611F04DFF08B311F0BB
S214025D9005FE0446384613F015FC104B012E1A7801
S214025DA04FF00F0303FA02F39BB2B4FBF3F203FBCA
S214025DB0124404F10104A1B206D1094B094A1E702D
S214025DC02B6813606B6853600348BDE8F84017F011
S214025DD073BDF8BD9D5E00204C420020ED68002099
S214025DE0445F00203C5F002084B010B502AC84E81B
S214025DF00F00082227480DF11601089CF4F7F2FB63
S214025E0008BB9DF815309A0705D4234B1B7803F080
S214025E10FD03312B1DD121496378097803F00F0267
S214025E208A4203D0012922D1022A12D1227882B9CB
S214025E301B09022B0DD11A4BA0781B78022B1AD104
S214025E40C0F3800006E000220821124813F0F4FD99
S214025E5020B90020BDE8104004B07047114BBDF8D1
S214025E6008205B889A42CCD0002BCAD0F1E70229E0
S214025E70EFD1012AD9E7030609D40B4BB3F8682001
S214025E80BDF80A309A42E4D1FEF714FCE2E701209C
S214025E90E0E700BFF05000209D5E0020B8680020BA
S214025EA09E5E0020EC50002000500020284BF0B5EB
S214025EB05D88002387B08DF80830264B0DF10B0065
S214025EC01B7805F0010743F020038DF8093014F023
S214025ED039F96FF07F43ADF813308DF8153014F0B2
S214025EE0AFF91D4B8DF816001B7805F01006DB0087
S214025EF0DCB2F0F7A3FF194B1B7883422CBF44F0A9
S214025F00040344F084032FB1A9061ED426B143F03D
S214025F10020301E0AA07F9D4002108468DF80A30E8
S214025F2017F052FCADF8060058B101230F2202A961
S214025F300DF10600FCF79EF918B90DF1060012F0F5
S214025F4001FABDF8060007B0F0BD43F00103DDE735
S214025F5066680020B8680020515F0020965E002028
S214025F6010B5FCF733FA0A4B1B78022B0CD1094BFF
S214025F701B78033B012B07D9074C207828B1002059
S214025F8011F058FE0023237010BD13F0FEFDF9E752
S214025F909D5E00209E5E0020445F002084B02DE9B6
S214025FA0F0478EB016AC84E80F00DFF878C1594B84
S214025FB0BCF802009DF85DA010F001049DF9622075
S214025FC0BDF870E09DF875909DF976709DF8785052
S214025FD09DF97A109DF95E809DF860601B7835D039
S214025FE09DF87D00C0F34004C0F38000002B4AD029
S214025FF0494B1B78022B09D18A4244DB24D1A81BC9
S214026000C0B280288CBF0020012016E0434B1B78CC
S214026010012B01D1002C7AD078B19CF800301E33C7
S2140260205BB29F42D4BF002701279845D4BF002306
S2140260300123BB4206D18A42E0DA0EB0BDE8F04741
S21402604004B070473846F8E70020F6E710F0020F73
S21402605018D0C3B1490814BF01200020520814BF4B
S214026060012300238342E8D1AB1BDBB2802B0AD983
S214026070AE42E9D1B84506DB49D1CA452CBF00205D
S2140260800120DAE70BB90120D7E7AE4216D002AC00
S2140260901CAF0FCF0FC497E8030044F8040B21800F
S2140260A0DDE91A0116AB0090ADF804100FCB12F022
S2140260B043F90028E7D1AE42A1D1BEE7BDF8583079
S2140260C073451ED008AC0DF1700CBCE80F000FC46F
S2140260D09CE8030044F8040B2180114C6388734546
S2140260E00FD10822211D0DF12E00F4F77BFA02468D
S2140260F038B90821201D13F09FFC10B96388002BC5
S214026100C1D1B845BFDBC2D1CA45BCD3BFE7204622
S21402611093E700BF455F00209E5E00209D5E002044
S214026120EC5000206668002084B02DE9F04F8FB056
S2140261306A4E18AC08AD84E80F00162200212846E5
S214026140F3F704FF33783BB90024654B32781B78AB
S2140261509A4239D2002726E00021624817F0E6FF6D
S21402616000270446B846DFF87C91002C45D13FB1A3
S214026170224639465B4813F0C2FB3378013B337044
S2140261803378002BE0D0002156484FF0000917F074
S214026190CDFF4F468046CA46DFF848B1B8F1000F39
S2140261A06CD1002FD1D01621002218A813F02DFB97
S2140261B0014648B1002F00F08B802246494813F072
S2140261C044FB337801333370454B32781B789A425E
S2140261D007D944480022018813F091FB3378013B2B
S2140261E033703378012B03D13F49404817F064FBE4
S2140261F00FB0BDE8F04F04B07047002221461623C8
S2140262002846CDF8008018F02EF81622294618A83F
S214026210F4F7E8F90028EBD09DF864209DF82430C6
S2140262209A4225D1BDF86020BDF820309A421FD18F
S21402623008220DF12E010DF16E00F4F7D3F9B8B96C
S21402624002AF0DF1600CBCE80F000FC79CE803001C
S21402625047F8040B39800EAB13E903000090ADF843
S214026260041095E80F00FFF799FE0028C0D02746D5
S2140262702146484617F07EFF044676E7162300229C
S21402628041462846CDF800A017F0EDFF02AF0DF10B
S214026290600CBCE80F000FC79CE8030047F8040B2D
S2140262A039800EAB13E903000090ADF8041095E8B0
S2140262B00F00FFF773FE074620B1B9F1000F04BFC7
S2140262C0444681464146584617F054FF804665E7E5
S2140262D03A46044817F030FF73E700BF455F0020D8
S2140262E0EE680020FA57002020BF0200D466002085
S2140262F02DE9F04F002104469FB00DF1400816220A
S21402630040460E91CDE90C11CDF83B10F3F71EFE78
S214026310052220460DF11F0316A911F06BFC022878
S214026320074600F0F880204613F054FA064617F0A7
S21402633099FE8146F01C17F095FEADF84000701DE0
S21402634017F090FE012FADF84200204640F0E6809E
S21402635013F040FA0546204617F0C2F90D3502231F
S2140263602D1A0093214643460820EAB20FF09AFA05
S214026370002800F0D080204613F031FA012F834621
S2140263809DF84D3040F0E38000252F4643F0010390
S2140263908DF84D3016AE3388022B4DD1F17820465B
S2140263A002310CF00FF81B2846D1F1782046033153
S2140263B00CF008F819283FD1F178204604310CF089
S2140263C001F84A2838D14FF0050AF1782046013103
S2140263D051440BF0F7FFF1780590514420460BF03C
S2140263E0F1FF059B00EB032083B200F03F02932BE4
S2140263F0059240F09B800023F778214602375744E7
S214026400FFB23A4600930CA80F2317F02CFF07F1B1
S2140264100F01204615F059FA07F1110105462046EC
S21402642015F053FAADF84200059B023353445FFA67
S21402643083FA33795345C8D806360DF17603B3424C
S214026440A9D19DF84D20C5F3C03363F3410220461F
S2140264508DF84D2013F055F98DF84400204613F0C0
S21402646045F98DF84500204613F045F99DF832307F
S214026470BBF1190FC3F3C3028DF84720DDF83320B2
S2140264808DF84600CDF84E20DDF83720CDF85220A4
S21402649094BF00229DF83E208DF8482003F00302A8
S2140264A08DF84A206E4A1278022A9DF84D200CBFBB
S2140264B0C3F38003DB0963F382026A4B8DF84D2037
S2140264C01B78022B57D1BDF8406013F040FB864282
S2140264D051D108A813F036FEBBF1190F48D908228D
S2140264E00DF14E0108A8F4F77DF800283DD1B9F564
S2140264F0004F02D0B9F5624F0DD140F6FF7325F476
S21402650040459D4207D1002208210DF14E0013F0AE
S21402651093FA00283FD01FB0BDE8F08F13F05AF967
S2140265200546204617F0DCF8073518E7412B7FF4BE
S2140265307BAFF1782046023151440BF043FF4A4BC1
S2140265401B78C3F1B30318448DF849006CE76FF368
S2140265500003F01D8DF84D3017F084FD0CA905469A
S214026560204613F023FE0B276BE700F0B3FFBEE7CF
S21402657000F0B0FFCFE7B9F5004F02D0B9F5624F91
S214026580C9D140F6FF7325F440459D42C3D1BBF105
S214026590190FC0D9B7E7BBF11A0F06D007F11F01D2
S2140265A042462046C9B211F0CFFE304C304D637BD6
S2140265B0DBB12B78012B1DD1012323730CAB029385
S2140265C014AC94E803000090ADF8041098E80F00AD
S2140265D0FFF70AFC90B194E803000090ADF80410AF
S2140265E098E80F00FFF7A0FD08E0FCF7E9F800289E
S2140265F0DFD0E1E703F0FD03042BDDD02B78012B7F
S21402660001D0042B87D11B4BDDF84E001B78DDF83A
S21402661052108DF82230BDF84030ADF820309DF88B
S2140266204D30C3F340038DF823309DF8313003F02C
S2140266300F038DF82C309DF848308DF82D3009ABBD
S21402664003C30D4B1B681BB1414608A8984762E777
S2140266509DF946209DF8451008A811F031FA5AE730
S2140266609E5E00209D5E00204C5F0020EC500020C5
S214026670295F00204B5F0020E05000202DE9F04308
S214026680424B434C1B7885B0033B012B22D817F0B4
S21402669004FC2378022B31D13E4A1468A0422DD046
S2140266A03D4910600A68121B10443C4A0860127882
S2140266B072B1013A93403C2253434FF47A725343E9
S2140266C098421BD9032005B0BDE8F043FBF77EBF16
S2140266D00A23F2E717F0E1FB2378022B0ED12D4AAC
S2140266E01568A8420AD00027DFF8BC802C4E10603E
S2140266F0451B98F80030FCB2A34202D805B0BDE8AC
S214026700F08356F8243020462B4446F8243017F0FF
S2140267105FFAC3074FF0000910D5204609F0FEF9CC
S21402672070B156F82430242B08D9102200232046B4
S214026730CDF8009009F00CFA46F824900137D8E715
S214026740184B1B5D13F00F031FBF03F1FF3202232A
S21402675093403C220CBF0A2353434FF47A725343AE
S21402676056F824209A42E9D9204609F067F902A988
S21402677014F033FD28B1204609F060F902A911F0A1
S2140267801DF9204614F0BFFDD8E700BF9E5E00202C
S2140267909D5E00207842002074420020B3680020EC
S2140267A090400020425E0020CA680020064B1B88EC
S2140267B0DB0708D50022054B43F82020044A135C69
S2140267C063F00F0313547047FC57002090400020DC
S2140267D0425E002008B517F060FB0022024B1860EC
S2140267E0024B1A6008BD00BF7842002074420020A7
S2140267F0014B1868704700BF7442002008B50C4869
S214026800FBF7E4FDFBF736FF80B10A4B0322B3F831
S2140268106810012011F0BAFD4FF47A71064B044855
S2140268201B885943BDE8084017F046B808BD00BFAC
S214026830F46600200050002046680020014B1880B5
S214026840002070476A680020044A054B18701388B7
S21402685023F003031843108000207047FC570020E3
S214026860B4680020034B1888C0F30E00003818BF27
S21402687001207047AA57002008B5FFF7F3FF30B192
S214026880002004490223044A0880FBF719FE002070
S21402689008BD00BFAA57002027E10100024B188856
S2140268A0C0F30E00704700BFAA5700200023084A14
S2140268B001201370074A08491370084B084A1B78D0
S2140268C043F0040313800223064AFBF7F9BD00BF18
S2140268D0485F0020475F0020AA570020B4680020C7
S2140268E0FC57002027E1010013B514468DF8071067
S2140268F0DAB9CAB20E2A18D80E4B1B881341DB0728
S21402690013D517F00DF9FF2811D09DF807200A4B72
S2140269100DF107011A5400F58330012200F580704C
S214026920E5F7D4F9204602B010BD0124FAE70224A6
S214026930F8E700BF6A680020425E002030B50121F9
S21402694000240B2385B0104D019400918DF80C3075
S2140269508DF80D000323B5F8680003AA8DF80E40E3
S21402696015F06CF868B1B5F8681013F008FD40B180
S2140269700522064B64211A70054B06481C7016F059
S2140269809BFF05B030BD00BF00500020475F0020CF
S214026990485F002014670020064B1B78033B012B40
S2140269A006D8054B1B781BB9044B1878FFF7C6BFF1
S2140269B0704700BF9E5E0020465F0020B36800203E
S2140269C010B51548FBF702FD144B1978F9B9144AAD
S2140269D013787BB1013B1370124B1B78042B02D148
S2140269E00846FAF7A7FDBDE810404FF496710A482C
S2140269F016F062BF0C4A128802F00302022A0AD17B
S214026A00BDE81040032201200849FEF729BABDE876
S214026A101040FFF7C1BF10BD14670020485F00207A
S214026A20475F00209E5E0020AA57002000F8FF075E
S214026A301FB50C238DF80C300B4B0C461B8801211E
S214026A4023F004038DF80E3000238DF80D00CDE9F7
S214026A5000132046032303AA14F0F0FF10B12146C8
S214026A6013F08DFC04B010BDFC570020F8B50646A6
S214026A7012F013FE0546304615F004F8411C044693
S214026A8089B230460BF09EFC02340746A1B230466D
S214026A900BF098FC394602462846FFF725FF0228E7
S214026AA016D02946FFF7C4FF0A4B1B8803F00303E0
S214026AB0022B0DD1284617F033F8FF2808D0002203
S214026AC0054B43F82020054A135C63F00F0313546A
S214026AD0F8BD00BFFC57002090400020425E002018
S214026AE0084B1A785AB10223013A93404EF66022B6
S214026AF0534303210448B3FBF1F116F0DDBE42F224
S214026B001073F6E7B36800201467002070B50546D8
S214026B101748FBF75BFC0122164B28461A7014F046
S214026B20B1FF411C044689B228460BF04BFCA11C5F
S214026B30064689B228460BF045FC0F4C02232080FD
S214026B40214600200D4AFBF7BBFC86B9238803F0DA
S214026B500303022B03D1FFF73DFEFFF7C1FF238895
S214026B605B0704D5BDE870400548FFF747BE70BD19
S214026B7014670020485F0020AA57002027E1010082
S214026B80F46600202DE9F0431F4C0546238889B0A1
S214026B90002B33D01D4E00214FF4807009F09CFA72
S214026BA03378DB0728D50121208816F0D1FD074669
S214026BB0208812F00FFE023017F054FA05A980461C
S214026BC0208815F065F83378384613F0020F104B1C
S214026BD018BF0025B3F8009016F09EFD064638460C
S214026BE016F07EFDF6B20290424606212846CDE910
S214026BF0009605AB10F022FF00232380054809B05B
S214026C00BDE8F043FBF7E2BB04580020495F0020D2
S214026C1000580020346700202DE9F047304F8046A8
S214026C203D880E4614469946ADB3104612F0E0FC77
S214026C30B0F5006F2FD1204612F0EDFC824616F01A
S214026C406FFFFF2827D02EB1264A32F810302B438A
S214026C5022F81030B5F5007F36D0B5F5806F33D008
S214026C60B5F5807F17D1204B1B88A3421CD14FF667
S214026C70FF718A450FD0204612F0E3FC284609F041
S214026C8059FA50B93046FFF77DFF0023174A1380A2
S214026C90174A3B801370BDE8F0870220002108F0F7
S214026CA0AFFF0028EED1F0E7104D2B88A342F2D1B9
S214026CB04FF6FF718A45EED024B1204612F0C1FC91
S214026CC000232B800023E3E70023094A3B8013704E
S214026CD031464B4622464046BDE8F04713F0D7B849
S214026CE0FE57002098570020045800200258002023
S214026CF02E5F002010B5044640F62140FFF742FF03
S214026D0001214FF4807009F0E7F978B10022084BB0
S214026D101C80084B1A700BF0D5FCBDE81040064BE1
S214026D201880064B0648198816F0C6BD10BD00BF6F
S214026D3004580020495F00200058002048680020C0
S214026D4034670020044A137818B943F0010313701D
S214026D50704743F00303FAE7495F00202DE9F04F3E
S214026D60DFF84C9187B099F80060002E40F08C80D6
S214026D70DFF840B1DFF840A19BF80030F4B2A3423E
S214026D8007D80022424B1A8007B0BDE8F04FFDF745
S214026D90ABBB20463AF8145008F0C0FE80460028E6
S214026DA060D0204608F04AFE15F40071074645D02A
S214026DB001464FF6FF720E2013F004FC054600282B
S214026DC050D0394612F03DFC4FF400730027304E87
S214026DD0204633803AF8142022EA03032AF81430B5
S214026DE010220023009708F0B3FE2A4B1B88DB070D
S214026DF007D5294B294A43F82470135D63F00F0325
S214026E001355182000216043254B264C0093019110
S214026E1001232A46205CFAF7B1FB002814BF01239F
S214026E20002389F8003005D13388B3F5807F01D17D
S214026E301D4B1880404607B0BDE8F08F680513D595
S214026E40059113F03CFB01220599034600920720A8
S214026E503A46CDE90111FDF765FC4FF4806305461D
S214026E60002DB3D1013687E7104B18880028F9D0D9
S214026E70EA05F7D5394612F0E4FB0C4B1D880A4B9F
S214026E801D804FF48073EBE74FF00008D2E700BF97
S214026E90FE570020FC57002090400020425E002053
S214026EA0196C0200801300200258002004580020AB
S214026EB02E5F0020CA68002098570020042230B5B2
S214026EC001F0400387B0002B054614BF01240024BE
S214026ED08DF80C208DF80D1004D004A914F07DF95D
S214026EE038B304ABCDE9004301210223284603AAA6
S214026EF014F0A4FD0446F0B1104B1B78033B012BA3
S214026F0004D80F4BB3F8681012F09BFB4FF6F773DA
S214026F109D4209D9322202212046FDF74BFA80F023
S214026F200100C0B207B030BD2946204613F027FA4A
S214026F30F5E70120F6E71920F4E700BF9E5E002081
S214026F400050002010B5FFF797FC04F0DBFF13F0AB
S214026F506FF8002014F03CF916F092FE08B1FCF728
S214026F60B7FA204C2378532B12D103232370002325
S214026F70FF2219460120FDF773FF002016F0A6FA3D
S214026F8010B1002012F034FCBDE8104011F002BA35
S214026F90062B01D0212BF0D10120FDF705FF4FF67D
S214026FA0FE7012F0C3FD4FF6FF7012F0DCFD0020FB
S214026FB0FDF732FE0020FDF75FFEFDF7AFFD00F0A5
S214026FC087FB11F0EAF92378212B02D1FDF782FB29
S214026FD0D3E70020FBF7FAFA00214FF4004013F043
S214026FE0F9FECAE79D5E002010B50A4C0A48FBF778
S214026FF0EDF92378062B02D10120FDF7D5FE237882
S214027000062B01D0532B03D1BDE81040FFF79ABFE1
S21402701010BD00BF9D5E0020546700202DE9F84F8A
S214027020DFF8CC8004460E461746FFF725FC98F894
S214027030005015B90220BDE8F88F212DFAD0DFF8EE
S214027040B49099F80030012B01D1A306F2D4274858
S21402705017F09AF80028EDD114F02004394630468D
S214027060DFF894B0DFF894A005F00F051BD010F0FF
S214027070A3FC012D8BF80070AAF8006033D12123FF
S21402708088F80030FFF75EFF0020D4E7212388F857
S2140270900030FFF757FF00214FF6FE70FDF792FF14
S2140270A0FEF7D6FAF0E710F086FC012D8BF800709A
S2140270B0AAF80060EAD0062321464FF6FD7088F84B
S2140270C00030FFF7FBFE40F6020240F2262199F856
S2140270D000300648033B012B88BF114616F0ECFB36
S2140270E0002CD1D1D7E75323E6E700BF5467002030
S2140270F09D5E00209E5E00204A5F00206C68002095
S2140271002DE9FF410F460546511C38460BF05AF949
S2140271100446384612F05EFB0646023016F0A2FF20
S214027120424B80461B7804F04002022B02D0043BFE
S214027130012B06D83E4B1B68580205D5A10603D480
S21402714052B304B0BDE8F08132B33A4A1278D11E87
S214027150012917D8384BB3F86830AB42F1D17378AF
S214027160180714D5304614F0CAFCFBF70BFF0028AC
S214027170E7D00122294604F0200004B0BDE8F04121
S214027180FFF74CBF022ADCD1DF01DAD4E7E712F0C0
S214027190C1FC4045D5D1ECE7264B1B78013B012BC1
S2140271A0CFD87378D906CCD502A9384614F0B4FCE9
S2140271B0002002A916F084FCFF2806460BD0A20681
S2140271C001D413F022F8304608F038FC04F0BAFE78
S2140271D0304614F098F8284617F021F8FF280DD00C
S2140271E0FCF766FB14F0200608D112F093FC28B1D7
S2140271F033460222284602A905F0E0FF12F08AFC76
S21402720000289ED1A3069CD402A94FF6FF73022241
S21402721028460EF008FB4FF6FF72034600922846F9
S214027220022202A910F0BAFC8BE700BF9D5E002086
S214027230804200209E5E00200050002038B50446A2
S2140272400D4616F06DFCFF28034615D00B4A127841
S21402725042B10B4A32F81020520403D514F053F808
S214027260002038BD184612F0D0FF204645F04001F7
S214027270BDE83840FFF722BE0120F2E7995E002003
S2140272809857002038B5054612F0A4FA0446284658
S21402729014F0F8FB411C89B228460BF093F842061C
S2140272A00DD563781B070FD5204614F028FC01463F
S2140272B0002016F005FCBDE8384014F024B8034858
S2140272C0BDE83840FFF790BE38BD00BF54670020C7
S2140272D038B54FF6FF75A842044617D012F037FCB1
S2140272E0A04213D04FF6FD72094B198891420DD970
S2140272F0084A1288AA4201D0A24207D11C804FF443
S2140273007A71BDE83840044816F0D6BA38BD00BFD8
S214027310526800206E6800200C42002008B504481F
S214027320FBF754F84FF6FF72024B1A8008BD00BFF7
S2140273300C4200205268002037B505460C4608234A
S21402734069460120064AFBF7BBF815B19DF80630E0
S2140273502B700CB1009B2360BDF8040003B030BD57
S21402736025E1010007B508238DF80600ADF80410E4
S214027370009269460020034AFBF7A2F803B05DF8C4
S21402738004FB00BF25E10100024A13780BB1013B62
S214027390137070478C5E002008B512F0E4FB0021E3
S2140273A04FF6FF72054B08461A80FDF78BFCBDE8C8
S2140273B0084040F6164010F0C3BB00BF52680020DB
S2140273C008B5FBF703F80A4B1B78023B032B08D8D9
S2140273D04FF6FE73074A108898424FF6FF7301D1A4
S2140273E0138008BD9842FCD0BDE80840FFF7D4BF22
S2140273F09D5E00205268002010B5084B1B78042BB7
S2140274000AD012F087FB002104460846FFF794FFD5
S214027410231A5842584110BD0020FCE79E5E002009
S214027420F0B5002689B00546CDE90566ADF81C60C4
S21402743014F028FB0A23024604462946009605A8AD
S21402744016F011FF9DF815309DF814701F2B27D8E3
S21402745003A812F077FE08220DF1160103A8F3F72F
S214027460C1F80646E0B9092F1CD1FFF7C5FFB8B12F
S214027470144B1B78A3B1144B1A884FF6FD739A422D
S2140274800ED9124C124A23780433DBB223701278D8
S214027490013AB3EB820F03DD58B20EF01AFC2670E7
S2140274A009B0F0BD0A34E4B2214628460AF08AFF43
S2140274B012F0D1FE611C284614F007FAFFF708FF07
S2140274C0EEE700BFCC680020526800208C5E0020E9
S2140274D0B268002038B5134B1B78033B012B20D92A
S2140274E0114B4FF6FF711B78ABB1104D2B888B42B8
S2140274F017D112F02CFB4EF6602104460C4816F00B
S214027500DBF94FF6FE7322462B800021BDE8384099
S214027510092012F0AEBE074A13888B421CBF013305
S214027520138038BD9E5E0020CC6800205268002082
S2140275300C420020A657002010B5044661B1FF2178
S21402754012F0E9F80021204612F0EBF812F019F8D2
S2140275500146204612F0EBF82146BDE81040002214
S214027560014816F0E9BD00BF085800202DE9F04199
S2140275700D461746044612F02DF906782846FBF704
S21402758077F929468046204612F05BF812F0C2FAD6
S214027590A84206D120460121FFF7CEFF0120BDE812
S2140275A0F0812846B8F1000F0AD0FBF7EFF950B980
S2140275B0144B3A462046BDE8F0411978FCF7FABE6D
S2140275C013F030FEF3E706F00306012E08D012F0A1
S2140275D0A1FA00232246294602F030FF0028D9D11C
S2140275E0204611F0EAFF430505D52046BDE8F041E6
S2140275F0002112F0D1BB204613F0E7FDB0FA80F06E
S2140276004009CCE7B068002010B586B0044614F0F6
S21402761039FA104B0246186819790290D3F8050019
S2140276205B7A01328DF8143000238DF80C1004902A
S2140276302146009392B2052304A816F014FE0522F2
S21402764004A902A8F2F7CEFFB0FA80F0400906B00D
S21402765010BD00BFCCC7040008B50748FAF7B6FE4F
S214027660064B1B78033B012B05D8BDE808400021DA
S2140276700846F9F75FBF08BD746700209E5E0020CB
S21402768008B5114812F075F9104B1B78012B06D875
S214027690FF2009F0FDFBFCF751FD08F09DFCFCF70E
S2140276A06BF902F06BF9FFF701F914F082FB0BF0AD
S2140276B05BFBFCF7F9FE0BF085F810F081F9BDE8EC
S2140276C0084003F0B1B900BFC8500020B1680020DE
S2140276D008B5EFF701FDFF2803D0094B1B78012BF5
S2140276E006D9002009F0D4FBFCF728FD08F074FC4C
S2140276F0FCF742F902F042F9BDE8084003F094B9FB
S214027700B1680020064B1878112806D000F0FD005C
S214027710A0F141035842584170470120704700BF0C
S2140277209D5E00202DE9F0410446FCF7AFFC18B13F
S21402773000263046BDE8F0811D4B1B78033B012B2B
S21402774009D81C4BB3F868104FF6FF739942EFD076
S214027750204611F076FF184B022120461A88FCF7C5
S21402776029FE06460028E3D0204612F033F890F8A9
S21402777007800546043016F075FC074612F0CAF973
S214027780414602463846FCF799FCA81C16F06AFCED
S2140277904FF6FF73984202D12046FFF7ABFA2B78DA
S2140277A09B07C6D101212046FFF7C6FEC1E700BFF0
S2140277B09E5E002000500020065800202DE9F04F63
S2140277C0002585B00746039512F004F806460430F5
S2140277D016F048FC8046B01C16F044FC337804468B
S2140277E04046009316F09CF982464046FBF740F866
S2140277F03378BAF1FF0F0CBF83464FF0010B9A079E
S2140278000AD112F087F9404514BFD9464FF0010954
S214027810B3791BB90320B9E0A946F9E712F07AF961
S214027820A04205D112F076F90446994B1B7836E051
S214027830984B1B78052BF8D0033B012B03D8964BAD
S214027840B3F86840F1E7204616F006FD737840B3B9
S21402785013F00402DFF838820BD198F800301A448D
S21402786021463846D2B2FFF781FE0028D2D0002049
S2140278708CE0384614F0C8F80146054638460AF049
S214027880A1FD421C52002946384602F0FE0212F0C2
S21402789036FD737823F00403737098F800300022E4
S2140278A0DDE75B0726D5384614F0AEF801460646F5
S2140278B038460AF087FD824606F101091FFA89F961
S2140278C0494638460AF07EFDDFF8C481BAF1000F59
S2140278D001D0FF2805D10022494638460AF086FD27
S2140278E0DBE7B11C01EB4001C9B2384613F0EDFFED
S2140278F00446D2E7204603AA02A913F0E3FD054692
S214027900B9F1000F4AD0009B03F0C003802B0ED1C2
S214027910FF2320468DF809300BF03EFAFF281BD0D5
S2140279200DF109020DF10A010BF02AFC14E0402BBE
S21402793034D19DF808308BB3FF2320468DF80930EA
S2140279400BF02AFAFF2807D00DF109020DF10A0101
S2140279500BF016FC2D281CD13378404603F03F036B
S214027960337016F079FC10B912F0D4F88046002372
S21402797042461946204608F04FFE00283FF44AAF1A
S214027980C822072138460AF055FF012005B0BDE897
S214027990F08F9DF80930FF2BDED12546039838B9C3
S2140279A09DF80820002A62D1394B2C461B7856E7F0
S2140279B009F032FA039AFF280346127908D1CDE974
S2140279C000204FF4E171354816F06EFADDE9002327
S2140279D0B9F1000FE4D002F03002102A0AD0202AB1
S2140279E0DED1BBF1000F24D05146184609F016FC32
S2140279F00028D5D1DFF8A89099F80030012B45D0A1
S214027A00204610F0A3FC28B92A4621464046F379C0
S214027A1013F0DBFCA54212D1039A137923F00C0370
S214027A2013719DF80830ABB92C46194B1B783022DF
S214027A3015E7039B1B7913F00C0FDBD1B0E799F81F
S214027A400030022BE8D0039A137923F00C0343F09C
S214027A500403E5E70121204612F0A0FA20B92046E9
S214027A600BF09AF9FF280FD0094B1B78DFE70121AC
S214027A70204612F093FA00287FF4D7AE20460BF089
S214027A808BF9FF287FF4D1AE02207FE7A542D9E723
S214027A90065800209E5E0020005000202E7C040027
S214027AA04E5F002038B50E4B04461B780D46033B4E
S214027AB0012B10D900F108039BB2012B0DD812F04E
S214027AC029F8002302462946204608F0A5FD80F044
S214027AD00100C0B238BD0120FCE70220FAE700BF71
S214027AE09E5E00202DE9F041064610460D4613F034
S214027AF0C9FFA0F11004E7B256FA84F42146EA1B45
S214027B0004F10E00F2F774FA2823DFF84480F355E6
S214027B1098F80030637301F045FF611C02460120AD
S214027B2010F04EFC08220949601DF2F761FA98F837
S214027B30000013F0BDF905F10E0130463B46002267
S214027B40C9B201F0E1FF1220BDE8F081205F0020FB
S214027B50985E00202DE9F04F89B0044611F03AFEF7
S214027B600546204611F099FD0746281D16F07AFABA
S214027B708146A81C16F076FA0390384695F807A0B8
S214027B8016F06AFB2B780490990761D121460420EF
S214027B9002F0C2F800285BD0204613F073FF0146BD
S214027BA020460AF00FFC820752D1204613F06AFFE5
S214027BB0014620460AF006FC10F00303059347D15F
S214027BC02046FFF721FD002842D0204614F04FF849
S214027BD0461C204615F0A0FDF6B206F10A0B8345B8
S214027BE080F29F80504A06AB1068516803C3711C2E
S214027BF020460AF0E7FB3146804620460AF0E2FBC2
S214027C00594600EB082820460AF0DCFB8346059B13
S214027C102146B21C009306A8082316F024FB1FFA7E
S214027C2088F8204611F039FD5A46414610F0BCFB52
S214027C300122404606A901F09BFB002871D10220D2
S214027C400BF036F8013003D1404606A9EFF712FBD7
S214027C5011F060FF48453A46514608D112F0CCF979
S214027C6000285ED109B0BDE8F04F01F077BB484668
S214027C7012F0C2F9002854D12C4B1B781BB9394696
S214027C80484612F056FB3A4651464846FCF716FA64
S214027C90002846D0297811F0030102D12046FFF7CA
S214027CA04BFCAB79002B3CD0214B1B78DA1E012A09
S214027CB037D9062B35D06B78DB070DD503982E7A8D
S214027CC013F095F910B3F30803F01C0326F01F0611
S214027CD0334343F001032B724FF6FF71204611F037
S214027CE0B0FC049BDBB90FF059FE00F03F02022104
S214027CF02046FCF75FFB4FF6FF73039A9A4210D1B9
S214027D00204609B0BDE8F04FFEF7F4BF06F01C03AC
S214027D101C2BE1D0042B04D9043E2E72DCE7002291
S214027D20E5E709B0BDE8F08F20050400945E002068
S214027D309E5E00202DE9F04385B004460E461746A7
S214027D4011F045FC0C2820467BD111F043FD092298
S214027D50002115F005FC00F11005EDB2294620467B
S214027D600AF030FB042853D006D8012815D0022882
S214027D7022D005B0BDE8F0837C28FAD1204615F063
S214027D80CBFC0546204615F0ABFC02463046E9B26F
S214027D9005B0BDE8F0430FF02DBE46B913212046CC
S214027DA013F093FD05B0BDE8F04311F0DCBE05B05C
S214027DB0BDE8F043FCF7ACBE9D4B1B78013B012BA4
S214027DC0D7D82046E91C0AF0FDFA074686B978B9E4
S214027DD0691C204613F079FD0546214613F056F835
S214027DE03A462946102005B0BDE8F04316F003B91E
S214027DF0002508232146152200950DEB030016F0F8
S214027E0032FA284602A915F05BFE13F07CFAB0E7B8
S214027E10884B1B78022BACD146B9FEF73FFDC20752
S214027E200AD5FEF7D7FC002F08BF3F26304605B01E
S214027E30BDE8F0430FF0EABDFEF714FD0028F0D0CF
S214027E40F1E711F0C7FC8046043016F00BF907463E
S214027E5008F1020016F006F94FF6F7739842054647
S214027E600CD8754A138801339BB213800BB9734A38
S214027E7013801EB1714A13880133138098F800905C
S214027E8009F00309B9F1010F40F08380204613F090
S214027E90F9FD014620460AF095FA043809283FF60D
S214027EA068AF01A353F820F0D17E0200737D020072
S214027EB0737D0200F57E0200737D0200737D020070
S214027EC0737D0200DD7E0200737D0200DD7E02000D
S214027ED0204605B0BDE8F043FFF7D4B9544B1B78F3
S214027EE0042B7FF446AF0021084605B0BDE8F043F8
S214027EF0F9F720BB4E4B1B78013B012B3FF639AFFF
S214027F00404613F0FCFD00274D4B01465B898DF879
S214027F100A70ADF8083000283FF42BAF384615F04B
S214027F20CFFD0546204613F0ADFD421C0323214635
S214027F30009792B202A816F096F99DF80A30E6B9B2
S214027F403C4A1278022A18D1BBB9FF2DBDF8084068
S214027F500AD03C4A214632F81530284623F480637C
S214027F6022F8153013F0AEF9204613F08CFA0022F0
S214027F702146102016F03FF8FBE6022B3FF4F9AE3E
S214027F802BB9304B33F815305B053FF5F2AE284679
S214027F903BE7B9F1000F7FF4ECAE3146204604F021
S214027FA0BBF8002E3FF4E5AE4FF6F7739D423FF660
S214027FB0E0AE98F80160284616F0040620D113F0C9
S214027FC0AFFA044628467CB113F02CF90346F0B902
S214027FD00C2200902946384612F009FB0C22002398
S214027FE039462846009308E013F01CF90346B8B950
S214027FF0154A009012782946384612F0F8FAB8E682
S21402800013F010F9034678B90B220090F3E7062224
S214028010334629463846009612F0E9FA0622DEE78B
S214028020234600940622E6E74B46CDF80090F9E791
S2140280309E5E00209D5E0020AE570020AC570020BA
S214028040CCC7040098570020F06800202DE9F04FB6
S21402805005888BB00446284611F0BCFB80460430E7
S21402806016F000F8074608F1020015F0FBFF05A916
S2140280700190284613F050FD284613F003FD0146F2
S214028080064628460AF09EF998F80030029003F059
S2140280900303012B0CBF82464FF0FF0A15F0F8FED1
S2140280A0B4F806B0814611F035FD98F80730009016
S2140280B03846039301F08AF8002838D1019801F077
S2140280C085F8002849D1FCF7B9FAA9EB0B0B1FFA81
S2140280D08BFB8146FAF774FB002844D1FFF712FBAC
S2140280E0002840D1A14B1B78033B012B42D8BAF1A2
S2140280F0060F00F0BE80BAF1040F00F0BA80FFF758
S21402810001FB20B1029B03F00303012B32D0FAF7E6
S214028110B1FA28B9964B1B7803F00F03062B6FD1E2
S214028120944B2846B3F8681011F08BFA22E02846E2
S21402813011F050FB023015F095FF4FF6F773984298
S21402814006D9039B23B92846FFF75EFA0028B5D165
S214028150A37823F00F03A37054E0019816F07CF87E
S2140281600028B0D1F4E7A9F104095FFA89F9B9F158
S214028170020FB7D8BAF1010F40F0A280284611F0DC
S2140281804AFA4FF6FF7398426AD1002331462846D0
S21402819007AA13F0DBF880460028D9D042799DF86A
S2140281A02530934209D9711D284689B20AF01EF974
S2140281B0A37823F00F030233A3700FF0EFFB7E23A6
S2140281C0B0FBF3F202FB130303F58073A3809DF862
S2140281D0263013F0180F0BD0A378190708D1009B8E
S2140281E0BB4205D0384698F8052005A90FF01EFCBC
S2140281F09DF82700003818BF01200BB0BDE8F08FAD
S2140282002823A3800020F8E7584B1B78033B012B5A
S2140282105FD940F6B8339B459AD80FF0BFFBFF23D1
S2140282208DF81330002300F03F00C0F5FA70A080EE
S21402823007A90DF113008DF81C30FBF7A3FF0546C6
S21402824098F80710384611F0CBFE002D80D09DF826
S2140282501C20013A032A7BD8DFE802F0807A697D87
S2140282604FF6F773019A9A4224D898F80130DA0743
S21402827020D4284611F0CFF915F08BFF012808BF4D
S2140282803D4BA27809BF1B78FA2303EB830303EB6B
S214028290830302BF9B00FA339BB212097FF458AFE6
S2140282A05B45FFF455AF0FF079FB00F01F0010306E
S2140282B0A08053E02D4B1B78033B012BA9D8D8E7AF
S2140282C04FF6F773019A9A429ED898F80130DB0768
S2140282D09AD4BAF1020F53D10123314607AA28468F
S2140282E013F034F8074611F015FCBDF82230984218
S2140282F036D1002F3FF42CAF01227B883146284628
S21402830008F00EFB1D4A13780133DBB288F80730FB
S21402831013707B88BDF81E209A421FBFA37823F0F5
S2140283200F030233A3704FF4C873A38016E0009BBA
S214028330BB4213D000283FF40BAF426801323FF431
S21402834007AFC2789DF813309A42BFF401AF05E03A
S214028350009BBB4202D0A2781209EBD101204CE767
S214028360184615F079FF0028C3D182E79E5E0020EA
S2140283709D5E002000500020C26800209B5E002008
S214028380BAF1030F7FF475AF009BBB427FF471AF67
S214028390711C284689B20AF015F80C287FF469AFDA
S2140283A0FBF7E2FC4FF6FF73984201463FF461AFDB
S2140283B0284611F046F95CE72DE9F34104460088A9
S2140283C011F008FA0546043015F04CFE0646A81CC5
S2140283D015F048FE074615F05BFD05463046B4F834
S2140283E0068000F0F3FE064648B9384600F0EEFE78
S2140283F058B9194AA3781278033A012A0BD8A378F7
S214028400002623F00F03A37021E0384615F024FF60
S2140284100028EED1F3E71B09F1D1A5EB0805ADB2B2
S214028420B5F5C86FEBD80DF10301384601AA0193E2
S21402843013F048F89DF80350014645B94FF6FF730E
S214028440984204D00126208811F0FBF8A580304619
S21402845002B0BDE8F08100BF9E5E00202DE9F0412B
S21402846005460C4611F0B3F8082802D10120BDE8F3
S214028470F081201D15F0F6FD0646284694F8078082
S21402848011F00BF90746284611F097F8010612D5A7
S214028490184B1B78042B0ED1174B1B78022B0AD1D4
S2140284A0164BB3F868204FF6FF739A4203D00021AA
S2140284B00846F9F73FF8124B1B78002BD6D1A01CC2
S2140284C015F0D0FD4FF6F773984202D86378DA07B4
S2140284D00DD523789B070AD13A464146304611F01D
S2140284E08BFD80F00100C0B200F00100BFE7012062
S2140284F0FAE700BF9E5E00209D5E0020005000202E
S214028500505F00202DE9F04F9DB0044611F05FF851
S2140285100546204611F05BF808285AD14FF400436E
S214028520102200212046ADF8503011F0E8FE204619
S21402853015F0D6F80DF0F2FB002321461A460C2061
S21402854000930DF0AFF998B3204615F0C9F814A9B8
S21402855002461020FAF7D6FD0501204615F0C0F8AF
S21402856014A902464020EDB2FAF7CCFD10B120461F
S2140285700FF028FA204615F0B3F814A90246802018
S214028580FAF7C0FDB8B99DB1102517A806F0A2FDEE
S2140285902046BDF8507015F0BFF80646204615F086
S2140285A09FF829460090F3B2384617AA0FF0A8FAA9
S2140285B01DB0BDE8F08FBDF8503017A8ADF85E408C
S2140285C0ADF85C300FF0EAFE0028DCD145F08005FD
S2140285D0DBE7204611F04EF8B0F5006F40F005815B
S2140285E0204611F05AF80646042D40F00181204636
S2140285F010F0E3FF80F40060C0F3C0200022314692
S214028600400015F0F8FC954B1A78022A0DD0FFF7B9
S21402861079F850B902F0FD03312B06D0043A012A4C
S21402862003D98F4B1B78002BC2D02146022001F0C3
S21402863073FB05900028BBD02046ADF8464011F0EB
S214028640C9F80446BDF8460011F027F80546201D75
S21402865015F008FDA31C83461846039315F002FD89
S21402866012A90746BDF8460013F056FA637806903C
S214028670BDF8460094F80080099313F003FA637875
S214028680064608F0030828460C93FAF7F1F8B8F104
S214028690010F0CBF032302230E93724B08BF4FF049
S2140286A00B091D80237818BF4FF00A0903F03C031C
S2140286B0082B0D907FF47CAFBDF8460015F02CF821
S2140286C0B0427FF675AFB8F1010F03D02378980752
S2140286D07FF46EAF644BB3F86830AB420DD1634A99
S2140286E0634BB2F9001093F90030002900F0A58020
S2140286F001EB0313A3EB211313804FF0010AA6F13B
S2140287001003DBB207938DF8453010224846BDF8B9
S2140287104610CDF800A00DF145030DF0C3F8002871
S2140287203FF446AF099B13F002030A9300F00A8156
S214028730504B1B78002B3FF43BAFBDF846904846A3
S21402874013F0A0F9002308904846CDE91733199391
S214028750ADF8683010F0A1FF089B039003F10E01FC
S214028760484689B213F061F9002870D000234946C2
S214028770089A009317A80E2315F075FD50460DF1C2
S2140287805D010FF02BFE9DF869300B9004939DF867
S2140287905C30282B5BD10DF16100FAF7F3FB0F90EA
S2140287A0002854D1049812F083FB0F9B002867D14F
S2140287B0314B049A1B78D31A190648D404F04CFDA0
S2140287C050453CD115F069FB2C4E0546346824B161
S2140287D004F048FD2C1B844239D30023FF2219469D
S2140287E01846FCF73DFB356031E04FF6FD76FBE6BA
S2140287F04FF6FF70301A18BF0120002231464000A3
S21402880015F0F9FB0C2D0DD12146012001F084FA5A
S21402881000283FF4CDAE214600201DB0BDE8F04F43
S214028820FDF700B92DB920461DB0BDE8F04FFDF7A3
S2140288305FBD042D7FF4BCAEE5E61B025CE704F0E8
S2140288400BFD022803D104F0E9FC0028BAD000226E
S2140288501920039915F0CFFBAAE600BF9D5E002003
S214028860505F00202458002000500020F6570020B9
S2140288704C5F0020995E0020985E00201051002078
S21402888010214846089ACDF800A012F04FF90028A9
S214028890DDD0A64B049A1B78934240F0AA80039937
S2140288A00DF1610214A815F0D7F8012114A8FAF701
S2140288B043F8824648F2030114A8FAF749F9BAF1D6
S2140288C0000F03D0082114A80FF023FD484613F02A
S2140288D0F7F803990DF16100FBF7E6FAFE288246E7
S2140288E0B5D0FF280AD1039815F099FCFF288246D6
S2140288F000F087800DF16101FBF750F98B4B049A6B
S2140289001B78934200F0A38050460B99FBF7B2FA0D
S21402891000283FF44DAE50460B99FBF7BDFA23787C
S2140289209A070FD1484613F0ADF80146484609F0BB
S21402893049FD00F00300012804D103980DF16101FE
S214028940EEF798FCBDF8460010F037FE030440F13F
S2140289508580204615F086FB40F4007189B22046D9
S21402896015F082FB00224FF40041BDF8460010F0DD
S21402897015FEDDF81490012310220093BDF8461070
S2140289800E980DF145030CF08DFF00283FF410AE53
S214028990032866D1204615F065FB40F4007189B2C3
S2140289A0204615F061FB284615F056FC002840F0DC
S2140289B0B780DDF81490B8F1010F40F0C1800320B3
S2140289C0BDF8461001F0A8F9002840F0B9803146FB
S2140289D0BDF8460009F0F6FC0F2801467FF6E8AD22
S2140289E04FF6F7739F423FF6E3AD284611F0EBFCD5
S2140289F0DEE55046049903F049FD00287FF44FAFA8
S214028A0025E7237803F00303012B08D1484613F029
S214028A1039F80146484609F0D5FC082892D0444B5E
S214028A201A78444B1B789A4209D20DF161010398D9
S214028A30FBF768F8039815F0F2FB82465EE7A01C87
S214028A4015F010FB4FF6F7739842EED9FFE6504644
S214028A50FBF79AFA00283FF457AF5CE74FF000099D
S214028A6089E7284615F0F8FB0028A4D00A9B002BBD
S214028A7058D1B9F1000F53D1B8F1010FBDF8460035
S214028A809DD0314609F09EFC8246DFF8B09099F8F8
S214028A900030002B5FD011F03DF887427FF488AD9E
S214028AA0B8F1010F40F08280BAF1070F78D8BAF118
S214028AB0050F7FF67DAD204B1B78022B02D0043BC0
S214028AC0012B03D899F80030002B4BD00C9B98064C
S214028AD040F1BB800D9B002B40F0B380284615F07A
S214028AE01FF8FF2840F0AD805D457FF461AD069B20
S214028AF0002B00F0A48012AB46F204020124ADF86B
S214028B005C200193214602232846009417AA12F0FD
S214028B1095FF00283FF44CAD214611F03DF947E59C
S214028B20DDF81490284607F053FD44E7985E0020CF
S214028B30975E0020C36800209D5E0020995E00209C
S214028B403146BDF8460009F03DFC0A9B824613B941
S214028B50B9F1000F99D0A84B1B78022B02D0043B28
S214028B60012BB3D8284600F031FB814600287FF45B
S214028B701FAD10F0CFFF854222D1A04B1B78033BDE
S214028B80012B19D89E4BB3F8684010F0C3FF4B4632
S214028B9001460D222046CDF8009011F028FD07E58B
S214028BA0AAF10E03DBB2012B85D901E50AF0030315
S214028BB0012B7FF4FDAC7EE7012000F0A5FBF7E475
S214028BC0284615F049FB58B910F0C1FF4FF6FF735F
S214028BD0984205D015F054F810B92846FAF738FF2F
S214028BE0284615F039FB88B110F0B1FF4FF6FF7337
S214028BF098420BD015F044F840B9B8F1010F02D1F3
S214028C00BAF1060F02D0284607F04CFA069BA3B923
S214028C1019460122584600F0ABFB814600287FF435
S214028C20C7AC204612F06BFF4A460146384600F0B3
S214028C309FFB00283FF44AAFBAE412A9E9E7069B75
S214028C405AE7637823F0200363704FF6FC739F4263
S214028C5075D16A4B1B78033B012B7FF6A9ACA3792F
S214028C600BB1013BA3716378590727D500235846F9
S214028C7017AA14A9179312F025FC1798F0B108F05A
S214028C80CBF88146384614F04BFF179A0146137903
S214028C9003F03000102806D003F00C0008281CBF92
S214028CA023F00C031371137903F03303202B05D141
S214028CB0FF2903D00122484608F078FA284614F025
S214028CC02FFFFF281EBF00224E4B43F82020099B91
S214028CD003F001094FF6F7739F4200F21381B9F1D0
S214028CE0000F40F01C812946584611F022FB10F076
S214028CF011FF874200F0DF80384615F0ADFA0028F3
S214028D004AD0B8F1010F30D1BAF1010F20D14A464C
S214028D103146BDF8460007F05FFE384615F09CFA6D
S214028D20394B1B78002B78D1584615F095FA002857
S214028D3070D1384615F090FA00286BD138E44FF619
S214028D40FD739F428BD12D4B1B78042B87D12FE4CA
S214028D50384615F081FA50B3BAF1030F27D13146DF
S214028D60BDF8460011F07BFC22E4384615F074FA92
S214028D70384612F057FA002848D00023394658469B
S214028D80BDF8462001F05AFB00283FD00021BDF86E
S214028D904600FEF7D1FB0BE4384615F05DFA18B133
S214028DA0B8F1010FD8D0E3E7B8F1010FE0D1164BC6
S214028DB01B78002BB8D0BAF1050F2ED110F0AAFE00
S214028DC08DF85C0010F0A6FE000A8DF85D00012307
S214028DD0022217A90DF14600F9F74CFA00287FF493
S214028DE0E7AB711CBDF8460089B209F0D9FA0378E0
S214028DF00133037011E000BF9D5E00209E5E0020DE
S214028E000050002090400020C96800209A4B1B7832
S214028E10002B89D0B8F1010FCDD063785A070CD554
S214028E20BDF84640204612F0EFFD411C89B22046AE
S214028E3009F0B6FA0378013B0370904B1B78033BAC
S214028E40012B30D8B8F1010F06D1BAF1050F1FD1A8
S214028E5010F060FE834522D1BDF84600FEF7AEFC58
S214028E6002281CD10021584617AA08F021F930B171
S214028E700379458003F03C0343F04003037100236B
S214028E807F4A009339465846127811F0B0FB06E046
S214028E90BDF84600FEF792FCBAF1030FE0D10022BD
S214028EA039461C20D6E4BDF84600FEF787FCB8F12A
S214028EB0010FD5D1F0E7B8F1010F7FF467AF0AF1E1
S214028EC0FF330C2B00F2AA8001A252F823F000BF57
S214028ED0338F0200338F02005F8D0200498F02003B
S214028EE0598F02007D8F02009F8F0200CB8F0200F7
S214028EF0E18F0200E18F0200ED8F02000590020072
S214028F0011900200B8F1010F00F09480B9F1000F41
S214028F1008D1BDF84600FEF71DFEFFF749BBB8F1C3
S214028F20010FCCD0237A03F00303012B7FF440AB6E
S214028F30EFE7AAF102035A423146BDF846005A410B
S214028F4007F04AFDFFF734BB32465846BDF84610D6
S214028F50FEF7D6F8FFF72CBB711CBDF8460089B2A7
S214028F6009F030FA0236F6B20246BDF846305846E6
S214028F70009612A90AF054F8FFF71ABB3F4B1B786B
S214028F80013B012B3FF614AB079B01210093002007
S214028F902346BDF8462011F099F8FFF709BB374B78
S214028FA01B785A1E012A07D90120079ABDF84610D7
S214028FB0FCF71AFCFFF7FCBA022B7FF4F9AAF9F7C2
S214028FC0FFFB0028F0D1FFF7F3BABDF8460006F023
S214028FD069FEFFF7EDBABDF84600FEF721FA98E7FC
S214028FE0BDF84600FEF71CFAFFF7E2BA234B1B78E1
S214028FF0013B012B3FF6DCAABDF84600FDF736FD25
S214029000FFF7D6BABDF84600FDF780FDFFF7D0BAE7
S214029010BDF846000FF0BCF9FFF7CABA334622463F
S2140290205046BDF846100FF085F900287FF4C0AA16
S2140290305146DAE40AF1FF330C2B3FF6B9AA01A235
S21402904052F823F0338F0200338F02005F8D020046
S214029050498F0200598F02007D8F02009F8F020007
S214029060CB8F0200D78F0200D78F0200ED8F02004F
S2140290700590020011900200C96800209E5E002042
S214029080F068002010B50021114810F019FC0446C3
S214029090E8B110F02BFB0F4B1870204610F02BFB9C
S2140290A00D4B1870204610F02CFB0C4B1870204607
S2140290B010F02CFB0A4B1860012014F0F2FE20463A
S2140290C0FFF720FABDE81040002014F0EABE10BDFB
S2140290D0D45700204D5F00204C5F00204B5F0020DD
S2140290E00851002070B5164E044633680D46E3B1AB
S2140290F010F06DFA0C2818D1204610F06BFB0922EE
S2140291000021044614F02CFA235C042B0DD10D4BDF
S2140291101B78033B012B08D80B4C25B10B4B22784E
S2140291201B789A4203D300232370002070BD0848A0
S214029130316814F0C1FB2378012001332370F5E770
S2140291400C5100209E5E00204F5F0020EF6800203A
S21402915074670020014B93F901007047F657002010
S214029160014BB3F8680070470050002070B5002429
S214029170124D2C70EDF762FEE6B2B04212D8104BDA
S2140291801B78013B012B04D800214FF6FF70FBF73A
S21402919019FF00220B4B1A700B4B198801B11A806B
S2140291A0012070BD304614F013FDC30748BF2B786C
S2140291B004F1010444BF01332B70DBE7965E002006
S2140291C09E5E00208D5E0020A857002038B50B4B0F
S2140291D005461B7873B101335C08094B188814F0F6
S2140291E07FFA002330F81320AA4205D00133DAB200
S2140291F0A242F7D3002038BD0120FCE78D5E002096
S214029200A857002030B5054685B008460C4615F02E
S2140292101FF8FF280CD011F052F901220021034654
S214029220CDE90112009221462A460720FBF77AFA78
S214029230284614F075FCFF2804460FD014F0C8FC2C
S214029240C2070DD5204614F0C3FC830708D40B4A88
S21402925032F8143043F4806322F8143005B030BD7F
S21402926011F02DF9012200210346CDE901120092E8
S21402927007202A46FBF756FAF0E700BF9857002069
S2140292804FF6FA72431E9BB2934270B504462AD832
S214029290FFF79CFF38BB194B1B78042B23D02046C4
S2140292A014F0BDFFFF2801D0FAF702FB204612F0A9
S2140292B0E2F808B107F0C6FD2046114E04F046FA61
S2140292C020460EF0B1FB31780E4D69B1288814F0B5
S2140292D007FA054601461E220230F0F789FE2C8068
S2140292E033781E2B07D970BD202014F06DFA288023
S2140292F00028EBD1F7E702333370F4E79E5E0020D6
S2140293008D5E0020A857002037B5134B05461B7804
S214029310022B1FD110F0FEFB044610F0FBFBFFF7FA
S214029320AFFF11F0CCF810F001FC0020FBF73CFD7B
S21402933040F607400EF004FC3DB100230D22214604
S2140293404FF6FD70009311F052F903B0BDE83040BD
S21402935004F032BF03B030BD9E5E0020034B1B7884
S21402936013B90120FFF7D0BF704700BF945E0020FC
S214029370F7B504460D46174610F0CCFB0646002D00
S21402938047D04FF6FB739C4243D82046FFF71EFF9A
S21402939030B1A64204D1204B1B78033B012B38D9AF
S2140293A02046FFF713FF10B1012003B0F0BD2046A0
S2140293B00EF00AFBC0B1A642F6D00CB369462046B0
S2140293C0F9F758FD0246D8B90821684610F034FB72
S2140293D0B0B9082269462846F1F704F980B1294651
S2140293E0204611F09CF8DFE7A642E6D12846F9F7B8
S2140293F0C9FD28B90120FFF787FF06F0DFFDD3E796
S2140294003FB121462846FAF7E7FB2146284604F0F4
S214029410B9F90020C9E700BF9E5E0020044A13780F
S2140294202BB1013BDBB213700BB9024A13807047B3
S2140294308D5E0020A85700200148F8F7D7BC00BF71
S214029440A85700202DE9F047804617460D468CB0F7
S21402945061B903AE00211B4814F068FE4FF0000904
S2140294600446DFF860A01CB920461DE00E46F1E770
S2140294700022214624233046CDF8009014F0F3FE55
S214029480082241463046F1F7ADF8A8B9337C9BB9BD
S2140294906FB945B92A4621460A4810F030FA0A4AF8
S2140294A01388013B138001200CB0BDE8F0873B888F
S2140294B0B28953405B06ECD52146504614F05AFE5C
S2140294C00446D0E70C5800200A580020024B1888A1
S2140294D0003818BF012070470A58002040232DE9A3
S2140294E0F04397B0074611A88946ADF80E300EF045
S2140294F0B1FB02238DF84430002304AE31463846D1
S21402950004937360F9F7B6FC0546002840F0958090
S21402951038460EF01BFF804610F0FCFA0446002880
S21402952040F0BB8099F80130042B40F0B980EDF78B
S21402953091FC022840F08480EDF78CFC022840F073
S2140295408B8096E8030003238DF8443012AB83E841
S21402955003009DF85130002143F00603102209A8AB
S2140295608DF85130F0F7F2FC09A911A80EF007FDAC
S21402957040B111A80EF06EFB30460DAB09AA11A938
S2140295800EF002FEBDF846300DA943F0040311A802
S214029590ADF846300EF04CFD102209F10A010DA876
S2140295A0F1F720F80546002872D1EDF753FC0228A1
S2140295B006D13146FF2009AA0EF008FD00286AD11E
S2140295C034240025EDF746FC022808D19DF85130D8
S2140295D01B0704D430460DF10E0111F0C0F92146E6
S2140295E0304611F0E5F910238DF8183004238DF873
S2140295F01A303346002203CBCDF81B00CDF81F10DD
S21402960006A80B218DF8195010F0FFF8024638B163
S214029610002D14BF012303233146384603F078F8A1
S214029620B8F1000F09D0342C07D106A832463946C5
S21402963014F012FA06A80EF06FFE17B0BDE8F0831B
S214029640234621463046009411AA01F05FFE002808
S2140296503FF472AFAD25C6E7EDF7FCFB012891D1CA
S214029660104B1B6803F08403842B8BD196E803000F
S21402967002238DF844301023ADF8463012AB83E84F
S21402968003009DF8513043F002038DF8513079E71C
S2140296903324AD2596E7052494E72C46A325A2E7B6
S2140296A0AA25A0E7804200202DE9F04336488DB077
S2140296B0F8F78CFE14F0F1FB344D2B68C41A4FF405
S2140296C07A73B4FBF3F4A4B214B114F0E6FB286088
S2140296D02F4F4FF6FF763B88DFF8B880ADF80A309A
S2140296E000233B8000210DF10A0010F0E9F8054640
S2140296F058B9284B1B882BB14FF47A712248714314
S21402970014F0DAF80DB0BDE8F0834FF00009242318
S2140297104A462946CDF8009003A814F0A4FDBDF8E9
S2140297201A30A34294BFDB1A1B1B9BB2ADF81A3049
S214029730CBB910F0EFF9BDF8183003F04003184328
S21402974080B218B9322103A80EF0E0F9BDF818303D
S2140297501B0602D508980EF0E6FBB8F80030013B6F
S214029760A8F80030BEE79E4228BF1E4601234A469E
S2140297702946009303A8242314F075FD4A46294679
S214029780384614F0D9FCADE78C4100201451002075
S2140297900C5800200A580020F0B50446304A8DB016
S2140297A01068516801AB03C3A378012B54D116226B
S2140297B000210DF11A00F0F7C9FBD4F82110D4F8F5
S2140297C01D0003AB03C32388190644BF62680892D0
S2140297D0DA050BD5221D08AE04F1140735461068CB
S2140297E05168083203C5BA422E46F7D1ADF8183092
S2140297F013F0040318BFA3690593EDF749FB002392
S214029800ADF81A008DF81C3010F084F9E0B906A9FC
S21402981003A811F0A4F80022242103A80FF0F5FFF4
S2140298200446D8B10020FFF73FFF002221460D482C
S21402983014F082FC0C4A0020138801331380FFF7D1
S21402984033FF00200DB0F0BD082201A903A8F0F7EF
S214029850C9FE0028DFD0DAE70220F3E71920F1E795
S214029860200504000C5800200A580020F7B50446CC
S21402987000200E46FFF718FF104B1B88A34202D8A3
S214029880212003B0F0BD00210D4814F04FFC002546
S21402989001460B4F0029F3D0A54208D10024242309
S2140298A022463046009414F0DEFC2046E9E73846AD
S2140298B014F060FC01350146ECE700BF0A580020B0
S2140298C00C5800200148F8F791BA00BF0C58002047
S2140298D0014B1888704700BF0A58002030B5154A59
S2140298E08DB051680546106801AB03C307A80EF099
S2140298F0B1F9DDE90101032308AC84E803008DF821
S2140299001C309DF8293003A943F0020307A88DF8FE
S21402991029300EF034FB10B12D200DB030BD234699
S2140299202868696803C303A907A80EF00DFB002880
S214029930F3D0F1E72005040070B50C4611460E4A36
S21402994023781278064613F0200542EA03022270B4
S21402995018BF611D0822F0F74BFB002D0CBF052037
S2140299600D20D4F80130B3602378337303F0180364
S214029970082B08BF013070BD995E0020042307B58E
S21402998001200DEB0301054AF8F79AFD019B044AF4
S2140299901B03136003B05DF804FB00BF63E5110010
S2140299A07042002010B5064C2368C3F30B0313B9AC
S2140299B00448E2F74FF92068431C236010BD00BF3D
S2140299C07042002063E51100014B1868704700BF23
S2140299D07042002007B50020054B064A1860042393
S2140299E00DEB03010190F8F76BFD03B05DF804FB85
S2140299F07042002063E511007FB511230A4A012058
S214029A0001A9F8F75DFD094B9DF814201A70084B62
S214029A101B780BB1052B05D10DF0BFFF012007B057
S214029A205DF804FB0020FAE779EB0100985E00205F
S214029A30995E00202DE9F04F0646CBB08846008896
S214029A400121174613F084FE2E4B3A463188ADF8B4
S214029A50160006A811F03FF80DF1280B5A464146AB
S214029A60C419308810F0C1FFE4B208EB0003A34229
S214029A7008BF044605464FF004091CBFA4EB0804C1
S214029A80E4B223465A460121CDE900090BEB050A4A
S214029A90CDF808B02D1B06A8EDF746FEEDB20BEB8F
S214029AA004030093019523465A464146308810F037
S214029AB0CAFF34883946204608F084FC394600F04E
S214029AC0F802204608F092FC0121308813F040FE8E
S214029AD001234A46514680B10DF11600F8F7CAFB3B
S214029AE001210446BDF81620308813F045FEB4FA6C
S214029AF084F040094BB0BDE8F08F3046F8F7BAFB69
S214029B000446F4E7205F00202DE9F04FC9B0044672
S214029B1088469246C118224A04A81F46FFF70CFF41
S214029B204FF00409C519EDB208AB0293A5EB0A0B78
S214029B30A8EB0A035FFA8BFBA8EB0506DBB2F6B2CC
S214029B4004EB0A02009301215B46CDF8049004A8B8
S214029B50EDF7EAFD06F590730DEB03025A44A2F503
S214029B608072136808A844F80830E35D324623F092
S214029B700703E3552C442146F0F778FB08ABCDE902
S214029B80019308AA00230121009604A8EDF7CCFD54
S214029B903246204608A9F0F769FB49B0BDE8F08FC7
S214029BA0205F0020F8B5064612F061F8811C0546D3
S214029BB089B2304611F039FFF0B1EDB12946304690
S214029BC008F000FC1228074616D80C4B691C1C5CD1
S214029BD089B2304608F0F6FB2C44052FE4B205D1D4
S214029BE0052809D8064B1B5C1C44E4B221463046C5
S214029BF0BDE8F84011F019BF0020F8BD12C80400F5
S214029C000CC80400F8B5054611F03CFF0446284689
S214029C100FF0E0FDA11C074689B2284611F005FFA9
S214029C2000283ED0002C3CD02146284608F0CAFB2D
S214029C300646611C284689B208F0C4FB0F2E30D8AF
S214029C40194B9B5DE118731E89B2092B0ED8DFE80B
S214029C5003F009050D0D120D0D181E1EC40644BF95
S214029C60083189B2820601D5083189B22846BDE894
S214029C70F84011F0DABE7B78DB0612D501EB400124
S214029C80F3E700F01F0000EB40000144EDE71F2859
S214029C9005D8092E0ABF4000022080B2F5E7C82880
S214029CA0E4D00020F8BD00BF25C80400F8B506467B
S214029CB00FF090FD09220021054613F051FC00F139
S214029CC01004284614F0CEF9E4B207462146304680
S214029CD008F078FB0546304613F01EFDBA05A0EBE9
S214029CE00403DBB20AD47C2D0AD0082D0AD8064A11
S214029CF0505D98428CBF00200120F8BD1220F8E784
S214029D000320F6E7FF20F4E736C80400014B187874
S214029D10704700BFF168002038B5114B04461B7827
S214029D2008469BB9012038BDA24205F101050FD1B4
S214029D3003EBC1035B6898470028F3D11E20224636
S214029D404FF6FF7114F057F90020ECE70025054B9B
S214029D50E9B213F83120002AE6D11446EEE700BF36
S214029D60F1680020DCC704004FF6FF7307B5022235
S214029D700DF106010348ADF80630E1F7A7FF03B080
S214029D805DF804FB603202E0002307B5ADF804304C
S214029D90134B984221D10B88DA0703D5232003B050
S214029DA05DF804FB9B0748BF4FF47F434FF0020267
S214029DB00C480DF1060148BFADF80430E1F75AFF32
S214029DC04FF6FF73BDF806209A42E7D102220548F5
S214029DD001A9E1F77BFF0020E1E72120DFE700BFD2
S214029DE01FD1BACA603202E0002313B502220380F2
S214029DF004460DF106010F48E1F73CFF2D2801D07D
S214029E00112805D14FF6FF73ADF80630FFF7ACFF09
S214029E109DF80630BDF806201BB1238843F00103E7
S214029E2023800020FF2A82BF238843F00203238078
S214029E3002B010BD603202E0034B1B78002B14BF49
S214029E40442056200E307047995E00202DE9F04FD0
S214029E508DB0179C06468946CDE90223BDF8587098
S214029E60D588ADF816103CB9EC0605D500970DF06E
S214029E70E8FE0DB0BDE8F08FC5F380242B054FEA4F
S214029E80043448BF44F40064A80511D544F08004A5
S214029E900A2E00F26981DFE816F09A002F001700FA
S214029EA0370067016701370010009A0037009E00EE
S214029EB0E90548BF44F04004EAE74FF001084FF0D6
S214029EC0020B4FF0000A14E008A95FFA89F011F0BD
S214029ED04FF8DDF82500DDF8291006AB03C3A44BC6
S214029EE033F81930ADF816304FF00008C3460DF1BE
S214029EF0180A002F5DD125E006AA0DF116015FFAB9
S214029F0089F003F003FCEFE74FF6F773994540F24A
S214029F102B8115F4026F40F02781964B1B78022B9B
S214029F2003D0043B012B00F2218147BB032E4FF0E6
S214029F3001080CBF4FF00C0B4FF0080BBA4624F486
S214029F40C074A4B28C4B18884FF6FF73984206D0A2
S214029F508A49F8F78FFF10B124F48054A4B2039B09
S214029F6038460093BDF81620534644F4027108F0B2
S214029F7051FAADF82000002838D1192079E7384682
S214029F8013F0CAFB0246FFF757FF032E08BF01383D
S214029F90824201DD38206CE7032E4FF001080CBF29
S214029FA04FF00C0B4FF0080B4FF0000A24F4C0746D
S214029FB0A4B2029B1B889BB91A4639460620009318
S214029FC00BF093FC0028BDD140F6014051E74FF05C
S214029FD00008C34675E74FF001084FF0030B70E721
S214029FE0002339461A4607200093E9E74FF6FF7327
S214029FF0614A118899421CD00FF0ECFB03465E4A78
S21402A00004301188039314F02FF85D49039B0978F6
S21402A01014F4805FD9715949574A1FBF086898607F
S21402A0204868D8604FF6FF7313804FF0FF330B601B
S21402A0304B605946029A08A808F0A8FA00289CD055
S21402A040504C2378002B3CD1A7B1384613F064FB62
S21402A0500746BDF8200013F05FFB23780744002B69
S21402A06014BF12220022EB1003F0040317443B44F1
S21402A070842B8FDC15F400570AD0BDF8204020460A
S21402A0800FF09BFA40F4806189B220460FF080FA06
S21402A090A6F10803012B05D801221021BDF82000E5
S21402A0A00FF07CFA179BBDF8204043B32046BDF85C
S21402A0B016100FF0C6FABDF82030179A002013804B
S21402A0C0D7E6AA06C0D56B0103F020030A2E14BFFA
S21402A0D043F0010363F07E03DBB2B8F1000F08D051
S21402A0E000215246009108A800F086FE0028ABD058
S21402A0F0BFE61A46514608A810F018FEF6E72046B4
S21402A10011F0C0FC179B02462146042000930BF078
S21402A110ECFB00283FF458AF0A2E18D84FF4D96348
S21402A120F340DB0713D5072E0AD00A2E08D0BDF857
S21402A130200010F00EF980F00100C0B2800098E610
S21402A14008A80EF006F90028F1D0042091E617B10F
S21402A15025F04005ADB22B463146BDF820005FFA29
S21402A16089F201F01BFF84E6012082E6162080E6D3
S21402A170F05400209D5E002070680020F2680020E7
S21402A1805B5F0020995E0020F7B50F469DF8281009
S21402A1900446DDE90B061D46F1B94FF6FF739C42F5
S21402A1A01CBF174B1C804FF000041CBF154B1A70C7
S21402A1B0BDF8240008F080FA00232A46CDE90043C1
S21402A1C0394606209DF82030FFF740FE10B90EB142
S21402A1D0AB7A337003B0F0BD78B14FF6FF739C4292
S21402A1E01FBF074B1C80074B1A7000220FF00DFB97
S21402A1F004460028DCD11920ECE72120EAE700BF5C
S21402A200706800205B5F00202DE9F04788469DF8C5
S21402A2102810074616461D469DF820A0BDF8249035
S21402A2200B9839B158B300220FF0EFFA044610B972
S21402A230192025E00C464FF6FF739D421FBF114BB7
S21402A2401D80114B83F800A04FF6F7739E4208D884
S21402A2500E4B4FF6FD761A784FF6FF73002A18BF9C
S21402A2601E46484608F028FA00233A46CDE9084337
S21402A27031464346BDE8F0470320FFF7E7BD2120FD
S21402A280BDE8F087706800205B5F00203C5E00201F
S21402A2902DE9F04786B09DF838600546DDE90FA83F
S21402A2A00C4617469946B6BB374B1B78022B1DD178
S21402A2B025BB4FF6F7739C4214D80026484608F092
S21402A2C0FBF900233A46CDE900632146FF232846E0
S21402A2D0FFF7BCFD38B9B8F1000F04D0BB7A88F896
S21402A2E0003000E0012006B0BDE8F087043B012BF9
S21402A2F0DED908460EF02AF810B31DB3022D31D16E
S21402A300ECF796FDA042EDD9204B33F814204FF619
S21402A310FD739A4219E0BAF1000F32D01A4B1B783D
S21402A320022B05D1FFF788FDB042E6D23820DAE7E5
S21402A330043B012BF6D908460EF008F80028F1D1A6
S21402A3401620D0E74FF6F7739C42CBD8002EB4D037
S21402A3503146002250460FF058FA06460028ADD184
S21402A3601920C0E7012DBDD104AA0DF10E01E0B2FD
S21402A37003F0CCF9064B1B78A342B3D9BDF80E20E6
S21402A380C5E72120AFE700BF9D5E0020F054002005
S21402A390BD68002030B5104B87B005460C461868DD
S21402A3A0596803AA03C298680C4910609A88DB8829
S21402A3B052BA23F04003ADF812300023CDE9004331
S21402A3C0ADF81020FF23098803AA0720ADF80E5027
S21402A3D0FFF73CFD07B030BD185800202458002077
S21402A3E038B50C461146124A124D108022682A6071
S21402A3F062686A60A268AA60E288500616D5EA8891
S21402A400520613D561B1002218460FF0FEF9014636
S21402A41050B16088FFF7BEFF0522074B1A7038BDA1
S21402A420084611F070FAF2E71920F5E70220F6E77F
S21402A43024580020185800206C5F00202DE9F04FA9
S21402A440074689B0104615461C468A4611F01AFB86
S21402A4500146284607F0B6FF064628460FF0BAF928
S21402A460043013F0FFFD80460FF054FB804550D0B9
S21402A470B2074ED1DFF8AC80284605A9B8F800B07E
S21402A48011F006FC9DF81930A8F8007003BBBDF861
S21402A4901430EBB928460FF09DF9023013F0E2FDB6
S21402A4A04FF6F773984294BF4FF000094FF0010938
S21402A4B001230134E4B22A463846CDF8009005A9B5
S21402A4C0039303F0C5FE039B40B901339C421ED2A0
S21402A4D00020A8F800B009B0BDE8F08F022CF8D131
S21402A4E0012BF6D10C4A0D4BA3F800A01378591C89
S21402A4F011700B4A7F3B16F00C01137007D1BDF8A2
S21402A5001A305B0603D5BDF81600FFF743FF022399
S21402A510D1E70020DFE700BF9B5E002070680020C6
S21402A5205B5F0020245800202DE9F04FABB00F46A9
S21402A530ADF81E000FF04EF900F1020A064650462C
S21402A54013F090FDBDF81E400546204611F09AFA1B
S21402A5500146204607F036FF814600F00308301D0C
S21402A56013F080FD434C20800FF0D4FAA8422DD081
S21402A5704FF6F7739D4229D87378DA0726D4284611
S21402A58010F050FE30B101232946BDF81E20208867
S21402A590FFF754FF0FF0BEFA364B1B8883420FD1EB
S21402A5A0BDF81E40204611F06DFA0146204607F01F
S21402A5B009FF10F00C0103D1BDF81E0001F0ACFD3E
S21402A5C000222D4B1A602BB0BDE8F08F2B49BDF848
S21402A5D01E0011F05DFB2A49BDF81E0011F09CFA20
S21402A5E00028274B08BF0023234ABDF81E0013602D
S21402A5F00FF07CF8234B1870BDF81E000FF07BF8A6
S21402A600214B1870BDF81E000FF080F81F4B186023
S21402A61000238DF82230002F3ED0184BDB889B0695
S21402A6203AD50FF077FA10B3194B1B689D071ED464
S21402A630B8F1010F14BF082318230DF1220200926D
S21402A64000220DF11E00114600F0D6FB20B3B8F131
S21402A650010F9FD10F4B1B78112B9BD110F005FCDD
S21402A660002897D140F61D40F9F7E2FF92E708234B
S21402A670E3E700BF245800201C5100201858002091
S21402A680535F00204D5F00204C5F002008510020E1
S21402A690804200209D5E0020504613F0E3FC824676
S21402A6A0BDF81E0013F038F8A0F11005EDB22A46E8
S21402A6B031460AA8EFF7DAFDFF238DF82F304FF662
S21402A6C0F7739A4540F2DF80B8F1010F00F0E78099
S21402A6D0B8F1020F00F04681B8F1000F7FF45AAFCE
S21402A6E0A44DBDF81E00EB88ADF8240004930FF0CD
S21402A6F071F8BDF824600746304611F0C3F90146EA
S21402A700304607F05FFE8DF82300B81C7E7813F003
S21402A710A9FC07460FF0FEF906F00106B4F8009011
S21402A72003906C88002E7FF435AF4FF6F77A4246D8
S21402A730494657458CBF0620082013F05CFCBDF83E
S21402A74024B0584611F09EF9594602464346042064
S21402A750CDF800800BF0A6F8574583460AD8B5F91F
S21402A7600620EB88002A05DB580603D5414620461C
S21402A770FFF710FEBBF1000F3FF40CAF2B88002B47
S21402A7805AD16B79002B57D14FF6F7730DF126018C
S21402A7909F42BDF8240094BF4FF0000B4FF0010B10
S21402A7A010F045FCDFF8D8A100F1FF38BAF8003007
S21402A7B01FFA88F10593EB88BDF82600069307F08A
S21402A7C001FE069B04990190009322465B4605987B
S21402A7D0C1F340110DF0C7FD00283FF4DBAE0423A1
S21402A7E006200093BDF82610624B5FFA88F20BF043
S21402A7F059F800283FF4CEAE48F202036A889A421D
S21402A80005D1BDF82410BAF8000000F08DFF594DAE
S21402A81009AA29460DF123000DF0A3FD03460028E0
S21402A8207FF4B8AE2104BAF80000BDF8242060D543
S21402A8302346294610F010FC9DF823304D4D03F0B8
S21402A8400C030C2B75D1288910F0D1FB00283FF49D
S21402A850A1AE039B002029894B4514BF022603267E
S21402A86002F02CFE444B18704FF6F7739F42BDF869
S21402A870240075D8A4F138025342534132463D496A
S21402A88004F066FC86E6B8F1020F6BD0394BB3F9DA
S21402A8900630002B26DAB8F1010F7FF41DAF0FF059
S21402A8A039F9238883423FF475AE0520BDF81E10A1
S21402A8B0FFF732FA00283FF46DAE2E4AD3885B06C5
S21402A8C007D50023CDE900330A20FF232188FFF7AE
S21402A8D0BDFA3A469DF822302188BDF81E0002F0E5
S21402A8E023F957E629460AA800F070F80028D2D0C5
S21402A8F050E60221DFF88C8088F800102946CDF851
S21402A90000B003F0A5FC132C96D0EB885D0493D41C
S21402A9101A4B1B78D80703D598F80020022A8BD04A
S21402A92099077FF537AE98F80030012B7FF432AEE8
S21402A93082E700222B79124800936B791146008831
S21402A94002F0E4FD0C4B18709DF8233003F00C0364
S21402A950082B89D1039B4B4514BF0426052683E7A3
S21402A96001238BE74846BDF81E20024901F048FB4A
S21402A97010E600BF185800206B5F00203E5E0020E5
S21402A980245800205C5F002010B5002108480EF015
S21402A99097FF044650B101460420FFF7BDF928B1DF
S21402A9A02046BDE810400121FFF7BEBD10BD00BF26
S21402A9B008580020034BFF211A7803489200EFF74D
S21402A9C0C5BA00BFBE680020A83E002070B5451874
S21402A9D004464FF0FF31AC4212D1104B10481A78A1
S21402A9E005460023934211DB0E4C2078431CB3FB32
S21402A9F0F2F602FB163345F82010237000200CE016
S21402AA0014F8010BE0F7B6FA0146E4E750F8044BF7
S21402AA10A14201D00133E5E7012070BDBE680020E7
S21402AA20A83E00205D5F0020042307B501200DEB41
S21402AA300301054AF7F744FD019B044A1B03136012
S21402AA4003B05DF804FB00BF23E11100185100209B
S21402AA50014B1868704700BF18510020014B186858
S21402AA60704700BF1851002010B5064C2368C3F388
S21402AA700B0313B90448E1F7EDF82068431C236082
S21402AA8010BD00BF1851002023E111002DE9F04F40
S21402AA9093B003930023DDE91C79069399F80030FE
S21402AAA083460DA804930E4615460DF0D3F899F882
S21402AAB0003013F003043ED0039B0DF1250A8DF8F7
S21402AAC024300022082138460EF0B6FF002870D047
S21402AAD028880EF07FFE99F800301C074CBF043021
S21402AAE0023013F0BFFA07A98046F7F7D7FE9DF8A3
S21402AAF024300446980633D5288806F10D0110F056
S21402AB0094FFA8B100230093384608232988721DB3
S21402AB1013F0A9FB99F8003003F01803182B4AD15A
S21402AB20B8F1000F47D0A94BB3F86830434542D07E
S21402AB3040F60A4327E02888711D10F076FF0028A9
S21402AB40F6D0009405233246298809A813F08BFB19
S21402AB509DF824300DF1240A03F018030393B0E79E
S21402AB6014BB39464046F8F785F90028D2D099F842
S21402AB7000309907DCD0402322462146404610F09A
S21402AB8019FB40F6094399F8002012F0030440F03E
S21402AB90F780288803930EF080FD224601461A208D
S21402ABA013F029FA039BEBE007AB03CB386079601E
S21402ABB0B0E74FF6FF780DF0B7FB044620B104214C
S21402ABC03846F7F793FE04461E9B002B5AD00923FD
S21402ABD01E990DA88DF834300DF0B6F9209B0BB1F6
S21402ABE0209B0693039B002B40F08E800DA8ECF76B
S21402ABF0FDFD99F800309A0700F09880FFF734FFC1
S21402AC005146024601200DF0DBFB99F800309B0707
S21402AC1010D55946288811F001F80BF1090350FAAD
S21402AC2083F35FFA83FB5946288810F0CEFF00EBC9
S21402AC300B06F6B299F8003013F0C20F0AF10403BD
S21402AC400DD09DF82420624942F020028DF824207F
S21402AC500A68CAF804204A685A600AF10C030122FC
S21402AC6009A800921B1A324629889BB213F0FBFAF7
S21402AC70324659462846FEF7DDFE002800F0A4803C
S21402AC8000237DE01F9B5BB19E460DF1340CBEE8AF
S21402AC900F00ACE80F00DEF80030CCF800309DE77D
S21402ACA0049B594603F020032888049307F08AFB86
S21402ACB010F0030F0CBF012300230593049B059A93
S21402ACC0003B18BF012342EA430300930DAA06ABDA
S21402ACD038461F9900F01AFB049A034682B10028F0
S21402ACE080D0059B0DAA0093384606AB1F9900F04C
S21402ACF00DFB034699F8002022F0200289F8002076
S21402AD00002B3FF46FAF3EE7039B102B06D1BDF836
S21402AD10363043F00103ADF8363067E7039B182B55
S21402AD204FD1BDF8363043F00203F4E701200DF1AF
S21402AD3025010DF053FB99F80030824613F0040FFC
S21402AD40288821D1069B1BB3002C35D00EF0A5FC1B
S21402AD5000220146162013F04EF984B17FB14FF659
S21402AD60FF7398450BD000230DA91A4638460DF0FE
S21402AD700BFA394640469DF835200DF0EDFA0123D0
S21402AD80184613B0BDE8F08F002CDFD1104F01E05B
S21402AD90002CDBD100233246009359463B460FF087
S21402ADA0C5FE00283FF4C4AE002C3FF469AF069AF5
S21402ADB00AF10103136063E71B685345C6D80124F2
S21402ADC0E8E740F60A43DBE71923D9E700500020FC
S21402ADD0205F0020002307B5054A064813600422B8
S21402ADE00DEB02010193E0F771FF03B05DF804FB7F
S21402ADF01851002023E111002DE9F04F0446B1B0AE
S21402AE0000888DF82F3016468A4610F03BFE014623
S21402AE108146208810F0D9FE00EB0908208810F041
S21402AE2026FF00239DF82F505FFA88F815F00107D9
S21402AE300790ADF8363008D101460DF1360220886B
S21402AE4010F0ADFD08B1ADF8367016B9CDE90E6654
S21402AE500EAEFEF73BFB18B145F020058DF82F50DD
S21402AE600023CDE9033302930DF12F03CDE90063EE
S21402AE702246534641464846FFF708FE0546002846
S21402AE8000F0CA809DF82F3013F0010747D123F057
S21402AE9020038DF82F300EF03DFE68B17C4A10ABD1
S21402AEA01068516803C3184600F002FA0546FEF71A
S21402AEB00FFDBBB298423BD83A9B13B100233A9A95
S21402AEC01370BDF83630CBB10121208812F040FC59
S21402AED027880546002800F0CA800121384612F06D
S21402AEE037FCBDF836700546384612F015FC0023CE
S21402AEF000903A461946284610F0D4FC0023CDE9C5
S21402AF00033302930DF12F03CDE900632246534625
S21402AF1041464846FFF7BAFD054600287CD00EF0AB
S21402AF20F9FD002840F0BA80284631B0BDE8F08F1F
S21402AF3018AB14AA26A9F8B20DF07BF9002840F047
S21402AF409480082210A927A8EFF74CFB8346ADB1E0
S21402AF509DF8A53013F0020F08930FD0082212A90D
S21402AF6027A8EFF73FFB48B9089B590706D53A9B37
S21402AF7013B101233A9A1370089507E03A9B002B07
S21402AF8061D1BBF1000F70D1002308930DF1740C50
S21402AF9014AB0FCB8CE80F00BDF83630CBB10121D5
S21402AFA0208812F0D5FBB4F800B000284FD001215B
S21402AFB0584612F0CDFBBDF836208346104609925D
S21402AFC012F0AAFB00231946099A0090584610F080
S21402AFD069FC304B0DF1740B0493002303930DF1BF
S21402AFE02F03CDE900632246534641464846CDF834
S21402AFF008B0FFF74BFD002837D1002D33D012AA38
S21402B0005B464FF482714FF4005000F0D9F8089B6B
S21402B01013B126A80CF019FF0EF07CFD88B11E4B6A
S21402B0201B689A070DD4FEF751FA50B1184A18ABAE
S21402B0301068516803C3002226A918A80FF053FC13
S21402B04000BB002570E700233A9A137099E7BDF813
S21402B05036200A901046099212F05EFBDDE90923BB
S21402B06007990090B2E72A46CAE701371FE7BDF8FC
S21402B07036B0584612F050FB2B4600905A463846D9
S21402B080079939E726A918A80FF069FCD3E700BF8D
S21402B090200504007C420020804200209DF82F30CC
S21402B0A003F01103102B7FF43FAF3E4B1B78432B6C
S21402B0B07FF43AAF3C4B1B685B067FF535AF2088C2
S21402B0C008F1050110F0B1FC834600283FF42CAFCE
S21402B0D04146208807F076F9344B10F0200F08BF5F
S21402B0E01E4612A800F0E4F80822314612A8EFF72E
S21402B0F079FA002852D0314612A80DF0EEF8012354
S21402B10026AE00933246002314A912A800F0FEF8D9
S21402B11000287FF409AF12AB0DF12F07CDE90360CB
S21402B1200290009322465346414648460197FFF74F
S21402B130ADFCA8B3BDF89A30102043F0080318AA55
S21402B14014A9ADF89A300FF0ABFB00287FF4ECAEF2
S21402B15012ABCDE90360CDE9017000932246534657
S21402B16041464846FFF792FC054600287FF4DCAECF
S21402B17018AB4FF49071002012AA00F021F84FF09D
S21402B180005100200FF026FEBBF1000F3FF459AF2E
S21402B1904FF0805100200FF01DFE52E78346AEE7C7
S21402B1A014ABE6E79D5E0020804200206A50002035
S21402B1B001461A230120014AF7F782B924E1010069
S21402B1C0F0B5164691B0074609A80D461C46FFF78D
S21402B1D0EFFF3EB1336845F04005CDF82630736880
S21402B1E0CDF82A301B4B1A6822EA070242EA05010A
S21402B1F019604B040DD5BDF824200B0A03F4E24374
S21402B200C9B222F4E3420B4322F07F021343ADF8A5
S21402B21024301A230020104A09A9F7F751F9B4B1CD
S21402B22004A80CF017FD02236A468DF81030154666
S21402B230234604F11006144618685968083303C4F6
S21402B240B3422246F7D1294604A80CF07DFE11B07F
S21402B250F0BD00BF8042002024E1010047F2FF104B
S21402B260044B196841F48042014041F480411A605F
S21402B2700FF0B0BD8042002000B589B0FEF7BCFBDF
S21402B28001A8FFF795FF0948BDF8042001681302DC
S21402B29021F0FF0103F4E2030B43D2B2134343F45B
S21402B2A08043036009B05DF804FB00BF80420020C3
S21402B2B010B50C4B0446186888B0830706D54FF0C5
S21402B2C0FF3323600120636008B010BD10F0400019
S21402B2D0FAD001A8FFF76CFFDDF806302360DDF830
S21402B2E00A30EFE78042002008B5074B02461B688B
S21402B2F013F0400305D118461946FFF761FF0120F7
S21402B30008BD0020FCE700BF804200202DE9F04780
S21402B3109EB080460C461D4691469DF898A0A2B166
S21402B320164630460CF096FC1AF0020F0FD004B9FF
S21402B33017AC22463146404601AB0CF058FF0DB121
S21402B34000232B601EB0BDE8F0870DAEE9E701AB27
S21402B3503146404605AA0CF017FF73780AF0010A38
S21402B360FF2B26D0002840F0B68054B105AA09AFBC
S21402B370134603CBBB42206061601A4604F1080400
S21402B380F6D125B17278554B03EB82032B60BAF1E6
S21402B390000F01D10020D5E7BDF80430D906F9D454
S21402B3A018204FF6FF71727812F025FE40F60E4016
S21402B3B0C8E74B4F3DB10EF0ADFB10B13B689A07A4
S21402B3C02BD500232B603B6803F03003102B01D0F3
S21402B3D0202B24D117A8FFF7EBFE082240460DF1DA
S21402B3E05E01EFF7FFF820B13B6803F04403402B01
S21402B3F015D0BAF1000F15D109A80FF0EFFC022301
S21402B4003370002C4CD1B9F1000FC3D00EF082FB82
S21402B41060B3301DFFF74CFFBCE7324BD2E740F675
S21402B4200A408FE73B68DB03E6D509A80FF0D6FC97
S21402B4300223337074BBB9F1000FB1D00EF06AFB71
S21402B440F0B1301DFFF734FFAAE73B6803F0840330
S21402B450842B2CD009AB0DAF1A4603CABA42206021
S21402B4606160134604F10804F6D105E025463B6800
S21402B47003F08403842B28D0301DFFF719FF26E043
S21402B4803B68012503F08403F4E73B68012503F0DB
S21402B4908403DDE70EF03EFB0028F6D00125D9E74F
S21402B4A00EF038FB05460028CFD00025D2E712A8BA
S21402B4B00CF0D0FB022312A88DF84830ECF796F970
S21402B4C0224608214046ECF7E9F810237380002D47
S21402B4D03FF460AF64E72D2034E700BF043E00204F
S21402B4E0804200207C42002049B9084B197849B1B5
S21402B4F04EF66023594328B1054812F0DDB941F2F1
S21402B5008831F8E70248F6F761BF00BF3D5E0020CB
S21402B510CC41002070B586B005460EF0FBFA10B995
S21402B520022006B070BDF7F745F80028F8D001A84B
S21402B530FFF7BEFE06460028F2D08DB92E4B1C68D9
S21402B54014F0020406D02D4B1B78112BE8D12C4B9D
S21402B550B3F868404FF481630221ADF80C3023E063
S21402B5602846F7F70FFD0028DAD1234B1C6814F0A3
S21402B570020406D0214B1B78112BD1D1204BB3F8F5
S21402B58068400822294601A8EFF72CF80028E1D0E7
S21402B5904FF4027300260A21ADF80C302B68CDF862
S21402B5A00E306B68CDF81230002203A80EF02DF98B
S21402B5B0024608B91920B4E70F4B196801F03003A8
S21402B5C0102B17D0202B14BF01230323490001F0B0
S21402B5D004010B432046002101F09AF80028E9D026
S21402B5E000210120FFF780FF16B10122054B1A70D9
S21402B5F0002096E70323E9E7804200209D5E0020B4
S21402B60000500020525F002030B5002585B0CDE9FD
S21402B6100055F6F7DBFE0EF07DFA1E4C60B905F01B
S21402B620AFFF0D25002108462170FFF75DFF294672
S21402B63068460CF06BFA18E023784BB316491748A5
S21402B6400A780078904223D90132012B0A700ED173
S21402B6502A464FF4A071284602F012FDC0B2B8B9CD
S21402B66041F288310E4812F027F905B030BD022BA0
S21402B67009D1284602A9F7F7FDFB0028EED102A859
S21402B680FFF748FFEAE7032B02D101F0FBF9E5E7F3
S21402B6900425C7E75E5F00205F5F0020FA6800208F
S21402B6A0CC41002070B51B4A1B4D044651681068F9
S21402B6B086B02E7801AB03C31EB10224204606B024
S21402B6C070BDF6F7CFFF0228F7D10EF023FA002856
S21402B6D0F3D003A800F03AFE082201A90DF10E00ED
S21402B6E0EEF780FFA0B10D4B32464FF4A071304604
S21402B6F01C7002F0C5FC04460028DFD10123084A6C
S21402B70041F2883107482B70137012F0D5F8D5E74E
S21402B7102324D3E73FC804005E5F0020FA680020B7
S21402B7205F5F0020CC410020F0B50C4600219BB0A4
S21402B7302B4F0646492207A80691EEF707FC3B78F0
S21402B740012B34D19EBB0DF10E0120460FF06FFC8B
S21402B7500546BDF80E0011F0DFFF441BE4B2BDF84B
S21402B7600E1023462A46009606A812F07CFD3046A6
S21402B77004A9F7F77FFBD0B9CCB19DF81920B2B96E
S21402B780BDF8233003F47E43B3F5285F1ED3B3F52A
S21402B790385F0ED31349BDF80E000B6843F400035E
S21402B7A00B6029460CF0B3FD18B104233B701BB0A6
S21402B7B0F0BD01220C4B04A81A70FFF7ABFE41F253
S21402B7C088310A4812F078F80223EFE711463A70F9
S21402B7D0FFF78AFE1E2104A80CF098F9E7E700BFDF
S21402B7E05E5F0020804200205F5F0020CC41002088
S21402B7F0014B1870704700BF5F5F0020014B18783E
S21402B800704700BF5E5F0020014B1870704700BF94
S21402B8105E5F00202DE9F04F0446408891B00E2965
S21402B8208846ADF81A0079D094F80890A7790DF0FA
S21402B830D1FF09A90546BDF81A00E67910F028FAE4
S21402B840BDF81A000DF0B9FE420542BFBDF82A3017
S21402B85043F40053ADF82A30E379DB0642BFBDF865
S21402B8602A3043F48053ADF82A30BDF82A309806C1
S21402B87013D5022F57D10CA9207A0FF079FBDDF8E9
S21402B8803500DDF8391007AB03C307AA00210423ED
S21402B89000910DF11A00FFF7AFFA0121BDF81A0068
S21402B8A011F056FF022F824649D1474B33F8195002
S21402B8B0B8F1000F7ED0BDF82A2051067AD54FF691
S21402B8C0FB739D4276D8414B1B78033B012B04D871
S21402B8D03F4BB3F86830AB426CD0D30502D528464E
S21402B8E00FF028FDBDF82A30D80463D5002F33D1D7
S21402B8F0BDF81A000DF061FEC10663D548F23403A6
S21402B900BDF826209A4209D1324E3078FF2805D05B
S21402B91003222946FBF782FBFF23337000232360B2
S21402B92011B0BDE8F08F012F01BF237A2A4A03EB3C
S21402B930430302EB830314BF00229A1CA6E7012FDF
S21402B94005D10C2303FB09F3234AD55AB0E7A81CFA
S21402B95012F088FB0546ABE7284601F0F7FEBDF875
S21402B9601A000DF02AFEC206C8D463895046059313
S21402B97011F0D2FE8346504611F0B2FE059B0290AD
S21402B9805FFA8BF04A46394601900093404609AB6F
S21402B9900CF054F8B8F1000F14BF0B20092016F073
S21402B9A0030218BF02F1FF32294618BFD2B212F0C4
S21402B9B022FBA3E7BDF81A000DF0FFFDC3069DD4D7
S21402B9C0002FD2D1A946D0E7F05400209E5E002078
S21402B9D000500020FE6800203054002038B50024B5
S21402B9E00F4B104D2A78A24205D8C2B9BDE838409E
S21402B9F00D48F6F7EBBC598869B9013AD2B2A242B1
S21402BA002A70EFD0121B184603F110011201EEF74E
S21402BA10EFFA0346E6E701341033E4B2E2E738BD54
S21402BA20083E0020625F00209467002070B51A4B23
S21402BA301A4A1D780023DCB2A54200D870BD14460F
S21402BA4066880133864202F11002F4D1E379A588B2
S21402BA50E16003F040028DB9CAB123F00403E3713A
S21402BA600DF0B8FE037803F07F03037021880029E7
S21402BA70E4D1BDE870400A4811F01EBF002165807F
S21402BA80A180002AE9D1BDE87040FFF7A7BF204693
S21402BA90FFF7C0FEF7E700BF625F0020083E002007
S21402BAA0946700202DE9F047044686B040880F468A
S21402BAB015460DF08FFEA3798046082B52D8DFE894
S21402BAC003F0052E1851515151510500023012F063
S21402BAD0C9FA002D4ED06946F7F7CCF9002841D1B5
S21402BAE0684601F0DDFEB0FA80F0400906B0BDE817
S21402BAF0F08702A9207A0FF03BFA6B466E46DDF815
S21402BB000D00DDF81110334A03C3237A32F813907E
S21402BB10314AD05C75B131460FF04EFAE6E7237A29
S21402BB202E4903EB430301EB830231F82390907A0C
S21402BB30961CEFE74FF6FB7AD14515D9304603F04F
S21402BB40ADFF4FF6FF739842054615D001463046C4
S21402BB5001F018FE554508D9E379DA060ED440F608
S21402BB602243E3600020C1E74D46294608F1020061
S21402BB7012F07AFA0120B9E74D46EDE74FF6FC7867
S21402BB80454512D103F00C030C2B1CD1DFB1304615
S21402BB904FF6FD7101F0F6FD40F61F412046E160CA
S21402BBA0FFF738FEFFF71AFFDCE74FF6FD739D42FC
S21402BBB009D10023304619461A4602F02DFB4146AB
S21402BBC0304601F0DFFDE37943F00C03E37140F603
S21402BBD02343C6E7F0540020495E0020305400207C
S21402BBE073B5044640880E460DF0F4FD023012F09E
S21402BBF039FA0CF0ABFB18B1A11C201D0CF0ABFB04
S21402BC00E6B1E5790135EDB2E57115F0400514D0DF
S21402BC10EBF708F90122054600212046FFF742FF0E
S21402BC2018B1394B1B882B449DB2384B1B78042B1A
S21402BC3001BF354B1B885B199DB225800022314619
S21402BC402046FFF72FFF20B360880DF0C3FDE27990
S21402BC502F4922F00C03E3710B7805460133DBB261
S21402BC600B70C3712B4BA61C1B780BB3E37998069B
S21402BC701ED52949097871B159060CD592070AD5FD
S21402BC8000220423114630460092FFF7B5F810B1A1
S21402BC90E06002B070BD00220123114630460092D9
S21402BCA0FFF7AAF820B1E37943F00303E371EFE765
S21402BCB030460CF04EFB0028EAD16088FBF77EFD8A
S21402BCC00328E6D8DFE800F0020D1D19E37943F0F9
S21402BCD00403E3711B06DCD5104B1A78104B1A705E
S21402BCE0D7E740F62443E360E37943F00803E371C1
S21402BCF02B7803F07F032B70CBE740F62543E360F7
S21402BD00C7E740F62643FAE7486800209E5E002012
S21402BD109B5E0020995E0020FB680020415E0020AA
S21402BD20615F00202DE9F74F064612F0B1F85F4B2F
S21402BD300546B3F8009018805D4BA0EB09041B780B
S21402BD40A4B2A34298BF00234FF000084FF6FF7735
S21402BD5088BF1B1B564A88BFDBB21370DFF864B17C
S21402BD60A9EB00030093534B5FFA88F219789142CD
S21402BD700ED80EB1FFF732FE4FF6FF739F4200F069
S21402BD808E8039464C4803B0BDE8F04F11F094BDA2
S21402BD90BBF80220002A3CD0484B9BF807201878B4
S21402BDA0BBF800A0042818D00020BAF1000F08BF84
S21402BDB0A2462044504523D2BBF80010009B1944EB
S21402BDC0ABF80010002E4ED002F04802482A4AD1A4
S21402BDD000215846FFF704FF45E00192F6F790FF70
S21402BDE030F01003019ADFD1FAF702FD344B019AC4
S21402BDF0B3F800C08445D7D9ACEB000080B2D4E7D4
S21402BE0002F00C00042807D10022ABF800200BF148
S21402BE10100B08F10108A6E7510602F0030C02F027
S21402BE2008000ED528B3BCF1030F25D1DEB1DBF82E
S21402BE300C105846002908BF4FF44261FFF7EAFC8F
S21402BE4011E040B3BCF1010F25D11206EED44FF437
S21402BE50C862ABF800209BF8072022F0030242F0EB
S21402BE6002028BF80720BBF80020974228BF17462D
S21402BE70CDE703208445D9D213060ED50C4B1A788B
S21402BE800AEB0200844208DA4A44521B0AEB020119
S21402BE90ABF80010E7E70120ECE7012199E7064836
S21402BEA003B0BDE8F04FF6F791BA00BF0E58002077
S21402BEB0615F0020625F0020946700209E5E002083
S21402BEC048680020083E0020F8B500250A4E0B4FB1
S21402BED03378ECB2A34204D8BDE8F8400848F5F738
S21402BEE085BF07EB0414A01CF5F780FF201DF5F7AD
S21402BEF07DFF0135ECE700BF625F0020083E0020B0
S21402BF000458002070B500240B4D0C4E2B78A3422B
S21402BF1008D81B1BDBB22B706BB9BDE87040084813
S21402BF20F6F754BA06EB041040F621410134FFF747
S21402BF3071FCE4B2EAE770BD625F0020083E0020B2
S21402BF40946700202DE9F041002506462F46114C45
S21402BF50DFF8448098F80020EBB29A4203D8BDE896
S21402BF60F041FFF73BBD60880DF034FC023012F062
S21402BF7079F8B0420AD16088F8F74AFA00230E210F
S21402BF801846628803F086F92780678010340135E8
S21402BF90E0E700BF083E0020625F0020F8B5154EBD
S21402BFA0DFF858E035789EF800E0134FAE454FEACA
S21402BFB0051C07EB051419D0002503F4835343EA46
S21402BFC01323A1712272E371608027F80C50A580BA
S21402BFD006F078FB40F60243E36033786081013373
S21402BFE028463370FFF79EFE2846F8BD40F603400B
S21402BFF0FBE700BF625F0020083E0020BC6800200E
S21402C0002DE9F04F344B0D461C78174685B05CB9C7
S21402C010B1F90680DFF8C890DFF8C8A0DFF8C8B02C
S21402C02099F80030A34202D805B0BDE8F08F0AEBBB
S21402C0300416B08800B9708801A90FF029FEAA7A02
S21402C0409DF80E309A4244D1B8F1000F0FDA297AE1
S21402C0509DF80C202B89914209D820480078084484
S21402C060824236DA521A1B0A1341D90731D53846AC
S21402C0700FF0FDFDBDF80A3004469A0602D5EB889D
S21402C0809B06D1D5F37903F00C03042B08D17088F4
S21402C090F8F7BEF9002372881946184603F0FAF834
S21402C0A000213046FFF7B6FBFFF798FC384611F042
S21402C0B033FB844208D2337A01228BF800302946B9
S21402C0C00023384603F044F8B8F1000FACDA002437
S21402C0D0A6E70134E4B2A3E7605F0020BB68002055
S21402C0E0625F0020083E00206B5F002008B511F05A
S21402C0F0CFFE074B1B88C01A80B2B0F5807F05D9E9
S21402C100BDE808400021034811F0D6BB08BD00BFB9
S21402C1100E580020946700202DE9F04788B00446A8
S21402C1200D460FF0AFFC0146204606F04BF910F024
S21402C130030340F0848010F00C0F06D129462046F7
S21402C14008B0BDE8F047FFF771BC20460DF035FA9F
S21402C150C10659D420460FF095FC0146204606F04B
S21402C16031F9074620460DF035FB0646023011F03F
S21402C17079FF05A98046204607F00C0796F806A028
S21402C1800FF086FD73780C2F0CBF032706270121BC
S21402C19013F0010F204618BF032711F0D9FA2B4BD4
S21402C1A081461B78033B012B1DD9BAF1010F1AD920
S21402C1B04FF6F773984502D8337A1F2B13D9301DE2
S21402C1C011F050FFF17982460DF00AFF06465046FE
S21402C1D0F7F726FDDEB173685A1C04D0834340F697
S21402C1E0284308BF1D461A4B1B88A34212D1B5FA34
S21402C1F085F04009FAF7A6FD20460DF00CFA00225B
S21402C2000146072011F0F7FE08B0BDE8F08740F6B9
S21402C2102845E8E706F056FA8246484611F07CFAC8
S21402C2200646484611F05CFAF6B202904246394695
S21402C2302846CDE900A605AB0BF000FCDCE7012B97
S21402C240E2D110F00C0FDFD178E700BF9E5E00202F
S21402C25004580020002210B5094B1C78094BD1B2B5
S21402C2608C4201D8002010BD197A814202D19979F8
S21402C270022902D010330132F1E70120F3E700BFB2
S21402C280625F0020083E00200146002210B5084BDF
S21402C2901C78084BD0B2844201D8002010BD187A10
S21402C2A0884202D198790128F8D010330132F1E79A
S21402C2B0625F0020083E0020002210B40A4B1C7861
S21402C2C00A4BD1B28C4203D85DF8044BFFF786BB0B
S21402C2D0197A814205D19979012902BF0021198074
S21402C2E0598010330132ECE7625F0020083E0020DE
S21402C2F0044B1B6813F0300F03D0202130200EF0C1
S21402C30069BD704780420020002310B504460849E4
S21402C3101A4601EA00414FF07F60FEF751FFE3073D
S21402C32003D5002130200EF055FD002010BD00BFC1
S21402C33000007207044B5B8823F4784323F08D03D6
S21402C34003800020704700BF8042002008B500220C
S21402C3500346C3F80220C3F806200B4A02301268CE
S21402C360D1B212F0200F18BF41F0100119809307C6
S21402C37001D4FEF79DFF054B1B78023B032B8CBFB7
S21402C3801720002008BD00BF804200209D5E0020CE
S21402C39038B505460C46FDF72FFB98B10E4B1878BC
S21402C3A078B10E4B1B681A040FD58CB113F0420FEE
S21402C3B000D17DB103F44073B3F5407F0CBF00207B
S21402C3C0232038BD40F60840FBE740F60B40F8E76E
S21402C3D02046F6E72320F4E7995E002080420020FC
S21402C3E0F0B504468DB007A80D4616460BF032FC93
S21402C3F01022002103A8EDF7A9FD5CB1234603AC89
S21402C40003F11007224618685968083303C2BB4274
S21402C4101446F7D1012703A986EA070307A88DF871
S21402C4201C708DF81D300BF080FD80EA070401A811
S21402C430E4B2EBF739FAB6B101A88DF80650EBF77D
S21402C4405FFA64B1002303A907A88DF81D300BF02C
S21402C4507BFD0C4B1B78432B01D1F7F7CFFC0A4B25
S21402C4601D700DB0F0BD01A88DF80750EBF748FA25
S21402C470002CF6D003A907A88DF81D700BF064FDFA
S21402C480EFE700BF9D5E0020985E0020F0B5012514
S21402C49093B007460DA80C460BF0DCFB05A90DA8C9
S21402C4A0ADF834500BF06BFD01A8EBF7FDF909A9C6
S21402C4B00DA88DF835509DF806600BF060FD0DA8AE
S21402C4C09DF807500BF0F1FC70BB731BDBB2802BA0
S21402C4D028D91FB1A64225D0A54223D105A90DA869
S21402C4E00BF032FD03A8EBF7DFF903A88DF80F6017
S21402C4F0EBF706FA0122294609A8FFF771FFF7F7BC
S21402C50033FD01214FF4007003F0E6FDFDF75CFAFF
S21402C510B0F1004F01D9FDF75DFA044B18780BF025
S21402C520F3FA012013B0F0BD0020FBE7985E00206E
S21402C53070B50E46144605460320FFF765F946F029
S21402C5400402294620460BF059FD0022014B1A60D0
S21402C55070BD00BF7C420020F0B587B00788054654
S21402C5601022002102A8EDF7F1FC3E4B1B78002BAF
S21402C57076D1BC055ED407F08403842B63D00022F8
S21402C580394C11461046FFF72BFF17F4045F27605D
S21402C59005F102061CD0B9040AD5304605F0A4F906
S21402C5A000284ED1236823F4005343F4807323609B
S21402C5B030460EF09DFC002842D10BF047FB18B91E
S21402C5C0236843F480332360236843F02003236008
S21402C5D022680DF1060042F400432360FFF7AAFE2C
S21402C5E012F4805FBDF8063031D043F02003ADF878
S21402C5F006302168334611F0400218BF05F12302C7
S21402C6004FF07F60FEF7DCFDBDF80630DA0703D593
S21402C610002130200EF0DEFB23689B0506D50122A2
S21402C62095F8221005F11200FFF7DAFE00200F4BF4
S21402C630186006E005F112000EF05AFC00289AD0A7
S21402C640292007B0F0BDB80799D52320F9E723F0D3
S21402C6502003ADF80630FDF7BDF9FEF7BBFBC8E7D1
S21402C6600220EEE79D5E0020804200207C420020F1
S21402C67008B5054B1B7833B1FFF73AFEBDE8084014
S21402C6800248FEF731BE08BD995E0020205F0020FA
S21402C69010B5154B1B78D3B1144B1B78033B012BFB
S21402C6A015D900200EF0E7FE044698B1EAF7EAFB39
S21402C6B0237913F0300F0AD148B1012803F0CF02D4
S21402C6C006D0811E4B424B415B011343237110BDC2
S21402C6D01023FAE7F7F7DAF80028F8D021462046C2
S21402C6E0BDE8104004F096B8995E00209E5E0020D9
S21402C6F008B50DF00FFA054B18B91868C0F380009C
S21402C70008BD1868C0F30050FAE700BF8042002058
S21402C7102DE9F04F064689461046002189B0154697
S21402C720984605F04FFE102807460AD86A4B034182
S21402C730DB0706D4C8F340049DB9002009B0BDE863
S21402C740F08F664B1C78002CF6D0FFF7D1FF00283E
S21402C7500CBF4FF4F0744FF4D074FC4004F00104A4
S21402C760EAE74FF0000A18F0010F534652462946F0
S21402C7704FF00500CDF800A00CBF4FF0080B4FF4A9
S21402C780027B09F0B2F80028D7D0C82332460093BD
S21402C79059465346284605F03DFEADF80E000028E1
S21402C7A0CBD018F0080A4AD14FF6F773A7F10F025A
S21402C7B0D2B29E428CBF09230123012A01D843F03C
S21402C7C04003474A8DF810301378591C11708DF8C3
S21402C7D01130002C4FD09DF81030052F43F0200367
S21402C7E08DF8103033D03F4B1D78002D5AD04FF6BF
S21402C7F0F77300259E424FF00F0248D9012304A981
S21402C8000DF10E00F5F736FD002896D1002C4DD11D
S21402C810BAF1000133463A4618BF0121BDF80E00B0
S21402C820CDF800900BF09CFDADF80E00002884D0E9
S21402C83018F0040F4DD031460DF0A1FD7EE74946B3
S21402C8400DF10E0005F02AF80028ADD175E701219A
S21402C850BDF80E0010F07CFF012105F0B3FD0123A8
S21402C860834013F0620F1CD11E4B1B78E3B14FF6C8
S21402C870F7731825BEE71B4B25461B780222002BB2
S21402C880BCD04FF6F7739E42B8D8052FB6D0BAF191
S21402C890000FB3D19DF8103043F040038DF81030EE
S21402C8A0ACE710250F22A9E71825FBE7BAF1000F1F
S21402C8B00AD002234A46009029460DF10E00FEF7E2
S21402C8C09BFA0028A4D038E741235246CDF800A0B0
S21402C8D0F2E70DF03EFD31E79FFEFEFF995E002077
S21402C8E09A5E00208B5E00202DE9DF431E46144B25
S21402C8F080461B680F469B0791460A9C1BD420461F
S21402C90014B10BF015FDC0B20622CDE902403B463B
S21402C9100020CDE900890B490FF034F8024650B1E9
S21402C9200021002E0CBF01230323084604B0BDE8F5
S21402C930D043FFF7EDBE002004B0BDE8D08300BFB1
S21402C94080420020C67B04002DE9F04F8DB0814660
S21402C9508A461F4693469DF85C803AB903A8FEF7BE
S21402C960A7FCB0BB00200DB0BDE8F08F1546002234
S21402C970232110460CF049FFADF80A000028F1D03A
S21402C98010F0AEFE0523044618F0100F00F8023B26
S21402C990677020D011220021EDF7D8FA04F11306B1
S21402C9A0032F4FF0080237D159463046EDF720FBE9
S21402C9B0C8F3801306F1090533720BF0B5FC0028A4
S21402C9C03ED000232B706B700123033505F8013C23
S21402C9D036E003ADCBE7012610221699EDF708FBE9
S21402C9E006FA07F313F0620F02D104F11206D7E734
S21402C9F007A80BF02FF905A88DF81C60EAF754FF7C
S21402CA009DF8162018F0200F9DF8173008BF134621
S21402CA1004F11306A374C3E751463046EDF7E8FA6D
S21402CA20012306F10802121B28460093BDF80A10DD
S21402CA30082392B211F017FC042F06F11005BCD0A1
S21402CA402D1BA9B20DF10A000EF004FF002889D1B1
S21402CA5018F0040F0BD0484611F062F8FF281FBFEB
S21402CA60074A32F8103023F4804322F81030434647
S21402CA7051464846BDF80A20FFF74AFE73E700BF54
S21402CA809857002070B5032690B08DF807600DF019
S21402CA9041F818B90224204610B070BDF5F78AFD99
S21402CAA00028F7D002AD2846FEF702FC0028F1D097
S21402CAB01B4B1C6814F00204ECD140F20F43194AD7
S21402CAC0ADF82430136804A8CDF826305368CDF8A4
S21402CAD02A300BF0BFF895E8030005AB83E80300A5
S21402CAE0062304A88DF81D308DF81060EAF77EFE46
S21402CAF001210DF12E020DF10700EAF7CFFD2246C5
S21402CB001A2109A80CF081FE024608B91924C2E7C8
S21402CB10012329462046FFF7FBFD0028BBD1F5E797
S21402CB2080420020205F00202DE9F04F06460F4687
S21402CB30002199B01F2210A803930F91EDF706FA71
S21402CB4030460EF09FFF0146304605F03BFC8DF85E
S21402CB501B0030460CF03EFE9DF81B3045788146A1
S21402CB60C5F340059806304648BF45F002050FF06B
S21402CB707EF80446304610F0CFFD0023001B5FFA15
S21402CB8080FA00935346232B28BF2323224631469E
S21402CB900FA811F068FB002840D19E4B9DF83C8000
S21402CBA01B789DF83DB0002B3BD0FFF7A1FD002877
S21402CBB00CBF4FF4F0734FF4D07323FA08F3D9077F
S21402CBC02FD5AA072DD4B8F1080F24D1BBF1040F34
S21402CBD024D1FAF797FD08BB01232246009331467B
S21402CBE005200DF11B0308F05DFEB8B1A8F105089B
S21402CBF0B8F10D0F12D8DFE818F02800A001C7011F
S21402CC00EC01F5011100110011001100FB019D025B
S21402CC10A902D702D702B8F1050F08D019B0BDE8AD
S21402CC20F08FB8F1100F05D1039B002BF6D0FAF760
S21402CC3069FDD1E7FAF766FD0028CDD0B8F1050FF9
S21402CC40CAD0B8F1110FC7D0E8E7BBF1050FE5D897
S21402CC5030460CF022FD059009F1020011F002FAAE
S21402CC6081460DF11E00FFF765FB01239DF83D701E
S21402CC70BB4013F06203039305D0BDF81E309B073A
S21402CC8001D5AE07CAD50CF045FF0028C6D0FAF784
S21402CC9039FD08B9002DC1D00DF13E0A50460EF0FE
S21402CCA027F9039B0490BBB1032F9DF84EB01AD10F
S21402CCB00DF14F040CF02EFF814540F01781032D35
S21402CCC0ACD19DF856105246003918BF01210DF11D
S21402CCD04E000BF052FBA1E7032FDDF80CB07BD120
S21402CCE00DF14E04E6E74C4B1B689C0729D5FF2244
S21402CCF008210DF157000CF09FFE804608BB034644
S21402CD0001460DF157020220FEF75AFA0CF002FF16
S21402CD1081450DF157060DF14F0422D04FF6F773F9
S21402CD20994540F2E8800022082120460CF084FE55
S21402CD30002800F0E080002259465046FFF750FBDC
S21402CD406CE70DF157060DF14F0430460EF06AF807
S21402CD50002846D00CF0DEFE814540F0C8804FF039
S21402CD6000082046F6F70EF9002800F0C080012FD2
S21402CD7058D0042F7FF452AF0EF077F810B1032D7F
S21402CD807FF44CAF049B002B7FF448AF324602215F
S21402CD905046FFF7CDFB214B1B7863B1FFF772FEBF
S21402CDA0FEF72CFD022806D10120FEF721FD012107
S21402CDB00846FEF799FB1A4B1B78022B1FD103215C
S21402CDC030460AF0A3FEFEF719FD014600287FF45E
S21402CDD025AFFEF789FB21E70DF156060DF14E044D
S21402CDE0B3E70F4B1B78432B7FF418AF012F7FF46A
S21402CDF015AF0CF08FFE814579D1B846B1E7412BCD
S21402CE007FF40CAF044B1B6858057FF507AFF8F7A5
S21402CE1061FC03E7995E002080420020525F0020FA
S21402CE209D5E0020B64C2378022B22D02378412B1D
S21402CE303FF4F4AE049B33B9FAF764FC5946024653
S21402CE405046FFF7CDFAFAF75DFC00283FF4E6AE4F
S21402CE500EF00BF8AB4F98B13B681A0502D4237854
S21402CE60432B0DD1AB070BD440F61A40F7F7E0FB85
S21402CE70D4E60DF0FAFF0028D8D0A907D6D4CDE61E
S21402CE80386810F0020002D1059903F0C3FC23783B
S21402CE90112B16D13B685F0513D50020FEF73AFB2F
S21402CEA0044600287FF4BAAE0DF00CF940F61C409A
S21402CEB0F7F7BEFB21462046FEF716FBF7F7C4FB44
S21402CEC0ACE6AC0701D5FFF713FAB8F1000F9ED017
S21402CED00AF0BCFE18B94FF480310DF07BFF002239
S21402CEE0894B30461A600DF094FF90E70026039BAC
S21402CEF0002B7FF413AF4FF6FF73204608A9ADF858
S21402CF002030F5F791FF20B120460CF0DEFDADF89B
S21402CF1020004FF6FF73BDF8200098423FF47EAE25
S21402CF20049B3246002B0CBF042315232146CDE971
S21402CF3000A33B46FFF708FD70E60CF0EBFD002869
S21402CF407FF46CAE714B1B78002B3FF467AEA807DC
S21402CF5004D46C4B1B6899013FF560AEBAF10C0F16
S21402CF600DF1450094BF002412AC11F07BF8024686
S21402CF709DF8470003283FF651AE394600940DF15E
S21402CF803D0304F00BFA49E60DF13D00F5F7FAFF12
S21402CF9028B1022239460020FAF740F83EE65C4BFA
S21402CFA01B78013B012B3FF639AE0DF13D0002F036
S21402CFB075FD4FF6FF739842044606D10DF13D000B
S21402CFC00CF083FDA0423FF429AE0021FAF736F9B1
S21402CFD024E6EA077FF522AE2A4638460FA904F071
S21402CFE0DBFA1BE69DF83D100120FFF74FFA15E627
S21402CFF0474B1B78013B012B3FF610AEEB077FF544
S21402D0000DAE0DF13D0002F049FD4FF6FF7398425A
S21402D0100546804640F080800DF13D000CF055FD3F
S21402D02040450546074677D10DF13D00F6F71CFC54
S21402D030B84205463FF4F2AD304610F06DFB0022D2
S21402D0400934E4B2071BFFB2394610460CF0DDFB8A
S21402D050ADF81C0000283FF4E1AD4FF001090023B3
S21402D0602A460821CDF8009005F0D4F9ADF81E0046
S21402D07000283FF4D3AD214630460EF0CFFD4FF0E8
S21402D080000A80461622514609A8CDF820A0ECF7E1
S21402D0905DFF434622463146CDF800A008A811F0AF
S21402D0A0E2F84B46424608A90DF11E00F5F7E2F8F3
S21402D0B000287FF4B3ADA7EB0807FFB2394607A8EE
S21402D0C00EF0C8FB284610F02BFDFF2818BF114AA9
S21402D0D0444418BF32F81030E4B21CBF23F4804335
S21402D0E022F81030BDF81C00234632460021009775
S21402D0F00EF0D8FB2946BDF81E000DF040F98DE56E
S21402D1009D5E0020804200207C420020995E002026
S21402D1109E5E002098570020284610F001FDFF284A
S21402D120074689D0F6F7C6FD002885D0384603F0B4
S21402D13099F881E71E4B1B78013B012B3FF66EAD3B
S21402D1402A4638460FA9FCF7C9F967E5194B1B783A
S21402D150022B20D1002F7FF461AD08A8FEF7A8F8B5
S21402D16000283FF45BAD144B1F709DF83D30002B3A
S21402D17014BF64246524FEF741FB032806D1384613
S21402D1803946FEF7B1F93846FEF73EFB214608A8B7
S21402D1900AF0BCFC42E5043B012BDBD938460BF017
S21402D1A0D5F80028D6D139E530460BF0D1F835E56A
S21402D1B09E5E00209D5E0020525F00202DE9F34116
S21402D1C005460E46174698460DF04FFE044640B1F9
S21402D1D001233A4631462846CDF80080FFF784FB05
S21402D1E004460DF042FE30B1FFF782FA78B10A4BE0
S21402D1F01B689B010BD400233A4631462846CDF8DD
S21402D2000080FFF771FB002C0CBF0446012404F0DB
S21402D210010002B0BDE8F0818042002070B58AB0FD
S21402D22005A80AF017FD022301AA15468DF8143048
S21402D230084B03F11006144618685968083303C4ED
S21402D240B3422246F7D1294605A80AF06EFE0AB076
S21402D25070BD00BF47C80400014B1878704700BF76
S21402D260FC680020014B1888704700BF72680020D7
S21402D2704FF6FF732DE9F043994280460D4685B07E
S21402D2800BD000274FF6FD791C4EE9F7D1FDFCB214
S21402D290A0420BD84FF6FF701DE0F5F773FE00288C
S21402D2A0EFD005B0BDE8F0430CF034BC36F81430CD
S21402D2B04B4517D8694620460DF01EFE0822414609
S21402D2C00DF10500EDF78EF94FF6FF7360B99D423A
S21402D2D004D136F8140005B0BDE8F08326F81450E1
S21402D2E00DF0D3FD0137D0E79D42FBD036F814305F
S21402D2F0AB4208BF26F81490F4E700BFF0540020B3
S21402D3002DE9FF4706460F4600254FF6FD79DFF862
S21402D3103C80DFF83CA0E9F78BFDECB2A04202D8D5
S21402D32004B0BDE8F08738F814304B450CD869468F
S21402D33020460DF0E1FD082231460DF10500EDF71D
S21402D34051F908B90AF804700135E4E7F0540020F0
S21402D350495E0020014B33F810007047F05400205D
S21402D360F0B5064600250D4F85B0E9F761FDECB233
S21402D370A04201D805B0F0BD37F81430B3420BD145
S21402D380694620460DF0F4FD9DF80030022B1CBFC6
S21402D3904FF6FD7327F814300135E6E7F054002007
S21402D3A030B585B004460D46E9F742FDA0420FD9D6
S21402D3B0084B33F814204FF6FD739A4208D8694694
S21402D3C020460DF0D5FD29460DF10500FFF750FF6A
S21402D3D005B030BDF054002030B585B00446E9F7FC
S21402D3E027FDA04219D92046FEF734FF0546B0B9FC
S21402D3F0694620460DF080FD9DF800302BB1694647
S21402D40020468DF800500DF095FD4FF6FF72002075
S21402D410044B23F8142005B030BD2820FBE740F665
S21402D4200440F8E7F05400202DE9F0410B78054659
S21402D4300E461BB9BDE8F041FFF7CEBFE9F7F8FC90
S21402D440A84231D92846FEF705FF78BB374617F8BB
S21402D450058B4FF6FF713846FFF70AFF044638463B
S21402D46000F01EFAB0FA80F04009B8F1000F15D0AD
S21402D470B8F1030F15D04FF6FF724FF6FD739442C4
S21402D48008BF1C460B4B314623F815400A4B58552D
S21402D49028460DF04FFD0020BDE8F0814FF6FF74E0
S21402D4A0F0E74FF6FE74EDE72820F5E740F6044075
S21402D4B0F2E700BFF0540020495E00202DE9FF414C
S21402D4C00D4604464FF6FE780F4F0E0AE9F7B0FCFB
S21402D4D0A04204D8FF24204604B0BDE8F08137F805
S21402D4E0143043450CD1694620460DF005FD9DF8E3
S21402D4F00520EBB29A4203D19DF80630B342EAD039
S21402D5000134E4B2E2E700BFF05400202DE9F04F08
S21402D5100C461746984600254FF6FD7B87B09DF8C9
S21402D52040A0DFF85C900190E9F782FCEEB2B042D0
S21402D53001D8FF2616E039F816205A451ED830467E
S21402D54002A90DF0D9FC3FB99DF80920424515D134
S21402D5509DF80C20524511D144B939F81620019B8A
S21402D5609A420BD1304607B0BDE8F08F082220461B
S21402D5700DF10D01EDF736F80028F3D00135D3E7AB
S21402D580F054002010B514460DF0B6FC2046BDE857
S21402D590104008220149ECF72BBD00BF205F002097
S21402D5A02DE9FF47074615460846082224491E4627
S21402D5B0EDF718F8044600283FD14FF6FF7ADFF859
S21402D5C08490E9F735FC5FFA84F880450BD385B37F
S21402D5D0384608F049FA01250C9B18700120357070
S21402D5E004B0BDE8F08739F8183053451FD06946B5
S21402D5F040460DF081FC7A789DF801309A4216D1A9
S21402D6007A88BDF802309A4211D13A799DF80430F0
S21402D6109A420CD108220DF10501781DECF7E2FFC3
S21402D62028B9002DD7D1404608F039FAD3E701349D
S21402D630C7E7FF2008F033FACEE70020D0E700BFA6
S21402D640205F0020F0540020F0B50025154E164F3E
S21402D65085B0E9F7EDFBECB2A04201D805B0F0BD0B
S21402D660694620460DF048FC9DF80030032B06D98B
S21402D6700023694620468DF800300DF05BFC9DF8CD
S21402D680002062B14FF6FD734FF6FE71032A08BF03
S21402D6900B4626F81430002301353B55D9E74FF6E2
S21402D6A0FF73F6E7F0540020495E0020F8B50E46F8
S21402D6B004464FF6FF770C4B0C4D1B7803EB4303E7
S21402D6C005EB8305A54202D800242046F8BD238830
S21402D6D0BB4206D008223146A01CECF783FF002886
S21402D6E0F3D00C34EEE700BFBD68002030540020B3
S21402D6F0044BFF211A78044802EB42029200ECF730
S21402D70025BC00BFBD68002030540020F8B5044692
S21402D7100C4B0D461B781046A3420DD90C2702214E
S21402D72017FB04117C43084E08223144ECF760FCD8
S21402D730335B00202B80F8BD0023136053604FF646
S21402D740FF73F6E7BD6800203054002038B5044663
S21402D7504FF6FD75FFF704FE0022084B1878084BBB
S21402D760D1B2884200D838BD33F80C1C0132A1422F
S21402D77008BF23F80C5C0C33F2E700BFBD6800203C
S21402D7803C54002070B505460E460846FFF7DEFFFD
S21402D79031462846FFF76CFD29460648FFF786FF06
S21402D7A000B970BD044624F80C6B0DF06EFB2946DA
S21402D7B02046F3E73054002010B5082286B02349ED
S21402D7C00446ECF70FFF20B906B0BDE810400CF097
S21402D7D0A1B9082220461E49ECF704FF20B91D4BCA
S21402D7E0B3F8680006B010BD0023012221464FF6AA
S21402D7F0FF700093FFF78AFEFF2806D0164B33F819
S21402D80010004FF6FB739842ECD903A8FEF79EFD74
S21402D81058B9BDF80C305B0607D5082221460DF133
S21402D8200E00ECF7DFFE0028DCD021460B48FFF79F
S21402D8303DFF40B14FF6FB724FF6FF7300889042F1
S21402D84088BF1846CEE74FF6FF70CBE7205F002072
S21402D8506A50002000500020F0540020305400206F
S21402D86070B5002204464FF6FB7608460A4B1D7832
S21402D8700A4BD1B28D4201D8002009E01988B14284
S21402D88007D8A14205D10822991CECF7B1FB01206A
S21402D89070BD0C330132ECE7BD6800203054002026
S21402D8A037B5014605460E48FFF700FF044640B16D
S21402D8B0807A29460DF080FB80F00100C0B203B0EA
S21402D8C030BD03460090012229464FF6FF70FFF74F
S21402D8D01DFEFF2816BF034B2046185CE9E700BF73
S21402D8E030540020495E00202DE9F341224B0446C5
S21402D8F01B780F468342154638D9FEF7C5FCB8BBDF
S21402D9004FF6FD739D421D4E0ED004EB440326F8DF
S21402D91023504FF6FF739D421FD12046FEF7CCFCE4
S21402D920002002B0BDE8F0810DF106013846F5F799
S21402D9307BFA4FF6FF72BDF806303846934218BFA0
S21402D9401D460C236343F55206EB0308FFF7A8FFB8
S21402D950B0FA80F0400988F80A000C2303FB046042
S21402D960082239460230ECF743FBD9E72820D8E7ED
S21402D97040F60540D5E700BFBD68002030540020C1
S21402D98038B504460D46FFF7BBFC21460448FFF7B0
S21402D9908DFE00B938BD857221460C30F7E700BF10
S21402D9A0305400200023074A1370074A1370074AB0
S21402D9B0118801B11380064B1A880AB100221A8018
S21402D9C0704700BF645F0020635F00201458002089
S21402D9D0125800202DE9F04F4C4C9846238889B007
S21402D9E005900F4610469DF848A05BB952B10DF05F
S21402D9F04AFF20804FF4FA61454809B0BDE8F04F6F
S21402DA000FF05ABFDFF81C91B9F80050002D69D00C
S21402DA1028460FF081FEC0F3470428460FF060FE4A
S21402DA20DFF804A10294BAF80030DFF800B10193DF
S21402DA30BBF80030054600930022434601203549D4
S21402DA400DF0A0FFADF81E0010B305EB440801244C
S21402DA50454512D1E4B9BDF81E50CDB12E4B1B7808
S21402DA602BBB2B4600223946059800F043FA0023CA
S21402DA70ABF80030AAF800300AE0012329461A461D
S21402DA800DF11E00F4F7F6FB023504460028DFD03F
S21402DA900023224AA9F800301378013BDBB2137048
S21402DAA0002BA7D109B0BDE8F04FFFF77BBF0BF004
S21402DAB0FAFF0146284604F085FC0A2180462846DD
S21402DAC004F080FC0646A64202D8FF2CCFD1C8E757
S21402DAD0284604F10B0104F075FC8045C1D80134D8
S21402DAE0E4B2F0E70E4C237823B910F0C9F808B96F
S21402DAF001232370524641460520F5F757FC0028BD
S21402DB00D0D1207009B0BDE8F08F00BF14580020B5
S21402DB10B4670020CC7B0400655F0020645F0020B1
S21402DB20635F002012580020AC570020AE5700203A
S21402DB3030B5154D87B02C889CB923464FF4A07299
S21402DB4048F2380103A80DF01AFB21462046F9F7E1
S21402DB50F3FB22460D4B009403A9FFF73BFF07B0E9
S21402DB6030BD20460BF036FE043010F07BFA03A9D7
S21402DB70044628880EF08CF80023009320462A8854
S21402DB8003A900F065FBEAE71458002000F8FF0737
S21402DB9037B5002001A9F9F7CFFB0D4C01462378D3
S21402DBA00C4D7BB10C4B019A1878F9F7DBFB207809
S21402DBB0F7F716F9002323702B700848F4F706FCD3
S21402DBC003B030BD2B78002BF7D0FFF7B1FFF4E798
S21402DBD0675F0020645F0020665F0020B467002055
S21402DBE008B50548F4F702F90448F4F7FFF8BDE86B
S21402DBF008400348F4F7FAB81458002012580020D8
S21402DC00105800202DE9F04F89B089460446CDE928
S21402DC1005239DF84870139E30B316F801ABBAF18F
S21402DC20000F23D00AF1FF34A400E4B231460120EB
S21402DC300AF0D4FBC00E1BD1DFF838B13146012002
S21402DC400AF0CCFB9BF8005034442279BDB1002F79
S21402DC5047D180234846CDE90277CDE900773E4A90
S21402DC60059900F047F93CE08246DFE75446DDE7D7
S21402DC701B28ECD9314601200AF0B0FBE7E7DFF8B3
S21402DC80F880FF2A00EA08080BD14246E379A17918
S21402DC90607901EB032189B209B0BDE8F04FF9F7CC
S21402DCA061BB2E4909688B070AD5FE2A35D10123A6
S21402DCB00135EDB2202D4FEA43030AD1FF250AE0D3
S21402DCC0294628460792F9F737FB4845BFD1079AF7
S21402DCD0EBE79845ECD1224B1B78FF2B04D0AB42E6
S21402DCE004D009B0BDE8F08FFF2DFAD029460020F7
S21402DCF0F3F774F80028F4D09BF800306479002B10
S21402DD00EFD1FFF74FFE17484FF410510FF0D4FD36
S21402DD10154B8BF800501C70E3E7052A97D8BAF12A
S21402DD20010F94D8B8F1000F91D0002FD9D1737992
S21402DD30002BD6D00D49098821B9082B28BF082305
S21402DD400B490B70434648461292DDE9051209B0AC
S21402DD50BDE8F04FFFF73EBECC7B040080420020B9
S21402DD60FD680020B4670020665F0020145800207B
S21402DD70645F0020675F002000F8FF07014B1880F1
S21402DD80FFF7D6BE1258002037B5184B1B78022B69
S21402DD9003D01725284603B030BD00210DF1070039
S21402DDA0F4F798FC05460028F3D1114B1B78013B8B
S21402DDB0012B01D90225EDE7F4F7F6FB0028F9D08E
S21402DDC009F0ECFD0446F4F7EFFB0A4B4FF47A71C8
S21402DDD018700B23B4FBF3F203FB12440A34A4B20A
S21402DDE0614305480FF068FDD4E700BF9D5E002042
S21402DDF09E5E00208E5E0020AC4100202DE9F0439E
S21402DE00384B00241E784FF4F813374FA5B003930F
S21402DE103D78ADF81040F7F78FF8BDF90E30ADF843
S21402DE201200A342ADF8144006DB304B1C780134D6
S21402DE30E4B21C7044F080048DF82C40A9460224FB
S21402DE404FF000088DF82D60B14529D300222146F7
S21402DE500BA83D708DF82D800BF0D7FCE8B1B8F119
S21402DE60000F09D000234FF6FC71CDE9000303AA88
S21402DE70FF230620FBF7EAFFB5422FD209F08EFDFC
S21402DE800B23B0FBF3F24FF47A7102FB13000A3055
S21402DE9080B2414316480FF00FFD25B0BDE8F0836F
S21402DEA0484606A902F004FA98B9512C11D804F192
S21402DEB090030DEB0302083406AB013508F10108A6
S21402DEC003CBE4B242F8640C42F8601CEDB25FFA8F
S21402DED088F809F101095FFA89F9B5E70448F4F709
S21402DEE075FADAE78E5E00208F5E0020695F0020FA
S21402DEF0AC4100200CB42DE9F04F8BB014AA0E46AC
S21402DF0052F8041B07460992002940F08F80BDF89C
S21402DF105400ADF82200002800F0A18033794FF6B5
S21402DF20F778002B40F0868047458CBF4FF00908F3
S21402DF304FF008084C4B1C78FF2C40F08380B6F953
S21402DF400230002BA9BF494B347A1C780134A2BF99
S21402DF50E4B21C7044F08004DFF81CB122460021B3
S21402DF6004F044FA9BF80030BDF82200002B6CD077
S21402DF70DFF808A14FF00009BAF8003007930FF057
S21402DF80CBFB0546BDF822000FF0AAFBEBB2CDE9AB
S21402DF900193FF23CDE9030900932246334639460F
S21402DFA00798FCF7F1F84FF6FF7305468BF80090DA
S21402DFB0AAF80030382D33D13246394640460DF1A4
S21402DFC022030AF0CBF900284BD04FF6F7739F4294
S21402DFD026D8B6F902307088002B21DA48F20402FD
S21402DFE02349244B4FF00008904214BF89469946B5
S21402DFF00BF090FD494603468A220120CDF80080A8
S21402E0000DF0C0FC814658B12246414604F0EEF9B6
S21402E010FF23324639464046CDE90098FBF716FF05
S21402E02028460BB0BDE8F04F02B0704701200DF055
S21402E03086FC6EE7002347458CBF4FF006089846DD
S21402E040337177E7FF221A7086E7CDE9000332467E
S21402E050FF2339464046FBF7F9FE0546AAE719258F
S21402E060DEE70546DCE700BFFF680020695F0020A8
S21402E070DD7B0400D27B0400685F00201658002077
S21402E08070B54FF4003300240546164688B0ADF846
S21402E0901A100DF10F0204A90593ADF81840ADF859
S21402E0A01C4004948DF80F400AF02FF99DF80F30AB
S21402E0B028460193049B044A009305A93346FFF7BA
S21402E0C019FF08B070BD00BFD67B040030B54FF410
S21402E0D08035002487B00395BDF82850CDE900129C
S21402E0E08DF81030074A034603A9BDF82C008DF8B8
S21402E0F01140ADF81250ADF81440FFF7FBFE07B022
S21402E10030BD00BFE27B0400B1F1006F2DE9F043A1
S21402E11014462CBF392238228BB01D464FF000031E
S21402E120ADF81E204FF480022CBF4FF0010999462D
S21402E130FF2C0646ADF81C300892ADF824304FEAA4
S21402E14011471FFA81F80FD10CF07AF8B9F1000FD7
S21402E15019D1154ACDE9020543463046CDE9007489
S21402E16007A9FFF7C7FE1AE0FE2C0AD10CF068F8E2
S21402E1700130C0B20CF06FF8B9F1000F12D00B4AA2
S21402E18002E0E8B2F8E70A4ACDE903050123304681
S21402E190CDE90174CDF8008007A9FFF7ABFE0BB0FE
S21402E1A0BDE8F083034AD5E7DA7B0400E07B04008F
S21402E1B0D97B0400E17B04004FF498124FF0806391
S21402E1C010B586B0CDE903230023ADF814300BF06A
S21402E1D0A1FC0446F6F7B0FE054B01900093054AF3
S21402E1E0234603A94FF6FD70FFF784FE06B010BD66
S21402E1F0205F0020E67B040008B5064B1B78022B46
S21402E20002D0043B012B03D8FFF7D6FF002008BD3F
S21402E2100220FCE79D5E002030B500244FF48065A6
S21402E22087B0CDE900128DF81030084A034603A9DC
S21402E2304FF6FD708DF811400394ADF81250ADF80C
S21402E2401440FFF757FE07B030BD00BFEA7B04005C
S21402E2502DE9F04F9BB00E4605460EA91046CDE9B5
S21402E2600A329DF890700CF0E2FEBDF838A08046A7
S21402E27050460FF051FAB6F902300446002BB6F8B3
S21402E2800690B6F802B004DA0022B24B1A700020EA
S21402E29049E050460FF040FA4045F5D3A4EB080497
S21402E2A0E3B2002F18BF4FF4A079152B099328BFAD
S21402E2B015230024013308F1FF325146DBB292B235
S21402E2C0009414A80FF0CFFF6FEA4B436FEA534354
S21402E2D0A1499DF8502008684968ADF846300FAB52
S21402E2E003C3ADF84840ADF84440ADF84A90ADF8E7
S21402E2F04C20BBF1000F24D10DF15100F4F742FE81
S21402E300A0B10BF007FC5C4606460DF1590A0DF16A
S21402E31051030A9A9AF80080012A2DD157B384F045
S21402E320010404F001001BB0BDE8F08F0DF15100AE
S21402E33001F0B4FB4FF6FF74011B4C4206464C41FB
S21402E340E3E7BBF1010F40F09480BDF851600BF09B
S21402E350E1FB86420AD030460FA90CF03EFF80F061
S21402E3600104E4B20DF1530A0FABD2E77B4B0DF179
S21402E370530ACEE70A9CD4E797B3002C75D1B8F1BE
S21402E380010F72D837D10BF0C5FB0BF0C3FB224648
S21402E39006469AF80170714B00210120CDE9006112
S21402E3A002976F490DF0EEFAADF83A0000285CD0FD
S21402E3B0002C53D1B8F1010F50D12646DFF8B8A190
S21402E3C09AF800305FFA84F8434538D940460FF091
S21402E3D0FFFBC20702D5BFB1013FFFB20134EFE730
S21402E3E0B8F1010F05D1002CCDD081229AF8017028
S21402E3F0D2E7002CF9D1B8F1010F94BF0022012216
S21402E4009AF80170D201C7E7404601F017FB0123D4
S21402E410ADF8340002220DA90DF13A00F3F72AFFF7
S21402E42018BBBDF83A000FF077F9804648460CF064
S21402E43070FC08F1010801368045F6B2CEDBB6B1B3
S21402E44032460C21BDF83A0003F0D0FF00222846DF
S21402E450BDF83A3011A9FFF74DFD06E00C210DF18B
S21402E4603A000DF0F7F90028F0D001205BE70D2105
S21402E470F5E70A9B002B7FF40AAF7388342B57D13B
S21402E480099B092B7FF403AF002F7FF400AF9DF9A1
S21402E49059603A46B41008210DF1510004F02004E8
S21402E4A00BF0CAFAD0B12F4B1B78012B3FF4EFAE1C
S21402E4B0022B27D12C4B1B6813F0807F25D12A4BC9
S21402E4C01B685B0201D5002E30DA00232846274A55
S21402E4D011A9FFF70FFD264B1C70D8E60DF151006F
S21402E4E0F4F750FD0028DED10DF1510001F0D6FA06
S21402E4F04FF6FF73984208D02146F8F79FFE034670
S21402E50018B903E0033B012B06D9C8232846174A4D
S21402E51011A9FFF7EFFCBAE6164BB3F86830AB4228
S21402E520CDD0114B1B6813F0805FC7E78D23EDE754
S21402E530099BCDE9059204930DF15103CDE90283BF
S21402E54031462846CDE9007A0B9B11AA00F058F80E
S21402E5509DE600BF5C5F002020050400205F0020CF
S21402E560EE7B04009E5E002080420020D032040033
S21402E570FE68002000500020CA680020024B18786F
S21402E58040F08000704700BF695F002038B50A4B34
S21402E59005461C7824B10BF0BDFAB0FA80F4640983
S21402E5A0F8F72AFF08B144F04004E8F74DFC44EAC5
S21402E5B04020284038BD00BF995E0020014B1880DD
S21402E5C0002070477A6800204FF6FF7103460288E3
S21402E5D01B798A4217BF074901200A8041881EBF5D
S21402E5E0054A00201180FF2B1EBF044A002013702C
S21402E5F0704700BF76680020746800206A5F0020BB
S21402E6002DE9F04FB7B09946BDF80431439C0D93FF
S21402E6109DF8083183460E93BDF8143120460F93B9
S21402E6209DF81831B1F802A00F4690469DF80051A9
S21402E63010930FF017FDBAF1110F064600F28A800A
S21402E6400BF068FAB04200F08F80BAF1060F19D1CB
S21402E6504FF6FD739E423ED0DDB9BC4B1B78033BA2
S21402E660012B36D930460FF05BFAFF2814BF8923F8
S21402E670812300224146CDE900625846B44AFFF79C
S21402E68039FC06E02DB9BAF1030F08D8BAF1010F2A
S21402E6900AD80022AF4B1A7037B0BDE8F08FAAF145
S21402E6A00403022BF5D8D8E7A84B1B78033B012BB3
S21402E6B00DD930460FF034FAFF2814BF8923812380
S21402E6C041465846A44A0096FFF714FCE1E7802329
S21402E6D0F6E78023CDE7A14B1B7859074CD40BF005
S21402E6E019FA0026034632460120994900960DF093
S21402E6F049F92379ADF86C000F930028CCD0DDE9F8
S21402E7000E320D9803EB42090FF006F85FFA89F90C
S21402E71009F10507FFB28742BED239460D9803F0CB
S21402E72051FE109007EB40070D980EF0F5FF87425A
S21402E730B2DADDE90F321343DBB2002B40F032824D
S21402E740002DA9D12F463A460421BDF86C0003F0ED
S21402E7504DFE76E1814BBAF13A0F1B7811D948F299
S21402E7603B039A4508D014E07C4B1B785A070BD51E
S21402E770AAF10403022B07D8FB8843F48043FB80EC
S21402E7808AE7BAF11B0F1ED8AAF102039AB2132A1D
S21402E7905ED9109B494602930F9B5046CDE9005323
S21402E7A00E9A5B4609F0BEFD0F287FF475AF012274
S21402E7B0684B1A70694B1B789B0740F1D982002D73
S21402E7C07FF46AAFD8E7AAF11C021E2AE1D801A19B
S21402E7D051F822F0F9EF020093E7020093E70200F5
S21402E7E019EC020093E70200F9EC0200F9EC0200D1
S21402E7F093E7020093E7020093E7020093E7020022
S21402E80093E7020093E7020093E7020093E7020011
S21402E81093E7020093E7020093E7020093E7020001
S21402E82093E7020093E7020029ED020029ED0200B9
S21402E83095EF020093E7020093E70200AFEF0200B3
S21402E84093E7020049F002005FF002006DF002005A
S21402E850132B9ED801A252F823F000BFADE80200A7
S21402E86075E9020093E9020071EA0200DFE602009F
S21402E87093E7020093E7020093E7020093E70200A1
S21402E88093E7020093E7020093E7020093E7020091
S21402E89093E7020093E7020093E7020093E7020081
S21402E8A0B3EB020093E7020025F0020000241BAB44
S21402E8B05A4648460E9900931DAB1D948DF86C403F
S21402E8C009F024FD0BF026F9204B05461B78012B98
S21402E8D003D0022B14BF02240124E8F7B5FA162847
S21402E8E094BF0020012044EA4014F6F725FB1C4B97
S21402E8F00646B3F800A0FBF79FFA1A4B07464FF6F8
S21402E900FF70B3F80090FFF741FE174B9DF86C209E
S21402E9101988124B1B7813F002031CBF134B1B788B
S21402E9200B921D9ACDE90701CDE9093240234146F3
S21402E930CDE9014358460023CDE90579CDE9036ABE
S21402E9400B4A0095FFF7D6FAA6E600BF9E5E0020A9
S21402E950D27B04005C5F0020DD7B04003E5E00206C
S21402E9607A68002076680020746800206A5F0020BB
S21402E970F47B04000BF0CEF8A34BA44A1B88CDE927
S21402E980400300234146584637B0BDE8F04FFFF734
S21402E990B1BAA4781DA9631EDBB2EF2B204610D9AC
S21402E9A0F22C0ED007F0ACFF82240BF0B3F8002353
S21402E9B04146CDE90003964A23465846FFF79AFA9F
S21402E9C06AE607F09DFF002850D00BF0A3F89DF8EA
S21402E9D078209DF87A100492BDF8762049000392BA
S21402E9E0BDF87420C9B2CDE901429DF879200346EC
S21402E9F05200D2B208320A4400920120002285490F
S21402EA000CF0C0FF9DF87930ADF86C008DF86730D9
S21402EA1000283FF441AE002601230DF167011A4695
S21402EA201BA8F3F727FC054600287FF435AE9DF8B1
S21402EA306730EAB2934209D89DF87A308DF867308B
S21402EA4016B1BDF86C3033E00126E5E731462046C4
S21402EA5007F058FF0123ADF8680002221AA91BA886
S21402EA60F3F708FC01350028E1D015E683249CE77D
S21402EA700BF050F8044607F064FF2346009000228D
S21402EA80012063490CF07EFF00283FF405AE002506
S21402EA902C46ADF8740007F054FFEEB2B0420DD823
S21402EAA022460421BDF8740003F0A0FCBDF87430C1
S21402EAB0002241465846FFF71DFAEDE5304607F0BC
S21402EAC01DFFFF288DF86C000AD0012301341A4678
S21402EAD01BA91DA8E4B2F3F7CDFB00287FF4DCAD3A
S21402EAE00135D8E75046B4F8029007F007FFFF2832
S21402EAF08DF8680000F0CF821DA907F001FFBDF86F
S21402EB0074304B4507D04FF6FF72914540F0C382F2
S21402EB101B0400F1C0829DF8793012930E9B0533D8
S21402EB20DBB213930F9B1493002311934FF000094B
S21402EB304B4613E017934900139BC9B219440D982C
S21402EB4089B20CF0C2FE4FF0000A179B159012997C
S21402EB505FFA8AF28A4217D309F10109149A5FFA18
S21402EB6089F19142E6D39DF87A201292169A139270
S21402EB70002B40F08582119B002B40F08C820123F3
S21402EB801193109B1493D1E711999DF8680017937F
S21402EB9007F0B8FE159A179B0AF1010A824208BFCF
S21402EBA00123D4E709F106095FFA89F3374616937B
S21402EBB072E2A71C39463046A57A08F007FF012202
S21402EBC039463046FAF7D4FB30460CF05CFC384641
S21402EBD000F064FF2288824207D04FF6FF7290420E
S21402EBE003D00EF09DFF0CF08EFB85F00804C4F3F4
S21402EBF0C00421463846FEF7C3FE2146384637B0E3
S21402EC00BDE8F04F09F0BBBB78680020017C040029
S21402EC10D27B0400057C0400AD4B1B78033B012B22
S21402EC207FF63AAD0AF076FF58453FF435AD08F068
S21402EC30B5FE0B23B0FBF3F24FF47A7102FB13001E
S21402EC400A3080B24143A3480EF036FEF3F7ACFC1E
S21402EC5000283FF421AD0123002218469E4994F86D
S21402EC6000A00CF08FFEADF8680000283FF414AD4B
S21402EC700026354634460E9B1BAF01330E93F2B286
S21402EC80524514D3002C3FF407AD01232A461DA992
S21402EC901AA8F3F7EFFA00287FF4FEAC2246022108
S21402ECA0BDF8680003F0A2FBBDF8683000E74FF03D
S21402ECB000090E99D200D2B20A4408230D993846AA
S21402ECC0CDF800900FF0CFFA394648460EF0F8FE1F
S21402ECD0FF280FD0814B1B5C0F2B0BD997E8030044
S21402ECE005F1D8036B44643B83E80300083501341E
S21402ECF0EDB2E4B20136C2E7002D7FF4CDAC1807C0
S21402ED003FF53AAD534622464146584603F066FE64
S21402ED1000287FF4C1AC842341465846704A37B077
S21402ED20BDE8F04FFFF7E6B823780F9810930BF084
S21402ED30F0FF00210646584604F0BAF9644BBAF1D1
S21402ED40310F1B780746A3F103030BD1012B13D90E
S21402ED50644B654A1B7812781344DBB20D93162374
S21402ED600E930DE0012B03D9604B1B780D9353BB1A
S21402ED70002D7FF491ACCEE701231621CDE90D31AB
S21402ED800024109B224600930120234658490194F2
S21402ED900CF0F8FD00283FF47FACF61BF3B22646D3
S21402EDA0544FDFF85C911193ADF86C000F940D9BF5
S21402EDB0E5B2AB4209D832460221BDF86C0003F038
S21402EDC015FB0F9AC0E40523CAE7162200211DA8E8
S21402EDD0EBF7BCF8BAF1320F3DD13B7903F00302F0
S21402EDE0032A21D18DF87620109B0136F6B2B34263
S21402EDF015D2BDF86C000EF08FFC0E9B1844119BCA
S21402EE0098420CDC01230E9A1DA91BA8F3F732FACE
S21402EE1000287FF441AC0F9B0133DBB20F93013421
S21402EE20083709F11209C2E7B9790029DCD132495B
S21402EE30C3F3C203CB5C1DA8012A08BF43F001033B
S21402EE4039888DF876300FF00FF979880DF1770052
S21402EE500FF00AF9C8E71DA80BF074F94FF0FF335C
S21402EE60CDE91F331F4B1B78AB4261D999F80430AA
S21402EE706F2BD4D828461FA9F4F7D0FF0028CED08F
S21402EE801E4BB9F80020B3F8683092B9003B18BFA1
S21402EE9001235B0143F004038DF8863002238DF8CC
S21402EEA08730B9F802301B0A11468DF8893021A83E
S21402EEB0CEE79B1A18BF01235B0143F005038DF8CA
S21402EEC0863002238DF887300F238DF88830E8E7E6
S21402EED09E5E0020AC4100200F7C0400425E0020B3
S21402EEE0D0320400975E0020965E0020C86800209C
S21402EEF00D7C04000257002058C804000050002071
S21402EF00885500200132D2B2551EEDB22846139320
S21402EF1012920EF05DFEDDE9122310F0010FF1D021
S21402EF2063490978611A994205D00133DBB2E9E7F1
S21402EF3001220023E8E75F4B1FA918782844C0B2D5
S21402EF40F4F76CFF00283FF46AAF284600F076FD1F
S21402EF50129028460EF03CFE10F0010F129A0FD1C6
S21402EF6016238DF88630544B1B780133DBB20F2BF9
S21402EF7028BF0F238DF88830504B33F8153092E7B0
S21402EF80284612920EF024FE10F0020F129AE7D1D3
S21402EF901223E6E71A073FF5EFAB23465A464146E9
S21402EFA00F9803F073FD00287FF476ABE0E695B188
S21402EFB0434B1B78033B012B7FF66EAB0AF0AAFD90
S21402EFC018B9BBF1000F7FF467AB207837B0BDE805
S21402EFD0F04FF5F721BE0AF09DFD20B1384B1B78A5
S21402EFE0033B012B01D8802396E62B464146584622
S21402EFF0344AFEF77FFFE8E70AF08CFDB0427FF462
S21402F0004BABA01CF3F7BEFF00283FF445AB0AF05B
S21402F01081FD04460AF07EFD2B4B2C4ACDE94003C7
S21402F0202346AFE420460FF01DF8FFF7AFFA00289C
S21402F0303FF432AB4090002341465846244A37B04C
S21402F040BDE8F04FFEF756BF4B46424659460020F3
S21402F050CDE9405437B0BDE8F04FFEF7D3BD4B467E
S21402F060424659460120CDE94054F3E72B464A462C
S21402F07041465846409437B0BDE8F04F09F084B98F
S21402F08001231AA91A461BA8F3F7F4F800287FF4FE
S21402F09003AB0137FFB2013607F053FC5FFA86FA7C
S21402F0A050453FF61FAD002F3FF44AABFFF74BBB70
S21402F0B0975E0020C3680020515F00208A57002018
S21402F0C09E5E0020D0320400205F0020127C0400E6
S21402F0D0DD7B0400F8B5164B04461D88154B20F858
S21402F0E0025B196879B10822EAF782FF124B0C20FC
S21402F0F01B78124EA372124B19780023DAB2914291
S21402F10005D8FF2209E0C4F802104160EEE7013399
S21402F11000FB03F7F75BAF42F0D10A4BE2721B78B3
S21402F1202373094B1B786373084B1B682361F8BD76
S21402F130245800201C5100206B5F0020245400201D
S21402F140BD6800204D5F00204C5F00200851002063
S21402F150F0B589B006460C4615460CF088FD0DF152
S21402F1600A02014630460CF01AFC144F0346F0B968
S21402F17001223A702288BDF80A102AB1024600908F
S21402F180072006F08FFB90B103A8FFF7A3FFBDF898
S21402F1900A000EF0C1FA0646BDF80A000EF0A0FA02
S21402F1A021460090F3B2284603AA08F041FC002349
S21402F1B0034A3B70136009B0F0BD00BF6C5F0020CD
S21402F1C01C51002073B5ADF806000DF106000AF0DA
S21402F1D02EFB014608B102B070BD0DF106000AF022
S21402F1E06FFB04460EF07CFAC67A002EEDD120465E
S21402F1F00CF004F8FF28E8D00EF0D2FC054BD3F84A
S21402F2008850002DE1D03346224641213046A84799
S21402F210DBE700BF0050002073B5002200210C205F
S21402F22000F0C2FC002119480EF080FF01250446BA
S21402F230164E84B120460BF0E1FFFF2805D1214689
S21402F24030460EF097FF0446F3E7042200230095AB
S21402F25000F07EFCF3E721460D480EF067FF01251D
S21402F26004460B4E0CB902B070BD20460BF0C6FF2A
S21402F270FF2804D008220023009500F069FC2146EE
S21402F28030460EF077FF0446ECE700BF2858002011
S21402F2902A5800202DE9F84F10460E461746994682
S21402F2A00AF0A6F9254A264B0021B0F5006F14BFD6
S21402F2B09046984640460EF039FF4FF0000A044644
S21402F2C0DFF880B00CB9BDE8F88FBC4228D12046E2
S21402F2D00EF006FA857A80F80BA0013DEDB2857233
S21402F2E016B13F2E00D02DBB0EF0ECFC0546204694
S21402F2F00AF07EF9B0F5006F4FF00002214615D1F4
S21402F3000F480AF0FCFAFFF787FF28460EF0D5FCF6
S21402F310DBF8885025B14B463A4631460020A847CE
S21402F320214640460EF026FF0446CBE703480AF085
S21402F330E6FAEAE7FFF770FFF2E700BF2A58002076
S21402F340285800200050002000232DE9F3470646E7
S21402F3500F464FF6FF78284CDFF8A090ADF806303F
S21402F36020460AF064FA054648B9294620460EF0B9
S21402F370DDFE82460EF0B4F90389B34217D94C4536
S21402F38001D1FFF749FF002120460EF0CFFE0546C9
S21402F39007F1FF3A5FFA8AFAD5B94C4516D1BDF89D
S21402F3A00600FFF70FFF404602B0BDE8F0877B1E5F
S21402F3B0DBB2FD2BD4D9294620460AF081FA2A462A
S21402F3C051460DF106000EF0B7FEC9E74C46C7E7F8
S21402F3D0BAF1FD0F09D928460EF082F903899B1B64
S21402F3E09BB2984528BF98460381294620460EF0D0
S21402F3F0C1FE0546D0E700BF2A5800202858002044
S21402F40008B50EF045FD0B4AFF2113881080C31A7B
S21402F41098B2FFF799FF4FF6FF73014699420648E6
S21402F42003D1BDE80840F2F7D1BFBDE808400EF0B0
S21402F43043BA00BF2C580020D4670020174B002880
S21402F4402DE9F041164D18BF1D460F4628464FF0CF
S21402F45000010CBF4FF008084FF002080EF066FEDF
S21402F460044610B92046BDE8F08120460EF038F971
S21402F470C37A064623B1214628460EF07BFEEFE706
S21402F48020460AF0E4F8424601463846EBF7AAF868
S21402F4900028F0D1B378002BEDD1E3E728580020FE
S21402F4A02A580020014B1860704700BF20510020E8
S21402F4B010B504460548F2F789FF0023044A138074
S21402F4C0044A1380044B1C8010BD00BFD467002082
S21402F4D02A580020285800202658002008B504483C
S21402F4E0F2F784FCBDE808400248F2F77FBC00BF92
S21402F4F02A580020285800202DE9F3410446884661
S21402F5000EF0C6FC324B074620461E880BF076FEEF
S21402F510054620460AF06CF8B0F5006F32D1FF2D92
S21402F52006D00123042200932846002300F010FB95
S21402F530B8F1000F1DD10EF0C5FB21460546254841
S21402F5400AF07AF928460EF0B8FB23480EF01CFEA5
S21402F550224BA8B31988711A17FA81F086B2204690
S21402F5600EF0BEF8032306818372002002B0BDE8C7
S21402F570F0810EF0A7FB00222146054615480EF044
S21402F580DBFDDFE716480AF089F904281ED8FF2DAE
S21402F59006D00123082200932846002300F0D8FA5A
S21402F5A0B8F1000F05D10EF08DFB214605460C483A
S21402F5B0C6E70EF087FB0022054621460848DEE72E
S21402F5C0314605481F800EF077F9C8E71C20CDE7C4
S21402F5D02658002028580020D46700202C580020E7
S21402F5E02A5800202DE9FF4708460C4609F0E5FF99
S21402F5F000F4805820460AF066F8054620460AF0CF
S21402F60039F8B0F5404F1BD1B8F1000F14D0294697
S21402F6100020FFF713FF054670B10EF061F80023D5
S21402F620404A81780446009218462A460193F1F72A
S21402F630A5FF08B90123E372012004B0BDE8F087F4
S21402F64028460EF00FFD81460EF06AFAFF2807469E
S21402F65037D00125A0F12006C0F12003324925FA51
S21402F66003F305FA06F61E438540D1E900232A4332
S21402F6703343C1E900230EF06DFA044638B138462A
S21402F6800EF0A6FA10F00C0F14BF01240024B8F1F5
S21402F690000FD1D04FF0000A03A90120ADF80C905C
S21402F6A0FFF7CCFE81460EF01BF88046B9F1000F3C
S21402F6B01ED1BAF1000F14D1FF2FBDD0002CBBD142
S21402F6C028E01A4B1B684BB148469847044628B1B7
S21402F6D0B8F1000FB0D000252E46DBE7B8F1000FD8
S21402F6E001D10020A9E7002501242E46A246D3E731
S21402F6F074B100230B4A8178009218464A46019359
S21402F700F1F73CFF002897D1012388F80B3093E7E6
S21402F710FF2F91D0064BD3E9001229433243C3E9A7
S21402F720001289E795F202006016002020510020A0
S21402F7305816002038B5044609F05AFF05462046FA
S21402F74009F085FFA5F50063044601465842584174
S21402F750FFF774FEB0B9B5F5006F01D0002038BDD2
S21402F76020460EF07FFC0EF0DBF9FF28F6D0064BA3
S21402F77000B21B6833F8100000F4E260003818BFCD
S21402F7800120ECE70120EAE7245100202DE9F743A7
S21402F7904FF000090746ADF804900EF019FA10F083
S21402F7A00C0F29D04FF00208154D2B88A5F80090B3
S21402F7B0ADF806300DF106000AF039F8044630B10D
S21402F7C0B8F1010F14D04FF001080E4DEDE72146B7
S21402F7D00DF106000AF074F806460BF00FFDB8426B
S21402F7E02246314614BF284601A80EF0A5FCE1E7E2
S21402F7F0BDF80400FFF7E6FC03B0BDE8F08300BFE7
S21402F8002A580020285800202DE9F04FDFF82081E2
S21402F81085B0D8E9003213437CD105B0BDE8F08F3D
S21402F82002EA040103EA0700014327D022EA04029F
S21402F83023EA0703C8E90023DAE9002304EA0205FB
S21402F84007EA030C55EA0C056FEA04006FEA0701A3
S21402F85024D130460EF0BCF9C2070FD530460EF062
S21402F8609FF9DBF89C30002B45D11D46304600F050
S21402F870E5F8DBF884300BB12946984724197F4116
S21402F88009F10109284B5FFA89F61B78B342C4D9FD
S21402F890D8E9002352EA0301C2D1BEE702400B4078
S21402F8A03046CAE900230EF093F9C307E6D51F4B8C
S21402F8B030461B6833F8163003F48873102B10D0CA
S21402F8C00EF06EF9DBF89C3013BB1D4601231022A6
S21402F8D000933046002300F03BF90020F1F7BCFD10
S21402F8E0C4E70EF05DF9DBF89C300125002BBDD095
S21402F8F00122039502E000252A4603950392002181
S21402F90030469847039A002AB0D0002DAED1DDE7E4
S21402F9100025EDE74FF0000901244F46DFF814A05A
S21402F920DFF814B0AEE700BF0069002024510020C3
S21402F930601600205816002000500020F8B5034636
S21402F940084613B309B3402A1FD8114900260B6094
S21402F95010490027086010494FF0FF350A70002151
S21402F9600C460433914205DB00215200EAF7EEFA18
S21402F9700020F8BDC3E9036703F8044C23F8024CE1
S21402F9801D605D6001311833ECE72120F1E700BF0E
S21402F990285100202451002000690020F0B5144CA4
S21402F9A0DDE905672568EDB1F0B9124800788842AE
S21402F9B01AD901EB41014FEAC10C05EBC10415F857
S21402F9C0311011B92169C90710D4002005F80C00BE
S21402F9D062801A6846F0010662605A68C4E90467E3
S21402F9E0A260F0BD0220FCE72120FAE72E20F8E70D
S21402F9F028510020006900200E4B30B51A68A2B1CB
S21402FA000D4B1B78834212D900EB400002EBC00379
S21402FA10C100002400200025C3E9044550544FF0DD
S21402FA20FF3258805A609A6030BD0220FCE72120DF
S21402FA30FAE700BF2851002000690020094B1B6826
S21402FA4063B1094A1278824208D900EB400003EB00
S21402FA50C0031A69D20701D5588870474FF6FF705F
S21402FA60704700BF2851002000690020094A03465B
S21402FA70106870B1084A12789A4209D903EB430318
S21402FA8000EBC303186910F0010002D0181D70477E
S21402FA90002070472851002000690020F8B50E4B60
S21402FAA005461C6834B128B100260C4B1F78F3B209
S21402FAB09F4202D84FF6FF7009E008222946201D11
S21402FAC0EAF790FD20B92369DB0701D56088F8BD07
S21402FAD001361834EBE700BF2851002000690020E9
S21402FAE00C4B1B689BB14FF6F77291420DD80A4A2F
S21402FAF01278824209D900EB400003EBC0031A6970
S21402FB00D20704D500205980704721207047022072
S21402FB10704700BF28510020006900200A4A0346A9
S21402FB20106878B1094A12789A420AD903EB43035D
S21402FB3000EBC300036913F0010003D0C3F3001007
S21402FB4070470020704700BF28510020006900203F
S21402FB5070B51C46124B9DF810601968D1B1114B56
S21402FB601B78834218D900EB4000551E01EBC001FA
S21402FB702543D1E9040301D0C5070FD52EB11043A2
S21402FB802343C1E90403002070BD20EA020023EAF1
S21402FB900403F6E70220F7E72120F5E72D20F3E736
S21402FBA02851002000690020134BF0B51B6803B3F0
S21402FBB000266FEA000C6FEA010E104C2778F4B2AA
S21402FBC0A74201D80020F0BDD3E9044514F0010F86
S21402FBD007D014F0020F04D132B104430D43C3E937
S21402FBE0044501361833EAE70CEA04040EEA050572
S21402FBF0F5E70220E7E700BF285100200069002051
S21402FC000B4B70B51B682BB100240A4A1678E2B279
S21402FC10964201D8002070BDD3E9042502400D406B
S21402FC202A4304F1010403F11803F0D00120F2E79D
S21402FC3028510020006900202DE9F0470026FF2702
S21402FC40B246164DDFF8588098F800305FFA86F90B
S21402FC504B4502D83846BDE8F0872B792F2B0FD9B3
S21402FC6028460AF086F92B796C7903F0070304F02C
S21402FC70030483422CBFE4182418E4B2A24506D932
S21402FC805446B946A2464F4612350136DCE7288866
S21402FC9001F0A6F80028F3D1F4E700BF885500204B
S21402FCA0975E00202DE9F04F89B0814609F0F5FCF9
S21402FCB0029048460BF0E6FE0024411C054689B237
S21402FCC0484602F07FFBA246A346A046274600F01F
S21402FCD01F00023500EB4000EAB27D4E50FA85F571
S21402FCE0EDB2AA4274D9DFF8FCA19AF8003033B11B
S21402FCF0A400E4B2B4FBF3F4042C08BF0324029875
S21402FD00F3F7C4FD054600283CD1FFF795FFFF2810
S21402FD105BD0704B05B2049018780AF011F987424E
S21402FD202CBFE1192118002F14BF01230223684EAD
S21402FD3005EBC50506EB450553FA81F32846039302
S21402FD400AF017F995F804C06B790CF0070103F076
S21402FD50030388422CBF1B185B18039ADBB29A4235
S21402FD6033DA049A2FB921B19AF80030033B5B4587
S21402FD702BDC104602990AF0A4F805B205EBC5057D
S21402FD8006EB45052B791E09002F00F081803946C7
S21402FD9028460AF018F9032128460AF01AF9B8F19B
S21402FDA0000F09D1002E40F0868007F0F7FDC0F361
S21402FDB00B0149480DF080FD6B79484623F003039A
S21402FDC01C446C7109F0FEFBA87309B0BDE8F08F05
S21402FDD050D0424B49461B8807A8ADF81C304FF05E
S21402FDE000038DF81E3000230093032303920EF0C7
S21402FDF03AFA9DF81E30BDF81C101B09039A18BF6C
S21402FE0008F10108CDE9041318BF5FFA88F80392D7
S21402FE1009F080FE0499039A8842059B03D19DF857
S21402FE201E7007F00F072E4890F800C016E016F86E
S21402FE300E0C10F0070003D00BF1010B5FFA8BFBE0
S21402FE40AA4207D036F812EC8E4503D113B108B198
S21402FE500134E4B20AF1010A5FFA8AFAAA4206F10A
S21402FE6012060BD1D4450FD916F80E0C10F0070067
S21402FE70E2D1EFE700234FF6FF71D4E736F8120C13
S21402FE80884201D8D445D2D80332123ED2B228E7ED
S21402FE90022E14D95B0707D0394628460AF099F88D
S21402FEA0B8F1000F81D087E7032128460AF091F8BF
S21402FEB0B8F1000F80D1062E3FF677AF7CE73146C9
S21402FEC028460AF086F858EA06063FF46EAF73E74D
S21402FED0885500204D5F0020EC41002060C80400D9
S21402FEE0975E0020C36800202DE9F0430823002413
S21402FEF085B08DF808300646022301214FF6FC70C5
S21402FF00CDE9004402AA0BF099FDADF80A00D8B17B
S21402FF102746DFF8A080DFF8A09099F80020E3B229
S21402FF209A4224D8BDF80A4020460BF0ABFD411C8D
S21402FF3047F06002204689B202F058FA0022BDF865
S21402FF400A001146F4F736FA07F028FD184AC0F3FD
S21402FF500B01137801F55A51013113B1013B89089F
S21402FF601370304605B0BDE8F0430DF0A5BC18F896
S21402FF700E5C6F2D17D8404630F8123D2D01ADF8B5
S21402FF800C3009F0F6FF05F0700528448DF80E00D7
S21402FF900123032203A90DF10A00F2F76BF90028E8
S21402FFA0D2D10137FFB2013408F11208B5E700BF1B
S21402FFB0935E00209A550020975E002010B5054CEF
S21402FFC02046F2F703FA2046BDE8104000210DF065
S21402FFD073BC00BFEC4100202DE9F0432A4D87B0E8
S21402FFE0F6F7F8FB2A7829492948FFF7A7FC0921E2
S21402FFF02A782848E9F7AAFF0026244FDFF89C80D3
S214030000DFF89C902B78F4B2A34202D807B0BDE881
S214030010F08304F582300B2203A900F5C070DBF7EA
S21403002029FE4FF6F670BDF814209DF81630511EC3
S21403003089B2814215D80020C3F3C003DB1840EB16
S2140300400001CDE90031214603ABFFF7A7FC0028EA
S214030050DCD14FF4805327F8143048F8240029F8ED
S214030060140004F5833001220DF10A0100F58070B7
S214030070DBF700FEBDF80A20064B01361A55802230
S214030080054B1A55BEE700BFCA68002098570020E4
S21403009080130020425E0020845E002090400020F3
S2140300A08A57002010B50A4B1C780DF039FDFF283F
S2140300B00DD0012C38BF0124064A230232F8101053
S2140300C019B101EB1313A3EB111322F8103010BD73
S2140300D04D5F00208A5700202DE9F047002506468D
S2140300E00F46AA46DFF84490DFF8448099F80030BC
S2140300F0ECB2A34202D85046BDE8F08720460DF086
S21403010067FDC2070CD520460DF062FD830707D4B2
S21403011038F8143037B133434FF0010A28F8143057
S2140301200135E3E723EA0603F6E700BFCA680020C3
S2140301309857002010B5084B084A1C780023D9B2FC
S2140301408C4201D8002010BD32F8021B013330EA7E
S2140301500101F4D10120F6E7CA6800209857002071
S214030160F0B50C464FF6F77187B08A4286461D46B1
S2140301709DF8306002D9002007B0F0BD59681868B2
S2140301800DF10C0CACE803002C49ADF814200978EB
S214030190A142F0D900218DF81660B61006F00206CB
S2140301A00191704621460096FFF7F8FB0028E2D13E
S2140301B0234B244A43F824009DF83830224E1B0272
S2140301C022F814304FF4A04304F582300B2226F8AD
S2140301D0143003A900F5C070DBF778FD9DF83430C2
S2140301E01A4913F0040F17BF0123194B0B5536F8A2
S2140301F014300CBF1B7843F0080304F583300CBFA0
S2140302000B5526F814300122214400F58070DBF7E5
S2140302105DFD00210F4B104A1B782846234442F805
S2140302202310E7F713F80D4B1855284607F001FD82
S2140302300B4A01201378013313709DE7CA68002028
S214030240904000208A57002098570020425E0020E6
S214030250B3680020C3680020BC3F0020845E0020F3
S214030260965E0020054B1B78834206D90021044B7B
S214030270044A1B78034442F823107047CA680020D8
S214030280C3680020BC3F0020074B084A18780023A9
S214030290D9B2884200D870471188013321F48051BF
S2140302A022F8021BF4E700BFCA6800209857002014
S2140302B030B585B004460D46E6F7C0FDA04202D829
S2140302C0172005B030BD20460DF082FCC007F7D5D9
S2140302D004F582300B2201A900F5C070DBF7CAFCD7
S2140302E09DF80E2001AB03CB69609107286030D4DC
S2140302F012F0080F0CBF042303232B722046FFF7CC
S2140303009DFB154B68811B5D20466B730DF048FC07
S214030310124A2873135D4FF47A7103F00F03AB731D
S214030320135D002013F00F031FBF03F1FF320223F8
S21403033093403C2218BF5343094A08BF0A2352F886
S2140303402420B2FBF1F29A422CBF00239B1A2B61A6
S214030350B7E70223D1E700BF845E0020425E002099
S21403036090400020F8B51F4E04463378834237D0BA
S214030370FFF764FB4FF6FF77B84231D02046347060
S214030380FFF704FA2046FFF759FB054609F0C2FBC0
S214030390012301461A4628460BF00DFD2046FFF7BB
S2140303A02BFB0546E0B9104A1378013B1370F4F7AC
S2140303B0B5FB294620460AF085FF80220B4B2046D4
S2140303C023F814500A4B1A550A4B23F8145009F015
S2140303D02CFB2A46394611200DF00DFEFF23337001
S2140303E0F8BD00BF01690020965E002098570020E4
S2140303F0845E00208A5700202DE9F04F0E461546EE
S2140304004FF000098BB01F469DF854309DF850A05E
S214030410DFF84CB1049005939BF800205FFA89F44B
S214030420A24207D84FF6F7739D421CD817F0020B6B
S2140304303FD01AE02046FFF701FB804604F58230E2
S2140304400B2207A900F5C070DBF714FC4FF6FF720A
S2140304507EB9904516D14FF6F7729DF82630954231
S21403046003F0EF0311D94FF6FF7528460BB0BDE82E
S214030470F08F904506D00822304607A9EAF7B2F86F
S2140304800028E8D009F10109C6E79F4207F00208F1
S2140304902CD0F3F70FFC002857D12D4B2D4A1B7891
S2140304A0234412F823B020460AF02DFFB8F1000FBC
S2140304B0DBD1E6F7C3FC284B1B788342D3D000215D
S2140304C008460DF0FDFAFF280446CCD0059B0146EE
S2140304D0CDE901A32A46334604980097FFF740FE6A
S2140304E00028C0D0F4F71AFBD8460FE02046FFF7E3
S2140304F0A5FAA842CDD1B8F1000FB6D13046E6F73B
S214030500A5FE164B1855304607F093FB514620467A
S2140305100AF0ACFE2046FFF791FA054609F0FAFA10
S21403052000230146012228460BF045FCF3F7C2FBE5
S21403053028B9074B074A1B78234442F823802046F2
S2140305400BB0BDE8F04FFFF779BA4FF0000BAAE700
S214030550C3680020BC3F0020965E0020845E002017
S214030560CA680020F8B50026104F3C78F5B2AC42B6
S2140305700FD800250E4B6400224629460D481D70F1
S214030580E9F7E4FC22462946BDE8F8400A48E9F7BD
S214030590DDBC2846FFF7FAF8002128460AF092FE4B
S2140305A02846FFF729FA0136DFE700BFCA680020AE
S2140305B0965E0020985700208A570020024B802121
S2140305C01A780248E9F7C2BCCA680020845E002095
S2140305D038B50DF0A5FAFF28044616D00B4D35F8AE
S2140305E010301B0711D50A4B0A491B7801220B54FE
S2140305F0014400F5833000F58070DBF767FB35F8C0
S214030600143023F0080325F8143038BD985700201B
S214030610B3680020425E00202DE9F04F794B054673
S2140306201B788946022B17468BB004D0002630462B
S2140306300BB0BDE8F08F0DF00FFE06460028F5D18F
S2140306404FF6F9739D4262D04FF6F8739D4276D00B
S2140306502B0A28460DF11E018DF81C308DF81B5011
S214030660F2F708FC002814BFB0464FF02008B34644
S21403067014BF06230E23022229463846039300F0AE
S214030680EBFC01220446039B002840F0B880DFF809
S21403069080A18DF818209AF800204946CDE900007D
S2140306A08DF81A208DF81D0006AA4FF6FC708DF8FB
S2140306B019800BF0C3F981460028B7D009F02AFA4F
S2140306C0B8420FD0484609F085F8394604300DF095
S2140306D0CBFC384604A90AF080FD70B1484604A94D
S2140306E00BF03AFA484B1B78033B012B2BD84FF6FB
S2140306F0FF71484609F043FE06469AF80030FF2B82
S2140307000EBF01230133DBB28AF800308FE74FF0C8
S21403071008084FF0200B3C4B1B78033B012B85D975
S21403072009F0F8F9B84281D109F0F4F9FC238DF801
S2140307301B30FF2305468DF81C3006239BE74FF03E
S2140307401008C346E7E70AF0A7FE80460028D4D081
S21403075009F0E0F9A8422DD12C4B1A7852BB03219D
S2140307604846F3F727FE0028C7D09AF80030A8F8C3
S214030770007088F80430002388F8053088F80830BD
S21403078009F0C8F9A84202D1204B1B7853B109F0EF
S214030790C1F9B84206D12CB1237923F0030343F001
S2140307A00103237100224FF6FF710C200DF023FC8A
S2140307B00126A2E75946284608F1070200F078FC0E
S2140307C00446002899D0002203214846F3F7F2FD99
S2140307D00028CAD1237903F00303012B8DD109F036
S2140307E099F9A84203D1094B1B78002B85D02379AE
S2140307F043F0030323714FF6FF7323807DE716460A
S21403080015E700BF9D5E00209E5E00200269002063
S2140308106D5F002037B50E4B05461B780C46033B31
S214030820012B11D9E6F72EFB01280FD0821E534267
S2140308305341590128460DF1070200F039FC18B15F
S214030840002144800AF00FFE03B030BD1021F1E70B
S2140308509E5E00202DE9F0438BB0857AB0F80690B3
S21403086004460E46174609F055F98145804605F0BD
S214030870400541D10021608809F090FB0246002E16
S21403088044D1082304A9C14501EB03060CBF234941
S21403089002A90868496803C6A2B3022100268DF898
S2140308A0172001228DF81010217A45F020058DF8C7
S2140308B01210A18808338DF81310090A8DF8141046
S2140308C0E188CDE900268DF81510090A8DF8161073
S2140308D06088314604AA8DF811500BF0AFF8054630
S2140308E080B1618808F0ADFE79003246284601F0F3
S2140308F0FE01F3F75FFD06E0E08802A90AF06DFC4F
S2140309000028B7D100200BB0BDE8F08330687168CB
S21403091006AB03C345F010051023B3E7205F0020A2
S2140309202DE9F74389461E460746904608F052FFD0
S21403093000210446304609F031FB054609F107015C
S214030940384601F02DFD7DB1B8F1000F02D10378D2
S2140309501D44EDB2057063781A0716D5694630460E
S214030960F2F788FA024618B1002003B0BDE8F08318
S2140309700821684609F060F80028F5D120460BF0F8
S214030980BEF808226946E9F733FB09F0C3F80146C7
S214030990201D0DF069FB6378DB0603D538460C494A
S2140309A00BF0DAF83146A01C0DF05EFB31463846F4
S2140309B008F047FE074A13780133DBB21370E3717E
S2140309C0A3790BB10120D0E70123A371FAE700BF97
S2140309D0205F00209B5E0020FF232DE9F04F8FB0A1
S2140309E08146164605918DF822301AB301230BAAC9
S2140309F00AF0ACFC9DF836500446EF0625D50027D2
S214030A00059BBDF8308003F108024946D2B208239D
S214030A10009709A8CDE909770DF025FC3A4640462C
S214030A2009A9F8F7A5FC002840F08C80A90627D56D
S214030A3010220DE013460BAA0AF088FC9DF83650E8
S214030A400446A80663D5062202E0AA0618D508229D
S214030A5000230599BDF832700A44CDE909334946A7
S214030A600093D2B2082309A80DF0FDFB384686F0A2
S214030A70010209A9F8F77CFC002863D1002E46D0B2
S214030A80BDF8307009F046F8874249D038460DF075
S214030A90E3FB8046002E45D1BDF82EB00021584614
S214030AA009F07CFABDF82C300390184606930DF037
S214030AB0D3FB064609F02EF8069B834242D0B64B7C
S214030AC01B78033B012B3DD915F04003049339D122
S214030AD0039B0BB9002E35D09DF83570039B05F0AC
S214030AE018051F44FFB2082D8DF835706CD12023EE
S214030AF00493002C40F041810AF0CEFC054608B36F
S214030B00002E40F0B28033460126B24674E0BDF8AC
S214030B10327008F0FFFF8742B8D14FF00108BBE7F9
S214030B204FF00108002C43D09C4BE279678803EB17
S214030B30C20633F83220BDF832309A4205D04FF65B
S214030B40FF7323800FB0BDE8F08FBDF82EA0B8F179
S214030B50000F08D0002130460AF085FCA6F802A054
S214030B600AF093F9EEE7BDF830000AF084FC054678
S214030B70414630460AF077FCA6F802A0884E2DB10F
S214030B80414628460AF06FFC63886B800AF07DF9BD
S214030B903378002BD6D03B46002248460599FFF70C
S214030BA0BFFE0028CED03946484609F0E8FBC9E721
S214030BB00AF06BF97A4B1B78002BC3D0B8F1000F01
S214030BC0C0D14FF6FF77E6E7102D01D1049590E7E5
S214030BD0B8F1000F8DD1002C3AD0C2460021BDF8E3
S214030BE032000DF1220200F063FA03460028A9D072
S214030BF0002E40F0CA8025460499BDF830000DF15A
S214030C002302079300F054FA044600289AD0644A55
S214030C10079B1278002A78D0BAF1000F26D1024635
S214030C202C466179B9427ED92546A4F802B067718D
S214030C301446002B00F09E809DF82230EA799A42F3
S214030C4000F09880002E40F08E80EB7100253FE088
S214030C500AF022FC044600283FF474AF4FF0010A62
S214030C60BCE7002201261346DBE70126B8F1000F96
S214030C701ED106F093FE7E23B0FBF3F202FB1300B5
S214030C8005993A4605315FFA80FA484601F0AEFB0D
S214030C904FF6FF71484608F0D4FC039B032B2CD970
S214030CA0AAF17E0A022148465FFA8AF2F3F782FB2C
S214030CB0069BA5F802B02B809DF834306F712B711C
S214030CC000232B72002E42D19DF82230EB710125B2
S214030CD0B8F1000F3FF436AF484609A90AF01CFFE7
S214030CE000283FF42FAF2A4609A90BA8FFF7B2FD49
S214030CF028E7002625463446BBE7039B012B94BF13
S214030D000AF1020A0AF1420ACCE7BAF1000FCFD180
S214030D106979B94209D9A5F802B06F71002B8BD156
S214030D20002E93D024E025461446049A002A3FF466
S214030D3009AF8F427FF406AF039306F02FFE8307B7
S214030D407FF400AF039BA5F802B06F7171E7FF2332
S214030D50EB71002CBBD001252379A4F802B023F055
S214030D6003032371B4E7FF23EB71002C3FF46EAF4C
S214030D700025F1E7002CD3D168E7002E7FF471AF8E
S214030D80B24625460126534636E7BAF1000FB0D1E0
S214030D905646524645E700BF9E5E00200257002097
S214030DA0C968002070B50C4B4FF6FF751C780023FE
S214030DB002460A489C4201D1002005E00688964276
S214030DC006D1AA4201D10B7070BD8679002EFAD0E7
S214030DD001330830DBB2EDE7C86800200257002075
S214030DE0002210B50A4B1C780A4BD1B28C4201D8AC
S214030DF0002010BD5988814204D11979890701D191
S214030E00997911B108330132EFE70120F1E700BF0A
S214030E10C86800200257002010B5084B01461C780E
S214030E200023074AD8B2844201D8FF2010BD91425E
S214030E3003F10103FAD00832F4E700BFC8680020C4
S214030E400257002038B50446FFF7E6FFFF2805469D
S214030E5003D13F210B480DF027F84FF6FF732046CA
S214030E602380A37103210AF0FEFA074B07481A787A
S214030E7000210732D21002FB0500BDE83840E9F72F
S214030E8065B800BF167C0400CA680020735E0020A5
S214030E90F8B504460026124D124F3A78F3B29A423A
S214030EA009D800224FF6FF710F4B1D780F4BD0B2B7
S214030EB085420BD8F8BDFF2C02D0AB79A34202D1F2
S214030EC02846FFF7BFFF08350136E6E7FF2C02D0BA
S214030ED0187AA04201D1198019720A330132E6E763
S214030EE002570020C8680020C7680020DA56002092
S214030EF0FF28F8B504462CD0164B1B78834203D83C
S214030F00802115480CF0D0FF4FF6FF75134A32F8D0
S214030F10341002EBC4000379A94203F0030318D08C
S214030F20012B16D100220E4B1F780E4BD6B2B742BA
S214030F3003D8BDE8F840FFF785BF1E88AE4205D04C
S214030F4093F807C0A44504D0B14202D00A33013255
S214030F50ECE7F8BDC8680020167C040002570020A2
S214030F60C7680020DA5600202DE9F74303F0D6FFC2
S214030F70324B1B78033B012B21D9314B1D88451B74
S214030F80ADB2E5B118804FF6FF7700202D4A1378EF
S214030F902B44C3F3C81403F07F0313702A4B2B4A66
S214030FA01E78C3B29E420DD800264FF6FF77284C14
S214030FB0DFF8A09099F80020F3B29A4216D803B04F
S214030FC0BDE8F0831388BB420DD0137999070AD185
S214030FD004EB9311022928BF022103F03F0389B2D1
S214030FE043EA8113137108320130DAE734F80A8CC6
S214030FF0B84506D014F8043CAB4205D95B1B04F88D
S214031000043C01360A34D5E708F084FD804534F8FD
S2140310100A3C04F8027C24F80A7C09D018460DF131
S2140310200701FFF7BFFE18B19DF80700FFF760FF43
S21403103014F8030CFFF75CFFE3E700BF9E5E002097
S2140310402E5800206E5F0020C8680020025700203C
S214031050E4560020C7680020F0B500244FF6FF775B
S21403106003461048DFF844C006780F48E5B2AE42A0
S21403107001D800200FE005889D4210D13AB1012A1D
S21403108016BFC57905793CF83550A94207D1BB424E
S21403109002D114238371F0BD057A002DFBD00A30EC
S2140310A00134E3E7C7680020DA5600200257002021
S2140310B0F8B50D46114607461646FFF773FE002899
S2140310C036D102464FF6FF7C1E4B1F4C1978D3B21F
S2140310D0994206D800231C4C8B4221D1F8BD083414
S2140310E0F5E7B4F800E00132E645F8D133700123A2
S2140310F0278023710021A17165B1144B45F00805C3
S2140311001A782571D31DDA103078114B02FB0030A4
S214031110E8F71CFF2379204603F03F032371DDE73E
S21403112022799209022AE1D001330834DBB2D3E7ED
S214031130037904469A071EBF23F0030343F0010313
S2140311400371D7E7C868002002570020CA6800204A
S214031150735E002073B50DF107010546FFF722FE07
S21403116040B103799A0705D113F0300404D043F055
S2140311700303037102B070BD28460AF084F9094BD5
S2140311804FF6FF711D7823469DF80760064AD8B2CE
S2140311908542EFD9D0790133B04204BF1180117272
S2140311A00A32F4E7C7680020DA56002030B50A4B47
S2140311B0CC081B78094D0733DB1000FB03400123E3
S2140311C001F007018B402C5CDBB212B11C432C549C
S2140311D030BD24EA0304FAE7CA680020735E0020E1
S2140311E070B50B4B04461B78834204D840F24B2160
S2140311F008480CF059FE0025074E3378E8B28342C0
S21403120000D870BD00222146FFF7D0FF0135F4E772
S214031210CA680020167C0400C8680020FF2810D087
S214031220FF290ED0084BCA081B7801F007010733C5
S214031230DB1000FB0323054AD05CC84000F0010026
S21403124070470020704700BFCA680020735E002006
S2140312500148F0F7CBBD00BF305800202DE9F0471A
S2140312601E464D4B8CB01B681546074688469DF8B0
S214031270509003F0080A08F04DFCA8423FD1B9F19C
S214031280000F14D06EB9ADF806603D46042422461E
S214031290414628460AF093F900F001000CB0BDE879
S2140312A0F0870023ADF806303D4606243AE038467C
S2140312B00CF036FCFF28044605D0F2F7FBFC10B111
S2140312C02046FEF7CFFF96B10023ADF80630F8F7B9
S2140312D0FDF80028E8D0062440460DF1060202A9D0
S2140312E009F001FBD8B94046F8F7F8FA17E0ADF86D
S2140312F00660F8F7EBF80028C7D00424ECE73EB303
S214031300BAF1000F2ED000230B24ADF80630B9F146
S214031310000F0AD1F8F7DAF82F460028DCD13D464D
S214031320002EB4D0BAF1000FB1D004F00402414647
S21403133042F0110228460AF042F922460646414682
S21403134028460AF03CF9002814BF30460020A3E7DD
S214031350BAF1000F14D00124ADF80660B9F1000FFE
S21403136095D1D7E70B24284602A9F1F783FD074654
S21403137068B902A806F081FF20B9ADF80600EDE7CC
S2140313800124F0E744F00204ADF80670E6E7002314
S214031390ADF80630E2E700BF804200202DE9F047B3
S2140313A01E46744B8CB01B7807460D461446DDF874
S2140313B05080002B3ED008F0ADFB30B36E4B1B685D
S2140313C0980722D44FF6F7739C4233D843463A46DF
S2140313D031462046FBF7F2FE08F09CFB854200F000
S2140313E0C5803046FEF75AFBA04203D10CF098FBAB
S2140313F009F089FFBA1E534253412946002220466C
S2140314000CB0BDE8F0470AF0D6BCE7B1F91ED1F13F
S214031410000949EB01094FF6F7739C4216D90321DD
S214031420204606F0CCFA03233A463146204600957A
S21403143006F0B4FB08F06EFBA84200F097804FF668
S214031440FF739C42CBE74FF00109E4E72B463A468D
S2140314503146204604F0E7F92146CDE900082B463D
S2140314603246384606F059FF80460146204606F0C7
S214031470A6FAB8F1000F61D1B9F1000F12D100231B
S2140314803A4631462046009506F088FB88F001036D
S2140314902A4631462046CDF8009003F00103FFF7B5
S2140314A0DDFE99E7002FEAD003AA9246334B03F1F9
S2140314B0100E9446186859680833ACE80300734561
S2140314C06246F6D107A806F0C5FB032330687168A9
S2140314D08DF81C3008AB03C39DF8293007A843F0EA
S2140314E002038DF8293006F0E0FC90B1306871688D
S2140314F008AB03C3042307A88DF81C3006F0D5FCFD
S21403150038B1022307A88DF81C3006F0CEFC00285D
S214031510B5D1514607A806F008FD0028AFD0F4F76A
S21403152095FB0028ABD103233A4631462046009567
S21403153006F034FB08F0EEFAA84250E743463A4674
S21403154031462046009506F029FBB8F1010F9DD0E1
S214031550B8F1020F7FF440AF284607A9F1F78AFCDB
S21403156020B93246284607A909F0F0FF0CB0BDE8BB
S214031570F08700BF995E0020804200206AC80400FE
S214031580044B1A880AB100221A8000210846F9F78C
S214031590ABBF00BF3058002000232DE9F0478EB0C4
S2140315A004460D46CDE903334F7808F0B3FA50B13D
S2140315B0B64B1B689A0706D4092103A806F0A6FAB9
S2140315C00EB0BDE8F087204603A9F1F753FC0646A4
S2140315D0002840F05781022F3DD0042FECD1E5F7C9
S2140315E039FC002846D0E5F735FC022840F0228176
S2140315F00DF12408334632464146304606F0C4FD14
S214031600012103A89DF8255006F0B1FE2840FF28C7
S21403161000F0348105AD284608F019FA002840F09A
S2140316202F8195E80F0088E80F003A46414603A845
S21403163006F0E4FC0246002840F02081032303A9B9
S214031640CDE9005320463B46FBF77EF900280CBF46
S21403165013210621B1E78D4B1B689B07ACD40235DB
S214031660082229468A48E8F7BDFF0028A4D0E5F7F4
S214031670FDFB08B91121A0E7864B874E1B78FBB903
S214031680FFF77EFF3088002860D103AF294638462F
S21403169006F0DEFA002800F0CA8028460DF10A019B
S2140316A0F1F7C2FB40B90DF1240A504608F0CFF912
S2140316B08046002800F08780FFF762FF0F217CE753
S2140316C03088002842D101460CF07EF8308000288E
S2140316D03AD001230822304603A9F0F7CBFD98BB86
S2140316E00123082229463046F0F7C4FD60BB0123D8
S2140316F00222694809A9ADF82440F0F7BBFD03466A
S214031700308823B1002848D04FF0100920E00CF0B1
S21403171003F861490746204601F0CAFC30880BF0FF
S214031720FBFFFFB2874209D1FF238DF82430012344
S21403173059481A4609A9F0F79DFD28B9002101204A
S214031740F9F7D2FE0C2138E73088DBE74FF00709BC
S2140317500BF0C6FF074630880BF0C2FF3488112112
S21403176000F10808204600F02DFE10218246204690
S21403177000F028FE0822044603A94046E8F732FF95
S214031780002840F08180082229463846E8F72AFFD9
S214031790002879D1B9F1070F01D010210DE704EB2A
S2140317A00A244546A4B271E730884FF0010828B1F1
S2140317B0122100F007FEFF2881461ED12A46B946AD
S2140317C02046402304E03A46A9464346BDF80A00AD
S2140317D043F00303CDE900A349460323FBF7B4F81C
S2140317E000283FF469AF0721484606F08FF9B8F1A1
S2140317F0000FD9D0FFF7C4FEE2E6002108460BF03F
S214031800E3FFADF8140048B1204605A901F050FCEB
S214031810BDF814000BF080FF0028CFD114230093EB
S2140318204A4639462046338801F0FAFBC6E7FFF7F7
S214031830A7FE1FE7E5F70EFB012801D00621BCE64D
S21403184005AD324633462946009603A8F9F75EFDF2
S214031850024608B10A21B0E60C4B20461B6803A9D2
S2140318605B0003F0040343F00303CDE900533B4658
S214031870FBF76AF80028E1D113219EE605219CE6D2
S21403188012219AE60B2198E60E2196E68042002066
S214031890205F00203D5E002030580020012330B535
S2140318A00D4C85B022788DF80430D5188DF80520B8
S2140318B00E228DF806200A682570CDF807204A68A0
S2140318C001A9CDF80B200B22F0F7D4FCB0FA80F078
S2140318D0400905B030BD00BF9A5E0020014B187862
S2140318E0704700BF6F5F0020142230B58BB00546EB
S2140318F00DEB02011548DAF7BDF910BBBDF814303D
S214031900DA0720D413F0060FC3F3410208BFC3F36C
S21403191041220F4B0DF116019C5C68462246E8F700
S214031920A5FCBDF8263004F128026A4402F8283CD8
S21403193002341B0A02F8273C69462A46E0B208F03E
S214031940AFFF0BB030BD2320FBE700BF703214E0BF
S2140319507AC8040010B58AB0ADF826200022CDE977
S214031960052204920CAA02924FF6FF720446AC219B
S21403197001200192064A039004FB01226032009282
S2140319804CF620010DF1260209F03BFE0AB010BD0D
S2140319900050002000B58BB0ADF824309DF83030F1
S2140319A003208DF82630002303900A4909A8CDE9C1
S2140319B00130CDE90533049301F160030093B1F8D8
S2140319C05C3002204CF6604109F01BFE0BB05DF85C
S2140319D004FB00BF0050002010B54FF6FF741E4AEC
S2140319E08AB0B2F86800B2F85E10A042ADF82600DE
S2140319F0B2F85C304FF6FD70ADF8241018D0814273
S214031A004FF0000094BF48F660014CF66001CDE944
S214031A100500CDE90300CDE9010094BF09AA6032B1
S214031A2000920DF12602042009F0EBFD0AB010BD6A
S214031A3081424FF000008CBF603209AA00928CBF2F
S214031A404CF6604148F66041CDE90500CDE9030058
S214031A50CDE90100014AE6E7005000206A50002065
S214031A6000B50E4B0022B3F85E308BB0ADF82430D1
S214031A704FF6FF73CDE90522CDE90322CDE9012216
S214031A8009AA00924FF400610DF126020720ADF873
S214031A90263009F0B6FD0BB05DF804FB00500020BD
S214031AA030B58BB08DF825301B0A8DF82630002311
S214031AB00D4991F85840CD6DB1F85C00CDE905337A
S214031AC0049307236031039308ABCDE90103009128
S214031AD04FF6FF734CF62041082008958DF82440F6
S214031AE009F08FFD0BB030BD0050002070B54FF6E7
S214031AF0FE76294C1D46B4F85E10B4F85C30B1424D
S214031B0094F85C00A2B04FEA132321D14FF440416E
S214031B106034ADF808108DF80B008DF80C3003CC4C
S214031B200DF11504CDF80D00CDF811102270120A30
S214031B306270002211461046A270E270ADF80620CD
S214031B4007F026FEADF8060090B9002022B070BD5F
S214031B504FF400448DF80D10090AADF808408DF8CF
S214031B600B008DF80C308DF80E100DF10F04DDE729
S214031B70043402A9621A012392B20DF10600F0F7AB
S214031B8079FB0028E1D1BDF806002A4601210BF0B7
S214031B90F3FDBDF80600D9E700500020202A10B553
S214031BA0144614D8012A04D10C88B4F5004418BF8F
S214031BB00124620030B10748E8F71AFA064B002002
S214031BC01C7010BD0548E8F713FA054BF7E721200C
S214031BD0F7E700BF32580020705F002072580020DD
S214031BE0715F00202DE9F047104617460CF03AFACD
S214031BF0DFF814A1DFF814919AF8003099F8002062
S214031C000546134302D10020BDE8F08710F4406870
S214031C1000F0400619D186BBB0F5804F5CD24FF476
S214031C20807400239AF80000344AD9B288425DD8FB
S214031C30002399F80000324AD9B28842E3D932F831
S214031C40021B0133A142F7D155E0F81C0CF00AFA47
S214031C504FF6FF73984214BF0124022486B105266B
S214031C6005F44043B3F5004F44F0080424D0B5F51B
S214031C70804F23D244F4807420E044460326EFE7E3
S214031C80B5F5804F4FF00506F4D3B8F5406F14BF93
S214031C9002200820304438440CF0E4F9194B05F4CC
S214031CA04045B3F85C3083420CBF44F0080444F06C
S214031CB00404B5F5004F01D144F08004B8F5006F75
S214031CC00ED1B8190CF0CEF90E4BB3F85E30834242
S214031CD0A7D144F01004A4E7444603260220D9E71C
S214031CE0B8F5406F08BF44F020049AE732F8021BA9
S214031CF00133A14299D1012086E700BF7258002024
S214031D003258002000500020715F0020705F0020D2
S214031D102DE9F04F104685B0164698460CF0A2F90A
S214031D205D4F00F00803B7F85C10044600F007099F
S214031D30F01C02930391B7F85EB00CF093F906F12A
S214031D40050A054650460CF08DF903464FF6FF701C
S214031D50854218D00399A1EB050CDCF1000545EB91
S214031D600C056D004FF6FF718B420ED145F004054E
S214031D700BF086FF029B6BB1B9F1000F11D0422026
S214031D8005B0BDE8F08F0125ECE79B4508BF45F09D
S214031D900805EDE7B9F1030FF1D8DFE809F0021BF8
S214031DA0795D0BF06DFF08B9A807E8D524F00804A1
S214031DB0A4B2B4F5004F05D0B4F5624F02D0B4F523
S214031DC0404FDCD10025294697F8A820002007F0CD
S214031DD0DFFC3CE0D7F88030E3B900213246084602
S214031DE0FFF700FFD8B948F6410224F038039BB248
S214031DF09342C4D10A2D49D0062DC0D197F8773027
S214031E00023B012BBBD8EEF7AFFF0028B7D140F655
S214031E10040505E04146304698470028DDD00825EE
S214031E20E20648BF45F08005A30648BF45F4805543
S214031E3005F00C03042BC6D1F01D0CF013F997F82C
S214031E40A8303246009341462B4607F076FC08B38B
S214031E500E9B1880002093E7A90705D14FF6FF7362
S214031E60B7F85C209A428AD104F44063B3F5006F56
S214031E700AD0B3F5406F82D1082250460749E8F7E7
S214031E80B1FB00287FF47BAF0C25C9E70425C7E721
S214031E90432075E7192073E70050002060500020A8
S214031EA0034B1A781AB1FF2A04BF00221A70704730
S214031EB0735F002070B5084C084E2378F55C1DB19F
S214031EC03E2107480BF0F0FFFF2223782846F25402
S214031ED00023237070BD00BF725F0020735F002075
S214031EE0247C0400034B044A1B78D05CFF3818BFDD
S214031EF001207047725F0020735F00200023074AAB
S214031F0007491360074A1360074A1360074A1160BC
S214031F100121074A1170074A1360704738510020A1
S214031F208DB703003451002030510020F4670020A1
S214031F3003690020405100200E2A70B50C46064661
S214031F401546194603D9FFF7D9FF502070BD01285F
S214031F5007D10020EEF722FFB0B1FFF7CFFF212015
S214031F60F4E780220021224B1A70224B1960224B81
S214031F701B684BB134200BF027FC204B188018B994
S214031F80FFF7BCFF0120E1E724F0FF6323F4FF2300
S214031F901BB1FFF7B3FF4F20D8E774B92046EEF71F
S214031FA017FF0124032510F0800F43B21BBF00F078
S214031FB01F039C409C4044F078440020104B24F0C0
S214031FC078441E700F4B10491D70104B1C60104B4D
S214031FD01870104B1A68EFF797FA18B1FFF78EFFD1
S214031FE00420B3E79DF810200B4B1A70AEE700BF32
S214031FF0745F00203C51002030510020B25800206E
S214032000795F0020775F0020FD2203004051002007
S214032010785F002038510020755F00207FB5244B81
S21403202000251A7801232348234903FA02F200788D
S2140320301A440A60ADF80E5020B3984236D11F4CAE
S2140320401F4B20781B680DF10E0198471D4EBDF8F7
S2140320500E20307092B11C4B29460093284602236B
S2140320600195EFF78BFA3278237822B1012A12BF53
S2140320701B230133DBB2237004B070BD013818BFD5
S2140320800120F0E778235A43013A0A6008220F49F1
S2140320900BF0E0FA0B49094A0978137821B10129B4
S2140320A012BF1B230133DBB21370E5E71846E3E7E1
S2140320B0775F0020795F002044510020785F00207E
S2140320C0F467002003690020392303000DDC0300B6
S2140320D0024B1868003818BF0120704730510020A3
S2140320E037B505461C460BF0CBFD68B974B1084BF3
S2140320F01A60084B0A461C600123294600930323F3
S214032100FFF71AFF03B030BD4D20FBE72520F9E7A4
S2140321102C5100203451002013B504460BF0B0FDBB
S21403212058B962B1074B1A6001230A460093214649
S2140321300323FFF701FF02B010BD4D20FBE7252068
S214032140F9E700BF305100202DE9F0410446DDE9F0
S21403215006861D469DF820700BF092FD88B99EB149
S214032160A2B10B4B01201A600A4B0A46C3F8008043
S214032170094B21461E602B460697BDE8F041FFF744
S214032180DBBE4D20BDE8F0812520FBE72120F9E7E3
S214032190F467002038510020345100200148EFF73F
S2140321A025BE00BFB25800202DE9F0410020EFF70E
S2140321B019F9114B114C1E68114B20881D68114BE1
S2140321C0114FD3F8008010B13978EFF7E9FF0020FC
S2140321D03870FFF793FEEFF723FC0EB14046B04787
S2140321E03DB12088A84700232380BDE8F0410BF0CB
S2140321F0D6BEBDE8F08100BF34510020B25800209F
S21403220030510020405100207A5F0020F8B52F4857
S214032210F0F7DCF82E4B187830BBEEF7D9FD2D4FD0
S21403222006463B6803B32C4B2C4D1C6824B195F92A
S21403223000301A461946A047294B1B6883B1294C20
S2140322402378312B0CD8284B18880BF049FA2378BF
S2140322505A1C22702A78C25423785A1C2270C654F9
S21403226080232B7000233B60204C23781A2B22D824
S2140322701F4A1278012A09D100211E4A156825FA39
S21403228003F0C007DAB20ED501B122700020EEF7D4
S2140322909FFD2178884212D10022174B1A70FFF750
S2140322A0BDFE40B9F8BD0133D8B21A284FF001017C
S2140322B0E5D90A442270BDE8F840FFF775BF002051
S2140322C0EEF798FD0028E7D0F5E700BFF867002093
S2140322D0795F00203C5100202C510020745F0020C1
S2140322E0305100207A5F0020B2580020785F00202B
S2140322F00369002040510020765F002008B50B4B91
S214032300187880B90221EEF737FD094B1B782BB1FD
S21403231000214FF6FF720846EEF710FDBDE80840B1
S2140323200448FFF773BF00210846ECE7795F0020F7
S214032330755F0020F867002038B5144B0C461D78EF
S214032340012D21D181B90846EEF742FD104A05FA60
S21403235000F013680F4923EA0003136020462A4659
S214032360BDE838400BF076B90B4A13780133DBB27D
S214032370022B137004D9BDE838400848FFF746BF60
S214032380FFF74CFE0028F6D138BD00BF795F00206A
S214032390405100200DDC0300765F0020F867002024
S2140323A038B50C4605460BF0B7F9A04203D82D21E5
S2140323B003480BF079FD28460BF092F9204438BD0C
S2140323C0387C040070B506460D460BF089F90446C2
S2140323D048B130460BF0A0F9A84203D8352102488D
S2140323E00BF062FD605D70BD387C040070B50C4672
S2140323F0064615460BF090F9A04203D83E21044842
S2140324000BF052FD30460BF06BF900B1055570BD6D
S214032410387C04002DE9F0431E46574B8FB01B78DB
S2140324200746033B012B0C4615469DF8588007D8F4
S214032430F4F718FA20B1F0F71DF908B144F4005484
S2140324404E4B1B7813B924F40074A4B2200509D5A7
S21403245046B9284604A9F0F70DFD002846D024F413
S2140324600064A4B2ADF81840ADF81A5007F052FB5A
S214032470434BADF81C00B8F1000F02D01A78424562
S21403248001D293F800803F4AE105137848BF0DF167
S214032490210103F10103DBB2137058BF08A922051B
S2140324A08DF81E808DF81F3006D53368083141F845
S2140324B0083C736841F8043CE30407D5324A083104
S2140324C0136841F8083C536841F8043C0DF11808BA
S2140324D0A1EB08005FFA80F9002148460BF074F977
S2140324E0064628B900200FB0BDE8F08304AEB9E76E
S2140324F00BF0F6F841464A46E7F7B8FE30460BF0CF
S2140325000BF9804630460BF0EBF8002302460093A7
S2140325104FF6FF7004235FFA88F107F00EF9ADF863
S2140325200E000028DED040F201131C421AD14FF6EB
S214032530F7739D4216D80BF0EFF80DF10E01044623
S214032540284600F0B5FDBDF80E000BF0E5F8E4B242
S214032550A04207D9BDF80E0007F03CF9437843F0D4
S21403256004034370BDF80E003A4601210BF004F94C
S214032570BDF80E00B7E700BF9E5E0020995E002000
S214032580B56800209B5E0020205F0020F0B5082978
S214032590D58889B028D00C2926D0AE0424D405F0DB
S2140325A040030B43424C267816B105F02004234320
S2140325B02FB2002FB8BF43F08003032920D1122384
S2140325C0AC068DF80430937A10D48DF805300DF1EF
S2140325D0060401A9621A012392B2EFF74BFEB0FA82
S2140325E080F0400909B0F0BD0B46DBE732228DF8D8
S2140325F005308DF80420002EE9D00DF11304E8E72A
S2140326000C298DF804300ABF138953798DF80530E9
S214032610548805BF1B0A8DF806308DF805300DF17A
S214032620070318BF0DF106031C70240A5C70148898
S21403263002399C70240ADC70147901291C7111D8A4
S214032640917A002F597131DA022112899971DA7160
S214032650120A03F109041A72002EBAD0AB06B8D5D3
S2140326600534B6E7A9071AD4002F0CDA117A51B14C
S214032670917A59711189127A03F1080492B10222F0
S2140326809A71D971E8E70B4C217801F1010C84F8B3
S21403269000C091729C1D002F5971DDDAEAE7917A2A
S2140326A09C1DF8E70122090A9A71EAE79C1DD3E705
S2140326B0995E00209A5E0020014B1880704700BF89
S2140326C0B4580020014B1888704700BFB458002048
S2140326D02DE9F84307460BF0E0FB05461B480BF0D5
S2140326E053FD1B4B60B31C683C1B2C44A4B2002256
S2140326F0184BDFF868901B78174D03EB830399F8A4
S214032700006005EB43055FFA82F846450AD9AB88B5
S21403271005F10A00A34216D90A23B21A29465A43D8
S214032720E7F766FC013689F80060AC80B8F1000F65
S21403273003D1394605480BF0BFF82846BDE8F883B1
S2140327403C461D60D3E705460132DCE718680020E7
S214032750485100207B5F0020565500207C5F0020F8
S2140327601FB5154A154C1378013BDBB2137061682D
S214032770206801AA03C221891180114A1278D2184F
S21403278005D00A2320465A43E118E7F731FC9DF8A3
S21403279006301B070DD0BDF80C00FFF799FF034664
S2140327A08288ADF8082001AA03CA12881860596007
S2140327B01A8104B010BD00BF7B5F00205655002071
S2140327C07C5F0020002108B5084B09481970094BA7
S2140327D01970094B1A7802EB82025200E7F7B6FB30
S2140327E0BDE808400548EFF7F1BD00BF7C5F002059
S2140327F0565500207B5F0020C16800201868002023
S214032800F8B50024084D094F094E3B783178E2B2FB
S2140328100B449A4204F1010400DBF8BD2846EFF7A7
S214032820E5FA0A35F1E700BF565500207C5F002025
S2140328307B5F0020F8B516460C4B0D4A1B781278C2
S214032840074613440B4A0D46127893420CD0304683
S214032850FFF73EFF013506810780857004460BF0BF
S21403286017FBE0800120F8BD0020FCE77B5F00201B
S2140328707C5F0020C168002010B5064C207828B184
S2140328800548F5F799FD10B1034B188810BDFFF7FF
S21403289067FFF3E77B5F00205655002008B50A4A1A
S2140328A00346107860B1094A1088984209D121B9C5
S2140328B09378103323F00F039370FFF751FF012033
S2140328C008BD0020FCE700BF7B5F002056550020B4
S2140328D02DE9F74F00260BF0E0FADFF8F890B24642
S2140328E099F80070B3463A46DFF8EC801FFA80FE8C
S2140328F0B8F800C0344CAEEB0C039BB201932378BC
S214032900324D009303EB830305EB4303ACEB0E0C52
S2140329105FFA86FEBE4515D3BAF1000F01D0009BC1
S2140329202370BA422AD3002F37D00A222378C8F856
S214032930000002FB03532648998803B0BDE8F04F16
S2140329400AF0BABFB3F804E001998E4512D84FF0E7
S214032950010A009993F802E001310EF1FF3EC9B275
S214032960013AA3F804B083F802E00091D2B20A3326
S2140329700136CDE7E644A3F804E0F8E789F800203B
S2140329804AB10A222378C8F8000002FB0353104812
S21403299099880AF091FF237813B903B0BDE8F08F46
S2140329A0FFF76AFF06460028F5D006F034FE014618
S2140329B0304607F0E4FC20B100212888FFF76EFFBD
S2140329C0E9E740F60241F8E77B5F00205655002012
S2140329D0186800207C5F0020485100202DE9F04154
S2140329E092F808801F4608F1FF33DBB2EF2B05464B
S2140329F00E46144688B00BD982238DF80E30314626
S214032A0028469DF80E30204AFBF774FA012037E07B
S214032A100E22002104A8E7F799FAB4F809308DF8D6
S214032A201180ADF81230E37A03F07F02032A08D050
S214032A30012B24D103238DF81030A389ADF815306C
S214032A400EE0032B14BF022301238DF81030E36836
S214032A50CDF815302369CDF81930237D8DF8143061
S214032A60A7F121014A420DF10E034A410093214684
S214032A700DF10F0304A8FAF793FD0028BFD1002039
S214032A8008B0BDE8F08100BFD03204002DE9F04F56
S214032A9000241D7895B0CDE9020104922346224610
S214032AA00120CDE90054404908F06CFFADF81E0044
S214032AB0F8B1A346264627460DF120090DF1380A3C
S214032AC0E4F7B6F95FFA84F8404516D83A46022189
S214032AD0BDF81E00FFF78AFC32460421BDF81E002F
S214032AE0FFF784FCDDE903100022BDF81E30FBF778
S214032AF001FA012015B0BDE8F08F4A4640460AA900
S214032B00FAF740FD9DF8282022B12DB1013DEDB224
S214032B100137FFB20134D3E7BBF1000FF8D199E8D0
S214032B2003009DF829308AE803008DF84030BDF88D
S214032B302A30032A8DF841304FEA13238DF84230AA
S214032B4017BF032301238DF843309DF82C30DDF89F
S214032B503110DDF82D0014BF8DF84C308DF843305E
S214032B6011AB03C302980CBF4FF00E084FF01508C5
S214032B7008F0CFF80590BDF81E000AF0CDFD0599C4
S214032B8000EB080399420BDB0123424651460DF145
S214032B901E00EFF76FFB0028ABD10136F6B2B7E79E
S214032BA04FF0010BB4E700BF0D7C040038B50546B3
S214032BB00D4B0E481C88EFF7F5FB012D0CD10C4B83
S214032BC01C88FA21614358B1884209D28408012C33
S214032BD0204638BF012038BD022D08BF0224F0E787
S214032BE002480AF069FEF2E7525500204C410020E5
S214032BF050550020012208B5054B06481A700021DF
S214032C000AF05AFEBDE808400020FFF7CFBF00BF1A
S214032C106A5E00204C4100201E4B73B51A8802F1F1
S214032C2008039BB2012B02D81B4B1B7823B902B0B7
S214032C30BDE87040EFF7CABB0024184B184D1C7054
S214032C40184B1C702B787BB14FF6FC73164E009313
S214032C50224623462146308808F099FA4FF6FD733C
S214032C602C70338001200FE0104B10461978F4F7D0
S214032C7019FF0028F6D10C4B1A884FF6FD739A42BB
S214032C80F0D0012302202B7002B0BDE87040FFF79E
S214032C908DBF00BF545500206A5E00206D5E002085
S214032CA06B5E00206C5E00204E5500206E5E00209A
S214032CB0012808B50AD002280CD020B9084B187092
S214032CC00848EFF783FB4FF0FF3008BDBDE8084028
S214032CD0FFF790BF0020BDE80840FFF767BF00BFBF
S214032CE06A5E00204C41002002280CD859B1064ADF
S214032CF013780133DBB21370044A12789A4202D86F
S214032D000220FFF7D5BF70476C5E00206F5E002081
S214032D1038B5A0F61343012B04460D4615D80E4AC4
S214032D2013780133DBB213700C4A12789A420CD82C
S214032D304FF6FD720A4B00201988914201BF00220C
S214032D401D80084B1A70FFF731FF29462046BDE861
S214032D50384004F071BE00BF6D5E0020705E002038
S214032D604E5500206B5E002000234FF6FD71054A8A
S214032D701370054A1370054A1180054A1370054AF5
S214032D80137070476D5E00206C5E00204E55002069
S214032D906B5E00206A5E002030B5094B02461B7846
S214032DA033B1084B084C19780023D8B2884201D3B4
S214032DB0FF2004E0013334F823509542F5D130BDAB
S214032DC0C0680020725E00202E5500200022FF21DE
S214032DD0044B05481A70054B1970054B1A78920078
S214032DE0E7F7B4B8725E002032550020715E00200B
S214032DF0C0680020F7B58DF807100DF107010446EB
S214032E0002F0BCFD234B1D78002D41D02046FFF772
S214032E10C3FF214EFF283178204B05D1204A107876
S214032E2085422DD9451C1570884219D01C4A1B4D66
S214032E3092F800C00022D7B2BC450CD92F4697F8AB
S214032E4003E00132864505F10405F4D102B203EB33
S214032E508202D278FA7002B203EB8202D17030702B
S214032E6002B203EB820123F82240FF228A709DF808
S214032E700720FF2A02D003EB8203987003B0F0BD4D
S214032E800A46104603EB8202D278FF2AF9D1CBE733
S214032E90FF20F3E7C0680020715E00203255002053
S214032EA0725E00202DE9F843FFF776FFFF280446FD
S214032EB069D04FF6FF72354F03B2DFF8DC80344E2D
S214032EC027F8232098F80050A54202D10020BDE839
S214032ED0F883337820B28100A34207EB800090F892
S214032EE003E010D00023294A5FFA83F94D45944640
S214032EF006D99CF803900133A14502F10402F3D1ED
S214032F008CF803E001E086F800E0013DEDB22A1BF1
S214032F10D2B2043192003944E7F76AF888F80050D1
S214032F203378FF2B04D0A34224BF03F1FF3333705F
S214032F3000214FF6FF70154BCAB2AA420CD30023EA
S214032F404FF6FF71134ADCB2AC42BBD2013332F800
S214032F5023008842F7D1B5E79A78A2420BD11880AE
S214032F60DA78FF2A04D0A24224BF02F1FF32DA70D5
S214032F7001310433E0E7FF2AF2D0A24224BF02F174
S214032F80FF329A70ECE72D20A1E700BF32550020F0
S214032F90715E00202E550020725E0020F8B51C4B93
S214032FA005461B78084673B3FFF7F6FEFF2804466C
S214032FB029D02846FFF7F0FEFF2806D0154B164EFD
S214032FC01A780023D9B2914218D3FF212846FFF777
S214032FD011FFFF28014616D00546104F23B207EB14
S214032FE0830237F823009678FFF704FFA84208BF4A
S214032FF0FF25FF2E214608D12846F8BD013316F8D3
S21403300023108142DED1FF25F6E73446E6E700BF0C
S214033010C0680020725E0020305500203255002024
S2140330202DE9F04180460E461F46002386B001A8D0
S21403303014469DF830508DF80330FCF74BF8ADF886
S21403304004802EB13368CDF806307368CDF80A30A5
S21403305038460AF045FB0DF103034219214601A841
S21403306004F0F6FC9DF8033093B931464046E4F786
S21403307001F90E4B1B785BB10B2C09D8FF21404698
S214033080FFF7B8FE064605EB4404E4B2A54202D1B8
S21403309006B0BDE8F0812946384608F016FC3146EE
S2140330A0FFF7A8FE02350646EDB2EFE7C06800203C
S2140330B000232DE9F3470DF107028DF80730044688
S2140330C00E4602F046FC9DF80730054663B92046D7
S2140330D0FFF762FE04465EB130880AF01DFB5FFA16
S2140330E080F8FF2C45D10025284602B0BDE8F087BE
S2140330F0B046F6E701320C2AF5D02DB207EB85056C
S214033100AD78FF2DF6D112F0FF0AECD04FEA4A0550
S2140331100235EDB2002EE7D0304605EB080108F085
S21403312099FB0028DFD1524641463088FFF75EF907
S2140331300AF1FF3208F1010108F102093088D2B220
S214033140C9B25FFA89F9FFF751F924B207EB840491
S214033150A478FF2CC8D023B2494637F823203088FA
S21403316008F0C3FB0028BED109F102095FFA89F90A
S214033170EBE725460022014FBFE700BF325500208C
S214033180FF2818BF064B10B51BBF03EB800433F8AC
S21403319020302D200B801EBFA3780020137010BD97
S2140331A03255002008B5D2F7F9FAD2F71DF800F029
S2140331B08CF9D3F70DF8BDE80840D1F7C7BD38B58D
S2140331C0044690F844108378826CCB1A59425941CE
S2140331D0D1F744FEE37893B1257985B900F00DF96C
S2140331E00346A268218A04F11C009C1A8C4236BF4F
S2140331F052182946D11ABDE8384000F0F5B838BD54
S21403320009B1D2F73BBBD2F749BB38B5838804462E
S21403321003B3E3780088A17804F10C05A3B1002377
S214033220B1FA81F1E3704909FFF7EAFF4FF6FF723F
S214033230A388218993421CBF03F1FF33A38028464A
S214033240BDE8384000F0D0B80123E370FFF7D8FF9D
S214033250E188F4E738BD10B5044681780088FFF7A7
S214033260CFFF0123E3700023A38010BD10B5817840
S2140332700446B1FA81F100884909FFF7C1FF00232C
S214033280E370A38010BDFFF7F1BF70B50446054693
S21403329000262B4655F8040B10B11B1B0C2B00DD28
S2140332A070BD237C8680002BF3D0637C13B1FFF7BD
S2140332B0D2FFEEE7FFF7DAFFEBE7FFF7E6BF70B5FF
S2140332C0044605464FF6FF762B4655F8040B10B119
S2140332D01B1B0C2B00DD70BD8388B342F4D04FF468
S2140332E0FA724FF6FF731146D1F708FEECE709B101
S2140332F0D2F7C4BAD2F7D2BA10B50446C0600830C3
S214033300D2F7B6FB21792088B1FA81F14909FFF794
S214033310EEFFA37943B121796088B1FA81F1BDE864
S21403332010404909FFF7E3BF10BD00F053B803464A
S214033330184613F8012B8A4201D0002AF8D17047A9
S21403334010B53B2104460068FFF7F1FF0022034651
S21403335003F8012B2068236010BD10B540B1421E50
S2140333600A24002012F8013F303BD9B2092900D9BC
S21403337010BD04FB0030F5E708B500F028F850F858
S2140333800C3C23B150F8041C30F80E0C1847704759
S214033390084619B1FF21103002F0D8B970470078FB
S2140333A000F0DF03552B07D0642807D0663818BF14
S2140333B04FF0FF30C0B270470120704703207047BC
S2140333C018B12D280CBF012002207047704708B59E
S2140333D001F0AEFD08B500F06DF8BDE8084004F056
S2140333E0FDBA50E9023018470A460830FF2102F0BA
S2140333F0A4B9FF21083002F0B1B908B50AF0ACFD54
S214033400BDE8084009F020BA2DE9F041044600273C
S2140334104FF00C0E8F4202DB0020BDE8F0812078CF
S214033420904204D1002594F80780454502DB013716
S2140334300C34EFE70EFB05F6D4F808C00CEB0600D9
S2140334403CF806609E42E8D00135EEE7F0B585B05D
S21403345005460E461746D2F74BFB0446A0B1314647
S2140334602846D2F713FB83783A46002BA3683146E7
S2140334700293A378284601934FF0000300930CBFF2
S21403348080234023E0F70AF905B0F0BD08B512889B
S214033490D2F72EFB50B10279BDF80C309A4207D80A
S2140334A081680298E6F7A4FD002008BD8620FCE7A5
S2140334B08920FAE7002004F015BB08B504F082FB68
S2140334C0002814BF0320002008BD704708B502F08B
S2140334D019F8FFF767FED2F797FC642003F0CBFEDC
S2140334E0642003F0C7FE02F00FF8D1F75BFC08F088
S2140334F005FEF8E7F8B5D0E90176437B04460D46AA
S21403350013B133463E461F46FFF777FF012D20646F
S21403351038460ED1D1F75AFD3046D1F77BFD2573D9
S21403352060784FF47F42BDE8F8404FF48171FFF7AF
S2140335308DBF022D05D1D1F76DFD3046D1F746FD7F
S214033540EDE7D1F767FD3046D1F764FD0025E6E7E2
S21403355038B5037B04468B420D4607D190F84430BA
S2140335605BB3BDE838404830FFF743BFFFF745FF7E
S214033570216C431AC72B0CD80123C83184F8455055
S21403358084F84430091A04F14800BDE83840FFF7D0
S2140335902BBF0DB1237B2BB929462046BDE8384007
S2140335A0FFF7A8BF00212046FFF7A4FF0123C82189
S2140335B084F8455084F84430E5E738BD90F8451064
S2140335C0FFF7C6BF0121FFF7C3BF0221FFF7C0BF46
S2140335D00021FFF7BDBF4FF60173994210B50446AD
S2140335E002D10021FFF7B4FF2046BDE81040D2F712
S2140335F025BD10B50446806BD8B1E278022A04D004
S214033600636B5B7972B984F83C3094F83C306BB1E9
S214033610FFF721FE60784FF60272BDE810400621E0
S214033620FFF714BFB3FA83F35B09ECE7FFF71EFE5D
S214033630F0E710BD10B50446406BD1F7C7FC204633
S214033640BDE81040FFF7D5BF10B50446406BD1F771
S214033650E1FC2046BDE81040FFF7CBBF10B504469B
S214033660406BD1F7FDFC2046BDE81040FFF7C1BF15
S21403367010B50446002206214078FFF7E7FEA3783C
S214033680022B01D0FF2B04D12046BDE81040D2F711
S214033690F3BD10BD4FF60273994210B5044601D12F
S2140336A0FFF7A7FFE378022B02D02046FFF7A1FF20
S2140336B02046BDE81040D2F7DFBD092901D9FFF740
S2140336C089BE7047022307B5019300F16C0300938C
S2140336D05522212312214078D2F760FB03B05DF810
S2140336E004FB10B58278044603797AB90BB1D2F796
S2140336F073FE2046D2F79CFE03236078A4F86C3052
S2140337005522BDE810401221FFF7A0BE012B01D1C0
S214033710D2F762FEA379012B02D12046D2F788FEA8
S21403372001232046A4F86C30BDE81040FFF7CABF5B
S21403373010B58378044683B903790BB1D2F762FEDA
S2140337402046D2F7B9FE04236078A4F86C305522DD
S214033750BDE810401221FFF779BEB0F86C30022B9B
S21403376012D00379032B01D1D2F736FEA379032BAC
S21403377002D12046D2F75CFE00232046A4F86C3024
S214033780BDE81040FFF79EBFD2F7D6FEF4E7827877
S21403379083685AB9DB78002B14BF03230423A0F8ED
S2140337A06C30552212214078FFF750BE1A7922B9A1
S2140337B0DB78003B18BF0123F1E70223EFE77FB571
S2140337C000239E6A0446B6F5804F0D460CD201A828
S2140337D0D3F758F8039B5B0506D529462046336C7A
S2140337E004B0BDE87040184704B070BD00239B6A60
S2140337F0B3F5804F05D21B6BB3F5804F01D29B68A0
S21403380018474FF4817070471FB500239A6AB2F5C4
S214033810804F04D340F2011005B05DF804FB126B31
S214033820B2F5804FF6D2012201A8CDE902338DF816
S2140338300420D3F727F8039BDB03EBD5029B1A0E72
S214033840E8D0012A03D1C3F307430A2BE2D90023A6
S2140338509B6A1B6B1B6C9847DEE708B50AF03CFDBA
S214033860B0FA80F0400908BD134610B542B10343D1
S2140338709B0707D10AF034FDB0FA80F0400910BD6B
S2140338800120FCE70020FAE7002303607047036883
S2140338900B600160704710B538B132B129B100230F
S2140338A00139D45C14B90023037010BD8B42FAD2DD
S2140338B000F8014B0133F4E7034638B10020814298
S2140338C004D01A5C02B970470130F8E770474FF02E
S2140338D0FF31FFF7F1BF70B50C461646054660B1DB
S2140338E05AB151B1FFF7F3FF844206D9211A324683
S2140338F02844BDE87040FFF7CEBF70BDFEE7FEE785
S21403390000239A4200D1704710B550F8234041F87F
S214033910234001339A42F8D110BDD3F713BC436951
S214033920426CD91C143AB1FBF2F103EBC10003302D
S214033930B0FBF2F00230704738B505460C46FFF789
S214033940EEFF6A6CE31D143AB3FBF2F3013304EBA8
S214033950C30402FB004038BD38B50546446921461A
S214033960FFF7EAFF6A6CE31D143AB3FBF2F3013385
S21403397004EBC304204438BDF7B507460E460025BE
S2140339807C6CA819644280EA06031C4003D02C46CC
S214033990204603B0F0BDFB6B01225B6901A9984783
S2140339A0019B0133F4D10435EAE770B505460C46AE
S2140339B0D5F79EF9EB6B2046BDE87040DB681847E9
S2140339C070B50025044686B00562E369AB4202D8AB
S2140339D0206A06B070BD666C2068E36B05225B69DF
S2140339E001A906FB0500984701A800F023FC00F098
S2140339F046FC10B1236A013323620135E5E738B587
S214033A000446456C006804F1400305FB0101E06BC6
S214033A1000F042FC05462046FFF7D2FF284638BD95
S214033A20F0B50546002687B0EC69013CB44203D8DE
S214033A300C46204607B0F0BD01B14C1E6F6C2868DB
S214033A40EB6B05225B6901A907FB0400984701A8F5
S214033A5000F0F0FB00F013FC0028EAD12146013603
S214033A60E2E7F0B504460D46466CE36B006887B0A4
S214033A7005225B6901A906FB0500984701A800F02B
S214033A80D9FB00F0FCFB20B101A800F0AAFB07B0AD
S214033A90F0BD29462046FFF7C3FF0646676C20683D
S214033AA0E36B05225B6901A907FB0600984701A89B
S214033AB000F097FB431CEAD0B54238BF0130E6E777
S214033AC02DE9F0434FF6FF79D0F8248004460E46DE
S214033AD0C84514BF45460025002787B0E369BB42A7
S214033AE002D807B0BDE8F083E26B2368606CD2F8B7
S214033AF014C000FB0530052201A9E04701A800F029
S214033B0099FB022806D0C8450CD1721C29462046CC
S214033B10FFF775FFE3690135B5FBF3F2013703FBE6
S214033B201255DBE729462046FFF79BFFB0F1FF3F20
S214033B3014BF024632460132E8E70368F0B5CC1AF2
S214033B40436C0646B4FBF3F4002587B0F369376885
S214033B505A1E9542706C08D3706C336800FB0430B1
S214033B6007B0BDE8F04000F095BB0134B4FBF3F2B8
S214033B7003FB1244F36B05225B6901A900FB047087
S214033B80984701A800F056FB00F079FB0028E3D124
S214033B900135DBE710B423F0030422449B070A44F1
S214033BA0436C18BF04325B4281EA0204234203D00B
S214033BB05DF8044BFFF7C1BF10465DF8044B704732
S214033BC02DE9F041D0E90A369E42044686B028D154
S214033BD01422C369456802FB1355284606B0BDE8A0
S214033BE0F0812068676C331AB3FBF7F3E26B07FBCD
S214033BF00300D2F8148001A90522C04701A800F0EB
S214033C0019FB012804D0636C1D44013B3340ED1AB5
S214033C1031462046FFF791FF0646A36AB342E0D13A
S214033C20DBE70025F9E708B508301346D1E90012AB
S214033C30D4F7E4FF012008BD13B50C460021217616
S214033C400093616813462246D3F7D2FB18B1E37D8F
S214033C5003B1A07EA075A07D02B010BD73B5164655
S214033C6000F108050C46284609680DF1070200F026
S214033C7098F9032E06D16368834203D12846216848
S214033C8000F076F9012002B070BDD01E009B4242C0
S214033C904241187E824211D11A688A420ED85A6867
S214033CA08A420BD35A6901325A61D3E9030282422C
S214033CB03FBF986840F8221001321A61012070470E
S214033CC010B5032A029C07D1A26A5340626C524283
S214033CD0134201D100F04CF9012010BD08B5C368AA
S214033CE000209847BDE80840D5F70AB8012814BF56
S214033CF00420022070B5002442431C70CC7D101DA6
S214033D0002F002024CB91AB1012220F003001A7025
S214033D1000F108034868184470BD1AB1012220F068
S214033D2003001A7000230C7E01F12005DAB2A242CA
S214033D3001D30020F0E735F833205E1C824206D913
S214033D4001EBC30300F10802D8691044E4E73346E5
S214033D50801AEBE773B5054690F842601C4630467A
S214033D600DF10303FFF7C2FFEB6B012E5B690DD169
S214033D70324601A998479DF8033013B1BDF80630C3
S214033D800193BDF80430236002B070BD01222146C2
S214033D9002B0BDE870401847F0B5054600244868F1
S214033DA0EB6B87B00E4601225B69029402A90830CA
S214033DB09847274695F84230012B40F0AC80632C99
S214033DC000F2AB80612C08D805AB22463146284664
S214033DD0FFF7C0FF9DF814305BB305AB22463146B0
S214033DE028468DF81070FFF7B5FF95F84230012B83
S214033DF0059B7FD14FF6FF72934256D0082205A942
S214033E0004A800F063FA059B9DF81010C3F307227D
S214033E1091424AD1DBB2029A1A44029245E0DCD0C0
S214033E2005AB224631462846FFF794FFBDF814300B
S214033E30D2E795F84230012B39D1612C2ED8224691
S214033E403146284603ABFFF785FF3146284604ABC9
S214033E50621CFFF77FFF3146284605ABA21CFFF71F
S214033E6079FF102208230DEB02010DF107008DF8F0
S214033E70073000F02BFA102205A90DF1070000F019
S214033E8025FA039BDAB24AB99DF80720B2EB132F43
S214033E9004D1DDE9043203EB0243029395F8423082
S214033EA0012B14BF012302231C44013482E7302C68
S214033EB0F4D822463146284603ABFFF74BFF31467C
S214033EC0284604AB621CFFF745FF102320220DEBA8
S214033ED003010DF107008DF8073000F0F7F9039B97
S214033EE09AB2002ADAD19DF80720B2EB134FD5D148
S214033EF0049BD2E70133D8D0102205A90DEB0200AC
S214033F0000F0E4F9059B9DF81010C3F307429142B5
S214033F10CBD19BB27FE7312C81D9029807B0F0BD95
S214033F2013B500240194049C0094D3F73DFF02B01C
S214033F3010BD13B501240194049C0094D3F734FFF9
S214033F4002B010BD00234FF0FF3230B544689C42E8
S214033F5002D10023037230BD016801EBC30541F8AB
S214033F6033206A600133F2E7C0E90012FFF7EABFC5
S214033F700023F0B545689D4210D00468DF0054F86E
S214033F80332004EBC306B2F1FF3F08D0C2F313029B
S214033F90914204D14FF0FF33E3517360F0BD013318
S214033FA0E9E70023F0B545689D4202D14FF0FF30A4
S214033FB00EE00468DE0054F83340671C09D0C4F3EF
S214033FC01307B94205D1240D1470036833445868A7
S214033FD0F0BD0133E8E7704770B594002246054606
S214033FE00E460AF07DF9431C0AD058B922463146DC
S214033FF02846E6F7F7FA002814BF3D20002070BDD8
S2140340006E20FCE77120FAE713B5044601A8D5F73E
S21403401071FC9DF8063023804FF480736380D5F7D8
S21403402077FC6060002002B010BDD5F7E7BB08B58B
S214034030D5F7D8FB002008BD10B5044644EA0103B3
S21403404013F00303084609D1934201D1002010BDA3
S21403405054F8231040F823100133F5E72146920065
S214034060E6F704F9F2E710B504460AF035F9431CFF
S21403407010D088B9D5F74CFC234620F00300204423
S214034080984201D1002010BD53F8042B0132F7D01B
S2140340903E20F8E76E20F6E77120F4E7704713B585
S2140340A00023044601461B220DF107008DF8073056
S2140340B000F00CF922689DF80730B3EBD26F0CBF03
S2140340C00120002002B010BD13B5002304460146AC
S2140340D020220DF107008DF8073000F0F7F80DF1F8
S2140340E007001A22211D00F0F1F862689DF80730D8
S2140340F0B3EB926F0CBF0120002002B010BD006826
S214034100431C584258417047006810F07E0F0CBF9E
S214034110C0F3C160002070470068C0F3D310704737
S214034120006800F07F0001288CBF00200120704744
S214034130036813F07E0F14BF04200820704703683B
S21403414013F07E0F03D1406820F07C40704713F0D5
S21403415078001CBF03F07F03D81F7047006800F089
S2140341607F007047032809D0022803D1C1F102015A
S214034170C8B2704700290CBF07200020704737B528
S214034180054601F10C044369694601222046984717
S214034190BDF80030012201932046AB6901A9984778
S2140341A003B030BD37B501F10C04436901226946FB
S2140341B00546204698474FF6FF72009B99B29142F8
S2140341C00DD16FF30F0343F4254343F0A503019387
S2140341D001222046AB6901A9984703B030BD0020F1
S2140341E0FBE737B5044600251B22011D0DF107002A
S2140341F08DF8075000F06AF860689DF80720B2EB68
S214034200D06F03D120F0784003B030BD0DF1070026
S2140342101B2204F108018DF8075000F057F8A06838
S2140342209DF80730B3EBD06F01D1C043EAE74FF0F8
S214034230FF30E9E74BF29A22036810B5B2EB134F4F
S214034240044613D19BB2012B13D1FFF7CAFF0130EB
S2140342500CD04FF6FF72E068B2EB104F4FEA1043F4
S21403426009D180B2C01A18BF012010BD23680133DC
S21403427003D00420F9E70220F7E70320F5E7012837
S2140342808CBF002001207047033801288CBF002014
S21403429001207047143070472DE9F04105469846D3
S2140342A0036908460E4617469847044638B94346F8
S2140342B03A4631462846D4F793FD044618B13146AC
S2140342C02846FFF75CFF2046BDE8F0811F2A0B68EF
S2140342D09EBF4FF0FF3191408B43590801F0553193
S2140342E05B1A03F033319B0803F033330B44017836
S2140342F003EB13130A444FF0013103F00F334B4320
S214034300A2EB13620270704708B507F09FFDBDE885
S21403431008400021D4F76EBE02210320D5F768B803
S21403432070477047704770474FF050234FF4003282
S2140343301A6770474FF0B0435A6812B19A6A002A58
S214034340FAD1704770B5054614460E4609F0ADFC23
S2140343502B685C4034405C402C60BDE8704009F03C
S2140343609FBC0122417803788A4030214B4342F2B6
S214034370100103F1A04303F570335A50704721FA36
S21403438000F2D20730B5034600F0FC040FD5002236
S2140343900132D2B2042A02D14FF0FF3008E083186C
S2140343A003F00303234421FA03F5ED07F0D418467C
S2140343B030BD002070470020704700207047002063
S2140343C0704701207047012070470F207047E6F7BB
S2140343D023BE002307B5CDE90033012369464FF01A
S2140343E0FF308DF8023004F0CBFB03B05DF804FB1E
S2140343F00020704710B508B9212010BD0029FBD056
S214034400036813F0704205D1C3F30E030B607BB150
S2140344100020F2E703F05044B4F1004F05D0B2F1A8
S214034420304F02D0B2F1404FE6D103F07F03EDE701
S2140344304368002BE0D00B60EAE737B50C46054629
S21403444010B9212003B030BD0029FAD0002301A9FA
S2140344500193FFF7CFFF0028F4D12968019A11F0E2
S214034460704102F1030222F0030201D12260E9E760
S214034470AD68B1F1004FC5F38033C5F3403504D1C1
S21403448003EB450353432360DCE7B1F1204F01D12F
S2140344902B44F7E7B1F1304FFAD0B1F1404FF7D0E4
S2140344A0CFE737B50C460546002800F0878000297D
S2140344B000F0848000230B60036803F070430B60F6
S2140344C0C26822B1032A79D143F080630B60AB68DC
S2140344D09A0149D403F08073EA680AB9002B6DD1B8
S2140344E0226822F0407213432360EA68032A05D148
S2140344F02A69F62A62D962F317432360AB681B0462
S21403450042BF236843F400432360EB68032B1FBFBB
S21403451023682A6862F30E0323602B68AA68002BBD
S2140345202ADB12F4C84F49D12B6803F0704303F11A
S2140345300043B3F1804F05D2530542BF236843F4CB
S214034540806323600023284601A90193FFF752FFE7
S21403455040B92B6813F070421FD12368019A62F3A7
S2140345600E03236003B030BD03F04073B3F1407F06
S21403457018BF4FF00073AFE7500402F4005105D4A0
S214034580E1B1236843F400532360CDE7236843F483
S214034590804323600029C7D0F3E703F05043B3F109
S2140345A0004F05D0B2F1304F02D0B2F1404F05D1E3
S2140345B0019B5A1E236862F30603D2E72120D1E744
S2140345C038B131B101234B604FF0005300208B60AC
S2140345D070472120704737B50C46054608B9212099
S2140345E016E00029FBD001234B60C368A3B901A9D9
S2140345F00193FFF722FF58B9019B6A699A4209D3D0
S2140346002A69002AEBD0226043F000530020A360FF
S21403461003B030BD1D20FBE7032BE0D10023F5E7F5
S214034620436813B9416070475B685A68012AFBD137
S21403463059607047FFF7DCBE08B5FFF7D9FE0028C0
S21403464014BF6FF09200002008BD1346428870B571
S2140346500732072A0C464FEAD20101D0A14222D1E3
S21403466046680588202218460021E5F76FFC360ABF
S2140346700346DEB9BCB141F20102954205D0B5F559
S214034680885F02D0B5F5905F02D100205C6070BDF4
S214034690B5F5105F0DD1182C03D0202C01D0102CAB
S2140346A001D11C60F1E76FF08600F0E76FF08B0036
S2140346B0EDE76FF08500EAE7F0B51C46436806466B
S2140346C01B0A0F46154689B035D122462946FFF701
S2140346D0BCFF68B9EB1C23F00303C4E9030763615B
S2140346E045B9202200212046E5F730FC6FF086000E
S2140346F009B0F0BD014620226846E5F727FC6A4666
S21403470029463046FFF7A1FF0028EAD12368009A1E
S2140347109A42E6D16368019A9A42E2D1A368029A62
S2140347209A42DED1A369069A9A42DAD1E369079AD6
S2140347309A42DDD0D5E76FF08B00D9E7D5F722BCD8
S214034740D5F73CBD70470020704700207047C3680C
S2140347501944836853F8210030F8023B136070470E
S214034760012310B580F888300378044653B100F06F
S21403477061FA21462046D5F713FE2046BDE81040D1
S21403478000F04DBA10BD38B50D460446D5F7F0FD1A
S2140347906B682046C4F8B032A96800F096F94FF06B
S2140347A0FF332046C4F8B432FFF7CDFF38BDD0F848
S2140347B0B43210B50133044601D0002010BD00F01A
S2140347C0BCFAC4F8B4020130F7D194F8B80280F00A
S2140347D00100F3E708B5D5F707FE08BD0A780138E8
S2140347E02D2A0ABF012200228918D5F759BE0728A9
S2140347F01BD8DFE800F0060A0D1013150417012076
S214034800704700220820D5F74BBE00221020FAE797
S21403481000222020F7E70820FFF7E0BF1020FBE781
S2140348202020F9E70846D5F79DBE002070472DE9FE
S214034830F74307280C46DDE90A7690461D4608D856
S214034840013806280AD8DFE800F01D27303A445717
S2140348504A00212850D003B0BDE8F083002220464A
S2140348601146E5F73FFB3368C0B205EB83013A68B0
S21403487045F82300013348F8221033603B680133C0
S2140348803B60E8E7002220461146E5F72BFB33683A
S21403489080B205EB8301EAE7002220461146E5F7DE
S2140348A021FB336805EB8301E1E70022204611462E
S2140348B0E5F7C6FC336840B205EB8301D7E7002271
S2140348C020461146E5F7BCFC336800B205EB8301CE
S2140348D0CDE7002220461146E5F7B2FCE1E70023C8
S2140348E089461E461D468DF8063019F8013F7D2B76
S2140348F006D125702D0A65703B6848F82340BDE74E
S214034900202BF2D006F00102013612B98DF80430DE
S214034910EBE71022002101A88DF80530E5F790FC9F
S214034920631901359870ADB2DFE72DE9F04F9B466A
S214034930002385B08B45814688469246CDE90233EF
S2140349406BDC1A461E4619F80340212C09D81F2C87
S21403495004D8103C072C98BF012200E0012601333F
S214034960F1E7FF2CFBD15B4436B1013B43450ADD3F
S2140349702B2005B0BDE8F08F62B1013B4345F7DC61
S2140349803546374602E000252F462E46454504DBCE
S2140349900020EEE79845F3D0EAE75D453BDB19F8E0
S2140349A00730202B18D109EB07035B78FF2BDFD1E9
S2140349B0CEB920465AF82510FFF719FF78B303AB94
S2140349C0019302AB00932046DDE90E235AF8251027
S2140349D0FFF72DFF0135D9E7212B0ED109EB07038E
S2140349E05B78FF2BC4D1029B5AF825200E9901262B
S2140349F041F8232001330293ECE7A3F11004072CBC
S214034A0002D91C460137D3E709EB07035B78FF2B74
S214034A10AED1E4B2CCE70624CAE72120A9E72620D4
S214034A20A7E72DE9F04F07460E4615469846044677
S214034A3085B0DDF84490DDE90FAB206808B3DAF8FB
S214034A400020D8F800108A421BDA0E9B53F8221077
S214034A50D2F7ACFA48BBDAF800200132CAF80020D5
S214034A606268117BFE291BD10E9B106801210093FF
S214034A702A464346CDE902B9CDF804A0FFF7D1FF95
S214034A8004462B7843B999F800302BB97EB101233D
S214034A903C4689F800302B70204605B0BDE8F08F01
S214034AA001238BF800302B70EBE70C34C5E7344654
S214034AB0F2E710B50446236803B910BD237A13B989
S214034AC02046D5F785FD0C34F5E710B541B10A79D4
S214034AD032B901249C300C71FEF7D9FE204610BD76
S214034AE00020FCE72DE9F041BAB005460AAA0846BD
S214034AF003A900F05FF90446B0B90DF10A03019368
S214034B000DF10B038DF80A0000930AAA284604AB9E
S214034B1003A9D5F70DFF9DF80A20B2B19DF80B2027
S214034B2048B12AB1D5F754FD20463AB0BDE8F08126
S214034B30FFF7BFFFF8E7D5F89C50002DF4D0A86820
S214034B4008B1FFF7B6FF2D68F7E700B346681AAB60
S214034B5006F10C082AAF01934046049B039900977D
S214034B600AAAFFF7E2FE04460028DDD1039B05A848
S214034B70CDE90637049B0595CDE90838D7F7A0F9A4
S214034B8005A83368984705A800F03FFDCCE72D2419
S214034B90CAE710B50446AC30E5F7D4F804F1AB0326
S214034BA01A180020934200D110BD13F8011F0029E4
S214034BB0FAD00A2908BF0130F4E70023F0B50B60EA
S214034BC013600646D0F8AC0278B196F8AC0060B134
S214034BD0012406F1AC07D6F8AC02844210D306F1E2
S214034BE0AC00B3F5007F10D30120F0BD0D6801358E
S214034BF00D60156801351560F85C01330A2802D08C
S214034C00B3F5007FF2D30134E5E7C15C0A29EBD0A4
S214034C100029E9D01168013301311160E1E710B5CD
S214034C200021D0F88C200446E5F790F90023C4E968
S214034C30243310BD73B5044600F1AC05802120462D
S214034C40FEF73AFE4FF4007106462846FEF734FE9A
S214034C500136C0F50070864220461FD8E5F772F885
S214034C6006462846E5F76EF801362946421CA8197B
S214034C70E5F7BEF92046E5F765F8214602462846DD
S214034C80E5F7F4FA2046E5F75DF80A23204480F8B2
S214034C90AC300023C4F8AC3202B070BDFFF779FF26
S214034CA001AAC4F8AC0269462046FFF786FF002235
S214034CB0009B234483F8AC20C0E773B50D46044637
S214034CC0FFF767FF6B1C19D1D4F8AC3213B1013B65
S214034CD0C4F8AC3200252046E5F734F8A84215D8C8
S214034CE02046FFF79CFFD4F8AC322BB1694620462A
S214034CF001AAFFF762FFA0B902B070BD012DFBD178
S214034D00D4F8AC328342F7D20133E1E7082000F04F
S214034D1023F8202000F020F8082000F01DF80135C5
S214034D20D9E7009D04F1AC06019BAB42E4D9715D63
S214034D302046D5F72BFF0135F6E707B500200DF122
S214034D40070100F0E7F820B99DF8070003B05DF807
S214034D5004FB4FF0FF30F9E710B5C1B2044600205C
S214034D6000F0C8F800280CBF20464FF0FF3010BDF7
S214034D700FB407B504AA52F8041B00200192D6F715
S214034D80A1F8002003B05DF804EB04B0704710B53B
S214034D904C1C0B460119045D222C03D07B2C01D03E
S214034DA05C2C05D1D21A1844E5F722F9012010BD70
S214034DB00020FCE72DE9F047054691468846E4F7D0
S214034DC0C1FF2A4606461346197801322029FAD02F
S214034DD0C9F800305C1B01236FF0404AC8F8003066
S214034DE0A64201D8002014E02F5D29197B2F12D08C
S214034DF0222F2ED1D8F80030621C53442A4449F897
S214034E002320012C09D911F8013C13F0DF0F04D03D
S214034E102120BDE8F0877D27F3E701342B5DBB42F5
S214034E2009D12B195B7813F0DF03F1D1222F00D1C0
S214034E302B550134D4E75C2B07D13246214628464E
S214034E40FFF7A5FF0028E3D0013E0134A642E5D8CC
S214034E50DEE75C2F08D1324621462846FFF797FF48
S214034E600028D5D0013EE4E7202FE2D10022631CC0
S214034E70B3420A70DDD2EA18EB5C202BD9D0D8F8FF
S214034E8000300F2B05DC49F823200133C8F8003027
S214034E90CFE71E20BDE700F000B800207047D2F72A
S214034EA073B870B50C46154610B9D5F7FFFF38B181
S214034EB043682BB12A462146BDE870400068184770
S214034EC0232070BDF7B50D4616461C4638B9D5F7F0
S214034ED0EDFF04B901AC20B9232003B0F0BD03B93C
S214034EE001ACC768002FF7D0234632462946006830
S214034EF0B847F2E707B501228DF807100DF1070151
S214034F00FFF7CFFF03B05DF804FB0B4601461846D8
S214034F10FFF7F0BF00230122FFF7D4BF08B508F060
S214034F20BCFFFA23B0FBF3F080B208BD0420704741
S214034F3040F20160D6F7B0B87047012070470020F2
S214034F40704749BA89B280EA0103C3F30312534098
S214034F50180380B258405B0103F4FF535840704770
S214034F6008B5D6F765FC58B1A0F15903042B06D84B
S214034F70042B04D8DFE803F00404040304005C20D5
S214034F8008BDD6F7ADBD7047F8B50C468D18073586
S214034F9052421540A5F108070646384600F0DFF9E9
S214034FA0A188381B628801EBE00189B2A2EBE0021C
S214034FB025F8041C25F8062CA288C310AAB1A4EB76
S214034FC0C202B2F802C0D18003EB0C015180E28822
S214034FD092B1D31A9BB204EBC20425F8023CA38019
S214034FE0B3680344B3603846F8BD15F8082C42F09E
S214034FF0020205F8082CEAE725F8022CF0E72DE96B
S214035000F04F4FF0000887B09946531C109B054697
S214035010174614BF14460824CDF81480002B00F05E
S214035020C580C3F80080002900F0C28042688A4227
S21403503040F2BE80073121F0070608F043FE05AABA
S214035040CDE9008282463A464B463146284600F072
S2140350508AF9059F834607B130B9504608F02DFEFE
S214035060192007B0BDE8F08FB7F8028029694FEA28
S214035070C802C0EBC8080139B8F1270F29617AD9ED
S214035080B9F1000F51D1864206F1080848D02246EE
S21403509039462846FFF778FF04460590059B984453
S2140350A0404600F05CF9059906F10F004A88C308EC
S2140350B0A2EBD002A8F80220CA88A8F80430002A77
S2140350C030D0D31A9BB201EBC202A8F80630938005
S2140350D08B88F608A380B8F804303A46E380414646
S2140350E000232846668000F0A6F9AB680833AB6059
S2140350F0237843F0010323702B6901332B61628805
S214035100AB68504603EBC203EA68AB60934288BFC2
S214035110EB6008F0D2FD109B083400201C60A0E76B
S2140351203C46BBE7A8F80620D2E707EB0804204670
S214035130039200F014F90BF10703DB08059963806B
S21403514008F10703DB08A380CB8893B1DB00039A3F
S214035150D81D821A5A44C2F3CF020B44E2809A80C7
S214035160A38808F1FF384FEAD808A1F80280CB805D
S214035170BBE7E380F4E7B9F1010F1BD107F108039E
S214035180B3FBF4F204FB1233B3B122463946284686
S214035190FFF7FAFE044623783A4643F001032370EA
S2140351A021460123284600F046F9A8E7222058E7BF
S2140351B0212056E78642E8D13C46ECE707B50022B5
S2140351C04FF0FF3101AB0192D6F7EAF8019803B02E
S2140351D05DF804FB2DE9F74F04460D46002900F061
S2140351E0AB80D0E9056808F06DFD15F8087C35F846
S2140351F0061CFB07009000D531B9009808F05DFD4A
S214035200012003B0BDE8F08FA368D4F8109035F8FA
S21403521004ECA3EBC10B09F10103A5F1080C4A1C2E
S214035220C4F808B02361BEF1000F7BD0ACEBCE030D
S214035230D888B3F802A00190187807F00207C007D1
S21403524065D4002F64D10198A0EB0A07012F69D11A
S2140352508A1CABF108075244C4F81090A76035F8CF
S21403526002ECBEF1000F61D0D4E900700CEBCE0A5D
S21403527007EB0009CA4559D21CF83EC057461CF036
S214035280010C15D1AEEB0101012911D1BAF80210B8
S214035290AAF802C001310A44BAF80610002943D01E
S2140352A00AEBC107216901392161A1680839A160A8
S2140352B015F8081C013A21F0010105F8081C002125
S2140352C025F8061C5A801A7861F300021A707FB319
S2140352D0C3F107023A44C2F3CF02DA80BA804EB370
S2140352E0B34227D37288002A08BF1E46B8F1000FC0
S2140352F006D0434504D8B8F80220002A18BF434610
S2140353000098C4E9056308F0D8FC002079E74FB19C
S21403531015F8087C724427F0020705F8087C002776
S2140353209F809CE763469AE70F46BBE70027BFE7E5
S214035330DF80D4E71E46D9E7222062E710B504468D
S214035340D6F746F82146BDE81040FFF743BFFFF700
S214035350F5BF0846FFF732BF0846FFF7F8BF00233E
S214035360036043607047F0B5D0E90554561C08BF88
S2140353700822002B4FF0000008BF2C46DDF818C0AB
S214035380CCF80000002C37D09DF814706588FF0019
S21403539007EBC505C2F1000E2078C00708D51BBB76
S2140353A0E088A0B104EBC004658807EBC505F3E706
S2140353B08D42F4D363B904F10806B6FBF2F002FBA0
S2140353C0106670180EB1A842EAD8CCF80040F0BDBB
S2140353D0082A0FD06088013004EBC000461A06EA9C
S2140353E00E06801B8542F0D2A0880028EFD0A4EBDF
S2140353F0C004D9E70846E8E72046E8E7034600691D
S214035400C0B10AB951B91A6810460378DB0711D53B
S21403541031B9C3885BB100EBC300F6E79A69F3E7DB
S214035420012904D1838823B1A0EBC300EDE7002054
S2140354307047184670472DE9F041D0E905540746F2
S21403544088461646ABB1954200D00ABB42460021B9
S2140354503846FFF7D3FFB442054600D02EB942467E
S21403546001213846FFF7CAFF0446C7E90554BDE8DD
S214035470F081954208D08D4228BF0D46B44205D030
S214035480444538BF4446F0E70D46F7E74446ECE7A5
S2140354909442EAD1E3E770B500261C46C3E900014F
S2140354A0C3E90266C3E905001E611A775E62FFF769
S2140354B056FF23690139C908013341802361A36874
S2140354C030460833A360E3680833E36070BD002307
S2140354D007B5684600938DF80430D4F779F903B01E
S2140354E05DF804FB10B508F0E0FB044606F040FD4B
S2140354F02046BDE8104008F0D3BB70474FF4C87091
S214035500D5F7C6BFD6F778B800F01CB87047704713
S21403551008B503F07EF903F086F903F08DF903F07E
S2140355209CF9BDE8084003F0ABB9704708B503F033
S2140355306BF903F06AF903F069F903F069F9FFF709
S214035540F4FF08BD08B503F09CF903F09BF903F0DC
S2140355509BF9BDE8084003F09EB9704701207047E9
S2140355602DE9F34112F001050446884622D110F0D6
S214035570030525D12F465208BA4209D1D4F732F98A
S2140355800026B74204EB860008D1D4F737F911E0BA
S21403559054F8273001330CD10137EDE7042258F8CD
S2140355A026300DEB0201019308F09AFE30B1D4F7D2
S2140355B025F93D25284602B0BDE8F0810136E0E72F
S2140355C00125F7E77047B0F1006F0FD300F078437B
S2140355D0B3F1006F0CD000F06040B0F1404F09D03B
S2140355E0B0F1604F14BF04200320704700207047BB
S2140355F00120704702207047002070471AB111B18E
S21403560080B2D6F76DBA2120704701F097BEDFF758
S2140356101DB9FFF78DBCD0E9023253F822300021C2
S2140356201878DEF765BD704702F0D8B901F018BEEA
S214035630C3688268013BDBB252F823305B78652B84
S21403564002D10020E1F7A4B86E2B01D10120F9E7BF
S214035650662B01D10220F5E7704710B5D0E9023278
S214035660044653F82230187802F0A2FAE368A268D8
S214035670013352F82330BDE81040187802F096BA8A
S21403568010B50446C0B2D7F7F9FB200ABDE81040B0
S214035690D7F7F4BBD0E9023253F822301878D7F79D
S2140356A0F5BC02F035BADFF771BD08B501F0F9FEB7
S2140356B0BDE80840E0F75ABFD0E9023253F822307B
S2140356C0186801F0ECBE0020E1F756B80120E1F7B8
S2140356D053B80221D7F770BC0321D7F76DBC052159
S2140356E0D7F76ABC08B501460C20D7F741FCBDE8DE
S2140356F00840D7F7CFBB08B501460020D7F738FCDC
S214035700BDE80840D7F7C6BB07B5C268836804324E
S21403571053F8223001211B880DF10602ADF806303E
S2140357200023D8F7CDF903B05DF804FB08B508F0FD
S214035730C8FBBDE80840EDF733BB10B51446D8F7F1
S214035740DBFC2146BDE8104008F0B6B808B5D8F72C
S214035750D3FCBDE80840002108F0AEB808B5D8F77A
S214035760CBFCBDE80840ECF731BE08B5D8F7C4FC5F
S214035770BDE80840ECF716BE7047704708B508F05A
S214035780A0FBFFF7FAFF03F0E0F8BDE80840D8F700
S214035790FFBC7047012070470120704708B5D8F753
S2140357A093FD00280CBF0420012008BD70472DE997
S2140357B0F34104460D4616461F46DDF8208008F0E2
S2140357C018FC3B46324629462046CDF8008003F0B7
S2140357D0BDF83B46324629462046CDF80080FFF703
S2140357E0E5FF02B0BDE8F04101F0A8BD2DE9FF4793
S2140357F004460D4616461F46BDF830809DF8349085
S214035800DDF838A008F0F5FB3B463246294620462D
S214035810CDE9019ACDF8008001F041F804B0BDE867
S214035820F04701F08BBDF8B504460D4616461F46F5
S21403583008F0DFFB3B46324629462046DEF792F960
S214035840044601F07BFD2046F8BD70472DE9F34181
S21403585004460D4616461F46BDF8208008F0C9FBD1
S2140358603B46324629462046CDF8008003F071F8C1
S21403587033464246294620460097FFF7E6FF02B026
S214035880BDE8F04101F05ABD704708B508F0B1FB1A
S21403589003F060F8FFF7F8FFBDE8084001F04EBDDF
S2140358A0012070472DE9F74304460D4616461F466A
S2140358B09DF8289008F09DFB3B4632462946204635
S2140358C0CDF80090FFF7ECFF80463B46324629466C
S2140358D02046CDF8009003F03EF801F02FFD404639
S2140358E003B0BDE8F083012070472DE9F743044673
S2140358F00D4616461F469DF8289008F07AFB3B4651
S214035900324629462046CDF80090FFF7ECFF804646
S2140359103B46324629462046CDF8009003F01CF855
S21403592001F00CFD404603B0BDE8F083F8B504462D
S2140359300D4616461F4608F05CFB3B463246294694
S214035940204603F00AF8BDE8F84001F0F7BC002053
S2140359507047F8B504460D46164608F04AFB32462D
S21403596029462046FFF7F3FF0746324629462046D8
S21403597002F0F4FF01F0E2FC3846F8BD38B5044601
S2140359800D4608F036FB2946204602F0E8FFBDE840
S214035990384001F0D3BC704710B5044608F029FB25
S2140359A0204602F0DDFF2046FFF7F5FFBDE8104076
S2140359B001F0C4BC704738B504460D4608F019FB21
S2140359C02946204602F0DBFF29462046FFF7F2FF72
S2140359D0BDE8384001F0B2BC704770B504460D46CA
S2140359E0164608F006FB32462946204602F0C9FF53
S2140359F0324629462046FFF7EFFFBDE8704001F028
S214035A009DBC704738B504460D4608F0F2FA2946A1
S214035A10204602F0B8FF29462046FFF7F2FFBDE80E
S214035A20384001F08BBC70472DE9F34104460D4620
S214035A3016461F469DF8208008F0DBFA3B463246A2
S214035A4029462046CDF8008002F09FFF3B463246AB
S214035A5029462046CDF80080FFF7E5FF02B0BDE8F3
S214035A60F04101F06BBC704738B5054608F0C1FA43
S214035A70284600F0E1FE04460146284601F0ACFF46
S214035A8001F05CFC204638BD38B504460D4602F0EE
S214035A907DFF29462046FFF7E6FF38BD704738B539
S214035AA0054608F0A6FA2846DEF77CFE04460146BD
S214035AB0284601F08FFF01F041FC204638BD38B57B
S214035AC004460D4602F063FF29462046FFF7E6FF2D
S214035AD038BD704710B5044608F08BFA204602F02E
S214035AE057FF2046FFF7F5FFBDE8104001F026BC40
S214035AF0704738B504460D4608F07BFA294620461B
S214035B0002F047FF29462046FFF7F2FFBDE838407C
S214035B1001F014BC704770B504460D46164608F0EF
S214035B2068FA32462946204602F034FF32462946B2
S214035B302046FFF7EFFFBDE8704001F0FFBB70475C
S214035B4038B504460D4608F054FA2946204602F0B6
S214035B5022FF29462046FFF7F2FFBDE8384001F052
S214035B60EDBB704738B504460D4608F042FA2946A1
S214035B70204602F011FF29462046FFF7F2FFBDE854
S214035B80384001F0DBBB704710B5044608F031FA25
S214035B90204602F002FF2046FFF7F5FFBDE810405F
S214035BA001F0CCBB704710B5044608F022FA204635
S214035BB002F0F4FE2046FFF7F5FFBDE8104001F0C3
S214035BC0BDBB7047704770B504460D46164608F0D1
S214035BD010FA32462946204602F0E3FE32462946AC
S214035BE02046FFF7EFFFBDE8704001F0A7BB704704
S214035BF010B5044608F0FDF9204602F0D3FE204611
S214035C00FFF7F5FFBDE8104001F098BB704738B5C5
S214035C1004460D4608F0EDF92946204602F0C3FE79
S214035C2029462046FFF7F2FFBDE8384001F086BB61
S214035C307047F8B504460D4616461F4608F0D9F9D0
S214035C403B4632462946204602F0AFFE3B463246E6
S214035C5029462046FFF7ECFFBDE8F84001F06EBB8F
S214035C60704770B504460D46164608F0C2F932462C
S214035C702946204602F09AFE324629462046FFF77A
S214035C80EFFFBDE8704001F059BB70472DE9F341C3
S214035C9004460D4616461F46DDF8208008F0A9F98F
S214035CA03B46324629462046CDF8008002F07FFE6A
S214035CB03B46324629462046CDF80080FFF7E5FFEF
S214035CC002B0BDE8F04101F039BB0E2070470E204C
S214035CD0704738B5044608F08CF92046FFF7F7FFFF
S214035CE00546204602F064FE2046FFF7EEFF01F06D
S214035CF025FB284638BD704710B5044608F079F9E9
S214035D00204602F056FE2046FFF7F5FFBDE810409A
S214035D1001F014BB002070470020704738B50446D6
S214035D2008F067F92046FFF7F7FF0546204602F01E
S214035D3041FE2046FFF7EEFF01F000FB284638BD84
S214035D40704708B508F055F902F035FEFFF7F8FF7F
S214035D50BDE8084001F0F2BA00207047704770476C
S214035D6008B5D8F783FB00280CBF0420012008BD24
S214035D7070470B68DA7B1AB9DB7C0BB9D8F79ABB8A
S214035D808120704708B5D8F7ADFBBDE80840D8F7C3
S214035D90B7BB7047D8F7A6BBD8F7B2BB082808D856
S214035DA04FF48B73C34013F0010F0CBF2120002068
S214035DB07047212070470121D8F794BC0221D8F7F9
S214035DC091BC0421D8F78EBC0821D8F78BBC1021D0
S214035DD0D8F788BC01207047D0E9023253F8223046
S214035DE01878D8F72BBE0868C37B1BB9C37C0BB9DE
S214035DF0D8F754BE81207047D0E9023253F82230D8
S214035E001878D8F78DBE704730B50546044615F8A2
S214035E10100B85B0029565691D44CDE900250B4638
S214035E20A21D618801F038FE05B030BD704710B47E
S214035E3092F80A4192F8053103EB04230B81002301
S214035E405DF8044B1A4601F025BE1FB50446084606
S214035E5071B12178FF290BD0238B029363690193D9
S214035E60237C00936288A31DDEF7B8FCFF23237010
S214035E7004B010BD0868C37B73B9C37C032B0BD86F
S214035E80DFE803F002080406D9F74AB9D9F77AB966
S214035E90D9F7AAB9D9F758B9812070477047704720
S214035EA000207047137810B5032B0CD15479CBB26E
S214035EB09C4208D19379B3EB112F04D153781B1A64
S214035EC05842584110BD0020FCE77FB505460E46F4
S214035ED000246946E0B201F085FD28B96A463146DA
S214035EE02846FFF7DFFF18B90134202CF1D1002034
S214035EF004B070BDFFF7E9BF0868C37B9BB9C37CDA
S214035F00052B10D8DFE803F0030D070B0905D9F7B7
S214035F100FBAD9F74BBCD9F7A5BAD9F7F7BBD9F758
S214035F2075BBD9F747BA812070470020704730B554
S214035F30102587B001AA00210195FEF708FC044648
S214035F402A46002102A8E4F701F82A46214602A8B9
S214035F50E4F74EF8012102A8D9F706FE07B030BDD4
S214035F60D9F794BD7047FFF7FDBF0B68DA7B5AB9C4
S214035F70DB7C012B04D0022B04D02BB9DAF718BA3A
S214035F80DAF722BADAF72CBA81207047002307B56E
S214035F90012101A80193D0F74FFE08B9D0F788FC7A
S214035FA0012003B05DF804FB08B502F070FA05287B
S214035FB003D0003818BF012008BD0220FCE7704755
S214035FC0D0E9023253F822301878003818BF01207F
S214035FD0DBF786BDDBF78ABD0020704700207047DD
S214035FE07047FF207047FF2070470020704700204F
S214035FF0704700207047704706207047DBF72EB8BF
S2140360000868DBF707BD70B50D4604460021284631
S214036010164601F078F9324620800221284601F020
S21403602072F9324660800421284601F069F900239C
S214036030A360E3606060082070BD034641B18142FF
S2140360404FF0640005D94343B3FBF1F0C0B2704789
S21403605008467047DBF758BDDCF74EBBDCF756BC8B
S214036060B0F5807F05D0A0F5007358425841400133
S21403607070470820704730B599B00D4669461446F8
S214036080DCF7A8FB30B915B1BDF802302B600CB1B4
S2140360900D9B236019B030BD2DE9F04788B00E463E
S2140360A0904604A905AA07461D46FFF7E4FF0446E3
S2140360B038BB28800DF10C09DDE904A39A4520D2EC
S2140360C0062251463846CDF8009006ABDCF79EFB19
S2140360D0D8B9039B062B18D12A88DDF81A30424517
S2140360E00ED2BDF8181026F832102A8806EBC20224
S2140360F053602A885344013206332A800493DBE72D
S214036100F7D9204608B0BDE8F0870124F9E72DE962
S214036110F0438FB00F46904601A9002204469946E5
S214036120FFF7A9FF18B101200FB0BDE8F0830622E0
S21403613020460DF1020302A9FFF7AEFF0028F2D1B5
S21403614005460246BDF80210019CEEB28E42EAD224
S2140361500EAB03EBC60656F82C3C36F8306C06340A
S214036160BE4217BFE418012213460022013522B1AE
S214036170C8F80040C9F80030D6E71A46E5E770B518
S2140361800024012602F05DF9E5B2C26806FA05F5B9
S2140361909542234604F10104F4D3D8B270BD70B51A
S2140361A086B0DCF765F900F11006E1F759FD002427
S2140361B00546142201A9301902F04AF91CB99DF8C4
S2140361C00430FF2B16D0002303F118026A4412F89A
S2140361D0142CFF2A06D11C44601E90FBF5F080B2F7
S2140361E006B070BD2B44DBB2132BEDD91434B4F5D3
S2140361F0826FDED14FF0FF30F2E7DBF76FBF07B5F4
S21403620004220DEB020102F023F9019803B05DF8B6
S21403621004FB37B5054608460C46FFF7F0FFA842D1
S21403622006D0042220460DEB02010195E1F76AFD34
S21403623003B030BD07B50B4600920021024601208D
S214036240DBF7DEFF03B05DF804FB08B50121DBF7DF
S2140362500FFFBDE80840E1F701BFDCF74DBA08B50C
S214036260FFF7F3FF002008BD08B513460A460146AC
S2140362701846DCF759F880F00100C0B208BD0020CC
S2140362807047704708B1DCF757BB704730B4DDE999
S21403629002451DB1029430BC00F0C6B930BC70474D
S2140362A01F2804D8142200F5A030D5F7E3BC7047A6
S2140362B01F2804D8142200F5A030D5F707BD704771
S2140362C0152808B505D1FFF7DCFFBDE80840DCF765
S2140362D079BC08BD10B5142486B02246002101A857
S2140362E0E3F734FE2023224601A94FF4A03001F041
S2140362F097FC06B010BD0020704713B500230C466C
S2140363001A460146CDE90033E0B2DDF71FFA02B0C4
S21403631010BD13B500231446019001220093E0B28A
S214036320DDF714FA02B010BDD0E9023253F822307A
S2140363301868DDF783BB194491420ADC4218002033
S21403634003B9704712F8011D013B01EB0020DBB2D5
S214036350F6E7002070472DE9F04F4FF0000A85B0AE
S214036360019381460F4615465346019A11785FFA04
S2140363708AF2914203D8002005B0BDE8F08F019958
S21403638009EB050801EB4202517892F802B011F0CE
S2140363904004009101F03F061BD0AC19BC42D4BFA9
S2140363A00024012433466400A20740F18880009B42
S2140363B01B0640F192800E9B324603EB0B00002136
S2140363C0E3F7C4FD3D4600231D44ADB20AF1010ABE
S2140363D0CBE7042E07D866B1B31E022B0BD8DFE833
S2140363E003F0122130003E2E37D03F2E5BD03D2ED9
S2140363F04BD00320C0E7BD4234BF0024012401264E
S21403640064003346D0E7AB1CBB4250DC02233A465B
S21403641029464846FFF78FFFADF80A0002230DF121
S2140364200A08C1E7EB1CBB4243DC03233A46294672
S2140364304846FFF780FF0390042603230DF10C085C
S214036440B2E72B1DBB4236DC04233A4629464846B0
S214036450FFF771FF03900423F0E77A1E95422CDAC8
S21403646002233A4629464846FFF765FF4FF6FF7371
S21403647080B298420EBF0223023083B25C19A74251
S214036480B4BF0324012404268EE7BD4215D298F830
S2140364900030FF2B0CBF01230133EC18BC42CCBFEA
S2140364A003240124EFE70124042600237CE7344673
S2140364B0B4E70224C0E70224CDE70324E3E70E9AF9
S2140364C002EB0B0014B142F80B807DE732464146DF
S2140364D00093E3F7CBFE009B76E702204CE710B56C
S2140364E0144686B018811A460A9B0291CDE90343E7
S2140364F001230193099B014600930320BDF8203036
S214036500DDF7BAFB06B010BD1FB500240294079C46
S2140365100194BDF818400094FFF7E1FF04B010BDE6
S2140365202DE9F0410E461746054686B098B391B35B
S2140365308AB34FF0000802A95FFA88F001F052FA16
S214036540044640B99DF80830032B08D008F101082B
S214036550B8F1200FEFD1204606B0BDE8F0819DF8D4
S21403656009202B799A42F1D1BDF80A206B889A420A
S214036570ECD19DF80C30BDF80D006B7128812B46CD
S21403658022464FF6FF71CDE90067FFF7BDFF0028EF
S214036590DCD00446DFE72124DDE710B586B00A9C8D
S2140365A004949DF824400394BDF8204002940124EB
S2140365B0CDE9003413460A4601460620DDF75CFBA8
S2140365C006B010BD1FB504460846194600230094BE
S2140365D0CDE90123079BBDF81820FFF7DEFF04B0C3
S2140365E010BDF0B5022805460E4614461F468BB06E
S2140365F00AD106A9F0B201F0F5F998B99DF8193059
S21403660023719DF81C306371119B2246049300236B
S214036610CDE902330193109B3146009328463B464F
S214036620DDF72AFB0BB0F0BD13B500240194049CE0
S2140366300094FFF7D6FF02B010BD2DE9F0450646DD
S214036640884614469A46002701258BB006A9F8B259
S21403665001F0C8F920BB9DF81830012B19D19DF81D
S214036660192033799A4214D1BDF81A2073889A42B6
S2140366700FD19DF81C3032467371B9B2CDE9030AC7
S214036680CDE90100434602200094DDF7F5FA0546FE
S21403669010B90137202FD9D128460BB0BDE8F085B5
S2140366A00546F9E70023FFF7C8BF10B50446DEF733
S2140366B0C1F80021631E04F10F0213F8010FFF282F
S2140366C008BF19709342F8D10023237410BD00202D
S2140366D0704770B506461D46DDF720FF044608B929
S2140366E0212070BD3046DEF7E7F90028F8D0A06811
S2140366F02A46FF21FFF721F89DF81030002063712A
S2140367009DF81430A371ECE713B59DF81040CDE95E
S214036710003413460122FFF7DCFF02B010BD08B5B4
S214036720DDF7FCFE28B18068FF21FFF717F800208D
S21403673008BD2120FCE70122FFF7F1BF1FB50B467A
S2140367406A460146184601F043F96A4608230020C4
S21403675032F8021B013B13F0FF0380EA0100F7D176
S214036760012838BF012080B205B05DF804FB2DE98F
S214036770F04F87B0DDE9109B054688464846194624
S2140367801F461446BDF848609DF84CA0FFF7D6FF99
S214036790042D0346ABF800001AD8022D1DD9042D8C
S2140367A007D04FF2F222A188914222D1E2889107C4
S2140367B01FD5E17A0022CDE9013720463346CDE9DD
S2140367C00392CDF800A001F058F907B0BDE8F08FAA
S2140367D06A1F012A11D92120F7E700224146CDE995
S2140367E0119228462246109707B0BDE8F04F01F0F5
S2140367F053B94FF6FF760C21DCE7052D0ED10023A7
S214036800E17A0022CDE90137CDE9039200912346D0
S21403681052464146304601F023F9D6E74FF2F222BC
S214036820A188914204D1E288920701D5E17AE8E78C
S2140368304FF6FF760C21E4E7F0B585B00546DDF7A5
S2140368402DFB48B16B88B3F5006F05D1681D05B005
S214036850BDE8F04000F0EFBC284600F005FD044616
S214036860C8B9E7B26946384601F0BCF878B99DF86E
S214036870006066B92946384601F0B8F820B140F6FC
S2140368800443984207D08C26304605B0F0BD013449
S214036890202CE6D1F7E78D26F6E7DDF7E5BC2DE9F4
S2140368A0FF4704460D460146184617461E46BDF8E2
S2140368B030809DF83490DDF838A0D8F771FAD0B957
S2140368C02146284601F038F933463A4629462046FB
S2140368D0CDE9019ACDF80080DDF76AFD33463A46E6
S2140368E029462046CDE90D9ACDF8308004B0BDE8A0
S2140368F0F04702F02DB804B0BDE8F087DDF702BF1D
S214036900DDF7BABEDDF7DEBE10B5044601F020F9AA
S214036910082201462046BDE81040E3F769BB01F0B4
S21403692019B9002101F016B901F028B90020704703
S21403693020207047EBF7F4B9EBF73EBAEDF7E0BE6D
S2140369407047DEF72BB870B506460C46154600F0C2
S2140369504CF850B13CB135B1204600F0DAFC0130BA
S21403696080B2A84200D9002070BD304600F043F83C
S21403697040B1002CF7D0012DF5D9204600F0CEFC0F
S2140369800230EDE73046DDF769FFEAE7F8B5BDF814
S214036990185010B3967855B9D478A6F14107012F4D
S2140369A007D8621ED2B200F0D3FD0020F8BD2C46F5
S2140369B0F3E7433E012E04D8A21E92B200F0E0FD98
S2140369C0F3E7D27813B90DB1AA4206D811B9E3F7A3
S2140369D0BDFAEAE7E3F70CFBE7E78920E6E7413889
S2140369E003288CBF002001207047413801288CBF44
S2140369F0002001207047433801288CBF0020012067
S214036A00704700207047002070470388B3F57C4F1B
S214036A1001D3FFF7F8BF0846FFF7F3BF10B54A8860
S214036A200488A2420DD1037B0C79234009D0B2F52A
S214036A307C4F08D3FFF7E7FF0B891B1A58425841D0
S214036A4010BD0020FCE70120FAE738B50D88D4888E
S214036A50A5420AD10388B3F57C4F08D2FFF7D5FFCA
S214036A6013891B1A5842584138BD0020FCE7012001
S214036A70FAE72DE9F04715460446B8B149B1EAB13D
S214036A8000264FF0140AB04690F80490F3B29945E6
S214036A9001D800240AE027680AFB06773846FFF782
S214036AA0BDFF013628B13C46A5F800802046BDE868
S214036AB0F0877B8943441FFA83F8E7E71446F5E734
S214036AC02DE9F0470E4615460446B8B149B112B350
S214036AD000274FF00C0AB846B0F80890BBB29945A9
S214036AE001D800240AE06368324620460AFB0731D1
S214036AF0FFF7ABFF28B10C46A5F800802046BDE89B
S214036B00F0870B79013713F0300F02BFCB7843447D
S214036B101FFA83F8E2E71446F0E72DE9F04186B062
S214036B200D461446984604AA05AB03A90646DDF7A8
S214036B306BFF40B30DB1049B2B6034B3049D0398E5
S214036B402946FFF762FF2B8807460246718830788E
S214036B5000F050FBD8B1297911F010030BD0EB7875
S214036B602A46CDE900433B4671883078FCF78EFC15
S214036B7006B0BDE8F0812A4620460599CDF8008088
S214036B80FFF704FFF4E78620F2E72046F0E77E20CF
S214036B90EEE71FB51C460023ADF80A20BDF8182003
S214036BA08DF80400ADF80610ADF80C2069461A46B9
S214036BB001A800938DF80840FFF7AFFF009804B0D4
S214036BC010BDF0B587B00E4605AB04AA03A904466C
S214036BD0DDF71AFF08B3049D03982946FFF715FF50
S214036BE02B88074602466188207800F005FBB0B183
S214036BF0297911F0100108D000963B462A46618891
S214036C002078CFF73BF807B0F0BD009101232A4662
S214036C1031460598FFF7BAFEF5E78620F3E77E20B0
S214036C20F1E72DE9F041064600254FF014080779F1
S214036C30E8B2874201D800241AE008FB05F0D6F82C
S214036C4000C00CEB00043CF8000081421AD132B1BC
S214036C50802A10D194F90CC0BCF1000F12DAB0F5FB
S214036C607C4F05D32046FFF7CEFE834200D04BB9B8
S214036C702046BDE8F081402A04D194F80CC01CF0ED
S214036C80400FECD10135D3E70121DDF7F9BD08B597
S214036C9013460022DDF722FF003818BF012008BD87
S214036CA008B513464022DDF719FF003818BF012048
S214036CB008BD08B513468022DDF710FF003818BF5D
S214036CC0012008BD08B540220023DDF707FF003882
S214036CD018BF012008BD08B580220023DDF7FEFE9D
S214036CE0003818BF012008BD0023DDF7F7BE0021DA
S214036CF0DDF764BF10B504460121DDF75FFF2046CC
S214036D00BDE8104001F058BE7047F8B516461F465A
S214036D109DF81820BDF81C300546DDF7DFFE78B178
S214036D200421DDF7C9FF044650B1284600F012FBE4
S214036D303A4631462846A047BDE8F84000F0FEBA7A
S214036D40F8BD2DE9F74F1E46DDE90C9B074688463E
S214036D501446BDF838302AB3B9F1000F22D00EB36B
S214036D6092F804A099F80020504612F0080F0CBFC2
S214036D70802240226188DDF7B1FE98B10821DDF755
S214036D809BFF054670B1504600F0E4FA33462246B0
S214036D9041463846CDE9009BA84703B0BDE8F04F0F
S214036DA000F0CCBA03B0BDE8F08FF8B5BDF81870A4
S214036DB016461A463B460446DDF790FEE0B177B921
S214036DC00221DDF779FF0546B0B1204600F0C2FA8E
S214036DD031462046A847BDE8F84000F0AFBA102178
S214036DE0DDF76AFF054638B1204600F0B3FA3A46A7
S214036DF031462046A847EEE7F8BD73B5BDF8184000
S214036E0016461A4623460546DDF768FEB8B1C4B9EA
S214036E102021DDF751FF044670B1284600F09AFAA8
S214036E20099B3146009328469DF820309DF81C2088
S214036E30A047044600F082FA204602B070BD8624BE
S214036E40FAE70024F8E72DE9F0418668044600785F
S214036E5000F080FA002514273279EBB29A4203D861
S214036E60BDE8F04100F06ABA7B4332682078D15A15
S214036E7002EB030800F0C2F901214046DDF71CFFD0
S214036E80034608B1207898470135E5E72DE9F04F2A
S214036E901C4689B09DF84C30BDF8488001939DF898
S214036EA05030924602932246434607460D46DDF788
S214036EB015FE8DF814700646ADF816508DF818407A
S214036EC0ADF81AA0ADF81C8018B9012009B0BDE8CA
S214036ED0F08F05A9FFF7A2FD0028F6D000252F4660
S214036EE0A8462C4634E00C231FFA85F903FB09F960
S214036EF031887368B1F57C4F33F8092003EB090B2F
S214036F001AD333F8090050452CD3019BA3422DD93D
S214036F1000F0BCF99BF80200DEF77AFB029B43B154
S214036F209BF8043013F0010F0CBF05200720DEF793
S214036F306FFB0134A4B219E0ADF81A205946304667
S214036F4005AA0393FFF781FD039B0028D9D10135DA
S214036F503289ABB29A42C6D804EB0800C31B584228
S214036F605841B3E708F101081FFA88F80137BFB2A2
S214036F70EDE710B5012488B006949DF83C400594CF
S214036F809DF8384004949DF8344003949DF83040AF
S214036F9002940B9C0194BDF828400094DDF7D0FFC3
S214036FA008B010BD2DE9F04786B0BDF83880DDF88F
S214036FB03C909DF840A0CDF80080CDE9019A0446A8
S214036FC00D4616461F4600F013F9B8B1431EDBB252
S214036FD0012B10D800230122811E48424841CDE9E7
S214036FE00432CDE902A03B46324629462046CDE987
S214036FF00089FFF7BEFF06B0BDE8F0870120FAE779
S21403700030B50024012587B0CDE9044503959DF8E6
S2140370102C5002950A9DCDE90045FFF7AAFF07B05D
S21403702030BD30B50024012587B0CDE9044503956E
S2140370309DF828500094CDE901354023FFF799FFCA
S21403704007B030BD10B5012486B0CDE90444002452
S21403705003949DF828400294099C0194BDF82040AF
S2140370600094FFF786FF06B010BD1FB5089C039477
S2140370709DF81C400294069C019400240094DEF7BD
S2140370805BF804B010BD70472DE9F84F0229074698
S21403709088460C9D04D84FF0000A5046BDE8F88F8A
S2140370A01BB10429F7D942F004023A702BB3032428
S2140370B07B701B0ABB70DFF755FB4FF000099DF88A
S2140370C02830385504F1020A01343B550B9A5FFA0F
S2140370D089F3D45C002CE0D0732C10D82E464C2CAD
S2140370E056F804BB3DD0532C15D0622C45D1AC8842
S2140370F005F1080600231A4616E00124DBE7A4F18F
S2140371007503032BC7D8763C2E1D022C52D8DFE816
S21403711004F0565A58006A6805F1080694B2D2B2CB
S214037120B2F1FF0318BF01230AEB04011944884593
S214037130B1DB50461946002947D153441FFA83FA58
S2140371405CB1BBF1000FA6D0224607EB0A005946F6
S214037150E3F78CF854441FFA84FA354609F101091B
S214037160B4E74FF6FF736A6805F1080694B2224641
S2140371709C4214BF02230023D6E76C2C05D1584645
S21403718000F0CCF8841CA4B2B4E7732C04D15846A0
S21403719000F0BFF8441CF6E7A4F13003DAB2092A7C
S2140371A001D89CB2A6E7A4F14103062B3FF673AFC2
S2140371B0373CE8E7012300242A68A346B4E7022302
S2140371C0F9E70323F7E70423F5E700F1010C013998
S2140371D03A54C9B2120A1FFA8CF0ACE70020DEF765
S2140371E09FB90022DEF7BCB90023DEF7CFB970479C
S2140371F00120704701207047012070477047002028
S214037200704700207047002070470020704700201A
S21403721070470020704770470E2070470020704765
S2140372200020704700207047002070477047FF20FB
S21403723070470E20704784207047704770470020C1
S21403724070470020704700207047002070470020DA
S2140372507047002070470020704700207047704733
S2140372600E207047002070470020704770470020AC
S214037270704770477047704770470E2070477047D7
S21403728000207047812070477047704738B5054621
S214037290C0B2DEF7BDF90446280ADEF7B9F914B121
S2140372A0002808BF0024204638BDF8B50546C0B2FE
S2140372B0DEF7AEF90446C5F30720DEF7A9F907465D
S2140372C0C5F30740DEF7A4F90646280EDEF7A0F955
S2140372D024B12FB136B1002808BF00242046F8BDDC
S2140372E03C46FBE73446F9E710B4CC18944203DC7B
S2140372F05DF8044BFFF71FB800205DF8044B70479A
S2140373000423FFF7F1BF08B50223FFF7EDFF80B2B2
S21403731008BD0078FF2808BF0020704708B5022282
S2140373200021FFF7F0FF4FF6FF73984208BF0020D7
S21403733008BD003818BF0120400070470020704782
S21403734008B5FFF7A1FCFF284FF0FF3018BF002059
S214037350C0B208BD08B5FFF7F3FFFF280CBF212016
S214037360002008BDF8B506460C4615461F4600F035
S21403737011F810B12544AC4200D1F8BD3946304669
S21403738014F8012BDEF736FAF5E701460022022051
S214037390DEF7C0B90120704737B50546DCF74AFC6F
S2140373A0044601950CB981201CE0237823B12046BE
S2140373B0DCF748FC0446F5E72B6862685B889A426C
S2140373C0F5D1A368EA7B99B272B12A8A9142EED1CB
S2140373D06A7DB2EB134FEAD10020E36801A9984710
S2140373E08128E4D003B030BD4FF6FF72EEE72DE9F7
S2140373F0F84304460F46904699460BB3012A1FD816
S2140374000C20E2F7A9FF064610B91920BDE8F88359
S2140374101020E2F7A1FF18B93046E2F7A5FFF4E71C
S2140374200123002547EA084770600570C0F80C90F2
S2140374304460876033803046DCF7F4FB2846E5E794
S2140374402120E3E738B50446436808460D469847C7
S214037450B4F90830002B02DB2B78042B06D100236B
S21403746020466360BDE83840DEF756BD38BD30B50C
S2140374704FF48A5587B0ADF816200DF116041A4658
S214037480029543B100230122CDE90033234600F0E1
S2140374901EFA07B030BD019401240094F7E7FFF706
S2140374A0EBBEFFF7BBBE0020704708B500F014FB29
S2140374B020B900F05BFB08B9DBF752FDFFF7CFFE00
S2140374C0BDE80840FFF7DBBE0020DFF78DB90021DB
S2140374D0DFF72ABA0022DFF7E9B91FB5D2880B46D1
S2140374E012F0200F4FF6FD7114BF49245224ADF855
S2140374F00610510544BF083CE4B2110544BF083CDE
S214037500E4B2120444BF023CE4B2032805D8DFE821
S21403751000F0020F161CADF80630BDF80600FFF7A4
S21403752086FEFF281CBF241AE4B2204604B010BD12
S21403753002AA0DF10601D8B200F08CFAEDE7D8B234
S21403754000F052FAADF80600E7E7013CE4B2E4E7E0
S214037550F8B5064617460D4681B10C78FF2C0BD0BE
S2140375600846FFF7D6FEB84228BF3846C4B22246BE
S214037570691C701CE2F73CFD3470F8BD0C46FBE753
S21403758070B5044615460E4611B94170017070BDBC
S2140375900B78FF2B05D14B78FF2B02D1037043707A
S2140375A0F5E73046FFF7BAFEA84228BF284685B25D
S2140375B02A46B11CA01CE2F71BFD25702D0A657038
S2140375C0E5E7F0B523B9013A531C2FD1002020E09C
S2140375D0042AFBD800231C46551E6E1C1AD1042A07
S2140375E010D00121D200501E01FA00F020421EBF27
S2140375F0914049420C4318421EBF4FF0FF3101FA37
S21403760002F213439C421EDCB4BF4FF0FF3000204F
S21403761040B2F0BD40B1465DEF00BE4034434E5D20
S214037620013DBE403343D8E70646F5E78C5C38B9E0
S2140376300346A34202F1FF32C6D24FF0FF30E8E71B
S214037640835CA342F5D90120E3E7283807288CBFDB
S2140376500020012070471D2810D004D840B11C28F4
S21403766004D0552070471E380128FAD81A2901E09D
S2140376700B390F298CBF5520002070470829F9E7DE
S214037680002000217047F7B59DF820400546082CDA
S214037690104619469DF8246036D8002213462C441B
S2140376A0AC4208D106F0FD04382C0ED10096FFF745
S2140376B0E7FF03B0F0BD14F8017D1B0243EA126333
S2140376C01202BA1843F10003EAE7392E10D107EE87
S2140376D0100A07EE902AB4EEE77AF1EE10FACCBF62
S2140376E077EE677A77EEC77A002117EE900AE0E71F
S2140376F0824273EB010403D2801A61EB0301D8E7DD
S214037700101A63EB0101D4E700200146D1E738B530
S214037710C36814461944836853F821501AB128469F
S214037720E2F710FB2070284638BD2DE9F3411C46CE
S21403773016460DF107029DF82050FFF7E8FF9DF867
S21403774007308046A34288BF8DF807409DF8077030
S2140377500DB1E41BE5B22A4600213046E2F7F6FBFC
S2140377603A4641467019E2F743FC384602B0BDE894
S214037770F0812DE9F3411D46164601AA9DF82040E7
S214037780FCF7E5FF019B80469D4238BF0195019FAC
S21403779004B1EC1B224600213046E2F7D7FB3A46FB
S2140377A041463019E2F724FCF8B202B0BDE8F08196
S2140377B073B50024154601AA1E460194FCF7C7FFBD
S2140377C0019B072B0AD92146CCB216B1C4F1070494
S2140377D0E4B2425C013108292A55F5D1D8B202B089
S2140377E070BD1FB5030A8DF80E300323009303AB59
S2140377F08DF80D0000F0BBF805B05DF804FB1FB56F
S2140378008DF80F100421030A8DF80E30009103AB98
S2140378108DF80D0000F0ABF805B05DF804FBF0B58D
S21403782089B016689DF83C50CDF809608DF8113084
S2140378305668BDF83830012D109FBDF84440CDF88A
S2140378400D60ADF812308DF8145014D0032D19D1F5
S2140378503B68CDF815307B68CDF819309DF8483075
S2140378608DF81D3016230093BDF84C2002AB00F0B4
S2140378707EF809B0F0BD8DF81540240A0F238DF865
S2140378801640F0E70120F4E71FB504460846114604
S2140378901A4602238DF80D100093214603AB00F021
S2140378A066F804B010BD10B514461A460B6886B0C9
S2140378B0CDF80D304B683421CDF811300A230093F0
S2140378C003AB8DF8154000F052F806B010BD2DE955
S2140378D0F041B6B014461D4606460F469DF8F080A6
S2140378E0DFF746FA03AA8DF80C001046330A8DF824
S2140378F00F703F0A8DF80E308DF80D602B468DF80D
S21403790010708DF8114005EB4405AB4202F10202FC
S2140379101FD16200D2B2931DDBB23D99D8336B44BC
S214037920073203F8CC8C01EB4805D3B250FA82F247
S214037930A94202F1020212D103EB4803009006218A
S2140379403046BDF8F820DBB2DFF71CFA36B0BDE8E8
S214037950F08133F8021B1171090A5171D5E731F82A
S214037960024B02F8024C240A02F8014CE0E72DE928
S214037970F0411C4605460E4617469DF81880DFF76D
S214037980F7F9207043463A46314628460694BDE842
S214037990F041DFF7F7B9002070477047D3F7D4BC40
S2140379A008B5E9F7BBFC002840F6124018BF0020D4
S2140379B008BD7047704770477047704770477047F9
S2140379C00020704770477047002070477047704725
S2140379D002F066BFFEF773B8FEF756B803F0D7BAE1
S2140379E0F5F7FABC03F0C4BAF5F7B4BCF5F71CBD5B
S2140379F0F5F7D6BCFEF735B9FEF71BB910B49DF8FC
S214037A00044001945DF8044BFEF70EB8FEF762B827
S214037A10FEF76FB8F1F79EBBF1F7A2BBEEF70EBF0A
S214037A20EEF712BFEAF796BDFEF7AEB8FEF773B8E9
S214037A30FDF7BDBEFEF796B8FEF782B830B4BDF8C4
S214037A4008409DF80C50CDE9024530BCFDF7CEBE8C
S214037A50FDF76CBFF5F75ABEDFF7E4B9F5F720BFBD
S214037A6070B49DF80C40BDF810509DF81460039454
S214037A70CDE9045670BCF2F787BB70B49DF80C4092
S214037A80BDF810509DF814600394CDE9045670BCFD
S214037A90F2F7BABBF2F7A4BC10B49DF80440019405
S214037AA05DF8044BF2F7F4BB10B49DF80440019460
S214037AB05DF8044B01F0BABF01F0BABFFDF77BBF18
S214037AC0FDF78BBFFEF718B9FDF79CBFEDF7C8B9F6
S214037AD0EEF720B9EEF7F2B8ECF7ECBD02F051BBC7
S214037AE0EDF7A4BB02F0A7BBEDF730BDEDF794B8F6
S214037AF0EEF716B9EEF792B8EEF7AEB8EBF756BC5C
S214037B00FEF7C4B8FEF75FB8FEF772B8FEF77FB8A5
S214037B1000F036BC00F02FBCF4F718BCF2F764B9DB
S214037B20F4F7F2BBF4F718BDF2F72EB9EAF7FEBC8A
S214037B30F3F7B8BDFFF732BFFBF7D6B8FEF701B9C8
S214037B40FDF72ABFFEF72FB801F020BDDFF7C8B850
S214037B50EBF714BAEAF7BEBD01F0DCBF01F0B3BF22
S214037B60EAF70CBEEBF75AB9EBF784B9EAF77ABD36
S214037B70DFF7D2B8DFF7E4B8DFF7BCB8EAF71ABD29
S214037B80DFF7C2B8F6F720BD01F09BBF01F062BF76
S214037B90EAF716BDEBF7DCB9EAF76CBD10B4BDF82F
S214037BA0044001945DF8044BFDF750BEDFF764B95B
S214037BB0DFF756B9F6F7A8BAF6F7E0BC03F0FABA59
S214037BC003F000BBF6F718BBF6F7F8BC00F06DB988
S214037BD000F0ABB900F0D3B900F0B9BA00F029BB96
S214037BE000F092BADFF760BE00F0F0B900F01DBAFD
S214037BF000F030B810B51C4601F0ECFD06F032FA82
S214037C000023C0F340202370400010BD002208B5B7
S214037C100B461146FFF7EEFF023818BF012008BDDA
S214037C20002070477047B1FA81F040097047012081
S214037C3070477047704700207047704700207047B2
S214037C4070470E2070470120704770470120704729
S214037C500120704714220021E2F778B9704770B507
S214037C6005460C468AB0252200210DF10300E2F7F3
S214037C706DF96B68CDF81D30AB68CDF8213023461F
S214037C8001AC03F11006224618685968083303C28C
S214037C90B3421446F7D101236A7B8DF8023012F003
S214037CA0040F0CBF4FF480734FF4A073110748BF43
S214037CB043F48063ADF80030930748BFBDF8003047
S214037CC0684644BF43F00803ADF80030F1F764FD9F
S214037CD00AB070BD30B5427B0D46D10704468BB063
S214037CE007D5407801A9F1F7C1FDD8B12D200BB017
S214037CF030BD9307FAD5C2F3800310074FEA831308
S214037D00ADF8023044BF43F48063ADF80230BDF8EB
S214037D100220201D0AB10DF1020201A902F0DDFDC9
S214037D200028E3D001AB03CB9DF81430A160237386
S214037D30BDF810306060590642BF627B42F0040211
S214037D4062735A0542BF627B42F0080262731B07E6
S214037D5042BF637B43F0020363732B4606AC0AAD54
S214037D60224603CAAA4218605960144603F1080360
S214037D70F6D10020BBE7F0B504460D4693B02522A6
S214037D8000210DF12300E2F7E1F8636804F1040C27
S214037D90CDF83D30A36809AECDF841302B4605F14A
S214037DA01007324618685968083303C2BB421646A2
S214037DB0F7D105238DF82230637B5B0103F4007350
S214037DC0ADF820306378FF2B1AD1002360461A469D
S214037DD001A900F0D9F99DF80530FF2B0DD100233A
S214037DE001A91A46184600F0CFF99DF80530FF2B77
S214037DF003D11C26304613B0F0BD9DF805306370E2
S214037E000020617808AA00F0B4FA06460028F1D1EB
S214037E10607801A900F03EFA2B4603AD2A4618689F
S214037E205968083303C2BB421546F7D1637B6078B3
S214037E30DB0648BF9DF81C3001A944BF63F07F03EF
S214037E408DF81C3000F03DFAD4E710B504468AB02E
S214037E502422002101A8E2F779F8637B590744BF7F
S214037E604022ADF810201A0742BFBDF8102042F496
S214037E708062ADF81020DB070FD5607801A9F1F713
S214037E80F5FC10B12D200AB010BD01AB03CB637B0C
S214037E90606043F00203A160637304A9201D02F02F
S214037EA01EFD0028EED00020EDE71FB5694600F062
S214037EB066F8002818BF2D2005B05DF804FB73B5DF
S214037EC00D4614460646DFF717F96B881A071AD5C8
S214037ED022463146102002F0E3FC2046DFF70CF979
S214037EE06B88D90717D50023224601210DF1070019
S214037EF08DF80730DFF7D2FB6B88002B0CBF2120F1
S214037F00002002B070BDDE06EAD522460821281DF1
S214037F10DFF7C4FBE1E79A0701D50223E4E75B0733
S214037F20EAD50323E0E70F2070471FB50C466946E2
S214037F3000F025F8102221466846E2F753FBB0FA14
S214037F4080F0400904B010BDB8B1B1B14388A3B9FD
S214037F500378013B082B10D8DFE803F00507090B6D
S214037F600F0F0F0F0D00DFF79BBADFF7F5BAFFF71A
S214037F7076BEFFF700BFDFF783BC2120704738B516
S214037F800D4609B300B30378013B082B1AD8DFE884
S214037F9003F0050D1013191919191600DFF7B8FAAF
S214037FA00446284602F099FE204638BDDFF7F4FA69
S214037FB0F6E7FFF78FFEF3E7DFF724FBF0E7DFF7DD
S214037FC069FCEDE72124ECE72124EDE770B586B0E4
S214037FD0064601A80C461546FFF73CFE04238DF81B
S214037FE004301CB12068616802AB03C3294601A8AC
S214037FF08DF80560FFF7A8FF06B070BD70B586B0B4
S214038000044601A80D461646FFF724FE0323206800
S21403801061688DF8043002AB8DF8116003C32946FE
S21403802001A8FFF791FF06B070BD0022FFF7E6BF79
S21403803030B585B00D4669460446FFF7A0FF20B964
S2140380402A4621466846FFF73AFF05B030BD30B5ED
S214038050437B044613F001020D468BB007D04078ED
S21403806001A9F1F703FC70B12D200BB030BD9B07BF
S214038070FAD5ADF8022001A90DF10202043002F090
S2140380802CFC0028F0D000210E22A81CE1F75EFF8E
S214038090BDF810302B80039BAB60BDF81230AB816C
S2140380A09DF81430237301AB03CB6060A1600020FE
S2140380B0DBE770B5437B0446DB070E468AB003D482
S2140380C02D2528460AB070BD6946407800F04DF964
S2140380D005460028F4D1DDF81D300E226360DDF876
S2140380E021300146A360637BB01C43F00203637335
S2140380F0E1F72CFFBDF80030069A43F00403338003
S214038100059BB2607360DCE70B4610B5044610228D
S21403811000211846E1F71AFF2278032A09D0042A19
S2140381200DD0022A11D101462046BDE81040DFF7E4
S21403813017BC01462046BDE81040FFF788BF01463E
S2140381402046BDE81040FFF7B4BF262010BDF8B5A3
S214038150074608460C4616461D46FFF77BFD0423D6
S2140381602370637B314643F00103204667706373D5
S214038170FFF705FF08B12D20F8BD29462046FFF777
S214038180C3FF0028F8D0F6E7F8B5054608460C46C0
S2140381901F461646FFF75EFD0423237025B108220B
S2140381A02946E018E1F724FF637B43F00203637379
S2140381B04EB932460121284600F0E4F8FF286070E5
S2140381C007D12D20F8BD31462046FFF7D8FE0028FC
S2140381D0F7D1637B43F0010363730DB90020F1E726
S2140381E0002FFBD039462046FFF78EFFF6E7F8B59B
S2140381F00C460746084616461D46FFF72BFD032387
S2140382002046394600F8043B0822E1F7F1FE637B7B
S214038210314643F0020320466373FFF7B0FE08B10E
S2140382202D20F8BD29462046FFF76EFF0028F8D01C
S214038230F6E7F8B5074608460C4616461D46FFF70A
S21403824009FD03232370637B314643F00103204675
S21403825067706373FFF793FE08B12D20F8BD2946B8
S2140382602046FFF751FF0028F8D0F6E718B1802222
S214038270012100F087B8FF207047002307B51A4690
S21403828019460093F3F742F8B0FA80F0400903B0BA
S2140382905DF804FB0B4610B519220446FF21184669
S2140382A0E1F754FE7E2C01468CBF04F5C43004F57A
S2140382B083304FF01902BDE8104088BFAD30D3F7C6
S2140382C0D9BC7E2888BF00F5C4304FF0190294BF8E
S2140382D000F58330AD30D3F7F9BC30B589B00D4621
S2140382E0FFF7C4FFFF2804460DD001A9FFF7D2FF0E
S2140382F02868696801AB03C3204601A9FFF7E1FFBD
S214038300002009B030BD2D20FBE7704770470020E2
S214038310704770470F20704770479DF800007047FE
S2140383200F2070470F207047002070470F207047BC
S214038330002070470020704784B08DE80F000020AF
S21403834004B070470020704770477047002070479E
S2140383507047002070477047002070470120704721
S214038360704700207047012070470E207047FF209B
S21403837070470E2070470E207047002070477047E6
S2140383800E207047FF2070477047704700207047E5
S214038390704770477047002070477047002070474B
S2140383A000207047002070477047704700207047D2
S2140383B070470020704700207047704700207047C2
S2140383C010B50024E3B210B9C3F10303DBB20134E2
S2140383D0042CCA544FEA1222F4D110BD10B50B7800
S2140383E04C788A78C97828B9104622460446084647
S2140383F01946034642EA012043EA042343EA0040BF
S21403840010BD7047DFF760BB08B5CEF753FB0028F7
S21403841014BF8620002008BD08B5CEF71BFD003824
S21403842018BF012008BD08B5CEF7D4FC003818BF26
S214038430012008BD08B5CEF759FD003818BF012046
S21403844008BD08B5DFF720FCBDE80840DFF7CEBB64
S21403845070B504460D461646DFF716FC0420DFF714
S214038460B7FB324629462046FFF7DDFF04460220C7
S214038470DFF7AEFB204670BD08B5DFF705FCBDE8A9
S2140384800840CEF78BBCDFF737BFDFF717BF08B55B
S214038490DFF714FF20B1BDE808400020E0F74CB832
S2140384A0112008BD10B5044608B1E0F727F92046A9
S2140384B0BDE81040FCF74BBF10B50446006A10B188
S2140384C0616AFFF7EFFF0020C4E9080010BD38B566
S2140384D00546FFF7F1FF2B7E0446012B0ED0023B29
S2140384E0012B0ED8EB69012B18BF6FF096042822D8
S2140384F000212846E1F72AFD204638BDEB69002B0C
S214038500F2E76FF09604F2E718220021E1F71EBDAA
S21403851070472DE9F84F9846DDE90B490D9B154644
S2140385209A0706460F4623D02A460A9B03EB040AFD
S2140385301444A24220D10D9B9B0705D5A2EB050A46
S214038540D14505EB0A0420D82046BDE8F88F4346FC
S21403855039462020B0470AF1010ACA450AEB0B0246
S214038560F5D3A9EB04024C4588BF00222A44DCE776
S214038570A246A5EB040BF0E702F1010B434639468E
S2140385801AF8010DB0475A46D3E743462246394602
S2140385902020B0470AF1010AD2E72DE9F047DDE9CA
S2140385A00D7616F0020F9DF82880DDE90854DDE904
S2140385B00BCE1FD106F001094FB1B9F1000F06D05B
S2140385C0B8F1000F02D116F00C0F00D0013F4FF0A8
S2140385D0300A04E0202C04D005F804A001347445C6
S2140385E0F8D3B9F1000F05D04FF03009A74201D9EF
S2140385F0202C2DD116F0100F1FD016F4806F2CD11F
S2140386005CB3744501D0BC4227D1B4F1010E23D02C
S214038610BCF1100F46D1023C16F0200F28D1202CB7
S21403862028D04FF0780C05F804C00134202C21D054
S2140386304FF0300C05F804C00134202C1AD0B8F1E2
S214038640000F23D04FF02D0C05F804C0013412E0C0
S21403865005F804900134C9E77446BCF1100FDBD06B
S214038660BCF1020FE2D1202C04D04FF0620CDAE703
S214038670202C08D12024CDE90A76CDE90854BDE89C
S214038680F047FFF746BF4FF0580CCCE716F0040F41
S21403869002D04FF02B0CD7E716F0080FEBD04FF0B5
S2140386A0200CD1E7BCF1020F7446C1D1DDE72DE9FA
S2140386B0F04391B0189D1A9E1D9F0DB927F0100721
S2140386C07C0500D515B317F0200F14BF4FF0410EED
S2140386D04FF0610EAC4600250DF12008AEF10A0EF0
S2140386E0BCFBF6F906FB19C95FFA89F4B9F1090F61
S2140386F094BF30347444E4B2B44508F8014B05F132
S2140387000105BCFBF6F401D3202D10D11C9C069763
S21403871005941B9CCDE903649DF86440CDE90154A0
S21403872008AC0094FFF739FF11B0BDE8F083A44608
S214038730D6E72DE9F04F95B0269ECDE90A23DDE96D
S2140387401E74DDE9229B57EA040308BF26F01006D1
S2140387507205CDE9080102D557EA040337D016F0AF
S214038760200F14BF4123612300250DF1300AA3F126
S2140387700A0821464A465B463846E1F77BF8D2B2FA
S214038780092A94BF303242444F45D2B274EB0B04ED
S21403879005F101050AF8012B01D3202D14D1259BE1
S2140387A006960593249BDDE90801CDE903939DF81E
S2140387B08030CDE901530CAB0093DDE90A23FFF7C4
S2140387C0ECFE15B0BDE8F08F07460C46D1E7002552
S2140387D0E5E708B100F014B8704710B1D1E90031ED
S2140387E01847704738B5441E14F8015F25B90A20A8
S2140387F000F006F8284638BD284600F001F8F3E7EF
S21403880001460020FCF776BB70477047E9F7A2BA2B
S214038810704708B5FCF73FFBCEF74CF9BDE80840B8
S214038820D0F75CBA704708B5CEF78CFCFBF775F843
S214038830BDE80840DFF728BA08B5FBF7FBFEDFF70D
S21403884091FFFBF7D5FDE0F72FFBE0F71BFBE0F707
S2140388509DFABDE80840D3F7E7B908B5D1F7FEF9A6
S214038860FBF7B5FDD1F706FAFBF7B3FDD5F7EEFB3D
S214038870D5F794FCD5F79CFDBDE80840D5F7BABC00
S21403888070477047E0F7A8BA08B5FCF74FFFBDE896
S2140388900840FCF773BF704707B50022034611462E
S2140388A001200092D4F74CFD03B05DF804FB07B536
S2140388B000920B46027D81898068FDF74CFD0038E7
S2140388C018BF0120C00103B05DF804FB08B5002003
S2140388D0DBF744FE0020DDF7D5FB0020D6F710F9C2
S2140388E00020D6F7FDFB0020D7F726F90020D9F79E
S2140388F055FC0020DAF7C0F90020DAF7B5FFBDE82B
S21403890008400020DBF7A0B808B50120FDF73AFAC7
S214038910BDE808400120D6F7E3BB08B50220DBF725
S21403892011FF0220DBF7AAF80220DDF7B9FE0220CA
S214038930FFF7ABFD0220FDF790FC0220DAF79CF967
S214038940BDE808400220DBF79DBB7047FDF7A5BFD7
S2140389507047704770477047704770477047704757
S21403896010B50446DBF7A8FA2046D7F7F7FB2046F0
S214038970D8F74AFB2046BDE81040FDF7A1BCFDF73B
S214038980BCBCFDF7C6BCDAF779BF704770477047C3
S214038990704770477047704770477047704705F0D9
S2140389A027BB70477047DBF703B8704770477047BD
S2140389B070477047704770477047FEF744BCFEF732
S2140389C048BC704700207047FEF745BCFEF74FBC17
S2140389D07047431E012B03D9031F58425841704763
S2140389E00120704700F021BC4FF4D0720021E1F75C
S2140389F0ADBA70B50446E3F781FB0546A8B9A1698D
S214038A00F1B1238AD3B1204604F11002E3F724FA26
S214038A1038BBE16919B3638AA3B1204604F1120295
S214038A2000F0CAFA78B1054603E00023A361236188
S214038A30E361002328466361236270BDA061E8E713
S214038A402082E6E7E361216A0029F2D0A28A002A9F
S214038A50EFD02046E38ABDE8704000F06FBA61822B
S214038A60F1E76582E561DEE711B9D0F8DC1021B1E4
S214038A70CB6813B18B68D88970474FF6FF70704781
S214038A80E2F720BC10B50C461146E2F741FCE3F7CB
S214038A906FFE012801D1002010BD002CF7D1052060
S214038AA0FAE700F0CFB900F0E3B970B50023242548
S214038AB0D0F8DC00C4689C4201D1212070BD8268D6
S214038AC005FB0322D6898E4202D8128A8A4201D235
S214038AD00133F0E70020F1E7F8B506460D46E1F767
S214038AE08DFED8B94FF6FF734FF0240CEF68C1B272
S214038AF08F4208D81C4621463046E2F735F800F088
S214038B009AFB2046F8BDAA680CFB0122D4899C4236
S214038B1002D2002CEFD023460130E8E70024F0E72A
S214038B20C08D70470A7838B505461046FFF751FFE3
S214038B3060B14C782046FFF74CFF38B12243530709
S214038B4004D42846BDE83840E2F72EBE212038BDBF
S214038B5010B504460878FFF73CFF58B14A7810462C
S214038B60FFF737FF30B1042A04D02046BDE8104093
S214038B70E2F738BE212010BD00F0E8B8E3F79AB953
S214038B80084600F008BBE2F7D9BC38B504460D46E4
S214038B9000F08EF850B129462046E1F7E5FF30B9DC
S214038BA029462046BDE83840E2F790BC0E2038BD83
S214038BB070B516460C4605F078F83146054620464D
S214038BC0E5F772FE0446284605F06AF8204670BDAF
S214038BD000F032B970B5044600200E4600F027FBBD
S214038BE0D4F8F0503DB1002331462046AC46BDE8EC
S214038BF070401A4660472B46012231462046E2F76C
S214038C00FDFE284670BD38B5044648880D4600F07C
S214038C100EFBD4F8F0302BB929462046BDE8384081
S214038C20E2F7FABD022038BD00F003BB00F03CB902
S214038C30E2F71ABBE4F712BE70B5BDF8106005463E
S214038C4006B16BB1334428469BB200F077F904466D
S214038C5020B91EB13146284600F0ABF9204670BD58
S214038C602124FBE7E4F780B9C0F8EC100020704736
S214038C70E3F70CB800F05EB910B4BDF804400194F5
S214038C805DF8044B00F09FB80B4610B51446184623
S214038C90A1689288E1F7EAFAE168034631B1A08851
S214038CA06288121A92B21844E1F7E0FA002010BD67
S214038CB00346408A18B1188A003818BF0120704747
S214038CC00846E4F7D7BE00F0ECBA00F0EABAE5F7D8
S214038CD0E3B8084708B5E2F70FFBC0B208BD022A9F
S214038CE001D800F0E2B921207047022A01D800F02B
S214038CF0EDB921207047022A01D800F0F9B92120E6
S214038D007047E3F723BE0846E3F73EBE00F018BA03
S214038D1000207047002070477047D0F8943003F067
S214038D206003402B0DD0602B03D0203B58425841A4
S214038D30704749B10B68012B06D9486940F001001A
S214038D40704740F20110704700207047F7B504469D
S214038D501046D4E954C7DDE908268CEA020587EAFB
S214038D6006010540194085EA0C057940C4E95451CB
S214038D70002523F4004106EA010320F0010043F432
S214038D800073024043F00203CDE90055E6F756FCB4
S214038D9094F824309A0713D5D4F854319B050FD58D
S214038DA04FF48811204600F058FB94F8243002460E
S214038DB065F3410384F8243020460B46E2F770FA45
S214038DC0002003B0F0BDF0B587B01C461746BDF8CB
S214038DD030601AB90024204607B0F0BD002BF9D046
S214038DE00029F7D001AAE4F7BFF80028F2D0BDF8AF
S214038DF00630A2199A42BDF80850C4BF9B1B9CB20A
S214038E00B54212D90399AD1BADB23144A5420391C5
S214038E10ADF808500DD22A463846E1F727FA0499EA
S214038E20621B7819E1F722FAD5E70499761B3144D9
S214038E30049122463846F5E70846E5F7D5BC0220F6
S214038E40E5F720B808B5D0F8E4304BB11A68022A23
S214038E5006D993F825204AB1186AB0FBF2F008BD8C
S214038E604FF446624C210020E1F7E0FE0020F6E7CF
S214038E70D0F8E42008B57AB11368022B0CD9536AEC
S214038E8013F47F4FC3F3072106D0126ADBB25343B2
S214038E908B42B3FBF1F006D2002040F67F424C2112
S214038EA0E1F7C4FE002008BD0346D0F83001086091
S214038EB0B3F8343100208B80704790F830310C2B98
S214038EC014BF90F82B00FF20704738B50C464FF4BC
S214038ED000610546E7F756FC70B17CB195F81E3184
S214038EE073B94FF480724FF480712846E7F736FC67
S214038EF0003818BF012038BD2202F4E72246F2E705
S214038F000020F8E74FF48071E7F73CBC08B54A0247
S214038F104FF40071E7F722FC002008BD08B58A026B
S214038F204FF48061E7F71AFC002008BD4FF4007188
S214038F30E7F728BC062300208B717047B2F5805FE5
S214038F40F8B50F460646154619462ED89A422CD330
S214038F503F2A26D9B2FA82F40122C4F11F03DBB2F8
S214038F609A4092B2AA422CBFC4F11904C4F11A045F
S214038F70E2B20124931DDBB29C40A4B2AC4212D0F1
S214038F8096F8F5309BB9012096F8243060F3C713A2
S214038F9086F824303846E3F7FBFD00203762B582B7
S214038FA0F8BD0022ECE70020EEE72120F8E70E20CC
S214038FB0F6E70846E3F70CBE70B505460E461446BC
S214038FC002B313883F2B1DD9B3FA83F3C3F11901F8
S214038FD0C9B2062901D8192B12D0062928BF0621A3
S214038FE001238A1DD2B2934030462380E3F7F8FD6F
S214038FF023882846EE616B82E3F77CFE002070BD73
S2140390000021EDE72120FAE710B5144608460121B2
S214039010E5F7C0FA2046BDE810400121E5F7BABAE5
S214039020F8B504460E46174604F03FFE3A46054694
S21403903031462046E5F76CFD0446284604F030FE2C
S2140390402046F8BD0220704703207047E4F712BF9E
S21403905010B50023E3F792F9044608B9E6F70CFDCA
S214039060204610BD704770B505460E46144600F000
S214039070E3F831462846FFF72FFD00F0DDF8230717
S21403908004D50B2C9CBF24F00804A4B22146284622
S214039090E2F738F900224FF400312846E7F75EFB83
S2140390A0002070BD8021E7F76DBB7FB5531C05AA72
S2140390B0ADF81410029202210022DBB2CDE90021A2
S2140390C01146E7F769FB07B05DF804FB7FB5531C51
S2140390D005AAADF81410029204210222DBB2CDE9F0
S2140390E0002100220121E7F757FB07B05DF804FBD8
S2140390F01FB5531C029100220821CDE9002101224D
S214039100DBB21146E7F748FB05B05DF804FB07B58D
S21403911091F82830009391F82B3091F8292091F894
S2140391202A10E3F7D9FB03B05DF804FB10B5044639
S214039130E2F7E2F801462046BDE81040E2F7E2B85F
S214039140002914BF21200020704738B50546104675
S2140391500C46E3F747FCD5B1D5F8E030BBB15B6905
S214039160ABB1421ED2B2FD2A13D90A68013204BF3C
S2140391706FF001020A600A68FF281A6007D1626866
S214039180013202D16FF00102626062685A60002009
S21403919038BD0128F2E738B50546E5F7E1FC044695
S2140391A00021A878E3F786FC204638BD2DE9F74F63
S2140391B001251C469DF83030064601930368174682
S2140391C003F0070306339D4005F1FF380B46A1B1B4
S2140391D0416804EA080BA5EB0B0A41F00059524517
S2140391E009EB0B0114D952461846E1F73FF84946F6
S2140391F07A1B5A445044E1F739F8019B2BB13C449F
S21403920048EA050804EA0804F46003B0BDE8F08FF2
S2140392101846F0E737B5002514460095FFF7C6FF56
S214039220204603B030BDE3F759BA0020704700204C
S2140392307047002070477047704730B549000446B2
S214039240056812B102291FD90339C90395B9E1B1DB
S214039250B1FA81F3C3F12003C3F10F00012838BF2D
S214039260012003F01F03D940A94201D90138490858
S214039270216030BDB5FA85F339B1B1FA81F29B1A94
S214039280002BE9DC0F20EFE700210F20F0E7012891
S21403929005D9023818BF4FF0FF30C0B2704701201F
S2140392A0704708B5E4F740FFBDE80840E4F764BF3D
S2140392B038B50446FFF7F5FF0546FFF7F2FF431BF5
S2140392C0A342FAD338BD38B50D460446E4F72CFF5F
S2140392D035B1844200D90139204601F0030138BD77
S2140392E0844238BF0131F7E708B50121FFF7EBFFEA
S2140392F0BDE80840E4F740BF0B0C23F48053B3F5F6
S214039300284FF7B50D468FB2064699B216D04AF6E1
S2140393100103994214D04AF60203994212D0B1F5DA
S214039320204F14BF04240324D6F8E0300BB1196889
S21403933051B9D6F8DC3093B928680EE00024F3E779
S2140393400124F1E70224EFE7234668463A46E4F7AA
S2140393506FFFDDE90003002BEBD103B0F0BD196806
S2140393600029E9D0234668463A46E4F761FFDDE97B
S2140393700003002BE0D1F0E702F070BD0204C0F357
S214039380891307D56FEA83536FEA935313F5007F68
S21403939018B206D0A3F1C8006FF4FF739842B8BFA3
S2140393A0184670474FF0384359699A6903F50053D6
S2140393B00A405A6170470E207047E6F751BDE6F73C
S2140393C04FBDE6F74DBDE6F74BBD08B50846E7F7D4
S2140393D06DF908BDE6F744BD0220704702207047CA
S2140393E00020704701207047002070470E2070470A
S2140393F000207047E3F7BCB9084611460122FFF781
S21403940041BB70B505460C4611461A46E7F700FA07
S21403941006682B462046B446BDE87040604710B544
S214039420E7F7F6F9BDE8104083681847FFF710BE64
S214039430E3F7C6B8FFF7A9BBE2F7D0BD70B504469D
S2140394400D4616464FF4881100F01CF8324629469E
S2140394502046BDE87040E3F7E5BA38B505460C4646
S21403946004F023FCD5F890301C40D5F88C30234309
S214039470C5F88C3004F014FC211E18BF012100200F
S214039480490238BD38B504460D4604F00EFCD4F840
S21403949090301D40D4F88C3023EA0505C4F88C5070
S2140394A004F0FEFB284638BD38B504460D464FF497
S2140394B08811FFF7E7FF29462046BDE83840E3F763
S2140394C0D9BA73B50D7806460C4635B304238DF822
S2140394D004302379304601A98DF80530FFF738FBB1
S2140394E00546B8B92278A37952BB8DF80430E379E0
S2140394F0304601A98DF80530FFF714FB054648B939
S21403950023783BB161883046E2F786FB012130467B
S214039510FFF7DBFC284602B070BD2946FFF7D5FCF3
S21403952029463046FFF7F2FC29463046FFF7F6FC9D
S2140395302378002BCAD123798DF804306379C9E7E1
S21403954002228DF80420D3E7FFF7E0BCFFF7EEBC5A
S2140395500020704710B50446E7F7F4F921460020CB
S214039560E8F752F8BDE81040002000F03EB9704717
S2140395700120704708B5E8F775FE80F00100C0B219
S21403958008BD4FF0FF30FFF79EBB704700207047C3
S21403959010B50C4604F0A4F8048010BD38B50C468C
S2140395A0154604F09DF803881DB11C43A1B2018043
S2140395B038BD23EA040189B2F9E708B504F090F848
S2140395C0008808BD08B504F08BF8C07808BD08B558
S2140395D004F086F8008800F00C0008BD08B504F017
S2140395E07FF8008800F00C00031F5842584108BD5E
S2140395F038B5054604F074F804462846FFF7EEFF30
S21403960030B904F1100004F02DFD00F4406038BDBD
S2140396104FF40060FBE738B5054604F061F80446EE
S2140396202846FFF7DBFF014648B9103420460422DC
S21403963003F096FF2044BDE8384004F013BDA0882D
S21403964038BD10B50C4604F04BF8848010BD38B511
S214039650054604F045F804462846FFF7BFFF0146D3
S21403966008B1201D38BD10340422204603F078FFCD
S2140396702044F7E738B5054604F032F80446284692
S214039680FFF7ACFF30B904F1100004F0EBFC00F474
S214039690404038BD4FF40060FBE738B5054604F09C
S2140396A01FF804462846FFF799FF014648B91034C9
S2140396B02046062203F054FF2044BDE8384004F059
S2140396C0D1BCA08838BD38B5054604F009F8044671
S2140396D02846FFF783FF014608B1201D38BD103426
S2140396E00622204603F03CFF2044F7E708B503F0C4
S2140396F0F7FF007A08BD08B503F0F2FF90F90900FA
S21403970008BD08B503F0ECFF807A08BD08B503F082
S214039710E7FFC06808BD10B50C4603F0E1FF04720E
S21403972010BD10B50C4603F0DBFF447210BD10B538
S2140397300C4603F0D5FFC46010BD2DE9F8430F4671
S2140397408046002107F110001646994604F03CF8BF
S2140397500446D0B103F0C4FF0546204603F0DCFF01
S214039760002102462846E0F7F1FB00232046AB70B3
S21403977049F00401FFF70CFFA5F804802EB13A4622
S214039780314605F11000E0F771FD2046BDE8F88389
S214039790F8B505460F461020002104F015F80446D8
S2140397A0B0B103F09DFF0646204603F0B5FF002147
S2140397B002463046E0F7CAFB002339462046B3701C
S2140397C0FFF7E6FE25B12A460121204603F0D4FF23
S2140397D02046F8BD08B503F083FF103008BD08B572
S2140397E003F09AFF1038C0B208BD0020E7F734BE76
S2140397F008B5E8F78FF8002008BD4088C0F30C00D2
S2140398000330800840000430704770B50E460546A6
S2140398101146304603F0D8FF044635B128B103F0AD
S2140398205FFF32462946E0F7E3FB204670BD00881B
S214039830B0FA80F04009704738B505880022044620
S21403984004F07AFC05B1258038BDF8B507460D4609
S21403985000880021164603F07BFFB042044605D17C
S21403986029463846BDE8F840FFF7E6BF0021204604
S21403987003F06EFFB04205D02046002103F068FFD8
S2140398800446F3E72A462046002103F075FF3246D6
S2140398902846BDE8F840002103F06EBF38B50446FD
S2140398A038B1002104F042FC002301465D1C09B9CF
S2140398B098B238BD204604F05DFC2B460146F5E71A
S2140398C0F8B5058807467DB1CCB22146284603F095
S2140398D03FFF8542064609D100233B8000222146EE
S2140398E0304603F049FF35462846F8BD214603F0C7
S2140398F02FFF21460246284603F03EFFEEE72DE9FA
S214039900F04707888246884614465FB3384603F016
S21403991003FF3D460646E4B22146284603F018FFF9
S2140399204045814616D1214603F012FF21460246E2
S214039930284603F021FF474504D1454508BF0025C7
S214039940AAF8005000222146404603F015FF304691
S214039950BDE8F0878742FAD003F0DEFE30444D467A
S21403996086B2D9E73E46F2E700220123C0E9002388
S2140399707047F8B504460127002604F0A3F92368C8
S2140399803BB904F09AF900226368012B0ED1636099
S214039990F8BD1D691F61266004F08FF9012DF2D012
S2140399A02B462D691E61012DFAD1E6E719691A6166
S2140399B00B46EAE7036823B94068012803D0E8F7B3
S2140399C0F1BC002070474FF0FF307047F8B50546EE
S2140399D004F063FA012306460027A8602B7304F0FD
S2140399E071F92B6802467BB11C692169A1420CBF41
S2140399F02F6019612761104604F05FF9012C08D027
S214039A00204663689847EAE76C68012C04D104F0A3
S214039A1054F900232B73F8BD6169711AB1F1004F35
S214039A20F5D8216969602361E5E77047022070472E
S214039A3002207047002070470144884201D101206C
S214039A40704710F8013B9342F7D000207047082177
S214039A50FDF7A6BF70B50146064692B00020E7F7AD
S214039A609DF9044670B9FDF796FF054601466A461A
S214039A702046E7F7E7FC6A46294620468DF802604B
S214039A80E7F796FF204612B070BD00B593B0FDF71A
S214039A9082FF6A4601460020E7F7D4FC9DF90200E0
S214039AA013B05DF804FB00B593B0FDF774FF6A4688
S214039AB001460020E7F7C6FC9DF8000013B05DF8EA
S214039AC004FBE7F783BC012070477FB54FF6FF71B1
S214039AD001AAE8F743FF20B1BDF80C0007B05DF814
S214039AE004FB4FF6FF70F9E708B504F082FB003875
S214039AF018BF012008BD08B51046EAF703F8BDE80D
S214039B000840EAF7BDB8704770477047704770471C
S214039B1070477047002100B593B06A460846E7F7DA
S214039B2091FCBDF8060013B05DF804FB002110B5E8
S214039B3092B004466A460846E7F784FC00216A4664
S214039B400846ADF80640E7F733FF12B010BD002114
S214039B5000B593B06A460846E7F774FCBDF8040000
S214039B6013B05DF804FB002110B592B004466A46B4
S214039B700846E7F767FC00216A460846ADF8044046
S214039B80E7F716FF12B010BD704773B50646E9F740
S214039B900BFA04463046ECF789F9224603460021C1
S214039BA03046F7F7A3FF0546D0B1FFF713FE04468A
S214039BB0284603F095FD0023E21D121A29460820C5
S214039BC00093D2B2FBF791FE0138C0B2012807D842
S214039BD001222946304602B0BDE87040E9F71ABABA
S214039BE002B070BD134610B50A4600210446F7F7C7
S214039BF057FF014628B12046BDE810400222E9F788
S214039C0009BA012010BD07B5009313460A46002182
S214039C10F7F7C0FE28B1002103B05DF804EBF5F7B3
S214039C206BBC012003B05DF804FB2DE9F04F87B051
S214039C300C4691460746FFF7CAFC0546661C3046A7
S214039C4004F010FA042D40F090803846FFF7C2FD6A
S214039C500378092203F00303012B14BF0223032313
S214039C6001212046039303F07BFC092200210546CD
S214039C70204603F075FC21788DF817000139002281
S214039C80204689B2FFF7C1FD04EB09088346F0B10D
S214039C904FF0010A2A460146CDF800A003980DF1BD
S214039CA01703FBF722FE0228054626D1584603F083
S214039CB033FD00222070C0B2431E00929BB2524670
S214039CC05946304604F0CFFA237853442370384677
S214039CD0FFF773FC020424D498F8013021789B071D
S214039CE01FD50139A1EB09013A464046C9B2EDF743
S214039CF0F9FE23781844207013E020B92070284614
S214039D0007B0BDE8F08F032809D1404604F0AAF94E
S214039D1020F4007189B2404604F0A6F9D7E7042878
S214039D20D5D10125002220462178FFF76EFD074690
S214039D300028E4D04FF0000801464346012240467F
S214039D40CDF80080FBF7D1FD022819D1384603F081
S214039D50E3FCC2B2013A207093B239460122304680
S214039D60CDF8008004F07FFAC9E780F0800520F084
S214039D70800081B23046C5F3C01504F075F9D1E70B
S214039D800028BCD12070BAE708B50020FFF7F2FB25
S214039D9080F00100C0B208BD0A4608B5014600209F
S214039DA0E9F738F9B0FA80F0400908BD0020E7F774
S214039DB033BF00210846E7F7D7BB0020FFF7D8BB21
S214039DC070B5044604F04EF90422002106462046E8
S214039DD003F0C6FB204404F045F9032205460021A0
S214039DE0204603F0BDFB204404F03CF94FF6FF7316
S214039DF00540ADB29D4214D1F30712D506220021C9
S214039E00204603F0ADFB204404F02CF90446E9F7A2
S214039E1073F9844214BF02240624E9F767F9204045
S214039E2070BD2046FBF77AFFC400E4B2F5E708B539
S214039E30FFF7C6FF003818BF012008BD0120704792
S214039E4010B50446FEF7B5FA08B9FEF7B4FA0305EB
S214039E500FD40C231B2B01D1002009E020FA03F1B9
S214039E60C90703F1010206D5DBB2E31A584258418B
S214039E7010BD0B23F9E71346ECE710B50C4609882B
S214039E8019B90846F7F7ECFD2080012010BD08B588
S214039E9010461A4600F0B8FABDE8084004F080B849
S214039EA070B504460D46164692B06A46E7F7CAFAF8
S214039EB06A46294620468DF81F60E7F779FD12B0FB
S214039EC070BD10B50C46E9F7F3FC2046BDE810401C
S214039ED0E9F704BC0129F8B505460C461DD003294D
S214039EE01ED0052920D0072922D0002600240027CB
S214039EF00120E7F7EBF9304485421DDA0320E7F744
S214039F00E5F92044854219DA0520E7F7DFF93844F6
S214039F108542B4BF07200520F8BD6FF00406E5E7C9
S214039F206FF004040526E2E700266FF00407DFE778
S214039F30002405272646DBE70120EDE70320EBE7B1
S214039F4038B5054600242046E7F7C0F90134A84291
S214039F50E4B202D9062CF6D10724204638BD38B120
S214039F604379490023F00C0301F00C010B434371C2
S214039F70704710B5044678B141794088490801F026
S214039F8006010131000AFFF7A5FF024601462046F7
S214039F90FFF7E5FF104610BD0722FBE738B50D4671
S214039FA0E9F774FC044608B9002038BDFFF7E1FF63
S214039FB0002DFAD1237913F00703F5D0984238BF62
S214039FC01846C0B2F1E7037923F00703194301717A
S214039FD07047037903F00F0343EA011303717047D5
S214039FE00022E9F7F7BF0021012208B5E9F7F2FFDF
S214039FF0401A18BF012008BD38B51546FFF7F0FF15
S21403A0000446284604F00BF984B1FF2804D062689E
S21403A01022FA00F3DB0701D5012038BD0123834074
S21403A02013436360E3780133E370F5E72046F4E710
S21403A030EAF73ABA10B503F053FB00F110042046D2
S21403A04004F010F820F4007189B22046BDE81040F1
S21403A05004F00AB82DE9FF411546019101218DF858
S21403A0600D301B0A8DF80E309DF82C308DF80C0041
S21403A0708DF80F3028460423009103AA9DF8288004
S21403A0809DF830709DF8346001F0D8FC044670B13A
S21403A0902946FFF7D6FAB8F1000F02D12046FFF79C
S21403A0A0C9FF2FB146B931462046F5F725FA0024F5
S21403A0B0204604B0BDE8F081002220461146EAF7A8
S21403A0C079F9F4E74FF47A70EAF7CEBAF0B50646B4
S21403A0D087B010461C460F461546FFF77BFB9DF8D8
S21403A0E03030184443789CB16178012211F0020F96
S21403A0F00CBF032100210020CDE90142CDE9031066
S21403A1000722394630460095EAF74AFB07B0F0BD0A
S21403A11022462146EFE708B5E8F758F9BDE80840B8
S21403A1200020EAF779BD00B58BB06846EAF778FAFF
S21403A130009BBDF8060004A90693EAF717FA0BB0CE
S21403A1405DF804FB1FB504466846EAF769FA02ABF6
S21403A15003CB2060616004B010BD1FB50623044620
S21403A1608DF80C30EAF7E8FE00238DF80D00CDE9F4
S21403A170003301210223204603AA01F05FFC04B04A
S21403A18010BD70B50C4605460120EBF7C9FD237BD1
S21403A1904BB1FFF7BFFC014623462A46BDE8704095
S21403A1A00120EBF777B94FF6FE71F5E7F8B50E46E3
S21403A1B00746FFF70FFB054603F054FF00F4404045
S21403A1C0B0F5404F14BF0022062202F10A03EB5CEF
S21403A1D00B325C0004F00E045B08144403F03803EF
S21403A1E038461C44FFF7FBFA844208D2001BC2B26F
S21403A1F00F2A28BF0F2230462919E0F737F82046E2
S21403A200F8BD40F62740ECF7BDBC13B5F5F716FCD2
S21403A2106946044600F0E1FF58B1FFF77BFC40B106
S21403A220E8F7C8F928B10023022269462046F2F768
S21403A230C5FF02B010BDFF224FF6FF71ECF7EEBE6E
S21403A24007B500210DF10700EDF776F89DF8070036
S21403A25003B05DF804FB13B5044601A90020EDF72F
S21403A2606BF8019A01462046EDF77CF8204602B0CB
S21403A27010BDF0B50F46002187B0044608461646C3
S21403A280EDF75AF8012305460DF10A008DF808404C
S21403A2908DF80930FFF756FF092C1DD131460DF115
S21403A2A0120003F0E1FE05AB002102AA9B1A284622
S21403A2B0CDE90011DBB2642101F0C0FB0546E0B135
S21403A2C0092C15D1EDF798F8044688B12846EDF722
S21403A2D0A7F8204607B0F0BD31460DF113008DF800
S21403A2E012704FF6FF7503F0BFFE0DF11503DBE7A3
S21403A2F0284600F02EF80446EBE70446E9E77FB568
S21403A3000D461646ADF80E0003F006FA841BE4B2BB
S21403A310BDF80E20631B9BB21046294600937319A3
S21403A32001F0C0FA21460DF10E0001F093FA04B0D5
S21403A33070BD38B504460D4603F08EFF40B1AC42FF
S21403A34006D0204603F0ECFBBDE8384000F0DBBF48
S21403A35038BD10B50446FFF73DFA023003F082FE1F
S21403A3604FF6F7739842204603D9BDE81040EDF741
S21403A370D9B9EDF723FAB0FA80F0400910BD0022F0
S21403A380EDF7F4B870B50546FFF724FA06462846F7
S21403A39001F078FB01462846F8F714F804462846E9
S21403A3A0FFF739F94FF6F773984208D8337803F076
S21403A3B00303012B05D1A31E5842584170BD01204B
S21403A3C0FCE70020FAE741F2033330B585B00D46CB
S21403A3D0ADF808300446FFF79DFB8DF80A00FFF73B
S21403A3E099FB0021000A8DF80B0005232046CDE9D2
S21403A3F0001102AA8DF80C5001F020FB10B1214683
S21403A400FFF7BDFF05B030BD2DE9F0410446174602
S21403A4100D46E1B13F294FF0000600D135462046F0
S21403A420FFF7D5F8082814D10121204603F090F948
S21403A430064603F071F90446304603F051F93B46ED
S21403A44001462A46E0B2BDE8F041FDF75BBB0126B4
S21403A450E5E72046FFF7BBF8024630B9BDE8F04112
S21403A4604FF6FF71012003F0C6BD2046FFF7C0F884
S21403A470B0F5006F0ED12046FFF7CDF84FF6FF7309
S21403A4809842014617D0002D0CBF0320052000225A
S21403A49003F0B1FD29462046EAF744F868B9294691
S21403A4A02046EEF71FFE40B9324629462046BDE851
S21403A4B0F041EDF73FBC0120E9E7BDE8F08137B591
S21403A4C04FF6F675FDF76AFA431E9BB2AB42044697
S21403A4D0F8D8E9F7DBF90028F4D169462046E8F70F
S21403A4E0C9FC0028EED0204600F0DCFF0028E9D1A6
S21403A4F02046FFF778FD0028E4D12046EEF766FEF7
S21403A5000028DFD1204603F0A7FE0028DAD1204634
S21403A510FDF75AFA0028D5D1204603B030BD73B5EF
S21403A52004460E46EEF752FE054688B92046EEF779
S21403A530A7FE21462B460D224FF6FD70009500F030
S21403A54056F83146204602B0BDE87040EEF75ABED4
S21403A55002B070BD37B5054614460C2914D8DFE89B
S21403A56001F02C132C1313130713131313242400B3
S21403A5706946E8F77FFC18B901216846F3F700FA45
S21403A58041202946F8F7C4FBD4B12046FFF722F949
S21403A590023003F067FD4FF6F773984210D9204652
S21403A5A003B0BDE83040EDF7D5BA40F6144040F6A8
S21403A5B013430B2908BF1846E3E7F6F7CBFDE3E79B
S21403A5C003B030BD1FB50346084603218DF80D3092
S21403A5D08DF80C1001230021ADF80E20CDE90031D3
S21403A5E003AA042301F02AFA05B05DF804FB2DE95B
S21403A5F0F34106460F4614461D469DF82080FFF796
S21403A60089FAB04207D100222146384602B0BDE897
S21403A610F041FFF79FBF3A4631462046FFF7D2FF89
S21403A620ADF8060060B10D2C05D100224FF6FF7180
S21403A630282003F0E0FC35B9BDF80600FFF789FED5
S21403A64002B0BDE8F0810123424629460DF106001B
S21403A650E7F710FEBDF80630002BEDD1F0E7F7B5AF
S21403A6600C460546FFF7B6F8611C06462846F7F77C
S21403A670A9FEA11C0746284601F027F90146044611
S21403A6803846FDF7D7F90D2F34D12046EEF79EFD59
S21403A69078B1301D03F0E6FC04462846F679FEF74B
S21403A6A0FCFF31460246204603B0BDE8F040FFF704
S21403A6B0A3BCB01C03F0D6FC4FF6F773984202D93E
S21403A6C02846EDF747FA2046EEF7DAFDFFF722FABB
S21403A6D0A04205D1002003B0BDE8F040EEF714BE5B
S21403A6E06B46B068F16803C369462046EEF78AFDF9
S21403A6F003B0F0BD2A463946204603B0BDE8F04015
S21403A700FFF728BF14220021DFF720BC2DE9F04F06
S21403A71011F00F0704460E4615468FB05CD1012094
S21403A720DDF792F809A8FDF795FA092309A88DF82D
S21403A7302430FDF793FA09A8DDF758F801A909A80C
S21403A740FDF71DFC26F00F08A84404F1100904F1D8
S21403A7500F0A454511D1236901A93344236109A88A
S21403A760FDF7F2FB0020DDF76FF8B6F1005F28BFB8
S21403A770272738460FB0BDE8F08F05AA234696462E
S21403A7809446186859680833ACE803004B4562469C
S21403A790F6D12B46224605F1100B53F8041B5B45F6
S21403A7A042F8041BF9D1714609A8FDF7CDFB09A8A9
S21403A7B0DDF71CF8224621460120DDF701F8013DAE
S21403A7C0631E13F8012F15F8011F534582EA010291
S21403A7D01A70F6D15D46BCE70227CAE7F0B51746FE
S21403A7E085B005460C46102200216846DFF7AEFB0F
S21403A7F0BFB3C4B30F2C04F00F0608D924F00F041C
S21403A8003A4621462846FFF781FF40BB2744324697
S21403A81039466846DFF72AFD80222F6906F11003C2
S21403A82037446B44B7F5005F03F8102C2F61C6F16D
S21403A83010061AD3062E1FDDFB001A0E8DF80A200B
S21403A8401A0C5BBA8DF80B20ADF80C306A46102153
S21403A8502846FFF75BFF00202B69103B2B6105B0F2
S21403A860F0BD3E46D8E72646D6E7022E04DDFB00BB
S21403A8705BBAADF80E30E9E76A4610212846FFF7C3
S21403A88045FF2B691022A3F11004002168462C61B2
S21403A890DFF75CFBB7F5005F4FEAC403CDD2E7E70B
S21403A8A070B50E46054686B001A81446FFF72AFF84
S21403A8B03246294601A8FFF791FF2246054601AB1B
S21403A8C005AE1C4603CCB44210605160234602F129
S21403A8D00802F6D1284606B070BDEEF7B3BD0A46A9
S21403A8E00021EEF7AFBDF0B58BB00C4601A9EEF72D
S21403A8F0A9FD054680B325220021E01CDFF726FBD1
S21403A9000123A3700E23BDF810702380FA0510D51B
S21403A91023464FF4877206AE23F8042B0DF1280C5A
S21403A920324603CA624518605960164603F10803A7
S21403A930F6D13B0605D5238843F080032380069B88
S21403A940636001AB03CB039BC4F81D00C4F821105E
S21403A950A361F0F783F8606128460BB0F0BD30B50D
S21403A96005460C4687B001A8FDF774F928686968A0
S21403A97002AB03C39DF8113043F002028DF8112099
S21403A98074B12288510644BF43F006038DF8113094
S21403A990530542BF9DF8113043F008038DF811307C
S21403A9A001A8FDF752FAB0FA80F0400907B030BDAF
S21403A9B070B58AB00D46002201A90446EEF742FDA3
S21403A9C088B1204604A9FFF7CAFF60B1BDF810603E
S21403A9D0FFF7A0F838B9720601D5730503D52946E3
S21403A9E02046FDF793F80AB070BD2DE9F3410F46F4
S21403A9F00546164602F090FE4FF00008C41BE4B26C
S21403AA00294623463A463046CDF8008003F02BFC11
S21403AA100121284602F09CFE88B10121284602F057
S21403AA2097FE074602F078FE0546C3B24246301943
S21403AA303946CDF8008003F016FC2544ECB22046D8
S21403AA4002B0BDE8F0812DE9F04F85B00C4605460F
S21403AA5091461F464FF0010ADDF838809DF83CB05A
S21403AA6002F05AFE22463B4629460646CDF800A08B
S21403AA70484603F0F8FB5146284602F069FE3C447C
S21403AA8018B35146284602F063FEF6B2B442814636
S21403AA9010DAE7B2F31BDBB2404622462946CDF86E
S21403AAA000A003935F4403F0DEFB039BBF1B9844A5
S21403AAB007F0FF0B012300220E9349465B464046F0
S21403AAC005B0BDE8F04F03F0CEBB5B4622462946F1
S21403AAD0CDF838A0F3E72DE9F041002686B0074607
S21403AAE008460C4615469846CDE9026604968DF848
S21403AAF0146002F011FE411BCBB20D2B28BF0D23B1
S21403AB002A462146009602A803F0ADFB424602A958
S21403AB103846EEF711FF0646294620469DF80820DC
S21403AB20F7F764FC304606B0BDE8F0812DE9F04F38
S21403AB300E46CBB00121054617461C4602F008FE1A
S21403AB4023463A462946814606A8FFF7C4FF0DF179
S21403AB50280A00EB070B5246314628465FFA8BFB62
S21403AB60FFF743FFB34503D200204BB0BDE8F08F99
S21403AB70ABEB06085FFA88F808F104039842F3DBA8
S21403AB80331F18440423C4B20193A31BDBB2009300
S21403AB90524643460021CDF808A006A8DCF7C4FDBC
S21403ABA00028E1D1A4EB0B040AEB0803E4B25246F7
S21403ABB028463146009301944346FFF744FF39463F
S21403ABC02846F7F7FFFB394600F0F8022846F7F762
S21403ABD00DFC0121284602F0BBFD002818BF4D4698
S21403ABE02846ADF8165002F097FD011FC9B20DF1C5
S21403ABF0160000F02FFE0120B7E72DE9D8410646E0
S21403AC0000F040FF411C044689B2304600F00DFFB9
S21403AC1098B394B321463046F7F7D4FB00F00C0301
S21403AC20042B074629D000F00308B8F1020F00D121
S21403AC301BBB384600F0AFFF3B060444A4B216D550
S21403AC40611C304689B200F0F0FEB0B121463046B2
S21403AC50F7F7B8FBB8F1010F014600F003030CD079
S21403AC60032B0AD0384600F0A5FF03199CB22146F1
S21403AC703046BDE8D84100F0D8BE0020BDE8D881F4
S21403AC80F8B5064600F0C0FE054604463046FEF715
S21403AC90A1FD43785B0718D5AC1CA4B22146304609
S21403ACA000F0C3FEB8B129463046F7F78BFB0746DC
S21403ACB0691C304689B2F7F785FB1FB1874201D876
S21403ACC0FF2808D104EB4704A4B221463046BDE86A
S21403ACD0F84000F0AABE0020F8BD13B5044601A84C
S21403ACE0EFF782F8BDF80430DA0710D49B0707D4D1
S21403ACF010220021204602B0BDE81040DFF726B937
S21403AD00224621461020FFF7CBFD0028F0D102B0E3
S21403AD1010BD024608B5EFF78FF8510544BF083853
S21403AD20C0B2130544BF0838C0B208BDF0B5D30798
S21403AD3005460C468BB04AD5008800F0A3FE0023D8
S21403AD400646029314B9CDE9034403AC0022082156
S21403AD502046FEF771FEA8B12888FEF73BFD0230B9
S21403AD6003F080F921460746E8F784F850B100223D
S21403AD7040231146384600F01DFA40F6094528469A
S21403AD800BB0F0BD31462888F7F71CFB10F0030F15
S21403AD900CBF01260026EEF799FB46EA4000C0B238
S21403ADA000900021204602AB05AAF0F7AFFA05464D
S21403ADB0EEF78CFB0028E2D0002DE0D000212046E1
S21403ADC0009602AB05AAF0F7A1FA0546D7E740F6C8
S21403ADD00A45D4E700231A46F0F7F2B930B58BB02C
S21403ADE005AD04462846FCF735FF0223284601A98D
S21403ADF08DF81430FDF7C3F8234601AA144603CC96
S21403AE00AC4218605960224603F10803F6D10BB032
S21403AE1030BD08B50023024619461846F0F7D0F9A8
S21403AE20012008BD37B504466846F0F741FA0546E3
S21403AE3048B1082221466846DFF7D4FBB0FA80F013
S21403AE40400903B030BDFF2208212046FEF7F4FD7B
S21403AE50034628B106212846FFF7BCFF0120F0E78A
S21403AE6022460146F0F7ACF9F8E707B56846F0F76F
S21403AE701FFA10B16846FDF700FA00F0010003B0B0
S21403AE805DF804FB0120F0F74DBF704737B5044665
S21403AE900846FEF7DCFB0546FEF73CFE00230146AC
S21403AEA0009322462B460120F6F778FA03B030BD0E
S21403AEB030B50124054689B003A8FCF7CBFE01A8EC
S21403AEC08DF80C40DCF7F0FC9DF806209DF8073063
S21403AED0AA4209D0AB4209D103A88DF80D40DCF78E
S21403AEE085FC012009B030BD0024F5E70020F9E712
S21403AEF000221021FEF7A0BD7FB50D4600F5823077
S21403AF000D22694600F58070D0F7B4FE6B462A46DC
S21403AF1002AE1C4603CCB44210605160234602F1D5
S21403AF200802F6D1206810602379137100236B732F
S21403AF3004B070BDF0B585B06A4605460B461646A6
S21403AF4001F10807144618685968083303C4BB425E
S21403AF502246F7D118680D2220601B7905F582304A
S21403AF603146237100F58070D0F7B0FE05B0F0BD12
S21403AF7038B504460D46DBF75BFFA04205D92046ED
S21403AF802946FFF7B9FF002038BD2820FCE730B577
S21403AF90002485B08DF80040DBF74AFFE5B2A842EF
S21403AFA004D8F2F751FB002005B030BD69462846A9
S21403AFB0FFF7C0FF0134EFE738B50446002002F080
S21403AFC07FFDFF2805460FD002F002FE10F00100B9
S21403AFD009D0284602F0FCFD400840EAC17080F024
S21403AFE0010000F0010038BD04F00100FBE7014654
S21403AFF0F8B506460020F2F761FAFF2801D00120D3
S21403B000F8BDDBF705FF00240546871CDBF704FFC6
S21403B010E3B2984201D80020F2E735F82430B34271
S21403B02003D117F82430002BE9D10134EEE738B505
S21403B0300D460121044602F08BFB30B10121204668
S21403B04002F086FB2880012038BD20462C8000F0C5
S21403B0500EFE0130C0B2F7E72DE9F04788B0074689
S21403B060894610460DF10A011D469046FFF7DFFF9D
S21403B0704FF0000ABDF80A6004463046CDE905AA3B
S21403B080CDF81BA002F048FB031BDBB20B2B28BF3B
S21403B0900B2322463146CDF800A005A803F0E3F8BB
S21403B0A048F21F039D4243D00BD885F40043012B7F
S21403B0B015D923464246494628460097FDF730F9F8
S21403B0C033E048F23A039D42F3D1FEF723FDB8423C
S21403B0D02BD02246414605A8FDF757F925E09DF8F3
S21403B0E0143013BBBDF81D40DDF81500DDF819104C
S21403B0F003AB03C3204603A9DCF7BCF801222046B2
S21403B10003A9EEF735F9A74206460ED0012103A898
S21403B110F2F736FC48F201039D4206D12EB93346B8
S21403B12032463946204600F046FE08B0BDE8F087B2
S21403B1309DF81450002DF8D12F469DF81580023443
S21403B140EAB24245F1D2D200D2B2224408233146B3
S21403B15092B2009703A8CDE9037703F084F803A817
S21403B160F4F79CFC02F0DCFC00F0CDF80135E7E7D1
S21403B17008B5E7F72BF9BDE80840F2F73FBE10B570
S21403B1800024418084800480C280038110BD13B5EF
S21403B190BDF81040CDE900340023F2F797FF02B064
S21403B1A010BD13B5BDF8104001900094F2F78EFF62
S21403B1B002B010BD07B500930123FFF7F2FF03B0FB
S21403B1C05DF804FB0123F3F727B80121F4F794B9DC
S21403B1D001464FF6FF70F4F7B7B810B50C4602F009
S21403B1E09FFCFF2808D0F4F741FC20B103682360D6
S21403B1F043680120636010BD0020FCE710B50446D9
S21403B200FEF7F6F9B0F5006F204605D1FEF703FA10
S21403B210BDE8104002F084BCFEF719FABDE8104002
S21403B22003F016B808B502F07BFCFF280CD002F03A
S21403B230CFFC10F0010309D0400840EAC17080F04B
S21403B240010000F0010008BD0020FCE71846FAE7FD
S21403B2501FB500F582300B2201A900F5C070D0F7A8
S21403B26009FD9DF80E0005B05DF804FB30B589B006
S21403B27001F0010503A90446F5F71AF89DB190B944
S21403B280204602F0A5FC10F0010109D0204602F08A
S21403B2909FFC430843EAC17383F0010303F00101F3
S21403B2A003A8F2F76DFB2046F5F79AFF9DF81430D6
S21403B2B0294600932046BDF8162003ABFCF79EFBF9
S21403B2C009B030BD7FB50C460546F4F7B7FBA04280
S21403B2D017D04FF6F7739C4213D805F5823606F55A
S21403B2E0C0760B2201A93046D0F7C4FC01A90B2275
S21403B2F03046ADF80C40D0F7E9FC21462846F4F773
S21403B300EFFB04B070BD10B50446DBF797FDA04213
S21403B3100FD92046F4F792FB4FF6FF73984208D0F6
S21403B32020460021FFF7A2FF2046BDE81040F5F7B0
S21403B33019B810BD10B50446FEF7ECFB0023024611
S21403B34019462046BDE81040F5F766B92DE9F041E9
S21403B35014460F4605469846FEF73CFA0646043062
S21403B36002F080FE20802846FEF797F96080B379C6
S21403B370791CE372C9B22846F7F724F8B91CA07201
S21403B380C9B22846F7F71EF8FE1C2072F6B2B8F1CB
S21403B390000F18D03146284600F097FA0537FEB25C
S21403B3A03146A080284600F090FAB11CE080C9B26E
S21403B3B02846F7F707F86072217AA0880122BDE8CD
S21403B3C0F041F5F749BE2088EAE72DE9F04186B05B
S21403B3D090461E4604460D46FEF79CFB4FF6F77353
S21403B3E09845074632D80523A0428DF80C304FF017
S21403B3F0010214BF012300234FF0000118BF8DF88C
S21403B4000D30CDE9002114BFADF80E008DF80D30D8
S21403B410284614BF0423022303AA00F00FFB0546A5
S21403B420A0B1A7421AD0FEF7D5F907462146043045
S21403B430803E02F019FE2046FE7104A9FFF7CDFEFA
S21403B44040B9204604A9E7F729FA18B9002006B040
S21403B450BDE8F081284604A900F07EFB4146284655
S21403B460FEF78DFFF3E7037923F00303194301F097
S21403B4703F010171704707B50DF10701F5F792FC1F
S21403B48003B05DF804FB08B5FFF7F5FF18B1BDE898
S21403B4900840F5F7D7BC08BD00224FF6FF701146EB
S21403B4A0F5F7DABD10B50446FFF7E5FF024638B9EF
S21403B4B001462046F5F7D0FD003818BF012010BD21
S21403B4C00120FCE7F8B5174604460E46FFF7D3FF00
S21403B4D00546386068B1037903F00303337023B974
S21403B4E03A68137903F03F0313713B685C88204680
S21403B4F0F8BD01462046FEF751FD074628B1E8F79A
S21403B500D3FB874201D83570F1E731462046FCF776
S21403B51001FF0028EBD003234FF6FF743370E6E7F2
S21403B52007B501AA0DF10301FFF7CCFF9DF8033021
S21403B53053B9019828B1037913F0300F14BF0120D3
S21403B540002003B05DF804FB0020FAE72DE9FF4175
S21403B5500646104688461546F4F7A0FA0746FEF751
S21403B560D9FA044648BB4FF6FF739E4225D09F4246
S21403B57006D00146384604B0BDE8F041EBF75EBEA0
S21403B58007238DF804302B680246CDF805306B6828
S21403B590092101A8CDF80930FEF737F9024618B994
S21403B5A0192004B0BDE8F081012341463046F1F787
S21403B5B0AFF80028F4D02046F3E70220F1E72DE9A0
S21403B5C0F04390460F4606464FF0010991B00BA88C
S21403B5D003ADFCF73FFB07AC29460BA8ADF82C9050
S21403B5E0FCF7CDFC95E80F0084E80F004B460022DD
S21403B5F039463046CDE90048F1F7A6F911B0BDE863
S21403B600F0832DE9F04F002785B081460C467E2057
S21403B61039469846BDF83CB09DF844A0BDF84C505A
S21403B6200192ADF80E7002F0CFF80646002800F03F
S21403B630AA8002F055F839467E22DEF787FC3046AC
S21403B64002F04EF80090304602F04AF8B9F1FF0FC8
S21403B6500CBF274644F003073B0A14F44062077006
S21403B66043705FD14FF00808C31C18464246019941
S21403B670DEF7BEFC034604F44044434484B1790633
S21403B68006D419464FEA1B2201F802BB5A700B4632
S21403B690B4F5004F56D0A4F5404254425441E4005A
S21403B6A0224618460E99DEF7A3FC009A034620446A
S21403B6B0A0EB02085FFA88F89DB14FF47C521A5348
S21403B6C0841C284602F00CF88346284602F024F829
S21403B6D0C5B22A4659462046DEF7C8FD601902352C
S21403B6E0EDB2B9F1FF0F2FD05246109900F8019B27
S21403B6F0DEF7BCFD08F101015AFA81F12944304610
S21403B700E6F74EFD0C210022FF0007F080071046E7
S21403B7103943FEF73DF8ADF80E00E8B9002005B052
S21403B720BDE8F08FB2F5006F80F803804FEA182863
S21403B73080F8048000F1050314BF4FF008084FF0AB
S21403B740020892E70224ABE708EB0A0129443046D5
S21403B750E6F726FD0821D6E7304601F0C1FF04468A
S21403B760304601F0D9FF0123024621460DF10E00B3
S21403B770E6F780FD0028D1D10121BDF84820BDF8A9
S21403B7800E0001F0F9FFBDF80E00C8E710B50C4631
S21403B790098821B90846F6F763F9208008B1012025
S21403B7A010BD0220FCE72DE9F04780460F4606460B
S21403B7B0002402F1FF39BC4202D219F8015F25B911
S21403B7C0A6EB080080B2BDE8F0879A46A5F13102E1
S21403B7D0012A5AF8041B10D83246322D02F8011BF0
S21403B7E006D10134A4B2A74232D30912B21C717037
S21403B7F0013453461646A4B2DDE7342D0CD1033488
S21403B800BC42DDDA0B0A317073700B0C090EB37091
S21403B810321DF170A4B2EBE7A5F13302062A0DD868
S21403B820303DADB22B19BB42CADA2A463046013C3C
S21403B830DEF7DEFB15FA84F47219EBE7A5F1410295
S21403B840062A01D8373DECE79D8803F1080AE9E7A5
S21403B8501646B5E770B5054600880C4601F05CFF52
S21403B860A04228880AD201F057FF0023221A19465D
S21403B8702846BDE8704092B2E6F7FCBC2146E6F7E0
S21403B8808FFC002070BD38B5054601F029FF04463D
S21403B890284601F041FF002201462046BDE8384015
S21403B8A0FDF7B3BFF8B516460C461D46BDF818702F
S21403B8B001F016FF0444304601F012FF3A464119E0
S21403B8C02046BDE8F840DEF793BB70B50C46013161
S21403B8D089B20646F6F776FD214605463046F6F764
S21403B8E071FD00EB052080B270BD1FB50123ADF8D6
S21403B8F00C2000930A460223014603A802F0B3FC79
S21403B90005B05DF804FB0FB437B5069D0021A8B259
S21403B91001F05AFF044601F0E3FE2CB1002207AB08
S21403B9200193D1B28D4205D8204603B0BDE830401E
S21403B93004B0704753F8041B81540132F1E773B522
S21403B94004460D4640200021164601F03DFFADF8A3
S21403B950060001F0C5FEBDF8063013B9002002B09C
S21403B96070BD402133462A462044FFF71CFF2118AA
S21403B97089B20DF10600FFF76DFF0028EED1BDF882
S21403B9800600ECE70EB403B503AA52F8041B0192B3
S21403B990FFF7D5FF02B05DF804EB03B070472DE95F
S21403B9A0F7430F4601218146164601F0D1FE0546B0
S21403B9B058B1FFF768FF308088B9284601F0ACFE1F
S21403B9C068B1192003B0BDE8F083484601F0A4FE31
S21403B9D0FF2FA0EB0704E4B214D014B93480002080
S21403B9E0F0E72A4621462846FDF70FFF8046002843
S21403B9F0E7D03B464A4629460094FFF753FFA6F88E
S21403BA000080ECE70120DDE708B5FDF7E3FE4378A9
S21403BA1003F001001A074CBF10300830DB0644BFA2
S21403BA200830C0B21030C0B208BD10B50C4601F0E5
S21403BA3073FEA04234BF0020012010BD7FB514461C
S21403BA400091024641F2092141F609209DF8206043
S21403BA501D46002E18BF0146099B0020F6F7DAFCA8
S21403BA60ADF80E0010B9002004B070BD01232A46BD
S21403BA7021460DF10E00E6F7FDFB0028F3D1BDF8D5
S21403BA800E00F1E738B50546FFF7BEFF0446284625
S21403BA9001F042FE631C9BB283420FD82846FDF793
S21403BAA099FE43785B0707D521462846F6F78AFCB6
S21403BAB0013004EB4004E4B2204638BD0024FBE723
S21403BAC01FB5ADF80E0001F027FE0446BDF80E00C4
S21403BAD0FFF7D8FF00F10E03DBB2BDF80E200146D8
S21403BAE0E01A80B200901046FFF7DCFEA4F10E01C8
S21403BAF089B20DF10E00FFF7ADFE04B010BD42781B
S21403BB00034612F0080006D0D20702D403F1080059
S21403BB10704703F10900704737B505460C46FDF735
S21403BB2059FE437813F0100212D09CB103F00102C1
S21403BB301B074FF000032946009320464FF00803E7
S21403BB4054BF1832203202F08EFB012003B030BD02
S21403BB501046FBE72046F9E773B505460C46FDF7A6
S21403BB6039FE437813F0100211D094B1012603F086
S21403BB7001021B0729464FF00803204654BF18321C
S21403BB802032009602F06FFB304602B070BD1046BE
S21403BB90FBE72046F9E700F00303012B08D0C306B2
S21403BBA006D400F00C000C2814BF082009207047A8
S21403BBB002207047034611F0030005D003F0030389
S21403BBC0022B14BF022003207047F8B50C46064626
S21403BBD001F0A2FD631C834202D900252846F8BD66
S21403BBE021463046F6F7EEFB0746FFF7D4FF3B0643
S21403BBF00546F3D50444304601F08EFDA4B2631C1B
S21403BC009BB28342E9D821463046F6F7DBFB014672
S21403BC103846FFF7CFFF2844C5B2DFE770B50646C0
S21403BC200D46FFF7D2FF044610B90024204670BD28
S21403BC3029463046F6F7C6FB8206F7D5304601F0AE
S21403BC406BFD2544ADB26B1C9BB28342EDD82946EF
S21403BC503046F6F7B7FB00F01803082B14BF05347D
S21403BC600634E4B2830644BF0834E4B2DEE738B5EC
S21403BC700546FFF707FF044608B9002038BD01460E
S21403BC802846FFF7CBFF0028F7D02044C0B2F5E7DD
S21403BC902DE9F04387B005460C46FDF79BFD80462D
S21403BCA002F0E0F907462846FFF7ECFE0646014693
S21403BCB02846FFF78AFF00220346009229463246AB
S21403BCC002A802F0D0FA9DF8086006F00C030C2BCD
S21403BCD006F003090BD0B9F1010F59D0F10657D47A
S21403BCE09DF809300DF10A050020637107E0FF2374
S21403BCF00DF10900637102F0B5F90DF10B05208112
S21403BD0098F80130DA0704D508F1020002F0AAF920
S21403BD102081B9F1010F5FFA89F83DD0F3063BD4D1
S21403BD20284602F09FF96080A81C02F09BF90535AF
S21403BD3015F8013C208023712B78B006A37206F019
S21403BD40400348BF43F02003390627D543F4007366
S21403BD50F80448BF43F48063390548BF43F40063DF
S21403BD603206E38011D56A7812F003020DD06FEA2B
S21403BD7043436FEA5343A978B8F1020FE3800B46B7
S21403BD8011D1EB7841EA0321218107B0BDE8F083A6
S21403BD90FF230DF10905A7E7FF23CCE77A0648BF83
S21403BDA043F48073D4E7012A04BF0B029BB22381BA
S21403BDB0EBE7F7F70BB80BB1F7F774B80AB9F7F771
S21403BDC0EDB8FF21F7F716B8431C08BF0020DFF7CE
S21403BDD073BB0000034B5868C0F30800003818BF55
S21403BDE00120704700ED00E0014B1868704700BF64
S21403BDF0E4620020084B1B6F03F00703022B04D0FA
S21403BE00032B05D0012B05D0FEE7044B18687047BB
S21403BE10034BFBE70348704700800050E4620020B2
S21403BE20EC620020002D310108B5FFF7E3FF054B58
S21403BE301B6FC3F301330133B0FBF3F0024B1860FF
S21403BE4008BD00BF00800050E06200200048704735
S21403BE5000B4C40400487047002D3101014B186834
S21403BE60704700BFEC620020174A9368C3F304438D
S21403BE700C2B0AD8DFE803F00B0909090909072187
S21403BE8019091B1D1F00114870470020704793684F
S21403BE9003F04073B3F1807F11D0B3F1007F10D06D
S21403BEA0002B0B4818BF002070470A4870470A4803
S21403BEB070470A4870470A4870470A4870470A4856
S21403BEC070470A48704700BF0040015A405DC600ED
S21403BED000093D00C0EA210180BA8C010048E80150
S21403BEE0005A62020024F40080841E0040420F00C1
S21403BEF0014B1868704700BFE862002007B500F0E2
S21403BF0065FC6A4600F0C2FC18B14721034801F0FD
S21403BF10CBFFDDE9000103B05DF804FB3CE9030059
S21403BF200229F8B596BF104B00245C5C0128054631
S21403BF300E4608D0022809D008B944F002040B4B79
S21403BF401F6837B9F8BD44F00804F8E744F0200446
S21403BF50F5E77B681A68144203D0314628465B68C7
S21403BF6098473F68EDE700BF7A800400F837002063
S21403BF7038B5104D2B78ABB10F4C23781BB100F0BE
S21403BF8031FA00232370002001F0A1FF0B4C50B1BF
S21403BF9000F07AFA0023012120782B70FFF7C0FF08
S21403BFA00123237038BD0122054B1A702278054BF6
S21403BFB01A70F7E7DF580020DD580020E458002009
S21403BFC0E0580020E15800200E490B78FF2B01D1E2
S21403BFD098B170470BB990B97047002814BF012277
S21403BFE0FF2213440B7060B1074B1B78012B08D953
S21403BFF0064B1B782BB9FFF7BBBF1A46F1E70122A6
S21403C000EFE77047E3580020E4580020E05800208C
S21403C01010B501F04AFE064B04461B781BB1BDE87B
S21403C020104001F03DBEFFF7A3FF2046F7E700BF31
S21403C030DC58002002282DE9F04147D02948037830
S21403C040FF2B41D1002941D11A461344DBB20370BA
S21403C05000293BD0244E3278012A37D9002B3ED014
S21403C06001F023FE214F04463B780BB3204D2B787B
S21403C0701BB901222A701F4A1370DFF87C8098F8D8
S21403C080003023B100F0AEF9002388F800302046D4
S21403C09001F006FE012001F01AFF01F006FE2B78E0
S21403C0A004461BB100F0F0F900232B7000233B700D
S21403C0B0204601F0F5FD01243078A04206D0214643
S21403C0C0FFF72EFF347001E013B931B9BDE8F081F4
S21403C0D0002914BF0122FF22B7E70122B5E7022495
S21403C0E0EAE700BFE3580020E4580020DF580020AA
S21403C0F0DC580020E0580020DD5800202DE9F043EE
S21403C10085B0EFF3108572B6AFF3008001F0B4FF8D
S21403C110002800F09280624E624F337823B10020ED
S21403C120FFF752FF00233370387878B903A900F07D
S21403C1301DFB044650B95C4B039A1B689A4200F2F7
S21403C14084800120FFF740FF012333703B78002BE8
S21403C15040F09980554B1B78002B00F091804FF0F0
S21403C1600208534CDFF868912078404507D099F8C9
S21403C170003013B94146FFF7D3FE84F80080B8F1C8
S21403C180020F0FD1DFF8248198F8003053B9494BDA
S21403C1901B7823B900F020F90122474B1A700123BC
S21403C1A088F80030207800F0F7F899F8003013B1DB
S21403C1B0424B1B782370AFF30080284601F082FEC3
S21403C1C0EFF3108572B63E4B1A7852B100221A70FE
S21403C1D03A4B20781B78984203D101212170FFF750
S21403C1E09FFE384800F082FA01F05AFF8046002886
S21403C1F093D12E4F3B789BB189F80000DFF8B890B7
S21403C20099F800301BB100F0EDF889F800800020A3
S21403C21001F05DFE002839D000F036F900233B70AC
S21403C220337823B10020FFF7CFFE002333700021BD
S21403C2302078FFF775FE00232370AFF300802846AF
S21403C24005B0BDE8F04301F03DBE1F4BD3F80080B8
S21403C25000F048F9039B80449845BFF472AF00F0A2
S21403C2603BF98200039942F0020292B2CDE9004202
S21403C2702346164AA1EB0801124801F02AFE65E799
S21403C28000F09CF86BE74FF001086AE7012000F026
S21403C29083F8284601F016FEEFF3108572B6B6E76C
S21403C2A0DE580020E358002000380020DF58002026
S21403C2B0E4580020E2580020DD580020E158002012
S21403C2C0DA58002004380020FC37002011C0030091
S21403C2D0E058002010B501F0E8FC0022054B1C785E
S21403C2E01A7001F0DDFC00F005FBE4B22043C0B297
S21403C2F010BD00BFDB58002038B501F0D6FC094B53
S21403C30005461B78012B04D801F0CAFC00242046FE
S21403C31038BD054B1C6800F0E5F80444284601F0D8
S21403C320BFFCF4E7E4580020FC3700201549164A02
S21403C3300B6F10B503F007031360144A144C92698D
S21403C340032B02F00200C2F34002227017D0D1F88A
S21403C350203103F00703022B11D0D1F8803203F00B
S21403C36001030C4A137048B143B9064BD3F80031A6
S21403C37003F00303591E4B424B41137010BD0123B8
S21403C380EFE700BF008000506038002000C0015077
S21403C390E9580020EA580020012805D00238012871
S21403C3A008D80020CDF7F4B9034A136923F0040331
S21403C3B0136130BF704700BF00ED00E0044B054A31
S21403C3C0D3F8203103F007031360F7F7ABBF00BFC2
S21403C3D000800050683800200122014B1A70704715
S21403C3E0E8580020F8B51F4B1B78002B39D01E4C9D
S21403C3F02378B3B91D4B9A6DD10302D5DA6D920734
S21403C4002FD49B6DDB072CD401F0A6FD184B194ADD
S21403C4101860136F23F0070343F003031367FFF754
S21403C42003FD01F099FD124B134D1B68134EC01A02
S21403C4302B78134F56F8232046F82300111A3A6830
S21403C4401048521A0A213A600932B2FBF1F201335C
S21403C450DBB20260B3FBF1F201FB12332B70002355
S21403C4602370F8BDEA580020E758002000C00050AB
S21403C4705838002000800050E6580020303800204E
S21403C4802C3800202838002008B5F7F74CFF0D4A53
S21403C4900D49136F096823F007030B4313670B4912
S21403C4A0D2F82031096823F007030B43C2F8203182
S21403C4B0074B1B7813B10122064B9A62BDE808406E
S21403C4C0FFF7B2BC008000506038002068380020B8
S21403C4D0EA58002000E00050014B1878704700BF70
S21403C4E0EA580020054B187818B1054B186800EB7E
S21403C4F0D000044B1B681844704700BFEA5800205E
S21403C500283800205C38002008B50D4B1A7892B105
S21403C51000221A700B4A136F23F0070343F001033C
S21403C5201367D2F8203123F0070343F00403C2F85D
S21403C5302031FFF779FC0122034B5A6708BD00BF81
S21403C540E85800200080005000E000500D490B68BA
S21403C550A0B10022A3B1834203D1836822B90B6042
S21403C56003E01A469B68F5E7936083680BB90020DF
S21403C57070475A6941690A445A61F8E722207047AE
S21403C580022070477438002010B501F001FD0A4CF4
S21403C5900A4B19682368C31A09B9206010BD002B1B
S21403C5A0FBD04A699A423ABF9B1A0022D21A4A61C2
S21403C5B028BF00238968EFE770380020743800200E
S21403C5C038B5154D2B682BB35B69B3B1134A0220FC
S21403C5D014681C4400F088FA204600F047FA00224C
S21403C5E00F492B680A70012A05D823B1D88880071B
S21403C5F00AD501230B70002038BD022000F074FA20
S21403C600022000F093FAEAE79B68002BF3D0586900
S21403C6100244E8E72220EFE7743800207038002051
S21403C620EC580020C38870B504460D463BB9FFF7A7
S21403C63063FE8542064602D2F8F754FF35460E4A95
S21403C640656113689BB91460A3600FE02D1A9868A0
S21403C65019466561034618B15869A842F6D941B12F
S21403C6608C60A36013B15A69521B5A6170BD0021D6
S21403C670F2E71460F5E700BF7438002070B516467D
S21403C6809DF81420C0E903360271049ABDF81830E9
S21403C6900260002204460D468260C38006BB01F09A
S21403C6A077FC2844A0613DB9E368656113B1204671
S21403C6B02168984796B1354601F0F7FA0646FFF724
S21403C6C063FF29462046FFF7ADFF074B1B68A342CF
S21403C6D001D1FFF775FF304601F0E2FA002070BD86
S21403C6E001F056FC3044DDE774380020F8B5054603
S21403C6F0D0B101F0DAFA0646FFF746FF0B4B2846A1
S21403C7001F68FFF723FF044620B1304601F0C8FA3E
S21403C7102046F8BDAF42F8D1FFF752FF2228F4D1E6
S21403C720022000F0EDF9F0E72224F1E77438002048
S21403C73038B50C460546A8B1A1B100230B7001F02D
S21403C740C1FA0121084B1B6833B901F0B6FA002081
S21403C75038BD9D4204D121702278002AF9D0F4E72F
S21403C7609B68F1E72220F3E774380020F8B5064605
S21403C7700F4601F0A7FA00250446124B1B6823B99F
S21403C780204601F09AFA1B2011E05A691544DA880C
S21403C790B2420DD101F0FCFB0B4E3368C01AA8421F
S21403C7A00AD3002320463B6001F087FA0020F8BD39
S21403C7B0FF2EEFD09B68E2E701F0EAFB33682B44D9
S21403C7C01B1AEFE7743800207038002070B501F0AC
S21403C7D079FA064601F0DCFB084B044601201D6887
S21403C7E001F0C6FB18B101F0D3FB04460135304611
S21403C7F001F063FA2046294670BD00BF7C3800204E
S21403C800014B1868704700BF78380020F8B50C4B0A
S21403C81005461B680E4683420FD3002440F2E730DA
S21403C8202146084B4FF47A721F680023E5FB070185
S21403C830DDF720F830602046F8BD2120FCE700BF76
S21403C8406C380020783800200F4B10B51A689AB160
S21403C8504FF47A71531E1342A0FB01010ED1B2FAB4
S21403C86082F2C2F11F04531CD243E04001FA03F3E1
S21403C870184321FA02F20243104610BD0023DCF7E8
S21403C880F9FF0246F8E700BF7838002038B5164BA4
S21403C89014468342154B8B4123D3154B1A6802B3B8
S21403C8A04FF47A75A0FB050305FB0131531E1342B3
S21403C8B011D1B2FA82F3C3F11F055A1CDB4301FA06
S21403C8C002F2E84021FA03F310431843E940C4E9AF
S21403C8D00001002038BD0023DCF7CCFFC4E90001CB
S21403C8E0F7E72120F6E700BFEFA7C64B37894100DD
S21403C8F07838002010B501F0E5F9034B1C7801F0F9
S21403C900DCF9E4B2204610BDEB58002008B5084B0E
S21403C9101B7803F0FF004BB101F01EFB054B1B68B1
S21403C9209B69C01A02288CBF0020012008BD00BFE7
S21403C930EC58002074380020C2072DE9F84304465B
S21403C94007D5474A136801331360FFF71DFEFFF749
S21403C95037FEA30740F1818001F0B4F94FF00008D9
S21403C96005464646FFF710FE3E4F3C680CB163692A
S21403C970A3B100223C4B012E1A7003D118F0020F0C
S21403C98018BF1E70FFF71CFE222802D1022000F0FB
S21403C990B7F82846BDE8F84301F08FB923465A692D
S21403C9A03AB91A792179914288BF1C469B68002BB5
S21403C9B0F5D1284601F081F9D4F81080B8F1000FBC
S21403C9C03FD001F0E5FAA269851AEB17454573F1E6
S21403C9D0000337DB23691344A36101232269CAB129
S21403C9E0C3B9A38BB8EB050833B1E28B13449BB2F0
S21403C9F0B3F57A7F1CD2E38301F064F9054641461A
S21403CA002046FFF70FFEA369226928461344A36155
S21403CA1001F053F9E36813B1204621689847B4F848
S21403CA20068001F04FF901360546FFF7ADFD9CE79A
S21403CA30A3F57A73E383A36918F1FF38013BA36177
S21403CA40DAE7454601F03EF981462046FFF77EFDCC
S21403CA50484601F032F90023C0E7BDE8F88300BF7B
S21403CA607C38002074380020EB58002010B50446AC
S21403CA7001F01BF94FF0B042936A1907FCD4136A0E
S21403CA80116C5269120704D4CA1A032A01D89942B0
S21403CA900ED1E21A022A98BFDC1CB4F1FF3F38BF5E
S21403CAA0013C4FF0B04308221C6403F580539A619F
S21403CAB001F0F6F8054A13783BB14FF0B041CB6B63
S21403CAC043F00203CB630023137010BD7D68002080
S21403CAD007B5044B01A9187901F08DF9019803B045
S21403CAE05DF804FBBC7E040000F001038207034AE2
S21403CAF048BF43F008039361704700BF0010005817
S21403CB00820700F001030AD50121064A43F0080311
S21403CB1011704FF0B041CA6B22F00302CA63024A97
S21403CB20936170477D68002000200058830742BF4A
S21403CB300822014B5A6170470010005873B502ABC8
S21403CB40164603E90600044600F052FF0546204653
S21403CB5000F05EFF9DF800208DB1202C33780ED8B0
S21403CB60012B2ED84FF6FF752D4803EB43132344B2
S21403CB7030F81310A94202D0013120F81310294BC4
S21403CB80294E33F8141036F81400814232D34FF688
S21403CB90FF75A9424FF0010502D0013123F81410A6
S21403CBA004F0FD01092927D1998AB68A0A44B242BC
S21403CBB0B4BF9A829E8233F81430834227D202B0DF
S21403CBC070BD022BDBD14FF6FF704FF6FF75144B8B
S21403CBD033F81410814218BF013104F1210018BF45
S21403CBE023F8141033F81010A9421CBF013123F8A0
S21403CBF01010C4E70025D0E71D2CDCD1598F8E1802
S21403CC00864203DA01390A445A87D4E75887002D47
S21403CC10D5D1204602B0BDE8704001F0D4B900BFBC
S21403CC2004530020DC5300208853002038B50D46FB
S21403CC30044601F047F8064A13889BB22DB12343F6
S21403CC401380BDE8384001F038B823EA0403F7E759
S21403CC50CA5700200022034B01214FF480701A703C
S21403CC60FFF7E4BF1A5F002008B5054B1868FCF70A
S21403CC70C1FB00F00300C31E5842584108BD00BF65
S21403CC80FC4F002038B5044601F03BFA0C4B054632
S21403CC901978187981420FD0631E082B0CD8DFE869
S21403CCA003F0050D0B0D0B0D0D0D0D0000220146B7
S21403CCB0044B1868FCF79CFB284638BD0022F7E7B0
S21403CCC0AB680020FC4F002038B54FF0FF300C4611
S21403CCD0FFF77AF80A4B05461868FFF775F8641BE2
S21403CCE0241A20B210F1630F06DB10F1240F05DAC5
S21403CCF064308000C0B238BD0020FCE7FF20FAE7AE
S21403CD00FC4F002008B5134B1B78062B04D040F6C7
S21403CD102101114801F0C8F8104B1B881B0704D4E7
S21403CD2040F622010C4801F0BFF80D4B2A20197873
S21403CD30FFF7A8FF00210820FFF778FF0222094B20
S21403CD401A70094B1868E3F7ADFDBDE8084001F01B
S21403CD5027B900BF1A5F00204A7B0400CA57002089
S21403CD60175F0020E0680020FC4F002010B50E4C33
S21403CD70236823B940F6A3410C4801F095F82068D0
S21403CD80013001F06FF900F0070003280AD1246888
S21403CD9009220121204600F0E3FB205C031F5842D2
S21403CDA0584110BD0020FCE7EC4F00204A7B0400EE
S21403CDB038B50C4640B100210420FFF737FF01F0D9
S21403CDC0EFF8012C1DD038BD244B1B889B07F6D5E6
S21403CDD00129234A2FD1117869B30139C9B21170D9
S21403CDE011B92020FFF722FF00210220FFF71EFFC4
S21403CDF004221C4B00211C481A7000F05DFD01F054
S21403CE00CFF81A4C2068013001F02CF900F440608A
S21403CE10B0F5006F1FD1246801210422204600F0DC
S21403CE209FFB204401F01EF90146BDE8384000226E
S21403CE30202001F0E0B800210D4D02201170FFF70D
S21403CE40F5FE2B78FF2B04D040F29961094801F0D8
S21403CE502BF82C70B3E74FF6FF71E6E7CA570020AE
S21403CE60195F00201A5F0020EC650020EC4F0020BD
S21403CE70E16800204A7B040038B5134C0546238836
S21403CE80580709D5FFF7F0FE01460720FFF7FAFE1D
S21403CE90FF210120FFF78CFF238899070BD50B4B47
S21403CEA0284619788A1F51425141FFF7EBFE0121AC
S21403CEB00020FFF77DFF23881B0703D5BDE8384016
S21403CEC0FFF720BF38BD00BFCA5700201A5F0020F7
S21403CED0F7B5124CD4E9006586EA020C85EA030727
S21403CEE00CEA000C0F405CEA070E15D086EA0C0627
S21403CEF07D40C4E90065CDE900230B460849024698
S21403CF000868FBF739FE38B14FF4FD71054803B0E6
S21403CF10BDE8F04000F0C8BF03B0F0BD50160020D7
S21403CF20FC4F00204A7B040008B50A4B1B88DB062F
S21403CF3004D440F64701084800F0B6FF002110204D
S21403CF40FFF774FE002000F06BFBBDE8084001F01D
S21403CF5027B800BFCA5700204A7B04002DE9F04FCC
S21403CF605706804614461D4691B005D5FFF77CFE4E
S21403CF7001460120FFF786FEEE0403D500212D208F
S21403CF80FFF780FEA00224D54046FCF7DFFA0146F1
S21403CF90F8B94020FFF74AFE40460AA9FBF7B3FE5E
S21403CFA0B8B99DF83030022B40F0D980BDF8280080
S21403CFB000F0B6FDFF2808D14046FBF7A2FE40B9B5
S21403CFC001214020FFF732FE03E000F0C3FD0028F6
S21403CFD0F2D1A10305D5FFF747FE01460320FFF76D
S21403CFE051FEE20104F0807640F1C080854B1B8839
S21403CFF09B072DD5844E3068FBF71AFE40BB834B48
S21403D000834F18703B78FF2B04D040F2576181485A
S21403D01000F04AFF4FF0000900210220FFF706FE4A
S21403D02087F800907C4F3B78062B07D10121082018
S21403D030FFF7FCFD49462820FFF724FE3B78052B27
S21403D04006D100212B20FFF71DFE3068E3F72AFCEC
S21403D05000F0A6FF220717D56B4F0321386805AAF1
S21403D060FBF700FE064620B940F2C961694800F0A6
S21403D0701BFF9DF81430072B00F0D080FFF7F4FD5C
S21403D08001460420FFF7FEFDE10505D5FFF7ECFD9D
S21403D09001460420FFF7F6FD14F4863F05D0FFF79C
S21403D0A0E3FD01460220FFF7EDFDA20113D5FFF7CE
S21403D0B0DBFD01460820FFF7E5FD00210420FFF70E
S21403D0C0B5FD554B1B78012B03D14F4B1868E3F77F
S21403D0D0E9FB00F065FF14F0084F09D0FFF7C4FD25
S21403D0E001460720FFF7CEFDFF210120FFF760FE74
S21403D0F0A30009D5FFF7B8FD01460620FFF7C2FDDA
S21403D100FF210120FFF754FEA70705D53D4B1B88DB
S21403D1101E0701D5FFF7F6FD6C0603D500210A208E
S21403D120FFF7B0FD280602D50120FCF720FAE90533
S21403D13040F1858140460AAA05A9FCF757F99DF8F0
S21403D1401430222B00F06D8100F28281152B40F201
S21403D1506A8140F60A112F4800F0A6FE6FE1032B02
S21403D1607FF437AF0AA801F067F830E705F0020747
S21403D17056EA07030DD0284B26201978A1F1060E90
S21403D180DEF1000141EB0E01FFF77CFD0121304685
S21403D19011E004F0805656EA07030FD01E4B2620F4
S21403D1A01978A1F1060CDCF1000141EB0C01FFF745
S21403D1B069FD02213846FFF7FBFD4BE704F0884183
S21403D1C051EA060309D0144B272019788F1F79429A
S21403D1D07941FFF757FD0221D9E705F008030B4312
S21403D1E002D02320FFF74EFD680703D50021242035
S21403D1F0FFF748FDE9077FF52DAF00212520FFF750
S21403D20041FD27E7CA570020FC4F0020195F002086
S21403D210E16800204A7B04001A5F00203146386824
S21403D2200AAAFBF725FD20B14FF4DA619E4800F009
S21403D2303BFEBDF81630386802330AA9ADF82C3029
S21403D240FBF718FD20B140F2DF61974800F02CFE93
S21403D2500023009331460423386804AAFBF70CFD29
S21403D260042804D040F2E4618F4800F01DFEDFF886
S21403D270589299F80030C3BB0DF1110000F0F2FE8E
S21403D28000F00700022830D1FFF7EEFC0146092024
S21403D290FFF7F8FC854B1B78062B23D1844B9DF8B0
S21403D2A013201B789A421DD19DF8353023B940F2DE
S21403D2B0FA617D4800F0F8FD0DF1110000F0D2FE92
S21403D2C0C0F3001631462920FFF7DCFC00210820B6
S21403D2D0FFF7ACFC774B1E70FFF748FD10B93868B4
S21403D2E0E3F7E0FA00F05CFECEE6BDF81600012197
S21403D2F0083080B200F068FA039030B9FFF7B4FC48
S21403D30001460420FFF7BEFCECE700F0E9F905AAA6
S21403D310014606463868FBF7B7FC99F800A0BAF151
S21403D320000F22D106F1010B584600F09BFE830640
S21403D3305AD53868FCF70AF90746FFF795FC053710
S21403D3400146F8B2FFF79EFC584600F08BFE00F04D
S21403D35007000328584F2DD001210420FFF766FC51
S21403D3604FF0FF30FBF7AFFC386000225349BDF89F
S21403D37016300978F718F1549DF83630BB709DF8CF
S21403D3803730FB700A9B190E3971190C7971FB71D2
S21403D390190A99F80030B97123B9737892B343F038
S21403D3A020037370002000F069F97870039800F08A
S21403D3B071FA97E701210922304600F0D1F8305C74
S21403D3C001210428C9D1FFF731FC4FF0FF30FBF7EA
S21403D3D07AFC3B4B38601B885806C6D5514640201E
S21403D3E0FFF724FC0122C1E7FFF73EFC01460920B4
S21403D3F0FFF748FC2D4B1B78012BB6D13868E3F7B3
S21403D40051FAB2E723F02003CBE701227E33DBB2E7
S21403D41002FA03F313F00A1F31D113F0011F3FF48E
S21403D42098AE27202CE0012202FA03F3254A1A407D
S21403D4302ABB13F0041FF4D1DA077FF58AAEAB05D7
S21403D4402FD50121802011B0BDE8F04FFFF7EEBBCA
S21403D450652B1AD8622B12D8452B0CD8422B0ED824
S21403D460352B06D8322B0AD8252B08D9322BD8D001
S21403D4706FE6422BFBE7552B05D8522BF7D9262010
S21403D480FFF7FAFCDBE7622BF1E7952B3FF661AE7D
S21403D490812BBAD8722BC4D0733B022B3FF659AEFE
S21403D4A0EDE711B0BDE8F08F4A7B04001A5F002059
S21403D4B0165F0020E0680020E84F0020E2680020A6
S21403D4C0CA5700203A0038001D5F0020024B187828
S21403D4D0B0FA80F0400970471A5F002008B5064B83
S21403D4E04FF0FF311868FBF7A7FF0028B8BF0330DB
S21403D4F040F3870008BD00BFFC4F002008B5074B6C
S21403D5001868FBF7CEFA30B1054BB3FBF0F083B2E5
S21403D5100BB1184608BD0120FCE700BFFC4F0020F6
S21403D52040420F0038B510200C460121FFF77EFB62
S21403D530064B1D68FFF7E2FF012200FB04F1044BD4
S21403D5402846FBF75EFF002038BD00BFFC4F0020D7
S21403D55029CF0300014800F0A7BC00BF647B04008A
S21403D560032A70B5144602D82C4B985C70BD81F024
S21403D570010519B90D2A07D1FF20F7E70D2A03D1B4
S21403D58000780538C0B2F1E7084400F06BFDC5F13A
S21403D590040110F440660246C9B209D1042C0846B9
S21403D5A0E4D0052C16D112F0400F18BF0846DDE76D
S21403D5B0C5F10603042CD8B2D8D0B6F5006F03D154
S21403D5C0C5F10805E8B2ECE7B6F5406FE9D1C5F159
S21403D5D00E05F7E712F4404107D1062CC6D0072CF8
S21403D5E0C4D0082C13D10130CCE755065CBF831C8E
S21403D5F0D8B2062CBAD0B1F5004F02D1831CD8B2EC
S21403D600EDE7B1F5404FEAD100F10803F7E713075A
S21403D61044BF0530C0B20C2CA8D9ADE7A4C604009D
S21403D620AC2370B5094C054603FB00435E6D26B973
S21403D63040F2FD31064800F037FCAC2303FB0544FB
S21403D640002363653346BDE870401847005000204A
S21403D650A17B040010B40C461146AC22064B02FB19
S21403D6600033586D20B95C655DF8044BFFF75ABF6D
S21403D67002205DF8044B704700500020AC22034B99
S21403D68002FB003393F8A800704700BF0050002049
S21403D69028B1034B1B68C01A4010013080B2704794
S21403D6A0C050002030B1044B00F100401B68013825
S21403D6B003EB4000704700BFC0500020064B1B68BA
S21403D6C0834206D8054B1B68834294BF0020012083
S21403D6D070470020704700BFC0500020BC50002099
S21403D6E010B5044608B9002010BD00F018FD20B997
S21403D6F040F2CD41074800F0D7FB2046FFF7D2FFA4
S21403D7000028F0D00388DB0B14BFD0F80A000830DB
S21403D710EAE700BF787B040010B508B9002010BD07
S21403D720FFF7C0FF044600F0F1FC20B94FF49D61FB
S21403D730064800F0B9FB002CF0D02388DB0B0ABFA9
S21403D74060882089C0F30C00E9E700BF787B0400FB
S21403D75038B5FFF7A7FF0D46044650B100F0D6FCD8
S21403D76020B940F24151034800F09EFB023534F8DD
S21403D770150038BD787B040070B5FFF793FF0C46A1
S21403D78016460546B0B100F0C1FC20B940F24D5133
S21403D7900C4800F089FB3046FFF784FF00F0B6FC28
S21403D7A020B940F24E51074800F07EFB023425F8BC
S21403D7B0146070BD40F25251BDE87040014800F05D
S21403D7C073BB00BF787B04002DE9F8430746884601
S21403D7D000F00CFC20B940F28E512A4800F064FB9E
S21403D7E0FC1CA408284B64000434B7F5005F1E68CD
S21403D7F0A4B204D340F29551224800F055FB00F042
S21403D80061FA224981460B687BB9214B1D68761B5A
S21403D810C6F34F06B44227D90025484600F04DFA12
S21403D8202846BDE8F843FFF733BFB8F1000F11D021
S21403D830174A15685A1BC2F34F029442ECD8144891
S21403D840620005EB44040460B8F1000F0FD11344E3
S21403D8500B600CE0F61AC6F34F0676B940F2A651F3
S21403D860084800F021FBD7E705EB44041C600023BF
S21403D8706F80AB80EB802B80CFE7B442CCD8044AD2
S21403D8801568DCE7787B0400C4500020AC50002009
S21403D890BC50002038B5054600F014FA0446294665
S21403D8A00448002200F048FC2046BDE8384000F05B
S21403D8B004BA00BFD057002082684B4B2DE9F041D5
S21403D8C09A4204460E46056815D121B140F213115B
S21403D8D0464800F0E9FA00F0F5F923691BB92B680E
S21403D8E02BB924612C60BDE8F04100F0E6B91A6953
S21403D8F022611C61F6E700F0D0FA8046FEF76AFA6A
S21403D90020B14FF49571394800F0CEFA6FF000431A
S21403D9109E4221694BD22B7B08EB0602002B4DD08F
S21403D920AB6893424AD1531C002949D06169994296
S21403D93042D01EB9521AB2F1004F3DD96361236932
S21403D9406E689C4203D19D21284800F0ADFA2F460D
S21403D9500023B4420BD0002B41D172696169891A46
S21403D960B1F1004F32D83269374694422CD122693E
S21403D970BD420CBF6A603A617BB92669B44203D1E3
S21403D980B8211A4800F090FA3B46012E05D062698A
S21403D9907169521AB2F1004F23D99D420BBF6B68CF
S21403D9A01A69236122610CBF6C601C6104E0434466
S21403D9B031B162699342C1D1BDE8F0811346B3E742
S21403D9C06A6822616C60B9E71646C6E7A8EB0202EE
S21403D9D0B2F1004FC7D93B4637463669B9E71F460B
S21403D9E0F9E733463669D0E7992302008C7B0400B7
S21403D9F00823064A12F8011B814205D0013B13F0A7
S21403DA00FF03F7D1184670470120704755C7040037
S21403DA100823064A12F8011B814205D0013B13F086
S21403DA20FF03F7D118467047012070474DC704001F
S21403DA3010B5082207490446DCF7D4FDB0FA80F097
S21403DA404FF6FF732289400940009A4208BF40F010
S21403DA50010010BD66C7040030B504460D4685B008
S21403DA6002B9084A1068516801AB03C301AB03CB84
S21403DA7020602046ADF80C501B886160238105B0FA
S21403DA8030BD00BF20050400002270B50A4B1C7889
S21403DA900A4BD5B2AC4202D800200C7008E01E88B0
S21403DAA00132864205D30D701B881B1A5842584113
S21403DAB070BD1233EDE700BF975E00208855002047
S21403DAC0F8B5154B04461D680E46E5B1134B1F7893
S21403DAD0874218D900EB400305EBC30526B92B692B
S21403DAE0DA0712D42046F8BD08223146281DDCF793
S21403DAF079FD50B92B69DB07F4D40134E4B2A742AD
S21403DB0005F11805F0D1FF24ECE70134E4B2A7428F
S21403DB1005F11805E2D1F6E7285100200069002038
S21403DB200A4B01461B6830B52BB1094A147800220C
S21403DB30D0B2844201D8FF2030BD5D888D4202D129
S21403DB401D69ED07F8D401321833F1E72851002098
S21403DB50006900200F4A03461068D0B10E4A1278B7
S21403DB609A4215D919B203EB430300EBC3000369CA
S21403DB7013F001000DD0094A126832F8112002F49E
S21403DB80E2622AB913F00C0F14BF0120002070477D
S21403DB9001207047285100200069002024510020EE
S21403DBA0094B1B686BB1094A1278824209D900EB0C
S21403DBB04000C20003EBC0000169C90701D5985CA9
S21403DBC07047FF20704700BF2851002000690020DF
S21403DBD00C4A0346106890B10B4A12789A420DD944
S21403DBE003EB430300EBC300D0E9043213F0010058
S21403DBF04FF0000104D01846114670470020014636
S21403DC00704700BF285100200069002010B5164B4E
S21403DC10187860B1154C2368CBB14FF470720020AE
S21403DC201349FFF717FD2368013B236010BDFFF779
S21403DC3055FC1049104A91F90040136884420B4C76
S21403DC4003F1010313602368B8BF087053B90B4888
S21403DC5000F09AFA0028E9D1BDE8104001460748CB
S21403DC60FFF72ABE0822DAE7795F00204451002036
S21403DC700DDC0300745F00203C510020F867002091
S21403DC80054B1B682BB9054B1868003818BF0120D5
S21403DC9070470120704700BF3451002030510020E8
S21403DCA010B962B6BFF36F8F7047EFF3108072B68A
S21403DCB07047302383F31188704780F31188BFF3CE
S21403DCC06F8F7047EFF31180302383F3118870470B
S21403DCD0002070474FF4004070474FF47A70704747
S21403DCE00122417803788A4030214B4341F21001E8
S21403DCF003F1A04303F570335A507047B0F5802FF5
S21403DD0024D010D8B0F5003F22D006D828B3B0F5FB
S21403DD10803F14BF012048207047B0F5403F14BF32
S21403DD2001202C207047B0F5302F13D008D8B0F55B
S21403DD30E02F11D0B0F5202F14BF0120102070471C
S21403DD40B0F57F0F14BF0120062070474B207047A5
S21403DD502A207047112070472120704708B570B1FC
S21403DD6000F022F84FF098435A6CD202FCD5586D57
S21403DD7010F4702004D0BDE80840FFF7BFBF212091
S21403DD8008BD08B528B128220021DCF7DFF80020FB
S21403DD9008BD2120FCE7036A042B9FBF00EB830228
S21403DDA00133D16003627047036A052B14D84FF022
S21403DDB09842116CC902FCD504339B0013650168B5
S21403DDC0103B11604168116050F8081F11604FF056
S21403DDD098420344984200D1704750F8041F1160DC
S21403DDE0F8E7836813B9816070475B685A68012A4D
S21403DDF0FBD15960704709B100F005B8222070477F
S21403DE00012100F043B870B506460D46FFF75AFFEA
S21403DE1004461D2E37D8DFE806F00F18361C1E20E2
S21403DE203622243636362628362A2C2E30363636F2
S21403DE303634363636363632FDF7DCFF00262860B3
S21403DE402046FFF73AFF304670BD0120CBF73AFA7B
S21403DE50F4E70320FAE70420F8E70C20F6E70220AD
S21403DE60F4E70620F2E70720F0E70820EEE70520B0
S21403DE70ECE70920EAE70A20E8E70D20E6E71020AA
S21403DE80E4E70B20E2E700202126D8E700207047CE
S21403DE9008B5FEF733F880B208BD08B5FEF72EF8CE
S21403DEA008BD704742DE704738B504460D4600F09D
S21403DEB008F8FFF7FEFE29462046BDE83840FFF780
S21403DEC0F1BF704710B962B6BFF36F8F704701207A
S21403DED070472DE9FF410D4616461F460446A8B176
S21403DEE04FF00008C0F81C80FEF700FCBDF82C308D
S21403DEF0424602939DF828302946CDE90073204612
S21403DF003346FEF7BBFB04B0BDE8F0812220FAE7F8
S21403DF10F0B51F46002387B00D46164604468DF817
S21403DF201730A8B1C3610DF11701FEF701FC9DF888
S21403DF3017207AB9BDF83430294602939DF830305D
S21403DF402046CDE900733346FEF798FB07B0F0BDD5
S21403DF502220FBE70320F9E738B5FFF7B3FE0546B3
S21403DF6000F016F804462846FFF7A7FE204638BDFD
S21403DF704FF0B04301285B6904D0022805D1C3F3F0
S21403DF80C000704703F001007047002070477047D9
S21403DF904FF0B0439A6A1207FCD4186A704770476A
S21403DFA008B5FFF7FCFF00F01DF808BD10B5FFF736
S21403DFB07CFE012104460846FEF73CF82046BDE8F1
S21403DFC01040FFF76DBE10B5044600F012F8204669
S21403DFD0FAF7E5FC2046F7F7F4FDBDE81040F9F73D
S21403DFE0ADB9704708B5FFF7FCFF08BD01207047C1
S21403DFF070470020704730B589B00446ADF8061068
S21403E0008DF81020FFF7F4FC05462046FFF700FDC9
S21403E01003469DB1BDF80600ABB900F0BAF8FF2879
S21403E02008BF00200DF10F038DF80F001A46204697
S21403E03004990593FEF782FD09B030BD0028F5D09C
S21403E0400DF10603F2E700F0A4F8FF2808BF00204E
S21403E050BDF806308DF80F00ADF81A308DF81800AD
S21403E06006ABE3E7008870470170090A4170704702
S21403E070012070470120704738B5DAF7A7FE04463B
S21403E080D0F722F9051E18BF2546D0F7EFF9041E70
S21403E09018BF2C46FFF7ECFF002818BF204638BDF4
S21403E0A038B5FEF717F90446F6F740FF04281ED0E6
S21403E0B002284FF0000508BF0124F7F751FE042895
S21403E0C017D0022808BF0124F7F768FB042812D0EC
S21403E0D0022808BF0124FFF7CDFF04280DD002282D
S21403E0E008BF0124002D18BF0024204638BD012593
S21403E0F0E3E70125E8E70125EDE70024F5E7FF2040
S21403E100704708B5FFF7FBFF002008BD08B520B130
S21403E110FFF7D4FA00F0010008BD0120FAE708B5BE
S21403E120FFF7C0FABDE80840FFF7F0BF008810B15C
S21403E130C9B2FFF70DBB70472DE9F041B0F8008078
S21403E14006460C46D5B2B8F1000F11D02946404614
S21403E150FFF7FEFA2246074629464046FFF70CFB22
S21403E1603A4629462046FFF707FB3480BDE8F08190
S21403E1700F46F5E703461B8808468B4202D000216C
S21403E180FFF7E6BA002070470069003818BF012081
S21403E190704700207047F8B506460D46FFF748FC63
S21403E1A00328044621D02846FFF742FC03280746E7
S21403E1B01BD010F0020318D1A0070DD5F90716D40B
S21403E1C001233C43E20704D431892A89914218BFCC
S21403E1D0002303F00100F8BD082229463046DCF789
S21403E1E001FAB0FA80F35B09EBE70020F3E7184681
S21403E1F0F1E770B50D4600210646FFF797FF044684
S21403E20030B1FFF76DFA01462846FFF7C4FF08B1A1
S21403E210204670BD21463046FFF7ACFFEFE707B553
S21403E2200DF10701FFF730FC20B19DF8070003B09E
S21403E2305DF804FBFF20FAE708B500F009F8FF28AD
S21403E24004D0FFF7C5FCC0F3C00008BD0120FCE7FF
S21403E25001460020FFF734BC08B5FFF761FCFF3822
S21403E26018BF012008BD2DE9F843074608461546A2
S21403E27088461C469DF82090FFF732FA4619A4B14B
S21403E2809EB14046FFF748FA254485420FDC2246F6
S21403E290B9F1000F06D131463846DBF7A9FE002058
S21403E2A0BDE8F88339463046F7E72120F8E71D2016
S21403E2B0F6E7000000000000000000000000000079
S21403E2C0F8B500BFF8BC08BC9E467047F8B500BF5B
S21403E2D0F8BC08BC9E4670475FF800F0AD600020AF
S21403E2E05FF800F049610020446576696365207431
S21403E2F0797065206368616E67652064657465631D
S21403E3007465643A202564202D3E2025640D0A009A
S21403E310427574746F6E2076616C756520636861F0
S21403E3206E67656420746F2025640D0A005072655D
S21403E33073732064657465637465640D0A004D75B4
S21403E3406C74692070726573732064657465637496
S21403E35065643A2025640D0A0052656C6561736531
S21403E3602064657465637465640D0A004C6F6E679C
S21403E3702070726573732064657465637465640DD9
S21403E3800A0072656C61795F73746172745F6C61A5
S21403E390746368696E675F70756C73653A20616E47
S21403E3A06F746865722070756C736520697320617D
S21403E3B063746976650D0A0072656C61795F6F6ECA
S21403E3C00D0A0072656C61795F6F66660D0A0072EE
S21403E3D0656C61795F746F67676C650D0A005772C9
S21403E3E06974696E6720636F6E66696720746F2051
S21403E3F06E763A2025730D0A0053697A653A20250E
S21403E400640D0A004661696C656420746F20777238
S21403E410697465204445564943455F434F4E464914
S21403E420475F4441544120746F204E562C2073742A
S21403E430617475733A2025642E2028627974657397
S21403E4403A202564290D0A00737563636573732187
S21403E4500D0A004661696C656420746F20726561FD
S21403E46064204E565F4954454D5F444556494345DF
S21403E4705F434F4E4649472C207573696E67206489
S21403E480656661756C7420636F6E66696720696E76
S21403E49073746561642C207374617475733A2025F4
S21403E4A0642E202862797465733A202564290D0A40
S21403E4B0005573696E6720636F6E6669673A202539
S21403E4C0642063686172732066726F6D0D0A25732C
S21403E4D00D0A006D756677763072793B545330308B
S21403E4E030322D50533B4C43323B534133753B52F2
S21403E4F041343B4943303B534231753B5244313BF5
S21403E5004943313B4D3B004E6574776F726B207306
S21403E5107461747573206368616E67656420746FD5
S21403E5202025640D0A004D616E756661637475720D
S21403E530657220746F6F206269670D0A004D6F6401
S21403E540656C20746F6F206269670D0A00496E69F7
S21403E5507469616C697A696E67205A696762656572
S21403E5602077697468202564207377697463686507
S21403E570732C2025642072656C6179732C202564C6
S21403E58020636F766572730D0A00436F6E66696764
S21403E5902070617273656420737563636573736655
S21403E5A0756C6C790D0A007265616420766572730A
S21403E5B0696F6E20666F726D206E6577206C6F6371
S21403E5C06174696F6E0D0A004661696C6564207438
S21403E5D06F207772697465206C6173745365656E1A
S21403E5E056657273696F6E20746F204E562C2073B7
S21403E5F0743A2025640D0A004F6C642076657273A6
S21403E600696F6E3A2025640D0A0043757272656E53
S21403E610742076657273696F6E3A2025640D0A005E
S21403E620524553455420414C4C210D0A0068616CF9
S21403E6305F6770696F5F63616C6C6261636B3A20DE
S21403E64065787469206C696E6520256C6420737424
S21403E6506174757320256C750D0A0068616C5F67BD
S21403E66070696F5F63616C6C6261636B3A206E6F97
S21403E67020667265652045585449206C696E65733B
S21403E6800D0A002F686F6D652F72756E6E65722F9B
S21403E690776F726B2F747579612D7A69676265651A
S21403E6A02D7377697463682F747579612D7A69673A
S21403E6B06265652D7377697463682F73696C61622D
S21403E6C0735F746F6F6C732F73696D706C696369B6
S21403E6D074795F73646B2F2E2E2F2E2E2F73726317
S21403E6E02F73696C6162732F68616C2F7A69676236
S21403E6F065652E630044726F7070696E67206F6C79
S21403E70064204F544120696D6167652C20637572E0
S21403E71072656E74206F66667365743A20256C7531
S21403E7200A00556E6B6E6F776E20636F7665722088
S21403E730636F6D6D616E643A2025640D0A00417443
S21403E74074726962757465206368616E6765642CAC
S21403E7502065703A2025642C20636C75737465728B
S21403E7603A2025642C20617474723A2025640D0ABD
S21403E77000556E6B6E6F776E20636F6D6D616E64A2
S21403E7803A2025640D0A00496E646578206174207A
S21403E790777269746520617474723A2025640D0A71
S21403E7A0004E6F2073776974636820636F6E6669C3
S21403E7B06720696E204E562C207573696E67206439
S21403E7C0656661756C74730D0A00496E76616C69D3
S21403E7D0642072656C61795F696E64657820256470
S21403E7E020696E204E562C20726573657474696EAC
S21403E7F06720746F2064656661756C740D0A003E4D
S21403E8002000556E6B6E6F776E206572726F7200A6
S21403E810496E70757420627566666572206973202A
S21403E82046554C4C004D6178696D756D206E756D5F
S21403E830626572206F6620617267756D656E7473AC
S21403E8402065786365656465640054686520617255
S21403E85067756D656E74206973206E6F7420666FBE
S21403E860726D617474656420636F72726563746C31
S21403E8707900496E636F727265637420617267759F
S21403E8806D656E74207479706500496E636F72727D
S21403E890656374206E756D626572206F66206172A3
S21403E8A067756D656E7473004E6F20636F6D6D6173
S21403E8B06E6420666F756E640075696E74380061E9
S21403E8C064646974696F6E616C002A00756E6B6EA2
S21403E8D06F776E0077696C6463617264006865784D
S21403E8E06F707400737472696E676F707400756905
S21403E8F06E7433326F70740075696E7431366F7070
S21403E900740075696E74386F707400686578007388
S21403E9107472696E670075696E7431360075696E58
S21403E920743332002E2E2E200068656C70000A2584
S21403E930730A257325730025732008002F686F6DEF
S21403E940652F72756E6E65722F776F726B2F747587
S21403E95079612D7A69676265652D73776974636873
S21403E9602F747579612D7A69676265652D7377698A
S21403E9707463682F73696C6162735F746F6F6C7313
S21403E9802F73696D706C69636974795F73646B2F39
S21403E990706C6174666F726D2F73657276696365EA
S21403E9A02F6C65676163795F68616C2F7372632F81
S21403E9B0626173652D7265706C6163656D656E74F7
S21403E9C02E63002F686F6D652F72756E6E65722FDE
S21403E9D0776F726B2F747579612D7A6967626565D7
S21403E9E02D7377697463682F747579612D7A6967F7
S21403E9F06265652D7377697463682F73696C6162EA
S21403EA00735F746F6F6C732F73696D706C69636972
S21403EA1074795F73646B2F706C6174666F726D2F9D
S21403EA20736572766963652F746F6B656E5F6D6170
S21403EA306E616765722F6C65676163792F737263A6
S21403EA402F736C5F746F6B656E5F6D616E61676568
S21403EA50722E63002F686F6D652F72756E6E65720A
S21403EA602F776F726B2F747579612D7A696762657C
S21403EA70652D7377697463682F747579612D7A6968
S21403EA80676265652D7377697463682F73696C6154
S21403EA9062735F746F6F6C732F73696D706C6963E9
S21403EAA06974795F73646B2F706C6174666F726DD3
S21403EAB02F736572766963652F746F6B656E5F6D12
S21403EAC0616E616765722F6C65676163792F737218
S21403EAD0632F736C5F746F6B656E5F6D616E7566C7
S21403EAE06163747572696E672E630043757272652F
S21403EAF06E7420436F6E6669673A2025307800533C
S21403EB00657420434341206D6F646520746F202530
S21403EB10643A2025307800656E61626C6564006433
S21403EB20697361626C6564006F757428636C6965EC
S21403EB306E742900696E20287365727665722900E3
S21403EB404D464720537472696E673A202573004119
S21403EB5070704275696C646572204D464720436F3A
S21403EB6064653A20307825303458006E6F6465202B
S21403EB705B004164646974696F6E616C20696E74CE
S21403EB806572666163657300202025643A20007011
S21403EB90616765205B25645D206368616E205B2585
S21403EBA0645D20707772205B25645D006E6F742051
S21403EBB0616374697665006572726F7220307825BA
S21403EBC03038580070616E4944205B307825303405
S21403EBD0585D206E6F64654944205B307825303479
S21403EBE0585D20007870616E205B3078007061722B
S21403EBF0656E744944205B3078253034585D207048
S21403EC006172656E7452737369205B25645D006E72
S21403EC106F646554797065205B005365637572692C
S21403EC207479206C6576656C205B253032585D0000
S21403EC306E6574776F726B207374617465205B25E1
S21403EC403032585D200042756666657220627974BC
S21403EC5065733A202564202F2025640045702063C1
S21403EC606E743A202564006570202564205B656E0B
S21403EC7064706F696E742025732C206465766963EF
S21403EC80652025735D20006E776B205B25645D2011
S21403EC9070726F66696C65205B3078253034585D1A
S21403ECA0206465764964205B3078253034585D20CF
S21403ECB0766572205B3078253032585D0020202040
S21403ECC020257320636C75737465723A203078253B
S21403ECD030345820004E776B20636E743A202564D8
S21403ECE0006E776B202564205B25735D0050726988
S21403ECF06D617279202870726F290020206E6F6410
S21403ED006554797065205B3078253032585D002075
S21403ED1020736563757269747950726F66696C6582
S21403ED20205B3078253032585D0045502025643A04
S21403ED3020257320004572726F723A2020556E6B41
S21403ED406E6F776E20656E64706F696E742E004505
S21403ED506E61626C65206576656E742064656275A7
S21403ED606720696E666F20696E20436F7265204365
S21403ED704C4920636F6D706F6E656E74006F6E6CBA
S21403ED807920636F6F7264696E61746F7273206348
S21403ED90616E20666F726D0A006A6F696E20307846
S21403EDA0253038580A006C65617665002573203077
S21403EDB078253032580A0072656A6F696E44696650
S21403EDC06644657669636554797065006578742E64
S21403EDD02050414E2049443A20004E574B206F7036
S21403EDE0656E3A20257520736563004E574B206386
S21403EDF06C6F7365640066696E64206A6F696E6122
S21403EE00626C653A203078253032580066696E6445
S21403EE1020756E757365643A203078253032580055
S21403EE204368616E67696E6720746F206368616EFE
S21403EE306E656C2025643A20307825303258006998
S21403EE406E76616C6964206E6574776F726B206989
S21403EE506E6465780053686F72742049443A2030B4
S21403EE6078253034582C2045554936343A20002C22
S21403EE702050616E2049443A2030782530345800BB
S21403EE8053746172746564206D756C74692D706853
S21403EE907920696E74657266616365004661696CA4
S21403EEA0656420746F202573202573203078253001
S21403EEB03258005465726D696E61746564202573FB
S21403EEC020307825303258004B65657020616C69B8
S21403EED0766520737570706F727420656E61626CF0
S21403EEE065642E006661696C656420746F207365C3
S21403EEF074206B65657020616C697665206D6F6440
S21403EF00652E007375636365737366756C6C792021
S21403EF1073657420746865206368696C642074691B
S21403EF206D656F7574206F7074696F6E206D617395
S21403EF306B2E006661696C656420746F207365745C
S21403EF4020746865206368696C642074696D656FF6
S21403EF507574206F7074696F6E206D61736B2E000D
S21403EF60646973636F766572004D61746368202508
S21403EF7073792066726F6D203078253034582C20D4
S21403EF806570202564004E574B2041646472657398
S21403EF907320726573706F6E73653A203078253010
S21403EFA034580049454545204164647265737320AF
S21403EFB0726573706F6E73653A2000536572766977
S21403EFC063652025737920646F6E652E00232020E9
S21403EFD0747970652020206E776B20206C6F632019
S21403EFE0202072656D202020636C75732020206EB0
S21403EFF06F64652020206575690020202564202025
S21403F0002020307825303458202030782530345866
S21403F0102020307825303458203078253034582056
S21403F02000736C5F7A69676265655F6765745F62C4
S21403F030696E64696E67204572726F723A20307823
S21403F040253038580A002564206F66202564206220
S21403F050696E64696E6773207573656400656E61B7
S21403F060626C6564207072696E74006469736162B1
S21403F0706C6564207072696E7400616464206C69E8
S21403F0806E6B206B6579004552523A2043616C6380
S21403F090756C617465642043524320646F65732006
S21403F0A06E6F74206D61746368004552523A20494E
S21403F0B06E7374616C6C20436F6465206D75737436
S21403F0C020626520382C2031302C2031342C206FE0
S21403F0D07220313820627974657320696E206C65FE
S21403F0E06E677468004552523A204145532D4D4D84
S21403F0F04F2068617368206661696C65643A2030E6
S21403F100782530325800536574206A6F696E696ECD
S21403F11067206C696E6B206B65790073657420627B
S21403F120696E642025643A203078253032780045AD
S21403F1304D50545900554E494341004D324F4E45AC
S21403F140004D554C5449003F2020202000496E6452
S21403F150657820494545452041646472657373208C
S21403F16020202020202020204E574B496E646578AF
S21403F1702020496E204643202020202054544C282B
S21403F180732920466C6167202020204B6579202058
S21403F1902020002564202020202000202025642015
S21403F1A02020202020200020202530385820200032
S21403F1B020307825303458202000496E6465782046
S21403F1C049454545204164647265737320202020B9
S21403F1D02020202020496E20464320202020205433
S21403F1E079706520204175746820204B6579002D61
S21403F1F02020202020002563202020202025632097
S21403F2002020202000696573005741524E494E471F
S21403F2103A202052454144494E47204F46204B450D
S21403F220592056414C5545532044495341424C4579
S21403F23044204259204D464720544F4B454E004EDE
S21403F240574B204B6579002573206F757420464312
S21403F2503A202530385800257320736571206E7563
S21403F2606D3A20307825303258002573206F757438
S21403F2702046433A2025303878005443202573200F
S21403F280002573205461626C650025642F25642075
S21403F290656E747269657320757365642E005472A7
S21403F2A0616E7369656E74204B657900256420650D
S21403F2B06E7472257320636F6E73756D696E672047
S21403F2C02564207061636B6574206275666665727B
S21403F2D025732E0057494C4C0057494C4C204E4F33
S21403F2E0540054727573742043656E7465722025DA
S21403F2F07320616C6C6F772074727573742063650A
S21403F3006E7465722072656A6F696E7320757369B1
S21403F3106E672077656C6C2D6B6E6F776E206B65F2
S21403F320792E005365742074696D656F7574206655
S21403F3306F722054727573742043656E7465722001
S21403F34072656A6F696E73207573696E6720776579
S21403F3506C6C2D6B6E6F776E206C696E6B206B65B5
S21403F3607920746F202564207365636F6E64732E33
S21403F370004552524F523A20002573737461636BF3
S21403F380206D75737420626520646F776E2E00524D
S21403F390656164696E6720416C6C6F7765640048CD
S21403F3A0617368696E67206F6E6C7900736C5F7A41
S21403F3B069676265655F6B65795F73657474696EAB
S21403F3C067735F743A203078253034580020205015
S21403F3D065726D697373696F6E733A2025730045A2
S21403F3E072726F723A204661696C656420746F208E
S21403F3F067657420636F6E6669672C207374617427
S21403F40075733A20307825303858004661696C6544
S21403F410643A20307825303858004D73673A2063B5
S21403F4206C7573203078253034582C20636D642037
S21403F4303078253032582C206C656E2025640062A7
S21403F44075666665723A2000454D4245525F002553
S21403F4507353454355524954595F4C4556454C3AA8
S21403F46020253032580025736572617365206B65FD
S21403F470792025643A2030782530385800636D6447
S21403F480206E6F74206275696C74007372632065F6
S21403F4907020253032782C20636C75732025303429
S21403F4A0780073656E64696E6720746F206D756C83
S21403F4B07469636173742062696E640025733A200D
S21403F4C065703A2025642C20636C3A20307825300A
S21403F4D034582C20617474723A20307825303458AE
S21403F4E0002C207376723A2025630025733A207227
S21403F4F06561643A20307825303278002C207376A4
S21403F500723A2025632C2064747970653A2030782B
S21403F5102530325800417267756D656E74206174CC
S21403F52020696E6465783A202564206973206F75B8
S21403F53074206F662072616E676500436F6D6D6140
S21403F5406E6420616C7265616479206275696C749F
S21403F5502E202043616E6E6F7420736574204D46B3
S21403F5604720737065636966696320636F6465200B
S21403F570666F7220636F6D6D616E642E004D464735
S21403F58020436F64652053657420666F72206E6532
S21403F590787420636F6D6D616E643A203078253021
S21403F5A0345800557365204E65787420536571751D
S21403F5B0656E63652053657420666F72206E65788A
S21403F5C07420636F6D6D616E643A20307825303237
S21403F5D0580044697361626C652044656661756CA6
S21403F5E07420526573706F6E73652053657420665E
S21403F5F06F72206E65787420636F6D6D616E643A0A
S21403F60020307825303258004552523A20726561D0
S21403F61064696E6720617474726962757465202507
S21403F620303278004552523A2061747472696275BA
S21403F63074652073697A6520256420746F6F206C67
S21403F6406172676520666F72206275666665720012
S21403F6504572726F723A206174747269627574656A
S21403F66020494420307825303458207265706F72F4
S21403F6707461626C65206368616E676520697320D8
S21403F68073697A65202564422C206275742025648C
S21403F6904220656E74657265640A006E6F20636D42
S21403F6A064004572726F723A20434C492053656E6C
S21403F6B064206661696C65642C2073746174757369
S21403F6C03A20307825303858004572726F723A20E7
S21403F6D020455549363420617267756D656E742012
S21403F6E0697320656D70747920616E64206C6F6F2A
S21403F6F06B7570206279206E6F64652049442066BE
S21403F70061696C65642E0047726F757000556E698B
S21403F7106361737400556E62696E642025732025D9
S21403F7207330782530325800526571756573743AB4
S21403F73020005A444F2073696D706C6520646573AE
S21403F74063207265712025303278005A444F206E4C
S21403F7506F6465206465736320726571202530329B
S21403F76078005A444F206D61746368206465736340
S21403F770207265712025303258005573696E6720F4
S21403F7806D79206C6F63616C20455549363420666D
S21403F7906F72206465737420455549363420696E4C
S21403F7A02062696E64696E67005A444F2062696E10
S21403F7B06420726571202530327800636C7573742B
S21403F7C06572206C696D697420726561636865642F
S21403F7D000696E76616C696420706167653A2025FE
S21403F7E064206F72206368616E6E656C3A202564D0
S21403F7F0004368616E6765206368616E6E656C20A2
S21403F8007374617475733A203078253032780064E7
S21403F81075726174696F6E206D75737420626520EE
S21403F820696E2072616E67652030202D2035006377
S21403F8306F756E74206D75737420626520696E2013
S21403F84072616E67652031202D2038007363616E08
S21403F8502073746174757320307825303258006EC7
S21403F8606574776F726B2075706461746520736559
S21403F87074207374617475732030782530325800A1
S21403F88041637469766520455020726571756573AA
S21403F89074207374617475733A2030782530325847
S21403F8A0004C5149205461626C6520726571756520
S21403F8B073743A203078253032580042696E646992
S21403F8C06E67205461626C6520726571756573742A
S21403F8D03A20307825303258004C6561766520250D
S21403F8E07330782530325800506F77657220446540
S21403F8F07363726970746F722025733078253032A3
S21403F90058005573696E67206D79206C6F63616C60
S21403F91020455549363420666F722064657374201B
S21403F920455549363420696E20756E62696E646982
S21403F9306E6700526F757465205461626C6520258E
S21403F94073307825303258002F686F6D652F7275C7
S21403F9506E6E65722F776F726B2F747579612D7A61
S21403F96069676265652D7377697463682F74757943
S21403F970612D7A69676265652D7377697463682F8D
S21403F98073696C6162735F746F6F6C732F73696DE9
S21403F990706C69636974795F73646B2F70726F74CC
S21403F9A06F636F6C2F7A69676265652F6170702F5E
S21403F9B06672616D65776F726B2F636F6D6D6F6EB9
S21403F9C02F736C5F7A69676265655F7379737465B5
S21403F9D06D5F636F6D6D6F6E2E6300457874656E35
S21403F9E064656420526573657420696E666F3A2099
S21403F9F03078253034582028257329002F686F6DFA
S21403FA00652F72756E6E65722F776F726B2F7475B6
S21403FA1079612D7A69676265652D737769746368A2
S21403FA202F747579612D7A69676265652D737769B9
S21403FA307463682F73696C6162735F746F6F6C7342
S21403FA402F73696D706C69636974795F73646B2F68
S21403FA5070726F746F636F6C2F7A69676265652F58
S21403FA606170702F6672616D65776F726B2F636F4F
S21403FA706D6D6F6E2F7A69676265655F6170705F23
S21403FA806672616D65776F726B5F736C6565702EFA
S21403FA90630053746179206177616B6520776865CD
S21403FAA06E206E6F74206A6F696E65643A202573E4
S21403FAB000466F72636564207374617920617761B1
S21403FAC06B653A202020202020202020202573004C
S21403FAD0466F7263696E6720646576696365207432
S21403FAE06F2073746179206177616B6500416C6C7C
S21403FAF06F77696E672064657669636520746F2027
S21403FB00676F20746F20736C656570002F686F6D68
S21403FB10652F72756E6E65722F776F726B2F7475A5
S21403FB2079612D7A69676265652D73776974636891
S21403FB302F747579612D7A69676265652D737769A8
S21403FB407463682F73696C6162735F746F6F6C7331
S21403FB502F73696D706C69636974795F73646B2F57
S21403FB6070726F746F636F6C2F7A69676265652F47
S21403FB706170702F6672616D65776F726B2F636F3E
S21403FB806D6D6F6E2F7A69676265655F7374616307
S21403FB906B5F736C6565702E630052583A2052652E
S21403FBA0736574546F466163746F727944656661F6
S21403FBB0756C747343616C6C6261636B00657A7316
S21403FBC07020636F756E74657273206661696C6509
S21403FBD06420257500657A737020526573657420FA
S21403FBE05468726573686F6C64206572726F7220F6
S21403FBF0257500657A7370205365742054687265A2
S21403FC0073686F6C64206572726F722025750025A9
S21403FC1075292025733A2025750053657474696E1B
S21403FC2067205468726573686F6C6420636F6D6DCC
S21403FC30616E64003F3F3F004D616320527820426F
S21403FC4063617374004D616320547820426361736B
S21403FC5074004D6163205278205563617374004DC0
S21403FC606163205478205563617374004D6163208B
S21403FC705478205563617374205265747279004D0D
S21403FC806163205478205563617374204661696C00
S21403FC9000415053205278204263617374004150F0
S21403FCA053205478204263617374004150532052AA
S21403FCB0782055636173740041505320547820555F
S21403FCC063617374205375636365737300415053A4
S21403FCD020547820556361737420526574727900DA
S21403FCE041505320547820556361737420466169EC
S21403FCF06C00526F757465204469736320496E699E
S21403FD00746961746564004E65696768626F722022
S21403FD104164646564004E65696768626F72205269
S21403FD20656D6F766564004E65696768626F7220FD
S21403FD305374616C65004A6F696E20496E6469632B
S21403FD406174696F6E004368696C64204D6F7665F5
S21403FD506400415348204F766572666C6F770041A6
S21403FD605348204672616D65204572726F7200417A
S21403FD705348204F76657272756E204572726F72A5
S21403FD80004E574B204643204661696C75726500EA
S21403FD90415053204643204661696C7572650041A5
S21403FDA0534820584F66660041505320556E617580
S21403FDB074686F72697A6564204B6579004E574B99
S21403FDC02044656372797074204661696C75726548
S21403FDD07300415053204465637279707420466102
S21403FDE0696C75726573005061636B657420427548
S21403FDF06666657220416C6C6F636174652046614C
S21403FE00696C757265730052656C6179656420551B
S21403FE10636173740050687920746F204D414320EA
S21403FE207175657565206C696D69742072656163AB
S21403FE30686564005061636B65742056616C696421
S21403FE406174652064726F7020636F756E74004E04
S21403FE50574B207265747279206F766572666C6F85
S21403FE607700434341204661696C757265730042AF
S21403FE70726F616463617374207461626C6520667B
S21403FE80756C6C00505441204C6F205072692052A0
S21403FE9065710050544120486920507269205265AC
S21403FEA07100505441204C6F205072692044656E97
S21403FEB069656400505441204869205072692044A3
S21403FEC0656E69656400505441204C6F205072691A
S21403FED020547820416272740050544120486920AF
S21403FEE050726920547820416272740041646472CF
S21403FEF065737320436F6E666C6963742053656E17
S21403FF00740043534C205278207363686564756CA1
S21403FF1065206661696C6564000D004465627567FB
S21403FF20207072696E742067726F75702025730A6D
S21403FF300057726F6E6720706172616D65746572CB
S21403FF400A0046696E6420616E642042696E64200E
S21403FF50496E69746961746F723A20436F6D706C91
S21403FF606574653A203078253032580053746172D0
S21403FF7074207461726765740046696E6420616EEE
S21403FF80642042696E642054617267657400257349
S21403FF903A2025733A20307825303258004672616D
S21403FFA0676D656E746174696F6E20525820776949
S21403FFB06E646F772073697A652073657420746F37
S21403FFC0202564002F686F6D652F72756E6E6572DF
S21403FFD02F776F726B2F747579612D7A69676265F7
S21403FFE0652D7377697463682F747579612D7A69E3
S21403FFF0676265652D7377697463682F73696C61CF
S21404000062735F746F6F6C732F73696D706C696362
S2140400106974795F73646B2F70726F746F636F6C3F
S2140400202F7A69676265652F6170702F6672616DDD
S21404003065776F726B2F706C7567696E2F66726169
S214040040676D656E746174696F6E2F667261676D35
S214040050656E746174696F6E2E630052583A20415F
S214040060646447726F7570526573706F6E73652043
S2140400703078253032582C203078253034580052C9
S214040080583A205669657747726F75705265737073
S2140400906F6E7365203078253032582C20307825E2
S2140400A03034582C20220052583A20476574477240
S2140400B06F75704D656D62657273686970526573AD
S2140400C0706F6E7365203078253032582C20307867
S2140400D0253032582C00205B3078253034585D00AB
S2140400E052583A2052656D6F766547726F75705236
S2140400F06573706F6E7365203078253032582C2007
S2140401003078253034580065705B253032585D20D1
S21404011069645B253034585D00436C656172696EB2
S2140401206720616C6C2067726F7570732E00455281
S214040130523A204661696C656420746F2063726568
S2140401406174652062696E64696E6720283078255C
S21404015030325829004552523A2042696E64696E1C
S21404016067207461626C652069732066756C6C0028
S2140401704552523A2077726974696E67206E616DD3
S2140401806520737570706F72742025303258005273
S214040190583A2041646447726F7570203078253071
S2140401A034582C20220075760052583A2056696539
S2140401B07747726F7570203078253034580075761E
S2140401C07300766965775F67726F75700047726F44
S2140401D07570733A206661696C656420746F207369
S2140401E0656E6420257320726573706F6E73653A4E
S2140401F020307825303258006765745F67726F75F3
S214040200705F6D656D626572736869702072657380
S214040210706F6E73650064656661756C745F726595
S21404022073706F6E73650052583A20476574477250
S2140402306F75704D656D626572736869702030788D
S214040240253032582C007575620047726F757073CE
S2140402503A206661696C656420746F2073656E6409
S2140402602025733A203078253032580052583A20E8
S21404027052656D6F766547726F75702030782530DD
S2140402803458004552523A204661696C65642074BD
S2140402906F2064656C6574652062696E64696E6758
S2140402A02028307825303258290072656D6F7665BF
S2140402B05F67726F75700052583A2052656D6F769C
S2140402C065416C6C47726F7570730052583A2041E2
S2140402D0646447726F757049664964656E746966CE
S2140402E079696E67203078253034582C20220061D6
S2140402F06464004368616E6E656C206E6F7420766D
S214040300616C69643A202564005072696D61727983
S214040310002573206D61736B206E6F77203078250F
S214040320303858005365636F6E64617279004D61AE
S214040330736B206E6F742076616C69643A20256452
S214040340007072696D617279007365636F6E6461C3
S21404035072790025733A20536574202573206D61E5
S214040360736B20746F2030782530385800537461CE
S2140403707475730025733A2025733A004368616EDA
S2140403806E656C206D61736B3A0020202020283146
S2140403902920307825303858205B0020202020285B
S2140403A0322920307825303858205B005374617425
S2140403B0653A2030782530325820282573290043A2
S2140403C0757272656E74206368616E6E656C3A2031
S2140403D0256400546F74616C20626561636F6E738C
S2140403E03A202564004A6F696E20617474656D70E6
S2140403F074733A202564004E6574776F726B2073AD
S214040400746174653A203078253032580053746F1E
S214040410700025732053746F702E2020436C656122
S2140404206E696E672075702E0042726F6164636138
S2140404307374696E67207065726D6974206A6F697B
S2140404406E0054727573742063656E746572206CE6
S214040450696E6B206B6579207570646174652073B2
S21404046074617475730025733A205741524E494E91
S214040470473A20736C5F7A69676265655F73657473
S2140404805F696E697469616C5F73656375726974BC
S214040490795F7374617465206661696C65642E2087
S2140404A0436F6E74696E75696E6720776974686FDA
S2140404B0757420696E7374616C6C20636F64652E4A
S2140404C0004572726F723A20696E7374616C6C20A8
S2140404D0636F6465207365747570206661696C6506
S2140404E0642E20497320616E20696E7374616C6C8F
S2140404F020636F646520666C6173686564206F6E44
S214040500746F20746865206465766963653F00D0FF
S214040510D1D2D3D4D5D6D7D8D9DADBDCDDDEDF002A
S214040520FFFFFFFFFFFFFFFF005A69674265654153
S2140405306C6C69616E636530390025733A206973A3
S2140405407375696E67207363616E206F6E20257302
S214040550206368616E6E656C7320286D61736B2012
S2140405603078253038582900257320697320616C4B
S214040570726561647920696E2070726F6772657344
S21404058073005374617274004578616D696E696EA8
S2140405906720626561636F6E206F6E206368616EAC
S2140405A06E656C20256420776974682070616E49D6
S2140405B064203078253034580054686973206265A6
S2140405C061636F6E206973206E6F7420706172743D
S2140405D0206F66207468652063757272656E742079
S2140405E06368616E6E656C206D61736B202830786D
S2140405F025303858292E2047657474696E67206E36
S21404060065787420626561636F6E2077686F7365C2
S214040610206368616E6E656C206269746D61736BCD
S214040620206973207365742E004572726F723A20C7
S214040630257320636F756C64206E6F742061747408
S214040640656D7074206A6F696E3A20307825303292
S21404065058004E6F20626561636F6E73206C65662A
S21404066074206F6E2063757272656E74206D61738C
S2140406706B2E204D6F76696E6720746F206E6578DA
S21404068074207374617465002573206A6F696E69DB
S2140406906E6720307825303458206F6E206368618A
S2140406A06E6E656C20256400257320537461746532
S2140406B03A202573004572726F723A2025732063C0
S2140406C06F756C64206E6F74207365747570207318
S2140406D0656375726974793A20307825303258002B
S2140406E04572726F723A205363616E20636F6D7049
S2140406F06C6574652068616E646C657220726574DE
S21404070075726E6564203078253032580025732063
S2140407107363616E20636F6D706C6574652E204222
S2140407206561636F6E732068656172643A20256440
S21404073000257320737461636B207374617475731E
S21404074020307825303258002573206E6574776F14
S214040750726B206A6F696E65642E0025732074724E
S21404076079696E67206E657874206E6574776F722B
S2140407706B2E004E6F6E65005363616E2050726977
S2140407806D617279204368616E6E656C7320616E6C
S214040790642075736520436F6E6669677572656459
S2140407A0204B6579005363616E205072696D6172E7
S2140407B079204368616E6E656C7320616E64207583
S2140407C0736520496E7374616C6C20436F646500B6
S2140407D05363616E205072696D617279204368615B
S2140407E06E6E656C7320616E642055736520436578
S2140407F06E7472616C697A6564204B657900536324
S214040800616E205072696D617279204368616E6E04
S214040810656C7320616E6420557365204469737437
S21404082072696275746564204B6579005363616E02
S214040830205365636F6E64617279204368616E6EDF
S214040840656C7320616E642075736520436F6E66F5
S214040850696775726564204B6579005363616E2021
S2140408605365636F6E64617279204368616E6E656A
S2140408706C7320616E642075736520496E737461B1
S2140408806C6C20436F6465005363616E205365632C
S2140408906F6E64617279204368616E6E656C732056
S2140408A0616E64205573652043656E7472616C696D
S2140408B07A6564204B6579005363616E20536563E3
S2140408C06F6E64617279204368616E6E656C732026
S2140408D0616E642055736520446973747269627529
S2140408E0746564204B6579005363616E20507269A9
S2140408F06D617279204368616E6E656C7320616EFB
S214040900642055736520416C6C204B6579732028F0
S214040910696E7374616C6C20636F64652C20636508
S2140409206E7472616C697A65642C2064697374727F
S21404093069627574656429005363616E2053656348
S2140409406F6E64617279204368616E6E656C7320A5
S214040950616E642055736520416C6C204B65797319
S2140409602028696E7374616C6C20636F64652C2038
S21404097063656E7472616C697A65642C206469734D
S214040980747269627574656429004F6E2F4F6666CB
S214040990207365742076616C75653A20253032586C
S2140409A02025303258004552523A207265616469F7
S2140409B06E67206F6E2F6F66662025303258004FA4
S2140409C06E2F6F666620616C72656164792073654C
S2140409D07420746F206E65772076616C756500549C
S2140409E06F67676C65206F6E2F6F66662066726F22
S2140409F06D202530325820746F202530325800453B
S214040A0052523A2077726974696E67206F6E2F6F40
S214040A106666202530325800496E7374616C6C65C6
S214040A20642054797065202842617365293A202031
S214040A30307825303258004361706162696C69749D
S214040A406965733A20202020202020202020203092
S214040A50782530345800426F6F746C6F6164657229
S214040A602056657273696F6E3A20202020203078F5
S214040A70253034580053656375726520426F6F7471
S214040A806C6F61646572204B65793A2020202020C3
S214040A902000426F6F746C6F6164696E67206661D4
S214040AA0696C65642100446F776E6C6F61642066C0
S214040AB061696C65642E0044656C6574696E6720B4
S214040AC06661696C656420646F776E6C6F61642C14
S214040AD0207374617475733A203078253032580068
S214040AE0496D61676520646F6573206E6F7420635B
S214040AF06F6E7461696E20616E20557067726164F2
S214040B006520496D61676520546167202830782523
S214040B10303458292E20536B697070696E672075BF
S214040B207067726164652E00457865637574696ED6
S214040B306720626F6F746C6F61642063616C6C62B3
S214040B4061636B2E005374617274696E672045424C
S214040B504C20766572696669636174696F6E0045D8
S214040B60424C206661696C656420766572696669C4
S214040B70636174696F6E2E0045424C207061737316
S214040B80656420766572696669636174696F6E2E42
S214040B90002573696E67204F544120636C69656E47
S214040BA074207374617465206D616368696E650092
S214040BB073746F7070004572726F723A204E6F20B5
S214040BC0696D61676520617420696E6465782025A7
S214040BD064004E6F7420737570706F727465642E43
S214040BE000436C69656E7420696D61676520717574
S214040BF065727920696E666F004D616E7566204970
S214040C00443A20202020202020202030782530340C
S214040C105800496D61676520547970652049443AE7
S214040C2020202020307825303458004375727265B1
S214040C306E742056657273696F6E3A20203078257C
S214040C403038580048617264776172652056657260
S214040C5073696F6E3A20004E4100517565727920B3
S214040C6044656C6179206D733A2020202020202072
S214040C702020202020256C6400536572766572203F
S214040C80446973636F766572792044656C61792074
S214040C906D733A20256C6400446F776E6C6F6164E4
S214040CA02044656C6179206D733A20202020202032
S214040CB0202020256C640052756E20557067726182
S214040CC064652044656C6179206D733A2020202089
S214040CD02020256C64005665726966792044656C2C
S214040CE06179206D733A20202020202020202020A7
S214040CF020256C6400446F776E6C6F6164204572C7
S214040D00726F72205468726573686F6C643A202040
S214040D1025640055706772616465205761697420A4
S214040D205468726573686F6C643A202020202564CA
S214040D30004F544120446F776E6772616465733A5E
S214040D402044697361626C6564004F544120446FAB
S214040D50776E6772616465733A20456E61626C658E
S214040D606400426F6F746C6F6164207374617465A1
S214040D703A20257300496E76616C696420455020DC
S214040D802564207768656E20747279696E672074AE
S214040D906F2073656E64204F5441206D65737361D4
S214040DA067652E0053656E64696E672055706772BA
S214040DB061646520456E6420726571756573742E72
S214040DC00025733A20696E76616C696420636D64ED
S214040DD0496420307825303258004572726F723A72
S214040DE020204661696C656420746F2073656E64A8
S214040DF0204F544120636F6D6D616E6420307825FA
S214040E003032582C207374617475733A2030782508
S214040E103032580053657276657220756E6B6E6F4D
S214040E20776E2C2066616C6C696E67206261636BFA
S214040E3020746F20646973636F766572792E004D33
S214040E406178696D756D2071756572792065727249
S214040E506F72732068697420282564292C207374A3
S214040E60617274696E672073656172636820666F69
S214040E7072206E6577204F544120736572766572D2
S214040E802E0A004170706C79696E672075706772FF
S214040E906164650025733A20696E76616C69642026
S214040EA06F66667365742063757272656E745469D2
S214040EB06D652830782530385829203E20757067AF
S214040EC07261646554696D65283078253038582910
S214040ED0004F544120436C75737465723A207761F1
S214040EE0697420666F722025642073005258656406
S214040EF02074696D654F7574203078253038582015
S214040F00732C204D41582074696D654F75742030DC
S214040F1078253038582073004D6178696D756D20DA
S214040F207570677261646520726571756573747334
S214040F30206D616465202825642920776974686FAC
S214040F40757420726573706F6E73652066726F6D4C
S214040F50207365727665722E0055706772616469D7
S214040F606E6720616E79776179004F54412053652E
S214040F70727669636520646973636F766572792037
S214040F8070726576656E746564202D20616E6F746C
S214040F9068657220697320616C7265616479206982
S214040FA06E2070726F6772657373004661696C6554
S214040FB06420746F20696E69746961746520736552
S214040FC0727669636520646973636F766572792ED9
S214040FD0004F5441205365727669636520446973F3
S214040FE0636F7665727920696E2070726F677265BA
S214040FF0737300436C69656E7420766572696669FE
S214041000636174696F6E206661696C65642E005353
S21404101069676E617475726500437573746F6D00ED
S214041020706173736564004641494C4544004E6FD5
S214041030207369676E617475726520766572696679
S21404104069636174696F6E20737570706F72742C47
S21404105020617373756D696E6720696D61676520BD
S2140410606973206F6B61792E00257320766572692B
S2140410706669636174696F6E2025733A203078253B
S214041080303258004D6178696D756D206E756D62ED
S2140410906572206F6620646F776E6C6F616420657E
S2140410A072726F72732072656163682028256429E2
S2140410B02C2061626F7274696E672E004F54412053
S2140410C0436C75737465723A2073657474696E67DD
S2140410D020494545452061646472657373206F66D4
S2140410E0204F544120636C757374657200506172AE
S2140410F07469616C2066696C6520646F776E6C6FCA
S214041100616420666F756E642C20636F6E74696EFE
S21404111075696E672066726F6D206F666673657498
S2140411202030782530385800466F756E6420667512
S2140411306C6C7920646F776E6C6F6164656420668E
S214041140696C6520696E2073746F72616765202808
S21404115076657273696F6E20307825303858292E7C
S21404116000466F756E642066696C6520696E207330
S214041170746F72616765207769746820646966664F
S2140411806572656E742076657273696F6E2028309A
S214041190782530385829207468616E206375727219
S2140411A0656E742076657273696F6E2028307825B4
S2140411B0303858290046696C6520696E2073746F50
S2140411C0726167652069732073616D6520617320A1
S2140411D063757272656E742072756E6E696E6720C2
S2140411E076657273696F6E202830782530385829F2
S2140411F0004E6F20696D61676520666F756E6420AA
S214041200696E2073746F726167652E004F544120B7
S2140412105365727669636520446973636F76657295
S2140412207920756E626C6F636B65640049676E6FD8
S21404123072696E67207365727665722066726F6D6A
S214041240206C6F6F706261636B2061646472657397
S214041250730049676E6F72696E6720307825303484
S21404126058204F54412073657276657220696E204B
S214041270736561726368206F662054430053657417
S21404128074696E67204F54412053657276657220E8
S214041290746F203078253034580044656C61796961
S2140412A06E67202564207365636F6E6473206265C1
S2140412B0666F7265207374617274696E67204F542A
S2140412C04120636C69656E740054696D656F75744E
S2140412D02077616974696E6720666F72206D657326
S2140412E0736167652E00426164204F544120636F2A
S2140412F06D6D616E643A20307825303258004F5454
S2140413004120636F6D6D616E6420307825303258ED
S21404131020746F6F2073686F727420286C656E205B
S2140413202564203C206D696E20256429004F5441B5
S21404133020636F6D6D616E642066726F6D20756ECE
S2140413407265636F676E697A656420736572766525
S21404135072203078253034582E20204D79204F5472
S21404136041207365727665723A2030782530345899
S21404137000496D616765204E6F7469667900476F32
S2140413807420756E65787065637465642025732EA5
S2140413902020537461727420646973636F76657277
S2140413A0792E0064656661756C74004F54413A206A
S2140413B06661696C656420746F2073656E642025AD
S2140413C07320726573706F6E73653A2030782530BB
S2140413D0325800496D616765206E6F7469667900DE
S2140413E0476F7420756E6578706563746564202530
S2140413F0732E202049676E6F7265642E004F544129
S2140414003A2044656661756C7420726573706F6EFD
S214041410736520666F7220496D616765206E6F7410
S2140414206966792C2073746174757320307825305E
S214041430325800496D616765206E6F74696679205D
S214041440636F6D6D616E6400257320756E696361EC
S21404145073742C207175657279696E6700496E76AF
S214041460616C6964002573202573207061796C6F44
S21404147061642074797065203078253032580025F0
S214041480732025733A206F7574206F662072616E20
S2140414906765206A69747465722025640025732064
S2140414A025733A207061796C6F6164206C656E6791
S2140414B0746820646F65736E2774206D6174636846
S2140414C020747970652030782530325820282564B9
S2140414D0203C202564290025732025732064756527
S2140414E020746F206E6F6E2D6D61746368696E670D
S2140414F0206D616E75666163747572657220494409
S2140415000025732025732064756520746F206E6F24
S2140415106E2D6D61746368696E6720696D616765B9
S214041520207479706520494400257320257320644F
S214041530756520746F206D61746368696E672066D4
S21404154069726D776172652076657273696F6E0075
S21404155025732025732C2052782764204A697474D6
S21404156065722028307825303258292C205069633B
S2140415706B6564204A697474657220283078253057
S214041580325829005175657279206E657874206921
S2140415906D61676520726573706F6E736500257381
S2140415A02072657475726E65642030782530325802
S2140415B02E20204E6F206E657720696D616765204A
S2140415C0746F20646F776E6C6F61642E00257320D1
S2140415D0746F6F2073686F727420282564203C2013
S2140415E02564290025733A204E657720696D616766
S2140415F06520697320617661696C61626C6520663A
S2140416006F7220646F776E6C6F61642E0025732092
S2140416106973206E6F74207573696E67206D792008
S214041620696D61676520696E666F2E004552524F7C
S214041630523A204E65787420496D61676520697357
S21404164020746F6F2062696720746F2073746F72E2
S214041650652028307825303858203E2030782530CC
S2140416603858290025732072657475726E65642077
S21404167073616D652046696C6556657273696F6E35
S2140416802061732063757272656E746C7920696E5E
S2140416907374616C6C65642E004F544120446F77FC
S2140416A06E6772616465732044697361626C656415
S2140416B03A2046696C6556657273696F6E2062657A
S2140416C068696E642063757272656E7420696E73E1
S2140416D074616C6C6174696F6E00537461727469C2
S2140416E06E6720646F776E6C6F61642C205665722B
S2140416F073696F6E20307825303858004572726FE3
S214041700723A204661696C656420746F2064656C67
S21404171065746520696D6167652E004572726F7227
S2140417203A204661696C656420746F206572617343
S21404173065206F6C642074656D7020646174612E1E
S21404174000496D61676520626C6F636B2072657318
S214041750706F6E7365004F54413A20496D6167653A
S214041760426C6F636B5265706F6E736520636F6E49
S2140417707461696E7320696E76616C6964206F7239
S21404178020696E636F6D706C657465206461746146
S214041790005570646174696E67204D696E20426CF2
S2140417A06F636B205265717565737420506572693A
S2140417B06F6420746F202564206D7300446F776E09
S2140417C06C6F61642064656C61792062792073654E
S2140417D072766572202564206D7300446F776E6C94
S2140417E06F61642061626F7274656420627920732D
S2140417F065727665722E0053657276657220646F24
S21404180065736E277420737570706F7274207061C0
S214041810676520726571756573742C206F6E6C79BC
S214041820207573696E6720626C6F636B20726571D6
S214041830756573742E0053657276657220726574CE
S21404184075726E65642027756E737570706F72742A
S214041850656420636C757374657220636F6D6D6167
S2140418606E64272E00556E6B6E6F776E2025732080
S21404187073746174757320636F64652030782530E3
S2140418803258002573206861732064617461207384
S214041890697A65202825642920736D616C6C6572ED
S2140418A0207468616E2061637475616C2070616376
S2140418B06B65742073697A6520282564292E0025B3
S2140418C073206572726F723A20457870656374652A
S2140418D064206F6666736574203078253038582C1B
S2140418E02062757420676F74203078253038582E3F
S2140418F0202049676E6F72696E6700257320696ED3
S214041900666F20646964206E6F74206D617463680A
S214041910206D7920657870656374656420696E66E9
S2140419206F2E202044726F7070696E672E004661B9
S214041930696C656420746F20777269746520746FAF
S2140419402073746F726167652064657669636521C8
S21404195000446F776E6C6F616400557067726164E3
S2140419606520656E6420726573706F6E73650053D0
S21404197065727665722061626F7274656420757034
S21404198067726164652C207374617475733A2030D1
S2140419907825303258004572726F723A20257320CB
S2140419A068616420696E76616C69642025733A20E8
S2140419B00066696C652076657273696F6E004164B3
S2140419C064696E67202564206D732E2064656C61DF
S2140419D07920666F7220696D6D656469617465202F
S2140419E0757067726164652E00436F756E74646FFC
S2140419F0776E20746F20757067726164653A20256F
S214041A0064206D73002053746174653A2020202589
S214041A1073002057616974696E6720666F7220725E
S214041A206573706F6E73653A20257300204E657873
S214041A3074204576656E742054696D65723A202567
S214041A4064206D73002043757272656E7420446F53
S214041A50776E6C6F6164204F66667365743A2030E7
S214041A607825303858202825642525290025733AFA
S214041A70206661696C65642070617273696E6720A4
S214041A804F544120636D6420307825303258004F1F
S214041A9054412044656661756C7420726573706F7A
S214041AA06E736520746F20636F6D6D616E6420497C
S214041AB044203078253032582C2073746174757342
S214041AC02030782530325800496D61676520626C95
S214041AD06F636B20726571756573742074657374B7
S214041AE0206F6E6C7920776F726B73207768656EE3
S214041AF020737461746520697320424F4F544C4FB1
S214041B0041445F53544154455F4E4F4E4500526125
S214041B106E646F6D2044656C6179206265666F72D1
S214041B206520737461727400446973636F766572BA
S214041B30696E67204F54412053657276657200477C
S214041B406574204F5441205365727665722045555E
S214041B5049004F627461696E206C696E6B206B6518
S214041B6079005175657279696E67204E65787420C0
S214041B70496D61676500446F776E6C6F6164696E6A
S214041B806720496D61676500566572696679696E96
S214041B906720496D6167650057616974696E6720DF
S214041BA0666F722055706772616465206D65737325
S214041BB061676500436F756E74646F776E20746F2B
S214041BC020557067726164650057616974696E6751
S214041BD020746F2075706772616465207669612071
S214041BE06F75742D6F662D62616E64206D65636813
S214041BF0616E69736D0025733A202564252520637C
S214041C006F6D706C65746500496D61676520256449
S214041C100020204552524F523A20436F756C642080
S214041C206E6F74206765742066756C6C20686561D9
S214041C3064657221002020486561646572205665DB
S214041C407273696F6E3A203078253034580020203D
S214041C50486561646572204C656E6774683A202036
S214041C6025642062797465730020204669656C6477
S214041C7020436F6E74726F6C3A20203078253034AF
S214041C80580020204D616E75662049443A20202075
S214041C9020202020307825303458002020496D61DB
S214041CA0676520547970653A2020202020307825F6
S214041CB030345800202056657273696F6E3A2020BF
S214041CC02020202020203078253038580020205A24
S214041CD069676265652056657273696F6E3A20306F
S214041CE07825303458002020486561646572205396
S214041CF07472696E673A20202573002020496D614E
S214041D0067652053697A653A2020202020256C6474
S214041D102062797465730020205365637572697454
S214041D207920437265643A20203078253032580092
S214041D3020205570677261646520446573743A2088
S214041D4020200020204D696E2E20485720566572AC
S214041D503A202020203078253034580020204D6149
S214041D60782E204857205665723A20202020307856
S214041D7025303458002020546F74616C20546167F9
S214041D80733A20256400202020205461673A2030CE
S214041D907825303458002020202020204C656E679B
S214041DA074683A20256C64004572726F723A204358
S214041DB06F756C64206E6F74206F627461696E2038
S214041DC074616720696E666F2066726F6D20696D38
S214041DD06167652E000A256420696D616765732056
S214041DE0696E204F54412073746F726167652E00CC
S214041DF0496D6167652064656C65746525732E009E
S214041E004572726F723A2020436F756C64206E6F51
S214041E1074207265616420626C6F636B3A2030785C
S214041E20253032582E0A005374617274696E672026
S214041E3065726173652066726F6D206F6666736582
S214041E40742030782530385820746F203078253048
S214041E50385800436F756C64206E6F742073746119
S214041E60727420455241534521202830782530325B
S214041E70582900454550524F4D20457261736520E0
S214041E80636F6D706C657465002F686F6D652F7277
S214041E90756E6E65722F776F726B2F747579612D00
S214041EA07A69676265652D7377697463682F7475DC
S214041EB079612D7A69676265652D737769746368DD
S214041EC02F73696C6162735F746F6F6C732F7369C1
S214041ED06D706C69636974795F73646B2F70726F6D
S214041EE0746F636F6C2F7A69676265652F617070B3
S214041EF02F6672616D65776F726B2F706C7567698C
S214041F006E2F6F74612D73746F726167652D7369BC
S214041F106D706C652D656570726F6D2F6F74612DB5
S214041F2073746F726167652D656570726F6D2D7061
S214041F306167652D65726173652E63002F686F6D2A
S214041F40652F72756E6E65722F776F726B2F747550
S214041F5079612D7A69676265652D7377697463683C
S214041F602F747579612D7A69676265652D73776953
S214041F707463682F73696C6162735F746F6F6C73DC
S214041F802F73696D706C69636974795F73646B2F02
S214041F9070726F746F636F6C2F7A69676265652FF2
S214041FA06170702F6672616D65776F726B2F706CDF
S214041FB07567696E2F6F74612D73746F72616765D0
S214041FC02D73696D706C652D656570726F6D2F6FFE
S214041FD074612D73746F726167652D656570726FB9
S214041FE06D2E63004F54412053696D706C65205309
S214041FF0746F7261676520454550524F4D20776176
S214042000726E696E673A20636F756C64206E6F74C7
S2140420102067657420736C6F7420696E666F206623
S2140420206F7220736C6F7420256420286572726F3B
S2140420307220307825303258292E20446566617522
S2140420406C74696E6720746F207370656369666963
S21404205065642061646472657373206F6666736575
S21404206074730053746F7261676520447269766591
S214042070723A202020202020202020202020204FBC
S21404208054412053696D706C652053746F72616798
S2140420906520454550524F4D20506C7567696E005B
S2140420A052656164204D6F6469667920577269745D
S2140420B06520537570706F72743A20206E6F0053EB
S2140420C04F4320426F6F746C6F6164696E67205370
S2140420D07570706F72743A20202020796573004200
S2140420E06F6F746C6F616465722053746F7261678E
S2140420F06520537570706F72743A20557365206648
S2140421006972737420736C6F7400536C6F742074EC
S2140421106F207573653A2020202020202020202060
S21404212020202020202025640043757272656E747A
S21404213020446F776E6C6F6164204F6666736574B7
S2140421403A202020203078253038580045424C204C
S2140421505374617274204F66667365743A20202047
S2140421602020202020202020307825303858004594
S2140421704550524F4D2053746172743A20202020EB
S21404218020202020202020202020203078253038B1
S2140421905800454550524F4D20456E643A20202045
S2140421A020202020202020202020202020203078BE
S2140421B02530385800496D61676520496E666F2082
S2140421C053746172743A202020202020202020207E
S2140421D02030782530385800536176652052617473
S2140421E06520286279746573292020202020202009
S2140421F020202020307825303858004F66667365D6
S21404220074206F6620646F776E6C6F6164206F66EF
S21404221066736574202020307825303858004F6661
S21404222066736574206F662045424C206F6666733D
S21404223065743A2020202020202030782530385815
S214042240004F6666736574206F6620696D61676506
S2140422502073746172743A20202020202030782560
S21404226030385800736C5F7A69676265655F6166CB
S2140422705F6F74615F73746F726167655F647269C0
S2140422807665725F726561645F63622829206661A1
S214042290696C65642100426164206D61676963202E
S2140422A06E756D62657220696E2066696C653A208B
S2140422B0307825303258203078253032582030781F
S2140422C02530325820307825303258004261642058
S2140422D076657273696F6E20696E2066696C652018
S2140422E0307825303458004572726F723A20726521
S2140422F06164416E6456616C696461746553746F9D
S214042300726564496D61676528292074726965641D
S21404231020746F2072656164206D6F72652064613D
S2140423207461207468616E20697420636F756C64D0
S21404233020686F6C642E00736C5F7A6967626565EB
S2140423405F61665F6F74615F73746F726167655F08
S2140423506472697665725F726561645F6362282978
S214042360204641494C454421004C617374206F66F5
S2140423706673657420646F776E6C6F616465643A27
S214042380203078253038580053746F7261676520A2
S2140423904D6F64756C653A204F54412053696D70D7
S2140423A06C652053746F7261676520506C7567693D
S2140423B06E00496D616765732053746F7265643A85
S2140423C020202564206F6620310A00253032583AD2
S2140423D0006570202530325820636C7573202530D4
S2140423E03458206174747220253034582073767201
S2140423F020256300206D6667202530325800207241
S21404240065706F7274206D696E2025303458206DA7
S21404241061782025303458207270742D63686720E4
S21404242025303858002072656365697665206672C3
S2140424306F6D2025303458206570202530325820A2
S21404244074696D656F757420253034580072656D37
S2140424506F766500636C656172696E67206C617384
S21404246074207265706F72742074696D65206F666F
S21404247020616C6C20617474726962757465730093
S21404248074657374696E672074696D696E67206F0E
S2140424906620766172696F7573207265706F7274E8
S2140424A0696E67206F7065726174696F6E73002D54
S2140424B02D2D2D2D2D2D2D2D2D2D2D2D2D2D2D2D43
S2140424C02D2D2D2D2D2D2D2D2D2D2D2D2D2D2D2D33
S2140424D02D2D2D2D2D2D2D2D2D2D2D2D2D2D002D50
S2140424E02D7461626C65207265616473202D2066AC
S2140424F0756C6C207461626C652D2D007265737545
S2140425006C74203D202564206D73002D2D696E6942
S21404251074202F207363686564756C652074696322
S2140425206B2D2D2D002D2D6C6F616420636F6E66F0
S214042530696775726174696F6E2064656661756C2F
S21404254074732D2D002F686F6D652F72756E6E6512
S214042550722F776F726B2F747579612D7A69676243
S21404256065652D7377697463682F747579612D7A40
S21404257069676265652D7377697463682F73696C20
S2140425806162735F746F6F6C732F73696D706C69BF
S214042590636974795F73646B2F70726F746F636FA3
S2140425A06C2F7A69676265652F6170702F66726139
S2140425B06D65776F726B2F706C7567696E2F7265B9
S2140425C0706F7274696E672F7265706F7274696E5D
S2140425D0672E6300524541445F5250545F4346475A
S2140425E000726561645F7265706F7274696E675FAE
S2140425F0636F6E66696775726174696F6E005265A3
S214042600706F7274696E673A206661696C656420DF
S214042610746F2073656E6420257320726573706F03
S2140426206E73653A20307825303258004552523A57
S2140426302072656164696E6720636C757374657275
S2140426402030782530345820617474726962757449
S21404265065203078253034583A2030782530325882
S214042660004552523A207265706F7274696E672024
S2140426706F66204C4F4E4720737472696E672061F4
S21404268074747269627574652074797065206E6FEF
S2140426907420737570706F727465643A20636C7519
S2140426A073746572203078253034582061747472DF
S2140426B06962757465203078253034580052657028
S2140426C06F7274696E6720456E7472792046756CF5
S2140426D06C202D206372656174696E67206E657761
S2140426E0207265706F7274004346475F5250540000
S2140426F0202D20646972656374696F6E3A253032E2
S214042700582C20617474723A2530345800202020E6
S214042710747970653A253032582C206D696E3A25E6
S2140427203034582C206D61783A25303458002020F7
S214042730206368616E67653A0020202074696D65C1
S2140427406F75743A2530345800636F6E6669677522
S21404275072655F7265706F7274696E6700205443A9
S2140427604C4B2075706461746520616C726561649D
S2140427707920696E2070726F6772657373004D619D
S2140427806E75616C2054434C4B207570646174659F
S214042790206661696C65642E2573005374617274D7
S2140427A0696E6720757064617465207472757374DD
S2140427B02063656E746572206C696E6B206B657938
S2140427C02070726F6365737300557064617465205E
S2140427D05443204C696E6B204B657900204E657718
S2140427E0206B65792065737461626C6973686564CF
S2140427F03A00204572726F723A00506172746E65C8
S214042800723A20005A434C20676C6F62616C2063F6
S2140428106C757374657220636F6D6D616E6473009E
S214042820646972656374696F6E00646973632D63AB
S2140428306F6D2D67656E00646973632D636F6D2D10
S214042840726563006578706563742D7265706F7267
S214042850742D66726F6D2D6D65007577726974657B
S214042860006E7772697465007265706F72742D728B
S2140428706561640073656E642D6D652D612D7265EA
S214042880706F7274004372656174657320612067AB
S2140428906C6F62616C20646973636F766572206323
S2140428A06F6D6D616E6420666F722074686520615A
S2140428B073736F6369617465642076616C756573A0
S2140428C02E00636C757374657249641F6174747248
S2140428D0696275746549641F6D61784E756D6265CD
S2140428E072546F5265706F72741F00437265617420
S2140428F06573206120676C6F62616C2073656E641B
S214042900206D652061207265706F727420636F6D30
S2140429106D616E6420666F722074686520617373DF
S2140429206F6369617465642076616C7565732E00E7
S214042930636C757374657249641F6174747269623A
S21404294075746549641F64617461547970651F6D9C
S214042950696E5265706F727454696D651F6D617827
S2140429605265706F727454696D651F7265706F720C
S2140429707461626C654368616E67651F00437265C7
S21404298061746573206120676C6F62616C20726588
S2140429906164207265706F7274696E6720636F6D10
S2140429A06D616E6420666F7220746865206173734F
S2140429B06F63696174656420636C75737465722CE7
S2140429C02061747472696275746520616E64207324
S2140429D065727665722F636C69656E7420646972BD
S2140429E0656374696F6E2E00636C757374657249E3
S2140429F0641F61747472696275746549641F6469DE
S214042A0072656374696F6E1F00476C6F62616C2039
S214042A107265706F7274696E6720636F6D6D616E38
S214042A206400656E64706F696E741F636C7573748E
S214042A30657249641F617474726962757465496469
S214042A401F6D61736B1F004372656174657320614B
S214042A5020676C6F62616C207265616420636F6DC1
S214042A606D616E64206D65737361676520746F2095
S214042A70726561642066726F6D2074686520636C8D
S214042A80757374657220616E642061747472696211
S214042A90757465207370656369666965642E006382
S214042AA06C757374657249641F61747472696275B7
S214042AB0746549641F004372656174657320612000
S214042AC0676C6F62616C20777269746520636F6DE2
S214042AD06D616E64206D65737361676520746F2025
S214042AE0777269746520746F2074686520636C75EA
S214042AF07374657220616E642061747472696275A1
S214042B0074652073706563696669656400636C75D3
S214042B107374657249641F6174747269627574654E
S214042B2049641F747970651F646174611F00437281
S214042B30656174652061206578706563742D7265BF
S214042B40706F72742D66726F6D2D6D65206D657372
S214042B50736167652077697468206173736F63694E
S214042B60617465642076616C7565732E00636C759C
S214042B707374657249641F617474726962757465EE
S214042B8049641F74696D656F75741F0043726561CF
S214042B907465206120446973636F76657220436FA1
S214042BA06D6D616E64732047656E657261746564ED
S214042BB020636F6D6D616E6420776974682061733D
S214042BC0736F6369617465642076616C7565732ED2
S214042BD000636C757374657249641F7374617274F0
S214042BE0436F6D6D616E6449641F6D6178436F6DEC
S214042BF06D616E6449641F00536574732074686560
S214042C0020646972656374696F6E20666F722067EC
S214042C106C6F62616C20636F6D6D616E64732C20E3
S214042C2065697468657220636C69656E7420746F78
S214042C3020736572766572206F722073657276658E
S214042C407220746F20636C69656E742E005365740D
S214042C5073206120666C616720736F2074686174EA
S214042C6020746865206170706C69636174696F6E46
S214042C70206672616D65776F726B2057494C4C20E5
S214042C804E4F5420726573706F6E6420746F207498
S214042C906865206E657874205A434C206D6573739E
S214042CA0616765207468617420636F6D657320695D
S214042CB06E206F76657220746865206169722E00D6
S214042CC053657473206120666C616720736F20748B
S214042CD068617420746865206170706C69636174DF
S214042CE0696F6E206672616D65776F726B205749E7
S214042CF04C4C20726573706F6E6420746F20746819
S214042D0065206E657874205A434C206D6573736134
S214042D106765207468617420636F6D657320696EDF
S214042D20206F76657220746865206169722E005380
S214042D30657473207468652044697361626C6520E9
S214042D4044656661756C7420526573706F6E736546
S214042D50204672616D6520436F6E74726F6C2062DC
S214042D60697420746F2075736520666F72207468AA
S214042D7065206E65787420636F6D6D616E6420697E
S214042D80662074686520636F6D6D616E6420697378
S214042D90206E6F7420616C72656164792062756957
S214042DA06C742E0064697361626C65446566617553
S214042DB06C74526573706F6E73651F00536574731D
S214042DC02074686520666C616720746F207573656F
S214042DD02074686520696E6372656D656E746564DB
S214042DE02073657175656E6365206E756D626572B8
S214042DF02066726F6D20746865206672616D6577F3
S214042E006F726B20666F7220746865206E657874C6
S214042E102072617720636F6D6D616E642E0075732A
S214042E20654E65787453657175656E63651F0043FA
S214042E306C6920636F6D6D616E6420746F206361CE
S214042E406C6C20736C5F7A69676265655F61665F48
S214042E507365745F74696D652066756E6374696FF7
S214042E606E20646F63756D656E74656420696E208C
S214042E7061662E680075746354696D651F0053653A
S214042E807473207468652074776F20627974652083
S214042E906D616E75666163747572657220737065B4
S214042EA06369666963206964656E746966696572D8
S214042EB020746F2075736520666F722074686520B1
S214042EC06E65787420636F6D6D616E64206966202C
S214042ED074686520636F6D6D616E64206973206E1F
S214042EE06F7420616C7265616479206275696C74B4
S214042EF02E006D6667537065636966696349641F6F
S214042F000054727573742043656E746572204A6F3C
S214042F10696E2048616E646C65723A2073746174DD
S214042F207573203D2025732C206465636973696F6F
S214042F306E203D202573202825303258292C2073F6
S214042F40686F727469642030782530345800554EA2
S214042F5073656375726564206A6F696E006465766E
S214042F60696365206C65667400554E736563757297
S214042F7065642072656A6F696E0075736520707289
S214042F8065636F6E66696775726564206B65790044
S214042F9073656E64206B657920696E20746865209D
S214042FA0636C6561720064656E79206A6F696E0091
S214042FB06E6F20616374696F6E00616C6C6F77204E
S214042FC072656A6F696E73206F6E6C79006E6F74CB
S214042FD02000534C5F5354415455535F4E45545749
S214042FE04F524B5F55502030782530345800547279
S214042FF07573742043656E74657220455549206860
S21404300061732025736368616E6765642E00534C94
S2140430105F5354415455535F4E4554574F524B5F7C
S214043020444F574E00534C5F5354415455535F4ED0
S2140430304F545F4A4F494E454400534C5F535441E6
S2140430405455535F5A49474245455F4E4554574F7A
S214043050524B5F4F50454E45443A202564207365D5
S2140430606300534C5F5354415455535F5A49474287
S21404307045455F4E4554574F524B5F434C4F53455F
S214043080440025733A202573006469737472696278
S214043090757465640063656E7472616C697A6564E0
S2140430A000466F726D002573696E67206F6E20632D
S2140430B0682025642C2070616E49642030782530A1
S2140430C03458004572726F723A20446576696365B7
S2140430D020646F6573206E6F7420737570706F72E2
S2140430E074202573206E6574776F726B20666F721A
S2140430F06D6174696F6E004A6F696E00496E766121
S2140431006C69642053656375726974792050726FB4
S21404311066696C653A2030782530325800704A6FFC
S214043120696E20666F72202564207365633A2030CA
S2140431307825303258004C696D6974696E6720646E
S21404314075726174696F6E206F66207065726D6942
S21404315074206A6F696E2066726F6D20666F726582
S21404316076657220283235352920746F203235343E
S2140431700052583A205A444F2C20636F6D6D616E8E
S21404318064203078253034582C2073746174757339
S2140431903A203078253032580053696D706C6500DB
S2140431A052583A2025732044657363205265737021
S2140431B0004D61746368002C204D61746368657308
S2140431C03A2025640044657669636520416E6E6F17
S2140431D0756E63653A203078253034580052583A74
S2140431E020494545452041646472657373205265E1
S2140431F073706F6E73650052583A20416374697633
S2140432006520455020526573706F6E73652C20439D
S2140432106F756E743A202564004E6F6465002C202A
S2140432204D6174636865733A2030782530345800ED
S214043230737461636B207665722E205B25642E257D
S214043240642E256400202573206275696C6420252D
S214043250645D005A444F00534500484100436C7572
S2140432607374657200476C6F62616C0025737478C2
S214043270203078253038582C200050726F66696CE0
S214043280653A2025732028307825303458292C2098
S214043290436C75737465723A203078253034582C34
S2140432A02025642062797465732C00205A434C20D0
S2140432B0257320436D642049443A202564005072E7
S2140432C0652D52656C6561736500416C706861209C
S2140432D03100416C706861203200416C7068612076
S2140432E03300426574612031004265746120320007
S2140432F0426574612033004741005265736574204B
S214043300696E666F3A203078253032582028257347
S214043310290064656C6574652062696E64696E670D
S2140433203A20253032582025303258000102030452
S21404333005060708090A0B0C000101010101010139
S2140433400101010101005752495445204552523AA1
S214043350200025736570202530325820636C757301
S2140433602025303458206174747220253034582057
S2140433706E6F7420737570706F7274656400257355
S214043380696E76616C696420646174612074797016
S2140433906500257361747472206E6F742077726989
S2140433A07461626C650057524954453A206E6F202A
S2140433B077726974652C206A75737420612074654D
S2140433C0737400524541443A20617474726962759C
S2140433D074652073697A6520746F6F206C617267F8
S2140433E06520666F722063616C6C657200636C6E38
S2140433F074007372767200525700524F00202052A7
S214043400414D20200020746F6B656E200065787433
S21404341065726E2000454E44504F494E5420253068
S214043420325800636C7573202F2073696465202FEF
S2140434302061747472202F206D666720202F7479A3
S2140434407065286C656E292F207277202F20737480
S2140434506F72616765202F20646174612028726131
S21404346077290025303458202F202573202F202537
S214043470303458202F2000202F2025303258202882
S2140434802530325829202F202573202F20257320FD
S2140434902F2000556E737570706F72746564004FDC
S2140434A0544120524541443A2065703A25303258FA
S2140434B0206369643A253034582061747469643A28
S2140434C025303458206D736B3A25303258206D669B
S2140434D0636F64653A2530345800524541443A20B7
S2140434E0636C757320253034582C206174747220F4
S2140434F025303458206661696C656420253032585E
S21404350000524541443A20636C7573202530345884
S2140435102C206174747220253034582C2064617415
S214043520614C656E3A20253032582C204F4B0028CB
S214043530256329253032582530325825303258250F
S21404354030325825303258253032582530325825F6
S2140435503032580064697361626C65002573642CAC
S2140435602064726F7070696E6720657020307825ED
S21404357030325820636C75732030782530345820E8
S214043580636D64203078253032580047656E657266
S21404359061746564005265636569766564004469B0
S2140435A073636F76657220436F6D6D616E6473200E
S2140435B0726573706F6E73652028636F6D706C65CB
S2140435C074653A202563292C202573204944733AD0
S2140435D0200030782530325820005F455854005279
S2140435E04541445F415454520057524954453A2089
S2140435F0636C7573202530345820617474722025EA
S21404360030345820004641494C2025303258005763
S214043610524954453A20746F6F2073686F72740071
S214043620444953435F4154545200257325733A204A
S214043630636C7573202530345800537663204469D0
S21404364073633A2000257357616974696E67202591
S214043650642073656320666F7220646973636F7693
S21404366065727920746F20636F6D706C6574650085
S214043670537461746520636F72726573706F6E64E1
S214043680696E6720746F207468652074686520729C
S214043690657175657374206E6F7420666F756E64DD
S2140436A00A002573636F6D706C6574652E0A0025B9
S2140436B0735365727669636520446973636F7665D0
S2140436C07279205374617465206C696D6974732013
S2140436D0726561636865640A002573496C6C656786
S2140436E0616C2062726F61646361737420616464E8
S2140436F0726573732C2072656D617070696E6720D5
S214043700746F2076616C6964206F6E652E00257375
S2140437104661696C656420746F2073656E64206D01
S2140437206174636820646973636F766572793A209E
S2140437303078253032580025735374617274696E7C
S2140437406720646973636F7665727920666F72208A
S214043750636C757374657220307825303458002590
S214043760734661696C656420746F2073656E6420AB
S21404377073696D706C652064657363726970746FC9
S2140437807220726571756573743A2030782530320C
S214043790580025734661696C656420746F207365F0
S2140437A06E642049454545206164647265737320E0
S2140437B0726571756573743A203078253032580016
S2140437C025734661696C656420746F2073656E6446
S2140437D0204E574B20616464726573732072657162
S2140437E0756573743A203078253032580045727205
S2140437F06F723A202573206261642073696D706C61
S214043800652064657363726970746F72206C656E8C
S2140438106774682E0025734D65737361676520743D
S2140438206F6F2073686F72740025734D65737361D0
S214043830676520746F6F2073686F727420666F728A
S214043840206E756D2E20656E64706F696E747300DD
S21404385025734D61746368257320666F756E6420E6
S21404386066726F6D203078253034582E004572729B
S2140438706F723A20257320696E76616C6964206CD9
S214043880656E6774682028256420213D20256429F8
S21404389020666F722041637469766520456E647095
S2140438A06F696E7420726573706F6E73650025732E
S2140438B0676F74206163746976652045502072656D
S2140438C073706F6E7365005554432074696D653A62
S2140438D02025642F25642F25642025643A25643A20
S2140438E02564202825303858290028556E6B6E6FBD
S2140438F0776E20636C75732E205B307825303458D1
S2140439005D29000D0A54253038583A005258206C68
S214043910656E2025642C20657020253032582C20B6
S214043920636C7573203078253034582000206D661B
S2140439306749642025303458002046432025303219
S2140439405820736571202530325820636D64202515
S214043950303258207061796C6F61645B0042617329
S2140439606963004F76657220746865204169722029
S214043970426F6F746C6F6164696E6700257352588A
S21404398020706B7420746F6F2073686F72743A20A3
S2140439902564203C202564002573525820706B74DF
S2140439A0206D616C666F726D65643A202564203CF8
S2140439B02025640020204861766520526F75746562
S2140439C07220537570706F7274002020456E6420E8
S2140439D0446576696365204F6E6C79002020456ED9
S2140439E061626C656400202044697361626C65647E
S2140439F0004572726F722072657472696576696EBC
S214043A006720696E666F20666F72206C69627261E9
S214043A107279204944202564002573206C696272FB
S214043A2061727925732070726573656E74005A69C5
S214043A30676265652050726F0042696E64696E67DE
S214043A4000536563757269747920436F7265005319
S214043A5065637572697479204C696E6B204B657961
S214043A60730043424B45203136334B310043424BBF
S214043A704520445341205369676E00454343004341
S214043A80424B45204453412056657269667900507E
S214043A9061636B65742056616C6964617465005A71
S214043AA04C4C0043424B45203238334B310045439F
S214043AB043203238334B310043424B4520636F7208
S214043AC065004E4350004D756C7469206E657477BE
S214043AD06F726B00456E68616E6365642042656153
S214043AE0636F6E205265710043424B452032383373
S214043AF04B312044534120566572696679004D75F2
S214043B006C74692D50414E002F686F6D652F727569
S214043B106E6E65722F776F726B2F747579612D7A5E
S214043B2069676265652D7377697463682F74757940
S214043B30612D7A69676265652D7377697463682F8A
S214043B4073696C6162735F746F6F6C732F73696DE6
S214043B50706C69636974795F73646B2F70726F74C9
S214043B606F636F6C2F7A69676265652F7374616320
S214043B706B2F636F6E6669672F736C5F7A69676213
S214043B8065655F636F6E66696775726174696F6E8B
S214043B902E63002F686F6D652F72756E6E65722FBB
S214043BA0776F726B2F747579612D7A6967626565B4
S214043BB02D7377697463682F747579612D7A6967D4
S214043BC06265652D7377697463682F73696C6162C7
S214043BD0735F746F6F6C732F73696D706C69636950
S214043BE074795F73646B2F70726F746F636F6C2F6E
S214043BF07A69676265652F737461636B2F66726199
S214043C006D65776F726B2F6165732D6563622E63C6
S214043C10002F686F6D652F72756E6E65722F776FE5
S214043C20726B2F747579612D7A69676265652D7379
S214043C3077697463682F747579612D7A696762652C
S214043C40652D7377697463682F73696C6162735F3B
S214043C50746F6F6C732F73696D706C6963697479B4
S214043C605F73646B2F70726F746F636F6C2F7A69F7
S214043C70676265652F737461636B2F736563757212
S214043C806974792F7A69676265652D7365637572E1
S214043C906974792D6D616E616765722D6E6F2D7610
S214043CA061756C742E63004572726F723A202046FA
S214043CB061696C656420746F207265616420667245
S214043CC06F6D20454550524F4D2061742030782545
S214043CD034582C207374617475733A202564004537
S214043CE04550524F4D20496E697469616C697A6516
S214043CF0643A20256300454550524F4D2042757363
S214043D00793A202563005061727469616C20576F9C
S214043D1072642053746F7261676520436F756E74A6
S214043D203A20256400416464726573733A203078DF
S214043D302534582C205061727469616C20576F7258
S214043D40643A203078255800636F6E6669726D6534
S214043D506400617373756D6564000A454550524F7F
S214043D604D20496E666F004E6F7420617661696CF3
S214043D7061626C6520286F6C64657220626F6F7474
S214043D806C6F6164657229005061727420446573B7
S214043D906372697074696F6E3A2020202020202098
S214043DA02020202573004361706162696C69746920
S214043DB065733A2020202020202020202020202048
S214043DC0203078253258005061676520457261734B
S214043DD0652074696D65202873293A2020202020E8
S214043DE020256400506172742045726173652074E6
S214043DF0696D65202873293A202020202020256418
S214043E0000506172742045726173652074696D6533
S214043E1020286D73293A2020202020202564005075
S214043E206167652073697A652028627974657329E9
S214043E303A202020202020202020256C005061726B
S214043E40742073697A6520286279746573293A2028
S214043E502020202020202020256C00576F7264200C
S214043E6073697A6520286279746573293A2020205C
S214043E702020202020202564202825702900454560
S214043E8050524F4D20696E69743A20307825580098
S214043E902F686F6D652F72756E6E65722F776F72F1
S214043EA06B2F747579612D7A69676265652D7377F2
S214043EB0697463682F747579612D7A6967626565BC
S214043EC02D7377697463682F73696C6162735F74AA
S214043ED06F6F6C732F73696D706C69636974795F47
S214043EE073646B2F7574696C2F706C7567696E2FAD
S214043EF0706C7567696E2D636F6D6D6F6E2F65657B
S214043F0070726F6D2F656570726F6D2E6300556EDF
S214043F1061626C6520746F20626F6F7420696D61D6
S214043F20676520617420736C6F7420256C640A00C6
S214043F30536C6F74204D616E6167657220666169AB
S214043F406C656420746F20657261736520736C6F92
S214043F50740A004D61782072656164206C696D692D
S214043F60742073657420746F2025642062797465E8
S214043F70730A004164647265737320202020202035
S214043F8020202020446174610A00307825346C783F
S214043F9020202020202020307825780A00466169D9
S214043FA06C656420746F20726561642066726F6D40
S214043FB020666C6173680A00536C6F7420256C6409
S214043FC00A20204164647265737320202020203AFE
S214043FD020307825346C580A20204C656E67746847
S214043FE02020202020203A20307825346C582028A1
S214043FF0256C64206279746573290A00202054793C
S214044000706520202020202020203A20004E6F209B
S21404401047424C2070726573656E740A005A69676D
S2140440204265650A005468726561640A00436F6EEF
S2140440306E6563740A00426C7565746F6F74680A03
S21404404000426C7565746F6F7468206170706C697B
S214044050636174696F6E0A004D43550A004F7468B5
S214044060657220283078256C58290A002020566569
S2140440707273696F6E20202020203A203078256CD9
S214044080580A0020204361706162696C697469652E
S214044090733A20307825346C580A00202050726F0A
S2140440A06475637420494420203A200030782558EB
S2140440B02000536C6F74204D616E616765723A2000
S2140440C06661696C656420746F20696E69746961E1
S2140440D06C697A6520626F6F746C6F6164657220B8
S2140440E0286572726F72203078253478290A005653
S2140440F0657273696F6E20202020203A2025640A9A
S214044100005061727420202020202020203A202590
S214044110730A004361706162696C69746965733A15
S21404412020307825780A00506172742073697A65A5
S2140441302020203A20256420420A0050616765202A
S21404414073697A652020203A20256420420A0057A5
S2140441506F72642073697A652020203A20256420D3
S214044160420A00536C6F7473202020202020203ACB
S2140441702025640A004661696C656420746F2072A9
S2140441806561642066726F6D2073746F7261676513
S21404419020666C61736820286572726F72202564CD
S2140441A0290A00496E76616C696420736C6F74200A
S2140441B0256420286D617820736C6F74202564292B
S2140441C00A004661696C656420746F206765742014
S2140441D0696E666F20666F7220736C6F7420256438
S2140441E00A00536C6F74204D616E616765723A20E5
S2140441F0736C6F74207772697465206661696C7578
S21404420072652E2041646472657373206F666673EC
S21404421065742028256429202B207772697465200C
S2140442206C656E677468202825642920677265614A
S214044230746572207468616E20746F74616C207388
S2140442406C6F74206C656E67746820282564290A70
S21404425000536C6F74204D616E61676572207761E0
S214044260726E696E673A20736C6F74202564206CD6
S214044270656E6774682028256429206E6F74206133
S2140442806C69676E656420746F207061676520735F
S214044290697A6520282564292E2054686520656E71
S2140442A07469726520736C6F742077696C6C206E09
S2140442B06F74206265206572617365642E0A00530C
S2140442C06C6F74204D616E616765723A2066616931
S2140442D06C656420746F20657261736520256420A4
S2140442E0627974657320696E20736C6F742025641C
S2140442F02061742061646472657373203078253499
S2140443007820286572726F722030782578290A0022
S2140443104572617365642025642062797465732030
S214044320696E20736C6F742025640A004661696C9C
S214044330656420746F2073657420736C6F742074C6
S2140443406F20626F6F7420286572726F72203078E7
S214044350253478290A004661696C656420746F20E8
S214044360736574206C697374206F6620736C6F7445
S2140443707320746F20626F6F7420286572726F7278
S214044380203078253478290A004661696C656420F3
S214044390746F20676574206E6577206C697374206B
S2140443A06F6620736C6F747320746F20626F6F7403
S2140443B020286572726F72203078253478290A00B6
S2140443C0426567696E6E696E6720696D6167652010
S2140443D0766572696669636174696F6E2E2E2E0047
S2140443E02E6661696C65642120284572726F72209E
S2140443F03078253478290A002E7061737365642139
S21404440020426F6F74696E6720736C6F7420256426
S2140444100A00666E692B00666E69006E616E006641
S2140444206E692D006C696273006273656E64007257
S21404443065736574007261770073656E645F6D758D
S2140444406C7469636173740073656E642D75736947
S2140444506E672D6D756C7469636173742D62696E15
S21404446064696E670074696D6573796E6300676569
S214044470742D7074692D726164696F2D636F6E6636
S214044480696700636F6E6669672D6363612D6D6F80
S2140444906465006576656E7473007365637572692A
S2140444A07479007A69676265655F7072696E740014
S2140444B0706C7567696E006E6574006B6579730061
S2140444C06F7074696F6E00706C7567006368616EF8
S2140444D067656B6579006368616E67656B007A640F
S2140444E06F007072696E742072656C617465642006
S2140444F0636F6D6D616E64732E0061747472005A1E
S214044500646F2072656C6174656420636F6D6D61A1
S2140445106E64732E00726F75746500706F776572C3
S214044520006D676D742D6C7169006D676D742D6216
S214044530696E64006E6F64650073696D706C650007
S21404454069656565006E776B00756E62696E6400FA
S2140445506E776B2D757064006F75742D636C2D6C9F
S21404456069737400696E2D636C2D6C697374005ADC
S214044570646F20696E2D636C2D6C6973742072658C
S2140445806C6174656420636F6D6D616E64732E0078
S2140445905A646F206F75742D636C2D6C6973742068
S2140445A072656C6174656420636F6D6D616E6473AF
S2140445B02E005A646F206E776B2D757064207265BA
S2140445C06C6174656420636F6D6D616E64732E0038
S2140445D07363616E2D6368616E2D6D61736B00731A
S2140445E063616E006368616E5067006368616E00A5
S2140445F05A646F20756E62696E642072656C6174AD
S214044600656420636F6D6D616E64732E00756E69EC
S21404461063617374006368616E67656B65792072A5
S214044620656C6174656420636F6D6D616E64732E72
S214044630006C696E6B004F7074696F6E2072656CE7
S2140446406174656420636F6D6D616E64732E0072B1
S21404465065676973746572006469736300696E7371
S21404466074616C6C2D636F64650062696E64696E58
S214044670672D7461626C65007072696E742D727851
S2140446802D6D73677300617073726574727900417F
S214044690505320726574727920666C616720666F69
S2140446A072636520636F6D6D616E647300456E6141
S2140446B0626C65732F44697361626C6573207072F3
S2140446C0696E74696E67206F66205278206D657314
S2140446D073616765732E00656E61626C650042697E
S2140446E06E64696E67207461626C652072656C61C5
S2140446F074656420636F6D6D616E64732E0053651C
S214044700637572697479206B6579732072656C6160
S21404471074656420636F6D6D616E64732E006465EA
S2140447206C657465004E6574776F726B2072656C89
S2140447306174656420636F6D6D616E64732E0066CC
S2140447406F726D0072656A6F696E2D646966662D98
S2140447506465766963652D74797065006578747030
S214044760616E69640069736F70656E0062726F6172
S214044770642D706A6F696E006368616E67652D6389
S21404478068616E6E656C00696E6974006368616E5C
S21404479067652D6B6565702D616C6976652D6D6F2B
S2140447A064650074696D656F75742D6F7074696FD8
S2140447B06E2D6D61736B006D756C74692D70687900
S2140447C02D7374617274006D756C74692D706879DC
S2140447D02D73746F700066696E64006E6574776F0F
S2140447E0726B2066696E6420636F6D6D616E6473B0
S2140447F02E006A6F696E61626C6500756E7573650E
S2140448006400736C6F742D6D616E6167657200630E
S2140448106F756E746572730066696E642D616E647E
S2140448202D62696E6400667261676D656E7461748C
S214044830696F6E0067726F7570732D736572766537
S21404484072006E6574776F726B2D7374656572692A
S2140448506E67006F74612D626F6F746C6F616400B5
S2140448606F74612D636C69656E74006F74612D736B
S214044870746F726167652D636F6D6D6F6E006F7414
S214044880612D73746F726167652D656570726F6DE7
S2140448900069646C652D736C656570007570646181
S2140448A074652D74632D6C696E6B2D6B657900755C
S2140448B070646174652D74632D6C696E6B2D6B6505
S2140448C0792072656C6174656420636F6D6D616ECA
S2140448D064730074696D6572006E6F7700436F6D64
S2140448E06D616E647320746F20636F6E74726F6C88
S2140448F02069646C696E672F736C656570696E6792
S214044900206F662074686520646576696365006652
S2140449106F7263652D6177616B65006177616B65A6
S2140449202D7768656E2D6E6F742D6A6F696E65647B
S214044930007265706F7274696E672072656C61745C
S214044940656420636F6D6D616E64732E00636C65C1
S21404495061722D6C6173742D7265706F72742D7430
S214044960696D6500746573742D74696D696E67008E
S2140449706F74612D73746F726167652D65657072EF
S2140449806F6D2072656C6174656420636F6D6D6114
S2140449906E64732E0077697065006F74612D73748E
S2140449A06F726167652D636F6D6D6F6E2072656CD7
S2140449B06174656420636F6D6D616E6473007072FC
S2140449C0696E74496D616765730072656C6F6164C6
S2140449D00073746F726167652D696E666F0064613B
S2140449E074612D7072696E74006F74612D636C69E6
S2140449F0656E742072656C6174656420636F6D6D9A
S214044A00616E64732E0076657269667900626C6FF7
S214044A10636B2D7465737400706167652D726571C0
S214044A207565737400757067726164652D7265715F
S214044A30756573740064697361626C652D646F7761
S214044A406E67726164657300656E61626C652D6481
S214044A506F776E677261646573006F74612D626F41
S214044A606F746C6F61642072656C61746564206336
S214044A706F6D6D616E6473006E6574776F726B2D07
S214044A807374656572696E672072656C61746564BB
S214044A9020636F6D6D616E64732E007072652D6396
S214044AA06F6E666967757265642D6B65792D7365BF
S214044AB074006D61736B2072656C61746564206349
S214044AC06F6D6D616E642E007375627472616374CB
S214044AD00067726F7570732D7365727665722072D7
S214044AE0656C6174656420636F6D6D616E64732EAE
S214044AF000667261676D656E746174696F6E2072AC
S214044B00656C6174656420636F6D6D616E64732E8D
S214044B10007365742D72782D77696E646F772D73C4
S214044B20697A65006172746966696369616C2D628D
S214044B306C6F636B2D64726F700046696E642061DF
S214044B406E642062696E642072656C6174656420AC
S214044B50636F6D6D616E64732E00696E697469614E
S214044B60746F7200656E61626C655F74797065005F
S214044B70737461636B00617070007A636C006C65BB
S214044B80676163795F61665F646562756700636F1A
S214044B90756E746572732072656C617465642063E7
S214044BA06F6D6D616E64732E007072696E742D6322
S214044BB06F756E7465722D747970650073696D70A7
S214044BC06C652D7072696E74007072696E742D74E3
S214044BD068726573686F6C6473007365742D7468AB
S214044BE0726573686F6C640072657365742D74689F
S214044BF0726573686F6C64730073656E642D72659A
S214044C00717565737400736563757269747920725F
S214044C10656C6174656420636F6D6D616E647300AA
S214044C207365742D616C6C6F772D74727573742D47
S214044C3063656E7465722D72656A6F696E2D757321
S214044C40696E672D77656C6C2D6B6E6F776E2D6B4A
S214044C506579007365742D616C6C6F772D7472754D
S214044C6073742D63656E7465722D72656A6F696EF2
S214044C702D7573696E672D77656C6C2D6B6E6F770B
S214044C806E2D6B65792D74696D656F75740073652B
S214044C90742D6B65792D726571756573742D706FDF
S214044CA06C696379006D66672D746F6B656E006161
S214044CB0707300536563757269747920617073202C
S214044CC072656C6174656420636F6D6D616E647388
S214044CD02E004765742F736574204D464720746F05
S214044CE06B656E2E00656E64706F696E74207265F7
S214044CF06C6174656420636F6D6D616E64732E0001
S214044D00656570726F6D207574696C69747920724C
S214044D10656C6174656420636F6D6D616E647300A9
S214044D20536C6F74204D616E616765722072656C9A
S214044D306174656420636F6D6D616E647300626F89
S214044D406F742D736C6F740065726173652D736C6C
S214044D506F74006578742D666C6173682D696E6671
S214044D606F00736C6F74732D696E666F0050726992
S214044D706E74732074696D652E005072696E747358
S214044D80206174747269627574652E00436C656183
S214044D90727320746865205A444F206C69737420BB
S214044DA06F6620636C69656E742028696E292063BB
S214044DB06C7573746572732E004164647320636C3F
S214044DC075737465727320746F20746865206B6ED7
S214044DD06F776E20636C69656E742028696E29206F
S214044DE0636C757374657273206F6E207468697370
S214044DF0206465766963652E00436C656172732072
S214044E00746865205A444F206C697374206F66205A
S214044E10636C69656E7420286F75742920636C75DD
S214044E2073746572732E004164647320636C7573C7
S214044E307465727320746F20746865206B6E6F7768
S214044E406E20636C69656E7420286F757429206300
S214044E506C757374657273206F6E20746869732042
S214044E606465766963652E0053656E647320616EAF
S214044E7020757064617465206368616E6E656C206D
S214044E80726571756573742E006368616E6E656C09
S214044E901F0053656E647320616E207570646174C0
S214044EA065206368616E6E656C207061676520724C
S214044EB065712E2054686520737461636B20736576
S214044EC06E6473206E776B20656E68616E636564CE
S214044ED0207570646174652072657120666F722037
S214044EE06E6F6E2D7A65726F20706167652E006333
S214044EF068616E6E656C1F706167651F0050657231
S214044F00666F726D7320616E20656E6572677920B8
S214044F107363616E2E007461726765744E6F6465A8
S214044F2049641F7363616E4475726174696F6E1FA2
S214044F307363616E436F756E741F0042726F6164B3
S214044F40636173747320746865204944206F662017
S214044F50746865206E6577206E6574776F726B2053
S214044F606D616E6167657220616E64206163746949
S214044F707665206368616E6E656C732E006E776B63
S214044F804D676549641F6368616E6E656C4D617339
S214044F906B1F00506572666F726D7320616E2065BC
S214044FA06E65726779207363616E206F6E20676921
S214044FB076656E206368616E6E656C206D61736BDA
S214044FC02E007461726765744E6F646549641F735E
S214044FD063616E4475726174696F6E1F7363616E8C
S214044FE0436F756E741F6368616E6E656C4D617396
S214044FF06B1F0053656E64732061206E6574776F53
S214045000726B206164647265737320726571756572
S214045010737420666F722074686520676976656E9F
S214045020204945454520616464726573732E0069A2
S2140450306565651F00526571756573747320616ECE
S2140450402049454545206164647265737320626136
S214045050736564206F6E206120676976656E206EC6
S2140450606F64652049442E006E6F646549641F00B2
S21404507053656E647320612073696D706C6520647B
S214045080657363726970746F722072657175657387
S2140450907420666F72207468652073686F7274205B
S2140450A06164647265737320616E6420656E6470F7
S2140450B06F696E74207370656369666965642E0033
S2140450C0646573741F746172676574456E64706F8B
S2140450D0696E741F0053656E64732061206D61747D
S2140450E0636844657363726970746F727352657132
S2140450F07565737420746F207468652067697665B7
S2140451006E2064657374696E6174696F6E20776966
S21404511074682074686520676976656E2070726F9F
S21404512066696C652E006E6F646549641F70726FE5
S21404513066696C651F0053656E64732061206E6F2C
S21404514064652064657363726970746F7220726537
S214045150717565737420746F206120676976656E57
S21404516020746172676574206465766963652E00D1
S2140451707461726765741F0053656E6473206120E2
S2140451805A444F2042696E6420636F6D6D616E648D
S21404519020746F206120646576696365207370658A
S2140451A063696669656420696E2074686520636F48
S2140451B06D6D616E6420617267756D656E74732EB5
S2140451C00044657374696E6174696F6E1F536F75FE
S2140451D072636520656E64706F696E741F446573D0
S2140451E074696E6174696F6E20656E64706F696E43
S2140451F0741F636C757374657249441F72656D6FB2
S214045200746545554936341F646573744555493687
S214045210341F0053656E647320616E206163746985
S214045220766520656E64706F696E7420726571753C
S21404523065737420746F207468652064657669638A
S2140452406520776974682074686520676976656E7A
S2140452502073686F72742049442E0053656E64731D
S21404526020616E20756E62696E6420726571756564
S214045270737420666F72206120756E69636173743F
S2140452802062696E64696E6720746F207468652096
S214045290746172676574206465766963652E00744C
S2140452A061726765741F736F7572636520657569CF
S2140452B036341F736F7572636520656E64706F692C
S2140452C06E741F636C757374657249441F646573EA
S2140452D074696E6174696F6E45554936341F64652A
S2140452E07374696E6174696F6E20656E64706F693D
S2140452F06E741F0053656E647320616E20756E6253
S214045300696E64207265717565737420666F7220A9
S21404531061206D756C7469636173742062696E6470
S214045320696E6720746F207468652074617267659F
S21404533074206465766963652E00746172676574AB
S2140453401F736F757263652065756936341F736FD6
S2140453507572636520656E64706F696E741F636C26
S214045360757374657249441F67726F75704164641F
S214045370726573731F0053656E64732061205A440C
S2140453804F204D616E6167656D656E74204C656176
S214045390766520636F6D6D616E6420746F2074682B
S2140453A06520746172676574206465766963652E2A
S2140453B0007461726765741F72656D6F7665436805
S2140453C0696C6472656E1F72656A6F696E1F00533E
S2140453D0656E64732061205A444F204D474D542D0A
S2140453E042696E64202842696E64696E672054615F
S2140453F0626C6529205265717565737420746F201C
S2140454007468652074617267657420646576696380
S214045410652E007461726765741F737461727449D3
S2140454206E6465781F0053656E64732061205A4469
S2140454304F204D474D542D4C514920284C5149205E
S2140454405461626C652920526571756573742074A5
S2140454506F2074686520746172676574206465766D
S2140454606963652E0053656E64732061205A444F49
S21404547020506F7765722044657363726970746F29
S21404548072205265717565737420746F2074686534
S21404549020746172676574206465766963652E009E
S2140454A053656E64732061205A444F20726F75747E
S2140454B065207265717565737420636F6D6D616EBA
S2140454C06420746F20746865207461726765742E36
S2140454D0007461726765741F696E6465781F00697D
S2140454E06E6465781F65756936341F696E737461FA
S2140454F06C6C436F64651F00696E6465781F657520
S2140455006936341F6B65791F005443206C696E6BD3
S214045510206B6579207265717565737420706F6C85
S2140455206963791F417070206C696E6B206B6579B6
S214045530207265717565737420706F6C6963791F6A
S21404554000426F6F6C3A20616C6C6F7720747275D2
S21404555073742063656E7465722072656A6F696E13
S214045560207573696E672077656C6C2D6B6E6F772C
S2140455706E206B65791F0070726F66696C6549648E
S2140455801F636C757374657249641F007461726777
S214045590657449641F00456E61626C6573207072A1
S2140455A0696E74696E67206F66205278206D657325
S2140455B073616765732E0053657473207468652081
S2140455C062696E64696E67207461626C6500696EF8
S2140455D06465781F636C75737465721F6C6F6361A2
S2140455E06C45701F72656D6F746545701F657569CF
S2140455F036341F00436C65617273207468652062DC
S214045600696E64696E67207461626C652E00507200
S214045610696E7473207468652062696E64696E6767
S214045620207461626C6520746F2074686520636FF3
S2140456306D6D616E64206C696E652E00436C6561E9
S214045640727320616C6C207365637572697479205B
S2140456506B6579732E0044656C65746520746865A3
S21404566020737065636966696564206C696E6B2077
S2140456706B657920696E6465782E005072696E7465
S2140456807320616C6C207365637572697479206B22
S2140456906579732E005465726D696E617465732046
S2140456A0746865206D756C74692D50485920696E50
S2140456B074657266616365005573656420746F2053
S2140456C07374617274206D756C74692D504859201A
S2140456D0696E74657266616365206F7468657220AE
S2140456E07468616E206E617469766520616E6420EC
S2140456F0666F726D20746865206E6574776F726B62
S2140457002E2054686520737461636B20757365730B
S2140457102073616D652050616E4964206173206E4C
S214045720617469766520726164696F206E6574774A
S2140457306F726B2E00706167651F6368616E6E65BD
S2140457406C1F706F7765721F6F7074696F6E734D20
S21404575061736B20284269742030203D20526F7597
S2140457607465727320616C6C6F7765642C20426973
S214045770742031203D2042726F616463617374202B
S214045780616C6C6F776564291F00417474656D7075
S214045790747320746F206368616E6765207468652F
S2140457A0206368696C642074696D656F7574206F16
S2140457B07074696F6E206D61736B20746F206669F8
S2140457C06C746572206F757420756E646573697287
S2140457D061626C652076616C7565732028652E673A
S2140457E02E206E6F206D6F7265207468616E203394
S2140457F02064617973292E0074696D656F75742051
S2140458006F7074696F6E206D61736B1F00537769D8
S2140458107463686573206265747765656E20646971
S21404582066666572656E74206B65657020616C696A
S2140458307665206D6F64657320737570706F72740F
S2140458406564206279206120726F757465722E001B
S2140458504B65657020616C697665206D6F64651FA5
S214045860005072696E747320746865206375727272
S214045870656E74204E6F64652049442C2045554956
S21404588036342C20616E642050616E2049442E000C
S214045890496E697469616C697A65732061206E6506
S2140458A074776F726B3B2074686973206973206128
S2140458B0207465737420636F6D6D616E64207573F8
S2140458C0656420666F722074632D737761702D6F24
S2140458D075742074657374696E672E0053657473EB
S2140458E020746865206E6574776F726B20696E64C9
S2140458F06578207573656420627920616C6C206617
S214045900757475726520434C4920636F6D6D616EC6
S21404591064732E20204265666F7265206578656321
S2140459207574696E67206120434C4920636F6D6D02
S214045930616E642C20746865206672616D65776F8D
S214045940726B20737769746368657320746F207450
S214045950686973206E6574776F726B2E20204166BB
S2140459607465722074686520636F6D6D616E642063
S21404597066696E69736865732065786563757469AE
S2140459806E672C20746865206672616D65776F7229
S2140459906B207377697463686573206261636B2038
S2140459A0746F207468652070726576696F757320ED
S2140459B06E6574776F726B2E202054686520434C96
S2140459C0492075736573207468652073616D65205E
S2140459D06E6574776F726B20696E64657820756E79
S2140459E074696C20746865206465766963652072E2
S2140459F06573657473206F722069742069732063FD
S214045A0068616E676564207468726F756768207471
S214045A1068697320636F6D6D616E642E00417474E3
S214045A20656D70747320746F206368616E6765209B
S214045A30646576696365206F76657220746F20618D
S214045A4020646966666572656E74206368616E6E4E
S214045A50656C20676976656E20696E2074686520BB
S214045A606368616E6E656C20617267756D656E74D1
S214045A702E00546865206368616E6E656C20746FD2
S214045A80206368616E676520746F1F0066696E64C4
S214045A90556E7573656450616E49640066696E641C
S214045AA04A6F696E61626C654E6574776F726B00DF
S214045AB05065726D697473206A6F696E696E6720CB
S214045AC06F6E20746865206E6574776F726B2066DF
S214045AD06F72206120676976656E206E756D6265EB
S214045AE072206F66207365636F6E647320414E4444
S214045AF02062726F616463617374732061205A4418
S214045B004F204D676D74205065726D6974204A6F1E
S214045B10696E696E67207265717565737420746F3B
S214045B2020616C6C20726F75746572732E00412050
S214045B3073696E676C65206279746520696E646942
S214045B40636174696E6720686F77206C6F6E672078
S214045B50746865206465766963652073686F756C20
S214045B60642068617665207065726D6974206A6F5A
S214045B70696E696E67207475726E6564206F6E2038
S214045B80666F722E20412076616C7565206F6620E4
S214045B9030786666207475726E73206F6E2070653A
S214045BA0726D6974206A6F696E20696E64656669D1
S214045BB06E6974656C792E1F00436865636B732089
S214045BC06E6574776F726B20706A6F696E2073747B
S214045BD0617475732E0057726974657320746865F2
S214045BE020657874656E6465642070616E2049442F
S214045BF020666F7220746865206465766963652E16
S214045C000065787470616E69641F0052656A6F6916
S214045C106E7320616E206578697374696E67206E92
S214045C206574776F726B20696E2061207365637587
S214045C307265206F7220696E736563757265206D78
S214045C40616E6E6572207769746820612064696687
S214045C50666572656E74206465766963652074791A
S214045C6070652E00426F6F6C65616E206E6574778A
S214045C706F726B206B657920617661696C6162690D
S214045C806C6974791F4368616E6E656C206D617310
S214045C906B1F416E20656E756D65726174696F6EFB
S214045CA020696E6469636174696E67207468652030
S214045CB0646576696365207479706520746F2072F4
S214045CC0656A6F696E2061732E546865207374610B
S214045CD0636B206F6E6C79206163636570747320E8
S214045CE0534C5F5A49474245455F454E445F4445D9
S214045CF05649434520616E6420534C5F5A494742D7
S214045D0045455F534C454550595F454E445F4445B1
S214045D10564943452E1F0052654A6F696E732061CB
S214045D20206E6574776F726B2E00426F6F6C6561C0
S214045D306E206E6574776F726B206B657920617662
S214045D4061696C6162696C6974791F4368616E6E1F
S214045D50656C206D61736B1F004C656176657320FE
S214045D6061206E6574776F726B2E005475726E7355
S214045D70207065726D6974206A6F696E696E67203B
S214045D806F6E20666F722074686520616D6F756E25
S214045D9074206F662074696D6520696E646963613A
S214045DA07465642E00412073696E676C65206279A1
S214045DB0746520696E6469636174696E6720686FD0
S214045DC077206C6F6E6720746865206465766963F7
S214045DD0652073686F756C642068617665207065ED
S214045DE0726D6974206A6F696E696E672074757265
S214045DF06E206F6E20666F722E20412076616C7561
S214045E0065206F662030786666207475726E73201F
S214045E107065726D6974206A6F696E20696E646558
S214045E2066696E6974656C792E1F004A6F696E73B5
S214045E302061206E6574776F726B206F6E20612010
S214045E40676976656E206368616E6E656C2C207774
S214045E50697468206120676976656E2054582050FE
S214045E606F77657220616E642050414E2049442E3F
S214045E7000546865206368616E6E656C206F6E20E2
S214045E80776869636820746F206A6F696E20746827
S214045E9065206E6574776F726B1F4F6E652D627921
S214045EA07465207369676E65642076616C75652019
S214045EB0696E6469636174696E67207468652054EA
S214045EC05820506F77657220746861742074686512
S214045ED020726164696F2073686F756C64206265F4
S214045EE02073657420746F1F5468652050414E20DB
S214045EF04944206F6E20776869636820746F206A4F
S214045F006F696E20746865206E6574776F726B1F98
S214045F1000466F726D732061206E6574776F726BC6
S214045F20206F6E206120676976656E206368616EF7
S214045F306E656C2C207769746820612067697665C5
S214045F406E20545820506F77657220616E6420501E
S214045F50414E2049442E00546865206368616E6E85
S214045F60656C206F6E20776869636820746F20669E
S214045F706F726D20746865206E6574776F726B1F20
S214045F804F6E652D62797465207369676E6564204B
S214045F9076616C756520696E6469636174696E67A1
S214045FA02074686520545820506F77657220746892
S214045FB061742074686520726164696F2073686F09
S214045FC0756C642062652073657420746F1F546852
S214045FD0652050414E204944206F6E2077686963DF
S214045FE06820746F20666F726D20746865206E6515
S214045FF074776F726B1F005468697320696E6974D6
S214046000696174657320612054434C4B2075706439
S2140460106174652070726F6365647572652E0053D3
S2140460207065636966792074686520616D6F756E46
S21404603074206F662074696D6520746F20776169BB
S21404604074206166746572206F6E652054434C4BF1
S21404605020757064617465206F7065726174696F11
S2140460606E20636F6D706C65746573206265666F11
S214046070726520626567696E6E696E672061206E60
S21404608065772054434C4B20757064617465206FAB
S2140460907065726174696F6E2E0054686520616D58
S2140460A06F756E74206F662074696D652062657402
S2140460B07765656E2073756273657175656E742099
S2140460C074727573742063656E746572206C696E81
S2140460D06B206B6579207570646174657320696ED6
S2140460E0206D696C6C697365636F6E64731F00530F
S2140460F06574206F7220636C6561722073746179B5
S214046100206177616B65207768656E206E6F7420FA
S2140461106A6F696E656400536574206F7220636CE1
S21404612065617220666F726365206177616B6500D6
S214046130446973706C61792074686520736C656556
S214046140702073746174757300464F52205445531F
S21404615054494E4720505552504F534553202D20F6
S2140461606761746865722074696D696E67206D6511
S214046170747269637320666F72207265706F7274CE
S214046180696E67207461626C65206F7065726174F5
S214046190696F6E732E00436C656172732074686554
S2140461A0206C617374207265706F72742074696DEC
S2140461B065206F6620617474726962757465732EE7
S2140461C000416464732061206E657720656E747286
S2140461D07920746F20746865207265706F727420FD
S2140461E07461626C652E00546865206C6F63616C24
S2140461F020656E64706F696E742066726F6D2077AA
S214046200686963682074686520617474726962756D
S2140462107465206973207265706F727465641F54A8
S214046220686520636C75737465722077686572653B
S2140462302074686520617474726962757465206977
S21404624073206C6F63617465641F546865204944E9
S214046250206F662074686520617474726962757450
S21404626065206265696E67207265706F7274656416
S2140462701F3020666F7220636C69656E742D7369B7
S21404628064652061747472696275746573206F72D4
S214046290203120666F72207365727665722D73697D
S2140462A0646520617474726962757465731F5468DA
S2140462B065206D696E696D756D207265706F727498
S2140462C0696E6720696E74657276616C2C206D65E4
S2140462D061737572656420696E207365636F6E649E
S2140462E0732E1F546865206D6178696D756D207214
S2140462F065706F7274696E6720696E746572766114
S2140463006C2C206D6561737572656420696E2073EC
S21404631065636F6E64732E1F546865206D696E69BD
S2140463206D756D206368616E676520746F20746890
S214046330652061747472696275746520746861742A
S2140463402077696C6C20726573756C7420696E2096
S21404635061207265706F7274206265696E6720735F
S214046360656E742E1F0052656D6F76657320616EC0
S21404637020656E7472792066726F6D20746865206D
S2140463807265706F7274207461626C652E00546856
S2140463906520696E646578206F662074686520726F
S2140463A065706F727420746F2062652072656D6FFD
S2140463B07665641F00436C6561727320616C6C20A3
S2140463C0656E74726965732066726F6D2074686595
S2140463D0207265706F7274207461626C652E005052
S2140463E072696E747320746865207265706F727457
S2140463F0207461626C652E00576970657320616C49
S2140464006C206461746120696E20746865207374FE
S2140464106F72616765206465766963652E005072E5
S214046420696E747320617262697472617279206233
S21404643079746573206F6620746865204F54412014
S214046440696D616765206F6E206469736B2E0054F6
S214046450686520696E646578206F662074686520B8
S214046460696D61676520746F207072696E74206947
S214046470747320646174611F546865206F66667364
S214046480657420696E746F20746865204F544120CB
S214046490696D61676520746861742077696C6C2027
S2140464A06265207072696E7465641F005072696E4E
S2140464B0747320696E666F726D6174696F6E2061A5
S2140464C0626F7574207468652073746F7261676593
S2140464D0206465766963652E0052656C6F6164207E
S2140464E07468652073746F72616765206465766985
S2140464F063652E0044656C65746573207468652056
S214046500696D6167652061742074686520737065C1
S21404651063696669656420696E6465782E005468EC
S2140465206520696E6465782061742077686963689D
S21404653020746F20626567696E2064656C65746993
S2140465406E672074686520696D6167651F00507208
S214046550696E74732074686520696D616765732E4F
S21404656000456E61626C6573204F544120646F77FA
S2140465706E6772616465732E0044697361626C654C
S21404658073204F544120646F776E6772616465733D
S2140465902E0053656E647320616E205570677261B9
S2140465A06465456E645265717565737420746F20F6
S2140465B0616E204F5441207365727665722E0043D7
S2140465C0616E206265207573656420746F2064793B
S2140465D06E616D6963616C6C79207475726E206F80
S2140465E066662073656E64696E67207061676520F1
S2140465F07265717565737473206F6E207468652098
S214046600636C69656E7420736964652C2069662002
S2140466107468652073657276657220646F65736E40
S214046620277420737570706F727420746869732091
S214046630666561747572652E00426F6F6C65616E77
S2140466402076616C7565207475726E696E67206F4E
S2140466506E20283129206F72206F66662028302924
S214046660207468652070616765207265717565734E
S2140466707420666C61671F0053656E647320616ED8
S21404668020696D61676520626C6F636B207265714B
S2140466907565737420666F7220612066696C652068
S2140466A0746865207365727665722073686F756C9E
S2140466B064206E6F7420686176652E20205465739E
S2140466C074206861726E657373206F6E6C7920280F
S2140466D074657374206361736520392E352E3620F5
S2140466E02D204D697373696E672046696C652900B1
S2140466F05072696E747320696E666F726D61746928
S2140467006F6E206F6E207468652063757272656E96
S21404671074207374617465206F6620746865204FF6
S214046720544120636C69656E7420646F776E6C6F79
S21404673061642E0053746F707320746865204F5420
S21404674041207374617465206D616368696E652E9B
S2140467500053746172747320746865204F5441202A
S214046760636C69656E74207374617465206D61630F
S21404677068696E652E20546865207374617465209C
S2140467806D616368696E6520646973636F766572AC
S2140467907320746865204F54412073657276657261
S2140467A02C207175657269657320666F72206E653C
S2140467B07720696D616765732C20646F776E6C6FE4
S2140467C06164732074686520696D61676573206110
S2140467D06E6420776169747320666F7220746865CE
S2140467E02073657276657220636F6D6D616E6420CA
S2140467F0746F20757067726164652E005072696EDE
S214046800747320746865206D616E75666163747553
S2140468107265722049442C20496D6167652054795D
S21404682070652049442C20616E6420566572736935
S2140468306F6E20696E666F726D6174696F6E207418
S2140468406861742061726520757365642077686575
S2140468506E2061207175657279206E657874206982
S2140468606D6167652069732073656E7420746F208C
S2140468707468652073657276657220627920746820
S2140468806520636C69656E742E00506572666F725F
S2140468906D73207369676E617475726520766572B0
S2140468A0696669636174696F6E206F6E20746865CB
S2140468B020696D6167652061742074686520737053
S2140468C06563696669656420696E6465782E00543C
S2140468D0686520696E6465782061742077686963EA
S2140468E06820746F20626567696E207665726966D3
S2140468F069636174696F6E206F66207468652069C9
S2140469006D6167651F00426F6F746C6F61647320FE
S21404691074686520696D61676520617420746865B4
S2140469202073706563696669656420696E6465785A
S2140469302062792063616C6C696E672074686520D8
S2140469404F544120626F6F746C6F61642063616C96
S2140469506C6261636B2E0054686520696E646578AA
S21404696020617420776869636820746F20626567A5
S214046970696E20626F6F746C6F6164696E672074F1
S214046980686520696D6167651F005072696E74736F
S21404699020696E666F2061626F7574207468652066
S2140469A0696E7374616C6C656420626F6F746C6F6F
S2140469B0616465722E005375627472616374732029
S2140469C061206368616E6E656C2066726F6D20650B
S2140469D0697468657220746865207072696D617286
S2140469E079206F72207365636F6E646172792063B9
S2140469F068616E6E656C206D61736B206F662074C3
S214046A006865206E6574776F726B2D737465657236
S214046A10696E6720636F6D706F6E656E742E0054BA
S214046A206865206368616E6E656C206D61736B20AB
S214046A30746F207375627472616374207468652061
S214046A406368616E6E656C2066726F6D1F54686550
S214046A50206368616E6E656C20746F207375627453
S214046A607261637420746865206D61736B2066724E
S214046A706F6D1F00416464732061206368616E6EED
S214046A80656C20746F206569746865722074686527
S214046A90207072696D617279206F72207365636FFE
S214046AA06E64617279206368616E6E656C206D61D8
S214046AB0736B206F6620746865206E6574776F72DA
S214046AC06B2D7374656572696E6720636F6D706F86
S214046AD06E656E742E00546865206368616E6E651C
S214046AE06C206D61736B20746F2061646420612078
S214046AF06368616E6E656C20746F1F5468652063EE
S214046B0068616E6E656C20746F2061646420746FB7
S214046B1020746865206D61736B1F00536574732061
S214046B2065697468657220746865207072696D6141
S214046B307279206F72207365636F6E646172792058
S214046B406368616E6E656C206D61736B2E005468AD
S214046B5065206368616E6E656C206D61736B20746E
S214046B606F20737562747261637420746865206341
S214046B7068616E6E656C2066726F6D1F5468652062
S214046B8076616C756520746F20736574207468650F
S214046B90206368616E6E656C206D61736B20746F24
S214046BA02E1F005365747320746865207072652DFB
S214046BB0636F6E66696775726564206B65792073AA
S214046BC06F207468617420746865206A6F696E69E2
S214046BD06E67206465766963652063616E20656E02
S214046BE074657220746865206E6574776F726B2E98
S214046BF000536574732074686520707265636F6EE5
S214046C0066696775726564206B65791F0053746FD7
S214046C10707320746865206E6574776F726B20736A
S214046C2074656572696E672070726F636573732E20
S214046C300053746172747320746865206E6574778B
S214046C406F726B207374656572696E672070726FFD
S214046C50636573732E0041206D61736B206F66202D
S214046C606F7074696F6E7320666F7220696E6469E4
S214046C70636174696E67207370656369666963200F
S214046C806265686176696F722077697468696E20D8
S214046C90746865206E6574776F726B2D73746565A2
S214046CA072696E672070726F636573732E1F00447B
S214046CB06973706C61797320746865206375727289
S214046CC0656E7420737461747573206F66207468BF
S214046CD065206E6574776F726B2073746565726970
S214046CE06E672070726F636573732E00436C656104
S214046CF07273207468652067726F75707320746190
S214046D00626C65206F6E20657665727920656E64A8
S214046D10706F696E74005072696E747320696E6663
S214046D206F726D6174696F6E2061626F7574207422
S214046D30686520636F6E74656E7473206F66207466
S214046D4068652067726F757073207461626C652E57
S214046D50004172746966696369616C6C7920647257
S214046D606F70732074686520626C6F636B206E7539
S214046D706D62657220646566696E6564206279205A
S214046D807468652070617373656420617267756DDD
S214046D90656E74206F6E6C79206F6E63652C20614F
S214046DA06E64207468656E20616C6C6F77732069FE
S214046DB0742075706F6E20612072657472792E006F
S214046DC054686520626C6F636B206E756D626572C5
S214046DD020746F206172746966696369616C6C798A
S214046DE02064726F7020746F20666F726365206112
S214046DF0207265747279202D2073657420746F2058
S214046E003078464620746F2064697361626C651F2F
S214046E1000536574732074686520726563656976CB
S214046E20652077696E646F772073697A652E2020F3
S214046E30427920646566696E6974696F6E20696E4E
S214046E402074686520536D61727420456E657267A0
S214046E50792070726F66696C65206974206D75732D
S214046E60742062652073657420746F203120627507
S214046E7074207468697320616C6C6F77732069740E
S214046E8020746F206265206368616E6765642E00F7
S214046E90546865206D6178206E756D626572206F2A
S214046EA0662074686520626C6F636B73207265631A
S214046EB06569766564206265666F726520616E201A
S214046EC04150532061636B2069732067656E657259
S214046ED0617465641F004D616B6573207468697323
S214046EE0206E6F6465207374617274206964656EC5
S214046EF074696679696E67206173206120746172B3
S214046F0067657420666F722062696E64696E6720B6
S214046F107769746820616E20696E69746961746F3C
S214046F2072206E6F64652E0054686520656E64700A
S214046F306F696E74206F6E20776869636820746F5B
S214046F4020626567696E207468652046696E6469A8
S214046F506E6720616E642042696E64696E67207491
S214046F6061726765742070726F636573731F004D7A
S214046F70616B65732074686973206E6F6465207333
S214046F80746172742074686520696E6974696174CA
S214046F906F722070617274206F6620746865206654
S214046FA0696E64696E6720616E642062696E6469E6
S214046FB06E672070726F636573732E005468652065
S214046FC0656E64706F696E74206F6E20776869638F
S214046FD06820746F20626567696E20746865204651
S214046FE0696E64696E6720616E642042696E6469C6
S214046FF06E6720696E69746961746F722070726F4F
S214047000636573731F00456E61626C652F646973F4
S21404701061626C6520646562756720606C65676193
S214047020637920617070206672616D65776F726B2C
S21404703020646562756760207072696E7420747966
S21404704070652E00456E61626C652F6469736162BB
S2140470506C651F00456E61626C652F6469736162BE
S2140470606C6520646562756720607A636C60207066
S21404707072696E7420747970652E00456E61626C58
S214047080652F64697361626C652064656275672048
S2140470906061707060207072696E742074797065B7
S2140470A02E00456E61626C652F64697361626C655F
S2140470B02064656275672060636F72656020707215
S2140470C0696E7420747970652E00456E61626C6515
S2140470D02F64697361626C652064656275672060FD
S2140470E0737461636B60207072696E742074797057
S2140470F0652E0053656E6473206120726571756534
S214047100737420666F72204F544120636F756E74DB
S2140471106572732E0052657365747320616C6C20FF
S2140471207468726573686F6C64732076616C7565D9
S2140471307320746F203078464646462E0053657496
S214047140732061207468726573686F6C642076615E
S2140471506C756520666F7220612070617274696355
S214047160756C61722074797065206F6620636F7524
S2140471706E7465722E0054797065206F6620636F96
S214047180756E7465721F5468726573686F6C6420DC
S21404719056616C75651F005072696E74732074684E
S2140471A065207468726573686F6C6473206F6620FC
S2140471B0616C6C2074686520636F756E7465727399
S2140471C02E00436C6561727320616C6C20636F756E
S2140471D06E7465722076616C7565732E00507269E4
S2140471E06E747320616C6C20636F756E74657220A8
S2140471F076616C7565732E005072696E74732074B4
S21404720068652076616C7565206F6620746869739E
S21404721020706172746963756C617220636F756E39
S2140472207465722E0054686520636F756E7465729B
S214047230207479706520746F207072696E741F00F4
S2140472405072696E747320616C6C20636F756E7413
S21404725065722076616C75657320616E6420636C5C
S21404726065617273207468656D2E00536574204DD5
S214047270464720746F6B656E2C2043414E4E4F5428
S21404728020424520554E53455420425920434C49EC
S2140472902E005072696E74204D464720746F6B65DD
S2140472A06E2E005072696E74206163746976652070
S2140472B06576656E74732E0044697361626C65202E
S2140472C074686520656E64706F696E7420666F728C
S2140472D0205A434C206D657373616765732E0045B1
S2140472E06E64706F696E7420696E6465781F0045FD
S2140472F06E61626C65732074686520656E64706F79
S214047300696E7420666F72205A434C206D657373E1
S214047310616765732E005072696E742073746174AD
S2140473207573206F6620656E64706F696E74732E55
S2140473300053686F77732074686520766572736986
S2140473406F6E206F662074686520736F667477614D
S21404735072652E005365742074686520636F6E66CC
S214047360696775726564203830322E31352E3420C4
S214047370434341206D6F646520696E207468652000
S214047380726164696F2E2053656520646F63756D42
S214047390656E746174696F6E207265676172646984
S2140473A06E67205241494C5F494545453830323175
S2140473B035345F4363614D6F64655F742E0041200E
S2140473C05241494C5F494545453830323135345F82
S2140473D04363614D6F64655F742076616C75651FE9
S2140473E00052657475726E7320505449207261643D
S2140473F0696F20636F6E66696720696E666F726D6B
S2140474006174696F6E20746F2064657465726D694B
S2140474106E6520746865205048592074797065201C
S2140474206265696E672075736564206279205241CF
S214047430494C2E2072657475726E2076616C756583
S21404744020697320656E756D205241494C5F49452D
S21404745045453830323135345F5074695261646959
S2140474606F436F6E6669675F7420652E67202052CF
S21404747041494C5F494545453830323135345F50D3
S21404748054495F524144494F5F434F4E4649475F14
S21404749032503447485A203D2030783030552052F8
S2140474A041494C5F494545453830323135345F50A3
S2140474B054495F524144494F5F434F4E4649475FE4
S2140474C032503447485A5F414E54444956203D2072
S2140474D03078303155205241494C5F49454545384E
S2140474E030323135345F5054495F524144494F5F1E
S2140474F0434F4E4649475F32503447485A5F434FDE
S2140475004558203D203078303255205241494C5F52
S214047510494545453830323135345F5054495F5219
S2140475204144494F5F434F4E4649475F32503447C4
S214047530485A5F414E544449565F434F4558203D90
S2140475402030783033550053656E647320612072A2
S214047550656164206174747220666F722074686555
S2140475602074696D65206F6620746865206465768E
S214047570696365207370656369666965642E20496E
S214047580742073657473206120666C616720736F62
S214047590207768656E206974206765747320746844
S2140475A06520726573706F6E7365206974207772D8
S2140475B069746573207468652074696D6520746FDA
S2140475C020697473206F776E2074696D652061740A
S2140475D074722E0049641F737263456E64706F691B
S2140475E06E741F64657374456E64706F696E741F81
S2140475F0005768656E2073656E64696E67207573E0
S214047600696E6720612062696E64696E672C2073F8
S2140476107065636966696573207768657468657202
S2140476202061206D756C7469636173742062696E81
S21404763064696E672073686F756C64206265207574
S2140476407365642E007573654D756C746963617338
S2140476507442696E64696E671F0053656E647320B6
S21404766061207072652D6275666665726564206D4C
S214047670756C746963617374206D65737361676593
S21404768020746F206120676976656E2067726F7557
S214047690702049442066726F6D20612067697665A4
S2140476A06E20656E64706F696E742E0067726F75F7
S2140476B07049641F7372632D656E64706F696E74AF
S2140476C01F00437265617465732061206D65737372
S2140476D06167652062792073706563696679696E8F
S2140476E06720746865207261772062797465732EEA
S2140476F020557365207468652073656E6420636F17
S2140477006D6D616E6420746F2073656E642074689A
S21404771065206D657373616765206F6E63652069A8
S2140477207420686173206265656E20637265617497
S21404773065642E2045783A207261772030783030A0
S2140477403046207B3030203041203030203131200C
S21404775032322033332034342035357D2073656E41
S21404776064732061206D65737361676520746F2090
S214047770636C757374657220313520283078303028
S214047780304629206F66206C656E67746820382042
S214047790776869636820696E636C756465732074C2
S2140477A06865205A434C206865616465722E004300
S2140477B06C757374657249641F446174611F00526A
S2140477C0657365747320746865206E6F64652E0037
S2140477D05772697465732061206D6573736167659C
S2140477E02E00456E64706F696E741F436C757374F7
S2140477F065722049441F4174747269627574652009
S21404780049441F4D61736B1F446174612074797021
S214047810651F4461746120627974651F0052656156
S21404782064732061206D6573736167652E00456E11
S21404783064706F696E741F436C7573746572204947
S214047840441F4174747269627574652049441F311B
S2140478502069662073657276657220646972656352
S21404786074696F6E2C203020696620636C69656EBF
S2140478707420646972656374696F6E1F0053656E65
S21404788064732061206D6573736167652E004465BB
S2140478907374696E6174696F6E1F536F7572636576
S2140478A020656E64706F696E741F44657374696EC8
S2140478B06174696F6E20656E64706F696E741F0004
S2140478C0536F7572636520656E64706F696E741F9E
S2140478D0004C69737473207768696368206F7074EA
S2140478E0696F6E616C206C6962726172696573207F
S2140478F06F662074686520737461636B20617265BB
S21404790020696D706C656D656E746564206F6E209D
S21404791074686973206465766963652E00507269BD
S2140479206E747320696E666F726D6174696F6E2013
S21404793061626F757420746865206E6574776F7203
S2140479406B2073746174652C20636C757374657234
S214047950732C20616E6420656E64706F696E747338
S2140479602E006F66667365741F005072696E7473BA
S21404797020696E666F726D6174696F6E20666F72D1
S21404798020616C6C20617661696C61626C65207341
S2140479906C6F74732E005265616473207261772075
S2140479A0646174612066726F6D20666C6173682012
S2140479B073746F726167652E0041646472657373D5
S2140479C020746F20726561641F4E756D6265722047
S2140479D06F6620627974657320746F2072656164C3
S2140479E01F005072696E747320666C61736820732E
S2140479F0746F7261676520696E666F726D61746913
S214047A006F6E2E004572617365732074686520730B
S214047A10706563696669656420736C6F7420494495
S214047A202E0053746F7261676520736C6F74206EDA
S214047A30756D6265721F00426F6F7473207468659B
S214047A4020696D61676520696E20746865207370AF
S214047A506563696669656420736C6F742049442E97
S214047A6000434C4920696E7374616E6365206578C3
S214047A70616D706C650064756D6D795F696E7374A5
S214047A80005A434C20636F6D6D616E6473006261CF
S214047A9073696300676C6F62616C006D66672D6363
S214047AA06F6465007573652D6E6578742D736571E6
S214047AB075656E636500782D64656661756C742DF6
S214047AC07265737000746573742D726573706F6E6F
S214047AD073652D6F6E00746573742D726573706FA5
S214047AE06E73652D6F6666005A434C206261736937
S214047AF06320636C757374657220636F6D6D616E5D
S214047B006473007274666400436F6D6D616E642006
S214047B10746861742072657365747320616C6C207C
S214047B206174747269627574652076616C756573C8
S214047B3020746F20666163746F7279206465666171
S214047B40756C742E005241494C006C6F7765722D2B
S214047B506D61632D7261696C2D3830322E31352E8D
S214047B60342E63006C69627261696C2E6100756EF6
S214047B70636C61696D6564006275666665722D6D19
S214047B80616E6167656D656E742E63006576656EFD
S214047B90742D71756575652E63007A69676265650F
S214047BA02D75707065722D6D61632E63006E656948
S214047BB06768626F722E63006173736F63696174C2
S214047BC0696F6E2E630031383231730031343232CD
S214047BD03100313231003273003132323131320009
S214047BE031323231310032383100383131003138F7
S214047BF03231310031323131313231323232317355
S214047C0000313232003132313132323100313131E9
S214047C10310032323800726F7574652D7461626C8F
S214047C20652E63006D61632D6D756C74692D6E65CC
S214047C3074776F726B2E63006C65676163792D7061
S214047C4061636B65742D6275666665722E630000EB
S214047C500102030E312E312E322D666461653131F8
S214047C603433010001000203030003000000000097
S214047C7013B779FAC925DDB7ADF3CFE0F1B614B87A
S214047C800102000000000000FFFFFFFF01000000EB
S214047C9001000000000000000000000000000000DA
S214047CA000000000000000000000000000000000CB
S214047CB000000000000000000000000000000000BB
S214047CC0033F1F002F4003002B400300094003001E
S214047CD0D73F03006740030039400300D93F030041
S214047CE02C00000002020203000000000102000053
S214047CF0000801B4987D04000008015A547D04006D
S214047D0000080040107D0400000000000000000091
S214047D100000FCFEFFFF000000000000FFFF000064
S214047D2000000000FFFF000000000000FFFF00004E
S214047D300000000040001806F4D200002C00B00238
S214047D403DBE00001700F2000C7C00000C00410051
S214047D509E4200006400FCFEFFFF000000000000DE
S214047D60FFFF0000000000005A00F306A554FEFFC3
S214047D702100A301A1FEFFFF1100A6008327000037
S214047D800A006100DC26000006003B00F820000024
S214047D9003001500AD130000C800FCFEB4008B08F9
S214047DA07BC0FBFF4D00E402E756FFFF2C00A20158
S214047DB083EBFFFF1A000301B31A00001100A300AF
S214047DC0552900000A005E005A28000006003A0002
S214047DD02122000004001800731600004533040036
S214047DE002E8030002E8030002E8030002E80300D6
S214047DF002E8030002E8030002E8030002E80300C6
S214047E0002E8030002E8030002E8030002E80300B5
S214047E1002E8030002E8030002E8030002E80300A5
S214047E2002E8030002E8030002E8030002E8030095
S214047E3002E8030002E8030002E8030002E8030085
S214047E4002E8030002E8030002E8030010E8030067
S214047E5002E8030025E8030002E8030002E8030042
S214047E604AE8030002E8030002E8030002E803000D
S214047E7002E8030072E8030002E8030002E80300D5
S214047E8002E8030002E803008AE8030002E80300AD
S214047E90A8E803000B0000000B000000020000002E
S214047EA00000202000000000030000008C8C3C0032
S214047EB00000000000000000000000000000005861
S214047EC01200000000000000FFFFFFFFFFFFFFFF9F
S214047ED0554E4B00474F200042544C00474F32004B
S214047EE0474F3300474F3400474F3500474F36005F
S214047EF0474F3700474F3800474F3900474F410038
S214047F00474F4200474F4300474F4400474F450002
S214047F10474F46004A4D50004244520055505200C6
S214047F2042544D004D534D0046544C00554E4B00A4
S214047F30474F200042544C004241440046544C00F3
S214047F40465243004F54410044534C0042415000B3
S214047F5055504700544D450046415500545A460076
S214047F60554E4B0050494E00454D3400554E4B007F
S214047F7048562000554E4B00455850004C574D006F
S214047F80554E4B005242540044534C00454D340069
S214047F90554E4B0041535400554E4B00564659001F
S214047FA0494E4800554E4B004C434B0058544C0029
S214047FB04F424600554E4B00485244004D454D0036
S214047FC0425553005553470044424700444D410030
S214047FD056435400554E4B00555020005250200036
S214047FE041503000415031004150200044502000A0
S214047FF044454300D07E0400D47E04002C7F040055
S214048000607F04006C7F0400747F0400807F04009B
S214048010907F0400987F0400A47F0400B47F0400CB
S214048020D47F0400554E4B004649420042544C004F
S21404803045585400505752005744470020535700A1
S214048040435253004653480042414400464C5400B1
S21404805042524F000104010303060105010501090C
S2140480600600060B0000070B050B000000000000CE
S214048070000000000400E40C0A00010410010000E3
S2140480800005000200000300108304000C830400B3
S214048090F8820400F4820400F0820400EC820400F7
S2140480A0DA820400CA820400B0820400A8820400B3
S2140480B09E8204009C820400848204008182040060
S2140480C07982040068820400588204004682040010
S2140480D02C82040024820400188204001482040003
S2140480E01082040002820400F7810400DE8104008A
S2140480F0C581040069810400688104005881040075
S21404810030810400258104002481040010810400C9
S2140481100000000000000000000000000000000056
S214048120000000000F000000000000000000000037
S2140481300000000000000000000000000000000036
S2140481400000000000000000000000000000000026
S2140481500000000000000000010000000000000015
S21404816000000000000000000F00000000000000F7
S21404817000000000000000000000000000000000F6
S21404818000000000000000000000000000000000E6
S21404819000000000000000000000000000000000D6
S2140481A000000000000000000000000000000000C6
S2140481B000000000000000000000000000000000B6
S2140481C000000000000000000000000000000000A6
S2140481D00000000000000000000000000000000096
S2140481E00000000000000000000000000000000086
S2140481F00000000000000000000000000000000076
S2140482000000000000000000000000000000000065
S2140482100000000000000000FFFFFFFFFFFFFFFF5D
S214048220FFFF000000000000000000000000000047
S2140482300000000000000000000000000000000035
S2140482400000000000000000000000000000000025
S2140482500000000000000000000000000000000015
S2140482600000000000000000000000000000000005
S214048270000000000000000000FFFFFFFFFFFFFFFC
S214048280FF9C0000FF00000000000000000000004B
S2140482900000000000000000800000000000FFFF57
S2140482A0FFFFFFFFFFFFFFFF00000000FFFF0000CF
S2140482B000000000000000000000000000000000B5
S2140482C000000000000000000000FFFFFF000000A8
S2140482D00000000000000000000000000000000095
S2140482E00000000000000000000000000000000085
S2140482F00000000000000000000000000000000075
S2140483000000000000000000000000000000000064
S214048310FC03010101010101010101010101010147
S2140483200100000000000001002006000000060115
S2140483300100002002041104040211101A080A02A3
S2140483401801081110111A080A04020D0B19195CF9
S2140483500110280B011400000000000000000000BB
S21404836000000000000101010101010001010101FA
S21404837001010100000101010001000101000000EB
S21404838000000000000000000000000000010000E3
S21404839000000000000000000000000001FF0100D3
S2140483A023E1010075E4010063E2010063E50100D6
S2140483B062E1010079EB010064EE010024E10100B2
S2140483C025E1010026E1010027E1010028E1010082
S2140483D029E101002AE101000000010080000100FB
S2140483E0000101008001010000020100800201007A
S2140483F020E20100000301000005010080050100E1
S214048400000601002C890100800601000007010017
S21404841001E5010002E501000008010080080100F2
S2140484200040010086321010FFFFFFFFFFFFFFFF32
S2140484302FF1030035F103003BF1030041F1030083
S21404844047F103005A6967426565416C6C69616E61
S214048450636530394E574B205374656572696E6791
S214048460000095969595950507090D0000000000F7
S2140484700001020304060000730704000E1B040038
S214048480281B04003F1B0400521B0400621B04004C
S214048490761B0400881B0400981B0400B41B04000D
S2140484A0C91B04000208010D0D01010112010000A0
S2140484B0FFFFFFFFFFFFFFFF0000000000000000BB
S2140484C00109050100020000000000031EF1EE0B86
S2140484D0E08404000428040045330400FE00000081
S2140484E02028040040860400000000002A28040017
S2140484F030860400000000003728040020860400AC
S2140485000000000044280400108604000000000058
S21404851062280400FC850400000000005A280400B9
S214048520E88504000000000061280400D4850400E7
S214048530000000006F280400C4850400000000004A
S214048540E1260400B085040000000000682804004A
S214048550A085040000000000742804008C85040034
S2140485600000000060EF03007C85040000000000AB
S214048570000000000000000000000000E5560300B4
S21404858085280400C2280400010100FF29D8000041
S214048590EB28040030290400010100010107FF0054
S2140485A0E5D700007D290400E8290400010100FF46
S2140485B025D70000092A0400222A0400000101002D
S2140485C0FF000000F7560300472A04009F2A040011
S2140485D00101FF00DF560300B62A04000D2B040039
S2140485E001010207FF000000D9560300B62A040062
S2140485F00D2B040001010207FF000000D356030000
S214048600B62A04000D2B040001010207FF00000037
S214048610D9D600002E2B04006D2B0400010101FFA7
S21404862079D600008C2B0400D12B0400010000FF37
S21404863035D600008C2B0400D12B0400010000FF6B
S214048640BDD60000F82B0400FE29040000FF00003D
S214048650CD5603004D2C040088570400FF0000008C
S214048660C7560300C02C040088570400FF0000000F
S21404867015D600002F2D0400A42D040000FF0000D2
S214048680EDD50000BC2D04001E2E040000FF0000E3
S214048690B95603002F2E0400752E040002FF0000B6
S2140486A0B5D500007E2E0400F22E040001FF000063
S2140486B06B2F04004E2F04005D2F0400692F040066
S2140486C07A2F0400902F0400A62F0400B02F040075
S2140486D0BA2F040000000000BE320400110000009F
S2140486E0CA32040012000000D23204001300000054
S2140486F0DA32040021000000E23204002200000006
S214048700E932040023000000F0320400AA0000004E
S214048710F7320400FF00000000000000FFFFFFFF28
S214048720FFFFFFFF0000000000000000000001083B
S2140487300109020A030B040C050D060E070F0810A8
S21404874001180119021A031B041C051D061E071F27
S21404875008200121022203230424052506260727D0
S21404876008280129022A032B042C052D062E072F80
S21404877008300131023203380239043A08E004E1D1
S21404878004E204E802E902EA04F008F1100000003A
S2140487900000000002050000F887040002000F0035
S2140487A02088040002000F004888040002000F001E
S2140487B07088040002000F009888040002000F006E
S2140487C0C088040002000F00E888040002000F00BE
S2140487D01089040002000F003889040002000F000C
S2140487E06089040002000F008889040002000F005C
S2140487F0B089040002000F0000000000D8890400BD
S2140488000300000040000000000000001900000003
S214048810FC89040004000F00800000000000000033
S21404882000000000D8890400030000004000000097
S2140488300000000019000000FC89040004000F007A
S214048840800000000000000000000000D88904003A
S21404885003000000400000000000000019000000B3
S214048860FC89040004000F008000000000000000E3
S21404887000000000D8890400030000004000000047
S2140488800000000019000000FC89040004000F002A
S214048890800000000000000000000000D8890400EA
S2140488A00300000040000000000000001900000063
S2140488B0FC89040004000F00800000000000000093
S2140488C000000000D88904000300000040000000F7
S2140488D00000000019000000FC89040004000F00DA
S2140488E0800000000000000000000000D88904009A
S2140488F00300000040000000000000001900000013
S214048900FC89040004000F00800000000000000042
S21404891000000000D88904000300000040000000A6
S2140489200000000019000000FC89040004000F0089
S214048930800000000000000000000000D889040049
S21404894003000000400000000000000019000000C2
S214048950FC89040004000F008000000000000000F2
S21404896000000000D8890400030000004000000056
S2140489700000000019000000FC89040004000F0039
S214048980800000000000000000000000D8890400F9
S2140489900300000040000000000000001900000072
S2140489A0FC89040004000F008000000000000000A2
S2140489B000000000D8890400030000004000000006
S2140489C00000000019000000FC89040004000F00E9
S2140489D080000000000000000000200120000000CD
S2140489E0080000000400422130000000708A0400E1
S2140489F000FF420030000000000000000000F00805
S214048A0040000000918A0400010023044000000096
S214048A10998A0400060030014000000000000000AF
S214048A20FDFF2102400000000100000019000004C0
S214048A3019000101190002041900030119000504B4
S214048A40190006011900070404004100E9F20000B9
S214048A5006004100675F030019008100D90F01007A
S214048A6019008400651A0100008000000000000060
S214048A7006435553544F4D0000000000000000000C
S214048A8000000000000000000000000000000000DD
S214048A9000FFFFFFFFFFFFFFFFFFFFFFFF000401D4
S214048AA00401040104010401040104010401040195
S214048AB0040104010401FFFFFFFFFFFFFFFFFFFFA8
S214048AC0FFFFFFFFFFFFFFFFFFFFFFFFFFFF0001AA
S214048AD002030405060708090A0B1F1C1F1E1F1E97
S214048AE01F1F1E1F1E1F07021F012F0037013F00F6
S214048AF05701DF02E700FF0200000000000000004C
S214048B00000000000000000000000000000000005C
S214048B100000000000000000000000005D390400B2
S214048B201900000063390400FFFF00000000000085
S214048B302E3A0400393A040045330400413A04004E
S214048B404F3A040045330400623A04006D3A0400C8
S214048B507B3A04007F3A04008F3A04007B08040042
S214048B609F3A0400A33A0400AE3A0400B83A04005C
S214048B70C23A0400C63A0400D43A0400E83A0400B0
S214048B80FE3A040000800000000000000000000020
S214048B9000000000FFFFFFFFFF00000000000000D1
S214048BA04D9F010000000000000000000000F03FA0
S214048BB000000000000024400000000000005940AF
S214048BC00000000000408F40000000000088C34002
S214048BD000000000006AF8400000000080842E4177
S214048BE000000000D01263410000000084D79741C3
S214048BF00000000065CDCD41F40B0400E8A104009C
S214048C000000000024440400D8A104000000000072
S214048C1029440400C8A10400000000002A440400FB
S214048C20B8A10400000000006F280400A4A10400FA
S214048C30000000006228040090A104000000000068
S214048C402F44040080A10400000000003544040002
S214048C5070A10400000000003944040060A1040070
S214048C60000000004844040050A104000000000076
S214048C706544040040A10400000000006E440400A3
S214048C8030A10400000000008344040020A1040076
S214048C9000000000B619040010A104000000000043
S214048CA093440400D0A00400000000008A48040096
S214048CB05C98040000000000463804001C98040079
S214048CC0000000009A4404005C97040000000000C2
S214048CD0A34404006096040000000000B0440400AE
S214048CE05492040000000000CC3A04002C910400C6
S214048CF000000000B74404002C91040001000000AA
S214048D00BB440400EC90040000000000C0440400CF
S214048D10B08F040000000000F4E80300B08F0400E5
S214048D2001000000B0440400549204000000000057
S214048D30C74404005492040001000000CC4404001C
S214048D407C8F040000000000D64404007C8F0400DE
S214048D5001000000DE440400AC8D040000000000A6
S214048D6065F00300788D0400000000000000000099
S214048D700000000000000000888D0400E2440400A7
S214048D8045330400FE000000FA440400049904007D
S214048D90000000005F490400F4980400000000008E
S214048DA0000000000000000000000000BC8D04006D
S214048DB0FF44040045330400FE000000154504008B
S214048DC0849A0400000000001B450400749A040002
S214048DD00000000021450400649A0400000000001E
S214048DE02A450400549A040000000000A6ED03007F
S214048DF0449A040000000000B0EB03000C9A040040
S214048E0000000000B7F40300F89904000000000016
S214048E1034450400E899040000000000A4F00300B0
S214048E20D89904000000000039450400C8990400DD
S214048E300000000040450400B8990400000000004B
S214048E4045450400A89904000000000049450400B4
S214048E50488F04000000000050450400F08E040013
S214048E600000000058450400BC8E0400000000000A
S214048E7064450400888E0400000000000000000022
S214048E800000000000000000988E04006F450400F7
S214048E9045330400FE000000EF0204002499040099
S214048EA000000000A02F0400149904000000000035
S214048EB0000000000000000000000000CC8E04004B
S214048EC09045040045330400FE000000EF02040051
S214048ED04499040000000000A02F04003499040004
S214048EE00000000000000000000000000000000079
S214048EF0008F0400B245040045330400FE00000061
S214048F00D04504009499040000000000AE4A040012
S214048F108499040000000000DF45040074990400EE
S214048F2000000000E445040064990400000000000A
S214048F30EB45040054990400000000000000000003
S214048F400000000000000000588F0400F0450400F4
S214048F5045330400FE000000B1020400309A040009
S214048F60000000000D4604001C9A040000000000E7
S214048F700000000000000000000000008C8F0400C9
S214048F801546040045330400FE0000003146040084
S214048F90C49A040000000000CC3A0400B49A04000A
S214048FA000000000000000000000000000000000B8
S214048FB0C08F04003646040045330400FE0000005B
S214048FC04F460400749B04000000000072FF030078
S214048FD0649B04000000000058460400549B0400F0
S214048FE00000000031460400A49A040000000000BB
S214048FF05D460400949A0400000000006A460400DB
S214049000AC90040000000000784604007890040049
S21404901000000000864604003890040000000000AB
S2140490209A4404005C97040000000000000000005E
S2140490300000000000000000489004008F46040072
S21404904045330400FE000000D37A0400449B040069
S21404905000000000E47A0400349B040000000000D2
S214049060A3130400249B040000000000000000007A
S214049070000000000000000088900400AD460400D4
S21404908045330400FE000000D7460400949B040009
S2140490900000000054350400849B04000000000017
S2140490A0000000000000000000000000BC90040067
S2140490B0DE46040045330400FE00000065F00300AD
S2140490C0C89B040000000000A02F0400B89B040006
S2140490D000000000AE4A0400A49B04000000000048
S2140490E0000000000000000000000000FC900400E7
S2140490F0FE46040045330400FE00000065F003004D
S214049100F89B0400000000001E470400E89B0400CF
S21404911000000000A02F0400D89B040000000000FC
S2140491200000000000000000000000003C91040065
S2140491302547040045330400FE0000003F470400B2
S2140491402C9D040000000000582F04001C9D040001
S21404915000000000724704000C9D0400000000009C
S214049160A6ED0300FC9C040000000000732F04001E
S214049170EC9C04000000000044470400DC9C04004F
S214049180000000005C470400CC9C040000000000C3
S21404919065470400BC9C0400000000006C47040003
S2140491A0AC9C040000000000784704007C9C04008B
S2140491B000000000AE4A04006C9C0400000000009E
S2140491C0874704005C9C040000000000621404004E
S2140491D04C9C0400000000008C4704003C9C0400E7
S2140491E000000000A34704002C9C040000000000BC
S2140491F0B7470400189C040000000000C74704009A
S214049200089C040000000000D647040020920400D6
S2140492100000000000000000000000000000000045
S21404922030920400DB47040045330400FE000000CF
S214049230F24704009C9C040000000000FB47040066
S2140492408C9C0400000000000000000000000000E9
S2140492500000000064920400453304004533040013
S214049260FE000000024804009C9804000000000071
S2140492700F480400E09604000000000018480400AC
S2140492802C9604000000000026480400F89504000C
S2140492900000000034480400C495040000000000E8
S2140492A0424804002C9504000000000053480400C3
S2140492B00495040000000000604804006494040060
S2140492C0000000006B4804000C940400000000003A
S2140492D07E480400E49304000000000053270400C2
S2140492E080930400000000009148040040930400AA
S2140492F0000000009C4804000C93040000000000DA
S2140493000000000000000000000000001C930400A1
S214049310AF48040045330400FE000000D3480400B0
S2140493204C9D040000000000D94804003C9D040045
S2140493300000000000000000000000000000000024
S21404934050930400DD48040045330400FE0000008A
S2140493505F0404007C9D0400000000000F49040024
S2140493606C9D0400000000001B4904005C9D040082
S21404937000000000000000000000000000000000E4
S214049380909304003149040045330400FE000000B5
S21404939065F00300E09D040000000000A02F040018
S2140493A0D09D0400000000004D240400C09D04006D
S2140493B000000000EF020400AC9D04000000000062
S2140493C04D4904009C9D040000000000644904000C
S2140493D08C9D040000000000000000000000000057
S2140493E000000000F49304007049040045330400B0
S2140493F0FE00000095490400F09D040000000000F3
S2140494000000000000000000000000001C9404009F
S2140494109A49040045330400FE000000BE490400D7
S214049420409E0400000000001E470400309E040016
S21404943000000000CA490400209E0400000000004A
S214049440D1490400109E040000000000DE49040018
S214049450009E040000000000000000000000000061
S2140494600000000074940400E94904004533040035
S214049470FE00000057480400F09E040000000000B0
S214049480064A0400E09E040000000000F40B0400FA
S214049490D09E040000000000221B0400C09E0400AE
S2140494A000000000D1470400B09E04000000000045
S2140494B05F040400A09E0400000000000D4A04009F
S2140494C0909E040000000000184A0400809E0400D9
S2140494D000000000254A0400709E040000000000FE
S2140494E0354A0400609E040000000000484A040058
S2140494F0509E040000000000000000000000000071
S21404950000000000149504005A4A04004533040081
S214049510FE000000F40B0400009F0400000000009E
S2140495200000000000000000000000003C9504005D
S214049530784A040045330400FE0000005F0404007B
S214049540709F040000000000221B0400609F0400BB
S21404955000000000D1470400509F040000000000F3
S2140495609B4A0400409F040000000000DA45040003
S21404957084950400000000000000000000000000C5
S2140495800000000094950400B24A04004533040029
S214049590FE000000AE4A0400309F040000000000F5
S2140495A0EF020400209F040000000000C84A0400E4
S2140495B0109F0400000000000000000000000000EF
S2140495C000000000D4950400D14A0400453304008A
S2140495D0FE00000065F00300909F040000000000F9
S2140495E0A02F0400809F040000000000000000007C
S2140495F0000000000000000008960400F14A040081
S21404960045330400FE000000114B0400B09F040024
S21404961000000000244B0400A09F0400000000008B
S2140496200000000000000000000000003C9604005B
S2140496303A4B040045330400FE0000005A4B040075
S214049640D09F04000000000072FF0300C09F0400C7
S2140496500000000000000000000000000000000001
S214049660709604004533040045330400FE000000F1
S214049670644B04008896040000000000000000000C
S2140496800000000000000000989604004533040023
S21404969045330400FE000000704B040020A00400C4
S2140496A000000000BD3A040010A004000000000002
S2140496B0764B040000A00400000000007A4B04006F
S2140496C0F09F0400000000007E4B0400E09F0400AE
S2140496D00000000000000000000000000000000081
S2140496E0F09604008E4B040045330400FE00000090
S2140496F065F00300A0A0040000000000A94B0400CD
S21404970090A0040000000000BC4B040080A00400ED
S21404971000000000A02F040070A004000000000059
S214049720C94B040060A0040000000000DA4B0400EB
S21404973050A0040000000000E84B040040A0040011
S21404974000000000F94B040030A0040000000000F4
S2140497500000000000000000000000006C970400F9
S214049760064C040045330400FE000000204C0400B0
S214049770F49A040000000000534C0400E49A040029
S214049780000000008E4C0400D49A04000000000080
S214049790A54C0400E897040000000000AF4C040049
S2140497A0B497040000000000000000000000000061
S2140497B000000000C4970400B34C040045330400C2
S2140497C0FE000000D37A0400149B0400000000008E
S2140497D0E47A0400049B040000000000000000007B
S2140497E00000000000000000F8970400D24C0400BB
S2140497F045330400FE0000008AFF0300C0A00400F6
S21404980000000000AE4A0400B0A0040000000000FF
S2140498100000000000000000000000002C98040077
S214049820E54C040045330400FE00000065F0030028
S21404983000A1040000000000D7460400F0A00400C5
S2140498400000000054350400E0A0040000000000FE
S2140498500000000000000000000000006C980400F7
S214049860004D040045330400FE000000DE490400F9
S21404987018A20400000000005F04040008A204000C
S21404988000000000F40B0400F8A10400000000002F
S214049890000000000000000000000000AC98040077
S2140498A0204D040045330400FE0000003E4D040035
S2140498B068A2040000000000484D040058A20400FA
S2140498C000000000534D040048A2040000000000FD
S2140498D06F28040038A2040000000000624D040053
S2140498E028A20400000000000000000000000000A1
S2140498F000000000AB5603006D4D04004533040021
S214049900FF000000A75603007A4D04004533040008
S214049910FF00000029DD00008C4D040045330400E0
S214049920FF000000C5DC0000B94D040081550400AA
S21404993001FF000029DD0000F94D04004533040052
S214049940FF000000C5DC0000274E0400815504001B
S21404995001FF00005DDD0000684E0400894E04002F
S21404996000FF00005DDD0000924E0400EF4E040090
S2140499700000FF00D9DD0000FD4E0400164F040071
S214049980010001FF45DE00003B4F04007D4F04004C
S2140499900102FF00D9DD0000934F0400C24F04000B
S2140499A001000102FF00000055DB0000F34F040035
S2140499B02F50040007FF000075DB0000355004003C
S2140499C06850040001FF000089DB000070500400AA
S2140499D0C05004000100FF00E5DB0000D550040081
S2140499E0265104000101FF00B9DB000036510400D3
S2140499F07051040001FF000039DC000078510400B7
S214049A00C1510400010000010707FF0075DE0000D5
S214049A10135204006850040001FF000075DF0000C4
S214049A205B5204009F520400010700010700FF0078
S214049A3009570300F45204003A53040001070001D6
S214049A4001FF0000FDDE000076530400B15304005D
S214049A50010000FFCDDE0000CF53040013540400C1
S214049A600100FF009DDE0000265404001354040089
S214049A700100FF0045DF0000655404007051040037
S214049A8001FF0000B5DF0000A0540400D154040018
S214049A900100FF00E5C8000045330400DF5404005D
S214049AA0000707FF89C8000045330400F854040083
S214049AB0000707FF95CD0000453304000455040055
S214049AC007FF000095CD000045330400045504004C
S214049AD007FF00005B5603004533040009550400E5
S214049AE00000FF0071CD000045330400832B040002
S214049AF001FF000039CD0000453304004155040041
S214049B0000FF000069C80000453304004533040024
S214049B10FF00000069C80000453304004533040014
S214049B20FF000000315603004533040045330400AB
S214049B30FF0000003156030045330400453304009B
S214049B40FF0000003156030045330400453304008B
S214049B50FF00000039C800004533040077550400B0
S214049B600101FF0025C80000453304008C5504009D
S214049B7001FF00002D56030045330400453304005E
S214049B80FF000000EDC70000B5460400453304009E
S214049B90FF000000EDC7000096550400453304009E
S214049BA0FF0000006DC90000B7550400CE55040040
S214049BB00001000007FF000029560300F4550400C6
S214049BC045330400FF000000E9C600000E560400FA
S214049BD045330400FF000000A35603003C5604006F
S214049BE045330400FF000000955603005656040053
S214049BF0D854040000FF000069D000007B5604001F
S214049C0045330400FF000000BDC50000955604005F
S214049C1045330400FF00000051C50000B856040098
S214049C203557040000000310FF0000002DC6000096
S214049C308A570400F857040001FF000001C600001C
S214049C400D5804005058040000FF000015C500001D
S214049C506158040045330400FF0000002756030043
S214049C609058040045330400FF000000F1C40000CF
S214049C70DC580400D854040000FF0000BDC40000F3
S214049C801D5A0400725A040000FF0000A1C400001C
S214049C908C5A040045330400FF00000085C400000D
S214049CA09C5A040045330400FF00000017560300C6
S214049CB0B05A04002E5B040000FF000055C40000E8
S214049CC0B95B040045330400FF00000011C4000023
S214049CD0D65B0400015C040007FF0000D1C300004B
S214049CE00B5C0400645C0400000500FF89C30000EC
S214049CF0175D04002A5D04000002FF0065C300002F
S214049D00595D040045330400FF00000017560300A5
S214049D106B5D0400A55D040000FF0000F9C20000AE
S214049D202B5E0400715E0400000301FFE9C200001C
S214049D30115F0400575F0400000301FFDD380100D3
S214049D40F75F040045330400FF00000029630300A6
S214049D501F6004009A60040002FF000095E3000000
S214049D60EF6004008857040000FF000061E3000071
S214049D70176104008857040000FF000011E3000088
S214049D803061040045330400FF000000E92A0100A6
S214049D904961040045330400FF000000C12A0100A5
S214049DA09661040045330400FF0000004D2A0100BC
S214049DB0C1610400E761040000010100010102FF23
S214049DC0252A0100666304008E63040000FF000079
S214049DD0052A0100B563040045330400FF000000B3
S214049DE04D290100DF63040045330400FF00000032
S214049DF0FB610300F863040045330400FF00000021
S214049E001D1E01001E6404004F6404000002FF00CF
S214049E105D600300AC64040045330400FF000000EA
S214049E2059600300D964040045330400FF000000B1
S214049E30D11D0100F46404001E65040000FF000048
S214049E40911B01004E65040045330400FF0000002A
S214049E500D0701006165040045330400FF0000009F
S214049E60F50601007965040045330400FF00000090
S214049E70D55F03009265040045330400FF0000002C
S214049E80C15F0300BF6504003966040000FF0000DC
S214049E909D1A01007866040045330400FF000000A4
S214049EA08D190100F066040045330400FF0000002D
S214049EB0B10501003467040045330400FF000000C8
S214049EC0950501005167040045330400FF000000B7
S214049ED00D060100FC67040045330400FF00000083
S214049EE0010601008A680400CF68040000FF000031
S214049EF0CD050100066904005769040000FF000050
S214049F00F90301008A69040045330400FF000000D9
S214049F1091F80000B66904001F6A04000000FF0000
S214049F2091F80000746A0400D66A04000000FF007A
S214049F3031F900001B6B04004E6B04000002FF00A6
S214049F402F5F0300A36B0400F16B040007FF0000FF
S214049F5065FA00000D6C040045330400FF000000A1
S214049F6079F80000316C0400566C040000FF000011
S214049F7085F90000AF6C040045330400FF000000C0
S214049F8049F20000EC6C040045330400FF000000B6
S214049F9011F20000166D040045330400FF000000B3
S214049FA0075E0300516D0400C06D040000FF00004E
S214049FB06DEB0000116E0400906E040000FF0000BC
S214049FC0F95D0300D66E0400286F040000FF00004D
S214049FD0D95D03006F6F0400BC6F040000FF00002F
S214049FE0CF5D0300067004004470040000FF000008
S214049FF0C95D0300547004004470040000FF0000B0
S21404A000C35D03007B7004004470040000FF00007E
S21404A010BD5D0300A27004004470040000FF00004D
S21404A020B75D0300CA7004004470040000FF00001B
S21404A030935D0300F370040045330400FF00000042
S21404A040995D03001571040045330400FF00000009
S21404A05015E600003D710400767104000001FF005F
S21404A06041E600009771040045330400FF00000039
S21404A070955D0300C271040045330400FF00000030
S21404A080FDE50000DD71040045330400FF00000018
S21404A090B9E50000F87104002572040000FF000012
S21404A0A0A1E500004072040045330400FF000000F0
S21404A0B0E9CD00006B72040045330400FF00000085
S21404A0C0E9CD00009272040045330400FF0000004E
S21404A0D0D9C20000A372040045330400FF00000048
S21404A0E0A5C20000B8720400DF72040000FF00007E
S21404A0F0A5C20000EF720400DF72040000FF000037
S21404A1003DC200001673040045330400FF0000003F
S21404A1100F5603003173040045330400FF000000AB
S21404A12099BE000054730400BE73040000FF0000D0
S21404A13079BE0000E173040045330400FF0000000C
S21404A14061DA000047750400D4750400010000FFBE
S21404A15045D90000F17504004576040000FF0000B0
S21404A16079D900005A760400AC7604000100FF009A
S21404A170E5D80000C2760400AF7704000107FF00AC
S21404A18013560300BF77040045330400FF000000A5
S21404A19045D20000D0770400E277040000010100F5
S21404A1A00007FF003DD100001D7804002E7804004F
S21404A1B000010100FF00000079D900007D7804004A
S21404A1C08E780400010000FFB5D000007D780400FE
S21404A1D0C078040000FF0000316C0100D178040050
S21404A1E045330400FF000000CDBE00001D790400C6
S21404A1F045330400FF0000000584030045330400D3
S21404A20045330400FF000000557A0100453304007E
S21404A21045330400FF000000197A010045330400AA
S21404A2206279040002FF0000C58101006A79040017
S21404A23045330400FF0000005181010096790400B4
S21404A240B97904000200FF0087840300E279040061
S21404A25045330400FF0000002D810100047A040049
S21404A260227A040002FF000005810100377A040008
S21404A270227A040002FF000001000000E8470020E4
S21404A2800000000000000000FFFF0000735D0300F4
S21404A2900000000003000000FFFF0100E75D03006C
S21404A2A00000000004000000FFFF0100755E0300CC
S21404A2B00000000004000000FFFF0000F95E030039
S21404A2C00000000006000000FFFF00006B5F0300B4
S21404A2D00000000019000000FFFF010001600300F9
S21404A2E07A4B0400206500200000000000000000F7
S21404A2F000000000000000008E7A040064A304003E
S21404A30000000000947A0400D084040000000000DA
S21404A3109B7A0400A0860400000000005F49040045
S21404A3209086040000000000A47A040080860400DE
S21404A33000000000B67A04007086040000000000E6
S21404A340C57A04006086040000000000D67A040083
S21404A350508604000000000000000000000000001A
S21404A3600000000074A30400E87A040045330400E7
S21404A370FE000000037B04008CA304000000000021
S21404A38000000000000000000000000099880300A0
S21404A390087B040045330400FF03010001013F0469
S21404A3A00201003F040202003D040202003D0401D3
S21404A3B0020001020003010002023D040201000241
S21404A3C0020201000202000000202020202020209B
S21404A3D0202028282828282020202020202020204C
S21404A3E0202020202020202020881010101010105C
S21404A3F010101010101010101004040404040404A8
S21404A4000404041010101010101041414141414141
S21404A4100101010101010101010101010101010123
S21404A4200101010110101010101042424242424233
S21404A43002020202020202020202020202020202F3
S21404A440020202021010101020000000000000009B
S21404A45000000000000000000000000000000000F3
S21404A46000000000000000000000000000000000E3
S21404A47000000000000000000000000000000000D3
S21404A48000000000000000000000000000000000C3
S21404A49000000000000000000000000000000000B3
S21404A4A000000000000000000000000000000000A3
S21404A4B00000000000000000000000000000000093
S21404A4C00000000000000000000000000000000083
S21404A4D0A00100002814002000021000844C002074
S21404A4E0C81500200000020800000000FFFFFFFF60
S21404A4F0FFFFFFFFFFFFFFFF00000000000000005B
S21404A5000000000000000000000000000000000042
S21404A510200000009DAD0100100000007DAE01008B
S21404A52000000001000001010001010120C001B883
S21404A5300000000000000000FFFFFFFFFFFFFFFF1A
S21404A540FFFFFFFFFFFFFFFFFFFFFFFFFFFFFFFF12
S21404A550FFFFFFFFFFFFFFFF0001020203030405E6
S21404A56006080C0C0C00010203040707C8C8C8C878
S21404A570C8C8C8C8C8C8C8C803040408080808085F
S21404A58000B801B802B800B06CC1040054C104009D
S21404A5900304040808050000000000000000000092
S21404A5A00000000000000000EA06000048704C0F9F
S21404A5B044700E0E30707E1302989A173870340F5B
S21404A5C034705A0F307048102C7048102870D01110
S21404A5D02470E81120703E0F1C70901218700C1333
S21404A5E014703A0FB110086001D80A7104B87F7865
S21404A5F0020C7E78641000C6881F00A01DB8707810
S21404A60003B018600F3027B30F330111C048069803
S21404A6107C0229B0086001D8087109DD047109BB01
S21404A62011101660A048086004100112FF32215071
S21404A6300860D048086000880698381400C4441F90
S21404A64000A000BA03DF107109DF06720298360311
S21404A6501DB8507800A044132814411581100860D2
S21404A66002D8147110880698201900C014C000B8C7
S21404A6700698861B0091069892020160B83020D88E
S21404A68006711EBC637C784D5412F03240DE0472B0
S21404A690404804DB08720DDD0C72044BEF3014489E
S21404A6A00698F20400C4E0400054441208620132E2
S21404A6B02140087C811140D91C72B1123032CF4A35
S21404A6C0013AB1DA107208D8067104D80871804CC1
S21404A6D0237C5670684C441200C4A41E00A0441484
S21404A6E0413AF3240164415C412A047580B800C4ED
S21404A6F06040005481D8367140D90472237C084BDC
S21404A7000698F20404BA1CB9767900C1204001B850
S21404A71035797F216121007906B906A901D8067129
S21404A72002981002804C307C0298640208D86A7141
S21404A73000C1544000B8141110D95E71584C44122C
S21404A74080BDA26DFF25784C4412FC22513A281491
S21404A750104C00C20CC101B8241228140862281434
S21404A7600862281408622814304C304C00C11C407F
S21404A77000B814111814086100C5284001B854150F
S21404A780FF35047110491814B04C441208620132A3
S21404A790067102980401804C08D80C7107BA24D8B4
S21404A7A0047106BA187004D80C7101BA40D80E7138
S21404A7B002BA0A7005BA20D8047203BA204C4411AF
S21404A7C0C04C1814086118149111383111429111B3
S21404A7D0186110D90472EF3200C1084001B8141190
S21404A7E010311E6111422814A1110861181406982C
S21404A7F06C1B181400C1084001B814111861FF310D
S21404A800181400C1448001B81411181408611814EF
S21404A8103088024806989403009308DB047101F814
S21404A82000A027B00F3000A01088B111186180D99D
S21404A8300A7100C1884000B80811009100A000C445
S21404A840684000B8441000A000C0884000500411BE
S21404A8508261041082601050F07200A054155045B6
S21404A8601271069802050698920407B8707802B822
S21404A87041781EBA5B7A5C7A5D7A00C220C001B861
S21404A880241206982A1900C5481F00A0541551140E
S21404A89000C3FF010000313D09647F3406989C0222
S21404A8A0015851280475015841280E758111086114
S21404A8B002D90472FF0FCC7007B8727800F8EBBDAB
S21404A8C000C0441F00A00411113D10D91271FF33BB
S21404A8D0186300C1781002B8381107B97479581093
S21404A8E000A0069892020D300472044809DC047233
S21404A8F0084800C11CC101B8141100C3D01E00A032
S21404A900911504351A7218131CBB08D804716C7B95
S21404A91004D804716A7B1DBB2F7C5B7B1670044BCA
S21404A92018131CBB08D804716F7B04D804716D7BA4
S21404A930217C0C30026006987E040698C40B00B88E
S21404A940B111186140D906720298580401BC00C2BD
S21404A950084001B800DC0A7124150265604A0A70D2
S21404A9602C4A241508654C4A043508D90471202459
S21404A97000C13C1F00A0141200DC327120D80671FE
S21404A98001B80C70F0DA0C720CDB087102B8069889
S21404A9908604482400C3384101B834138F7B0E71F3
S21404A9A002B9911308DB047203B928707C491411A8
S21404A9B01110FD300DDC1C7200C0A01E00A0041097
S21404A9C080D8107100C0448001B80410E5200475D6
S21404A9D0804900C3884000B8FFB8012011410871BF
S21404A9E0014118130824014200C1284000B814117C
S21404A9F001411C655141911520351E6551411813BE
S21404AA002813481300C3844000B8341003D81671C2
S21404AA10073005DC1071B1108F780A7200C384C445
S21404AA200350217B1DB8507800B800C13C1F00A01D
S21404AA3014121C602150F0300152281100A040244A
S21404AA40076400C0FFFF0100013C17B00220015854
S21404AA504028067518AC01EC00A0208800C020C071
S21404AA6001B8041217B4211304123052F871196491
S21404AA70402400C35C1F00A0341014110698F60D81
S21404AA801961009211592129067600BB11590698BE
S21404AA90D60D8762313B0472215A412A00A000C2B7
S21404AAA0686000B8B8B91F610D49181200A0308854
S21404AAB001B9116100C30000C0FF3110312800BC89
S21404AAC0002D0C75115418AC01EC312DF47019647A
S21404AAD051134155312C009300A000C3C00FFEFF54
S21404AAE050B2313A014250AA00A006983E07FFB081
S21404AAF0867808715CB86B786E7800C2548001B8AA
S21404AB0000C0D81F00A004100812B822217A237AA5
S21404AB1052B8417801B80C6021A809B819604CA84D
S21404AB2000C0FFD1C1FF4FB2013A00C0002E300072
S21404AB3001424FAA24B86E78ACB9FFB004D80471A9
S21404AB404CB923A90698A80500C0139001000698DE
S21404AB502E0500A00698020519B81460FFB28C6290
S21404AB600F32826A214006982E0549BC21B952B894
S21404AB7049B207DE2A7105DE0871627C607C1D0C12
S21404AB806179677864786B786278657863786078DA
S21404AB90617C010C010C6878020C69786C78020CF4
S21404ABA000C22C8001B8277A287A267A6A78050C9F
S21404ABB041790A0CB11040D806710298BA06784A50
S21404ABC02B7A327A584A247A00C400011100404A8B
S21404ABD000C0108400000812508800C584100100CC
S21404ABE0FBAD10BD01BB8A6B21B9FAA9C44A181281
S21404ABF0217A227A00C0341F00A00410FCA88264C4
S21404AC00411030300129F9A9F8ADFBB08260FBA8E9
S21404AC100330A0652110044820EC237A0410037A3C
S21404AC20184A2411DC4A01580029241004753150AE
S21404AC30F8B1115081632A71514031400812FCB1B9
S21404AC408461FCA90F310E7117B0112817B1115980
S21404AC501028FA76C44AF9B11812217A227AA0701A
S21404AC6000950812F8A800C20C8001B8207A844A1D
S21404AC7000B80812020CA44A087A020C21B84178DB
S21404AC80784A0B7A127A00C2C81F00A0FFB008D810
S21404AC900472184A241000DC0A7140A80422241006
S21404ACA041A806989C0200C2481F00A02410015127
S21404ACB000C4FF01000041391150081200A0069894
S21404ACC03E0700BC00C20C8001B8217A52B849780D
S21404ACD0020C4878020C49B8417852AC21AC204AA0
S21404ACE0087A067A077A49AC00A059B840785AB16F
S21404ACF001D9FC72427857B8407858B101D9FC7231
S21404AD00427800A000C20C8001B8217A227A21B8C9
S21404AD10547852B8BC4A24119979127107B915614E
S21404AD204CA9617800BB03BC0C64147009B91961A2
S21404AD304CA9417801BB126300C4002E300000C049
S21404AD40FFD1C1FF4FB1013941414FA9E44AC8B808
S21404AD50081224AB4CB823A80698A80500C0049093
S21404AD600100FFB186790471084806982E0500C0D4
S21404AD708009004040A809B8FFB108D9047103B897
S21404AD8053A8B11004D80C7156BB607B57BA627ACC
S21404AD90607A02D80C7156BB607B59BA627A607AC4
S21404ADA004B86E783DB8607800C05638000000C11C
S21404ADB0B08001B814119979087200C0D604000056
S21404ADC000C124C000B814119F79047208484CA826
S21404ADD02EB8FFB108D906714AA804704BA80FB85C
S21404ADE034A800C00C5E000046B2014246AA00C168
S21404ADF02C4001B8141108610631087100B9069890
S21404AE00501106983E14B11101D90E710698921B82
S21404AE1002D906720698A00C06983814511406989F
S21404AE20920406982A110698641700A006984E17EE
S21404AE3001D80A711CB85B7807B8757800B84CA8B6
S21404AE404AA84BA800C0F321FFFF46B1013946A922
S21404AE5004B86F7800A0FABC1964415C512C00C099
S21404AE60581F00A00410012C067506989204069834
S21404AE70780FB110186005D8327140BA06980E14CF
S21404AE8004B86578911004D816711CB86E7800C0A2
S21404AE90684000B821780698781101400A721DB8F7
S21404AEA0427806984A1402985E0B1DB8717804B866
S21404AEB06C7841B8427863784478FFB104D9067256
S21404AEC00298CA0900C004900100FFB18679047193
S21404AED0084806982E0500C32C1F00A000C274C0A4
S21404AEE000B82414481300BC48121C4B1C4A2414F3
S21404AEF0481300BC4812084B584A2414481301BC93
S21404AF0048124ABA447A427A4BBA447A427AFFB032
S21404AF1086780472617A4CBA647A657A3DBA607A45
S21404AF204DB942B83FBB5B7966796179020C6479A6
S21404AF30050C63796079050C627965795A7900C2E3
S21404AF40340102B8241305B819603140081242B817
S21404AF506A78020C4A78020C40BCFFB208DA067122
S21404AF604ABA06704BBA627A657A677A667A6A79FA
S21404AF70667B0298A40A00C32C1F00A000C274C0FB
S21404AF8000B8241448131C4B1C4A241448133FBC12
S21404AF9048121C4A00BC4812084B444A241448135E
S21404AFA001BC48124ABA647A627A4BBA647A627A04
S21404AFB0FFB3867B0472617A4CBA647A657A3DBACA
S21404AFC0607A01D94E71647800C1708001B800C0FF
S21404AFD08000080008110698860B42B861784DB9BF
S21404AFE07F797E796A7868786278020C7B790F0CB0
S21404AFF07A79140C7479417860787579050CFFB207
S21404B00008DA06714AB804704BB8657801BC166451
S21404B010407002D93C710698860B42B84DB96878E0
S21404B020407841787F797E797B790F0C7A79140C95
S21404B030FFB208DA087171794ABA067070794BBAA9
S21404B0407279657A6A78020C4A78050C01BC166433
S21404B050020C417940790C0C00C04C0102B848102F
S21404B0600698F20400C4784000B8007C00C0A01E15
S21404B07000A0041180D93271911104D92C727F205A
S21404B08021200411FD310DDD207200C0448001B87A
S21404B0900411E521147600C0244001B804118A790D
S21404B0A00871207C104C207C2AB86278511400C0A9
S21404B0B0581F00A00410012C17B00111876801580E
S21404B0C041280E7605218769415C412D112D0670B5
S21404B0D00698920442B84DBB7C7B6478020C29B86F
S21404B0E068785114404406750698920442B8447829
S21404B0F02AB84278FFB101D90C7100C1548001B856
S21404B100CBB80811911004D8147100C0A01E00A07A
S21404B110041080D8067107B8537800F807B800C141
S21404B120CC1E00A000C220C001B8241228117778D3
S21404B13000F8B1109478387106989C02E4B9115955
S21404B1401128067600B80C70A0B9115901290475A7
S21404B150A0B8826000C3C01F00A03413012B3410B3
S21404B16000C3FFFF00FF42B13139114042A800A0DE
S21404B1701DB09178FA7142B86478020C00BA29AA14
S21404B18000C4548001B842B84DB900C3C04001B8E9
S21404B1903413977B047240EC020C44785C7953AA0F
S21404B1A00A0C281442B84DB9FFB301DB2671244CAF
S21404B1B000C3FF0FFF01381454794078417855795D
S21404B1C0020C5B795A79140C5F795E794A78427876
S21404B1D0347002DB1471527951795079020C5B7920
S21404B1E05A795F795E791E7004DB1A7100C4FF0712
S21404B1F0000000C3342102B848133FBB467B020C50
S21404B2005B795A793DBB407B4CBB447B457B00C392
S21404B210301F00A03414403C207100C068C000B841
S21404B220481028131C4B1C48341448102813144B7D
S21404B23044483414481028134AAA4BAA04B86D7814
S21404B2401DB851785CB84B784E7800A000C074C026
S21404B25000B80411108800B9181068480411108842
S21404B26001B90B6118102C4804111088008800C11D
S21404B270231C000018104AB864784BB86478260C6F
S21404B28028B000C1FFFF0FF0113871B90B611140EF
S21404B29028A828B97379747900C21010303045AAEA
S21404B2A054790E0C00C0E84001B8041100C23030D6
S21404B2B0101045AA0E0C0410008810880698620D1B
S21404B2C00091009020888F618F600698620D009030
S21404B2D0886A21400112906A035800C13F3F00006B
S21404B2E01138FFBC022441281138014245AA28B966
S21404B2F053794AB844784BB84478009000911810B3
S21404B30000912C48181000916848181000A0916805
S21404B310436091694361115B012B11284160312818
S21404B320315B00BA302806763128204A416330283B
S21404B33006763128104A4163302806763128084AB2
S21404B3404163302806763128044A4163302806765D
S21404B3503128024A416330280476014A00A0115974
S21404B36010D906710860086008D90471086004D909
S21404B3700471046002D90471026001D90471016089
S21404B38000A000BA01D806710148112A1F610160A5
S21404B39001D8F6720138F67200A000C220C001B8C7
S21404B3A0241211592129127300210E7100C238C0CB
S21404B3B001B824120121212900A002B020D814715A
S21404B3C000C0B01E00A0041002B945790698761392
S21404B3D0EA7003B09F78087200B806A800F80698CA
S21404B3E03E0700C5641F00A05088044D1CBC00C066
S21404B3F0B41E00A0811101D91E71407C0095011570
S21404B4000C4D5088044DFFBB1863315B041106983D
S21404B410EE0D3129F8750698681A54150698921B8D
S21404B42001D908720698580706700698F4071CBBDC
S21404B430547B06984E1701D8067202981A0FFFB965
S21404B44001211038F67281129B7AF07100C2448092
S21404B45001B8241400C0C01E00A00410011300206C
S21404B460041040500C7200B90698280F18B90A70D8
S21404B47018B90698280F00B900B806981E0F704A27
S21404B48008B806981E0F00C2284000B814B80698DC
S21404B4901E0F00C2EC4001B80CB806981E0F2022FE
S21404B4A010B806981E0F1088308806985807009320
S21404B4B000910698280F00C0C41E00A00412FFB90D
S21404B4C0012121411810009500F831281128041094
S21404B4D0081200A004B831281128F8B1181000A0EA
S21404B4E0069880080E700698C40B0698800806987E
S21404B4F07212069812079112211900C02C4001B846
S21404B5000A78097800F810B901BA0698041406985F
S21404B5102A110698641700C5641F00A081109D7840
S21404B520FC7200F8911203321CB900C3A01E00A0DE
S21404B530341300C4B04000541DB84278707903DE5A
S21404B540067144783A707179A11020D80671029871
S21404B550541080DB1C7102D8187205B80814A110A8
S21404B56010300248081400B8081491100860081433
S21404B5701DB86278A11000DC0676517900BA0698E8
S21404B5804E1701D82272911120311D61911004D8F2
S21404B5900E7200C1501F00A0141101D90A71208830
S21404B5A006985011009200C1204000B801DB1871C3
S21404B5B0084C03DE0471904C441400C3FF1F0000C3
S21404B5C0413BFF233811944900C3384101B8341372
S21404B5D0086380DB0C7103BA186206983C10087086
S21404B5E0186206983C100C49087909791410214011
S21404B5F0081100A000BD0698760210B903DC047199
S21404B60000B901BA0698041402D9067100404E72B5
S21404B61003B118610F3106987811FFD8287281108B
S21404B62008D8187106DD0A710698760203DC0C72D7
S21404B6300698BC1106984A140C7006DD107106981C
S21404B640C211487020B804A806DD10720698800857
S21404B6500698120701F840B804A800F800C0A01E17
S21404B66000A00413086301DB227191100111186114
S21404B67011381DB910D8087144790298541002DBA9
S21404B680FA72A11328DBF47203BD06981E110698FD
S21404B69080081DBA7F7A0698F20400C5681F00A0C9
S21404B6A00698760200BA03DC1672044DA11002D87E
S21404B6B004711C4D00C10CC101B80698AE045415A3
S21404B6C0212D06983E050298AA08911001550335C7
S21404B6D05150011900A000C14C1F00A0141001D83D
S21404B6E0427101480860FE200E75811020D808714A
S21404B6F000C1501F00A0141101D9287100C02C40AD
S21404B70001B80412215108610F3118611152281032
S21404B71000C0084001B80411911221512031115281
S21404B720211900A0811380DB067201B800A000C3B3
S21404B73014C001B8341006302E726C4B34121C4BF5
S21404B7403410186002302072811080D8DE713410F4
S21404B750014A08620460803021508C480A717F23B5
S21404B7604D233410013000A000BD06981E111CB8ED
S21404B77047784578437802B8447800A0069880084D
S21404B7800698BC1100C5741F00A0541506983E0503
S21404B7900298AA08B1138F7B0A7200C384C40350AC
S21404B7A0017B06983E1400C1384101B814118F7904
S21404B7B00E7100C1B84000B800BA06983C1050BAE2
S21404B7C006980E1406987811FFD84A71911004D87A
S21404B7D04872811008601CD8407220D93872111241
S21404B7E0FF322151347180218021111400C0D81EEB
S21404B7F000A00413FFBA3151113A215111531DB957
S21404B80038107B7940440E7200B900C2AC1E00A00A
S21404B8101812067004B860780698381400F800B950
S21404B82000C2A44000541812644A0AB918121CBA7A
S21404B830507A517A1DB942795F7900A0069876024B
S21404B84007DC1072911000200A750698721202988E
S21404B850660F0698120701B9911004D8047100B94E
S21404B86010BA0698041400BA0040347100C0A01E32
S21404B87000A00411086101D9127104D9E272811082
S21404B880086001D8DA711DB8647800C11CC101B81B
S21404B8900698AE0401B81160002A047600BA00C502
S21404B8A0781F00A05415212D069872120698580782
S21404B8B000C57C1F00A000F800BC811108D91672D0
S21404B8C080D9207201B910BA0698041400400E718B
S21404B8D001BC10700698BC1106984A1420B804A837
S21404B8E000F80698721281110231127100B900C272
S21404B8F0144000541812244A02B918120698BC11AF
S21404B90000C5801F00A054150698F01A0298AA08CD
S21404B9100411012114711CBA737A0420041228112C
S21404B920042004110121F47200A00698F20401F820
S21404B93006984E1701D81671FFB9012110380E72F9
S21404B94081109B78087104B9677900F8911010D8B3
S21404B950287100C51CC101B854110698EE0D00C527
S21404B960C81E00A054155129EA7507B876781DB884
S21404B970447801B804A800F8B110186010D82E71E5
S21404B98000C05040005400C3084000B83114984C1E
S21404B99044113411086101D9FA714412281008625E
S21404B9A028100862281008622810E8700298B0026E
S21404B9B006989202113804721E6202BB00C1D81E99
S21404B9C000A0141120390C72911210DA0672417B11
S21404B9D000A006983E1400C2A01E00A0241220DA7E
S21404B9E00472617B1CBA527A00A01CBA727A811265
S21404B9F004DAFC7200A01CB86B7800C0684000B87B
S21404BA002F7800A006984E1701D83A7100C22C4031
S21404BA1001B82410036091112031015138311150BE
S21404BA201D6008121DB9457900C2448001B824126D
S21404BA3000C0C01E00A004101820002004102050CF
S21404BA400471657910631EB9637900B902EC00CD00
S21404BA50114502EC00CC01DB087100BB0298D61835
S21404BA6003B841110731FA211C760621911210DA27
S21404BA70087102DD10721E7020B80698B20D3038B8
S21404BA80147208B806987E0400C02C4000B82978C2
S21404BA90207800F8056020D8067102980C1602EC8F
S21404BAA000CA05B823DA187104DBDA7120DAD67115
S21404BAB010DAD2721EB8617800B801DA067202ECA7
S21404BAC000C8911110D9267100C1B81E00A0141127
S21404BAD01150FF300C720761A110115002300A7128
S21404BAE080DB0A720AB89E701DB97C7918609111C1
S21404BAF011402111C031114001191EB8411108D955
S21404BB000471667820D904726578A11002D806728A
S21404BB10C0DA1E711EB8273123DD087210DB1072DE
S21404BB20607825DD0A7121DD087208DB047162780D
S21404BB3003B8411107310872A1152035AA7102DD38
S21404BB402072A11120D9A07102D91672CCDA98728B
S21404BB50411140D9927206B8054D5A720298AE1435
S21404BB6021114049C0D94C71A031411540350265B8
S21404BB7051410461086308DA1E7204DA3672104909
S21404BB80A1150235067110DB0E7201340A7108DB4A
S21404BB9022711EB86778CC3211101A300ADC08728B
S21404BBA0CCDE0471FD3100C00D0F0C0D216001D8F0
S21404BBB05C7207B80298D81400BA411108D90C71FF
S21404BBC002EC00CA05B830DAEC720734F0310361CF
S21404BBD001DA0471014900C0F300A3E3216001D82F
S21404BBE0D27100C09814406821604030014440DAA5
S21404BBF00471204C04320262204A111006301F6081
S21404BC00014218311D6111420298F614204A00C000
S21404BC10051708502160113001422088FFBB0DDA59
S21404BC20507100C1DE1B250180BC04DA107208DAEC
S21404BC300A7200C120841000E024A0240863414353
S21404BC40026401DA06711E49024B00C0201F00A0E0
S21404BC5008633810BC2002DA127101B91159A11315
S21404BC6080DB087100C100FCFF01181002986218FE
S21404BC7000C4A01E00A0441080D87C710092D0DAC4
S21404BC8006710DDA0C711EBD437DEFBD06981403D4
S21404BC9004620DDA8672A11105D95C7100C24040B7
S21404BCA0005424121424281401D9067202D93271BD
S21404BCB040D91E7102EC00CA211018320471FA220F
S21404BCC020D804720822FE22087502EC00C8F87018
S21404BCD001D90E7102EC00C802D9067204DC18728F
S21404BCE000C0A01E00A004101D6001D806711EB876
S21404BCF0647807B873780298D61800C0A01E00A00F
S21404BD00041080300A7100C0C41E00A0041000A0F5
S21404BD1006984E1701D82E71911010D828728110EB
S21404BD20A0D8227203B084781C7200C12C4001B8DB
S21404BD3014100DBA487A697A6B7A08111CB87B78A5
S21404BD4007B8757800A0641000C6881F00A0C3B8A2
S21404BD5006987C0200C4441F00A014BA281400B835
S21404BD60011AB1108F780A7200C084C40350017897
S21404BD7091101030011905BA06980E1402D90671EE
S21404BD8001B804A800C0A01E00A0041306986411FD
S21404BD9080DB0671029858141DBA7C7A01DB6A713E
S21404BDA000C2241F00A024111114FF3402EC00C8A2
S21404BDB0FF24FA7608610698C20D046111380F3024
S21404BDC004611114011141100698C20D01D80872BD
S21404BDD003B80298D8140C4A01DB227124101128E7
S21404BDE01128041202300471106200C0FFFF000024
S21404BDF0213800C2204000B8FF2008124110086015
S21404BE000698C20D01D87C7120BC1033767100BB35
S21404BE1000C1201F00A01415C021112C5112186255
S21404BE200F320E71408851140698FA184143009454
S21404BE30511208651C620F320E7141115114069896
S21404BE40FA181C6441430865513B00C1DC1E00A07F
S21404BE501411111231100F30127100BA056101D895
S21404BE600471114201600FD8F472311003601E3061
S21404BE70047201B8003A087204B80298D8140298FA
S21404BE80C41600C0384101B804118F7914717F209C
S21404BE90692004110861303110DD06711DBA637A19
S21404BEA00698120300F830885088FF34087102ECB4
S21404BEB0FF24F87002EC00CD1410595001440421FC
S21404BEC0FF22F2720F4C0095009300A000C1A81E3A
S21404BED000A0141100A030880698421B8111086146
S21404BEE002D906720298061A1CBB557B086120D933
S21404BEF006710298F6190088A11018600698201991
S21404BF0008211415FC251EBB5C7B5D7B00C1084024
S21404BF1001B814110731FE21307608D82A7251135D
S21404BF20FC23341304DB20711863FF33315B00C138
S21404BF3010C000B81411086180490C71FF31302913
S21404BF4054751EBB7B7B10707B7B7C7B00DD047191
S21404BF507D7B01BB3815EC25541300DF5471042592
S21404BF6005DF54715415211120880698EE0D0092B1
S21404BF7051293E7500C1084001B8141102DB0C714A
S21404BF800731315B31292A760C7004DF08720161AF
S21404BF9080D91E720698201900C010C000B80698F2
S21404BFA0861B069820191411FFD9607202984C1A41
S21404BFB00090009300A05415A111186110D9A67220
S21404BFC0082508D8A071082510D89A712088211150
S21404BFD00698EE0DFC255412112AF82554110C254A
S21404BFE020D80871F02554111025202904762159EB
S21404BFF0181500920298B81907B97179811010D8EB
S21404C0000A711CB8447802B841781CB9747904B92A
S21404C010677900F88110A0D808711CB9497900A086
S21404C020086002D8FA7106982019108806983E14FB
S21404C030106210DA087108211415F025541100C294
S21404C0400020FEFF202912750698921B01D90A7259
S21404C050069880080698120700941CBB41100C2012
S21404C06006986413411108211410069864133128A5
S21404C070441111120861FF31FF320122105210726E
S21404C0801861181404244413042438140C7018611A
S21404C09021411814082408140298381440441471D2
S21404C0A000C1AC1E00A0141551131C630FDB0C72E8
S21404C0B0196506980205411500A000C3784000B82B
S21404C0C03413807B06720698120706983E1408BB43
S21404C0D051140698B01A4415FC25541500C378402C
S21404C0E000B83413807B047100A002983E051CB986
S21404C0F000C3A01E00A03413086308DB1A71811362
S21404C100A0DB0671497910706979086302DB08724E
S21404C11004B9677900F800A08111086102D910718A
S21404C1201CB97579069820191411FF3100A0FFB9BF
S21404C13000A0041008211411F421081100A0811194
S21404C140106110310E710698201908211411F82177
S21404C150141100A0ACC304000000000084C1040055
S21404C160010000000000000000F04902ACC3040017
S21404C17000000000A8C10400010000000000000048
S21404C18000F04902CCC104004063598F404B4C0078
S21404C1900B000B001A00FF7FB465002000000000AF
S21404C1A04EC6040000000000BCC204004063598F61
S21404C1B0404B4C000B000B001A00FF7FB4650020B8
S21404C1C0000000004CC6040000000000FC1F010331
S21404C1D0ACC504001CC0011000F807001CC00130E8
S21404C1E01402080050C001008741300424400601B0
S21404C1F00700620038700000000000000000000322
S21404C2000068010F40B8244058400101FC00690052
S21404C210804005012363E0119BC34A74F0030000C9
S21404C22003800000BE0A0000E04001013300000065
S21404C230F0400401590B0000640483078813C83ACD
S21404C24090200A0028410101001E00003C410B0119
S21404C25000148C00141A21282E343B4249504355AE
S21404C2607698BA0C286900000100000007212864AB
S21404C27014171A002004C869A1203A093C42010197
S21404C28029000000A080020170780300D5C00000D9
S21404C290A8800111F0010000A88001310542CB01FD
S21404C2A0AC800111F0010000AC80013105228D0044
S21404C2B0B080010100030002FFFFFFFFFC1F010323
S21404C2C0FCC504001CC0011000F807001CC00130A7
S21404C2D0F502080050C001008741300C24400601D6
S21404C2E007C0520000000000000000000000000329
S21404C2F00000000000000000584001016402FF0036
S21404C300804005014B01A0089BC34A74F00300005B
S21404C3100000000000000000E040010133000000BF
S21404C320F040040100000000640483078813C83A40
S21404C3309C200A0028410101031000003C410B0127
S21404C34000000000000000000000000000000000E4
S21404C35000000000000000000100000000000000D3
S21404C3600000000000000000000000003C42010144
S21404C37000000000A080020170780300D5C0000011
S21404C380A8800111F0010000A88001310542CB010C
S21404C390AC800111F0010000AC80013105228D0053
S21404C3A0B080010100030002FFFFFFFF0C40020003
S21404C3B0018014007F4000002040020000000000BE
S21404C3C000000000304007000000000000000000ED
S21404C3D00000000000000000000000000000000054
S21404C3E0A007000050400100000000005C4002006E
S21404C3F00000000000000000A84001000700000044
S21404C400B440040000400000FF4C0000004100005F
S21404C410FF4D000008C001000000000020C001100D
S21404C420FF00000020C001300043000024C00400C8
S21404C430EC80B3034375A802000000002E0200003F
S21404C44054C003000E2D09E654060708D1B60200B0
S21404C45064C008000430000040201006C8F24818E3
S21404C4601FE8F600BD4B721511A31805103254765A
S21404C470980A000088C001000000000008000101BE
S21404C480040700001800010100000000200001015C
S21404C490088400001C4002011000000020F9130468
S21404C4A05C4005014108000001000000B0070800D8
S21404C4B0A7000000000000009440070101011030AE
S21404C4C050707F7F000000000000000000000000A5
S21404C4D00000000000000000E4400101000000002D
S21404C4E0EC4001017DA8D98B0041020100612000C7
S21404C4F0B75635120C410301F954120020300429B2
S21404C50088BB4000244101010000000030410301C3
S21404C5106406660C0C010000E853FA006841030147
S21404C520640483078813820000000000304203017D
S21404C530000000000000000E00000000444201015C
S21404C5400000000010800101030000003880020192
S21404C550114910000100000088800101000000005D
S21404C5609C800101EB400200B48001013700000109
S21404C57088000202000C00044C0000009400010233
S21404C58000040000D00002020E000000900296088C
S21404C590E40001023D094204F40001020000000028
S21404C5A01801010260005102FFFFFFFF12000000A5
S21404C5B0666666000000000060C6040050C60400FC
S21404C5C000000000001A9A00005A620280841E00CE
S21404C5D00420FE0011495002000000000000000084
S21404C5E0000000000000000000000000B1841E00EF
S21404C5F00000000000000000000000001200000020
S21404C600666666000000000060C6040050C60400AB
S21404C610000C0000001A9A00005A620280841E0071
S21404C6200420000011495002000000000000000031
S21404C630000000000000000000000000B1841E009E
S21404C64000000000000000000000000005040000D8
S21404C650E1190000E11900000000000000000000DD
S21404C660193F01060410010000010106001027000E
S21404C670000900000000000000000000E1B6010010
S21404C68091B601009DB601008DB701003F8E0300F0
S21404C690D9930300DD930300E1930300E5930300BD
S21404C6A0E99303000001030464EE01001000000097
S21404C6B024E101001A00000079EB010011000000DB
S21404C6C075E401001100000063E511000400000099
S21404C6D023E111000400000025E101000800000029
S21404C6E026E101000A00000027E101000200000024
S21404C6F0000000000000000068C8040057C80400DA
S21404C7000000000069C804008F8B040000000000CD
S21404C710898B04008B8B0400000000008D8B0400C2
S21404C72035C804007EC80400908B04008A8B04007D
S21404C730000000008E8B04004CC70400878B0400A6
S21404C740888B04008C8B0400868B04000002030490
S21404C7500508090A0B0001020304051D2000B401A4
S21404C76008020200AA00FFFFFFFFFFFFFFFFFFFF14
S21404C770DDF40200151402008143020001280300C0
S21404C780914602000B9B03000D9B03000F9B0300C6
S21404C790119B0300C9BE020039940200E1DB0200CB
S21404C7A09D210300A1330200079B0300C5980200E5
S21404C7B051120300B5240200099B0300BB83030047
S21404C7C0AD2B02008B58030000000000001300008D
S21404C7D0000000000000000000000000010000004F
S21404C7E0AD9C02000200000081AC030003000000C0
S21404C7F0059C020004000000FBAB030005000000DB
S21404C800A59B020000000000000000000023001B9F
S21404C8102200FF00000000000C09020200000000D5
S21404C8201C1A0B0303FF06080402020204020A0B86
S21404C830030302030480FF0204FF01010101080050
S21404C840000000000000005A6967426565416C6C90
S21404C85069616E6365303980000018381030000056
S21404C860000000008F8E8C8081815A69674265655E
S21404C870416C6C69616E6365303906080C10800083
S20C04C8805C84FB7F010000004C
S21004C88894C80400B8610020D50100002C
S21404C8940000000000000000FFFF0000010000008C
S21404C8A4000000000000000000000000000000007B
S21404C8B4000000000000000000000000000000006B
S21404C8C4000000000000000000000000000000005B
S21404C8D4000000000000000000000000000000004B
S21404C8E4000000000000000000000000000000003B
S21404C8F4000000000000000000000000000000002B
S21404C904000000000000000000000000000000001A
S21404C914000000000000000000000000000000000A
S21404C92400000000000000000000000000000000FA
S21404C93400000000000000000000000000000000EA
S21404C94400000000000000000000000000000000DA
S21404C95400000000000000000000000000000000CA
S21404C96400000000000000000000000000000000BA
S21404C97400000000000000000000000000000000AA
S21404C9840000000000000000000000000001000099
S21404C9940000F00108000000081000200100230134
S21404C9A404000000101000200600300101000000FE
S21404C9B414100020FFFFFFFFC0EA2101C0EA210192
S21404C9C40080000000F04902F462002000600B00BE
S21404C9D400800000A8300020C8000000FE0000000C
S21404C9E400000000C47C040018100020FFFFFFFFB2
S21404C9F47480040033000000E1E10000330000000A
S21404CA045D5D030034FC030038FC030045FC0300AE
S21404CA1452FC03005FFC03006CFC03007FFC030071
S21404CA2491FC03009EFC0300ABFC0300B8FC03006B
S21404CA34CDFC0300E0FC0300F2FC030007FD030046
S21404CA4416FD030027FD030036FD030046FD030020
S21404CA5452FD03005FFD03006FFD030081FD030028
S21404CA6490FD03009FFD0300A8FD0300BDFD030025
S21404CA74D2FD0300E7FD030007FE030015FE0300D2
S21404CA8434FE03004FFE030062FE03006FFE030041
S21404CA9484FE030093FE0300A2FE0300B4FE030018
S21404CAA4C6FE0300D9FE0300ECFE030002FF0300E7
S21404CAB4000000000F000000FF000000000000005B
S21404CAC40000000000000000000000000000000059
S21404CAD400000000000000000030E70400C818034B
S21404CAE47307040078070400A5070400D0070400AD
S21404CAF4FE0704002C0804005B08040088080400ED
S21404CB04B8080400E808040038090400FFFFFFFF1F
S21404CB1400F80300FFFFFFFF000004000000040009
S21404CB24005C2605506400200600000080A2040071
S21404CB34000000000100190001000000303C002041
S21404CB440100190001000000303C00200100190017
S21404CB5401000000303C0020010019000100000020
S21404CB64303C00200100190001000000303C002085
S21404CB740100190001000000303C002001001900E7
S21404CB8401000000303C00200100190001000000F0
S21404CB94303C00200100190001000000303C002055
S21404CBA40100190001000000303C002001001900B7
S21404CBB401000000303C00200100190001000000C0
S21404CBC4303C0020AC4000200000000000000000C0
S21404CBD4F88B0400E847002004650020A84A0020D7
S21404CBE4767A04000600000000000000000000003E
S21404CBF400000000E0A20400F8A20400817A040005
S21404CC0445330400FE0000003465002000000000E4
S21404CC14B84A0020204B0020884B00200000000067
S21404CC2400000000000000000000000000000000F7
S21404CC3400000000000000000000000000000000E7
S21404CC4400000000000000000000000000000000D7
S21404CC540000000000000000D1890300CCA40400F6
S21404CC64FFFFFFFF158D0300118D0300FFFFFFFF79
S21404CC74198D0300FFFFFFFF0DE20100FFFFFFFF16
S21404CC84FFFFFFFFFFFFFFFFFFFFFFFFFFFFFFFFA7
S21404CC94FFFFFFFF0000000020A1070000000000C3
S21404CCA45DCF030000000000000000000000000048
S21404CCB40000000000000000000000000000000067
S21404CCC400000000C8500020090A0200992302004C
S21404CCD445330400000000000000000000000000CB
S21404CCE400000000C8500020A1100200000000004C
S21404CCF445330400000000000000000000000000AB
S21404CD0400000000C8500020E51A0200992302001F
S21404CD14453304000000000000000000000000008A
S21404CD24000000006E7B0400C85000203D2802006A
S21404CD34000000004533040000000000000000006A
S21404CD440000000000000000C8500020C13C02009F
S21404CD54000000004533040000000000000000004A
S21404CD640000000000000000C85000203142020009
S21404CD74000000004533040000000000000000002A
S21404CD840000000000000000C85000202D570200D8
S21404CD94000000004533040000000000000000000A
S21404CDA40000000000000000B80B0000C85000207B
S21404CDB49D5C0200000000004533040000000000EF
S21404CDC4000000000000000000000000C85000201E
S21404CDD4FD67020000000000453304000000000064
S21404CDE4000000000000000000000000C8500020FE
S21404CDF4C16902000000000045330400000000007E
S21404CE04000000000000000000000000C8500020DD
S21404CE1403A20300000000004533040000000000E1
S21404CE24000000000000000000000000C8500020BD
S21404CE34E96F02000000000045330400000000000F
S21404CE44000000000000000000000000C85000209D
S21404CE545976020000000000453304000000000078
S21404CE64000000000000000000000000C85000207D
S21404CE7485AE0300000000004533040000000000F3
S21404CE84000000000000000000000000C85000205D
S21404CE9491DB02000000000045330400000000009B
S21404CEA4000000000000000000000000C85000203D
S21404CEB401F40200000000004533040000000000F2
S21404CEC40000000000000000000000008DB703000E
S21404CED4C85000200D2203009923020045330400A1
S21404CEE40000000000000000000000000000000035
S21404CEF4C8500020D1280300000000004533040075
S21404CF040000000000000000000000000000000014
S21404CF14FFFFCEFAEFBEFFFFFDFFFDFF0C002C0162
S21404CF24001E2C01400680001027FFFF04F8FFFFB4
S21404CF340C000000000000004000FDFF2C019C00D3
S21404CF440000FFFFFDFFFFFFFFFF60EA8000800094
S21404CF5410C1CDAB3201FFFFFFFFFFFFFFFFFFFF52
S21404CF64FFFFFFFFFFFFFFFFFFFFFFFFFFFFFFFFC4
S21404CF74FFFFFFFFFFFF01FF05FFFFFF0101FFFFA8
S21404CF840201FFFF640250FF0F010208031E060598
S21404CF94021601010A0C052007051010010F0804E7
S21404CFA410010601010104FF030101FF0C01FF4007
S21404CFB45AB47F0150403000FFFFFF0B03FF050BFC
S21404CFC40101FF03010305020201FFFFFFFFFFFF48
S21404CFD4FFFF010102FFFFFF40FF0101BD4C0000FB
S20804CFE4954C00005F
S80400700D7E
