S01B00006275696C642F72656C656173652F7A69676265652E73333714
S214004000081000200570000091B20000F738030089
S214004010F738030099B20000A1B20000F738030099
S214004020F7380300F7380300F7380300F7380300C3
S214004030A5B20000807C0400F7380300F7380300C0
S214004040F7380300F7380300F73803001D6B00004D
S214004050F7380300F7380300F7380300F738030093
S214004060F7380300F7380300A5B70000F738030059
S214004070F7380300F7380300F7380300F738030073
S214004080F7380300F7380300F7380300F738030063
S214004090F7380300F7380300F7380300F738030053
S2140040A0F7380300CD730000B1730000F738030043
S2140040B0F7380300F7380300F7380300F506020068
S2140040C0B7930300B393030059FE0100CD9303009A
S2140040D0BB930300B5060200BF930300E9EA0100A4
S2140040E035070200F7380300F7380300F7380300F7
S2140040F0F7380300F7380300F7380300F7380300F3
S214004100F7380300F7380300F7380300F7380300E2
S214004110F7380300F7380300F7380300F7380300D2
S214004120F7380300F7380300F7380300F7380300C2
S208004130F738030054
S214004134F0B5114A114C124E00F00105E3695F0711
S21400414413D40DB9334213D103EA00078F4207D1C3
S2140041540B4A1A40002A14BF6FF001000020F0BD7D
S214004164013AEBD16FF00200F9E74FF0FF30F6E7C3
S2140041746FF00100F3E700BF80969800000003503C
S214004184020001000B4B70B5D96911F480310DD1D2
S21400419401244FF48072084E084DF46020462C64C7
S2140041A41A61FFF7C5FF3464EC6070BD6FF0010060
S2140041B4FBE700BF0000035000100350002003502C
S2140041C438B541F6713301220C4C0021E569E363EE
S2140041D40B4B05F48035DA600223606121202361ED
S2140041E4FFF7A6FF10B92120FFF7A2FF0122054B17
S2140041F4DA600DB10023E36338BD00BF000003504E
S214004204001003500020035070B5134C6061E3693E
S2140042145B071ED40E4656F8043B8D18A361AE42C7
S2140042240BD10423002121202361FFF781FF58B915
S214004234BDE870402120FFF77BBF08210846FFF742
S21400424477FF10B10423236170BD56F8043BA361C5
S214004254E5E74FF0FF30F7E7000003502DE9F84399
S214004264154641F67132164B8946DF69DA63012238
S214004274064603F58053DFF8508007F48037DA608B
S21400428455B9284601220F4BDA601FB10022A3F568
S2140042940053DA63BDE8F88306F5005404EA08041C
S2140042A4A41BAC4228BF2C46494622463046FFF79C
S2140042B4ABFF0028E6D12644A1442D1BE0E700BF4F
S2100042C4000003500020035000E0FFFF45
S2140042D02DE9F04F4FF0FD0BC9B09A460DF11B09C2
S2140042E09DF8503108AFCDF80C90CDF808B0019786
S2140042F0059303890446009383790E4690464188C9
S2140043008288407810F014FF054650B10090A388CC
S214004310002062883A4911F04FFA284649B0BDE8B5
S214004320F08F99F8000032F062FB38B12846A38877
S2140043306288344911F040FA8D25EEE75A46394630
S21400434099F8000032F0FBFA8346002851D0529BC1
S2140043501BB1BDF84C3198424BD8002399F8009019
S2140043600793A9F14102012A5FFA8BF123D8384658
S2140043700139254ADFF898C05FFA81FE734513DBE2
S214004380059B04210792C3B907AF18221F489FED6B
S2140043901A7B02FB060420460A460830394684ED9E
S2140043A0027B15F05FFF11E010F8011F013351404A
S2140043B00CFB01F2E2E7059B33B123464A4638463A
S2140043C000960EF0DDFDA8E70829DED9B8F1000F4B
S2140043D001D088F80090BAF1000F01D0AAF800B01A
S2140043E0529B002B99D05A46184608A915F03AFF5A
S2140043F093E7012591E700BF0000000000000000E1
S2140044003C26040071260400C59D1C8180100020F7
S21400441093010001000000002DE9F04F93B0CDE9B4
S2140044200A32DDE91C530E9353EC102BCDE908013C
S214004430104619468DED060B1E9E15F09DF980B1AF
S214004440DDE906014FF0FF32C54B15F0BDF940B966
S214004450DDE906014FF0FF326FF4801315F096F990
S21400446070B1DDE908019DED060B0E9B1E96CDE9A9
S2140044701C53DDE90A3213B0BDE8F04F00F088B9EE
S2140044800022DDE90601002315F080F9002800F07F
S2140044903381DDE906A303F1004BCBF30A5016F493
S2140044A08063A0F2FF3008BF06250F9314F092FE3B
S2140044B09BA3D3E9002314F0F7FE9BA3D3E90023C4
S2140044C014F03CFDCBF31304894644F07F5180463C
S2140044D00022A44B504641F4401114F02DFD94A345
S2140044E0D3E9002314F0E0FE02460B464046494658
S2140044F014F024FD15F072F9044614F06BFE8EA33A
S214004500D3E900238046894614F0CEFE0022964B5F
S21400451014F014FD15F062F989A3D3E900230746C9
S2140045204946404614F0C0FE80463846894614F098
S21400453051FE85A3D3E9002314F0B6FE02460B46CF
S2140045404046494614F0F8FC02460B46CDE90C23DB
S21400455014F0AAFEDDE90C2380468946104619466B
S21400456014F0ECFC0022CDE91001804B4046494691
S21400457014F0C4FF00227E4B14F0E0FC02460B460B
S2140045804046494614F0BAFF00227A4B14F0D6FC97
S21400459002460B464046494614F0B0FFDDE90C23C0
S2140045A08046894600204FF0804114F0C5FC024644
S2140045B00B464046494614F0C1FC02460B46DDE970
S2140045C0100114F09BFF07F2FF3700226A4B14F02D
S2140045D0B5FC00223B0514F067FE52465B4680465B
S2140045E0894615F0F1F8002840F08980CDE90C895D
S2140045F004F16303C62B8CBF0527042731051BD5A2
S21400460053A3D3E900235046594615F0D3F80028A3
S2140046107FD051A3D3E900235046594615F0B6F88B
S214004620002876D00027A542C6BF2C1B04F1FF3514
S21400463000253C4646F480660E9B9F422CBF4FF0FA
S2140046400008A3EB070816F0020903D0002F18BFD6
S2140046504FF000083CB1DDE90C235046594614F0F3
S2140046604DFF82468B46DDE906010022002315F049
S2140046708DF810B10BF100439B46DDE9080126F4E6
S2140046800063CDE90183DDE90A324BEC10AB0095FF
S21400469000F07EF802465FB3DDE9091316F0200F3E
S2140046A000F10105089E0CBF65204520B047DDE9F6
S2140046B008010523002205930A23002CCDE90232C7
S2140046C007F1FF374FEAD473B8BF64422A46019316
S2140046D004970A9B009433F0E6FF0246B9F1000FF8
S2140046E006D00B9BC41A0B9B1A190E9BA34245D8E7
S2140046F0104613B0BDE8F08FDDE906ABCDE600222C
S214004700404649461A4B14F0F9FE013CCDE90C012F
S2140047106EE7002D90D00F9B002B8DD0013D8BE7D0
S214004720FB799F501344D33FB3C8608B288AC63F9B
S21400473061436F63A787D23F71A379094F930A40FD
S2140047401655B5BBB16B0240EF39FAFE422EE63F76
S2140047502D431CEBE2361A3F0000000080842E41F9
S214004760FFFFEF7F0000F83F0000E03F00002C4016
S21400477000002440000018400000F03F2020DDE943
S2140047800913089DA8470134ADE700BF00000000EC
S2140047902DE9F04F5BEC10AB97B0CDE90501DDE9F4
S2140047A02058CDE90723504652465B465946229F7D
S2140047B014F0E2FF70B90323CDE902870193AA4BF8
S2140047C00093DDE90501DDE9072333F09EFE17B00F
S2140047D0BDE8F08F4FF0FF326FF480135046594615
S2140047E014F0D4FF28B10423CDE9028701939F4B30
S2140047F0E6E74FF0FF32504659469D4B14F0E4FF73
S21400480068B19C4A07F00403002B08BF03229A4BAA
S2140048101CBF13460422CDE902870192D0E750461A
S2140048208DA3D3E90023594614F0CEFF38B98CA3E4
S214004830D3E900235046594614F0A8FF68B1DDE9D5
S2140048400723DDE905014BEC10ABCDE92187209568
S21400485017B0BDE8F04FFFF7DFBD0022002350463B
S214004860594614F093FF002800F091805B465246AC
S2140048700020002114F060FB012382468B4609933A
S21400488017F4806400F08580092D40F285800024AE
S21400489030210EABA5F109020134202C03F8011BD0
S2140048A0A5EB040901D09442F6D15946504614F0BF
S2140048B095FF724B054603EBC90393ED007B8DED28
S2140048C00A7B14F087FC02460B465046594614F005
S2140048D033FBDDE90A2314F0E7FC02460B46CDE97C
S2140048E00C2314F0A3FF064614F064FC02460B46A5
S2140048F0DDE90C0114F020FB02460B46CDE90C2343
S21400490000225F4B14F060FF002848D00136304686
S21400491014F050FC02460B46DDE90A0114F040FF95
S21400492008B100260135B9F1000F45D1284614F02C
S21400493051FC02460B465046594614F0FDFA00223A
S2140049404F4B14F023FF10B9E90700D501350A21B3
S2140049500EAB1A19202C0AD095FBF1F001FB10556E
S214004960303502F8015B013405460028F2D107F025
S2140049700302012A55D1B8F1000F52D0099A12B994
S21400498017F00C0F01D008F1FF38302240E00990F4
S21400499076E74FF0060988E7A946002485E7002257
S2140049A0DDE90C01364B14F0F1FE0028BBD10EB148
S2140049B0F007B8D50136B6E70A210EAB1A19202C37
S2140049C00DD0B6FBF1F001FB1063092E03F13003A6
S2140049D009F1FF3904F1010402F8013B11D8302136
S2140049E0A1440EAA202CB2D04C4504F101030AD1F2
S2140049F004F158020DEB02042E2204F8202C1C466B
S214004A00A5E70646DBE7A1541C46EBE71A5501343A
S214004A10444506D2202CF9D1CDE9028701940EAB8D
S214004A20CEE6202CF8D0099B3BB12D2204F158038A
S214004A306B4403F8202C0134EEE77A0704D504F122
S214004A4058032B226B44F4E73B07E5D504F15803E3
S214004A5020226B44EDE700BF0000000065CDCD418D
S214004A600000000065CDCDC12B4404002F44040097
S214004A70FFFFEF7F2244040027440400B88B0400A5
S214004A800000E03F0000000070B58EB02C22002130
S214004A9003A815F057FA64234FF002320893CDE9C5
S214004AA005230B2301218DF834305B4B8DF8101055
S214004AB01D880D4040F0A980084638F0B3F80A2259
S214004AC0564B574C1A704FF42873ADF812304FF00F
S214004AD0FF332360534B54491B8820460B82534BAD
S214004AE0534A1B68CD828B61524B0D621B884B82EA
S214004AF0514B1B68CB611BF093FE20B14FF41B712A
S214004B004E4839F0CDF90521206833F0B5FF20B1C5
S214004B1040F27D21494839F0C3F9206814F0C8F9FD
S214004B20474B2068196834F06AF80C2538F0E2FC28
S214004B306843099038F0DEFC68430DEB05010790EA
S214004B40206816F0C1F820B140F295213B4839F0B4
S214004B50A7F925681EF00EFA00220146284634F012
S214004B60C6F820B140F29721344839F099F940F25E
S214004B700353344D344E2B80052396F90000AB705A
S214004B807F2801D11BF042FF3378EB7038F0B2FC7F
S214004B9000EB80008000A88038F0ACFC0023C0004A
S214004BA04FF0FF31E880AB604FF0FF3018A3D3E939
S214004BB0002338F089F92549206834F051F8206838
S214004BC002A934F06DFC20B14FF434711B4839F063
S214004BD067F9042220680DEB020133F0E5FF042894
S214004BE004D040F2D721154839F05AF901A901201E
S214004BF033F0F0FB06F090FB01201CF099FB2FF041
S214004C00D6FB1CF0BFFB1BF099FE0EB070BD00BFBC
S214004C100A0020FF42030000CA5700201A5F002047
S214004C20FC4F0020EAA40400C8650020F0A404009D
S214004C304DCC0300E8A40400ECA404005A7B040056
S214004C4018630020F04F0020DA680020C1CC030073
S214004C500348044B834202D0034B03B11847704706
S214004C600C6900200C69002000000000064B074974
S214004C70C91A891048BF0131491003D0044B0BB143
S214004C8001481847704700BF0C6900200C690020D7
S214004C900000000010B5064C237843B9FFF7D8FF94
S214004CA0044B13B10448AFF300800123237010BDFA
S214004CB0681600200000000090C8040008B5044BE9
S214004CC01BB104490448AFF30080BDE80840CDE7B7
S214004CD0000000006C16002090C80400A3F5803A7F
S214004CE0704700BF154B002B08BF114B9D46FFF7C2
S214004CF0F5FF00218B460F461148124A121A15F08E
S214004D0021F90C4B002B00D098470B4B002B00D002
S214004D1098470020002104000D000B4815F058FCB1
S214004D2015F0E8F8200029002EF0CCFB15F03EFC2C
S214004D30000008000000000000000000081000202E
S214004D4008100020805F002039A6010007B5012169
S214004D5020200DF1070200F031FE50B10121202085
S214004D600DF107028DF8071000F038FE03B05DF86D
S214004D7004FB9DF807100129F8D00122084813F01B
S214004D80CFFF01210DF1070220208DF8071000F05B
S214004D9025FE2EF01BFB4FF4FA6000F01FFDE5E742
S214004DA0E8E2030038B500F081FF012805D000F0E6
S214004DB07DFF022801D000F091FF064D2B783BB90D
S214004DC000F074FF0128044602D12EF072FB2C700E
S214004DD038BD00BFB658002070B50C46088800F0F5
S214004DE069FD94F844300546834214D004F11C064D
S214004DF030462EF0FAFA84F844502EF0FAFA1421CF
S214004E00A06430462EF0ECFA94F844100248BDE850
S214004E10704013F085BF70BD10E3030010B5044664
S214004E20008800F047FDA37884F84400834202BF60
S214004E300123E3702371074B04F11C00C4E9073417
S214004E4000F012FE224620880349BDE8104000F01C
S214004E5049BD00BFB7310300D94D000070B5C37817
S214004E6004460D461646002B32D1C1B11F4813F03A
S214004E7057FFE36CA6600BB1E06D9847E368F61A3F
S214004E8063699E4221D2217E19480131C9B221763A
S214004E9013F046FFA36D13B1217EE06D9847E570D1
S214004EA02EF0A7FA0DB32379FBB9A268238A801ADD
S214004EB083421AD201230F48237113F031FF236D6A
S214004EC09BB1E06DBDE87040184701232376E6E706
S214004ED00029E4D1084813F023FF636DE6602571CE
S214004EE0002BDCD0E06D9847D9E770BD2DE30300BA
S214004EF03EE303006CE3030059E30300F8B51E46E7
S214004F00838804460D4617460BB18680F8BD817827
S214004F1000882EF071F90123E370084BE5802781A5
S214004F20A680C4E903340C34204600F09DFD2946D3
S214004F302046BDE8F8402EF053BA00BF0332030007
S214004F4010B501790446B1FA81F1008849092EF0BE
S214004F50CAF921796088B1FA81F149092EF0C3F9BE
S214004F60034B1A68A24204BF00221A6010BD00BF9D
S214004F708416002070B543790446A3B100880E4E0F
S214004F8004F10805336813B10C4B1B786BB121791B
S214004F902EF0A9F964210A4B3460A3602846BDE8C8
S214004FA070402EF01DBA4088E9E7064813F0B8FEB8
S214004FB0054B3221A360F1E784160020B758002085
S214004FC0414F000082E30300754F000010B5044611
S214004FD0E0B10F4813F0A4FE01236371A37953B91F
S214004FE0217920882EF07FF9236B7BB1606B01213D
S214004FF0BDE8104018472046FFF7A2FF04F108005E
S2140050002EF0F3F92046FFF7B5FFEDE710BD00BF21
S214005010B8E3030010B50446F8B1104813F080FE5C
S21400502000236371A3796BB921792088B1FA81F1E5
S21400503049092EF058F9236B7BB1606B0021BDE85F
S214005040104018472046FFF77BFF04F108002EF0BB
S214005050CCF92046FFF78EFFEDE710BDC3E3030053
S21400506010B5044668B1074813F05AFE6379204627
S2140050701BB1BDE81040FFF7CDBFBDE81040FFF7FD
S214005080A5BF10BDCFE3030010B50E4C0E48214659
S21400509013F046FE82210D4813F042FE82210220C4
S2140050A0A21E00F09BFC014630B134F8022C0848E2
S2140050B0BDE8104013F034BE0648BDE8104013F0BB
S2140050C02FBE00BF4E510020DEE30300F9E30300CD
S2140050D004E4030048E4030038B50E4C822122465F
S2140050E0022000F06BFCA51C014650B122880A483D
S2140050F013F016FE44222846084915F0B3F8432359
S214005100238035F8021C064A0648BDE8384013F0EE
S21400511007BE00BF4C51002053E40300D3E4030055
S2140051204E510020B1E4030010B50446014608487D
S21400513013F0F6FD012C074805D12EF0BAF8BDE8AD
S214005140104001F061B8BDE810402EF0B4B800BFC2
S21400515017E50300A462002070B50024184D194E10
S2140051603378A34217DC0024174D184E3378A34239
S21400517017DC0024164D174E3378A34217DC00F0D8
S21400518095FD0128144818D12EF093F8BDE870401C
S214005190124800F09DBD2846FFF740FE01346035FA
S2140051A0DEE728462EF06BF801343435DEE7284675
S2140051B02EF09EF801343835DEE72EF07CF8E5E771
S2140051C09C1F0020BC5800207C210020BD580020D9
S2140051D06C1D0020BB580020A4620020295100004E
S2140051E02DE9F04F85B0FFF777FFBA4B03A803937E
S2140051F02EF0A2F8054614F0A1FDB74CC2B21F2A45
S214005200627004D9B54813F08BFD00F0DBFA29462E
S214005210A01C15F027F803A82EF08EF8054614F00B
S2140052208DFDC2B21F2A84F8212001D9AC48EAE7D6
S214005230294604F1220015F015F803A82EF07CF894
S214005240002504462678002E6FD1DFF8D092DFF8CE
S214005250D0A2DFF8A882FFF77FFF99F800309AF80F
S214005260002098F800109F4813F05AFD9AF8003076
S21400527098F800509C4F1D4499F800303C461D4459
S214005280EDB2012D38BF01253B464FF482714FF633
S214005290FF720136B5421E7059809A8003F10C03E6
S2140052A0F7DC924B90498C48A36000F0FBFDE07958
S2140052B0A26800EB400002EB800000F0C9FBE27938
S2140052C08A4B0132E27100261C46DFF834B298F8A9
S2140052D00030B34200F3DB8100274FF00C0B844A0A
S2140052E0814E9AF8000098F80010B84200F3E0816A
S2140052F000274FF0700808440BFB0066DFF824A276
S21400530099F80030BB4200F3EF812946764800F05A
S2140053100DFC039B6F491A468B4240F0F48175489A
S21400532005B0BDE8F04F13F0FBBC532E0FD16378E9
S2140053304C2B40F0F980A378502B40F0F5800122EA
S2140053406D4B1A7003A82DF0F7FF04467AE729D8AC
S214005350412EF7D9423E102EF4D801A353F826F07A
S214005360D15300000156000045530000455300008D
S21400537045530000455300004553000057540000B5
S21400538045530000455300000D540000B75300007D
S21400539045530000455300004553000045530000A8
S2140053A095550000692ECDD1601C2DF0D2FF80B23D
S2140053B02EF008F8C6E7514B012019780023504A12
S2140053C0994202F1A402BDDD02F8A20C0133F7E710
S2140053D0601C00F0DBFA0646E01C2DF0DCFF012125
S2140053E00246304600F020FA60224648464C0378D3
S2140053F05A43A118A6524FF4FA620A824FF4487232
S2140054004A61424A0A65013303709BE7601C00F05C
S214005410BDFA0022342780463D4E114600F004FABD
S21400542030783C4D07FB00F325F80380EA18E37854
S2140054301046693B18BF012393702DF020FF337888
S214005440354A03FB07550021156001255160157488
S2140054502B44337076E7601C00F098FA0022114661
S214005460804600F0E1F93422294E2A4F307802FBBC
S21400547000F327F80380F918E3780846693B18BF5D
S21400548001238B702DF0FBFE194A00231146906B0A
S214005490B0B901EB83113423327802FB03738B63BC
S2140054A05DB91D4A2B46114652F8040B70B93422DA
S2140054B0307800FB027241F8232033780133C8E7C6
S2140054C00133042B02F14002E1D1E9E70133042B5A
S2140054D0EAD1F2E74E510020C461002036E5030011
S2140054E04DE503005DE50300881600200017002048
S2140054F0D01900209AE50300B7580020BA580020BB
S214005500D01A0020BC5800209C1F00202333030024
S214005510BD5800207C210020A4620020B85800203E
S214005520B958002080180020601C00F02FFA0746AB
S214005530E01C2DF030FF01210246384600F074F9D9
S2140055406023754E754C3278A4205343E118E75219
S2140055504FF44873724F0B824B613B78DFF8E0C123
S21400556058430CEB00010CF800304FF400704880F4
S21400557003200871887102EB420004EB40143220CD
S2140055800133DBB201324B718C6081F8A0003270BF
S2140055903B70D7E6601C00F0F9F900224FF038089F
S2140055A08146604F114600F03FF93B785E4E08FB9F
S2140055B003F326F803904FF00109F21882F80490DE
S2140055C0E3786BB1E01C00F0E1F9002204461146D6
S2140055D000F02AF93B7808FB03635C8083F80690AA
S2140055E05248534A037899015354397802EB83148E
S2140055F0C1EBC10206EBC20262634A1C3A7002E7C4
S214005600601C00F0C3F90746E01C00F0BFF900225A
S21400561006461146384600F007F90022382411469F
S214005620304600F001F93F483F4A03784FF0010E3C
S21400563004FB03FC02EB0C0122F80C704FF0000C8C
S21400564081F804E081F806C003EB0E01C9B24C43B2
S214005650171916539C1C04707024364E87F806C023
S214005660307887F804E04443334FC3EBC303C1EB01
S214005670C10107EB040C02EBC303385502EBC10271
S2140056807044CCF80430CCF8082030705AE636B1B6
S21400569017F8053C03EB430304EB8304BC60394670
S2140056A0584601F02DF801360BF1A40B0C370EE628
S2140056B03944481E0BFB00600BFB0161C079019268
S2140056C000EB400004EB800410468C6000F02CFEDB
S2140056D098F80010194839440BFB016100F07AFD78
S2140056E0019A01374032FCE516F8053C314603EBDB
S2140056F0430304EB830408FB07A0B46000F0F0FC4F
S21400570001370C36FCE513F8011D00297FF402AEC4
S2140057103B2102F8011CFDE5BC5800209C1F002020
S214005720BA580020BB5800206C1D0020B958002035
S214005730D0190020B858002080180020601D0020D6
S214005740D01A002007B5022101200DF1060200F054
S21400575035F938B9044813F0E3FABDF8060003B08B
S2140057605DF804FB0020FAE7B7E5030007B5022161
S214005770ADF806000DF10602012000F02FF90146F3
S21400578010B1034813F0CCFA03B05DF804FB00BF79
S214005790D8E5030010B5FFF7D5FF044601460748D5
S2140057A013F0BEFA0121064813F0BAFA24B9BDE890
S2140057B010400120FFF7DABF10BD00BF08E6030067
S2140057C01AE6030008B5044813F0AAFA00F016F922
S2140057D02DF0FCFD2DF0F7FD30E6030038B504464D
S2140057E0084D094B28462B6000F03EF9002C18BFE8
S2140057F021462846BDE8384008BF4FF496712DF084
S214005800EFBD00BF802200207133030010B5044CAA
S214005810237823B9034838F0EFFA0123237010BD2C
S214005820BF580020DC7E040073B506460D461446BD
S214005830FFF7ECFF0E4A330AD35C8DF805608DF84F
S21400584004307DB1012C04D0032C09D000220121A4
S21400585001E02246022101A801F08CFC02B070BDD6
S2140058600022F7E704212A460DEB0100F4E700BF0B
S2140058705F7C040007B5064A030AD35C8DF8050072
S21400588001A88DF8043001F0A9FC03B05DF804FB14
S2140058905F7C040007B5064A030AD35C8DF8050052
S2140058A001A88DF8043001F0C5FC03B05DF804FBD8
S2140058B05F7C040007B50A4A030AD35C8DF805002E
S2140058C08DF8043000230DF1030101A88DF8033094
S2140058D001F0DCFC9DF8030003B05DF804FB00BF9C
S2140058E05F7C04002DE9F043214C85B006468846CF
S2140058F09146FFF78BFF23781BB901F01FFC0123AD
S21400590023701C4A330AD35C30228DF80C300023F7
S214005910194F8DF80D6002FB03F4395DE51901BBE4
S21400592001233B554FF0FF3304F110001349384470
S214005930AB606E80C5F80480C5F80C9008F00CFCCF
S21400594004F10801042239440D4B009503A801F028
S214005950CBFCA96802460B4813F0E2F905B0BDE897
S214005960F0830133102BD6D1074813F0D9F9F5E7A9
S214005970BE5800205F7C0400A82200207733030076
S214005980893303003DE603006BE6030080B102782E
S214005990A2F14103032B0BD840783038C0B2082858
S2140059A006D8054B134413F8413C40EA03207047E1
S2140059B04FF6FF70704700BF5F7C040008B50B46CB
S2140059C042B101460448006802F0D2FDBDE8084036
S2140059D02DF0F2BC022008BD1063002008B50B466F
S2140059E042B101460448006802F04AFFBDE808409C
S2140059F02DF0E2BC022008BD10630020F0B50026A2
S214005A00124F8DB0FF2300930A223346386802A94E
S214005A102EF082FAC0B102AB1D4603EB800404E010
S214005A2055F8043BB34228BF5E1CAC423868E9D93F
S214005A30296803F0ABF80028F2D02D28F0D00DB07E
S214005A40BDE8F0402DF0B8BC0DB0F0BD10630020EE
S214005A5028B1034B0360034B436000238360704709
S214005A6019000003B8620020FF2307B50021044A8E
S214005A700093083008F0F4FA03B05DF804FB00BFAA
S214005A80DB3303000B4604490246086803490978DD
S214005A9008B12DF0B5BC7047B0250020C1580020D5
S214005AA0F8B50C4618B122210E4838F0F9F92468EA
S214005AB023685E795F8830463946FFF7E3FF08B90A
S214005AC08120F8BD8568002DFAD0A368E27C3946AF
S214005AD03046A84704460028F2D131F0F4FC2046B0
S214005AE0EFE700BF93E60300F8B515460D4A0446F7
S214005AF010680D4A0B46117850B122462DF080FCF6
S214005B00034628B100210C27C678B14201DB0020ED
S214005B10F8BD07FB01F45A681019125BAA42F7D0C9
S214005B200131F2E7B0250020C15800202DE9F74FDB
S214005B3004460D460026454B454F1860454B1970E8
S214005B4033010021F85C01360FF0E0F80C2EF7D197
S214005B500C2D28BF0C254FF0000901953C4EDFF8B0
S214005B6000A13D4DDFF8FC80019B4B4502DC03B0F5
S214005B70BDE8F08F23784FF0000B33706388738096
S214005B80A388B380A379C6F80880B371E379C8F810
S214005B90005088F804304FF00003A768A8F80630D5
S214005BA0E3795B450ADC012116F8100B0FF0AEF81E
S214005BB008F1080809F101090C34D5E74FF0000395
S214005BC038886B812880FB784FF0000C2B81BA78E0
S214005BD0C5F804A0002A00920CBF802240222A7337
S214005BE079680AF10C02634513DC03EB43030AEB06
S214005BF0830ABB6843B1009A4FF6FF71B2FA82F28D
S214005C00164B520931F0EFFB14350BF1010B0C3734
S214005C10C6E7B1F800E00CF1010C22F80CEC91F8A4
S214005C2002E00C3202F816EC91F804E00C3102F8AF
S214005C3015EC11F809ECBEF1010F14BF4FF0100E71
S214005C404FF0110E02F814ECCDE700BFB02500208F
S214005C50503C0020C1580020B42B0020A15A000060
S214005C60B4250020342E0020014B1860704700BF7A
S214005C70AC25002070B5128805460E46FFF734FFA7
S214005C80044670B102790499806814F0ADF9064BA9
S214005C901B680BB9002070BD3146284622889847FD
S214005CA0F8E78620F7E700BFAC25002008B50EF021
S214005CB0C9F8022806D0012806D0044B1878400000
S214005CC0C0B208BD0120FCE70220FAE7C058002059
S214005CD0014B1860704700BFA8250020034B1A78B8
S214005CE01AB901221A700AF0B3B87047C0580020DB
S214005CF00022064B10B51A70054B1C682CB1FFF736
S214005D00D5FF2346BDE81040184710BDC0580020F8
S214005D10A825002037B50446002832D00EF092F8A9
S214005D20022830D1608931F04BFFE079237A0038C1
S214005D3018BF0120012B637A08BF40F008000BB1A2
S214005D4040F0100063890BB140F00400257CA18868
S214005D50A2790DB1E36873B90C4B0FF0B3FB217851
S214005D6008460FF02BFC31F035FA002814BF03204C
S214005D70002003B030BDCDE90035054B0FF0A2FB87
S214005D80EDE70220F5E70120F3E700BF55330400F6
S214005D90580204002DE9F04186B005460E469046AE
S214005DA01F469DF834400EF04DF8022824D1082CEA
S214005DB016D8ADF80C808DF80E702CB122460C99D2
S214005DC00DF10F0014F04EFA03AB033400930A22D1
S214005DD031460820094B01940FF074FB18B10320DC
S214005DE006B0BDE8F081294628460FF0E7FB31F003
S214005DF0F1F90028F4D0F2E70120F1E75802040098
S214005E0008B50CF083F9014630B1044812F088FF5B
S214005E10BDE808400CF01EBD08BD00BF05E7030046
S214005E20034B044A5B7C012103201370FFF7D6BDA9
S214005E30A4620020C258002010B50446FFF7F0FF09
S214005E40B4F57F4F0BD100240A4B1A8813449C707C
S214005E50FFF71AF92046BDE81040FFF7BFBC4FF623
S214005E6001739C4204D1BDE8104003482DF009BAE6
S214005E7010BD00BF4C510020A462002010B5074C96
S214005E80012122460320FFF799FD28B92378044A0A
S214005E90003B18BF0123537410BD00BFC25800203A
S214005EA0A46200200822F8B54C4B32241A70302227
S214005EB09A705A7139229A713122DA7138225C70DE
S214005EC0DC7036241A724FF400121C71444C426483
S214005ED0C464444C01220465434C85188465434CD5
S214005EE0C567C465424C434D4466434CC0F8805079
S214005EF08466424C80F848200467414C80F8542061
S214005F004467202480F8784080F8844000F121041B
S214005F10C0F888403B4C80F86020C0F88C403A4C73
S214005F2080F86C20C0F89440384C80F89020C0F878
S214005F30984080F89C20364CC0F8B830354BC0F8F6
S214005F40A440C0F8BC300F24022380F8A84080F894
S214005F50C030314C314BC0F8AC40C0F8C430304C87
S214005F60304BC0F8B040C0F8C830092482232E4D0C
S214005F7080F8B44080F8CC302C7C2C4BC0F8A000C5
S214005F80C0F8D03044B12A4B80F8D820C0F8D430BE
S214005F9005F11103C0F8DC304FF0000CCA798E68AA
S214005FA002EB42039F00443006EB830326F807C04B
S214005FB0586001200C349870DC701318CB71FFF712
S214005FC05DFFFFF773FE012806D12B7C23B1BDE8E9
S214005FD0F84015482DF055B9F8BD00BFC35800204D
S214005FE0787C040001002000777C0400020020007A
S214005FF0767C04000500420003002000757C040047
S2140060000400420007003000747C040012001001F7
S21400601000404200FDFF2100637C0400727C040007
S2140060200600420000FF4401A46200204C510020FC
S21400603001FF1001437B044A0121137000780E30E3
S214006040C0B2FFF7CBBC00BFCD58002038B5044621
S2140060500078054D0E302A460121C0B2FFF7AEFC8F
S21400606008B92B78637338BDCD580020024B53F81F
S21400607020002DF0ACBA00BF942E0020012908B5F0
S21400608006D0022907D049B92DF098FA002008BD9D
S2140060902DF097FAFAE72DF097FAF7E7024812F094
S2140060A03FFE0120F3E700BF32E7030011461A4621
S2140060B0024B53F82000FFF7E1BF00BF942E0020EC
S2140060C0002310B5044683810364A0F844304830AA
S2140060D0FFF7CAFC014BC4E9123410BDB535030006
S2140060E038B504460B781A4A43700D4642F823002A
S2140060F0FFF7E6FF2046FFF7A9FF4FF440132361A2
S2140061000123144A2375A261134A84F82030E26101
S214006110124A84F82C306262114A84F83830A2623F
S21400612004F10C0222630F4A04F10D036263E36379
S214006130EA79A86802EB420300EB830110344C6056
S214006140094C40F82340094B8B60531CEB7138BD5B
S214006150942E0020CC580020080020007C680020E8
S21400616000FF300001FF100102010104AD600000D5
S21400617070B50D460646144613460A4601461148B3
S21400618012F0CEFD25B92046BDE87040FFF754BE9C
S214006190072D05D121463046BDE8704000F076BA9E
S2140061A0062D05D121463046BDE8704000F076B891
S2140061B0B5F5817F05D121463046BDE87040FFF732
S2140061C055BF70BD4EE703000148FFF74DBD00BF49
S2140061D0716100004FF4C01330B5036001230371F2
S2140061E0074B8C688360CA7902EB420304EB830595
S2140061F06860044844F82300531CCB7130BD00BFD0
S214006200797C04000400010138B50024044D55F8DB
S214006210040B08B12DF0E9F901340A2CF7D138BD8A
S214006220BC2E00200229024608B50ED004D839B983
S21400623010462DF005FA06E04029F9D0412907D18D
S21400624010462DF0F3F9002008BD2DF003FAFAE70A
S214006250014812F065FDF6E781E7030011461A468D
S214006260024B53F82000FFF7DDBF00BFBC2E002016
S214006270426B094B52791A7082785A70C2789A70BB
S214006280826B12B190F83C20DA7000780421093055
S214006290014AC0B2FFF7A2BBCE580020024B53F80B
S2140062A020002DF0F3B900BFBC2E002038B5044600
S2140062B00078084D09302A460421C0B2FFF77EFB5D
S2140062C030B96B78A370AB78E370EB7884F83C3029
S2140062D038BD00BFCE58002038B504460078114DB2
S2140062E009302A460421C0B2FFF768FBC8B9A37874
S2140062F02A78022B0CD004D863B920462DF0A0F9DA
S21400630001E0FF2B0AD02046BDE838402DF06DB9DD
S214006310002AF2D120462DF089F9F4E7002AF9D1B7
S214006320EBE738BDCE580020F8B504460B78224A75
S2140063300D4642F823004370FFF7B8FF636B1F4A11
S2140063405C631A632046FFF7C7FF20462DF04DF921
S2140063504FF4801363600123626BA06B0532E2602A
S214006360174A23722261A21C2375A26160B1154AE6
S21400637084F82030E261E21C6262134A84F82C3012
S21400638004F13C03A26223630627E979AE6801EBB9
S2140063904103002826F8237006EB83020CBF022375
S2140063A00423D37001239370084B043493604B1C72
S2140063B05460EB71F8BD00BFBC2E002069360300A8
S2140063C00340300101FF300102FF10015D62000052
S2140063D002464179D37808480139042B00EB811036
S2140063E008D8012B04D80BB92DF020B92DF028B908
S2140063F02DF030B9704700BFD01900200246417911
S214006400D37808480139042B00EB811008D8012BFB
S21400641004D80BB92DF014B92DF008B92DF01AB91F
S214006420704700BFD019002030B587B004464579C4
S214006430FFF73CFC012822D1E2786B1E042A1ED806
S214006440DFE802F00431031F2800104663784FF49B
S21400645080728DF804304FF48273ADF80630062350
S214006460ADF8083001238DF80B3000238DF80A00B4
S21400647001A8CDE903238DF81430FFF74BFC07B0D5
S21400648030BD0A4A02EB83135B6B5B79181E18BF9C
S2140064900120DBE7054A02EB83135B6B5B79B3FAFB
S2140064A083F04009D2E70020D0E700BFD0190020D3
S2140064B030B587B004464579FFF7F8FB012829D1A7
S2140064C0E3786A1E042B25D8DFE803F00B0B0B03DA
S2140064D02600164B03EB82135B6B5B79003B18BF01
S2140064E0012362788DF80A308DF804204FF482720A
S2140064F00123ADF8062006228DF80B30ADF80820F3
S21400650000234FF4807201A8CDE903238DF81430E0
S214006510FFF700FC07B030BD044B03EB82135B6B48
S2140065205B79B3FA83F35B09DBE700BFD019002081
S21400653010B586B00446FFF7B9FB012812D1637880
S214006540094A8DF804304FF48273ADF806304FF4E4
S2140065508073CDE90223002301A804938DF814303C
S214006560FFF7D8FB06B010BD0800070110B586B0CF
S2140065700446FFF79BFB012820D16278104B8DF86C
S21400658004204FF4827294F8A01094F8A100597079
S2140065901870ADF8062004934FF480720223094960
S2140065A001A88DF81430CDE90212FFF7B3FB94F87A
S2140065B0A130013B18BF012384F8A13006B010BDFE
S2140065C0D25800200800050110B583780446D3B1E0
S2140065D00379022B06D143790B48013B00EB83106D
S2140065E02DF038F8A379022B02D12046FFF71CFFC6
S2140065F02046FFF7BBFF02232046A4F86C30BDE818
S21400660010402DF05BB810BDD01900204388094A11
S214006610082113808388538083681B8A938090F8B0
S214006620A03093718379D37100780430C0B2FFF73D
S214006630D5B900BFCE51002038B50D4604460178C6
S214006640104812F06DFB4FF602739D420CD1637931
S2140066501BB10D4A12789A4201D20123637120467B
S214006660BDE83840FFF7D2BFB5F57F4FF7D12046DB
S2140066702DF089F8A378022B0CBF01220022A36814
S2140066809A70ECE797E70300B9580020024B53F8DE
S2140066902000FFF7D1BF00BFE42E002038B5044627
S2140066A00078134D04302A460821C0B2FFF786F959
S2140066B020B1BDE838400F4812F032BB2B8863800B
S2140066C06B88E978A380AA88A3681A82AB7984F8D5
S2140066D0A030EB79A37119B1074B1B788B4205D21A
S2140066E0064812F01DFB23780133637138BD00BFE6
S2140066F0CE510020B1E70300B9580020DAE70300C6
S214006700F8B504460B78484A0D4642F82300437015
S214006710FFF7C4FFA268454B0226D364444BA11C76
S2140067205365444B44481365444B04F10C0CC2E9D2
S21400673016344FF44013E36001236161E16240497F
S214006740103221632265211D3E4AA1633E496265DF
S21400675004F1A002A061E163E265E01C611D3B4A12
S214006760206261643A483B492266A21D237423775F
S21400677084F8283084F8343084F84030A16484F8F3
S2140067804C6084F8583084F864306062A266E87919
S214006790AA6800EB400102EB8107C7F804C04FF07F
S2140067A0060C2D4F42F82170C118C9B201EB410109
S2140067B042F821C002EB810700217960274F84F858
S2140067C080302767264F84F89830A767254F264BDA
S2140067D0E767264F84F8746084F88C60C4F89C30B1
S2140067E004F16C06831CC4F88470C4F89060204FD3
S2140067F0204EDBB203EB4303C4F89460C4F8887001
S21400680002EB83067034746008261B4C42F8234063
S214006810C31CDBB203EB430302EB8304043042F8F1
S21400682023606160E871F8BDE42E0020DB360300CB
S21400683029370300C965000010003001B336030095
S21400684001FF300104FF200102FF200105FF300197
S21400685000FF300103FF2101070001084A00210064
S2140068607A7C0400510010007C7C04007D7C0400CF
S214006870550021006F0018001200010400239B6AD7
S214006880B3F5804F03D21968064A914203D000231D
S214006890037083607047012202709A689B694260A9
S2140068A0F7E700BF07B0CD5E024B034A1A602EF032
S2140068B0F2BA00BF0000002002020FF073B53F4B93
S2140068C004461A781AB102221A7002B070BDCDE9D9
S2140068D000220028F9D001261E7037F0EFF9384D57
S2140068E0384B186016F0FEFF2B785BB902F0F2F911
S2140068F040B935480823354A3549006801F038FE66
S21400690000B92E70334B5A68E260334A9A601A6EAA
S21400691022605A6E6260D3F87021A2601B6E5C041F
S2140069202CD52E4AD368D807FCD42D4B1A68531C96
S21400693029D04FF4801393402A4A13660423294C27
S2140069404FF0804223664FF480632366102323664D
S2140069504FF400536846236601A9226663662CF04E
S2140069602AFF009B2366019B63662B78002BACD026
S214006970164B1A6822665B686366A6E71A4AD368EF
S214006980D907FCD4D1E7194B1B78002BD6D1184B6E
S2140069905A68144B12B94FF480121A66154A526898
S2140069A012B94FF400121A66134B5B68002BC5D160
S2140069B04FF480020B4B1A66C0E700BFD558002084
S2140069C0D65800201C2F002010630020202F002007
S2140069D0007108000080004455CEAC000000044062
S2140069E0DC6200200090004400000450D4580020D0
S2140069F00080055000C005500000065038B5224DF6
S214006A0004462B78012B02D001232B7038BD0028BA
S214006A10FCD02CF0F5FE013009D02CF0F1FE40F24F
S214006A200113984203D0194AD368DB07FCD42268C6
S214006A30174B1A6662685A66A268C3F87021E26845
S214006A40D40744BF00229A60124B1A68013213D151
S214006A50114A127882B911494968C80748BF1A60B6
S214006A600F4A5268D10744BF01221A600D4A526885
S214006A70D20744BF02221A6016F03CFF0A4B186881
S214006A8037F017F90023C0E7D5580020000004406F
S214006A9000800044DC620020D458002000800550AE
S214006AA000C00550000006501C2F002070B50024C2
S214006AB0A36AB3F5804F23D21A68134B9A421FD1AC
S214006AC0124E337813F0FD0518D14FF48034104879
S214006AD0FFF7F4FE032004F0CBF90E4B0320DC6036
S214006AE004F0AAF90C4B1C61AB6ADB6998470446B4
S214006AF00748FFF783FF0CB901233370204670BDAB
S214006B004FF48174FAE700BF07B0CD5ED45800207A
S214006B100C2F002000A000440090004413B5204B2A
S214006B201B7803B9FEE700231E4CCDE900336A4606
S214006B3008231D49206801F01BFDF8B91B4AD2F84E
S214006B404031D2F840211F2B4FF0010311D9203AD3
S214006B509340019A1A43019208236A461249206814
S214006B6001F08EFE124B134A1A602EF094F902B012
S214006B7010BD9340009A1A430092EDE72D28F1D1FC
S214006B800A4AD2F84031D2F840211F2B4FF00103B9
S214006B9085BF203A93409340019398BF0093DBE76C
S214006BA0D5580020106300200071080000800044C3
S214006BB0000000200B020FF038B50025AB6A044633
S214006BC0B3F5804F10D21B6BB3F5804F0CD207483D
S214006BD0FFF774FEAB6A20461B6B5B689847BDE800
S214006BE038400248FFF70ABF38BD00BF282F0020F4
S214006BF013B50024A36A0190B3F5804F13D21B6B24
S214006C00B3F5804F0FD20948FFF758FEA36A01215B
S214006C101B6B01A89B69984704460448FFF7EEFEE5
S214006C20204602B010BD4FF48174F9E7282F0020EB
S214006C3070B50026B36A0446B3F5804F0D4612D2EF
S214006C401B6BB3F5804F0ED20848FFF737FEB36ACA
S214006C5020461B6B29469B69984704460348FFF766
S214006C60CDFE204670BD4FF48174FAE7282F002031
S214006C7070B50026B36A0446B3F5804F0D4612D2AF
S214006C801B6BB3F5804F0ED20848FFF717FEB36AAA
S214006C9020461B6B2946DB69984704460348FFF7E6
S214006CA0ADFE204670BD4FF48174FAE7282F002011
S214006CB0F8B50027BB6A0446B3F5804F0D46164666
S214006CC011D21B6B7BB10948FFF7F8FDBB6A204663
S214006CD01B6B324629465B6A984704460348FFF713
S214006CE08DFE2046F8BD4FF40174FAE7282F0020E9
S214006CF070B50026B36A0446B3F5804F0D4612D22F
S214006D001B6BB3F5804F0ED20848FFF7D7FDB36A6A
S214006D1020461B6B29469B6A984704460348FFF7A4
S214006D206DFE204670BD4FF40174FAE7282F002050
S214006D30F0B50027BB6A0446B3F5804F0D461646ED
S214006D40ADF5337D20D21B6BB3F5804F1CD21048B7
S214006D50FFF7B4FDBB6A20461B6B40F2C1225B6A9C
S214006D6001A99847044630B10948FFF747FE204678
S214006D700DF5337DF0BD836A32461B6B2946DB6A10
S214006D8001A898470446EFE74FF40174EFE700BF09
S214006D90282F002010B50024A36AB3F5804F10D228
S214006DA01B6BB3F5804F0CD20748FFF787FDA36A2D
S214006DB01B6B1B6B984704460348FFF71FFE2046D5
S214006DC010BD0124FBE700BF282F0020F0B58FB0D0
S214006DD0044601A80E461546FFF7EEFE9DF80C3059
S214006DE0012B12D1B5F5402F27D8B4F5402F24D863
S214006DF06319B3F5402F20D821462A46304613F0B3
S214006E0031FA002420460FB0F0BD0027BB6AB3F568
S214006E10804F15D21B6BB3F5804F11D20A48FFF78F
S214006E204DFDBB6A2A461B6B314620465B6B984776
S214006E3004460548FFF7E2FDE4E740F20244E1E7D6
S214006E4040F20114DEE700BF282F0020F0B58FB017
S214006E50044601A80E461546FFF7AEFE9DF80C3018
S214006E60012B1FD1B5F5402F06D8B4F5402F03D817
S214006E706319B3F5402F13D940F2024420460FB0F1
S214006E80F0BDE258013225D104339D42F9D82A4696
S214006E90314620462CF0E4FC0028EDD00024EDE737
S214006EA00023F2E70027BB6AB3F5804F15D21B6BB1
S214006EB0B3F5804F11D20A48FFF700FDBB6A2A4699
S214006EC01B6B314620469B6B984704460448FFF7E9
S214006ED095FDD3E740F20344D0E740F20114CDE736
S214006EE0282F002070B58EB0044601A80D46FFF787
S214006EF063FE9DF80C30012B22D144EA0503C3F350
S214006F000C03002B33D1B5F5402F04D940F20244D0
S214006F1020460EB070BDB4F5402FF7D82544B5F521
S214006F20402FF3D8204604F500542CF092FCAC42D7
S214006F3002D00028F6D1E9E70028E7D00024E7E7EA
S214006F400026B36AB3F5804F14D21B6BB3F5804F9F
S214006F5010D20A48FFF7B2FCB36A29461B6B2046DC
S214006F60DB6B984704460548FFF748FDD0E740F23C
S214006F700444CDE740F20114CAE700BF282F0020E2
S214006F80BFF34F8F0549064BCA6802F4E06213430D
S214006F90CB60BFF34F8F00BFFDE700BF00ED00E002
S214006FA00400FA0570B5D0B1C9B10E4E431E0139C2
S214006FB013F8014F2046325D02F00302012A11F851
S214006FC0012F08BF04F12000B55C05F00305012D74
S214006FD008BF2032801A01D1002CE9D170BD0120F3
S214006FE0FCE700BFD9A304000348044A0449121A68
S214006FF092102CF081BC00BF34410000D04200004B
S2140070001C60002008B5154B83F30A8800F030F8A2
S214007010FFF7EAFF124B13498B4212D30020124BA4
S21400702012498B4218D3FDF75DFE186850F82240CF
S214007030586840F82240013298688242F5D30C33F3
S214007040EAE70022F8E71C6844F8220001325C6890
S214007050A242F8D30833E4E70022F8E7080000204D
S21400706098C80400A4C80400A4C80400A4C8040067
S214007070124B134A70B59A60D3F88820114D42F42B
S2140070807002C3F888206FF0010205F500542266EE
S21400709041F2FF7262660222C3F8D020BFF34F8F20
S2140070A0BFF36F8F4FF44036032003F0E1FE03205A
S2140070B0E66003F0C1FE2E6170BD00BF00ED00E08B
S2140070C00040000000800044014B1860704700BF7D
S2140070D0E4620020054B1860054B1B6F03F00703A6
S2140070E0032B01D134F09CBE704700BFEC62002039
S2140070F0008000502DE9F04104464FF001080C25B1
S2140071000D4E0CB9BDE8F08194FAA4F0B0FA80F008
S2140071100F2808FA00F2C8BF103824EA0204CABFD3
S21400712005FB006205FB0062B4325768002FE8D00A
S2140071309168C0B2B847E4E7382F002008B50C487D
S21400714036F05AFE192003F085FE28B1192003F008
S2140071508FFE192003F070FE1A2003F07BFE28B184
S2140071601A2003F085FE1A2003F066FE002008BDF4
S214007170DC7E04002DE9F0410E461746054618B39E
S2140071800F2923D80378DBB1013BDBB2022B19D8D9
S214007190104AD35C6A78D340DB0717D50E4BD3F87A
S2140071A01043ACB936F08AFD80463A46284631464A
S2140071B002F0BEFB404636F07CFD2046BDE8F0817E
S2140071C07F23E7E70023E5E72224F6E72124F4E718
S2140071D00224F2E7D07C040000C0035010B5044639
S2140071E010B30378E3B1013BDBB2022B1AD8104A86
S2140071F0D35C6278D340DB0718D536F05FFD0122FA
S214007200617823788A4030214B4341F2100103F124
S214007210A04303F570335A5036F04BFD002010BDE6
S2140072207F23E6E70023E4E72220F8E72120F6E7BD
S214007230D07C040010B5044610B30378E3B1013BDC
S214007240DBB2022B1AD8104AD35C6278D340DB0735
S21400725018D536F033FD0122617823788A40302134
S2140072604B4342F2100103F1A04303F570335A502A
S21400727036F01FFD002010BD7F23E6E70023E4E77D
S2140072802220F8E72120F6E7D07C040038B50D462A
S214007290044618B311B30378E3B1013BDBB2022B0B
S2140072A01AD8104AD35C6278D340DB0718D536F07C
S2140072B005FD30222378534303F1A04303F57033D2
S2140072C05B696278D34003F001032B7036F0F1FC63
S2140072D0002038BD7F23E6E70023E4E72220F8E716
S2140072E02120F6E7D07C04002DE9F0410D46164635
S2140072F09846044600284FD000294DD00178002932
S21400730040D04B1EDBB2022B3ED8254AD25C6378B7
S214007310DA40D20701D4FF2940D1022E01D9042E2B
S2140073203CD136F0CBFC23780746FF2B05D03246FF
S2140073302046296802F042FB28602B68013309D1F9
S2140073402378FF2B06D1174B6078D3F824142DF042
S21400735012F8286029684B1C18D00C23124A03FB2D
S2140073600122069BC2F8048093602378FF2B04D08A
S21400737001230E4A8B40C2F82434384636F099FC76
S214007380002007E07F22C2E70022C0E7384636F03A
S21400739090FC2D20BDE8F0812220FBE72120F9E7B4
S2140073A0D07C040000C00350382F002000D00350CB
S2140073B008B502F0B3FA044B00F05530C3F82004C9
S2140073C0BDE80840FFF796BE00E0035008B502F09F
S2140073D0A5FA044B00F0AA30C3F82004BDE8084024
S2140073E0FFF788BE00E003502DE9F04F144605462F
S2140073F00E469B46C36B87B001225B6902A9606894
S2140074009847EB6B01225B6903A93046984702A8B0
S2140074102CF071FE074648B10023A37563754FF044
S214007420FF33A360002007B0BDE8F08F03A82CF060
S2140074306FFE0123A375237E04EBC303DE611F8466
S2140074406368B3420ED1206003A82CF083FE4FF091
S214007450FF332075A360237D043B022B26D8002330
S214007460A375DFE723681A1A53425341A37503A88E
S2140074702CF070FE237D834218BFA77503A82CF05E
S2140074804BFE074602A82CF047FE874218BF002393
S21400749003A818BFA3752CF047FE074602A82CF0D9
S2140074A043FE87421CBF0023A375D4E703A82CF035
S2140074B033FE80B1EB6B022230465B6904A9984725
S2140074C004A82CF038FE0346207D032839D8DFE8D0
S2140074D000F03838040903A8F3E7CC22237E04EB37
S2140074E0C3031A8401F06EFC109B187003A8277E55
S2140074F02CF006FE04EBC70787F82200237E03A8BD
S21400750004EBC303B3F8209093F822702CF004FE2B
S214007510804603A82CF008FE8246B8F1000F15D06E
S214007520EB6B022230465B6904A9984704A82CF04E
S214007530C7FD6075637D6BB90023A3754FF0000827
S21400754038E0227E04EBC2021384CBE703A82CF0BB
S214007550A2FDEEE794F81680B8F1000FEED0B9F170
S214007560000F09D1DFB10123E375637E002B4FD1F5
S214007570012F42D1677614E06B6C06EB0A015A4283
S21400758086EA010010421CBF0022A2755A1E0A405D
S2140075909B1A9945D0D8A37D002BE3D1CEE7E37D97
S2140075A043B94FF000084B465246314628462CF069
S2140075B0EDFAA060A27D12B123694B4423611A49FB
S2140075C0237E097899422AD901332376BBF1000F2E
S2140075D027D032B3E37D23B3B8F1000F21D1032FB8
S2140075E01FD0A1684B1C1CD0109B22460093284637
S2140075F00123FFF7F9FEA07513E095F8343063B960
S214007600EB6A0133CFD1032FCDD10123A376C8E790
S214007610012FCFD0032FC4D1F7E79846C3E7002346
S214007620A375A07DFFE600BFF47C04002DE9F04FB3
S2140076300E46984600238BB004464FF0FF311046A6
S21400764017468DF8133001F0A7FBB6F5801F20D241
S214007650314605AA04F108002CF09FFC451C0146A3
S21400766003D1237CBBB92D2010E0384601F094FBF3
S2140076700122394620460DF113032CF0D9FA0028D2
S214007680EFD09DF8133088F8003000200BB0BDE82E
S214007690F08FB01CE5D1E56A691C36D12046616AD8
S2140076A02CF0BAF90546B31C18BF0123DFF8CC90BE
S2140076B00193636A626C0293236805A902FB053A8C
S2140076C0E36B05225B695046984705A82CF0AEFD93
S2140076D02CF0D1FD50462CF0D9FD4FF0000B824621
S2140076E001464B1C05D0636C81EA0A025B421342DA
S2140076F011D0294620462CF08FF9029BAB422CD0A5
S214007700BBF1000F2CD10546D3E72368ED1A636C56
S214007710B5FBF3F5C7E7484601F03EFB0DF1130352
S21400772049462046019A2CF083FA034690B1B21CD3
S21400773003D0D9F80020B2420CD19DF81320039351
S2140077400D4B88F8002049461A68384612F08AFD24
S214007750039B9B46D9F80810C3E7BBF1000F82D005
S214007760B6F5801F91D2314698F800307A6804F159
S214007770080001F03FFA88E7F07C04001437002088
S2140077802DE9F3410446174698460E46184D816A81
S214007790E36A8B4201D04B1C02D102B0BDE8F081F7
S2140077A0284601F0F9FA0122294620460DF1070382
S2140077B02CF03EFA38B14346294620469DF807206D
S2140077C0B8470028E9D0A9684A1C04D16968204651
S2140077D02CF0AFF90146012EDAD16B6881EA03027C
S2140077E0636C5B421A4218BF4FF0FF31D0E700BF10
S2140077F0E83600202DE9F04F4FF0FF334FF6FF72CA
S2140078000025044600F10806C0E909238BB0C362D0
S21400781005620563304688462CF090FB20462CF027
S214007820CBF860BB204641462CF046F920462CF0AB
S214007830C3F860BB5E200BB0BDE8F08F2368E26B38
S214007840606C576900FB0530052205A9B84705A8F6
S2140078502CF0ECFC012807460CD1294620462CF0DB
S214007860FCF8012F024600D10132294620462CF0B2
S214007870C2F803E02CF004FD0028EED10135E369E0
S2140078809D42DBD320462CF097F80028CAD000256E
S2140078904FF0FF394FF6FF73CA46A846C4E90853AF
S2140078A0E36998450AD3A5EB0905012D2CD84FF6B8
S2140078B0FF72636A93423CD16720BCE72368E26BA1
S2140078C0606C576900FB0830052205A9B84705A873
S2140078D02CF0ACFC834605A82CF07FFC07465846E7
S2140078E02CF0C9FC68B1574538BFC4F82480B945A8
S2140078F028BFB946BD4238BF3D46BA46236A013363
S214007900236208F10108CBE74FF6FF730025636298
S214007910E3699D42CBD2676C2068E36B052207FBC8
S21400792005005B6905A9984705A82CF056FC0135AB
S214007930EEE7E26B676C2068694607FB0300556953
S2140079400522A84768462CF048FC626A2368606CEB
S2140079504B4D00FB02302CF099FC4FF0FF33A06239
S214007960E3622A466FF00101204605ABFFF75EFE94
S214007970002846D1AD6829462046E5622BF0F8FF80
S214007980206320B92046E16A2CF0D3F8E06229464D
S21400799020462CF0CEF80546A36A9D4233D12046F9
S2140079A02BF0B9FF00278046B946E36999453CD3DA
S2140079B0B84559D92046616A2CF02EF800260546AF
S2140079C004F1400AB74212D8626C2368694602FB8B
S2140079D00539E36B05225B694846984768462CF0F4
S2140079E0FCFB534602464946E06B2CF051FC294608
S2140079F020462CF011F80136B0450546E2D1642049
S214007A0019E7A56AB7E7294620462BF0B1FF236B96
S214007A10294603440746236320462CF08AF8054689
S214007A20002FB9D1C4E90B07B6E7636C25680522B9
S214007A3003FB0955E36B05A95B692846984705A82B
S214007A402CF0F4FB2CF017FC58B128462CF01EFC4A
S214007A50014620462BF08CFF636C143B984208BF0F
S214007A60013709F10109A0E730462CF067FA002338
S214007A7020461946034AFFF783FE0020DBE600BFD8
S214007A80403700201F3C03002DE9F041036B904671
S214007A90826B07689A4288BF8363426C436A90B0E1
S214007AA002FB0377C36B0E46052201A95B690446F9
S214007AB03846984701A82CF0B9FB012801463070DB
S214007AC057D0656CE26B2368606AD2F814C005FB79
S214007AD00030052206A9E04706A82CF0A7FB0128DF
S214007AE04FF0000523D0D4E90A3201219342CDE9B4
S214007AF00B458DF834800E958DF83C102AD119462A
S214007B0020462CF016F8236B626C14339B1AE06246
S214007B1023630C9B53B99DF83C303BB1626A616CA1
S214007B202368E06B01FB02312CF038FB0C9DE36B05
S214007B3005225B6901A93846984701A82CF076FB18
S214007B4030702846236BA26B9A4288BFA36310B09E
S214007B50BDE8F081237C33B91C490BAA04F1080068
S214007B6001F096F8D5E72046194A0BABFFF708FE5A
S214007B70CFE7237C23BB2246164904F1080001F018
S214007B8087F8616A20462BF068FF616A421C20462F
S214007B902BF031FF054620B9236B626C1344143B6F
S214007BA023632046A16A2BF0C4FF2368A062C01A94
S214007BB0636CB0FBF3F0606220462BF0FDFFB6E787
S214007BC000232046044AFFF7DBFDDAE72D8300009A
S214007BD0A9820000B93C0300553C030073B50D466E
S214007BE0D11E4A421C461B7E4A419A4226D129682B
S214007BF02368994222D3636899421FD8114E0DF12B
S214007C0007033246FFF712FDC0B972686B689A42E6
S214007C1014D19DF80730DA1E53425341227E934218
S214007C200CD1636901336361D4E90323934205D21F
S214007C302968A26842F8231001332361012002B0AC
S214007C4070BD00BF403700202DE9F04F9B4689B03D
S214007C509DF848309046514A0193136907465B45A4
S214007C600D46C0F09580D94653680093B9F1000FD1
S214007C707BD0FB6B01225B6905A90098984705A895
S214007C802CF046FA454B1B68984240F0848005A8C5
S214007C902CF04AFA0428064615D105A82CF04BFA13
S214007CA0009B04461E44019B002B3ED1804512D902
S214007CB01C46A8EB0008384600992BF03AFFA9EBC3
S214007CC004090090D2E7FB6B02225B69009806A9C4
S214007CD0984706A8E2E7A0EB08045C4528BF5C4688
S214007CE0032C4644ABEB040B1DD9FB6B29463046F0
S214007CF05B69A208984724F0030304F0030A1E44B5
S214007D001D44DDF80480BAF1000FD4D0FB6B0122CD
S214007D1006A930465B6998475246284606A912F0DF
S214007D20A1FA5544C7E7A246EBE7824600F00303F4
S214007D3002932B1803930644039BA6EB0A00A3EBBF
S214007D400A05029B9A4514D1BAF1000FB3D0FB6B1B
S214007D50012206A95B6998475246284606A912F0F2
S214007D603DFC0028DDD04FF03609484609B0BDE896
S214007D70F08FFB6B012206A95B6998470422284610
S214007D8006A912F02BFC0028EDD1AAF1040AD3E7CD
S214007D904FF06309E9E74FF06F09E6E76C3700201C
S214007DA02DE9F0410F4616469846044688B060B363
S214007DB090F83450FDB101212BF0F3FD00210E9B0D
S214007DC0CDE90511CDE902379DF83C30CDF80480A9
S214007DD08DF81C30237C04968BB90D4901AA04F15A
S214007DE0080000F055FFDDE90553E06B002E08BFE4
S214007DF01D462BF06FFF284608B0BDE8F0812046F0
S214007E00044A01ABFFF7BCFCEDE70546F3E700BF0D
S214007E10833C0300DD7B00007FB590F8426004469B
S214007E2001920DF10B030A46304611492BF05AFF1A
S214007E30012E0546E36B17D132465B6903A99847C6
S214007E409DF80B10039B019A59B19BB243EA02437B
S214007E50012228460393E36B03A99B69984704B065
S214007E6070BD62F30F03F3E701229B6901A9F5E7F2
S214007E706C3700202DE9F04F99B00E460D920A6936
S214007E80416C0B931439D31DB3FBF1F3013302EBB2
S214007E90C302036B04469342C0F001820023DFF85E
S214007EA004940893E36A48461946059300F074FF65
S214007EB0D6E9033707930B9B022B4DD1CC2F40F00E
S214007EC0D7810D9B3BB1314620462BF061FF656C98
S214007ED01490012044E00120079B656C1B681493F6
S214007EE000F0010000280CBF04230823782F0E930F
S214007EF049D8059A6B1E1340ED1A3B1D9D423CD295
S214007F00002F3DD0082D3ED80023042506934FF0C1
S214007F10040A336806990B98C9F80030C9F810703F
S214007F202CF01CF94FEA9A030F93059B89F814006E
S214007F300393002309930C9304930A93616C039BA9
S214007F404A1E1A408B1A27B35544AB4223D8236BDC
S214007F505B1A134423632FE1782F656CB9D8F07D44
S214007F600D9B002BBCD0E36B01225B69706816A9E1
S214007F70984716A82CF0D0F8B4E700250695C6E773
S214007F8004250697C3E7012300254FF0080A069349
S214007F90BFE75345DBD3A3EB0A029742039BB846E1
S214007FA028BF90469742534428D90122D9F810108A
S214007FB089F817208F4226D10399C9F80410049235
S214007FC099F817200AB399F818100398CA1C09EBF9
S214007FD0C202506004980131A2F80880907289F8B5
S214007FE01810B8F1000F07D00B9A022A40F08180D3
S214007FF0099A72B1012209929B46ABE0049A002AC4
S21400800018BF0322DBE70222D9E7039AC9F8042047
S214008010E7E70C9A4244032AEED9E26B18469569C4
S21400802014A901220993A847099B05460028E1D018
S2140080303D2D40F01E8104F1080303932368059A42
S214008040606CA2EB030ABAFBF0FA00FB0A302CF0D5
S2140080501DF9E16A804620462BF06BFDA26A82423B
S21400806000F00F81626CD9F80830511E0B40216B6E
S2140080702768891A0B442363089BE062DF1BB7FB63
S214008080F2F7BA4540F0FA80059BB3EB080A12D027
S214008090E36B4FEA9A0241469B6998478346E36A38
S2140080A0059A5344E362236B03989B1A4344236365
S2140080B02BF044FFDA462368616CE06B01FB073166
S2140080C02CF059F820462BF077FC20462BF074FD58
S2140080D02063BAF1000F00F0D4803269616CD31DC2
S2140080E01439B3FBF1F3013302EBC3029042A5D27D
S2140080F0BFE00D9A002A77D1B8F1030F4FEA980235
S2140081006ED9E16B18468D6907991093A847109BA6
S2140081100546C0B918F0030515D0079A28F0030BDA
S21400812002EB0B019B444FF0FF3215A815922A462E
S214008130109312F097F8E26B5846956915A901223C
S214008140A8470546109B9B46079A42440792002D77
S21400815040F08B80049B16A80193069B009399F829
S21400816014204346316800F0CDFDE36B0F9A9B69FF
S214008170039816A99847039A051E089B18BF13462E
S214008180089343465246204603992BF0FFFC236B88
S21400819008F10302A3EB0A0322F003029B1AC9F8B4
S2140081A008002363002D7FF443AF0C9BA7EB080762
S2140081B043440C93CDF80CB0204603992BF0B9FC41
S2140081C000250390002F7FF4B9AE364A31689368D5
S2140081D004F10800E36252680B9B00F00BFD49E0D7
S2140081E09B46454607999EE79B4606F1200210925D
S2140081F0F27D7068A2B1002296F818C00A99D5B22E
S214008200AC4511D9109D02F1010E35F832508D4261
S21400821028D90E9806EBC2020144D069084403E050
S2140082200E9A0A990A441044E26B15A95569012270
S2140082301193A847159A0A9B1392E26B043395692B
S2140082405846012213A90A93A847119B054603EB3B
S2140082500802A2EB0B02042A7FF679AF28B90BF1CD
S214008260040BC5E77246491BC9E7CDF820B088E77E
S21400827070252F46384619B0BDE8F08F4FF0000A3B
S21400828019E73269616CD31D1439B3FBF1F301337E
S21400829002EBC302236B9342BFF404AEE9E71C274C
S2140082A0E8E700BF14370020032A2DE9F34106460D
S2140082B00D4617461C4606D1237A012B23D00120F3
S2140082C002B0BDE8F081DFF86080096842460DF133
S2140082D00703FFF7ABF960600028EDD19DF8072093
S2140082E0237A032AE8D0D8F804106A689142E3D1CA
S2140082F0012B2969D4F80CC007D172690CEB010375
S214008300934202D92074207CDAE708316144E160A8
S2140083103B46012229463046FFF7ACFD6060002848
S214008320CAD00020CCE700BF403700202DE9F3413B
S214008330089C032A1746266806D1237A012B24D0E8
S214008340012002B0BDE8F081DFF89080304642465A
S2140083500DF10703FFF76AF960600028EDD1256884
S214008360D8F80400A96AD5F844C04840CCF1000308
S2140083701840227AE1D1012A09D1E268D8F81030F3
S21400838013447269934202D92074207CD9E7286886
S214008390EB6A1B1A081AB3FBFCF3B0FBFCF0834233
S2140083A00BD1706CF36A421E1340326B121A1344E0
S2140083B0284633632BF0BDFBE862D8F81020E3684C
S2140083C008321344E36001223B4604492068FFF765
S2140083D051FD60600028B0D00020B2E74037002092
S2140083E02DE9F0410025604B0E46D3F80080044688
S2140083F01D6018B921252846BDE8F08190F8347034
S21400840007B30A6803689A4240F0A3804A68436844
S2140084109A4240F09E808A6883689A4240F099802B
S214008420CA68C3689A4240F094800A6943699A42CF
S21400843040F08F808A69C36B9A4240F08A804B690D
S2140084408361D8E768223946856B11F07BFDD6E953
S2140084500212336804F1080023607368A563636042
S214008460336963617369A3612BF07AFDB36904F124
S2140084704000E3639B68984720B9676C17B1636850
S214008480B3FBF7F794F84330E761002BB2D0002334
S214008490656C2366002D64D0002F62D02368B3FB82
S2140084A0F5F205FB1233002B55D16668B6FBF5F3E3
S2140084B005FB1363002B4ED120462BF049FAA36927
S2140084C0043303449E4248D340F634726369CC3B7F
S2140084D0934244D8B5F5805F43D3032120462BF062
S2140084E060FAD4E90001E36B1B6898470546E36B26
S2140084F00220DB689847CDB941462046FFF77AF957
S2140085006428054604D141462046FFF773F9054620
S214008510666C5DB9236A2046143E5E432BF018FA5B
S214008520A369043303449E4238BF5A25002D0CBF6E
S2140085300123002384F8343007D1D4E900010B4A24
S2140085401368013313602BF0A5FDE06B2BF0C2FB24
S21400855051E75D254FE759254DE75A254BE75F253F
S21400856049E75B2547E700BFA4300020A030002085
S2140085702DE9FF410C4616461F46054680B390F887
S21400858034307BB3B1F5801F2ED2DFF86080012136
S2140085902BF007FA2146424628460DF10F03FFF757
S2140085A045F8044670B99DF80F30012B11D1D8F864
S2140085B01030BB4212D10246009031462846FFF7E3
S2140085C043FB0446E86B2BF085FB204604B0BDE871
S2140085D0F081022B14BF2D246024F3E76324F1E717
S2140085E02124F2E71124F0E72924EEE76C37002077
S2140085F02DE9F04385B00C4617461E460546DDF8C5
S214008600308098B390F8343093B3B1F5801F31D2F0
S214008610DFF8649001212BF0C4F921464A4628462B
S2140086200DF10F03FFF702F8044688B99DF80F30E6
S214008630012B14D1D9F8102006EB08039A4213D365
S21400864000904346324639462846FFF7FDFA044670
S214008650E86B2BF03FFB204605B0BDE8F083022B0D
S21400866014BF2D246024F3E76324F1E72124F2E706
S2140086701124F0E72924EEE76C37002073B50C468A
S2140086801646054630B390F834302BB3B1F5801F4C
S21400869024D201212BF085F921462846104A0DF1F7
S2140086A00703FEF7C3FF044680B99DF80730032B87
S2140086B00CD0022B0CD1284609492BF069FB306000
S2140086C0E86B2BF007FB204602B070BD2D24F7E7C1
S2140086D06124F5E72124F6E71124F4E72924F2E7DC
S2140086E06C3700202DE9F3411E4600230C46174642
S2140086F00546336050B390F834304BB3B1F5801F65
S21400870028D2DFF8548001212BF04BF9214642464F
S21400871028460DF10703FEF789FF0446A0B99DF829
S2140087200730032B10D0022B03BF01233B6004232A
S214008730D8F8103018BF38603360E86B2BF0CAFAF0
S214008740204602B0BDE8F0812D24F6E72124F7E7A5
S2140087501124F5E72924F3E76C37002073B50446A7
S214008760056B2BF0F5F8636E03449D422CBF002387
S2140087700123854294BF00252D1A207C84F85030B2
S214008780656584F85800A8B100230C4E1A461946B1
S214008790204600962BF0C0FB002305461A461946D5
S2140087A0204600962BF0C1FBE3682844984294BF0D
S2140087B00020C01AE06502B070BD00BFFFFF0F00CA
S2140087C02DE9F3471E4643690446B34288461746DA
S2140087D09DF828904ED300258DF8075020462BF0A4
S2140087E0B7F8D4F830A082450AD2236AB5EB430F17
S2140087F006D2002220460DF10701FFF745F9B8B36F
S2140088009DF80730012B05D1002220460DF1070107
S214008810FFF73AF9B9F1030F06D0314620462BF0A0
S21400882087F8256B854227D3144D4FF0FF31284635
S21400883000F0B2FA4B46294600222046C5E90376E8
S214008840C5F80080FFF716FB236E054663B1204689
S214008850FFF784FF94F8503013B994F858301BB1E2
S214008860236E04F150009847284602B0BDE8F08712
S2140088700135B3E76225F7E71C25F5E7403700200A
S2140088802DE9FF410F4690461E46054698B390F8E0
S214008890343093B3B1F5801F31D21A4C02212BF03D
S2140088A080F82246394628460DF10F03FEF7BEFE35
S2140088B0024678B10123424600933946334628469D
S2140088C0FFF77EFF0446E86B2BF004FA204604B060
S2140088D0BDE8F0819DF80F30012BEBD12169B14244
S2140088E0E8D10093414633462846FFF7ADF90446E3
S2140088F00028DFD1E7E72124E8E71124E6E729246A
S214008900E4E700BF6C3700202DE9F04790F84230CE
S21400891086B0012B05460391A1EB020740F0AA8022
S214008920FF2F03D81E464FF0640807E00226012BEF
S21400893014BF4FF032084FF06408013600244FF69B
S214008940FF79DFF844A195F84230012B14BF32239B
S21400895064239C4202D35FFA88F40DE005AB2246FE
S214008960514628462BF0F2F995F84230012B059B2C
S21400897034D14B452DD1E4B295F84230012B14BFCB
S21400898032226422121BB24217D3012E39D10022A2
S214008990012B05978DF8132027D1082205A90DF184
S2140089A013002BF08FFC9DF81330059A42EA032241
S2140089B021462846FFF730FA40B102233249009399
S2140089C02846CC23096803AAFFF7FAFE06B0BDE8DE
S2140089D0F087DBB203B902340134B4E7591CCAD0BD
S2140089E09BB2002BF8D10134F6E7102205A90DF151
S2140089F013002BF067FC9DF81330059A42EA0342F9
S214008A00D6E7039A012B059223D10823202205A935
S214008A100DF113008DF813302BF054FC9DF8132045
S214008A20120221462846FFF7F7F995F84230611CF6
S214008A30012BC9B21AD10028BFD12846BDF8142090
S214008A40FFF7EAF90028B8D10234BDF81620E1B2E3
S214008A50AFE71023202205A90DF113008DF813307F
S214008A602BF030FC9DF813201204DAE70028A4D17E
S214008A70059A9EE7B7F5803F4FF00106BFF457AF63
S214008A804FF032085AE700BF6C37002070B586B04A
S214008A900E4605460392A0B390F834309BB3B1F56A
S214008AA0801F32D202212AF07CFF31462846184A1F
S214008AB00DF11703FEF7BAFD044618B99DF81730F6
S214008AC0032B0ED10223314600932846CC2303AA5B
S214008AD0FFF776FE0446E86B2BF0FCF8204606B05F
S214008AE070BD022B0BD10A4928462BF051F9039989
S214008AF002468142EFD02846FFF706FFEAE76124E8
S214008B00E9E72124EAE71124E8E72924E6E700BF9D
S214008B106C370020F7B50C461646054668B390F845
S214008B20343063B3B1F5801F2BD202212AF039FF0F
S214008B3021462846144A0DF10703FEF777FDC0B913
S214008B409DF80730032B14D0022B14D10E4928466B
S214008B502BF01EF9471C024639462846FFF7D4FE7E
S214008B60044606B13760E86B2BF0B4F8204603B035
S214008B70F0BD2D24F7E76124F5E72124F6E711245C
S214008B80F4E72924F2E700BF6C37002030B50C4626
S214008B90054685B028B390F8343023B3B1F5801F6E
S214008BA023D202212AF0FDFE0DF10F0321462846AE
S214008BB00F4AFEF73BFD034688B99DF80F20032AAF
S214008BC00DD003222146009202462846FFF7F8FD04
S214008BD00446E86B2BF07EF8204605B030BD2D2409
S214008BE0F7E72124F8E71124F6E72924F4E700BF85
S214008BF06C3700202DE9F043466886B30568984632
S214008C004FF0000CA946AE4655F83C400CF1010C5E
S214008C10C4F31307013401D0B94217D0B4450EF19E
S214008C20080EF1D12F46002403E0B44207F10807EE
S214008C3012D055F8343001340133F6D1C1F31301A4
S214008C4041EA0851C7E90012BDE8F08341EA08513D
S214008C50CEE90012BDE8F083B8F1030F03D101237B
S214008C600372BDE8F083002303E0B34209F108096C
S214008C70F5D055F833400133C4F30754032CF4D130
S214008C80C1F3130343EA0853C9E90032BDE8F08391
S214008C902DE9F0410646406882B0B8B10F469046CE
S214008CA00024336853F8345003EBC403C5F307526B
S214008CB0C5F31301013506D05B683046CDF8008059
S214008CC0B84718B1706801348442EAD302B0BDE8F0
S214008CD0F08100BF024B1968024B1868FFF780BB93
S214008CE0F06200201063002008B534F0DAFF014B74
S214008CF0186008BD98370020014B186834F0CCBFC8
S214008D009837002073B504462248012A00EAC111AC
S214008D109DF8185023F07C4007D9961E012E28D9BE
S214008D20073303F07F03194308E09DF81C300A431D
S214008D30DB0603F0C053134343F060410023C4E94D
S214008D4000108DF80730B5B1202221460DF107003E
S214008D502BF0B8FA1A220DF10700211D2BF0B2FAFB
S214008D60082063689DF8072043EA8263636002B0C8
S214008D7070BD1143E2E71B220DF1070021462BF0E0
S214008D80A1FA23689DF80720042043EAC263236003
S214008D90EDE700BF80FFFF0738B5094B0D461A68A0
S214008DA00021044611F0CEF800234FF0FF32238353
S214008DB0C4E900252361A260E382A37638BD00BF24
S214008DC0F07C04000138C0B205289ABF014B185C3D
S214008DD001207047F57C04002DE9F0410746154652
S214008DE000240E46596888B0490A012922464FEAEF
S214008DF0510104F10104F8D8DC78997824031B8823
S214008E00C90201F4006104F480540C43C3F30A035E
S214008E105203234492B24FF000089C18274B6FEA87
S214008E200444039325F07843ED4302A90DF10700AF
S214008E301B2202938DF807802BF044FA9DF807203A
S214008E40029B02A943EAC2630DF107001B2225F02C
S214008E507845049302958DF807802BF033FA9DF839
S214008E600720029B6FEA144443EAC26305934FF05F
S214008E70FF330794069307A9BB69012206F1100089
S214008E809847BB6905A90446012206F108009847E1
S214008E90BB69404518BF044604A90122301D984707
S214008EA00122404518BF0446BB69304603A99847CF
S214008EB0404508BF204608B0BDE8F08101009AB2E0
S214008EC038B5104B0546D3F800310C4603F00303C3
S214008ED0022B0BD0032B0DD0012B0FD132F0BAFF93
S214008EE0032305B1286004B1236038BD32F0FCFFCF
S214008EF00723F6E734F0E8FE0623F2E70123002016
S214008F00EFE700BF0080005038B5134B0546D3F896
S214008F1020010C4600F0070004281AD8DFE800F00D
S214008F2003090D111500012305B1286004B1236063
S214008F3038BD32F055FF0423F6E732F08BFF0323EB
S214008F40F2E732F08DFF0523EEE732F07FFF0223D3
S214008F50EAE700231846E7E70080005038B5104BD4
S214008F600546D3F840310C4603F00303022B0BD022
S214008F70032B0DD0012B0FD134F0A8FE082305B12A
S214008F80286004B1236038BD32F0AEFF0723F6E751
S214008F9034F09FFE0923F2E701230020EFE700BF2D
S214008FA00080005038B5104B0546D3F860310C46AB
S214008FB003F00303022B0BD0032B0DD0012B0FD194
S214008FC034F084FE082305B1286004B1236038BD60
S214008FD032F08AFF0723F6E734F07BFE0923F2E738
S214008FE001230020EFE700BF0080005041F67132F9
S214008FF010B5104C104BA04294BF00240124D96930
S214009000DA639A6801F4803122F4401242EA04528C
S2140090109A600A4A90420A4AD2F818028CBF40F078
S214009020020020F00200C2F8180209B10022DA633A
S21400903010BD00BF005A62020000035080F0FA0222
S21400904000C007502E4B98424AD022D82D4B98424B
S21400905040D014D82C4B984239D00AD82B4B984283
S21400906032D02B4B98422FD02A4B98422CD000203F
S2140090707047294B9842FAD1284B186F7047284BF7
S21400908098422AD0274B9842F1D1244BD3F880003F
S2140090907047254B98422BD009D8244B984223D0B2
S2140090A0234B9842E3D11D4BD3F88C007047214BDD
S2140090B0984221D003F5740303F510539842D6D195
S2140090C0164BD3F898007047144B986D7047134BA7
S2140090D0586E7047114B586F7047104B986F70471B
S2140090E00E4BD3F8840070470C4BD3F888007047BB
S2140090F00A4BD3F890007047084BD3F8940070479B
S2140091000048E8010024F400C0CF6A0080841E00F6
S21400911000093D0040420F00405DC6000080E00FA1
S214009120C0EA210180BA8C01007E560380D5430236
S214009130006CDC020090D00337B50C460021114BC2
S2140091400191D3F88031054603F00303022B0ED0BD
S214009150032B11D0012B03D101A8FFF7D5FE0D215B
S2140091600DB1019B2B6004B1216003B030BD32F01D
S21400917077FE05210190F3E732F068FE02210190A8
S214009180EEE700BF0080005038B5104B0546D3F818
S21400919040320C4603F00303022B0BD0032B0DD0FA
S2140091A0012B0FD134F092FD082305B1286004B1DD
S2140091B0236038BD32F098FE0723F6E734F089FDC9
S2140091C00923F2E700231846EFE700BF00800050AF
S2140091D038B5144B0546D3F800020C4600F00700DD
S2140091E004281BD8DFE800F003090D111500012341
S2140091F005B1286004B1236038BD34F067FD08234C
S214009200F6E732F071FE0723F2E734F062FD092339
S214009210EEE732F005FE0C23800AE9E70023184645
S214009220E6E700BF0080005038B5144B0546D3F87B
S21400923008020C4600F0070004281BD8DFE800F000
S21400924003090D111500012305B1286004B1236040
S21400925038BD34F03BFD0823F6E732F045FE072321
S214009260F2E734F036FD0923EEE732F0D9FD0C23A1
S214009270800AE9E700231846E6E700BF00800050B2
S214009280032814D005D8012805D0022809D00020CC
S21400929005E00F28FBD1084B186FC0F301300130F2
S2140092A07047054BD3F89000C0F30460F7E7024B15
S2140092B0186FC0F38020F2E7008000501FB500232F
S2140092C00193252817D8DFE800F0131A1D272C363F
S2140092D03B51565B60656A78161A401616561A2772
S2140092E02C27361A5127783B3B3B3B2727275B60CA
S2140092F032F07CFD0190019805B05DF804FB32F079
S2140093008FFDF7E732F072FD02460220FFF7B8FF46
S214009310B2FBF0F20192EEE732F082FD0246032045
S214009320F4E732F07DFD02460320FFF7A9FFB2FB0B
S214009330F0F25208EEE7002101A8FFF7FDFEDAE79B
S214009340002101A8FFF7E0FDD5E702934FF0E023E8
S2140093501B695B0705D532F063FD0290029B019303
S214009360C9E703A902A8FFF7F9FDF7E7002101A85E
S214009370FFF7F4FDBFE7002101A8FFF713FEBAE7E9
S214009380002101A8FFF724FFB5E7002101A8FFF799
S2140093904BFFB0E7002101A8FFF792FDABE7094BB2
S2140093A0D3F8803003F00303022BA8D0032B01D0A0
S2140093B000209FE732F054FD9CE7002101A8FFF74C
S2140093C0E3FE98E70080005008B50120FFF776FF1F
S2140093D0BDE808400349884294BF012102210320CA
S2140093E000F002B880F0FA02032810B50C4627D029
S2140093F004D8012804D0022817D010BD0F28FCD1AD
S2140094002AF07EFF2AF084FF124A013C136F23F4F1
S214009410405343EA0433136732F002FD0021FFF79E
S214009420E5FDBDE81040FFF7CFBF0A4A4C1ED2F854
S214009430903023F0F85343EA0463C2F89030DCE738
S214009440044A4C1E136F23F4806343EA8423136795
S214009450D3E700BF008000501FB5002301932528E6
S21400946021D8DFE800F013202020202A2F454A4F7D
S21400947054595E7120203420204A202020202A20A3
S2140094804520712F2F2F2F2020204F54314B1B6F3C
S21400949003F00703013B032B05D8DFE803F00C02BB
S2140094A0080A04230193019805B05DF804FB032322
S2140094B0F8E70623F6E70223F4E7002001A9FFF702
S2140094C03BFEF0E7002001A9FFF71EFDEBE7029345
S2140094D04FF0E0231B695B0705D532F0A1FC0B2398
S2140094E00393039BDEE703A902A8FFF737FDF8E71F
S2140094F0002001A9FFF732FDD5E7002001A9FFF7FC
S21400950051FDD0E7002001A9FFF762FECBE700205F
S21400951001A9FFF789FEC6E7002001A9FFF7D0FCE6
S214009520C1E70C4BD3F8803003F00303022B03D0C3
S214009530032B05D00023B5E732F072FC0B23B1E70E
S21400954032F08EFC0523ADE7002001A9FFF71CFED4
S214009550A9E700BF0080005008B50320FFF790FE83
S214009560034B18702AF0CCFEBDE808402AF0D0BEA7
S214009570D758002010B5044632F052FC0021FFF701
S21400958035FD1CB1BDE81040FFF71EBF034B03209E
S214009590BDE810401978FFF727BF00BFD758002056
S2140095A038B50546FFF74EFD204B04465A68012A9B
S2140095B004D11F494A609A699207FCD10020FFF740
S2140095C04BFF042803D12AF09BFE2AF0A1FE194A7D
S2140095D024F0407395421FD0174A95421FD0174A71
S2140095E0D16811F0060FFBD19068936091684B40EC
S2140095F013F4F81F16D12846FDF766FD0020FFF786
S2140096002BFF042810D132F00BFC0021FFF7EEFCF4
S214009610BDE83840FFF7D8BE43F00073DFE743F0FD
S2140096208073DCE79060E9E738BD00BF00C00150FA
S21400963000E0015040420F0080841E0000000150F0
S21400964070B504460020FFF707FF03287CD045F6D8
S2140096500E030221414AC2F88030414B9962012133
S21400966003F580539962936DD903FCD4D4E90013B3
S2140096701B0543EA0163E17B94F823500B43217BEF
S21400968043EA0143617B43EA0133A17B43EA81134A
S21400969013619169D4E904031B0643EA806301F071
S2140096A000410B43A17EE07E0B43217E43EA01434B
S2140096B0617E43EA01239361E169136A002923F07E
S2140096C00D0343EA010314BF0121002143EA80038E
S2140096D043EAC103136294F8203094F82200916A9A
S2140096E04FEA431331D194F8216021F0330143EA65
S2140096F006130B4343F0010393621A49174A936D0E
S21400970031EA0303FBD10221154B9962936D5B008E
S214009710FCD41369A16823F4700343EA0153136170
S2140097204FF000420E4B9A6118B9022203F580539F
S2140097309A6215B901220C4B9A6294F824301BB138
S214009740064B0A4AC3F8802070BD21F03301294336
S2140097500B4343EA40039362EFE700BF00C00050AC
S21400976000D000500300014000E00050F1A7FFFFCA
S214009770014B93F900007047D8580020014B188021
S214009780704700BF386800200C4A10B513690446BD
S21400979043F00403136132F0B3FE2AF0BDFD084B1C
S2140097A0084AC3F8202430BF2AF0B7FD01F0E2FED5
S2140097B01CB9BDE8104032F033BB10BD00ED00E030
S2140097C000E003500000FFFF034A0179D36E23F048
S2140097D030030B43D36670470040005041F67132A9
S2140097E0034BDA63012203F50053DA60704700BFCB
S2140097F00000035041F671320121044BDA6303F591
S2140098000052D1600022DA63704700BF00000350A8
S214009810044B1868421C02BF034AD2F89400186032
S214009820704700BF1463002000400050CB784A7891
S21400983010B55B010C7843EA82030A79234343EAB6
S21400984002130C22424302F1B0421363012C02BF02
S2140098508A78024B43F8202010BD00BFD08003500A
S21400986008B54FF0B0435A6802B960B15B680BB1F7
S2140098702AF05CFD4FF0B04130B10120074B586034
S2140098802AF054FDC86008BD2AF050FD0223CB60C4
S2140098902AF04CFD0122024B5A60F4E700100058F3
S2140098A0002000584FF0B0414B6810B50BB12AF0BD
S2140098B03DFD01220B4BC4785A608378934043EAFF
S2140098C0840344782343047943EA0413447943EA3F
S2140098D0C4038B60044B5A600378C3F10203CB6069
S2140098E010BD00BF0020005800100058054B5B69F3
S2140098F0C3F38512827003F03F021B0B42700370A5
S214009900704700BF00C007500120034B9B680A3316
S21400991003F01F03984070470080E00F034BD3F816
S2140099202424D3F820041040704700BF00C0035022
S2140099302DE9F8431E4B0546D3F810334B1E0E2B6D
S2140099400E46174690F8009044781DD909B34FF09C
S21400995000082846D7B134F0BFF909EB4903072CB5
S2140099604FF00F014FEA031315D8A400114808FA68
S21400997004F2A14018442AF0E1FCBEB928468FB193
S214009980BDE8F84334F0A8B98846E2E72AF0E5FCDB
S214009990E3E78846E1E7083CA400074808FA04F233
S2140099A0A140E7E7BDE8F8432AF0D7BCBDE8F88356
S2140099B000C0035004C003500CC003502DE9F04112
S2140099C0204B1646D3F810234A1C05460C46407812
S2140099D004D1D3F824142AF0CEFC0446002C2EDB47
S2140099E0072C14DC03274FEA84082A7807FA08F7BE
S2140099F03946154802FA08F22AF0A0FC6A78394679
S214009A0002F00302114802FA08F22AF097FC01233A
S214009A1016F0050F0E4A18BF0E4903FA04F30CBFE2
S214009A20C2F81034C1F8103416F0060F18BF094AF1
S214009A30C2F814340123064AA340C2F82034204654
S214009A40BDE8F08100C0035000C4035008C40350B2
S214009A5000E0035000D0035070B504462FF0E0F845
S214009A60064630B90FCC044D0FC594E80F0085E8C4
S214009A700F00304670BD00BF9C37002047F6FF73CE
S214009A809A42F0B570D0022970D8394B5B5C022B35
S214009A906CD8384DDE0005EBC304A77815F83330D4
S214009AA0012F394638BF0121012B16D1E078401A24
S214009AB00021884205D8012F2CBFC0190130C0B242
S214009AC0F0BD431A6568A0EB530335F91350954271
S214009AD0D4BF194603F1FF30EBE760680028EFD0EB
S214009AE0B0F90040944204DBB0F902409442B8BF9B
S214009AF0144683883544FF2B19BFC8232827B0F99E
S214009B000630B0F90870A3EB04030CBF0122002254
S214009B1093FBF7F36E7813441BB29E4201DD002BD5
S214009B2001DA731E1BB24FF47A7C00EBC305EA8899
S214009B30AD685F1C14FB02521D4622EAE2723BB27D
S214009B405C329E42B2FBFCF204DD00EBC307BF882A
S214009B509742EAD200EBC5039888904228BF104689
S214009B60884238BF0846AAE7FF20A9E70020A7E7F3
S214009B70FB7C04009C3700200229F0B560D8314BEE
S214009B80595C02295CD8304B13F83100012816D1F5
S214009B9003EBC1039C78D878012C214638BF0121FD
S214009BA0904294BFC1EB0001C1EB0201001BCAB298
S214009BB08242C8BF00225B6833F91200F0BD002A5B
S214009BC03CD003EBC1035968002939D098789042FD
S214009BD002D3B1F90200F1E7DC78B1F90000944253
S214009BE0ECD95C788B88013CA3F1FF06734201F147
S214009BF00405E4B2734101F10C07DEB2B44216D894
S214009C0005EBC3034FF47A756A43B3F902405B6809
S214009C10D21A04EBD47302EB630292FBF4F2904286
S214009C20CCDBB1F902009042C8DC10B2C6E737F8C8
S214009C3033C05E1C9445E3D33346DEE70348BDE7F6
S214009C400348BBE7FB7C04009C3700200CFEFFFFAC
S214009C500080FFFF08B50448FFF7FEFEBDE8084099
S214009C6001202EF0E3BF00BF007D04007FB5142264
S214009C70002101A810F066F9044B01A94FF0FF304F
S214009C8002932FF019F807B05DF804FB006A18007D
S214009C902DE9F0418CB08846DDE912761D46044673
S214009CA0002847D0002945D0002F43D0002E41D0B1
S214009CB013F00F033ED120482049A360002A08BFB6
S214009CC001462362C4E90013404609A92AF0E5FBD1
S214009CD068BB2046099934F05AF82946204634F0E5
S214009CE056F8694640462AF067FC00BB694620469F
S214009CF02AF092FC404603A92AF069FCB8B920462F
S214009D0003A92AF089FC06970127204645F000554E
S214009D1006A9079708952AF07FFC204609A9099608
S214009D200A970B9534F059F8204634F013F80CB027
S214009D30BDE8F0812120FAE70001000400010104DB
S214009D402DE9F04F97B0894690461F460546DDF848
S214009D5080A0002800F0BB80002900F0B8803AB14F
S214009D60229B002B00F0B380239B002B00F0AF80DB
S214009D70BAF1000F00F0AB80219B002B00F0A7800B
S214009D8067B13C680026229B43440293464507D3AE
S214009D9007B13C60002017B0BDE8F08F3C46F1E705
S214009DA05CB1229B219A9B5D125D01345340239A3D
S214009DB004F00F0493550136E8E7A8EB060BBBF159
S214009DC00F0F58D9434B4846C5E90034AC602C62A7
S214009DD013A92AF062FB0028DDD1284613992BF040
S214009DE00F0B33F0D4FF5946284633F0D0FF4846D1
S214009DF004A92AF0E1FB0028CDD1284604A92AF0C0
S214009E000BFC484607A92AF0E2FB0028C3D12846E7
S214009E1007A92AF001FC012322992F4ACDF828A091
S214009E200B930C928A190D9228464BF000520AA901
S214009E300E9303920F922AF0EFFB28460DA92AF004
S214009E40EBFB239B039A991901231091119312920D
S214009E50214A284610A9CDF84CA01493159233F049
S214009E60BCFF284613A933F0B8FF284633F072FF2C
S214009E705E4400288FD1229B03EB060B239B1E44D7
S214009E80029B9B4501D1464680E7ACB9219B224602
S214009E90CDE900A3494610232846FFF7F9FE00281F
S214009EA07FF479AF0AF1100212F8013D0133DBB2FC
S214009EB013700BB95245F7D1219A1BF8013B125D7E
S214009EC00134534006F8013B04F00F04D8E7212084
S214009ED061E700BF03030004100000207FB50E46B4
S214009EE01D460446F0B102B9E3B90123019202937C
S214009EF045F00053039300230B4AA360C4E90023F4
S214009F002362204601A92AF087FB3146204633F01B
S214009F103EFF2046294633F03AFF204633F01AFF2C
S214009F2004B070BD2120FBE700000943084B9842AF
S214009F3002D0084B984207D10B88B3F5105F14BFC8
S214009F406FF08500002070476FF08500704700BFF7
S214009F50004440040013C0041038102808D8064BEC
S214009F60C34013F0010F0CBF6FF08600002070474F
S214009F706FF08600704700BF010101002DE9F04F29
S214009F80A7B008AFCDE90501DDE93295DDE9346A11
S214009F9000210792384610229846DDF8D8B00FF018
S214009FA0D1FF102200210CA80FF0CCFF069B2BB986
S214009FB06FF08604204627B0BDE8F08F079B002B85
S214009FC0F6D0B9F1000F01D1002DF1D1309B13B9B5
S214009FD0319B002BECD116B9BAF1000FE8D1BBF1DA
S214009FE0000FE5D040460599FFF7A0FF044600287D
S214009FF0E0D1014628221CA80FF0A4FF202221460B
S21400A00014A80FF09FFF1CA833F0B7FE002840F0FE
S21400A010AF80DDE90612059814AB2AF049FB04462A
S21400A0200028C7D11498FFF797FF04460028C1D12F
S21400A03015B9CBF80000BDE7B14518D209EB05030A
S21400A0409E4214D25545B3D82A46494630460FF0AC
S21400A050CBFF554B984526D006D3544B984524D075
S21400A06003F54073984520D06FF08504A2E74F4B68
S21400A07098451BD003F54073984517D04A4B984532
S21400A080F2D1554594D815F00F0291D12B46CDE963
S21400A090009614A91CA8FFF7FBFD814600285CD19A
S21400A0A0CBF8005086E7B146EDE7B1461022002116
S21400A0B010A80FF047FF55453FF67AAF3C4B984542
S21400A0C0319B39D10D2B7FF473AF01238DF84030CF
S21400A0D0309B0DF1410203F10C0153F8040B8B4247
S21400A0E042F8040BF9D11B78137001238DF84F301A
S21400A0F015F00F0842D025F00F034B440DF1300C3D
S21400A10003F1100E624618685968083303C2734597
S21400A1109446F7D10F2D33D825F00F03334403931D
S21400A1200CABCDE9017310AB00934246002314A993
S21400A1301CA8FFF705FEB0E7102B7FF439AF309B65
S21400A14010AA03F1100E9446186859680833ACE854
S21400A150030073456246F6D1CAE7524600213046F0
S21400A1600FF0F0FE0023B9F1010FCBF8003002D05B
S21400A1706FF092041EE76FF08B041BE70F2D8FD94C
S21400A18010ABCDE9029600930197002325F00F024D
S21400A19014A91CA8FFF7D4FD81460028DDD1B8F12C
S21400A1A0000F3FF47DAFB7E7004440040010C00442
S21400A1B00013C0042DE9F04F8A46A1B00021DDE966
S21400A1C02A56DDE92C790590934606A81022984673
S21400A1D00FF0B8FE102200210AA80FF0B3FEBAF165
S21400A1E0000F05D16FF08604204621B0BDE8F08F41
S21400A1F0BBF1000FF6D00DB9002EF3D117B9B9F1A7
S21400A200000FEFD12E9B002BECD040460599FFF7B0
S21400A2108DFE04460028E7D10146282216A80FF036
S21400A22091FE202221460EA80FF08CFE16A833F0D1
S21400A230A4FD002854D15A46514605980EAB2AF084
S21400A24037FA04460028CFD10E98FFF785FE04465D
S21400A2500028C9D116B92E9B1860C5E7BD4216D294
S21400A260AB199F4213D24E45BCD8324629463846D3
S21400A2700FF0BAFE3A4B98455BD003F5407398450D
S21400A28031D0384B984511D06FF08504ACE7344B8D
S21400A29098454FD003F54073984525D0314B9845E7
S21400A2A0F2D14E4503D96FF089049DE73D4633074A
S21400A2B098D133460122CDE900570EA916A8FFF71C
S21400A2C0E7FC2E9B05461E6000288DD04A460021DE
S21400A2D038460FF037FE00232E9A012D13603BD030
S21400A2E06FF0920480E73D460D3E4E45DBD80123D5
S21400A2F08DF828302B460DF1290205F10C0153F894
S21400A300040B8B4242F8040BF9D11B780D35137001
S21400A3104FF48073ADF8363006AB01930AAB00936A
S21400A32032460023CDE902570EA916A8FFF708FD0E
S21400A330C7E73D46103E4E45B5D82B460DF1280CD6
S21400A34005F1100E624618685968083303C2734553
S21400A3509446F7D11035DFE76FF08B0444E700BF73
S21400A3600010C0040044400410B54FF42F720021C2
S21400A37004460FF0E7FD8023C4F88C30054B04F14B
S21400A3809C00C4F88430012384F88830BDE810406F
S21400A39029F076BA0FE8030010B5D0F8A0400A46B8
S21400A3A08CB92AF09BFB044610B90024204610BD49
S21400A3B02D2896BF064B074953F82010064A074833
S21400A3C02AF0D2FCF2E7D0F8A4101046A047ECE73B
S21400A3D0EC7D040012E803003BE6030042E90300BC
S21400A3E0F8B590F88060044616B100263046F8BDF1
S21400A3F02AF0A7F90028F8D1012384F8803094F8D1
S21400A400883033B1D4F884101F4884F888602AF066
S21400A410ABFC4FF0FF37D4F8B402421C1FD0C4F890
S21400A420B47210F0FF052CD020462AF087F9294692
S21400A430204600F0A7FB0028EDD020462AF08CF935
S21400A44094F888303BB1D4F884100F482AF08CFC7E
S21400A450002384F88830002384F88030C6E72AF08A
S21400A46068FC431CDDD1D4F88C30D4F89420013B32
S21400A4709A4204DB054A064906482AF075FC01267E
S21400A480E9E70126C7E700BFDDFA03003BE6030065
S21400A49020E8030042E90300F8B50B780446302BA9
S21400A4A00D46164604D14B7803F0DF03582B11D027
S21400A4B0284F6A1E12F8011F002934D128460A22A6
S21400A4C00FF030FC202C03460D4631D1B1FA81F056
S21400A4D040091AE04A1C1F4912F8013F8BB928466A
S21400A4E00FF02CFC1C4B02382340032B12D10134F6
S21400A4F0A41084420AD1A87837288CBF00200120F7
S21400A50003E0CB5C13F04400E6D1F8BDCCBF0120DD
S21400A5100020FAE7002CB8BF0334B0EBA40FD4BF7A
S21400A52001200020F1E77B5C13F00400C2D1ECE7C9
S21400A53026B1084302D0013B61F100050122A2408A
S21400A540013A1A40002D08BF9A420CBF0120002095
S21400A550DBE700BFD9A3040003000080F0B5037852
S21400A56001467B2B17D10646022400220B4F16F815
S21400A570015F7D2D05D10B5D6BB9D24302F0010062
S21400A58008E07B5D13F0440002D001320134EEE7B0
S21400A590202DFBD0F0BD0020FCE700BFD9A30400AF
S21400A5A070B506460D460FF0C9FB044630462AF045
S21400A5B0DBFB044EAC4200D370BD30462AF0D4FB21
S21400A5C00134F7E7B5F103002DE9F84F0446022100
S21400A5D05148FFF7E5FF1E212068FFF7E1FF63689B
S21400A5E058682AF0C1FB4D482AF0BEFB67683B7BE3
S21400A5F0FD2B12D8D7F808804FF0FF3640460FF0F4
S21400A6009DFB0546DFF81091DFF870A1DFF84CB12E
S21400A6100C3717F8013BFF2B01D1BDE8F88F212B33
S21400A62018D8212B36D8DFE803F0377274111B1DBB
S21400A6301F213535353535353535232527292B2D3D
S21400A6402F3135353535353535353D33344C002DE0
S21400A6502BD12EE0334C344AFE2B08BF1446F6E7C7
S21400A660324CF4E7324CF2E7324CF0E7324CEEE78D
S21400A670324CECE7324CEAE7324CE8E7324CE6E79D
S21400A680324CE4E7324CE2E7324CE0E7324CDEE7AD
S21400A690324CDCE7234CDAE7314CD8E72AF058FB9B
S21400A6A001362AE0002DB4D02E4C202B06F10106F0
S21400A6B0AFD002214846FFF773FF1E214846FFF73A
S21400A6C06FFF50462AF050FB594620460FF090FE8A
S21400A6D02549002818BF214624482AF045FB3B7828
S21400A6E0202B02D12B202AF033FB21482AF03CFBFA
S21400A6F04DB118F806301F2B05D018F806001F2895
S21400A70001D0AE42CADB05482AF02EFB81E7194C81
S21400A7109DE7194C9BE700BF553304003BE603005A
S21400A720CAE80300DCE80300C102040027E90300CE
S21400A7302EE903001FE903001BE9030012E90300EA
S21400A74008E90300FEE8030013E9030009E9030033
S21400A750FFE80300F4E80300EDE80300E4E8030084
S21400A760C9E80300CFE80300DAE80300DDFA0300D7
S21400A77053EC030026E903002DE90300A9030400B7
S21400A7802DE9F04F9BB005468B46002400920393BC
S21400A7900FF0D4FA249F039B04901C6028463C606C
S21400A7A00AAA09A92AF002FB064658B90A980FF029
S21400A7B0C5FA3446B046039B1860D5F89C30029321
S21400A7C0029B1BB920461BB0BDE8F08F029BD3F856
S21400A7D00890B9F1000F6CD02E4416F8013B202BE0
S21400A7E011D000260C23734309EB030A59F80330F3
S21400A7F00193002B58D0099B434555DB9AF8082057
S21400A8002AB1721C39E03B6801333B60E5E73968E2
S21400A810D5F894200793039B521A1A601AAB03EBE1
S21400A820880151F8403C0199184605930FF0A0FDA9
S21400A83006900028E5D101980FF080FADDE906239E
S21400A8400146DAF80400D7F800A090F80CC0BCF176
S21400A850FE0F16D103F1FF3EC64512D0D0F8009089
S21400A860059801920FF06AFA0AF1010A019A50441B
S21400A8702B5C23B1386008F101081646B2E70130B8
S21400A880F6E7D5F894200591A2EB0A028A4220DC6E
S21400A89058460FF053FA059901447B290DD95846BE
S21400A8A01F4A009929F013F82B46049A2A4493422B
S21400A8B02CD1029B1B68029382E7DDE90012584602
S21400A8C029F005F85846174A0099013428F0FFFF8A
S21400A8D097E7BCF1FE0F94D1013B434591D1D0F8E8
S21400A8E000A0DFF840905AF80C2B22B9049B3B607E
S21400A8F0039B1A60D8E75846009928F0E8FF4A46B6
S21400A9005846009928F0E3FF0134ECE713F8011BE2
S21400A9100029CCD14FF0200103F8011CC7E700BF87
S21400A92034E90300B5F103002DE9F047002486B0B2
S21400A9301C60DDE90EA8064689468AF800401168C4
S21400A940154888F8004017461D468DF81740FCF756
S21400A95029FB18B901242B6801332B600020D6F898
S21400A9609C6036B914B1012388F8003006B0BDE803
S21400A970F087B06868B14B460021CDE902A8CDE962
S21400A98000750DF117022AF048F89DF81730002BD5
S21400A990E8D13668E5E700BF39E903002DE9F0475E
S21400A9A00446ADF5447D8022002104A802AF0FF0D6
S21400A9B0C9FA80222046009703AB04A9FFF7E0FE01
S21400A9C001283DD104A80FF0B9F903993B68461A4F
S21400A9D00B4426EAE6762344054604A8324601449C
S21400A9E018460FF03FFC00228255D4F89060039B77
S21400A9F03968D4F890201944B14212DCD4F8941087
S21400AA00E81A0244C4F89020014404AAC4F894103A
S21400AA10D41825182B1B002B0DDC0DF5447DBDE846
S21400AA20F087A05C2AF094F9D4F890300136013310
S21400AA30C4F89030DBE714F8010B2AF089F9E9E74F
S21400AA40EBDD24AD8022002128460DF5887A0FF034
S21400AA5079FA0DF110094FF40072002150460FF0FC
S21400AA6071FA4FF001084A46002312F8016BA6B9A6
S21400AA7004A84AF828300FF061F92946334698456D
S21400AA801CDB19F8016B0DF5887C5CF8042B824200
S21400AA900CD101F8016B0133F1E7202E03F101031D
S21400AAA004BF4AF8283008F10108DEE70DF1100E61
S21400AAB07244D25CB242E8D00022EA54D4F89060E5
S21400AAC0039BB3422FDC23462C4A04A92C482AF0C9
S21400AAD04BF928460FF032F90646039B3F68F61AF4
S21400AAE01F4426EAE672E01917441D44E11904F1F2
S21400AAF0900399423CD904F19803984238D26A1ED2
S21400AB0081190B1A002B27DD12F8013F00F8013BD4
S21400AB10D4F890300133C4F89030D4F89430013330
S21400AB20C4F89430EDE7D4F890300136E05C2AF0B3
S21400AB300FF9D4F890300133C4F89030C0E7D4F859
S21400AB409020013B0132C4F89020D4F894200132C2
S21400AB50C4F89420002BF2DC00232E44E355731B2C
S21400AB60002B7FF75AAF15F8010B2AF0F1F8F6E73D
S21400AB7029460FF077FB3346ECE700BF0FE80300EB
S21400AB803EE903002DE9F843D0E9245604460F4673
S21400AB90002294F89830012B07D10A2F07D1002302
S21400ABA084F898300020BDE8F88300F29F801B2FC1
S21400ABB001D10223F4E70D2F0DD1012384F898303C
S21400ABC00D202AF0C5F80A202AF0C2F8002301203A
S21400ABD0C4E92433E7E74FF00008082F84F898808C
S21400ABE034D1454530DDB5420FD138462AF0B0F8AD
S21400ABF020202AF0ADF8013D38462AF0A9F8013E9B
S21400AC0004F80580C4E92456CCE7FBDA05F1FF39E1
S21400AC1038462AF09DF804EB0903A6EB09026119F1
S21400AC2018460FF0E1F904F806800146013E484850
S21400AC302AF09AF835464D4501DC4D46E2E70820F5
S21400AC402AF086F8013DF6E7ACD0DBE77F2F1CD173
S21400AC50002EA7DDB542A5DA6319691C2144184603
S21400AC60721B0FF0C1F904F80680014639482AF035
S21400AC707BF80820013E2AF06BF8B542F9D1D4F8EB
S21400AC809430013BC4F894308CE70A2F98D0092FF3
S21400AC9003D12046FFF782FE84E7D4F88C30013BD0
S21400ACA0B3427FF77FAFB54204EB050805F1010913
S21400ACB00CDB384688F80070D4F89430C4F89090CE
S21400ACC00133C4F894302AF043F86BE74146721B10
S21400ACD004EB09000FF088F940462AF045F80820F2
S21400ACE0013E2AF035F8B542F9DDE2E7022B06D13F
S21400ACF05B2F01D1032353E784F8982049E7032B01
S21400AD007FF450AF413F84F89820032F3FF64AAFB8
S21400AD10DFE807F002070A160121204629F0C9FFDE
S21400AD2040E74FF0FF31F8E7B542BFF63BAF605D56
S21400AD302AF00EF8D4F890300133C4F8903031E79A
S21400AD40002D7FF72FAF013D0820C4F89050BAE7DA
S21400AD5047E9030041ED030008B50248FEF720FC72
S21400AD60002008BD00B4C40430B58BB06C46174D47
S21400AD700FCD0FC40FCD0FC495E8030084E8030081
S21400AD80134BD3F84C2112031CD5A3F5FE431C88A5
S21400AD904FF6FF739C4208BF8C248DF81940FEF7CF
S21400ADA0E7FC204480F308008DF818000948FCF7FB
S21400ADB091F96846FEF744FC3220FEF7DFFC0020DF
S21400ADC00BB030BDD3F85041E4B2E6E7A47E0400F1
S21400ADD00080E00F00F049020028ACBF00F16040A0
S21400ADE0064B4FEA0111C9B2ABBF00F5614000F057
S21400ADF00F0080F800131954704700BF14ED00E0F0
S21400AE0008B532F05BFF0B4B1A7872B901221A7044
S21400AE1032F04FFF6FF0040210460132052152B2A5
S21400AE20FFF7DAFF3D2AF7D108BDBDE8084032F04B
S21400AE3040BF00BFD9580020002807DB0123410986
S21400AE40034A00F01F00834042F82130704700BFDD
S21400AE5000E100E0054B421153F8223000F01F00DD
S21400AE6023FA00F0C04300F00100704700E100E064
S21400AE70002808DB01224309034900F01F00824036
S21400AE80603341F82320704700E100E010B5044627
S21400AE9032F007FF024B1C6032F0FEFE002010BDB1
S21400AEA0C437002010B532F0FCFE034B1C6832F0AD
S21400AEB0F3FE204610BD00BFC437002038B50C4650
S21400AEC01546014610B9FFF7EDFF01462B46224610
S21400AED003480DF047FF0028D4BF3720002038BDB8
S21400AEE0034F030008B500F0E3FB18B16A210248DF
S21400AEF032F0D6FF002008BD4CE9030008B500F08C
S21400AF0049F80C4A536A43F470235362EFF30883FC
S21400AF104FF0CD31084A043B934208D200F070FA55
S21400AF20FFF7E0FFBDE808400448FEF795BD43F88C
S21400AF300419F1E700ED00E008000020007D0400A1
S21400AF4007B5042200200DEB02012DF02DFE04288B
S21400AF5003D0D721044832F0A3FF019800F0DCF9B3
S21400AF6003B05DF804FB00BF4CE90300082310B5EE
S21400AF700C0A41400648C9B241F30002013B0240B8
S21400AF8013F0FF0382EA5101F6D184EA010010BDF6
S21400AF902083B8ED38B5FEF73BFC044629F0C0F92F
S21400AFA0E3072AD401221046114600FA01F3234093
S21400AFB002F1010223D01D4B33F811301C48062B3A
S21400AFC0028844881B4920D14FF20F039C4219D1B6
S21400AFD0B2F5406F28BF4FF4C0624CF23C330A8093
S21400AFE0438040F201730A889A4201BF124B134A0B
S21400AFF0D2E90001C3E9000115E00021DBE7102AD1
S21400B000D2D1DBE74FF4C062E7E740F20725AB4258
S21400B0100AD14FF20F05AC4206D19A4204D14CF247
S21400B0203C320B80428038BD0B80DAE76480040037
S21400B03018600020D6510020C8370020106000207D
S21400B040014B1888704700BFD6510020014B188866
S21400B050000A7047D6510020044B05481B881A0A80
S21400B060B3F5406F38BF00EB82007047D651002022
S21400B07034800400044B1888044B020A53F822302C
S21400B080C0B203EB80007047D65100200480040055
S21400B09010B5044632F009FE4FF20F02044B1C8036
S21400B0A05A80BFF35F8FBDE8104029F0F4BE00BFA2
S21400B0B0186000206D4A2DE9F0416D4B55686D4CC7
S21400B0C05D65516A99656C49D1F80002D865D1F87A
S21400B0D00412586B1966916A10F0040F5966D16A0B
S21400B0E04FF000009966116BD966516B1967D26BE9
S21400B0F0D8645A67D3E90E1218BF11465F4A9142C8
S21400B1001A655DD301F12000A04259D88869C5F3BD
S21400B11008051864CE69062D5E6455D1584DA842C0
S21400B12052D3584DA8424FD205884DF6426085420C
S21400B1304AD11868C3F890005868C3F8940040F2E3
S21400B1400170A242154604D22E680432B6F1CD3FF5
S21400B150F7D00022C3E91E22C3E92022C3E9222237
S21400B160641BDFF81CC1434DDFF818E19C648D4278
S21400B1702DD8D3E91EC7D3E92065D3E922414FF085
S21400B180000E013AD2B2FF2A3CD1BEF1000F05D024
S21400B190C3E91EC7C3E92065C3E92241B3F85430AA
S21400B1A0C3F308030C2B3BD8022B54D9DA1E092A0A
S21400B1B051D8DFE802F03157404350505050504DC0
S21400B1C00021C3E910112D494FF42060B9E755F866
S21400B1D0044D6445CBD37445C9D2E607C7D50026CF
S21400B1E0294F57F8048FA045C1D00136062EF8D156
S21400B1F032B1013AD2B202F11E0643F82640B6E753
S21400B2000522F8E7E0464FF0010EBC4637462E46CC
S21400B21025460C464146B4E740F60120BDE8F081DD
S21400B2203B2B18D1194B9B6913F0020F40F20253C7
S21400B23018BF1846F2E740F60320EFE740F6042270
S21400B24040F20173B0F5206F0CBF10461846E5E7D4
S21400B25040F60520E2E740F60722013B4B2B98BF5D
S21400B2601046DBE740F60220D8E700BF00ED00E01E
S21400B270805F00200810002000E100E008000020A9
S21400B280D0420000C0E20300F45F00200080015AB4
S21400B29000F00CB800F00AB800F008B800F006B8E5
S21400B2A000F004B800F002B800F000B872B61EF065
S21400B2B0080F09D01EF0040F0DD0DFF850E0AEE8FE
S21400B2C0FF1F6FF002000CE0DFF840E0AEE8FF1F63
S21400B2D06FF00E0005E0DFF834E0AEE8FF1F6FF019
S21400B2E006006946EFF309828EE80700864608489E
S21400B2F0084C854501D3A54501D384F30888FFF79C
S21400B300D9FE84F30888FFF7C3FE0000805F0020A4
S21400B31048000020081000204BF6EF6283B2002B96
S21400B32008BF1346044A000C13804FF6CE2308BF0E
S21400B3301846024B188070473C6800203A68002088
S21400B3400B4BB3F900201888002AB8BF80F06200C3
S21400B35042001A80074AB2F9001013880029BCBFC1
S21400B36083F4805383F00B035900118058407047D4
S21400B3703C6800203A68002007B5684600F01AF8D6
S21400B380DDE900010022034B03B05DF804EB2AF070
S21400B3907EB800BFD037002007B5009313460A4694
S21400B3A00146034829F027FE03B05DF804FB00BF02
S21400B3B0D03700200249034A0160521A42607047A3
S21400B3C0106900200000012000487047D037002098
S21400B3D038B54160044632F064FC05462146044810
S21400B3E028F051FA2846BDE8384032F055BC00BF78
S21400B3F0F8370020014828F043BA00BFF83700208D
S21400B4000222014B1A6770470040005070B532F0B8
S21400B41048FC174E0546174832F0EEFC3378CBB999
S21400B42000F046F9044620B1284632F035FC2046A6
S21400B43070BDFFF7DFFF32F0A6FD0F4B1C6031F04A
S21400B440DBF90E4B0E4A1860536F43F00103536747
S21400B4502AF039F800F028F82AF04CF8094B0024B6
S21400B460186001232846337032F016FCDFE700BF71
S21400B470E5580020DC7E0400FC370020243800203D
S21400B4800040005000380020054B1B685843054B11
S21400B49000F5742000F23F20B0FBF3F0704700BFC9
S21400B4A02438002040420F00294B2A4AD3F80031A6
S21400B4B070B503F00303136030F034FF4FF4C87028
S21400B4C0FFF7E2FF0022244B24491860244C0B6847
S21400B4D00132D2B20A2A44F8040BF9D1034400EB35
S21400B4E0C00003440B601F4B1F4D1B7813B3184B53
S21400B4F0D3F8003103F00303022B22D0032B23D012
S21400B500012B17D130F0A6FC024698B1174B184E07
S21400B510DC6800231946C4F30B04013404EB8404EE
S21400B5200138E4FB06010EF0A1F9FFF7ADFF2B682A
S21400B53003442B601F20FFF7A7FF2B6803442B60F4
S21400B54070BD30F0D1FCDFE732F0BEFBDCE700BFB9
S21400B5500080005064380020283800202C38002056
S21400B56030380020E95800205C38002000C0015028
S21400B57040420F000122154B10B55A67144B154C6C
S21400B5801B7813B3022032F0EFFCF0B131F0BAF9B9
S21400B590D8B1A36DD90302D5E36D9A0715D40D4B28
S21400B5A09B6DDB0711D401220B4B1A7032F0D0FCD6
S21400B5B0BDE81040094B0A4A1860136F23F00703D2
S21400B5C043F00303136730F02BBC10BD00D00050CF
S21400B5D0EA58002000C00050E758002058380020E5
S21400B5E0008000500122014B1A707047EA58002074
S21400B5F007B5FFF7C1FE01A8FEF778F99DF80530FC
S21400B600012B25D1234B9A6DD20311D45A6B6FF3BD
S21400B610162242F4BC1242F4A0625A631A6B22F459
S21400B620704242F440421A631A6B42F4E0621A63B4
S21400B6309DF8043063B94FF000531B68164B1B6827
S21400B640164B1B68164B1B68164B1B68164B1B6865
S21400B650164AD2F8803043F00303C2F8803029F04F
S21400B66051FFFFF7CDFBFFF777FBFFF77DFB0DF0F4
S21400B670C3FBFFF7CBFE00F01BF829F044FFFFF7F3
S21400B6803DFC29F04FFF2DF0C9F803B05DF804EB40
S21400B69029F03ABF00C00050004000200080002083
S21400B6A000C0002000000120004001200080005063
S21400B6B070B532F003FB144E05463478FCB9134BD4
S21400B6C01C60134B1C60134B1C6000F031F801200B
S21400B6D031F006FA31F0F8F90F4B0246186020B93F
S21400B6E0284632F0E6FA232070BD234640F2E731C2
S21400B6F00A480EF0BBF80A4B186001233370284640
S21400B70032F0D7FA0020EFE7ED580020743800201A
S21400B710703800207C3800207838002018FCFFFFA6
S21400B7206C380020014B1868704700BF6C3800204A
S21400B7301FB50024184B18689A880290D3F80600A4
S21400B7409B7A00901548ADF80C208DF8043032F046
S21400B75053FB02A88DF808408DF80C40FEF7A2F8BF
S21400B760694601208DF80040FEF760F81F220C4B5A
S21400B7709A615A614FF0B042936A13F00803FBD106
S21400B78013620120FEF76CF80A20FFF771FB0A200F
S21400B790FFF752FB04B010BD8D800400D87E040075
S21400B7A00020005810B532F089FA4FF0B043044636
S21400B7B05B691A07074A03F0010003F00D0348BF50
S21400B7C040F00200536131F0B3F82046BDE8104067
S21400B7D032F06FBA0020005821282DE9F3410546C3
S21400B7E004D82C46204602B0BDE8F08100240B4E5B
S21400B7F00B4FDFF830800023CDF800801A4619463C
S21400B800386828F089FB8442EBD2222CE9D056F81F
S21400B810043BAB42E6D00134EDE700BFAC83040046
S21400B82010630020FFFF0F002DE9F04F644E654DBA
S21400B83089B029F0C3FE31682868FCF7D1FD0446BC
S21400B840002827D033680024D3E900019A691268DB
S21400B8509047336804A89B699B6898473368022022
S21400B8609B69DB689847326805985368E7B2B3FB74
S21400B870F0F3BB42916904F101044ED8CB68002076
S21400B880984733689B695B68984731682868FCF777
S21400B890A7FD04460027DFF844A1DFF84481DFF85F
S21400B8A04491F4B9484B2868DB5D002B00F0838098
S21400B8B0D8F8006002AB314603AAFCF713FF2D2828
S21400B8C007D070B9039B012B0BD031462868FDF7D3
S21400B8D05DF9DAF8003031461A682868FDF7D6F8C0
S21400B8E004460137222F0AF1040A08F1040809F178
S21400B8F00109D6D1B4FA84F3344A5B0913702B6875
S21400B9001B7C33B129F026FE18B1DB21304832F01B
S21400B910C7FA204609B0BDE8F08F12680B6907FB2E
S21400B920002098479FE7D8F8003003AA194402ABD6
S21400B9300191FCF7D7FE2D28034601992BD02868E5
S21400B94013B30BF1010B5FFA8BF18E422868EAD82D
S21400B950204BDB5D002BC4D0F3B27E2B2868C0D80A
S21400B960D8F8003003AA06EB030B594602ABFCF7E7
S21400B970B9FE2D28B5D059462868FDF707F90136D7
S21400B98004460028E8D0ACE7039B7BB999F8002072
S21400B990029B9A42D5D099F80030DAF80020286841
S21400B9A0FCF76EFF0028CCD00446D1E70191FDF7E6
S21400B9B0EDF80199EFE7084BA346DE5DC3E700BF4D
S21400B9C0F06200201063002088830400EF580020F7
S21400B9D0D3E90300668304002283040098800400F1
S21400B9E0AC83040044830400F8B51F46214B04468C
S21400B9F01B780D46164623B100F47E23B3F50E2FB2
S21400BA002BD02046FFF7E8FE2128044614D81A4B10
S21400BA1053F82010194B1B78ABB1194B212C186822
S21400BA201DD8184B1B5DD3B13268FDF72FF80446BE
S21400BA3050B129F08EFD07E0FF2807D93A46314677
S21400BA4080B229F09AFA00242046F8BD4FF4A97176
S21400BA500D4832F025FA0021DCE70146DAE77F2DB3
S21400BA6008BF00253B46324651FA85F1FCF708FF31
S21400BA70DDE700BFEE580020AC830400EF5800203E
S21400BA801063002088830400D3E9030030B5134612
S21400BA9000F07E62B2F17E6F8BB00DD10A46C0F325
S21400BAA00B016846FEF71AFA20B140F293110948D6
S21400BAB032F0F6F90BB030BD5A0829F04DFD0028DB
S21400BAC0F8D04FF49C7103480BB0BDE8304032F01C
S21400BAD0E7B900BF64EA03002DE9F743C707054648
S21400BAE00E46144604D540F2E311494832F0D8F920
S21400BAF0E10704D54FF4F271454832F0D1F9454BD1
S21400BB0093F80080B8F1000F20D043F260239D42E6
S21400BB1008D12246314640480EF0A4FB002003B070
S21400BB20BDE8F083C5F30B0705F44055B5F5805F17
S21400BB3014BF4FF40F204FF40E20234632467F21C9
S21400BB40384303B0BDE8F043FFF74EBF05F470433B
S21400BB50B3F5805F3FD1C5F30B05304A05F17E652E
S21400BB60631E2B44934230D82F46DFF8A49007EB91
S21400BB700408474542D1AA070ED04FF6FF7336F8A1
S21400BB80022BA81E43EA024304220DEB0201019396
S21400BB90FFF77CFF0235023CA3070ED0023C24F0E0
S21400BBA00103F35A04226FEA03436FEA13430DEBD3
S21400BBB0020128190193FFF769FF002CAED0224638
S21400BBC031462846FFF762FFA8E740F2FD1110480D
S21400BBD032F066F9C8E705F46043B3F5005F04D1B8
S21400BBE0C5F30B0505F53E25BEE740F205210848DE
S21400BBF032F056F96FF00F074546B6E717F8013BE7
S21400BC00FF2BB6D04FF40471484632F049F9B0E73E
S21400BC1064EA0300EE5800203E680020FF03E00FB1
S21400BC2010B500F077F829F0E3FC044618B100F0F0
S21400BC3079F8204610BD00F07BF804460028F6D1BF
S21400BC400122014B1A70F2E7F0580020054B1B78D2
S21400BC5033B1054BC0F3130100221868FCF75ABF36
S21400BC6011207047F058002010630020144B2DE977
S21400BC70F0411B7805460E461746FBB129F09FFC9F
S21400BC80012805D9841EE4B2012C09D9212412E02A
S21400BC903B4631462846BDE8F041002200F052B847
S21400BCA000F038F83B4600223146284600F076F889
S21400BCB0044600F037F82046BDE8F0811124FAE784
S21400BCC0F0580020124B70B51B7804460D461646F9
S21400BCD0E3B129F074FC012805D9831EDBB2012BE1
S21400BCE008D9212410E0324629462046BDE8704097
S21400BCF000F040B800F00EF820463246294629F0FB
S21400BD0079FC044600F00EF8204670BD1124FBE7CF
S21400BD10F058002008B531F0C4FF014B186008BD8C
S21400BD2080380020014B186831F0B6BF80380020FC
S21400BD30024B1968024B1868FCF752BBF0620020F1
S21400BD401063002037B505460C46C0F313010848BB
S21400BD50ED02006805D5224603B0BDE83040FCF78A
S21400BD608DBC009313462246FCF742FC03B030BD60
S21400BD701063002030B405461346074A0C46C0F34D
S21400BD8013011068EA0203D5226830BCFCF77EBEB9
S21400BD90224630BCFCF774BD10630020F7B505469C
S21400BDA00F4614461E461BB92125284603B0F0BD93
S21400BDB00029F9D029F003FC4BF23462ABB293426F
S21400BDC020D14FF0FF3322466946CDE9003325489F
S21400BDD03346FFF7E3FF08220546234968460EF080
S21400BDE0FDFB38B933462246694641F2F010FFF7AC
S21400BDF0D5FF0546002DD8D13246694638460EF0A6
S21400BE0031FAD2E741F2F01293420FD1174B3119B3
S21400BE1008299A6CDB6CC7D8CDE9002332460DEBB7
S21400BE20040138460EF01EFA0025BEE702280BD1A4
S21400BE30C5F30C4332199342B6D3C5F30B0104F194
S21400BE407E6432462144ECE7032809D1C5F30C434F
S21400BE5032199342A8D3C5F30B0104F53E24F0E74C
S21400BE600125A2E7021008C0388404000080E00F15
S21400BE7010B52BF073FE2CF029FFBDE810400346EA
S21400BE8001210220014A02F00BBC00BFFBEA0300BE
S21400BE9013B5D0E9023253F822301C7820462BF036
S21400BEA06FFE2346009001210220024A02F0F8FBB2
S21400BEB002B010BD0FEB0300014B18782BF035BA1B
S21400BEC0F1580020FF232DE9F04F8FB011220021FA
S21400BED008A88DF813300EF035F808A82AF0E1FB14
S21400BEE001210220B04A08AB02F0DAFB41F2490316
S21400BEF0AE4A0121022002F0D3FB06A82AF000FD7C
S21400BF0008A90DF113002AF006FD02200021A84A18
S21400BF1002F0C6FB00202BF039FA10B106A809F093
S21400BF20CDFB9DF92A3001210220A24A00939DF8FC
S21400BF302B3002F0B5FB2BF00DFE831EDBB2FC2B84
S21400BF40054631D8012102209B4A02F0A9FB0124B4
S21400BF509A4E9B4FDFF8D0822346324600210220BD
S21400BF6002F09EFB05A9E0B22BF0F6FD034650B1A9
S21400BF70A0F11602012A40F2AA80424601210220C0
S21400BF8002F08EFB0CE09DF914303A4601939DF8C2
S21400BF9016300121009302209DF8153002F080FB38
S21400BFA00134E3B29D42D7D8BDF8284007F072FFAF
S21400BFB023460021834A0090022002F071FB0220F3
S21400BFC00021814A02F06CFB00202BF0DFF910B153
S21400BFD008A809F073FB01217C4A022002F060FBEE
S21400BFE02BF016FD04462BF011FD23460121784A5E
S21400BFF00090022002F054FB08F024FC00210220EE
S21400C000744A02F04DFB9DF81330FF2B65D00021DB
S21400C0100220714A02F044FB01216C4A022002F021
S21400C0203FFB2AF07DFC012103466C4A022002F009
S21400C03037FB07F007FF00210346694A022002F09B
S21400C0402FFB2AF073FC04462AF072FC23460121DB
S21400C050644A0090022002F023FB31F02EFF08F025
S21400C06099FC01210346604A022002F019FB0025D4
S21400C070DFF8B88108F08EFCECB2A04233D831F07D
S21400C0801CFF0123594A1946022002F009FB002032
S21400C0902BF04BF9564B574C0093012100230220FE
S21400C0A0554A02F0FDFA236863B1012102201B788D
S21400C0B0524A02F0F5FA2368012102205B78504AC2
S21400C0C002F0EEFA2BF036F90FB0BDE8F08F012142
S21400C0D002204C4A02F0E4FA62E7002102204A4AB3
S21400C0E002F0DEFA98E7494B204603EB0416D6F832
S21400C0F0089008F009FD8246204608F051FC444F9F
S21400C10000280CBFC346BB46204608F0FDFC0AF0DC
S21400C110B7FA002808BF4746534600210220CDE95B
S21400C12000B73C4A02F0BCFAB37901210293B38807
S21400C130022001937388384A0093337B02F0B0FAEA
S21400C1400026DFF8ECB099F80430F4B2A34203D826
S21400C15031F0B3FE01358DE714235C43D9F8007047
S21400C16002203A5B07EB040A9AF90C3000922B4A3D
S21400C170002132EA230228BF5A461346284A02F014
S21400C1808FFA00202BF002F938B150463C5B2AF0BB
S21400C19036FC014620460AF0C1FA01210220214A57
S21400C1A002F07EFA0136CEE750EB03005FEB0300A9
S21400C1B07BEB0300A7EB030082EB030098EB030086
S21400C1C09FEB0300D4EB0300F4EB03003EEC03000C
S21400C1D0FDEB03001FEC0300400A04002AEC0300FA
S21400C1E040EC030056EC03006CEC0300E5EC0300A7
S21400C1F0FDEC03001C3D0020F1EC03000BED0300FA
S21400C2001FED0300BCEB0300DCE80300503C0020FD
S21400C21027EB030077EC030097EC030044EB0300E6
S21400C220CDEC030055330400C7EB03002FEB0300EF
S21400C23038EB03002DE9F7430025134EDFF858804E
S21400C24008F0A8FBECB2A04202D803B0BDE8F08329
S21400C2502701204616F8079008F0A2FB0B4A4B462B
S21400C260002808BF4246002102200092084A02F039
S21400C27017FAF05D2AF060FB01210220054A02F061
S21400C2800FFA0135DCE700BF503C0020EE39040011
S21400C2903AED030055330400F839040008B5836806
S21400C2A05A681178C26853F82230A1F165025142EB
S21400C2B05141187808F02AFD30B9BDE80840012140
S21400C2C00220024A02F0ECB908BD00BF45ED0300AB
S21400C2D000210220014A02F0E3B900BF5FED03002F
S21400C2E000210220014A02F0DBB900BF8DED0300F9
S21400C2F010B5044686B01822002168460DF022FECE
S21400C30068462AF08FFFD4E9022052F8203002EB6C
S21400C31080021B788DF80B30516891F900108DF86B
S21400C3200A1091680988ADF808106168091A03298F
S21400C33007DDD26803F01F03127843EA42138DF834
S21400C3400B30684607F054FE00210346024A0220DE
S21400C35002F0A6F906B010BDA9ED030007B500204F
S21400C3602BF0BCFB00210090034B0220034A02F096
S21400C37097F903B05DF804FBB6ED0300BCED0300CF
S21400C38013B5D0E9023253F8221003EB82035B6840
S21400C390087819680023094CA222994208BF214652
S21400C3A0C01A18BF01202BF08DFB01210090044B12
S21400C3B00420044A02F074F902B010BD00F8FF072A
S21400C3C0832F0400CEEE030013B5D0E9023203EB50
S21400C3D0820153F82230D1E901141878FF22003880
S21400C3E018BF0120237809682BF06CFB0121009010
S21400C3F0034B0420034A02F053F902B010BD00BFFD
S21400C400C7ED0300CEEE030008B5002101230C4A59
S21400C4102BF0CAF90A482AF028FF0020094909F03B
S21400C420E5F900202AF0B2FF10B1054809F046F9F8
S21400C430BDE8084001210420034A02F031B900BFDC
S21400C440225E0020DCED03005533040010B52AF010
S21400C45071FA034630B1BDE8104001210420054AB8
S21400C46002F01EB90121BDE810400420024A02F085
S21400C47017B900BFEAED0300FBED030010B52AF084
S21400C480F8FEBDE81040034601210220014A02F0F2
S21400C49007B900BF06EE030010B52AF0B9FEBDE8E6
S21400C4A01040034601210220014A02F0F9B800BFFD
S21400C4B01CEE030037B5D0E90232012453F82230CF
S21400C4C04FF6FF701D78FE2204FA05F100232BF0CC
S21400C4D06DFB2B46009021460420024A02F0E0F84D
S21400C4E003B030BD30EE0300D0E9023253F82230FC
S21400C4F01B7823B101210220024A02F0D1B8024A79
S21400C500137070474FEE0300F158002007B56846D9
S21400C5102AF0F6F907F0BEFC01210346084A02207D
S21400C52002F0BEF8684609F0C9F807F027FF0121B7
S21400C5300346044A022002F0B3F803B05DF804FB99
S21400C54065EE03007FEE030037B5D0E9024540688C
S21400C55054F82530401B0328D8BF002004EB850480
S21400C560C8BFE06819786368C8BF00781A78A368FF
S21400C57093F90030009001202BF092FA38B901218F
S21400C5800220084A03B0BDE8304002F089B8064BE6
S21400C5900190009301210220044B054A02F080F826
S21400C5A003B030BD90EE030098EE0300321B04008B
S21400C5B0ACEE030007B501202BF07AFA48B90090DC
S21400C5C001210220084B094A02F06AF803B05DF820
S21400C5D004FB054B0190009301210220044B054A01
S21400C5E002F05EF8F2E700BF98EE0300C3EE030029
S21400C5F0E1470400ACEE030008B5D0E9023253F878
S21400C600223018782BF008FA30B9044A0121BDE828
S21400C6100840042002F044B8014AF7E7D8EE0300C9
S21400C620F4EE030008B5D0E9023253F82230188839
S21400C6302BF0F0F930B9044A0121BDE80840042087
S21400C64002F02EB8014AF7E713EF030043EF0300AA
S21400C65073B50378044613F0050F0ED04588062DF3
S21400C66017D1836801215B68174A1B78019383887A
S21400C67004200093154B02F013F82378012B20D0EA
S21400C68001210420114B124A02B0BDE8704002F0AE
S21400C69007B835B98388012104200E4A02F000F855
S21400C6A0EBE7012DE9D186680B49002009F09EF8DA
S21400C6B0304609F003F829460420084A01F0F0FF46
S21400C6C0DBE702B070BD00BF79EF030070EF030038
S21400C6D0CBEF030096EF0300B3EF030055330400DF
S21400C6E02DE9F04F00268FB0364D09AC0FCD0FC4A4
S21400C6F02B6801210220344A236001F0D1FF344622
S21400C700DFF8DC902AF010F9F5B2A8420BD82AF030
S21400C7100BF923460090012102202C4A01F0C0FFAD
S21400C7200FB0BDE8F08F284605A92BF057F9034651
S21400C730002841D19DF81430032B39D904238DF8F5
S21400C74014302B4600210220214A01F0A9FF9DF853
S21400C75014300EAA02EB830300214A4653F8143C19
S21400C760022001F09DFF28469DF821A09DF815B0F7
S21400C7709DF81870BDF816802BF032F95346CDE9B7
S21400C780028000210220CDE900B7124A01F088FF9E
S21400C79001340020E4B22AF0F9FD18B10DF11900B9
S21400C7A008F08CFF002102200B4A01F079FF01E01F
S21400C7B0002BC6D10136A5E700210220074A01F06A
S21400C7C06FFFF7E740840400DDEF030056F0030038
S21400C7D09AEB03000AF003003BE6030031F0030087
S21400C7E0DDFA0300C3688268013BDBB252F82330EF
S21400C7F002201B78652B14BF00220121044B1BBFAF
S21400C80001211A70034A044A08BF197001F048BF94
S21400C810A56800206DF003007BF00300D0E902322B
S21400C82053F822301A88014B1A807047406800205F
S21400C83007B5D0E9023103EB810253F82130526884
S21400C8401988054B0548128800930088012309F0D3
S21400C85029FC03B05DF804FB51C6000040680020C8
S21400C860C3688268013BDBB252F823305B78A3F1E1
S21400C870660253425341014A13707047A86800206D
S21400C88030B5D0E9023253F8223089B01D78012342
S21400C89002AA194604462AF087FF012300931023B4
S21400C8A002210DEB030220462AF05FFF284604AA69
S21400C8B002A92BF095F9044600202AF067FD18B16E
S21400C8C02146044807F076FB0020034908F074FF71
S21400C8D009B030BD8AF0030055330400002330B59C
S21400C8E08FB00221009309AA122305462AF03DFFC5
S21400C8F005AA014609A807F0E1F8044698B12328DE
S21400C90005D1134A0121042001F0CAFE09E02128BE
S21400C91001D1104AF6E70346012104200E4A01F031
S21400C920BFFE0FB030BD01232846194603AA2AF0E1
S21400C9303BFF05A903A82BF055F9054620462AF02B
S21400C94025FD18B12946054807F034FB044AD9E707
S21400C95097F00300BAF00300F5F0030016F10300A9
S21400C96055330400F0B5D0E9023253F8221003EB39
S21400C97082039B6805461F7887B038460E782AF0F3
S21400C980E5FC044608BBD5E9022101238DF80830F2
S21400C990194452F8210002EB810200888DF80970D4
S21400C9A09268ADF80A00127804218DF80C2028460B
S21400C9B00DF10D022AF0F8FE304602A98DF815405A
S21400C9C02BF010F804462AF0B5FC3346012104206B
S21400C9D0024A009401F064FE07B0F0BD2BF103009C
S21400C9E02DE9F04101218EB00220274A01F058FEC1
S21400C9F0002005AB01AA09A92BF0ECF80025044697
S21400CA00224E234FDFF898801CB128460EB0BDE8B2
S21400CA10F08102202B463246214601F041FE204698
S21400CA202AF0B4FC10B10AA808F048FE3A460021E5
S21400CA3002209DF8303001F033FE424600210220ED
S21400CA40079B01F02DFE00210220BDF82030114A80
S21400CA5001F026FEBDF8143000210F4A022001F036
S21400CA601FFE013501A82AF08CFCEDB20121022040
S21400CA700A4A01F015FE284605AB01AA09A92BF0C3
S21400CA80A9F80446C0E700BF5DF10300A3F1030068
S21400CA90ABF103005F0A0400C0F103005533040045
S21400CAA0B7F103002DE9F047064698B0C0B929F063
S21400CAB039FF074600250EA82BF096F80121022024
S21400CAC0384A01F0EDFD2C46DFF8E080DFF8E09014
S21400CAD0DFF8E0A0BC4205D3284618B0BDE8F087D2
S21400CAE00127E7E713A82BF07FF8002E4CD002238F
S21400CAF006A913A88DF84C30FE242BF067F8002802
S21400CB003FD102A913A82BF067F89DF8593043F0DF
S21400CB1001038DF85930002E3DD1234631460220C0
S21400CB20214A01F0BDFD9DF859300AA943F00103E2
S21400CB3013A88DF859302BF04FF800202AF026FC69
S21400CB4010B114A808F0BAFD0C9B42460021022042
S21400CB5001F0A6FDBDF82820002112F4007F0CBFCE
S21400CB604C23412312F0100F0CBF6E2279220220B4
S21400CB7000924A4601F094FD06A82AF002FC013510
S21400CB80EDB20134E4B2A5E720460AAB06AA13A923
S21400CB902BF01EF8B3E752460021022001F080FD7C
S21400CBA0C1E700BFCAF10300A3F10300B7F1030019
S21400CBB006F20300FFF1030030B5012499B00EA879
S21400CBC02BF012F813A88DF838402AF0A3FFC0B94E
S21400CBD0BDF84C1011EA040513D121460220444A40
S21400CBE001F05EFD29460220424A01F059FD214629
S21400CBF002203F4A01F054FD214602203C4A01F043
S21400CC004FFD06A90EA82AF0E1FF20B11022FF2151
S21400CC1006A80DF097F904A82AF0E0FF059B01216D
S21400CC200220354A0093354B01F03AFD9DF812304C
S21400CC3001210220324A0093304B01F031FD0021E1
S21400CC402E4B304A022001F02BFD06A82AF099FB55
S21400CC5013A82AF0C9FF02230AA913A88DF84C309E
S21400CC602AF0BAFF00283FD10B9B00930121022037
S21400CC70254B264A01F014FD0121234B244A0220AD
S21400CC8001F00EFD0120FFF70DFF01211E4B214A8A
S21400CC90022001F005FD0020FFF704FF044629F0FE
S21400CCA041FE23460090012102201B4A01F0F8FCB9
S21400CCB001211A4B174A022001F0F2FCFFF790FE02
S21400CCC01749022803461748174A28BF0A46084944
S21400CCD028BF01460092CDE9013102200121134A06
S21400CCE001F0DEFC19B030BD4FF0FF33BDE700BFEA
S21400CCF05533040019F2030057F203004FF2030005
S21400CD0067F20300BC190400E32704007AF203006C
S21400CD108AF2030091F203009AF20300AEF20300D7
S21400CD2015F20300260F0400780F0400BCF203007F
S21400CD3010B5D0E9023253F822301C78201E18BFF6
S21400CD4001202AF0D3FE054A054B0020002C18BF10
S21400CD501A46BDE81040034908F02EBDE9F203006C
S21400CD60E4F20300F2F20300D0E9023210B553F801
S21400CD7022301C8820462AF0BBFE2246BDE8104022
S21400CD800020014908F018BD33F3030037B5044608
S21400CD9007F058F8014638B100200D4A0D4903B097
S21400CDA0BDE8304008F008BDE368A268013BDBB28E
S21400CDB052F8233008481D780123084A00936C2D4A
S21400CDC008BF0246102320462AF0CFFC03B030BD31
S21400CDD081F3030089F303008E6800207E6800203C
S21400CDE013B583689A681278672A22D101A82AF0B8
S21400CDF091FE0446A8B9BDF80420174908F0DCFCEB
S21400CE00BDF80430DA070AD413F0020F134B144AA5
S21400CE1018BF1A461349002008F0CEFC19E0124A43
S21400CE20F8E702461149002008F0C6FC22461049E1
S21400CE30F1E7C26801A953F8220003EB82035B689E
S21400CE4000681B68ADF804302AF06AFE0446002825
S21400CE50ECD102B010BD00BFBCF30300AFF303007B
S21400CE60191B0400DDF303009FF30300EFF3030038
S21400CE701BF40300034A04491388C8540133138083
S21400CE80704700BFE6510020F758002073B5154DD7
S21400CE9001242B78144E13F0040F0CBF0223042336
S21400CEA0124A21461470328802200192EB5C104A26
S21400CEB00093104B5B8801F0F3FB002102200E4A22
S21400CEC001F0EEFB0D4B29460093328823460220E4
S21400CED001F02CFC21460220094A02B0BDE8704051
S21400CEE001F0DEBBF7580020E6510020F65800207F
S21400CEF02AF40300D85100204FF4030071F4030015
S21400CF005533040070B516464FF48A52114B124D35
S21400CF10DA805980114B1B881A1E18BF012240EA7E
S21400CF2082000F4A1278003A18BF012240EA021027
S21400CF30287063B103246B701B0AAB7009F00EFCFB
S21400CF40631C2855EE54074B02341C8070BD012428
S21400CF50F4E700BFD8510020F7580020E451002025
S21400CF60F5580020E651002038B5D1E902320C46CB
S21400CF70054653F82230024619880C4B1878FFF7FE
S21400CF80C1FFE368A268013352F82330188828F0FE
S21400CF9073FB4DB1E368A268023352F82330187869
S21400CFA0BDE83840FFF766BF38BD00BFF258002026
S21400CFB0F0B50546EB68AA68023352F823300846F7
S21400CFC01C78294685B0FFF7CFFF204629F003FDE1
S21400CFD0204E214F78B3204629F009FD0321441C3A
S21400CFE003AA284627F0AFFB3288E4B2C2F1FF035B
S21400CFF003991B1B9BB28B4222443CBFC2F1FF032A
S21400D00003930123032100933A449DF80C302846ED
S21400D0102AF0ABFB039A022C338804BF0F48110A90
S21400D020FA5408BFC15413441C44348005B0BDE80C
S21400D030F040FFF72BBF204607F00CFC0123328898
S21400D04004460093032103463A4428462AF08DFB03
S21400D0503388E9E7E6510020F7580020F85800200A
S21400D060052307B5012100930220044B044A01F072
S21400D07017FB03B05DF804EBFFF79EBD58F4030002
S21400D0805FF4030013B504462AF040FD38B1CDE93D
S21400D090004001210220034B034A01F001FB02B0CD
S21400D0A010BD00BF81F3030076F40300194B37B5BB
S21400D0B01B783BB901210220174A03B0BDE8304077
S21400D0C001F0EEBAD0E90232144C53F822300121B6
S21400D0D01D78638802200093114A2B4601F0E0FA7F
S21400D0E0104B25711B78104D63B1012102200F4AA9
S21400D0F001F0D6FA20460E4A298803B0BDE8304033
S21400D10029F00ABA20460A4A298803B0BDE830400A
S21400D11029F0C4BAF65800208DF40300D851002038
S21400D1209BF40300F3580020E6510020B2F40300FD
S21400D130F75800202DE9F041D0E9023253F82210CA
S21400D14003EB82035A680C7817889A68DB68B2F893
S21400D1500080C6B01D780021304B0220304A009473
S21400D160CDE9017801F09CFA002D0CBF6E237923DF
S21400D170012102202B4A01F093FAFF23002D0DF126
S21400D180170606AD019320460CBF80234023424677
S21400D19039460296009529F064FF0446002835D1EA
S21400D1A0307829F01EFC0746B0B128462AF0ADF8C4
S21400D1B01D4BFD28A8BFFD200093234682B20DF12B
S21400D1C01901022001F0B2FA01210220174A01F0EB
S21400D1D067FA46B0BDE8F081307829F008FC60B107
S21400D1E028462AF097F8FD28A8BFFD200E4B82B2ED
S21400D1F000930DF11A013B46E3E7307807F02AFB6F
S21400D2000B4B0246009329460123DAE700900121E2
S21400D2100220084B084A01F043FADAE77F280400A8
S21400D220CCF40300F1F40300033D0400553304007E
S21400D23071F4030079FD0300FBF40300D0E9023229
S21400D24053F8221003EB82032DE9F04F5A680F784B
S21400D250B2F800809A68C7B0B2F80090DA681B6926
S21400D26092F800A01E7800212F4B304A0446CDE9E4
S21400D27001890220009701F013FABAF1000F0CBFE3
S21400D2806E23792301210220294A009606AD01F07B
S21400D29007FAFF22002128460CF054FE304629F0FB
S21400D2A0A0FB834608B30023052100932046FD23F8
S21400D2B00DF119022AF059FA2870BAF1000F0CBFC6
S21400D2C0802340234A4641463846CDE9005629F099
S21400D2D093FE0146144806F06DFE01210220154A11
S21400D2E001F0DEF947B0BDE8F08F304629F07FFB4D
S21400D2F060B1FD2305212046CDF800B00DF11A02DD
S21400D3002AF033FA85F801B02870D6E70590304643
S21400D31007F0A0FA059A0346009205212A46204601
S21400D3202AF023FAC9E700BF72280400CCF40300F1
S21400D3300CF50300553304002DE9FF471C465B68D7
S21400D340E5685B1B00255FFA83F803952E46FFF71A
S21400D350D9FDEBB298450BD90C9B9B5D282B39D891
S21400D360202B00F2CB800136F6B2002B40F0C980AD
S21400D370FFF78CFD04B0BDE8F087132A2FD801A173
S21400D38051F822F04BD400005DD400006FD40000AA
S21400D390A3D4000071D3000071D3000071D3000045
S21400D3A071D30000DFD30000DFD30000DFD300001E
S21400D3B0DFD30000DFD30000DFD30000DFD30000A0
S21400D3C0DFD30000DFD30000DFD30000EFD3000080
S21400D3D0C9D40000A3F13102D1B21329CDD9013648
S21400D3E0F6B2A3F14102032AC2D8422B6CD06C4F8E
S21400D3F000213A88DFF8B0A1C2F1FE039BB2FF2BF2
S21400D40028BFFF2301320091DBB22046524469B2A6
S21400D4102AF087F93B880AF803000133184438805D
S21400D42011E04FF00409E368A2682B4452F8233059
S21400D4301F68F8B209F1FF39FFF71CFD19F0FF0964
S21400D4404FEA1727F5D1013583E7E368A2682B4436
S21400D45052F823301878FFF70DFDF4E7E368A2686A
S21400D4602B4452F82330188828F006F9EBE7E368D7
S21400D470A2682B4452F823301F68B7F1807F09D288
S21400D480F8B2FFF7F7FCC7F30720FFF7F3FCC7F384
S21400D4900740E0E72B4601210820424A01F000F948
S21400D4A066E74FF00409E368A2682B4452F823307D
S21400D4B01F68F8B209F1FF39FFF7DCFC19F0FF0925
S21400D4C04FEA1727F5D1BEE7294603AA204627F0DC
S21400D4D03AF90021324F344A3B88DDF80C9002EBD3
S21400D4E0030CCAB2914501F1010102D84B443B80BE
S21400D4F0A9E710F802A00CF802A0F2E7242B3FF6EA
S21400D50070AF013B232B3FF633AF01A252F823F056
S21400D5104BD400005DD400006FD4000023D400007C
S21400D52071D3000071D3000071D3000071D30000E6
S21400D53071D3000071D3000071D3000071D30000D6
S21400D54071D3000071D3000071D3000071D30000C6
S21400D5504BD400005DD400006FD40000A3D40000BC
S21400D56071D3000071D3000071D3000071D30000A6
S21400D57071D3000071D3000071D3000071D3000096
S21400D58071D3000071D3000071D3000071D3000086
S21400D5904BD400005DD400006FD4000023D40000FC
S21400D5A0E651002025F50300F7580020094B1B78AC
S21400D5B023B101210820084A01F072B8D0E90232EE
S21400D5C053F82230054A1B88012113800820044A9C
S21400D5D001F066B8F65800204BF50300E451002031
S21400D5E08DF50300D0E9023253F82230054A1B7845
S21400D5F00121003B18BF012308201370024A01F0E6
S21400D6004FB800BFF4580020B3F50300D0E902324B
S21400D61053F82230034A1B78012113700820024A6F
S21400D62001F03EB8F5580020E2F5030010B5D0E949
S21400D6300232044653F82230132219880B4B18780E
S21400D640FFF760FCE368A268013352F823301878CD
S21400D650FFF710FCE368A268023352F8233018780C
S21400D660FFF708FCBDE81040FFF710BCF25800209A
S21400D67010B5D0E90232044653F822301122198838
S21400D6800B4B1878FFF73EFCE368A268013352F8AC
S21400D69023301878FFF7EEFBE368A268023352F8EF
S21400D6A023301878FFF7E6FBBDE81040FFF7EEBB27
S21400D6B0F2580020D0E9023253F82230034A1B7891
S21400D6C0003B18BF0123DB0013707047F2580020A0
S21400D6D010B5D0E9023253F82230044619880E4BB2
S21400D6E006221878FFF70EFC0120FFF7C3FBE3685D
S21400D6F0A268034452F82330188827F0BDFFE36879
S21400D700A268023352F82330188827F0B5FFBDE828
S21400D7101040FFF7BBBB00BFF25800202DE9F043D6
S21400D720D0E902324FF0FD09013253F8221003EB24
S21400D73082035A68C7B017889A68B1F800801478D0
S21400D74053F8043C002C0DF1170506AE18783A463F
S21400D75014BF4023802341460295CDF804900096DE
S21400D76029F07FFC034638B1184A0121082000F052
S21400D77097FF47B0BDE8F083201E18BF01200A229D
S21400D7804146C000FFF7BEFB384627F075FF2878F5
S21400D790FFF770FB4A463146287829F0D0F8044651
S21400D7A028B10B4F3D88C5F1FF03984202DD2346A2
S21400D7B0084ADAE7024608483146284425440CF071
S21400D7C051FD3D80FFF762FBD3E700BF18F603006C
S21400D7D0E651002034F60300F758002010B5D0E9D3
S21400D7E00232044653F82230082219880B4B187868
S21400D7F0FFF788FBE368A268023352F823301878F4
S21400D800FFF738FBE368A268013352F82330188824
S21400D81027F032FFBDE81040FFF738BBF258002073
S21400D82073B5D0E902320546023253F8221003EBF4
S21400D830820353F8042C53F8083C0C781988234BC1
S21400D840168818780622FFF75DFB0020FFF712FB0C
S21400D850304627F011FF2046FFF70CFBEB68AA685E
S21400D860033352F82330188827F006FFEB68AA68BF
S21400D870043352F82330188827F0FEFE204609F0BD
S21400D8806DF9E8B9204606F0E5FF0521044601904B
S21400D89001AA284626F057FF019B01469C4206D067
S21400D8A0224631460A480BF03BFA02B070BD094DDD
S21400D8B009482E882246304434440CF095FB2C80D0
S21400D8C002B0BDE87040FFF7E1BA00BFF258002092
S21400D8D060F60300E6510020F758002073B5D0E943
S21400D8E002324FF48A5153F82230104D1A88104BEA
S21400D8F0D9805A8000232A4600930121FF2329F06D
S21400D90034FF2B78044613F0040F0A4B08BF012699
S21400D9101B7818BF032613B108F020FFA855064B46
S21400D9201C8002B0BDE87040FFF7B0BAF758002080
S21400D930D8510020F4580020E6510020D0E90232E9
S21400D94053F82230034A1B78003B18BF012313709C
S21400D950704700BFF358002010B50C4608B907F012
S21400D96089FE024B18715C7110BD00BFD8510020B3
S21400D97002462DE9F341D0E90253526855F82310C8
S21400D980D21A0C8805EB8301013BDBB255F82380E5
S21400D990294D022A4868C8BF8A682B78D8BFFF215D
S21400D9A00078C8BF11783BB901210220234A02B093
S21400D9B0BDE8F04100F074BEFFF7CEFF06F06AFA4D
S21400D9C01F4F204E3B880146224600931E48334692
S21400D9D029F033FC0246C8B998F804103B885F2942
S21400D9E017D1CDE900364FF6FF712046164B28F0CA
S21400D9F087FD28B1034601210220144A00F050FE9C
S21400DA000023134A2B701380124A137002B0BDE82D
S21400DA10F0814FF6FB718C4208D9CDE900362146DD
S21400DA20094B4FF6FF7028F0C9FDE2E72146064A8B
S21400DA30009628F0F5FDDCE7F6580020ABF603006C
S21400DA40E6510020F7580020D8510020B2F6030017
S21400DA50E4510020F5580020002210B50A210446A3
S21400DA601046FFF74FFA002027F006FE0122044B6F
S21400DA701A70FFF70BFA2046BDE81040FFF778BF94
S21400DA801F5E002038B51C4615460123224629F0A5
S21400DA908BFE60B9214628462AF062F8044620B17B
S21400DAA001210420034A00F0FBFD204638BD002477
S21400DAB0FBE700BFD9F603002DE9F0430C461546F8
S21400DAC01F46D0E9022352F8231002EB8302936824
S21400DAD00E8893F80080D3688BB0B3F80090324677
S21400DAE0012106ABFFF7CEFFF0B90DF1200CF4B123
S21400DAF001232A884021CDE902C2CDE90471CDE98F
S21400DB0000932221434606AA304629F084FE0B4B9A
S21400DB100B4A00930B4B0190002C08BF13460121C3
S21400DB200420094A00F0BCFD0BB0BDE8F083624655
S21400DB3028686968032303C22246DBE738F7030038
S21400DB401DF7030017F7030025F7030007B50123A9
S21400DB506A46002129F028FE6846034908F04EFB75
S21400DB6003B05DF804FB00BF51C60000D0E90232E6
S21400DB7053F822300149188808F012BB51C600003D
S21400DB8010B5D0E9023203EB8201496853F822301F
S21400DB9009784FF48A52188829F02DFEBDE8104007
S21400DBA0034601210420014A00F07ABD42F7030033
S21400DBB0D0E9023253F8223002214FF48A5210B5CF
S21400DBC0188829F00AFEBDE810400346012104200B
S21400DBD0014A00F065BD00BF5BF703001FB5D0E942
S21400DBE0023203EB820153F82230496818884FF45A
S21400DBF08A5309880293094B094A0193094B1B78FB
S21400DC0000931278084B29F05EFE0121034604209B
S21400DC10064A05B05DF804EB00F042BDE85100206E
S21400DC20F7590020F6590020F251002072F7030041
S21400DC302DE9F043D0E9023253F8221003EB8203B9
S21400DC405A680E8817789A68DB688BB092F800904E
S21400DC50B3F800803246042106AB0446FFF712FFF5
S21400DC6028BB08AD01232A460521204629F09CFD45
S21400DC7038B9042001210F4A00F012FD284628F08A
S21400DC803FFE4FF48A53CDE904930023CDE90253B7
S21400DC9003232121CDE9008306AA3B46304629F01E
S21400DCA0BAFD01210346044A042000F0F9FC0BB03B
S21400DCB0BDE8F0838AF70300B9F7030038B5D0E96A
S21400DCC0024303F18043023B02220F4954F823002B
S21400DCD09D000CF083FC60B90C4B0D491A78042AA1
S21400DCE00BD82C44A068008821F8120001321A7064
S21400DCF038BD084B08491A78F1E70121BDE83840DD
S21400DD000420064A00F0CCBCAD200400F7590020E1
S21400DD10F2510020F6590020E8510020CBF703000E
S21400DD2008B5C368806803F18043023B02220649B7
S21400DD3050F823000CF052FC10B9044B187008BDC4
S21400DD400022034B1A70FAE7AD200400F7590020B2
S21400DD50F659002037B5D0E9023153F821208C005F
S21400DD6015784268521A012AC5BF1B195B686C09F0
S21400DD701C78DCBF44F0180405F01F052946204631
S21400DD8029F065FC034640B12346012104200E4AD3
S21400DD90009500F085FC03B030BD0121A94074B9A0
S21400DDA02346FE224FF6FF7029F000FF01210346AE
S21400DDB00420064A03B0BDE8304000F071BCFE22E5
S21400DDC041EAC461EEE700BFE1F7030001F8030093
S21400DDD070B5D0E9021551F8253001EB85010446EF
S21400DDE018884B681A788B68052A1B8802D85E1E2E
S21400DDF0072E0BD9012104200C4A00F051FCBDE887
S21400DE007040012104200A4A00F04ABC6468641B82
S21400DE10032CCABFC9680749096829F0C7FEBDE8D0
S21400DE20704002460449002007F0E0BC1FF80300DB
S21400DE303FF8030000F8FF075CF8030008B5D0E9D8
S21400DE40023253F8220003EB82035968FF2203884C
S21400DE5009684FF6FF7029F0A9FEBDE808400246A3
S21400DE600149002007F0C2BC6FF8030008B5D0E9EE
S21400DE70023253F8223005214022188829F0ADFCE2
S21400DE80BDE8084002460249002007F0AFBC00BFCC
S21400DE9090F8030008B5D0E9023203EB8201486827
S21400DEA053F82210027840230988312029F0E8FC34
S21400DEB0BDE8084002460249002007F097BC00BFB4
S21400DEC0B1F8030008B5D0E9023203EB82014868D6
S21400DED053F82210027840230988332029F0D0FC1A
S21400DEE0BDE8084002460249002007F07FBC00BF9C
S21400DEF0CBF803001FB5D0E9023253F8221003EB2B
S21400DF0082039B6808881A780023D21A18BF012259
S21400DF10CDE9023302A94023D20129F0C0FC012139
S21400DF200090044B0420044A00F0BAFB05B05DF8EC
S21400DF3004FB00BF38F70300E9F8030007B5D0E993
S21400DF40023253F8223003214022188829F045FC7B
S21400DF5001210090034B0420034A00F0A1FB03B00C
S21400DF605DF804FB38F70300F8F8030037B5C3681C
S21400DF708268053352F8233004211D786A4601234F
S21400DF80044629F011FC38B904200121064A00F0A5
S21400DF9087FB684628F0B4FC2B466A4600212046DC
S21400DFA0FFF78AFD03B030BD12F9030007B5D0E9CC
S21400DFB0023203EB8201486853F8221002784023AD
S21400DFC00988322029F05CFC01210090034B0420D4
S21400DFD0034A00F065FB03B05DF804FB38F7030066
S21400DFE043F9030070B585690446EA0705F00206A2
S21400DFF005D476B1C5F3072029F0A8F909E01EB1CB
S21400E000B2210F482FF04CFFA069C0F3810029F021
S21400E0108CF9E3691BB9BA2109482FF041FF204665
S21400E02014F0D0F9E3693EB1607E9847AB0706D09E
S21400E030BDE8704029F07EB920469847F6E770BDE7
S21400E04058F9030008B514F0D1FD28B1BDE8084022
S21400E050472102482FF024BF08BD00BF58F903002F
S21400E0602DE9F041FF2B04460F4690461D469DF8CD
S21400E070186005D0FF2E03D0D52111482FF010FFD1
S21400E0800023FF2D18BFAD000E4A1CBF45F001054A
S21400E090EDB222600C4AC4E9063818BFA561FF2E0F
S21400E0A0C4E901232361E76007D0A36943F00203B4
S21400E0B023F47F4343EA0623A361BDE8F08100BF53
S21400E0C058F9030084380020E5DF0000002310B56F
S21400E0D0054C03610460054CC261C0E9014301239D
S21400E0E0C160836110BD00BF84380020E5DF0000FA
S21400E0F070B58669044606F00303032B0D4603D16C
S21400E100FC2114482FF0CCFEFF2D16D0B20704D405
S21400E11040F201110F482FF0C3FE284628F0B0FD4C
S21400E120FF28054604D14FF482710A482FF0B8FE46
S21400E1302DB204EB4514204670BDF307FBD5A3694A
S21400E14013F00C0FF7D040F20B1102482FF0A8FE88
S21400E150F1E700BF58F903000023054AC0E906317D
S21400E16003610260C360034A034B426083607047EA
S21400E17084380020E5DF00009123020001482BF0E0
S21400E18015BC00BF8438002001482BF01BBC00BF24
S21400E1908438002013B50E482BF0E2FB27F0E8FA8F
S21400E1A02AF090FB2AF0ACFB2AF0B3FBFCF748FF02
S21400E1B00446FCF75FFF2346009001210420054A31
S21400E1C000F06EFA02B0BDE81040FCF73FBF00BF9B
S21400E1D084380020EBF90300022808B503D12FF09D
S21400E1E058FE014B186008BDB438002008B50CF086
S21400E1F00FFF0122044B1A702FF0D4FEBDE8084032
S21400E20002490348FDF7E4B8F95900201C630020D2
S21400E210B8380020014B1870704700BFF85900202E
S21400E220024B187808B105F019BE70479E680020AA
S21400E23008B5074B1B780BB1002008BDFFF7F0FFB1
S21400E2400028F9D106F0E4F9023818BF0120F4E7F7
S21400E250F859002070B5FFF7EBFF174D20B1FFF718
S21400E2608DFF0428044613D82B781BB92FF09AFE8E
S21400E27001232B7027F08AFA0446D8B12B781BB9F5
S21400E280F7210E482FF00CFEBDE87040FFF776BF72
S21400E29027F07EFA0028E7D02B785BB12FF001FD3F
S21400E2A00646002101202DF0C1FE30462FF0F4FC7A
S21400E2B000232B70204670BDF95900200CFA03008D
S21400E2C01FB5FFF7C7FF0446FDF72CFAA04228BF8C
S21400E2D0204688B103A92EF095FA034638B9CDE951
S21400E2E00000064A039906482FF0EFFD18B18E216C
S21400E2F004482FF0D5FD012004B010BD8B57030055
S21400E300943800200CFA03000D4B70B51B780D4DA9
S21400E3100D4C0121002B0CBF2B46234602200B4A36
S21400E32000F0BEF90A4B01211B780220002B0CBF1F
S21400E3302B462346BDE87040064A00F0B1B900BF40
S21400E3409E680020CC200400EB200400A2FA030004
S21400E350F8590020C1FA030010B5D0E9023253F88C
S21400E360223002201B780121002B15BF0124002437
S21400E370044A054A00F094F92046BDE81040FFF72D
S21400E38049BF00BFE0FA0300FDFA0300D0E90232FD
S21400E39053F82230034A1B78003B18BF0123137042
S21400E3A0704700BF9E68002038B50125084B1D70D9
S21400E3B02FF077FC0446294628462DF037FE2046E7
S21400E3C02FF06AFCBDE8384002490348FDF700B864
S21400E3D0FA59002024630020E038002070B514F0BD
S21400E3E08BFC10F0070F1D4D11D02B785BB9012662
S21400E3F02E702FF056FC0446314630462DF016FEA1
S21400E40020462FF049FCBDE8704014F039B929F0D9
S21400E410A9FB0228E9D1124C2378032BE5D914F086
S21400E4206BFC10B92378032B14D814F029F9044692
S21400E4300028DAD02B785BB100262E702FF031FC46
S21400E4400546314601202DF0F1FD28462FF024FC2C
S21400E450204670BD4FF0FF34ECE700BFFA590020AD
S21400E4609E5E00201FB5FFF7B9FF0446FDF75AF978
S21400E470A04228BF204688B103A92EF0C3F9034660
S21400E48038B9CDE90000064A039906482FF01DFD6D
S21400E49018B18C2104482FF003FD012004B010BDF4
S21400E4A0575D0300C03800201CFB030010B5094C64
S21400E4B00949002007F080F923681B68587928F07E
S21400E4C015FC23681B68587927F04EFC04F092FE72
S21400E4D0002010BDE03D0020AAFB030008B529F08F
S21400E4E031FB024628B1BDE808400020014907F08C
S21400E4F063B908BDCDFB030008B529F039FB024619
S21400E50028B1BDE808400020044907F055B9542258
S21400E510BDE80840FF2102480BF014BDE5FB0300F0
S21400E520FC51002038B504460D4629F025FB02466E
S21400E53028B1BDE838400020034907F03DB9034B39
S21400E54023F8145038BD00BF03FC0300FC51002024
S21400E5502DE9F34100240C4E0C4DDFF838800C4FAB
S21400E56056F8043B0BB9D8F8003035F8022B39467C
S21400E570009200202246013407F01EF92A2CEFD123
S21400E58002B0BDE8F08100BF30630020505200208A
S21400E5901FFC03002C63002008B52A21034829F03D
S21400E5A0E3FABDE80840FFF7D3BF00BF5052002093
S21400E5B007B5D0E9023253F822301A78292A0DD846
S21400E5C0084B53F822300BB9074B1B68074900204D
S21400E5D031F812100091064907F0EEF803B05DF826
S21400E5E004FB00BF306300202C6300205052002044
S21400E5F01FFC030008B52A21034829F0B7FABDE836
S21400E6000840FFF7A5BF00BF5052002038B5D0E93C
S21400E610023253F8221003EB82035B680C781D88E5
S21400E6200020044907F0C8F829462046BDE83840CF
S21400E630FFF778BF2AFC03002DE9F34100240C4EB7
S21400E6400C4DDFF838800C4F56F8043B0BB9D8F861
S21400E650003035F8022B394600920020224601345D
S21400E66007F0AAF82A2CEFD102B0BDE8F08100BF6F
S21400E67030630020FC5100201FFC03002C630020A8
S21400E68010B5024627F086FB20B9044C236811B16A
S21400E6901343236010BD23EA0203FAE7DC6300207D
S21400E6A00CB413B502460C4627F074FB60B9094B50
S21400E6B01B681A4208D005A9049801910AF044FB89
S21400E6C014B105482AF08AF802B0BDE8104002B03E
S21400E6D0704700BFDC63002029FF0300034610B527
S21400E6E0D3E9023253F8223008461C78211E18BFA0
S21400E6F00121FFF7C5FF014648B9084A084B02202A
S21400E700002C08BF1346074AFFF7CAFF10BD0021BA
S21400E7100220054AFFF7C4FFF8E700BF2FEB03000F
S21400E72027EB03002BFF030041FF03002DE9F04118
S21400E73005461F460C46DFF82C808E18B44201D1E1
S21400E740BDE8F0810021284614F8013B069AFFF741
S21400E750A7FF002FF2D0424600212846FFF7A0FF71
S21400E760ECE700BFB5F1030002460249002007F0BF
S21400E77023B800BF52FF030010B5234C2348FF21E7
S21400E78026F0E8FF207802281ED003282ED0012885
S21400E79004D02120BDE81040FFF7E6BF1C4B1978D7
S21400E7A00029F7D002231B4A23701378052B0EBFCF
S21400E7B000230133DBB29942137003D10523137093
S21400E7C00020E7E7052BFBD0124B1B78052B02D168
S21400E7D003232370DDE7104A104932F8230007F0C0
S21400E7E0DFFC032323700028D4D110BD094B0C4A4C
S21400E7F01878094B03EB8001897833F8200007F07E
S21400E8009FFC0123EEE700BFFB590020E8380020FC
S21400E810045A0020A0680020A452002001EA00004C
S21400E820ADE900002DE9F04F0D46144695B0049072
S21400E830112200210FA89946DFF86C810BF082FBAD
S21400E84004EB45030393D9F800301C2B02D0039B3E
S21400E8509C4202D115B0BDE8F08F0123DFF844A139
S21400E8608DF81C3023884C4AADF81E309AF80030DC
S21400E8704A4D08EB83039B7828788DF82030136880
S21400E8808DF81D00CDF821305368CDF8253028F0DE
S21400E89053FD049B8DF8290021882878002B4AD147
S21400E8A028F015FA002844D09AF800300FAA38F855
S21400E8B0230007A927F08AFA00283AD028F034F86F
S21400E8C04FF0000B074606461C255FFA8BF2974270
S21400E8D034D8B7422BD99DF81C30032B1AD10FAB76
S21400E8E00193BDF8213000220421009301202C4B17
S21400E8F006F0E8FD9AF8003008EB83039978274B7A
S21400E900187806F05BFE9AF80030002038F82310DE
S21400E91028F063FC5DB107A9304629F063F8214B67
S21400E92005461B78304638F8231029F05DF8C9F8FC
S21400E9300050023487E728F0C1F9B3E710460BA968
S21400E940059229F04BF830B99DF82C1031B9059A8C
S21400E950B74208BF16460BF1010BB6E7BDF82E000E
S21400E960BDF81E209042F6D19DF830009DF820207C
S21400E9709042F0D19DF81C208A42ECD1032A14BFA5
S21400E980082202220DF121010DF131000BF026FEC6
S21400E990002808BF0025DEE7FC5900209F680020FD
S21400E9A0CF010400A0680020A452002013B503463F
S21400E9B00020114A9C6812780190052A03D01B7823
S21400E9C0032B00D12CB9012002B0BDE81040FFF7A0
S21400E9D0CBBE6268217801ABFFF724FF217A0120C5
S21400E9E0E26801ABFFF71EFFFF21044802B0BDE856
S21400E9F0104026F0A7BE00BFA0680020E838002020
S21400EA00094B1B78052B02D00378032B02D001207C
S21400EA10FFF7AABE8168054A0B68054813604B6875
S21400EA20FF21536026F08EBEA0680020FC5900200F
S21400EA30E838002038B50024114B124D1870124BE0
S21400EA40FF211C702C7006F0B9FD01220321104630
S21400EA500E4B06F037FD4FF6FF712246084628F0AB
S21400EA60BFFB044648B940F6B832FF21084826F0F6
S21400EA7060FE01232B70204638BDFFF775FEFAE7CF
S21400EA809F680020FB590020045A002055330400DC
S21400EA90E8380020144BF0B51A6814491368097852
S21400EAA0587988420BD11249D78808460022114D62
S21400EAB01E792B78D4B2A34203D8052C0AD10020A5
S21400EAC0F0BD0C88BC4202D18C78B442F7D001323B
S21400EAD00431EFE7A342F2D120F82270013300EBB5
S21400EAE0820086702B70EAE7E03D00209F680020D9
S21400EAF0A4520020045A0020FF2307B50021044A30
S21400EB0004480093FFF7ACFA03B05DF804FB00BFBF
S21400EB1079E70000E83800201FB5B4230321044637
S21400EB20ADF80E3028F0CAF898B12123204600939D
S21400EB30002203210DF10E0328F06FFA0446002090
S21400EB40054B064A0649009406F036FE204604B0F9
S21400EB5010BD8624F3E700BF7CFF030089FF030097
S21400EB609EFF0300D0E9023253F82230034A1B7896
S21400EB70012113700220024AFFF792BDBB680020F5
S21400EB80ADFF03000122014B1A707047BB680020DE
S21400EB900A4B90F805111B7890F8082119448A4210
S21400EBA0BCBFB2FBF3F103FB11234FF0FF32B8BF3B
S21400EBB0DBB202FA03F380F80A317047BB68002024
S21400EBC02DE9FF410446057F867EDFF870806E43A0
S21400EBD0237F98F8002013449D4212DB607F60B9C3
S21400EBE0238B029363690193237C00936288A31DA1
S21400EBF0217805F0EFFDFF232370002004B0BDE868
S21400EC00F081E37EAB42E9D9A77E228BF1199142CF
S21400EC10A4BF921BD7B205EB0323E3813A463346E3
S21400EC202946204627F0ECF80028E7D1637F3744D2
S21400EC30013301356377BEB2EDB2C9E7BB68002089
S21400EC4037B5054628F004FF0D4B04461B68694699
S21400EC501B78032B82BF0B4B1B881B18284688BFCC
S21400EC609CB228F07DFF38B9684628F0F3FE18B944
S21400EC70044B1B8823449CB2204603B030BD00BF23
S21400EC801C3D002048680020084B1B78FF2B0BD14A
S21400EC90074B1B78FF2B07D1064B1B78022B03D0A4
S21400ECA04FF4807028F0DEBA704700BFE0630020A3
S21400ECB0383A00200839002010B50446FF2126F017
S21400ECC049FD054B9C4202BF0023A4F588742370BF
S21400ECD0BDE81040FFF7D8BF183A00202DE9F047EE
S21400ECE09A462A4B81461B7888461646BDF8205021
S21400ECF0002B49D0FF2D3ED938252846BDE8F087A1
S21400ED00234B0C223146A01D636184F80090A4F8C2
S21400ED1002800BF069F9A289414642F4004242F0B3
S21400ED2040022046A28127F07DF82A4651466069B7
S21400ED300BF05AF941464846A21D258328F0C9FB28
S21400ED40A0760028D8D00544013DB5FBF0F0FF289A
S21400ED50D2DC0023E0762046A383FFF731FF05468A
S21400ED6080B923794FF48070B37228F03CFA227C85
S21400ED70099B1A80C1E7074C2778FF2FC0D040F6C2
S21400ED800345BAE72770F2E70225B6E7BB6800201E
S21400ED90065A0020383A0020B0F9063010B5002B8D
S21400EDA025DA144C2278237CFF2A02D0827A9A42F3
S21400EDB007D0114C2378FF2B17D0827A237C9A42F7
S21400EDC013D169B9637F013BDBB263775BB90B4A4A
S21400EDD0237F1278204613442377FFF7F1FE01467F
S21400EDE0204627F02EF8FFF74FFF012010BD002029
S21400EDF0FCE700BF383A0020E0630020BB68002034
S21400EE002DE9F04F9A46B1F9063091B0002B0D4629
S21400EE101746DDF86880049080F22981B8F8003043
S21400EE20FF2B04D94FF4B871A6482FF039F8A64B3B
S21400EE3000241A7893F80401B3F80211002A40F06F
S21400EE40A5802E7AA14A1278B24240F2AF80022202
S21400EE50A3F802711A70AA7AFF2483F8042100220C
S21400EE60A3F8084183F80521A3F80621B8F8002086
S21400EE70954883F80C21FFF78BFE3846FFF7E0FE37
S21400EE80214600EB4002924826F053FC4FF4807077
S21400EE9028F0A9F98C4C94F80A91B9F1FF0F20D10B
S21400EEA08A4A94F8053112781344B34219DC94F870
S21400EEB00C1184F80531B4F80631204601FB023304
S21400EEC0A4F80631FFF764FE0122824B38461A701A
S21400EED0FFF7B6FE494600EB400204F5887026F0C0
S21400EEE028FC94F80531B34260D8DFF8E0B19BF80F
S21400EEF000C00CEB0302964258DA764994F80821D3
S21400EF000878013A002853D0964205DAB8F800206F
S21400EF1084F80C2100220A70B6FBFCF901220CFBD7
S21400EF20196994F80A015FFA89F902FA09F2D1B26E
S21400EF30024076B92889000A844584F8080108D971
S21400EF402046CDE906210593FFF722FEDDE90621DE
S21400EF50059B94F80A01014384F80A1182B994F8D3
S21400EF600921B4F806C1013284F80921B8F8002056
S21400EF70DAF800100CEB0200FF2826DD03232370CE
S21400EF8094F80831013B9E4230D138E0AE7A864292
S21400EF9002D18F4200D11C462E7A002C7FF47BAF24
S21400EFA0002A3FF44FAF012A3FF44CAF01205FE048
S21400EFB09642B1DA94F80C1198F800209142ABD042
S21400EFC004F58870FFF778FEF0E794F80CE1F31A82
S21400EFD00EFB03C3A01C10FA83F005920BF004F896
S21400EFE094F80831059A013B9E4244D0012394F8D8
S21400EFF00A2103FA09F3013B1343FF2B04D12246EF
S21400F0002946384626F00FFF94F8083194F809216F
S21400F0109A42CBD19BF80030B2FBF3F103FB1122EE
S21400F02012F0FF0218BF13462278022A26D1264A7B
S21400F030023410785178012804BF01315170012242
S21400F04024F8022CEA88B4F8041122F04002EA8080
S21400F05094F809210A44591E94F80A3113FB01F367
S21400F0601344A8F80030CAF80040FFF70DFE002051
S21400F07011B0BDE8F08F84F80B21C0E7697900294C
S21400F08094D0032A92D1B4F8062194F80B1108AE56
S21400F09011445A1E94F80C31284613FB02F30B4415
S21400F0A000219BB2A21CA8F80030CAF80020CDE9C7
S21400F0B000710296049907F05FFD8921304628F01A
S21400F0C005FA7DE7D4FF030008390020BB6800205E
S21400F0D0183A0020055A002013B5044618B1012836
S21400F0E00BD002B010BDFF2301460093064A074826
S21400F0F0FEF7B6FF064B1C70F3E7FFF743FDFF2253
S21400F100044B1A70EDE700BFB9EC0000183A002077
S21400F11008390020383A002013B501A909F0D2FEBC
S21400F120044648B9BDF806309DF80420034906F0A9
S21400F13043FB204602B010BD8120FBE76B000400B5
S21400F14013B5694609F0CAFE044688B9BDF8023010
S21400F1509DF80020074906F049FB2046019906F075
S21400F1609DFA2046044906F027FB204602B010BD53
S21400F1708120FBE78F000400B500040037B5694620
S21400F18009F0D0FE044618BB9DF801309DF800201B
S21400F190104906F02BFB104D9DF80120E3B29A4271
S21400F1A006D800200D4906F007FB002003B030BD4E
S21400F1B00198630003F4FF7302220021184428F02C
S21400F1C09EF829460246002006F010FB0134E3E7CD
S21400F1D08120EBE7B7000400E60004005533040086
S21400F1E013B501A909F074FE044648B9BDF8063007
S21400F1F09DF80420034906F0DFFA204602B010BD51
S21400F2008120FBE7F000040030B500240B4D85B0EC
S21400F2106946E0B228F0E2FB50B99DF80030032BB7
S21400F22006D12946BDF805309DF8012006F0C4FA3F
S21400F2300134202CECD105B030BD00BF170104000E
S21400F24008B50020034906F0B7FABDE80840FF20DD
S21400F25000F0DEBA290104002DE9F04F85B006461D
S21400F2600D46174626F02DFE044640B130463A4677
S21400F270294626F010FE002005B0BDE8F08F4FF0BE
S21400F28003094FEA15285FFA84FA6946504628F0C3
S21400F290A5FBB8B99DF800B0BBF1000F12D16946C6
S21400F2A050468DF800908DF805508DF806808DF844
S21400F2B0016028F097FB02460028D7D0584606493A
S21400F2C006F07AFA0134202CDDD10020034906F03E
S21400F2D073FA8920D0E700BF3E01040065010400F0
S21400F2E01FB5002304468DF80F3026F0D5FD28B153
S21400F2F09DF80F3063F07F038DF80F3018230193CD
S21400F3000DF10F030022009304214023204627F02E
S21400F31073FE024618B10020024906F04DFA04B00A
S21400F32010BD00BF800104001FB502A909F0E8FD6A
S21400F330044688BBBDF80820184906F057FA204650
S21400F340039906F0ABF92046154906F035FA4FF654
S21400F350F672BDF80810134C4B1E9BB2934219D898
S21400F3602368039A1B685879FFF776FF23681B7992
S21400F370012B0BD8BDF808300022CDE9000304218C
S21400F380094B092006F09EF828F09AF86FF0FF0067
S21400F39004B010BD8720E9E78120F9E79F0104004B
S21400F3A0B5000400E03D0020B601040070B5044638
S21400F3B08AB005AD1122002128460AF0C3FD20467A
S21400F3C004A909F091FD044600283AD11E4EBDF866
S21400F3D010201E4906F0F0F932681379012B28D860
S21400F3E04FF6F670BDF810104B1E9BB2834224D821
S21400F3F01368587926F065FD08B333682A461B68FB
S21400F400BDF81010587926F045FDBDF810300122E1
S21400F4100421CDE9004309200D4B029506F052F871
S21400F42028F04EF8034620B100200A4A0A4906F0A2
S21400F430C3F96FF0FF000AB070BD8724E5E78B24A0
S21400F440E3E78120F7E700BFE03D0020B9010400B4
S21400F450CE010400D2010400DD0104002DE9F047CE
S21400F4609AB004A909F058FD0446002840F0B5807B
S21400F4709DF810205B4906F0B9F925465A4E9DF8CE
S21400F4801020EBB29A4254D80020584906F094F95E
S21400F4909DF81050002D40F099802C462E46544F73
S21400F4A006A9F0B228F09AFAC8B99DF81830032BCE
S21400F4B015D13B689DF819201B685B799A420ED1DE
S21400F4C09DF81D2005F168036B4403F8402C9DF859
S21400F4D01E200235013403F83F2CEDB2E4B20136AB
S21400F4E0202EDDD19DF810300BB1002C77D00AAB62
S21400F4F0CDE90143FF2302220421009309203D4B5E
S21400F500039505F0DFFF27F0DBFF034660B19DF8AB
S21400F5101020002A5FD0384A3849002C08BF0A4617
S21400F5200020374906F048F96FF0FF001AB0BDE832
S21400F530F08705986B0003F4FF730222002118443D
S21400F54027F0DDFE31460246002006F04FF9013571
S21400F55095E70598730003F4FF7302220021184410
S21400F56027F0CDFE002780465FFA80FA06A9F8B29B
S21400F57028F034FA00BB9DF81830032B1CD1D9F8BC
S21400F58000309DF819201B685B799A4214D19DF8CB
S21400F5901D30534510D19DF81E30C8F307229A42FD
S21400F5A00AD105F168036B440235013403F840AC18
S21400F5B003F83F2CEDB2E4B20137202FD6D1013646
S21400F5C09DF81020F3B29A42C3D88BE70025DFF8E7
S21400F5D020902E46F4E7084AA2E78120A6E78B2073
S21400F5E0A4E700BF37020400E60004005533040019
S21400F5F0E03D002056020400080204002602040033
S21400F6005A0204002DE9F04389B002A909F072FC01
S21400F6100446002867D1BDF80820344906F0CCF827
S21400F6204FF6F672BDF80850DFF8D4906B1E9BB20A
S21400F630934254D8D9F8003029461B685F7938467B
S21400F64026F03FFC00284CD026465FFA86F8404657
S21400F65003A928F0C3F928B92946384603AA26F094
S21400F6601DFC20B90136202EEFD14FF0FF08404692
S21400F67028F0B2F9014658BB112203A80AF062FC32
S21400F6802946384603AA26F006FCD9F800301A792F
S21400F690012A18D81B68BDF80810587927F0F0FD25
S21400F6A0BDF8083003220421CDE900430920104BA1
S21400F6B005F008FF27F004FF034620B100200D4A9E
S21400F6C00D4906F079F86FF0FF0009B0BDE8F08349
S21400F6D002460A49002006F06FF80124D5E7872481
S21400F6E0D3E78B24D1E78120EFE700BF7C0204003C
S21400F6F0B6010400BA020400DD010400930204000F
S21400F700E03D00202DE9F043DFF894800020D8F893
S21400F710003021491B688BB05E79002506F04CF856
S21400F72001275FFA85F9484601A928F057F90446EB
S21400F73090B99DF80430032B0ED19DF80530B342E6
S21400F7400AD1484628F048F90146A0B102461349B6
S21400F750204606F031F827460135202DE1D1D8F8AD
S21400F760003000211B68587927F08AFD87F00100D9
S21400F7700BB0BDE8F083112205A80AF0E3FBBDF844
S21400F78009403046214605AA26F085FB214630462C
S21400F79027F076FDE0E700BFC702040093020400EE
S21400F7A0E03D002037B5694609F0B0FB044638BB9B
S21400F7B0BDF80020134906F019F8134D20460199AC
S21400F7C005F06CFF2046114905F0F6FF2B681B6814
S21400F7D0587927F064FE70B14FF6F672BDF8001047
S21400F7E04B1E9BB2934209D82B68019A1B68587926
S21400F7F0FFF732FD0446204603B030BD8724FAE703
S21400F8008120F9E7DB020400E03D0020B50004009B
S21400F8107FB505460024E6B26946304628F0DEF895
S21400F820A8B99DF80030032B11D19DF80130AB42EA
S21400F83004D0FF2D0BD19DF80D3043B9304628F08B
S21400F840CBF8024618B10020034905F0B5FF013495
S21400F850202CE0D104B070BD93020400034B1B685B
S21400F8601878012808BF0220704700BF1C3D002002
S21400F870D0E9023253F822301A78024B1A7000F0A0
S21400F880E7BA00BF055B002070B5D0E902456B1EE5
S21400F890DBB254F8230003221B490AF09FFE54F8FB
S21400F8A0253004EB8504197863681A78A2F10B03F7
S21400F8B00F2B05D915490020BDE8704005F07CBF28
S21400F8C001290FD1124C9140236840B90B43114ACD
S21400F8D023600020BDE870400F4905F06DBF23EAA5
S21400F8E00103F4E702290CD101230C4903FA02F2C2
S21400F8F00B6818B913430A4A0B60EAE723EA0203C7
S21400F900F9E70A460749D6E7FF02040003030400A6
S21400F910046400201903040021030400006400208E
S21400F920340304003E03040007B5D0E9023103EBBC
S21400F930810253F821300B491B785268012B0A4B81
S21400F94008BF0B4612684FF000001A600092074A84
S21400F950074B084918BF1346074A05F02DFF03B0AA
S21400F9605DF804FB046400200064002059030400D2
S21400F97051030400630304006484040038B5254A78
S21400F980254B264C0020264905F016FF0020254969
S21400F99005F012FF22682449002005F027FF2068A2
S21400F9A0224C234D05F0E2FE2146002005F004FF20
S21400F9B02A682049002005F019FF286805F0D6FEC1
S21400F9C02146002005F0F8FE1B4B1C491A781C4BFC
S21400F9D0002053F8223005F0EFFE00F00DF919492B
S21400F9E00246002005F0E8FE174B00201A7817495B
S21400F9F005F0E2FE164B17491A78002005F0DCFEEB
S21400FA0004F020FABDE8384002461349002005F00D
S21400FA10D3BE00BF648404007D0304000464002099
S21400FA20840304008C0304009A0304003EEC0300E5
S21400FA3000640020AB030400335B0020BC0304001A
S21400FA4008640020CF030400185B0020E3030400D2
S21400FA50175B0020F50304000704040007B500F058
S21400FA6071F8054B0090054A0020054905F0A4FEF4
S21400FA7003B05DF804FB00BF1D04040064840400AA
S21400FA809EFF0300F8B504460B4F0C4E0C4D0020AD
S21400FA900C4A0D4905F090FE20463B7829783278CE
S21400FAA0F6F726F900233B7033702B70FF21BDE874
S21400FAB0F840064825F04EBE335B0020175B00205A
S21400FAC0185B00206484040022040400583A0020D6
S21400FAD037B51248FF2125F03DFE114B187810F07F
S21400FAE0100505D0002003B0BDE8304003F01CBF71
S21400FAF00121B42004F020FB04460A4B0A4A0B49B5
S21400FB000090284605F058FE2046FFF7BBFF4FF44E
S21400FB10806003B0BDE8304027F0A4BB583A002010
S21400FB20335B002039040400648404009EFF030055
S21400FB300021024A0248FEF7C9BA00BFD1FA000007
S21400FB40583A002008B5054B1B7823B11720FFF75D
S21400FB5099FF002008BD0220FCE700BF335B0020B1
S21400FB6010B550B1054B00F1100250F8044B90420E
S21400FB7043F8044BF9D1024B197010BD195B0020F5
S21400FB80295B002037B5174D04462B78DB0626D5B3
S21400FB900090154B0020154A154905F00DFE1E2C49
S21400FBA00BD0652C09D0032C19D0002027F096FF27
S21400FBB040F61C40FFF766FF0DE027F0B7FF4FF456
S21400FBC0FA63B0FBF3F202FB1300C218FF210948E8
S21400FBD092B225F0AEFD2B7823F010032B7003B005
S21400FBE030BD00BF335B0020520404006484040070
S21400FBF09EFF0300583A0020014B1879704700BF5B
S21400FC00B852002070B54C4E8EB0337803F0FB022D
S21400FC10A3F10905022AEDB258D0042B41F60412CE
S21400FC2057D0A3F108014B424B415B0013434348B6
S21400FC30ADF80C3026F075F948B9414B3F4A03F150
S21400FC40100153F8040B8B4242F8040BF9D13D4BDC
S21400FC501B78002B3FD03C4B0DF10E0203F1100138
S21400FC6053F8040B8B4242F8040BF9D103A827F093
S21400FC7055FF2328044610D1012D49D80020334AC9
S21400FC80334905F099FDBDF80C3003A823F4005362
S21400FC90ADF80C3027F042FF0446002C41D14FF45B
S21400FCA00C7027F039FF044600283AD103F0FAFE1C
S21400FCB0012D36D8274A01AB1068516803C3264980
S21400FCC001A827F08FFF78B319242AE043F6041220
S21400FCD0A7E70223AAE73378042B0DD0082B0BD016
S21400FCE01E4B0DF10E0203F1100153F8040B8B426C
S21400FCF042F8040BF9D1B9E7104A0DF10E0302F1F0
S21400FD00100152F8040B8A4243F8040BF9D1ADE710
S21400FD10337803F0FB03022B03D10020104905F0D3
S21400FD204BFD20460EB070BD044901A827F05AFFCF
S21400FD3004460028C8D1F4E7335B0020075B0020A8
S21400FD401F050400295B0020195B00206484040062
S21400FD5076040400300504005484040039050400C9
S21400FD60D104040070B5002686B00446252027F08E
S21400FD70BBFE1622002116480AF0E4F8154B1E605A
S21400FD80154B1878FFF76AFD022814BF01230423D9
S21400FD9003208DF8083027F0F5FE04238DF8103088
S21400FDA00E4B02A80593039403F030FD05460C4B5A
S21400FDB00C4A19680C4B3046A14208BF1346009403
S21400FDC00A4A0B4905F0F8FC284606B070BD00BF8D
S21400FDD0B8520020783A0020335B0020C5000100AE
S21400FDE004640020510304005903040064840400E2
S21400FDF04A05040008B5134A1378042B09BF124BB2
S21400FE0001331B78C3F10603DBB2137003F0FD0267
S21400FE10092A04D11720FFF735FE172008BD0A4A25
S21400FE201278002A14BF052206229A4207D1074BF1
S21400FE3018680028EED0FFF795FF4D20EEE700206B
S21400FE40ECE700BF335B0020295B00200064002045
S21400FE5073B51E4C1E4E23683268134334D01D4BB8
S21400FE601B6853B31C4D2B783BBB03F0EBFFF8B974
S21400FE704FF4806027F0B7F9184B24681B7894B1CC
S21400FE80C3F102032B7003F047FD2046FFF76AFF1D
S21400FE9004460020124B134A1349009405F08CFCCC
S21400FEA0204602B070BDC3F1060334682B70EAE743
S21400FEB00121B42004F040F9EAE70020094A0B4982
S21400FEC005F07AFC0224E4E70224E9E70464002053
S21400FED0006400201C3D0020335B0020295B0020CE
S21400FEE092050400648404009EFF03007805040065
S21400FEF02DE9F347384D394E00202A792B883849AA
S21400FF0005F05AFC3268287922FA00F010F0010059
S21400FF1002D1344905F050FC334F3C783CB10822FE
S21400FF20324933480AF05AFB041E18BF0124DFF892
S21400FF30DC80DFF8A490DFF8B4A014E098F80000A6
S21400FF4049460130C0B288F8000027F0BFFD0028FF
S21400FF5035D13C783CB10822514625480AF03EFB94
S21400FF60041E18BF01242A793368D340DB07E5D581
S21400FF70002CE3D100922B881E4A1F49204605F02C
S21400FF801BFC1E4B1878FFF769FC0123032212495D
S21400FF9027F0A2FD1A4A054613780133137010B9EC
S21400FFA002B0BDE8F08720462B46124A154905F0F8
S21400FFB003FC284602B0BDE8F047FFF763BD00200B
S21400FFC0114905F0F9FBFFF715FF0028E8D102B04C
S21400FFD0BDE8F04700F01CB8B8520020783A002080
S21400FFE098050400C9050400325B00202A5B002047
S21400FFF0C65200206484040098060400335B002088
S214010000175B00203906040062060400065B002028
S2140100102DE9F041214C224D2378002055F823305C
S214010020204A214905F0C8FBFFF7ECFD03461D4EAB
S2140100301E4FDFF874802BB92378042B15D8B3B97B
S2140100401B4B15E032463946002005F0B5FBFFF79D
S214010050D1FE00BB2378324655F82330414605F0E1
S214010060ABFBFFF7CFFD0346E5E7092BE8D1114BC4
S21401007000201B68104A11491360114B187027F0B5
S21401008025FD20B1BDE8F0410120FFF7FBBCBDE82E
S214010090F041FFF72DBFBDE8F08100BF335B0020C4
S2140100A00864002064840400B8060400C506040041
S2140100B00064002004640020783A0020B852002032
S2140100C0065B002070B51C4C23789BB3838913F420
S2140100D0407F2FD0056835B12A46BDE87040002024
S2140100E0164905F069BB27F0EFFC154E0346307044
S2140100F0144A2846144905F05FFB33781BB1BDE866
S2140101007040FFF785BF2378082B0CD8042B0CD83A
S2140101100E4B1B78C3F1060323700D4BBDE87040F0
S2140101201868FFF71FBE0A2BF2D1BDE870401820F1
S214010130FFF7A8BC70BD00BF335B0020F0060400CB
S214010140185B0020648404001D070400295B00205E
S2140101500064002030B5464D03460446454A00205B
S214010160454987B005F028FB2B782BBB01A827F063
S2140101703BFD022301A88DF8043027F023FDB0B91A
S2140101803E4901A827F020FD88B1152C0FD127F094
S214010190CDFC47F23153B0FBF3F202FB130000F53E
S2140101A01C50103080B203F0BFFB07B030BD162CD8
S2140101B0FBD103F0F3FBF8E7152C2AD100202D4ADA
S2140101C02F4905F0F9FA2B78042B11D0082B0FD004
S2140101D02C4B1B78DA070BD401A827F099FC18B929
S2140101E0BDF804309B0703D42B7843F010032B7023
S2140101F027F09CFC4FF4FA63B0FBF3F2FF2102FBFD
S2140102001300C218204892B207B0BDE8304025F06E
S21401021090BA27F0BDFC04460028C6D12B78013BD6
S214010220092B1ED8134A194905F0C6FA184A194966
S21401023013780133D8B2107027F048FC60B120461D
S214010240154905F0B9FAFFF7D5FD0028ADD107B07D
S214010250BDE83040FFF7DCBE07B0BDE83040FFF731
S21401026047BE40F61C4007B0BDE83040FFF70ABC69
S214010270335B0020648404004107040054840400B6
S21401028058070400055B0020583A00206B0704005D
S214010290065B0020B8520020620604002DE9F041FA
S2140102A00B4686B004460E4617463A4902460020DB
S2140102B005F082FA4FF000080123CDE901380DF16F
S2140102C016030093424640230621204626F0C9FE27
S2140102D0054640B102463049404605F06DFA2846CB
S2140102E006B0BDE8F0819DF816202AB936B900207F
S2140102F02A4905F061FAF2E7012EF8D082F00103EF
S214010300002027498DF8173005F056FA9DF817306A
S2140103100DF1170633B310230022CDE90063062141
S2140103204023204626F068FE064630B132460020BD
S2140103301C4905F041FA3546D1E74FB90821204658
S21401034026F0BCFC20B120469DF8171026F099FF38
S2140103500521204626F0B2FC0028C0D0204626F013
S2140103608DFFBCE74FB90821204626F0A7FC20B137
S21401037020469DF8171026F084FF10230022CDE9B1
S214010380006306214023204626F036FE0646002856
S214010390DED0CBE79A090400B6090400CF090400B1
S2140103A0EF0904000F0A0400002208B5034B1146AA
S2140103B01B681B685879FFF771FF08BDE03D0020F8
S2140103C008B5044B00221B6801211B685879FFF70A
S2140103D065FF08BDE03D002008B5044B00221B6800
S2140103E002211B685879FFF759FF08BDE03D002040
S2140103F010B50123002488B001A88DF80430CDE99A
S2140104000244F6F73BFA20469DF80420124905F00F
S214010410D3F92046039A114905F0CEF92046029AEF
S2140104200F4905F0C9F910220E4B0DEB0201188891
S21401043040F0604040F48010FBF718FC20460A4963
S21401044005F0D4F904A826F09CFF2046074905F0DC
S214010450B3F908B010BD00BF280A0400470A04001B
S214010460660A040034840400850A04005533040037
S21401047008B525F087FD0020024905F09DF9012009
S21401048008BD00BFA20A04000023054A8360C360BA
S214010490044BC0E9002311B14FF6FF730B80704780
S2140104A049102EAA0130021110B5044660B1002091
S2140104B0064905F081F9052C06D002F0CBF904496E
S2140104C00246002005F078F9012010BDB60A0400A6
S2140104D0C70A040037B500216A4601AB054625F078
S2140104E012FE044668B100220F49104605F064F971
S2140104F002F0B0F90D490246002005F05DF903B09F
S21401050030BD0B4905F058F9012024F014FD01F027
S21401051099FF431C02D008F025F8F0E7214628464B
S214010520FFF7A6FFEBE700BFF00A0400C70A0400C6
S214010530380B040038B5054601F084FF044626F062
S21401054066FE4DB100200E4905F036F9631C14BF56
S2140105502046002007F0C8FF25F022FD02280446A9
S21401056005D0012805D10020064905F025F92046C9
S21401057038BD0020044905F01FF90024F7E700BF45
S214010580550B04006F0B0400880B040008B500200F
S214010590034A044905F010F9BDE8084000F050BDD3
S2140105A0321B0400A10B040008B50020034A0449CD
S2140105B005F002F9BDE8084001F0CAB9C00B040015
S2140105C0A10B04001FB5D0E9023253F82230684669
S2140105D01C78214601F0D0FB684601F073FC28B96F
S2140105E02246044905F0E8F804B010BD6846FFF756
S2140105F071FFF9E7C60B04000020014905F0DCB8DD
S214010600E20B04007FB50DF1060102A8FFF73CFFDF
S2140106100020264905F0D0F80020BDF8082024491E
S21401062005F0CAF80020BDF80A20224905F0C4F8F2
S214010630039A0020204905F0BFF800201F4905F065
S214010640D5F84FF6FF73BDF806209A4229D0002050
S2140106501B4905F0B1F800201A4A1B4905F0ACF811
S21401066000201A4A1A4905F0A7F80022194910462F
S21401067005F0A2F80020154A174905F09DF80A2250
S2140106800020164905F098F80A220020144905F0C2
S21401069093F80A220020134905F08EF807B05DF89A
S2140106A004FB0020104905F087F8D4E7F10B04009D
S2140106B0090C0400220C04003B0C0400540C04003A
S2140106C05F0A0400E09304006A0C0400C0270900D6
S2140106D0890C0400A80C0400C70C0400E60C0400F6
S2140106E0050D0400230D0400670C040008B5002066
S2140106F0034905F061F8BDE80840012001F0FAB9A8
S214010700410D040008B50020034905F055F8BDE881
S2140107100840002001F0EEB95A0D040030B5104B28
S214010720104D1B5C85B08DF80F302B780446834244
S21401073006D00D4B0D4953F82020002005F03CF85B
S21401074030232C700A4801930DF10F030093062203
S21401075080231921007826F04FFC05B030BD00BF7C
S2140107607B8404003B5B002088840400720D040037
S214010770A26800201FB5232303900193064803AB0C
S2140107800093012280231921007826F035FC039876
S21401079005B05DF804FB00BFA268002073B5164DD6
S2140107A004462B78154ECBB125F01BFC012815D03D
S2140107B0346040F6B244124B1B78072B17D02D78C5
S2140107C0C5B925F00EFC031E18BF01230D48009580
S2140107D022461921007825F093FF03E000233360B9
S2140107E0002CE8D1201E18BF012002B070BD0225E2
S2140107F00123EBE70025FBE7385B00207C3A00206D
S2140108003B5B0020A268002008B50448FFF7C6FF3E
S214010810BDE808400220FFF781BF00BFC0270900DE
S21401082010B5064C208826F02DFD608826F02AFD9E
S2140108306068BDE8104026F034BD00BF803A002055
S2140108407FB523238DF813300DF113030293042390
S2140108500648019305AB00930122802319210078F5
S21401086026F0FFFB059807B05DF804FBA2680020A0
S2140108702DE9F047DFF84C91044699F800009046C0
S2140108800F4626F0FDF90B2899F8002005D9BDE89A
S214010890F04700203F4904F08FBF00263E4B3F4DF6
S2140108A01E803F4BDFF820A103EB00135B8801207D
S2140108B02B802A7104F0A8FE05F050FF04F0A4FE78
S2140108C0204604F0A1FE0123042C8AF800300BD840
S2140108D0022C45D89C4216D02346BDE8F04700209E
S2140108E0304A314904F068BF062CF5D130462F490D
S2140108F004F062FF384604F087FEFFF791FF97B1D8
S2140109008AF800600FE04FF6FF76294F3888801B83
S21401091018BF012004F078FEFFF782FF3888B04246
S21401092001D026F0AFFC19236B8099F80030002027
S2140109302B71204B1B786B71EB8843F04003EB80E7
S2140109401D4B198826F049FC034620B1224600209B
S2140109501A4904F031FF4046BDE8F047FFF71EBFD5
S214010960304604F051FEFFF75BFFFFF769FF26F004
S21401097098FC134B1B78002B0CBF3F20202004F063
S21401098043FE042CCFD14FF4806026F07BFC32204E
S214010990C7E700BF850D0400DC520020E0520020AE
S2140109A0503C002079FD0300D10D0400B40D040075
S2140109B0D0520020A168002042680020EA0D040001
S2140109C0375B0020A2680020385B002038B504465B
S2140109D005200D46FFF7A2FE184B1A884FF6FD7349
S2140109E09A4207D10020164904F0E6FEBDE83840D9
S2140109F0FFF70ABF65B1134A13780133DBB2092B3F
S214010A00137014D90A2200200F4904F0D5FEEDE731
S214010A10012C0ED10B4B1D700C490D48FFF734FD10
S214010A20BDE83840002101200A4AFFF721BF012C0A
S214010A30F2D0BDE838400748FFF7B0BE4268002054
S214010A40240E04003A5B00204F0E0400D052002012
S214010A50803A0020E093040008B50649002004F01F
S214010A60ABFE0548FFF736FDBDE808400021084605
S214010A70FFF7ACBF930E0400803A0020814237B5E1
S214010A800346154608D2002000910F4A0F4904F08C
S214010A9093FE002003B030BD0C1A224600200C49FC
S214010AA004F08AFE40F6BB5322460020094904F0B2
S214010AB083FE4FF47A735C43074B01209C4294BF3C
S214010AC02C602B60E6E700BF79FD0300A40E04004E
S214010AD0E10E0400FC0E040080EE360010B504465C
S214010AE00820FFF71BFE0D4B3CB91C700021BDE82A
S214010AF0104006200A4AFFF7BBBE1B78092BF5D922
S214010B000A220020074904F057FE0020064904F097
S214010B1053FEBDE81040FFF79FBF00BF3A5B0020C1
S214010B20C0270900280F0400690F040073B51F4D84
S214010B302C7834B100201E4902B0BDE8704004F0A4
S214010B403BBE0220FFF7EAFDFF221A4E1A4B307811
S214010B501A7026F095F80B2807D9204632781749DF
S214010B6002B0BDE8704004F027BE154B154900934E
S214010B7001EB0011012319224FF6FD70498805F09B
S214010B8091FA70B12046104904F016FE00220F4B70
S214010B900F481C700F4B1A7002B0BDE87040FFF78B
S214010BA0FDBD01240C492C70EEE700BF395B002027
S214010BB07A0F0400A2680020A1680020850D0400B9
S214010BC0BD0E0100503C0020BB0F0400385B002026
S214010BD0C02709003A5B0020E10F040038B5144D28
S214010BE004462B78052B21D91249FFF75DFC24B961
S214010BF018B9114904F0E0FD0424104B195D21B920
S214010C00BDE838400846FFF769BF032C06D02B78AD
S214010C10052B03D006200A4AFFF72AFE0021094BBE
S214010C2008461970BDE83840FFF7D0BE38BD00BF92
S214010C303B5B0020803A002003100400718404000E
S214010C40C0270900385B002030B5044689B007206C
S214010C50FFF764FD052C0AD100222A4B03A91A705E
S214010C6002A804AA01F0FEFD30B1022045E09CB9BD
S214010C700122244B1A700224224D287878B1421E94
S214010C80504221495041FFF755FC022304462B7080
S214010C90022C0ED10A200FE0022CE6D1EBE7631FEF
S214010CA05A424FF0050018495A4125F0A1F9044669
S214010CB0EEE7032C04D10020FFF770FD09B030BD2C
S214010CC0062C06D10020114904F076FD01232B7075
S214010CD0E0E70F4A0F4B2878002C18BF13460E4941
S214010CE00E4A0094002808BF0A4600200C4904F06A
S214010CF063FD201E18BF0120400009B0BDE830404A
S214010D00FFF76CBF365B0020803A00203E100400DF
S214010D1037100400301004001F10040029100400CE
S214010D207910040013B51F4C0620FFF7F7FC227854
S214010D30092A09D900201C4904F03EFD042002B00E
S214010D40BDE81040FFF74ABF184B1B782BB30020B5
S214010D5024F015F925F045F968B9FFF771FD144B34
S214010D60196825F035F902460420002102B0BDE8D5
S214010D701040FFF77DBD01A825F031F9FF2809D104
S214010D804FF4FA6023780133237002B0BDE81040B7
S214010D90FFF704BD0198FFF7EDFC4FF4FA6203205C
S214010DA0E3E700BF3A5B002094100400375B0020A5
S214010DB0903A0020F023F0B589B0CDE9000334481D
S214010DC08023002219210078324E334F26F014F981
S214010DD00020324904F0F0FC3246394603A801F0FF
S214010DE041FD032804462E4D1CD10626039A2D49A3
S214010DF0002004F0E1FC0398FFF7BCFC00203968F2
S214010E0000F0ACFE2E7001F09FF900220446264B3E
S214010E1030461A70FFF782FC84BB09B0BDE8F0408B
S214010E20FFF780BF28BB7268204904F0C5FC214645
S214010E3004A8FFF729FB059B726893420BD0204656
S214010E401B4904F0B9FC072305202B7009B0BDE847
S214010E50F040FFF7F9BE1A462046164904F0ACFCEE
S214010E600523002101202B7009B0BDE8F040FFF7F3
S214010E70ADBD0020104904F09FFCF1E7042C05D01D
S214010E80042009B0BDE8F040FFF7A8BE09B0F0BDE8
S214010E90A2680020803A0020903A0020CC1004007E
S214010EA03B5B0020FD1004003A5B00203811040073
S214010EB071110400C511040001120400F7B50446BF
S214010EC0876800202378364D012B287004D0354BD7
S214010ED03549187004F070FC26785EBB334B1B78DE
S214010EE0FF2B04D103B0BDE8F040FFF78DBC304BBB
S214010EF01B78032B11D82F4C0320FFF70FFC6946F4
S214010F00208826F02DFE002843D02B49208805F0A6
S214010F1047F920B12E70FFF777FC03B0F0BD01242E
S214010F20204B26491C7004F047FC0320FFF7F6FB14
S214010F302C70F2E7012E25D13B78002BEDD01B4D0E
S214010F402B78FF2BE9D1A68802F0A4FF864206D1B2
S214010F5000201B4903B0BDE8F04004F02DBC194B3E
S214010F60A2881B783BB132B11749002003B0BDE817
S214010F70F04004F021BC7B6814491B782B700D4BA4
S214010F801A80F2E7032E08D108226846A16809F004
S214010F902BF86846FFF70EFFBFE700232B70A1E78B
S214010FA0385B0020395B00201C120400A168002079
S214010FB03B5B002042680020BD0E0100E10F0400EB
S214010FC03C120400355B0020621204008D120400FE
S214010FD07FB5094B1A78FF2A0AD1187001F088FBF1
S214010FE00022064B0DF1060102A81A80FFF74CFA03
S214010FF007B05DF804FB00BFA2680020CE520020B7
S214011000152838B517D10C4B1D78A5B926F08EFDDD
S214011010C4B2012C38BF01240120FFF77FFB28460C
S2140110202246064904F0C8FB4FF47A706043BDE8D7
S2140110303840FFF7B3BB38BD3B5B0020AA12040063
S214011040034B1B78022B01D8FFF770BD704700BF1A
S2140110503B5B002070B5284C24F0BEFF2578274E58
S214011060BDB10020264904F0A7FB264A13780133B8
S2140110701370002323703378062B0AD1BDE8704025
S214011080214B1868B0F5FA6F38BF4FF4FA60FFF7D6
S21401109085BB3378013B082B2CD8DFE803F0050924
S2140110A00D2B13191D222700BDE87040FFF7C8BF9E
S2140110B0BDE87040FFF73ABD00232370BDE87040DD
S2140110C0FFF7A2BB2946BDE870400120FFF77EBCB2
S2140110D0BDE87040FFF726BE0220BDE87040FFF76E
S2140110E0B3BD0120BDE87040FFF7F8BCBDE8704015
S2140110F0FFF7B2BC70BD00BF385B00203B5B002031
S214011100D91204003A5B00207C3A002010B9052071
S214011110FFF764BD034B1B78062B01D1FFF79ABF7F
S214011120704700BF3B5B00202DE9F0478E680546FF
S21401113033189A780C46092A8EB008D90020A3499C
S21401114004F03AFB852420460EB0BDE8F08750B97E
S2140111508B899F49895C8B4205D200919D4904F099
S2140111602BFB8024EFE79C4BE7881B889F4236D0F9
S2140111709A490978012932D932B13A46002098496C
S21401118004F01AFB7E24DEE7964B1A70934B267901
S2140111901B78052B03D0012B3AD8FFF751FF5EB918
S2140111A03146204626F092F90346002851D03046B3
S2140111B08D4A8E4904F000FBD4F80880A48998F87B
S2140111C0037098F80450002E4CD13046884A89495D
S2140111D004F0F2FA00210120FFF7F8FB4FE00021AE
S2140111E0804B1970072A00F28A8301A353F822F074
S2140111F08D1101003B1301003B1301004D15010049
S2140112004D1501004D150100E3170100E31701001C
S214011210022B17D102F03EFE8742B3D00020764A59
S214011220764904F0C9FAFFF781FC46BB31462046F1
S21401123026F04CF9034610B36B4A6C49002004F0C3
S214011240BBFA1CE06E4A00206E4904F0B5FA012490
S21401125079E7A3681B78DA06AED432466A4904F009
S214011260ABFAA9E700210AA8FFF70EF9032F08D960
S2140112705F4B664A66490097002004F09DFA0024F9
S21401128061E76B1E632B04D9594B604A614900958F
S214011290F2E7614BE4B2DB5D9C4209D0CDE9014344
S2140112A00020534B594A5D49009704F085FAE6E75A
S2140112B057B3A4B222460521404626F020F8BDF8D1
S2140112C02830834203D04A4B554A5649B6E7012F88
S2140112D01AD022460721404626F011F8BDF82A30DA
S2140112E0834203D0424B4E4A4F49A7E7032F0BD107
S2140112F022460921404625F0FFFF0B9B984203D169
S2140113003B4B474A494999E7642D3FF463AF26F0C2
S2140113100DFC6423C0B2B0FBF3F203FB12030133EE
S214011320DBB29D42BFF456AFCDE900530020304BEF
S2140113303B4A3F4904F040FAA1E7284B1B78052BAE
S21401134001D03C4A7FE7EB1CDBB2277BF45C44B15F
S21401135023460020374A384904F02EFA00210C466D
S2140113600BE00F2F0DD81023204634490093314A45
S2140113703B4604F021FA802401210020FFF726FBDA
S214011380E1E60435EDB220462A4A2D4904F014FA66
S2140113907A1B7119D2B206A824F031FE05443A46EA
S2140113A0E9B2304625F0A8FF264D069A2B68264F4F
S2140113B09A42386001D100284AD1244900201D4AAA
S2140113C004F0FAF985240121D7E700BFF6120400DC
S2140113D0B48404000E130400426800203B5B002026
S2140113E03D130400385B0020B3130400BB13040054
S2140113F04314040058140400811304008E130400DF
S214011400E3130400F01304000D1404006D1404002B
S214011410751404008F14040077840400AD140400CE
S21401142002190400E714040011150400391504001C
S2140114306015040094150400AE150400DD150400C3
S214011440F4150400803A0020903A00201D1604008E
S21401145000F08EFF3E68B0420AD200F089FF9D4937
S21401146003463246204604F0A7F98924012184E781
S214011470079A6B689A4205D12046974A974904F025
S2140114809BF96BE79649097859B19A4209D22046E9
S214011490944904F091F996210620934AFFF7E8F95A
S2140114A05CE7924A924905A801F0DCF9079E48B923
S2140114B06A68964206D88F4904F07EF90520FFF740
S2140114C0C3FB40E6324600208B4904F075F93968C3
S2140114D00027002000F042FB00206E60FFF74AF96B
S2140114E0864B06201F80FFF719F9854B1F7001F008
S2140114F0B1F90646F8B94FF6FF73824A0AA8118871
S214011500994214BF13463B466A88298801F012F9AE
S2140115100AA800F0D7FC58B10AA801F0DDF938B1E5
S2140115203046794904F048F90420FFF757FB0AE6EC
S214011530FFF7F8FB07E6042805D1744B1921187844
S21401154025F0F5F8FFE538467149EBE7714B1B7856
S214011550062B01D0704A76E6DFF8A0A1EB1C94F8C2
S2140115600C90BAF80080DBB22EB930466B4904F015
S21401157023F98724E7E5F75C2C1D972FE4B22FD0DB
S21401158025D8812F71D0952F67D017BBB9F1100FD1
S2140115907FF6E7AD31194A460AA824F030FD044427
S2140115A0E4B221464A46304625F0A6FE231DDBB2AC
S2140115B0053416F803A0E4B2A9EB04035345054627
S2140115C066DA009338465346534A5549C7E5982F7D
S2140115D043D03B460020504A524904F0EDF8C8E794
S2140115E0B9F10A0F7FF6BDAD1FFA89F721463A46D3
S2140115F0304625F081FE05F1080104463A46C9B297
S214011600304625F079FE0AAA01462046FFF736FA4B
S21401161008B9454B0A93B9F10C0F12D905F10C0123
S2140116203A46C9B23046DDF8288025F068FE044601
S21401163002463E49002004F0BFF8AAF800404444A0
S2140116400A940A9C3A492246002004F0B5F820463E
S214011650FFF7A4F824F0CBFC11E63649002004F08D
S214011660ABF80320FFF7BAFA09E6334C23786BB1DF
S21401167024F0B0FC50B10020304904F09DF800235E
S214011680237024F0B4FCFFF74DFBF8E52C49E5E7A1
S214011690DFF8A49099F8003043B9FFF7D1F88542F6
S2140116A0034607D01C4A27490095E5E524F099FC36
S2140116B00128F2D110220D480AA908F08FFF10B9AF
S2140116C0BAF13F0F42D9144A1F49002004F074F8BA
S2140116D04FE700BF3C16040094150400741604007E
S2140116E0345B0020A9160400C0270900803A0020B8
S2140116F0903A002038110400EA160400CE52002069
S2140117003A5B0020D05200200C170400A26800208B
S2140117102B1704003B5B00205117040066170400DA
S2140117209318040075180400E0930400A117040040
S214011730CC170400EB170400375B002007180400E1
S21401174046180400CF1804000B1904006D4B1870DE
S21401175099F800304BB124F03DFC30B1284624F016
S2140117603CFC042807463FF48AAD51462846321908
S21401177024F076FD28B10020634904F01DF804200A
S21401178070E799F80030554463B124F023FC48B162
S214011790FF2FF4D0012F3FF472AD032F16D124F0A2
S2140117A024FC05462846FEF7E5FF044602460521C9
S2140117B0564824F04BFC564B1B689C420AD32046E5
S2140117C024F049FD0520FFF73FFA58E524F00BFC0D
S2140117D08046E7E74046FEF7E1FF00287FF44FAD7D
S2140117E051E74C4B1B7803F0FD03082B01D04A4A06
S2140117F029E5A48935B1F27822B10020474903F0E2
S214011800DBFF2EE7E4B22246F11C0AA824F0F7FB20
S214011810434BBDF828201988054691420DD04FF656
S214011820FF718A4209D03C4A00203E4B3E4903F0F4
S214011830DDFFBDF828203D4947E7BDF82A20598835
S21401184091420CD04FF6FF718A4208D0324A0020EE
S214011850374B354903F0CAFFBDF82A20EBE70B9A50
S2140118605B689A420AD0013208D02B4A2E490020E2
S214011870304B03F0BBFF0B9A2F4926E7A4B2E91CB5
S2140118802246C9B2304625F037FDE91DC9B20746E2
S2140118902246304625F030FD431C014606D108207D
S2140118A0FEF73CFF2548FEF779FFE8E4384606AA2E
S2140118B0FFF7E4F8A8B9214B0693214B00221978CB
S2140118C0204B187824F077FB069C2046FEF766FF2F
S2140118D0224600201C4903F06FFF0920FEF71EFF79
S2140118E0CDE440F6B733069A9A42E6D840F6B832C7
S2140118F00020164903F060FF40F6B833DCE7812488
S21401190021E400BF3A5B00203E190400611904007F
S214011910903A00203B5B00206A1904007F190400FE
S214011920803A002001150400A61904005F0A04008D
S2140119302B150400C1190400BE21040080EE3600F8
S214011940A1680020A2680020F9190400CE1904003D
S21401195008B50420FFF742F90020FEF7DFFE00235A
S214011960054A19211370054A1370054B1878BDE80E
S214011970084024F0DCBE00BF385B0020395B002045
S214011980A268002010B5164B164C1A78164B00208C
S21401199053F82220154903F00FFF2178144B154AFE
S2140119A00020002918BF1A46134903F005FF2378C3
S2140119B02BB1124B00201A68114903F0FDFEFEF709
S2140119C03FFF0446FEF73CFF0E4B196824F031FB3F
S2140119D02246BDE8104003460B49002003F0ECBE4A
S2140119E03B5B0020385B002088840400151A040045
S2140119F0EB200400CC200400221A04007C3A0020CC
S214011A003C1A0400903A0020551A040038B50146E5
S214011A1004460020FFF788FB054698B1E37C0020CA
S214011A200A4A0B4903F0C8FE2379042B0AD029463B
S214011A30204625F04BFD034620B10020054A064905
S214011A4003F0BAFE6FF0FF0038BD00BF79FD03005A
S214011A507D1A0400B3130400BB13040010B513462B
S214011A60094A127882420DD163B1084A00201468EF
S214011A700A46074903F0A0FE2146BDE810400120B2
S214011A80FFF752BB10BD00BFA2680020E03D00205A
S214011A909F1A040010B50D4B1C782CB1BDE8104000
S214011AA000200B4903F088BE6420FEF763FE4FF664
S214011AB0F0716FF00F02074B0320C3E900122246B4
S214011AC02146BDE81040FEF7D3BE00BF3B5B0020B9
S214011AD0D81A0400803A0020014B1870704700BFE6
S214011AE0375B002000210620014AFEF7C1BE00BF79
S214011AF0C0270900014B1870704700BF345B0020F7
S214011B00114B2DE9F04107460D4618680F49101A8A
S214011B10096824F08EFADFF840800D4E98F80040F0
S214011B200346FF2C307004D0A8420AD32C44A042AE
S214011B3007DB3A460020074903F03EFE337888F873
S214011B4000303078BDE8F081983A0020943A0020C1
S214011B503C5B0020061C0400A368002050EA01023A
S214011B6008D0FF22054B091A1A70054B1860054B61
S214011B701960704711461046FFF7C2BFA3680020E0
S214011B80983A0020943A00202DE9F04FAFB006AD08
S214011B90284600F0FDFD0026624FDFF8D09128466A
S214011BA000F090F9044648B900F0BEFD5E490246D1
S214011BB0204603F001FE2FB0BDE8F08F3946002025
S214011BC0F2B203F0F9FD284616A900F0FFFD04461F
S214011BD020B15649002003F0EFFD8FE0BDF85820F4
S214011BE0534903F0E9FD49462046BDF85A2003F063
S214011BF0E3FD2046BDF85C204E4903F0DDFD20469E
S214011C00BDF85E204C4903F0D7FD2046BDF86020A4
S214011C104A4903F0D1FD2046199A494903F0CCFD03
S214011C202046BDF86820474903F0C6FD20464649D0
S214011C300DF16A0203F0C0FD44492046239A03F0E1
S214011C40BBFDBDF85C30D90705D520469DF8902030
S214011C503F4903F0B1FDBDF85C309A0714D500206A
S214011C603C4903F0C3FDBDF85830B3F5807F4FD132
S214011C70002025F08BFB18B10DF1910003F01EFD3D
S214011C800020354903F098FDBDF85C305B070BD5A5
S214011C900020BDF8B220314903F08EFD0020BDF8CA
S214011CA0B4202F4903F088FD062228460DF11603BD
S214011CB00AA924F0EDF9044690BBBDF8162029497F
S214011CC003F07AFDDFF8A8A0DFF8A8B00DF1280828
S214011CD0BDF81610A2B2914210D9B8F800205146AC
S214011CE0002003F069FD0134D8F80420594600208D
S214011CF003F062FD062C08F10808E9D16C4620467F
S214011D0000F05AFD94E80F00013685E80F0046E71B
S214011D100123202200200DF1910103F0B1FCAFE771
S214011D20114957E7181C0400E51D0400211C040096
S214011D30451C0400791C0400921C0400AB1C040022
S214011D40C41C0400DD1C0400F61C04000B1D04006A
S214011D50271D0400401D040055330400531D0400D4
S214011D606C1D0400851D0400B81D04005E1C0400E3
S214011D70961D0400A61D04002DE9F04188B004ADAF
S214011D80044628468846002700F002FD6E46474571
S214011D9007D195E80F0084E80F00204608B0BDE89B
S214011DA0F081304600F008FD96E80F0085E80F0048
S214011DB0284600F087F801370028E8D1014B0FCB01
S214011DC0E9E700BF2C8704001FB5D0E9023253F8BB
S214011DD0223068461978FFF7CFFF684600F07CFD91
S214011DE048B1042809D1074A0020074903F0E4FC5A
S214011DF005B05DF804FB054AF6E70020044903F048
S214011E00DBFCF5E781270400001E040037210400EF
S214011E100C17040010B5D0E9023203EB82014968C1
S214011E2053F8223098B00C6804A81978FFF7A4FF7D
S214011E3003AB40220093214608AB04A800F0E2FC65
S214011E40024628B100200E4903F0B6FC18B010BDBA
S214011E50039808A900F007040122C0F3C70003F0A5
S214011E6055FC039908A8091B01440648012322468C
S214011E70008803F005FC044803F03EFCE6E700BFDB
S214011E80101E0400EC52002055330400F0B5044641
S214011E900D460B4BEF880FCB84E80F00AB882E89DD
S214011EA09B0741BFD5F83900D5F83D1004F108036A
S214011EB003C3EA682046278066806260F0BD00BFE3
S214011EC0C0840400102208B5034908F087FB0038D7
S214011ED018BF012008BD00BF2C87040008B526F0F6
S214011EE0ACFAC288FF219208012A38BF01220248B3
S214011EF023F01FFC012008BDA83A002038B5134680
S214011F0090B10120274A1070274A00201160274A05
S214011F1013600A46264903F04FFC02F09DFB254B51
S214011F201870022002F09EFB26F0A2FAE8B91D4DB9
S214011F301D4C2B782BB926F080FA2268C36813440F
S214011F4023601A4B24681B689C4229D226F075FA36
S214011F50C168204606F0AAF8002402462C7050B943
S214011F6026F086FAFFF7BAFF03E0FFF7B7FF00286F
S214011F70DDD0012038BD20460F4903F01DFC0D4B76
S214011F80187802F06FFB00200C4903F015FC00F0F6
S214011F9091F908B900F0AEF92046FFF7B7F8E8E77F
S214011FA00124ECE73E5B0020A03A00209C3A00208A
S214011FB0371E04003D5B0020631E0400831E0400E0
S214011FC038B500F04BFA044600F042FA241A26F01F
S214011FD034FA054618B9B1211B482BF061FFAB88CE
S214011FE003F00303032B03D0B22117482BF058FF4D
S214011FF000F02EFA054624F0BEF801238340013B8B
S2140120002B4203D0B42110482BF04AFF24F0B3F83A
S21401201001238340013B234203D0B5210A482BF01C
S2140120203FFF05F019FE054624F0A5F84FF480633E
S214012030B3FBF5F3C440A34205D2BDE83840BA214C
S21401204001482BF02DBF38BD991E0400FF2108B5AD
S214012050044823F07FFBBDE80840002211461046E5
S214012060FFF74CBFA83A0020F7B504460E4600F02D
S21401207089F8054626F0E1F9C3682B449C4220D333
S21401208024F079F82C44C440013C114F3B68DEB182
S214012090A34219D101340023ADF8043000F0E4F96D
S2140120A0054605F0D9FD103504FB005405F0D4FDB6
S2140120B001A90246204605F021FE24F06CF838609E
S2140120C004E04FF0FF34E0E7A342E4DB03B0F0BDE9
S2140120D0346400204FF0FF320A4B10B51A6000221C
S2140120E0094B1A7000F0B4F9044600F0B7F921461E
S2140120F002460120FFF702FF00280CBF0120042042
S21401210010BD00BF346400203F5B002038B500F0EE
S214012110D1F808B9002038BD094D0A4C2B7823B9EF
S21401212024F039F8012320602B70246824F023F86A
S21401213001348440EED000F025F82044EBE700BFE0
S2140121403F5B00203464002070B50D4C2368002BE3
S21401215001DA012070BD00F07BF9054626F06DF925
S2140121602468C66824F007F8013404FA00F129440B
S21401217001208A19FFF7C2FE0028EAD00420E9E709
S21401218034640020024B18680C3024F034B800BFC9
S21401219038640020FF2307B50021044A0448009351
S2140121A0FBF75EFF03B05DF804FB00BF4D200100A6
S2140121B0A83A00200E4B70B51C680546036804F566
S2140121C082641C440E46FFF7DDFF2B68834208D26B
S2140121D032681A44824208D9C31A012033602C603F
S2140121E070BD044A126813441C1A0020F7E700BFAA
S2140121F038640020A43A00202DE9F04FB3F5803F63
S21401220087B00F469846019003D3002007B0BDE87B
S214012210F08F03A904A8CDE90332FFF7CBFF002412
S214012220824600F10109DFF888B05FFA89F9019B5F
S214012230DDE90356AAB27BB13046109926F004F9BF
S2140122400028E2D1B9F1020F2BD1DBF8003004935C
S214012250019B03BB2F4421E03946304605F04EFD75
S2140122600028D2D1BAF1000FECD0002CEDD105F048
S214012270F3FC2E44B6FBF0F303FB10600028E4D019
S21401228005F0EAFC05A902463046059405F036FD40
S2140122900028DAD0B9E7109B2B441093A8EB05056C
S2140122A00395631C4B454FF00104C0D32046ADE7B0
S2140122B0A43A00207FB56B460C4A1068516803C3E8
S2140122C090680C2218600A4B0DEB0201186826F084
S2140122D0BBF80C2268460DEB020108F07FF9B0FA54
S2140122E080F0400907B05DF804FB00BFD08404000D
S2140122F0386400201FB5084A01AB1068516803C353
S214012300906801A91860054B0C22186805F0F6FCC8
S21401231005B05DF804FB00BFD084040038640020DB
S214012320F7B5044615460E4681B9072A03D8002498
S214012330204603B0F0BD0D4B80791968E37906306D
S21401234000EB03200C3180B223F05FFF002721460B
S2140123502B46324638460097FFF74EFF04460028C4
S214012360E5D039467019FFF77FFEE1E738640020B3
S214012370024B1868A0F50060704700BF4464002057
S21401238010B58AB0684606F09DF810F0FF0027D118
S214012390009BFBB1174C01A9206006F00BF810F06A
S2140123A0FF001DD12268009B9A4204D34FF4DD71D1
S2140123B011482BF075FD019B104A11491360029AD2
S2140123C013440B600F49A3F500630A600E4A1360BD
S2140123D0009B63B940F2CF1107482BF061FD06E080
S2140123E0044A034612680020084903F0E5F90AB0DA
S2140123F010BD00BF3C6400204C1F0400A43A00201E
S214012400406400204464002038640020F41F040067
S21401241008B5FFF7B5FF26F010F850B126F00DF815
S214012420064B02691B689A4203D2B32104482BF07B
S21401243037FDFFF7C5FD012008BD00BF446400203D
S2140124404C1F0400014B1868704700BF3C64002015
S214012450014B1868704700BFA43A0020014B18686A
S214012460704700BF40640020014B1868704700BFEA
S2140124703864002010B5FFF749FE044628490020BD
S21401248003F09AF90020274903F096F9002026491F
S21401249003F092F90020254903F08EF9244B002021
S2140124A01A68244903F088F922462349002003F0DC
S2140124B083F9FFF767FE21490246002003F07CF905
S2140124C01F4B00201A681F4903F076F91E4B1F4C5C
S2140124D01A6800201E4903F06FF9226800201D4982
S2140124E003F06AF94FF4806200201B4903F064F997
S2140124F0226800201949103203F05EF92268002094
S21401250017490C3203F058F922680020154902F5E4
S214012510826203F051F9BDE8104005F0D1BA00BF60
S21401252073200400B0200400CF200400EF20040034
S2140125303C6400201A210400392104005C210400B7
S214012540A43A00207F210400406400203864002063
S214012550A2210400C5210400E82104000B22040086
S2140125602E220400512204002DE9F04194B00446C5
S2140125700D460020482102AA23F058FE18B95349F7
S21401258003F01AF919E060220021204607F0DAFC70
S21401259004224F4902A808F021F890B16DB19DF8C8
S2140125A00B30002001939DF80A309DF80820009317
S2140125B048499DF8093003F0FFF8012014B0BDE842
S2140125C0F081BDF80C20B2F5807F228003D042490D
S2140125D003F0F2F8F1E7BDF81420BDF80E102281E1
S2140125E0DDF816206180E2600499BDF81A2061606A
S2140125F0228284F8320007AD04F112020FAE2B4698
S21401260003CBB342106051601D4602F10802F6D1B9
S2140126100F9B324A63631360314B10221846002128
S21401262007F090FCE288A388028022894280E26853
S21401263042600BB90020C1E700263546A388D907BA
S21401264009D536B105F150026A4412F8482C84F8CF
S21401265038200135EDB29A0714D5208823F0FCFC0A
S21401266007466EB102AB03EB05080246414604F18C
S214012670390007F0F7FD3A4641461A4807F0F2FDE1
S2140126802F44FDB2A3885B070DD556B105F1500363
S2140126906B4433F8482C33F8463CA4F85A20A4F887
S2140126A05C300435EDB2002EC4D1482D02D9304637
S2140126B00D4965E72946382002AA23F0B7FD08B977
S2140126C00A495DE738250126B8E700BF74220400F1
S2140126D0DC840400A6220400DC220400C83A0020A0
S2140126E0CC3A0020D43A0020F72204004723040005
S2140126F030B50B4C99B025786DB9FFF789FE68B1F6
S21401270029466846FFF730FFB0FA80F0054B4009CE
S214012710187001232370002019B030BD0120FBE79B
S214012720405B0020415B0020014B1878704700BFDA
S214012730415B002070B51E46134B044618881D46A3
S214012740884298B002D15B88934206D00F4B0FCBDC
S21401275084E80F00204618B070BD96B10021684687
S214012760FFF702FF0028F1D1BDF804305B0708D55A
S2140127703388BDF85A209A42E8D8BDF85C209A42C0
S214012780E4D395E80F00E3E7CC3A00202C87040059
S214012790064B10B51B7804462BB9054B0FCB84E8C6
S2140127A00F00204610BD034BF8E700BF415B002039
S2140127B02C870400CC3A002010B50446024B0FCB00
S2140127C084E80F00204610BD2C8704000B4B10B583
S2140127D01B78044608467BB10021FFF7C5FE48B9C1
S2140127E010222146064807F0F9FE003818BF0120DE
S2140127F0C0B210BD0120FBE70120FAE7415B0020D3
S214012800CC3A00202DE9F0410E4690460E491022A2
S2140128101F4607F0E3FE044670B90C4B3A461D68A6
S2140128203046AD1B454528BF4546294623F0FEFCEC
S21401283028B9074902F0C0FF0120BDE8F081069BD8
S21401284020461D60F9E700BFCC3A0020C83A0020B8
S214012850472304000022024B1A70FFF73BBC00BF5F
S214012860415B00202DE9F0419CB00F46164680469C
S214012870FFF74CFC054602461549002002F09CFF76
S214012880382D20D9012104A8FFF76EFE0446D0B9E1
S214012890119B04A93B606F463846FFF7F7FA97E8A5
S2140128A00F0086E80F00119BAB4297BF012103245E
S2140128B0084AC8F8003094BF1170C8F80050204686
S2140128C01CB0BDE8F0810022024B01241A70F6E725
S2140128D079230400415B002070B5084D00262B7853
S2140128E053B1FFF7F7FB04461022002104482E706F
S2140128F007F028FB204670BD3446F5E7415B002013
S214012900CC3A002008B50020064902F055FF064BD8
S21401291000201A78054902F04FFFBDE80840FFF78E
S214012920A9BD00BF98230400415B0020C223040018
S21401293003460120024AC3E9032000221A707047A9
S2140129400100FEFF2DE9F0410024264E264FDFF858
S214012950A88088B000F0D4F9A5B2854202D308B0A9
S214012960BDE8F081284603A923F096FCA2B23146C1
S214012970002002F03BFF9DF80D2012B39DF81210C7
S214012980BDF81030402914BF6E2179210020CDE911
S21401299000313946BDF80E3002F028FFBDF814208C
S2140129A01AB10020114902F021FF9DF80C00BDF874
S2140129B0182070B9079B0E490093BDF81A3002F033
S2140129C015FF00200B4902F0F7FE01342BF075FAD3
S2140129D0C0E7BDF81C304146009300209DF81A3030
S2140129E0EDE700BFDB230400E12304000424040018
S2140129F00E240400553304003524040010B500F0FD
S214012A00ABFABDE810400346024A0020024902F034
S214012A10D3BE00BFB02F0400CEEE0300D0E90232D1
S214012A2053F8223010B5188800F086FABDE8104039
S214012A300346024A0020024902F0BEBE5D2404009D
S214012A40CEEE030010B5D0E90232002486B08DF830
S214012A50044053F8221003EB8203097801A88DF88D
S214012A6005105A681288ADF806209A681288ADF8E3
S214012A700820DA681278ADF80C40A24214BF402252
S214012A8080228DF80A201A691288ADF810205A693A
S214012A909B691288ADF812201B68059300F0D0FBE5
S214012AA0034A03460349204602F086FE06B010BDDF
S214012AB0FF020400CEEE030038B50024064D2BF0CD
S214012AC0E8F945F824000634C02CF8D10020BDE80A
S214012AD03840024902F070BE8010002064240400D1
S214012AE030B5002087B0204902F066FE00201F495D
S214012AF002F062FE00201E4902F05EFE2BF0C9F9CC
S214012B0000240546A0B201A9013423F0C5FB202C00
S214012B10F8D12BF0BEF91749421B002002F04CFEFB
S214012B201549002002F048FE2BF0B3F904460120B7
S214012B3000F09EF82BF0ADF90E49021B002002F0C2
S214012B403BFE0E49002002F037FE2BF0A2F90446A8
S214012B5023F093FB2BF09DF9021B0020054907B0DB
S214012B60BDE8304002F028BE90240400BF240400D3
S214012B70EF2404000C2504001B2504003525040061
S214012B8010B50C4603F07CFD08B9032C12D101F0F8
S214012B9059F904280ED001F055F905280AD006483F
S214012BA002F0BAFC1C2801D124F014FBBDE8104049
S214012BB002F0C2BC10BD00BF856203002DE9F04FD4
S214012BC000274FF0FF36DFF8A4B0264C87B0BBF8DD
S214012BD00030B8B2834209D8731C3BD03246FF217D
S214012BE0214807B0BDE8F04F22F0A3BD01A923F0AC
S214012BF053FB9DF8050001F05BFFF8B19DF80480DA
S214012C00B8F1000F1AD1BDF810A0BDF812902BF044
S214012C1040F918210246BBB24B43E018E158007C4C
S214012C204FF47A73A2EB010C50B103FB0AF3634530
S214012C300ED30B44981A864228BF06460137C6E7CC
S214012C404D466B43FAD06345F5D31944881AF2E72B
S214012C504046F0E7FF21044807B0BDE8F04F22F0F8
S214012C6079BD00BF80100020DC3A0020D25200203F
S214012C702DE9F041014688B058B1022810D023F062
S214012C8025FB78B3D221194808B0BDE8F0412BF0F6
S214012C9007B9FF23164A17480093FBF7E1F9EEE759
S214012CA000244FF001082746134EA5B2284603A973
S214012CB08DF80D7023F0F0FA9DF80D0068B101F063
S214012CC0F7FE20B19DF80C300BB986F81080013460
S214012CD0202C06F11806E8D12546084B1D80FFF783
S214012CE06DFFCCE708B0BDE8F08100BF55250400B4
S214012CF025300100DC3A002080100020D25200204E
S214012D00014B1888704700BFD25200202DE9F04FC2
S214012D10634A077D89B004466249002002F066FDD9
S214012D20002024F033FB20B12368218A588803F061
S214012D30F5FC00205C4902F03FFD637DDFF87491ED
S214012D40002B236808BF08205988574B18BF00205E
S214012D500093228A4FF0090314BF4FF080084FF00A
S214012D60400802F089FBA289BB1C93420CDB24F0CD
S214012D70A7FB034620B100204C4A4D4902F01CFD3A
S214012D80012009B0BDE8F08FA068791C89B2C55D45
S214012D9024F0B5FA0337012D0646BFB213D82368CF
S214012DA0324659885879238A0093434623F0EDFE2C
S214012DB0824600283ED1862002F026FC284602F0F4
S214012DC023FC304668E08520F6E703A923F064FA81
S214012DD09DF80C30AB4223D123689DF80D105A792B
S214012DE091421DD1BDF80E105A88914218D1BDF8F6
S214012DF01020B24214D19DF81220424510D1BDF8E0
S214012E001410228A91420BD1002D38D0BDF818102B
S214012E10E288914204D19DF81A201B799A422ED05D
S214012E200BF1010BB9F800305FFA8BF08342CCD876
S214012E308B20C1E74FF0000BF4E79AF8020002F08E
S214012E40E3FBBDF8180024F01DFABDF81A0024F0C3
S214012E5019FA9AF8020003F081FE002883D19AF845
S214012E60020001F0F7FC0546079E002D3FF47BAFFC
S214012E70F0B2013D02F0C8FB360AEDB2F5E70020DC
S214012E8002F0C2FB284602F0BFFB304624F0FAF9F6
S214012E90012DD2D1BDF81C0024F0F4F963E700BF80
S214012EA0E4250400BC19040055330400F125040090
S214012EB00E260400D25200202DE9F04391B0694657
S214012EC0804623F0E9F90023194F8DF80130388840
S214012ED0431E98B28045388009D16946404623F0A2
S214012EE0E3F9684623F0C7F911B0BDE8F0834FF067
S214012EF0180905A923F0D0F90E4C3E880AAD09FB46
S214012F0006460FCE0FC596E8030009FB084485E880
S214012F1003000AAE404605A923F0C6F90FCE0FC43A
S214012F2095E8030084E8030069463888D7E700BFC0
S214012F30D25200208010002008B5064B1B88834221
S214012F4005D9FFF7B9FFFFF739FE002008BD272096
S214012F50FCE700BFD252002038B5074D2C882CB9AB
S214012F60FF21064822F0F6FB204638BD601E80B2DF
S214012F70FFF7A2FFF2E700BFD2520020DC3A0020A2
S214012F802DE9F3479A4618239DF82890244FCDE95A
S214012F90001203FB09731446D3E9022324F06FFBE6
S214012FA0064620460D4603F0D9FD04F0FD03382BF6
S214012FB080460FD1009432462B460021DAF81000E5
S214012FC023F095F9B8F1010F1BD135431ED102B09C
S214012FD0BDE8F087392CDAF810300BD107EE906A8D
S214012FE007EE103AF4EEC77AF1EE10FAACBF012004
S214012FF00020E7E79E4275F100032CBF0120002068
S214013000E0E7B8F1000FE2D10028E0D0182303FB77
S214013010097701233B7402B0BDE8F047FFF7CEBD48
S214013020801000202DE9F04F00252E46A846AA461E
S2140130302C46DFF8BC91D1B0694BA8B21B888342FD
S21401304009D81CB161882079FFF79AFDFFF7B6FD14
S21401305051B0BDE8F08F0BA923F01EF92AF019FF35
S2140130601823AFB27B4309EB030B59F803300590E5
S2140130709DF82D00049301F01BFD002800F0AE80A2
S2140130809DF82C10002940F0A980DDE90432D01A01
S2140130904FF47A72BDF838305343834200F29E8073
S2140130A09BF8103043B9BDF83A30002B00F09680FB
S2140130B05343834200F29280FD230022CDE9013280
S2140130C010AB00930DF119020DF11A03E9B20BA82A
S2140130D0F1F7FEF8002877D1BDF81A30DA1C049310
S2140130E0D2B214B33F4B9DF82D101B88134422799E
S2140130F0914214D1BDF82E10628891420FD19DF8ED
S2140131003220B8EBD21F0AD1BDF83420524506D181
S214013110B3424DDD0020344902F04EFB01E0B342DC
S214013120F8DC61882079FFF72BFD02F041FA0446AE
S2140131309DF932002D4BC043C00F0093BDF83420DB
S2140131400A23BDF82E10C0009DF8328002F094F9D3
S2140131509DF82D304FF0000B23714FF48A53FF2654
S214013160BDF834A04FEAD818E38007A95FFA8BF0C0
S21401317024F034FCC0B2B0B99DF81D109DF82D2086
S214013180914210D1BDF81E10BDF82E2091420AD1F1
S21401319022469DF829109DF81C0024F09AF9B042A9
S2140131A028BF3046C6B20BF1010BBBF1200FDCD1B4
S2140131B0BDF8300024F066F89DF8190002F024FAF4
S2140131C0049910A802F034FA182300225F4309EB91
S2140131D007031A742AF05DFE49F8070001352BE74C
S2140131E0D2520020DC520020CD26040055330400C4
S2140131F08010002070B500240126104D8AB02B885F
S214013200A0B2834204D80AB0BDE87040FFF7D6BC2E
S21401321005A923F041F89DF8150001F049FC50B1CD
S2140132209DF814303BB91A46CDE901360093E1B258
S21401323005A8F1F74DF80134E1E700BFD2520020AE
S2140132402DE9F0430389DFF858818BB0B8F8009078
S21401325000930446837982884188407823F095FC60
S214013260002800F09580E78927B1A389BB4200F2C8
S21401327091800027B8F80030BDB2AB4214D84D4655
S21401328001264FF6FF73E2899A4226D146B9B8F86D
S2140132900030AB4202D92846FFF70EFEFFF78EFC40
S2140132A000200BB0BDE8F083284605A922F0F4FF04
S2140132B09DF814307BB92268059B5340FF2B0AD832
S2140132C06368069E5E4036F07F4604D1BDF81C203A
S2140132D023899A42D5D00137CCE7E2689A422BD0AF
S2140132E0002E53D1D4E90323CDE9082305A822F003
S2140132F0C2FF0028D5D1B8F80030AB4204BF6B1C22
S214013300A8F800302AF0C5FD18236B43234AE9B21A
S214013310D050D418002305A81A46CDE901330093EE
S214013320F0F7D6FF18B100220023C4E9022328468D
S21401333005A922F0B9FFB1E7234605AA04F1100C4E
S214013340174618685968083303C763453A46F7D1E4
S2140133501868386005A822F091FF0028C0D01F2DFC
S2140133601AD800238DF8143063788DF815306388E9
S214013370ADF81630A388ADF81830A3798DF81A3059
S2140133802389ADF81C300028B0D1ABE70020E6E772
S214013390862086E7872084E7892082E78010002040
S2140133A0D25200202DE9F04FB04A90F814908DB01B
S2140133B00446AF49002002F019FA002023F0E6FF88
S2140133C020B12368218A588803F0A8F90020A9496A
S2140133D002F0F2F9637DDFF8B8A2002B14BF802358
S2140133E040230293236808BF08205988A14B18BFC1
S2140133F000200093228A072302F03EF8002303935D
S214013400A28909F10305954211DB039B13B91846FE
S21401341002F0FAF824F054F8034620B10020964A48
S214013420964902F0C9F901200DB0BDE8F08FA068F9
S21401343009F1010189B210F8096023F060FF3246F4
S214013440804603468E490020ADB202F0B5F98EB132
S214013450012E00F08A808527384602F0D5F83046DE
S21401346002F0D2F8404623F00DFF852FD2D001237B
S214013470039376E0A06809F10401A28989B2475D49
S21401348023F03DFF09F10601A289049089B2A068E4
S21401349023F035FF3A4605900090049B3046794963
S2140134A002F08AF909F1080938461FFA89F503F08E
S2140134B055FB002857D1384601F0CCF9294603467A
S2140134C08146A289A06823F00BFF6F4983463046E8
S2140134D002F08CF9A1684A4629443346304602F088
S2140134E0CFF83046634902F067F9A9441FFA89F517
S2140134F02368424659885879238A0093029B23F011
S21401350044FB18B18378BB4240F0AC80483FFFB221
S214013510092F05D840F21133FB40DB0700F1A480E8
S21401352000238DF81C30236807A85A798DF81D20D2
S2140135305B88ADF82080ADF81E30029BCDF82CB02C
S2140135408DF82230238AADF82430049BADF828305C
S214013550059BADF82A30FFF773FE074600287FF477
S2140135607BAFA9464CE7B346C2E72946A289A068C5
S21401357023F0C5FE4FF0000B0246074643490020E4
S21401358002F01AF909F10509BAF800301FFA89F5AF
S214013590BAF800201FFA8BF94A4503D81F2B31D9F8
S2140135A0892759E7484607A9049322F075FE9DF836
S2140135B01C20049B012A22D122689DF81D00517906
S2140135C088421CD1BDF81E005188884217D1BDF82B
S2140135D02010414513D19DF82210029881420ED148
S2140135E0BDF82400218A884209D1BDF82800E18867
S2140135F0884204D19DF82A10127991421BD00BF112
S214013600010BC5E7012299468DF81C2022685179E5
S2140136108DF81D105188ADF82080ADF81E10029966
S2140136208DF82210218AADF82410E188ADF8281013
S21401363012798DF82A2007A8ADF82C7022F01BFE0F
S214013640074600287FF408AFBAF800304846994587
S21401365008BF09F1010307A908BFAAF8003022F044
S21401366023FE7EE78D27F7E68C27F5E6F82604008D
S214013670BC19040055330400592704000E26040023
S214013680002704001D2704003E27040049270400E4
S214013690D25200202DE9F04F074688469146002574
S2140136A089B09A46BDF848B09DF84C60149C224BF0
S2140136B01A88A8B2824235D903A922F0EDFD9DF8F9
S2140136C00C201D4BB2BB9DF80D10B94232D1BDF88E
S2140136D00E1041452ED1BDF8101049452AD19DF84E
S2140136E01210514526D1BDF81410594522D1304645
S2140136F0029201F0AFF8A6F14103012B01460AD868
S214013700204623F002FE0D4B0D4A204484420CD184
S2140137100421029302ACEDB232462046009503AB7B
S214013720FFF72EFC09B0BDE8F08F14F8011F4B40DF
S2140137305343EBE70135BBE7D2520020C59D1C8100
S214013740930100011FB50F4C2478C4B142EA03224D
S2140137509DF818308DF8051042EA43220A4BADF861
S2140137600C201A78094B8DF80610079903EB021303
S21401377000908DF80400DB6868460291984704B013
S21401378010BD00BF425B0020445B0020FC3A0020D5
S21401379073B51A4DFF211A4821F0DCFF2B7853B37D
S2140137A0184C194E2378180106EB03131A7A596838
S2140137B0305C24F09FF94D281DD0E0B10123002193
S2140137C02278CDE900311201B25CC0B2FFF7BAFF30
S2140137D00A2223780A480133DBB2B3FBF2F102FB7B
S2140137E01133FF2123702B78013B2B7002B0BDE80B
S2140137F0704021F0A7BF02B070BD00BF425B002041
S2140138009C3B0020445B0020FC3A0020F8B5104F9A
S2140138103E780A2E1AD00FC8DFF840C00D4D9CF82E
S2140138200040013605EB041585E80F000A23013434
S214013830E4B2B4FBF3F203FB12440748FF218CF811
S21401384000403E7021F07EFF0020F8BD0120FCE71D
S214013850425B0020FC3A00209C3B0020435B00209A
S2140138600021024A0248FAF731BC00BF9137010035
S2140138709C3B0020002337B50C46124D12492A788E
S214013880CDE9003312018A5C01230146E0B2FFF75D
S21401389059FFA4B90D490A788AB10A202B78013A52
S2140138A00133DBB2B3FBF0F40A70FF2100FB1433E3
S2140138B007482B7003B0BDE8304021F043BF03B08A
S2140138C030BD00BF445B0020FC3A0020425B002074
S2140138D09C3B002008B500F0BDF850B1054B064AE8
S2140138E00649052808BF1A46BDE80840002001F031
S2140138F063BF08BD6D270400553304008E270400FE
S21401390008B5032024F010F910B90122014B1A70F2
S21401391008BD00BF455B00200022024B18781A70D4
S214013920704700BF455B00200246FF21014821F099
S21401393000BF00BFBC3B0020114B37B51D78C5B991
S214013940FF21104821F006FFFFF7DAFF044600903A
S2140139500D4B28460D4A0E4901F02EFF4CB10D4B7A
S2140139601B78DB0605D5284624F0B8F8204622F059
S214013970F3FA094B186803B0BDE83040FFF7D4BF2F
S214013980455B0020BC3B0020AB270400D927040080
S2140139909EFF0300335B002048640020FF2101489E
S2140139A021F0D8BEBC3B002070B51A4E05463378D0
S2140139B00C466BB30020184A184901F017FF032C78
S2140139C001D0652C20D11649002001F00FFF2246B8
S2140139D00020144901F0F0FE0020134901F006FF13
S2140139E0012329460822002001F04AFE00200F4943
S2140139F001F0E2FE032C88BF0023204688BF337007
S214013A00BDE87040FCF7BEB8012CE0D00849DBE702
S214013A1070BD00BF455B0020D92704008803040061
S214013A20EC2704003F0A04000A280400553304006A
S214013A3002280400014B1860704700BF486400204C
S214013A400021024A0248FAF741BB00BF393901009A
S214013A50BC3B0020054B10B51C782CB90448FF214F
S214013A6021F070FE204610BD0520FCE7455B0020D6
S214013A70BC3B0020F8B50024074B084E1D68084FD4
S214013A80E3B29D4204F1010400D8F8BD394656F868
S214013A90230021F016F8F3E788A204008CA20400A4
S214013AA01465002010B5044C23780BB124F02CF8D3
S214013AB00123237010BD00BFA46800202DE9F74341
S214013AC0254B0D4616460446019350B14AB10423D0
S214013AD001AA12F8011BA94235D0013B13F0FF03DE
S214013AE0F7D1212003B0BDE8F08317F8010F90FA53
S214013AF0A0F0000E21F021FA014608EB07039945D4
S214013B00F3DCCAB2C1F30F2392FAA2F293FAA3F33B
S214013B10120E1B0E03EB0223DB43621912F8020C92
S214013B2099B2DBB298420CD112F8013CB3EB112FDB
S214013B3007D132462146284603B0BDE8F04323F0BC
S214013B4043BF2320CEE74FF6FF71671EA5F102099A
S214013B50C4F10108D1E700BF080A0E12F0B51546F8
S214013B608FB00E4607462AF040FA254B02A81C786D
S214013B7023F0CEFF15F0FD0F3BD028B9BDF8083075
S214013B809B0701D5032D36D01DF0A4FE58B309A816
S214013B9024F02AF80323306871688DF824300AABC4
S214013BA003C39DF83130012D43F002038DF8313007
S214013BB019D105A909A824F00FF8002818BF022476
S214013BC023F0B8FB032D18D80E4B0F4A0020CDE981
S214013BD0004753F8243052F825200C4901F0ECFD3B
S214013BE020460FB0F0BD032DEAD1042C08BF0024F7
S214013BF0E6E70324E4E72C46E2E70324F0E700BF08
S214013C00465B0020D0860400C0860400112F040005
S214013C10014B1870704700BF475B0020024B1A68C3
S214013C2018608260704700BF4C640020024B186821
S214013C3000B14068704700BF4C64002070B5044670
S214013C4000250A4B1B687BB100211E8807E05A68D5
S214013C5002EB0110013145B9021B554255418AB2AA
S214013C609642F4D89B68EEE7184670BD4C64002077
S214013C702DE9F04F1E46002393B0022E07468846D4
S214013C801446DDF870909DF874A0ADF81A3040F235
S214013C90C08099F800305A0729D5042E40F2B98021
S214013CA099F804B000255F4B33F83520002A00F060
S214013CB0B68001350A2DF7D1209B002B40F0AD8050
S214013CC0FF250023207908AA0DF119018DF8193076
S214013CD023F0A6FA70B1BDF82C309DF819002380A8
S214013CE023F023FB0790C0B113B0BDE8F08F99F81D
S214013CF002B0D7E7207922F0C3FF0B28059000F227
S214013D008A80207923F022FB07900028ECD1464ACE
S214013D10059B02EB03135B8823804FF6FF73002F8E
S214013D2008BF434662880021CDE900235846524623
S214013D30238802F0FDFD18B1E38843F02003E380F9
S214013D40209B07A90DA8CDE90D34CDF83C90ADF820
S214013D504080ADF842608DF844708DF845A023F0A0
S214013D6072FA08B10798BFE7484602F025FDA01D84
S214013D7002F010FD22464146384623F0AAFBB04227
S214013D8027D3E3882246C3F30E03E3809DF87C30F5
S214013D9041460393BDF87830384602930DF11A0375
S214013DA0CDE90093F3B222F0DEFC209B079003B32B
S214013DB0F8B9BDF81A2042B1092D06D81B4B03EB02
S214013DC0C5018A80209A43F83520112023F00BFA8A
S214013DD01CE0BAF1000F0AD10DF11A03CDE9006318
S214013DE022464B4641463846FAF778FFDDE738204B
S214013DF0DBE7052807D1E388DB0607D5002301208A
S214013E000793FFF705FF079B002BDED023F092FAFE
S214013E10A8E7012068E7212066E71C2064E7EDB2E9
S214013E204FE700BFE43B0020503C0020E03B002071
S214013E304FF6FF72024B1A805A809A80704700BF75
S214013E40D452002010B5044C2379FF2B02D123F065
S214013E5089FE2071207910BDD452002010B50C4C7B
S214013E602379FF2B08D1002023F05FFA20B923F035
S214013E7079FE207123F05EFA2079022805D00438F5
S214013E80012894BF0020012010BD0020FCE700BFE0
S214013E90D45200204FF6FF7310B5044C22889A4284
S214013EA002D123F055FE2080208810BDD452002078
S214013EB010B5FFF7BDFF40F61D439842044607D8EC
S214013EC0B0F5416F05D2182826D8152848D829D02C
S214013ED010BDA0F541630D2BFAD801A252F823F0CC
S214013EE0253F0100253F0100D13E0100D13E0100E2
S214013EF0D13E0100D13E0100D13E0100D13E01007C
S214013F00753F0100873F0100213F0100213F01006D
S214013F10213F0100213F010040F606439842D7D1D8
S214013F201C4920E0FFF7B6FF1B490246002001F0BE
S214013F3043FC152C05D123F0F5FDBDE8104023F018
S214013F408BB9164B164A1749B4F5416F08BF1A4686
S214013F50002001F031FC23F07EF923F07DF9ECE737
S214013F601628DDD11049002001F026FCBDE81040DE
S214013F7023F097BA22F0DEFCBDE8104002460B495A
S214013F80002001F019BC0020BDE81040084901F0EE
S214013F9013BC00BF35300400E22F04005533040083
S214013FA0DD2F0400FE2F04001E3004004A300400FA
S214013FB07230040007B5094A0346108831B9084A29
S214013FC0084903B05DF804EB01F010BC0091064A05
S214013FD0064901F00BFC03B05DF804FBEC5200202F
S214013FE0D5FC03009230040079FD03009EFF030018
S214013FF00D4B37B51B68044693B11D780389012D17
S21401400008BF02250093C37A084A0020084901F038
S214014010D3FB2146284603B0BDE8304023F05ABD05
S214014020022003B030BD00BF1C3D00200731040054
S214014030B6300400002010B523F077F90D4B1B684D
S21401404063B15A78052A03D862B1052402220AE030
S214014050FF2AFAD00020084901F0AEFBBDE8104067
S21401406023F068B91446104623F090FD204623F04D
S2140140708BFDF3E71C3D00200C31040013B5134CF7
S214014080002023F052F9FFF7D3FE23689BB101A865
S21401409022F043FC78B923681A789DF804309A42D6
S2140140A009D0D91E032906D9D11E012903D9012A0F
S2140140B007D1022B05D1032301A8ADF8043023F064
S2140140C00FFD02B0BDE8104023F034B91C3D0020BE
S2140140D000231946034A01330A2B918042F8081B34
S2140140E0F9D17047E03B00207FB50E46054623F028
S2140140F0F9FC2A46044603460D49002001F05CFB04
S21401410096B10C4B36211A889B78ADF80C208DF8A9
S2140141100E300323002200934FF6FC7003AB8DF89C
S2140141200D5023F020FC0446204604B070BD00BFAD
S2140141302D3104003C870400FF2810B50C4604D13D
S2140141400020044901F038FBFE202146BDE810405E
S214014150FFF7CABF46310400F8B51E460B8807466E
S2140141600C461546002B64D14A88B1F9021000208E
S2140141700029B8BF6B78304901F01EFB6288132A0C
S2140141801DD002F5FF437F339BB2052B23D8A2F542
S2140141900042013A052A1ED8DFE802F0193F1D0346
S2140141A03C09264A2649002001F006FB13E0254A71
S2140141B02349002001F01AFB2A792349F3E7022E4E
S2140141C094BF4FF6FF72B5F801202049EBE70020B7
S2140141D01F4901F0F1FA33462A462146384624F0B3
S2140141E0EAFB70B933462A462146384624F0E5FBF9
S2140141F048F2210362889A4203D13846697823F04F
S21401420018F86388B3F5004F02D9082023F02AF87E
S2140142100120F8BD2A790F49C5E70F4A0849002051
S21401422001F0E4FA032E94BF4FF6FF726A880B4939
S214014230B9E70020EDE700BF81310400A931040091
S214014240B0310400C1310400C7310400D531040087
S214014250ED31040007320400293204002E32040036
S2140142602DE9F04116888AB0DFF88C80ADF80E3063
S2140142700DF10E03C8F8002015460093324610AB28
S21401428007460C46FAF7BCFD90BB109B8DF8240040
S2140142900693BDF80E3004A8ADF81C30AB898DF836
S2140142A01070ADF820306B890594ADF81E60ADF83E
S2140142B0223022F0C6FFD8B921463046BDF80E306E
S2140142C0109A01F0C9FF98B921463046BDF80E3064
S2140142D0109AFFF741FF58B9CDE9006039462046EC
S2140142E0BDF80E30109A02F049FB08B9C8F8000074
S2140142F00AB0BDE8F08100BFDC3B0020F0B585B018
S21401430004AB03E9030000231C469DF80D609DF8ED
S2140143100E70154AD9B202EBC1004568EDB99DF899
S2140143200C30284600939DF80A209DF80B300F4963
S21401433001F05CFA26B1324628460D4901F056FADC
S2140143400C4A0020002C18BF2246BDF808300A4946
S21401435005B0BDE8F04001F02FBA12F83110013374
S214014360B94208BF2C46D5E7E48604004032040073
S2140143705132040044FC0300553204004FF6FF732B
S21401438010B5084C88B062889A4207D102A90DF18F
S214014390070022F0C0FABDF810306380608808B0CC
S2140143A010BD00BFD45200202DE9F04F85B08946DC
S2140143B092461C460746BDF83850BDF83C80109E14
S2140143C0002833D00346464A0020464901F00EFA3B
S2140143D02388002B76D040F20912934274D0424AC9
S2140143E04249B3F5827F08BF0A46CDF8048061884A
S2140143F0002000913E4901F0F9F9238893B1B8F104
S214014400020F0FD933783B4913F0010F3A4A18BF10
S2140144100A4659074FF000004CBF3379B378374945
S21401442001F0E4F90020364901F0C6F900233549C8
S21401443031F83320AA4249D1334A52F833B0002327
S21401444031F83300DA00A84246D100202E490A444A
S214014450908041F8330047B9238833B9B4F9023064
S214014460002B02DB082022F0BEFE012022F0FAFE1D
S2140144709EB13578EB0710D515F0040004D04246FE
S2140144800121304622F03BFFCDE90170434622462A
S21401449051464846009622F050FCBBF1000F06D06C
S2140144A04346224651464846CDE90067D84743462B
S2140144B0224651464846CDE9006722F004F905B088
S2140144C0BDE8F08F114A90E7114A8EE701330A2BB7
S2140144D0AED14FF0000BB2E701330A2BB0D1BAE7E9
S2140144E081F303007C32040045FC03006A320400B9
S2140144F08A3204006D32040075320400BB320400B7
S21401450055330400E43B0020E03B00206332040006
S214014510673204000D4BF0B54FF00C0C1F880546B2
S21401452000230B4EDCB2BC4201D30020F0BD0CFBD5
S21401453004F43019345DAC4205D144888C4202D172
S21401454004799442F2D00133ECE700BF44680020BE
S2140145505C64002073B501262B4D2C4C2A46204660
S214014560FF2300210096F9F77BFD2A462046FF230C
S21401457000210096F9F774FD2A462046FF23002104
S2140145800096F9F76DFD2A462046FF230021009686
S214014590F9F766FD2A462046FF2300210096F9F723
S2140145A05FFD2A462046FF2300210096F9F758FDB5
S2140145B02A462046FF2300210096F9F751FD2A4698
S2140145C02046FF2300210096F9F74AFD2A46204699
S2140145D0FF2300210096F9F743FD2A462046FF23D4
S2140145E000210096F9F73CFD2A462046FF230021CC
S2140145F00096F9F735FDFF232A460021204600964E
S214014600F9F72EFD02B070BDF55F0300303C0020C7
S2140146102DE9F84300244FF00C090C4B0C4F1E7883
S214014620DFF830803A88E5B2954202D33046BDE8DD
S214014630F88309FB0585FF21A86821F092F818B9CF
S214014640AB799E4238BF1E460134EBE7485B00203B
S214014650446800205C640020014B1878704700BF56
S214014660485B0020014B1870704700BF485B002074
S214014670F8B506460C4622F0D1FD0546C8B93046C7
S21401468022F0FEFA0B2815D80B4B03EB00131F7B09
S21401469087B95A88012122809A88304662809B79A0
S2140146A0237100F037FA39466071304600F032FA6D
S2140146B0A07101252846F8BD503C002070B504467F
S2140146C00E46154622F0DCFA0B2802D94FF6FF708B
S2140146D070BD094B03EB00131A7B002AF6D146B9CD
S2140146E001222946204600F03DFA0028EED0008837
S2140146F0EEE7012EEAD1F4E7503C0020FF2313B584
S2140147000DF1070104468DF8073022F085FD18B13A
S2140147109DF8070002B010BD074B03EB04131B7B8B
S2140147200BB1FF20F6E7204600F03AF90028F8D052
S214014730204600F0E9F9EDE7503C002013B5F6F706
S21401474085FC0446F6F788FC2246034612490020FB
S21401475001F032F800F084FFFFF7BAFC00F0A6F88B
S2140147600221084602F074FDFFF764FC41F249009D
S21401477023F026FA4FF0FF130093FF2368468DF8C7
S214014780043023F0FBF94FF4004023F0D9F9002060
S21401479023F0F6F902B010BD0A33040038B5054619
S2140147A022F05CFD90B9284623F016F9044628B19C
S2140147B040F60443984214BF88248D2423462A4693
S2140147C00020034900F0F8FF204638BD8D24FBE7A2
S2140147D0223304002DE9FF4705460E461746984644
S2140147E0BDF83090DDF834A0BDF83840CDF8009023
S2140147F0CDE9014AE4B2FFF7D7FD43463A463146D2
S2140148002846CDE90094CDF808A024F09DF8FF21B4
S214014810034B044A044804B0BDE8F04700F01ABE52
S214014820E0520020DC520020205D0020044B0146AF
S2140148301888102240F0404040F48010F7F716BA6E
S21401484036840400024B18685968FFF757BD00BF4D
S2140148506EC704000123064AD15C814202D1054A93
S214014860D05C704702335F2BF6D10020704700BF43
S2140148703E8704003F87040070B500220446094BBA
S2140148801D78094BD0B2854201D8FF2070BD1E7835
S214014890A64204D10029F9D05E7BF607F6D4013290
S2140148A01033EFE7495B0020503C00202DE9F04132
S2140148B098B06B46304A1068516803C390680CAADA
S2140148C018602E4B14469C4603F1180615461868C8
S2140148D05968083303C5B3422A46F7D112AA1746C8
S2140148E0274B03F11806154618685968083303C59F
S2140148F0B3422A46F7D1234A03AB106851684FF0FA
S214014900010E03C3906871681860DCF8300000225D
S21401491006AB03C30C21EC46B068CDE9092218604A
S214014920194BDFF86C801970184B0DEB01060B92D2
S21401493006AD09A91CF8010B0132187034F8020BF8
S2140149400C2A588037F8020B83F80DE0988016F889
S214014950010B03F1100303F80A0C15F8010B08EB21
S214014960C00043F8080C11F8010B03F8040CE1D160
S21401497018B0BDE8F08100BF3C330400AE8A0400E5
S214014980C68A040049330400495B0020503C0020DD
S214014990A8870400014B1878704700BF495B0020C8
S2140149A0034B03EB0013587B00F00100704700BF78
S2140149B0503C0020F0B504460846D9B100220E4B03
S2140149C011461F780D4B1D46D6B2B74201D80020BE
S2140149D010E01E78A64206D09E68F688314489B259
S2140149E001321033F0E75E7BF607F9D505EB0215C9
S2140149F00180A868F0BD00BF495B0020503C002044
S214014A002DE9F347894690461D46074618B900200A
S214014A1002B0BDE8F0870029F9D0002AF7D0002BB4
S214014A20F5D0002400780DF10601ADF80640FFF739
S214014A30C1FF0028EBD039460DF10602BDF806602D
S214014A4022F013F807460028E1D00DF10602BDF862
S214014A5006A022F031F80028D9D0C9F80070C8F8AD
S214014A600000037913F0200219D1DB0614D4BDF837
S214014A7006300C4A564413FA86F612FA86F20BE012
S214014A801A790C33920642BF13F8092C891889B299
S214014A909842F5D8044A0A4401202A60B8E721461C
S214014AA0024BF5E76C5C00204A5B0020E8890400B5
S214014AB008B50021FFF7E0FEFF2817BF044B0846A4
S214014AC003EB0013587B18BF00F0010008BD00BFC0
S214014AD0503C00202DE9F0410D4616461F4622F0B7
S214014AE0CFF80B280AD8074C3B4604EB0010324699
S214014AF02946BDE8F041806822F08FB80020BDE865
S214014B00F08100BF503C0020014B0001185C70474B
S214014B10503C002070B50C4622F0B2F80B281BD88A
S214014B200F4B03EB00139A68C2B1002314261846F4
S214014B301579D9B28D4200D870BD116806FB0311F4
S214014B40097B34B911F0800F1CBF0130C0B20133AC
S214014B50EFE711F0400FF7E70020EDE71046EBE72F
S214014B60503C0020F8B50D46164622F089F80B2871
S214014B700BD80F4B4FF0140C03EB00139A6800236D
S214014B801C461779D9B28F4201D80020F8BD1068AB
S214014B900CFB0300017B46B911F0800F03D0AC4239
S214014BA0F4D00134E4B20133ECE711F0400FF5E73D
S214014BB0503C00202DE9F04F064600243A4B87B0C2
S214014BC01B783A4F0093009B9C4207D2FF2E08D0D9
S214014BD0304622F055F80B28044606D907B0BDE842
S214014BE0F08F07EB04131B7B2BBB23014FF0000850
S214014BF0019307EB041A14E014221B6802FB053527
S214014C002B89B3F5967F01D929F057F94FF00009A2
S214014C104FF00C0B29891FFA89F291420ED808F140
S214014C200108019B5FFA88F5FB189B681A79AA426E
S214014C30E2D8FF2ED2D10134E4B2C4E71FFA89F0DC
S214014C400BFB00F06B6819180A7912F0100F23D1CC
S214014C509AF800E012F0400F8DF80CE0B5F800E08D
S214014C60185AADF80EE00CBF4FF0400E4FF0800E14
S214014C70ADF8120028468DF810E021F0C2FE530769
S214014C80ADF81400C8780AD50228896800D90968E1
S214014C90002203A821F091FF09F10109BAE70228D1
S214014CA08CBF89680831F3E7495B0020503C00203F
S214014CB0052370B5094A06881488B44208D1957848
S214014CC0047B2C403F2C03D90D4201D0506870BDA7
S214014CD0013B02F10802EFD11846F8E7588A0400B2
S214014CE070B50024074D084E2B78E0B2834200D8F9
S214014CF070BD06EB0010437BDB0701D522F09FF861
S214014D000134F1E7495B0020503C0020F8B50C4621
S214014D1000210546FFF7B0FDFF2829D0154A0601F8
S214014D2002EB00135B7B03F001016CB143F001035E
S214014D301644A142737305D0C4B100B202EB001051
S214014D4022F07DF80120F8BD2346F1E77B43116888
S214014D502846CA18127BC95AD20921F0DCFC013454
S214014D60B268E3B211799942F0D8EBE71427F7E776
S214014D700846E8E7503C0020F0B59446497D20B34C
S214014D8039B3012918BF042100254FF6FF702F46BD
S214014D902A46144E3488644511D196F803E01EEA7B
S214014DA0010F0CD0B4789C4209D30AB1BC4206D894
S214014DB01EF0100F03D08AB1BC420CD370B9013576
S214014DC0072D06F10406E5D1F0BD002908BF08212C
S214014DD0D8E70221D8E727460020F0E72746012238
S214014DE0FAE700BF3C8A04002DE9F04F0A9FBDF8A0
S214014DF024E09DF82C809DF830904C7D78B394B3D8
S214014E00012C18BF04240025194800F11C0C068843
S214014E1096421ED190F803B01BEA040F19D086788B
S214014E20464516D31BF0100F91F80FA004D0BAF127
S214014E30000F0ED0B1F810A0BAF1000F09D1A945A4
S214014E4013D0AE4511D95E553E88013501363E80F8
S214014E50ADB204306045DAD10120BDE8F08F002CF8
S214014E6008BF0824CDE70224CDE70020F5E700BF00
S214014E703C8A04002DE9F04F0024B1F57C4F0E4624
S214014E8038BF4FF0010BA246A1464FF6FF781F46EA
S214014E9028BF274B85B028BFB3F800B00090019219
S214014EA05C4503D3404605B0BDE8F08FB6F57C4FB0
S214014EB00CD3204B3A4603EB840331465B880098BB
S214014EC0FFF708FE054680B300232AE03A4631463E
S214014ED0009821F005FFF5E70C229CB254436A685E
S214014EE00199105B02EB040C884219D3B9F1000F4B
S214014EF001D0504514D861462846CDE9023221F04A
S214014F0080FD029B60B1039A125BB9F1000F03D0DA
S214014F10524501D3804503D9924680464FF0010998
S214014F2001332A899CB2A242D6D80134A4B2B7E78B
S214014F309E870400A08704002DE9F04F91461A468B
S214014F4000238BB08DF82020BDF850208DF81C0072
S214014F50ADF81E10ADF8242005460F461A4604A9E2
S214014F6007A8159C9DF858609DF85CA09DF860B058
S214014F709DF864800493ADF8229021F0CAFD049850
S214014F8050B92B46CDE90079644A654900F014FC16
S214014F9086200BB0BDE8F08FBAF1000F14D18378EC
S214014FA0B34206D050465D4A5E4900F005FC8D20AE
S214014FB0EFE7037913F0010306D11846574A5A4919
S214014FC000F0FAFB8820E4E703795B072CD58368B9
S214014FD05A689B6805920693807822F032FB049B00
S214014FE00546DF782146022F03463A4610D805A823
S214014FF022F0E3FA81462B463A46214606A822F0DD
S214015000DCFAB9F1010F01D001300DD18720C0E7DC
S214015010059822F0D2FA0128F8D02B463A462146C6
S214015020069822F0CAFAEFE7BBF1000F6FD1049F92
S2140150304FF6FF722146B87821F081FC00286BD02C
S214015040BDF82430C5B20093CDE902549DF8203056
S214015050BDF82220BDF81E109DF81C00019622F016
S214015060EAF8002895D1BDF82430CDE90254009322
S214015070BDF822209DF82030BDF81E109DF81C00BA
S214015080019621F0B6FE002883D121469DF86820BE
S21401509007A821F092FD00287FF47BAFB8F1000F3E
S2140150A007D03B462046BDF81E209DF81C1021F077
S2140150B027FEBDF82430BDF82220BDF81E109DF84D
S2140150C01C000093CDE901649DF82030FEF7E2FA5A
S2140150D0BDF82430BDF82220BDF81E109DF81C0036
S2140150E00093CDE902549DF82030019622F0A2F8F3
S2140150F0BDF82430BDF822200093BDF81E109DF89F
S21401510020309DF81C0021F04CFE002041E70020D5
S214015110064900F051FBF8E701203AE75633040050
S214015120623304008E330400A2330400B633040055
S2140151307FB500258DF80830BDF820308DF80400C5
S214015140ADF80610ADF80A20ADF80C306946BDF88A
S2140151502830099A01A80B9E009521F0DAFC044636
S21401516030B916B1009B9B783370204604B070BDF1
S2140151708928FAD12846024900F01EFBF5E700BF50
S214015180D33304002DE9F04F4FF0000AC7B0FFF704
S21401519001FC5FFA8AF6B04202D847B0BDE8F08F4C
S2140151A05B4B36019A5D00205A4900F005FB002052
S2140151B0594900F001FB00230593554B9DF8144017
S2140151C033449B681A79A24202D80AF1010ADEE743
S2140151D014224FF000091B6802FB043422891FFACF
S2140151E089F39A4202D8059B0133E5E70C231FFA9F
S2140151F089F803FB08F8D4F804B028F05EFE0BEB40
S21401520008052B79454913F0400F3BF808302288F2
S2140152104FF000000093424B18BF0B46414900F087
S214015220E5FA2946204621F0ECFB074600283CD14A
S2140152303D4900F0DBFA2979DFF814C111F0010FBE
S2140152403A4818BF604611F0020FAA78EB7832D1BF
S214015250DFF800C111F0100F354918BF6146CDE9DE
S21401526000010020334900F0C1FA2B793BF80820F1
S21401527013F0400F4FF0000B4FF0FD030DF118082F
S2140152802188CDE9023BCDE9007821480CBF4023B7
S2140152908023805DFFF74CFF86280ED1264900202B
S2140152A000F08AFA09F1010998E70246234900202D
S2140152B000F09CFABFE72249D1E7A87821F091FBDC
S2140152C0D8B1404622F021F8421C92B20123414651
S2140152D0002000F0D5F93946208801F001FA4FF692
S2140152E0FF73984207D0174B174903EBC0035A6860
S2140152F0002000F061FA1549D1E7A87821F077FB84
S21401530020B1404622F006F8821CDEE7EA78DDE7A7
S214015310503C00202534040033340400FD330400DF
S2140153200234040073340400EA2404000A3404003E
S2140153300D34040087340400A33404004439040007
S21401534015340400288B0400CA03040055330400F6
S214015350073404001D3404002DE9F04FC7B0BDF832
S21401536044A10646BAF1040F0D4614461F46BDF881
S21401537040B163D9CDE9013B00920B460246304964
S214015380002000F019FAFD230DF117090DF1180898
S2140153903046029322463B462946CDE900B8CDF871
S2140153A00C90FFF7C5FE0646B8B9FD22414699F8AE
S2140153B0000021F0C4FA0746C0B1AAF104038342F3
S2140153C038BF8926204621F05DFF8EB1304600F0B9
S2140153D01BF9304647B0BDE8F08F009023462A46B9
S2140153E00020184900F0E8F90027EBE78926E9E7ED
S2140153F0DFF85CA0BA1CBAF80030C3F1FF039A428A
S21401540019DA304600F000F999F8000000F0FCF8CF
S214015410BAF800900C483A4641464844B94404F06C
S21401542021FFAAF8009023462A46304607490097EE
S21401543000F0C2F9CDE7892000F0E6F88926C8E732
S214015440AF340400EA340400205D00201135040066
S214015450DC52002010B5044C206004480180044949
S2140154600A60044A136010BD183D0020DA5200207D
S214015470143D0020103D002030B587B00AAC0D4623
S21401548054F8041B0093CDE901141346094902465A
S214015490094809880068059421F0F2FD4FF48A5204
S2140154A0064B1B681880064B1B685D80DA8007B0C8
S2140154B030BD00BFDA520020183D0020143D002008
S2140154C0103D002008B410B587B009AB0C4653F860
S2140154D0041B0092CDE9011302460B490B480593C4
S2140154E009880023006821F0CBFD4FF48A52084B4F
S2140154F01B681880074B1B685C80DA8007B0BDE824
S214015500104001B0704700BFDA520020183D00205D
S214015510143D0020103D0020044A0346116804484B
S214015520044A09881268006821F083B8143D0020F7
S214015530103D0020183D0020044B054A1B681268E8
S2140155401988044B186820F0E7BF00BF143D0020FF
S214015550183D0020103D002007B5074B1B681B882F
S2140155600192064A12680092054A126821F035F83F
S21401557003B05DF804FB00BF143D0020183D002079
S214015580103D00201FB51446064A12681288CDE960
S21401559001430091044B05491B68096820F0F9FF97
S2140155A004B010BD143D0020183D0020103D002021
S2140155B0014B1868704700BF103D0020024B1B6866
S2140155C018715971704700BF103D002010B50024B6
S2140155D0084B1C70FEF75EFC074BFF221880214625
S2140155E0064804F0AFFC064B1C80064B1C605C6052
S2140155F09C6010BD2A5E0020DE520020205D002047
S214015600DC520020E052002007490B88FE2B9FBF8A
S214015610064AD054581C80B29DBF088000F1FF3066
S21401562080180020704700BFDC520020205D00205B
S214015630F8B5094F0D463B885C18FE2C0ADC074E70
S2140156400A46A4B20146F01804F0CEFC3C80641B66
S214015650A019F8BD0020FCE7DC520020205D0020E8
S214015660024B034A00201A60704700BF1C3D002011
S214015670A4870400014B1878704700BF503C0020F7
S21401568030B4044D044C002B0CBF2B46234630BCD3
S21401569021F064BE71F40300E435040070B50546DC
S2140156A008460C4621F031FE611C0246024B284694
S2140156B0BDE8704021F052BE033D040000B50378FA
S2140156C089B0069343783E2205938378084904936C
S2140156D0C378039303790293437901938379009303
S2140156E0C3790448008800F081F809B05DF804FB2E
S2140156F03F350400EC520020024B0246024918884E
S21401570000F05AB8EC520020DDFA03002DE9F0470C
S21401571005460E4617460024DFF84480DFF844A00D
S214015720DFF84490AC4201D1BDE8F087B8F800003C
S21401573006EBC4015346082221F010FE0134B8F8E6
S21401574000003FB9044AA54208BF4A46034900F093
S2140157504DF8E7E74A46F9E755330400DCFA03005B
S214015760EC520020E43504003AE603002DE9F0414E
S2140157700E4E0446308821F009FEA8B100250C4FD4
S214015780DFF83080E3070AD518B94146308800F0C3
S2140157902DF830882A46394600F028F800200135D1
S2140157A01B2D4FEA5404EDD1BDE8F081EC520020E8
S2140157B036210400873204000EB417B505A9044645
S2140157C051F8040B019103F0BFFA01210220054AAA
S2140157D0F8F766FF044B1C8003B0BDE8104003B029
S2140157E0704700BF55330400EC5200200EB417B5C5
S2140157F005A9044651F8040B019103F0A5FA034BE1
S2140158001C8003B0BDE8104003B07047EC52002086
S21401581013B503680446587900F032FF90B923683F
S2140158205A88032A0ED0E17C5B79CDE9002116491E
S214015830164AFFF7C1FF0121204621F047FE01204D
S21401584002B010BD637D012B0AD0637D33B9236896
S214015850228A5988587921F01FFA48B9C3200AE0EC
S2140158602368228A5988587921F01FFA0028ECD03B
S214015870204621F08DFD064B1B78002BDFD110F55D
S214015880807FDCD0C1B2D7E76C35040064350400F4
S214015890215E0020002970B50F491D460F4B1446A6
S2140158A00CBF6E227922002808BF0B4600200C4947
S2140158B0FFF79CFF0B4E2544AC4205D1BDE8704076
S2140158C000200949FFF778BF3146002014F8012B64
S2140158D0FFF78CFFF0E700BFA53504009B350400F9
S2140158E0AE350400E2350400731804002DE9F04FCC
S2140158F0C27C8BB00592427D0368002A14BF8022C9
S2140159004022077D0446856886895879B846B3F8EB
S2140159100290069200F0B4FEA0B9059B052B05D8AF
S2140159206FF02D03059A1341DB070BD5B9F1030F71
S21401593008D0AB490020FFF73FFF0121204621F0A8
S214015940C5FD76E0E37B1BB1228A002A00F0B78111
S214015950607D0022B0FA80F05B4203F00403DFF8BA
S2140159608CB2400943EAC000ABF80020FFF74CFEBA
S214015970E37B1BB3208A21F085FC8246A07CFFF7DF
S21401598043FE059A162A00F29A81DFE812F0190002
S2140159909E016C005600D2016C009201D9019A0159
S2140159A0E001E701EE013901020298019801980130
S2140159B01402580214027002390102029A46DDE707
S2140159C000204B46874A8849FFF7F6FE0120FFF77D
S2140159D01BFE08F10207B74229D84146324628463F
S2140159E021F08DFC8046236842465879BBF800308A
S2140159F04946C3F1FF039BB20193238A0093069B9A
S214015A0022F0DCFF10B11FFA87F8E2E7236842466E
S214015A105879BBF800304946C3F1FF039BB20193A6
S214015A20238A0093069BFFF797FC8928EBD121F088
S214015A3047FD01200BB0BDE8F08F4FF0000B0420AE
S214015A40FFF7E2FDF31E0893089B984552D3BBF17E
S214015A50000FECD1E37B94F81480002B0CBF0222DC
S214015A600422624B1A804FF0000B0420FFF7CCFD96
S214015A705F4608F1030A564540F29D80324641468C
S214015A80284621F03CFC05EB08039B78F21EAA444D
S214015A90A2EB080207905146184692B2099320F0ED
S214015AA04EFF0890002879D02268099B5079CDE9ED
S214015AB001A3238A49460093DDE9063221F06EFAF6
S214015AC082464A460020079B4949FFF78FFEBAF1F6
S214015AD0000F55D10BF10103504646495FFA83FB8F
S214015AE0FFF76AFE089B08F1030813FA88F81FFA05
S214015AF088F8BEE732464146284621F000FC05EB11
S214015B0008039F78089B08F10301A3EB08022944C8
S214015B10824692B23846099120F011FF079068B389
S214015B2023680999587902970191238A524600936E
S214015B304946069B21F082FA0746B8B10BF10103EC
S214015B4038465FFA83FBFFF75FFD504621F09AFB6C
S214015B5053464A4600202649FFF72EFE3A460020C5
S214015B602549FFF729FE802F3FF471AF079B08F107
S214015B70030813FA88F81FFA88F865E78027DDE737
S214015B805046FFF741FD079821F07CFB013752464E
S214015B9000201949FFB2FFF70FFEA3E78720FFF7A2
S214015BA033FD079821F06EFB0137872212490898CA
S214015BB0FFB2FFF701FE059B052B3FF43AAF002F1E
S214015BC07FF435AFBBF1000F05D10C495846FFF7FE
S214015BD0F3FD8021B2E63846FFF716FD27E700BF42
S214015BE02FEB0300EF3504003C360400DC520020A6
S214015BF0F93504003C350400153604001F36040050
S214015C000599A84AA84B0020152918BF1346CDF8B8
S214015C100090A64AA649FFF7CFFD059B0C2B14BFA3
S214015C2016200D20FFF7F0FC32462846394621F0B3
S214015C3066FB059B3D440C2B0646AD7835D1192DE8
S214015C4028BF1925E37BB3B14FF6FF73278A9F421E
S214015C5011D1206832464946069B4079FFF70AF97A
S214015C60B84208D0BAF1000F05D020828AF80000A9
S214015C70000A8AF801000020BBF80070FFF7C4FC98
S214015C80236832465879059B4946A3F1150CDCF189
S214015C90000343EB0C03CDE90153238A0093069BD3
S214015CA021F0F0F8834BD855C1E6132D28BF1325F4
S214015CB0C8E72046FDF776FB00287FF4BAAE8121BF
S214015CC03CE62046FDF722F8F6E7B9F10A0F05EBA8
S214015CD00708A6EB070A21D1DFF8DCB19BF80030F4
S214015CE0E3B1E37BD3B9BAF1080F17D1324639468F
S214015CF0284621F004FB88B998F8023073B998F861
S214015D000320E22A0AD13246391D2846059321F09E
S214015D10F3FA21F0C0FB059B8BF80030414648465C
S214015D201FFA8AF222F04CFE00287FF482AE002190
S214015D3004E6F21B484692B2E91921F09DFAF3E710
S214015D40F21B484692B2E91921F057FAECE7F21B2A
S214015D50484692B2E91921F07CFAE5E7F21B48467B
S214015D6092B2E91922F02EFEDEE72368EE5D58793D
S214015D70238A0137ED5D0193069B3246494600931F
S214015D802B4620F0BEFF2A463146484621F037FA18
S214015D904FE605987A1CE95DB31AA0F11606704223
S214015DA070410039009018BF012148469BB22A4431
S214015DB021F027FAB8E7059BEE5D112B3D446F787D
S214015DC038D11220FFF720FC0025E37BB3B14FF654
S214015DD0FF73B4F81080984510D133464A462146E1
S214015DE02846FEF7C9FF404508D0BAF1000F05D096
S214015DF020828AF80000000A8AF80100BBF80080B9
S214015E00DFF8B0A0C8F1FE0292B208F101030092D9
S214015E1053444A4621462846CDE90267CDF804B0E8
S214015E20FEF7E2FFBBF800300AF808000133ABF8D2
S214015E300030FCE51420FFF7E7FB0125C5E77B1CD6
S214015E409E422CD3EF5D1D44003F18BF0127F31A75
S214015E509EB233462A4639460020FFF71BFD0096C0
S214015E602B463A464846218A21F0CFF95CE77B1C4F
S214015E709E4214D3EF5DF61A003F18BF01271D445A
S214015E80B6B233462A4639460120FFF703FD00968F
S214015E902B463A464846218A21F0B5F944E70020C8
S214015EA0C8E500BF55330400EA3504003036040067
S214015EB03A360400205D00201F5E002038B54FF6FC
S214015EC0FB750446A9424FF001019DF8100098BFEA
S214015ED043F40043217023816260A07202230020F4
S214015EE0084A0949FFF768FCE07A084B40F6CA02FF
S214015EF003EB4010FF211FF01CFCBDE838400420D6
S214015F0021F071B94A36040055360400603D002080
S214015F1030B5054685B028B91D4905B0BDE8304005
S214015F20FFF74ABC0024007B21F0FFF92046194AFE
S214015F3019492C70FFF740FC184BE87AFF2103EB58
S214015F4040101FF007FC2046154B02019A5C22B94F
S214015F5001300428F9D121F085F9696899B1B5F9BC
S214015F6008302A899B1303F002038DF80430C2F32C
S214015F700E03ADF806304FF6FF73ADF80830002378
S214015F8001A80393884705B0BDE8304021F0D2B997
S214015F90803604004A360400B2360400603D002014
S214015FA0203D00200948037873B91946084AD37280
S214015FB00133042B1173117051601181917202F13A
S214015FC01002F4D101230370704700BF205E002049
S214015FD0203D002008B5FFF7E5FF002305491A011B
S214015FE08A5C01EB03101AB10133042BF7D10020B0
S214015FF008BD00BF203D002070B50D460646FFF7E0
S214016000D1FF0023094800EB0514A17AB14205D15E
S214016010217819B12B4400EB031070BD0133042B1A
S21401602004F11004F1D10020F7E700BF203D002065
S21401603010B50446FFF7B6FF0E4B9C4212D003F193
S2140160402002944210D003F1400294420ED06033F5
S2140160509C420DD10323084800EB0310BDE8104015
S214016060FFF756BF0023F6E70123F4E70223F2E722
S2140160700020F3E7603D0020203D002070B500249D
S214016080064D074E2846324600210134F8F71EF821
S214016090042C05F12005F5D170BD00BF603D002040
S2140160A0316001002DE9F34105460C461746984636
S2140160B0FFF790FF064640B91C4A1D49FFF77CFBD7
S2140160C00224204602B0BDE8F0814FF6FB739D42E4
S2140160D00AD94FF6FD739D4204D00020134A154994
S2140160E0FFF76AFB4FF6FD75434621463A462846BA
S2140160F021F0B9F9044600F02FFE804634B123465C
S21401610000200A4A0C49FFF757FBDAE73B462046D0
S214016110064A0A49FFF750FB062329463046089AE5
S214016120CDF80080FFF7CAFECBE700BF4A36040071
S214016130BF360400E93604001E3704004737040062
S214016140F7B506460C461746FFF744FF054638B92D
S214016150104A1149FFF730FB0224204603B0F0BD78
S21401616021464FF48A52304621F045FB044600F0A2
S214016170F3FD34B123460020064A0849FFF71CFB0D
S214016180EBE7009004233A4631462846FFF796FE91
S214016190E3E700BF4A360400BF3604006F37040049
S2140161A0F7B506460F46FFF715FF054638B9104AFC
S2140161B01049FFF701FB0224204603B0F0BD002280
S2140161C040231146304621F0F5FC044621F0F0FC50
S2140161D034B123460020064A0749FFF7EDFAEBE7FC
S2140161E0009001233A4631462846FFF767FEE3E76B
S2140161F04A360400BF360400A237040073B50446CD
S2140162000E46FFF7E7FE054638B9104A1049FFF774
S214016210D3FA0224204602B070BD00222046114661
S21401622021F0CAFC044621F0C3FC34B12346002009
S214016230064A0849FFF7C0FAECE7009023463246C3
S2140162404FF6FC712846FFF739FEE3E74A360400AD
S214016250BF360400D03704002DE9F0418846107897
S21401626000219EB014461D46FFF7C6FE06460028CE
S21401627000F0FD800778002F7BD0B8F800100029C9
S21401628040F0F5800389B8F8022043F400408242CA
S21401629040F0ED80617800296BD1A2F50042062A14
S2140162A000F2E580DFE812F0A100A100E300E300C0
S2140162B00700B8006900E3880D3DADF82430238956
S2140162C015F00105ADF8263063798DF82830E37AAC
S2140162D003F1060214F812208DF814308DF81C20F4
S2140162E042D10BA98E46069104F10C005FFA85FC9B
S2140162F09C4500F1020009D210F8018C10F802CC7E
S21401630001350CEB082C2EF802CBEFE701EB43012D
S2140163101A440891D2B2590001F10D009A42C0B256
S2140163200BD025186D78205C7831694400EB052088
S214016330013321F84C0CDBB2EDE7B6F908203389BE
S214016340002AACBF01220322C3F30E038DF80820F6
S2140163506288ADF80A3005ABADF80C20049302A9AB
S214016360304621F06BF804E0424A43490020FFF72B
S21401637023FA38461EB0BDE8F081042D02D83D4A06
S2140163803E49F3E72379053DADB29D42B4F802805C
S21401639002D0384A3A49E9E73A4A3B4B0020002DF9
S2140163A008BF13463949334ACDF80080FFF704FA8F
S2140163B005348DF81450B6F90830069485B1002BD3
S2140163C0ACBF012303238DF82C303389ADF8308020
S2140163D0C3F30E03ADF82E3005AB0D930BA9BFE743
S2140163E0002BACBF06230523EDE70B2DC7D9D4F848
S2140163F00200D4F8061013F4004F05AA03C20CBF1E
S214016400042203228DF82C206289C3F30E03ADF813
S2140164103020ADF82E30DFE7042DB0D96388ADF813
S214016420303023790533DBB29D4206D00020114A75
S21401643017490095FFF7C0F99BE70E4A002015495A
S214016440FFF7BAF9B6F908203389002AACBF012252
S2140164500322C3F30E03ADF82E3005AB0D93631D77
S214016460069323798DF82C208DF81430B6E7002793
S2140164707FE700BF4A360400FD37040025380400D4
S21401648039380400EDF20300553304006038040087
S2140164907D380400BE380400304BF0B5B0FBF3F293
S2140164A04FF4616503FB1200B0FBF5F3DCB205FBAC
S2140164B013033C25B3FBF5F3DBB2A0EB04104B71E1
S2140164C0C3EB0313A0EB83004FF4FA630B8040F297
S2140164D001134B8001230C711F4600246425204EB6
S2140164E08871944200D1F0BD91F802C013B1BCF19D
S2140164F0020F2BD006EB0C0010F801ECC8787045A3
S2140165000BBF012001300CF1010CC0B208BF81F8AD
S21401651002C0C87088780D2816D10B888F70013399
S2140165209BB298070B8014D1B3FBF5F005FB103036
S21401653080B280B94FF4C870B3FBF0FC00FB1C338B
S2140165409BB2B3FA83F35B090134CAE74FF01D0E21
S214016550D4E70023F8E70123F6E700BF80510100E6
S214016560EA8A040010B5044688B006A9FFF794FF2E
S2140165709DF81E300A4803939DF81D30049402933B
S2140165809DF81C309DF81A200193BDF81830054976
S214016590009300889DF81B30FFF70EF908B010BD78
S2140165A0EC520020D7380400026808B51188154B54
S2140165B019805188598051791971117959714FF49F
S2140165C08A51D980D28812F0200F0CBF0A464FF4A8
S2140165D08B528169DA800C4A137831B9C0880B492D
S2140165E023F002030880137008BD43F00203137002
S2140165F0074B15221846013103F0F6FC002200F87D
S214016600012CF1E7E05200202A5E0020DE52002035
S214016610EF52002010B5184C2368587920F030FB53
S2140166200B2822D8154B03EB0010027B237F9A42DE
S2140166301BD12368428819888A4205D04FF6FF701D
S214016640814212D1120410D42279023A012A06D9C3
S214016650A37B63B9BDE810400748FFF747B919891E
S21401666058791FF043FC0028F2D1002010BD0248E3
S214016670BDE81040FFF7CCB8E43D0020503C0020B8
S21401668008B520F0FDFA0B2896BF024B0020185CD7
S21401669008BD00BF2F5E002008B5002020F045FE93
S2140166A0FF2020F020FB20F045FE20F0E8FCFEF75E
S2140166B071F901210246064803F044FC054BFF210F
S2140166C0054A0648FEF7C6FEBDE80840FEF708BBC9
S2140166D02F5E0020E0520020DC520020205D0020CA
S2140166E0F0B5002204464FF6FF750B4F90B237F80F
S2140166F030600346AE4201D12846F0BDA64209D11C
S214016700B4F57C4FF9D307EBC3035B888B42F4D017
S2140167100029F2D00132E9E7288B040010B50446BF
S214016720FFF7DEFF094A034610884FF6FF729342D1
S21401673014BF074A2246BDE8104017BF02EBC30349
S21401674004495A680449FFF751B800BFEC520020CB
S214016750288B0400FA380400CA030400034B187897
S2140167600130C0B2187000F07F007047A6680020A4
S214016770044A137818B143F001031370704703F00D
S214016780FE03FAE72A5E0020014B1870704700BF2F
S2140167902D5E002038B1074B1B78012B04D10388EE
S2140167A043F0400303807047022BFCD1038823F09B
S2140167B04003F7E72D5E002068B1074A1378012BE6
S2140167C007D1064B1B781370037843F01003037050
S2140167D001E0022BF8D070472C5E00202B5E0020D3
S2140167E07FB50121264B274E197033780246D9070B
S2140167F044D42549096881B10868C1888D0641BF1E
S214016800224CE18841F02001E180C1884C0641BF5D
S2140168101E48C18841F04001C1801D4D1D492878A0
S214016820097840074CBFE97069701B4913F00204F0
S214016830098809D0164A194820F0F7FC337823F066
S2140168400203337004B070BD154B18884FF6FB7306
S214016850984208D80B46CDE9005201460B4A20461D
S2140168601FF0BBFEEEE74FF6FF73CDE90142009342
S2140168700A46074B05491FF08CFEE3E70020E1E7D7
S214016880215E00202A5E0020E03D0020E05200202C
S214016890205D0020A7680020DC520020EE52002078
S2140168A0DE52002070B503790446012B0D461646CC
S2140168B031D883681B78DB0600D561B3A37B13B997
S2140168C0E37C0B2B27D00022144B1A80637DB3FA8E
S2140168D083F35B09D800E37BABB9FEF795FEA07C9A
S2140168E0FEF792FE0B20FEF78FFEE07CFEF78CFE95
S2140168F02846FEF789FE2046FFF756FE3046BDE8DD
S2140169007040FFF76DBF40F00400FEF77DFE208A61
S21401691020F0B8FCE3E7002070BD00BFDC52002089
S214016920024B0A4601461868FFF7BCBFE03D00204F
S214016930F0B4054618460F4B0C461B78BDF81010F0
S214016940012B0D4E01D0377827B10023337000207C
S214016950F0BC70470CB9002AF9D143B14FF6574342
S214016960994204D02B462246F0BC20F044BC0120BC
S214016970EEE700BFA86800202E5E00202DE9F04F4C
S214016980684C4FF0000A25468446964698460F46C0
S214016990654B664E83F800A00FCE0FC596E80F0034
S2140169A085B085E80F00DDF83C90BDF838307246BA
S2140169B00093394643466046CDE9019400F0DCF881
S2140169C0DFF89081064670B90025FEF7FFFD162216
S2140169D00021574803F0B6FA00232846C8F80030CD
S2140169E005B0BDE8F08F534BA27CC8F800401A7082
S2140169F0514B1B78002B36D020F04FFD4F490246F5
S214016A005046FEF7F3FE22685046537952884C49A9
S214016A100092A289FEF7EAFE504620F0B7FC20B1AC
S214016A202368218A5888FFF779FEE37B23B100208B
S214016A30228A4449FEF7DAFEA36800201A78E37C2E
S214016A4041490093A37CFEF7D1FE207DA289A1686F
S214016A50121A01440123002092B2FEF711FE002013
S214016A603A49FEF7A9FE2F48FFF79EFD2D4821F073
S214016A70A0FF054630BBB9F1000F25D12168E0889B
S214016A800B8801904988BA1E032A00918CBF002208
S214016A9001220121E07CFFF74BFF38B923685B79BF
S214016AA0FF2B3AD0FFF7B6FD05468EE72368DB8855
S214016AB09A06F3D40121264C1A48217020F006FDCF
S214016AC084F80090354680E7B9F814309B07E5D482
S214016AD07AE75846FEF718F882465846FDF760FFF3
S214016AE088B123685046228A598820F0CCF850B1E4
S214016AF03846FFF759FD236889F804A083F805A0F6
S214016B00FFF788FD00B9284605460136FDF742FF26
S214016B105FFA86FB5845DCD857E70026014FDFF8B9
S214016B203890F3E7E43D0020215E0020088B040046
S214016B30EE520020A7680020A56800201339040043
S214016B401C3904003D390400493904003EEC0300B9
S214016B502E5E0020E03D0020E05200200023054A82
S214016B60D15C814202D31A44507870470233DBB2BB
S214016B70F6E700BFF68A040073B515462E781A4666
S214016B8016F0040F0CBF032605269E42089C08D962
S214016B90224A234900960020FEF70EFE002002B08E
S214016BA070BDBDF8183021712060E380A560A28118
S214016BB02B7803F00103A3732B7803F00403002B57
S214016BC014BF01210021E1732978C1F3C001617569
S214016BD04FF00101217518D0284620F090FB237D47
S214016BE0208202332375227D531CDBB22375A95CF8
S214016BF00232D2B2A1742275EB5CE374A3899A4285
S214016C0005D900920749054AC5E72382EBE7079BAA
S214016C100120A36100232377C1E700BF81F30300AE
S214016C208C390400A83904002DE9F7430024204FCD
S214016C30DFF89C80DFF89C90E0B220F0EFFEFF28A2
S214016C4005460FD12346012102201A4AF7F728FDEF
S214016C50194B013418781EF06EF9152CECD103B0DF
S214016C60BDE8F08346B238EA260328BF4B46012129
S214016C700093022057F82430104AF7F711FD002E32
S214016C80E6DA0923E340DB070AD50D4A0D4B15F07A
S214016C90010F18BF1A4601210220F7F701FDD7E7B9
S214016CA00A2CD5D1084A094B15F0010FF1E700BFB0
S214016CB0408B0400013A0400A9680020293A040028
S214016CC0DA390400C4390400F6390400EC3904004A
S214016CD0EDF203005533040008B5542200210248A2
S214016CE003F030F9002008BDDC53002008B554221B
S214016CF0FF21024803F026F9002008BD8853002032
S214016D00024B23F810100020704700BF8853002064
S214016D10002310B4074ADCB2A14203D85DF8044B45
S214016D20FFF7DABF2A2BF9D032F8024B20F81340CE
S214016D300133F0E7DC530020002310B5054A9942E1
S214016D4001DD2A2B00D110BD32F8024B20F813408A
S214016D500133F4E7DC530020024B187800F07F0083
S214016D60704700BF3B5E0020034B18780130C0B26D
S214016D70187000F07F0070473B5E002030B51C465F
S214016D8000238BB0ADF82220021D92B2012A0E9D7F
S214016D90ADF82030ADF81E10ADF81C3003D94FF613
S214016DA0FF7290420FD10022CDE90352CDE90124B2
S214016DB0094B01461B784FF6FF70009307AB20F096
S214016DC04BFE0BB030BD0146CDE901531846009489
S214016DD007AA20F05DFEF4E7AA68002038B505464C
S214016DE04FF480500C4603F0B3FA4FF480532860FA
S214016DF0236030B940F2A511BDE83840014827F0BC
S214016E004FB838BD183B040000487047BA560020FA
S214016E10014B1878704700BFC6680020014B1888E0
S214016E20704700BF4C680020014B1878704700BFC0
S214016E30BF680020014B1878704700BFB668002075
S214016E40014B1878704700BFB9680020014B1878CD
S214016E50704700BF405E0020014B1870704700BFAE
S214016E60405E0020014B1878704700BF3F5E00204F
S214016E70014B1870704700BF3F5E0020014B187829
S214016E80704700BFBA680020014B1888704700BFE2
S214016E904A6800202DE9F74F414B424A0193424B85
S214016EA0DFF844911B78DFF84481DFF844E1DFF82E
S214016EB044C13E4F3E4E3F4D3F49404802EB431AC8
S214016EC0019B524503F1200309F1200908F120082E
S214016ED00EF1200E0CF1200C07F1200706F120061A
S214016EE005F1200501930FD100221146344B324D96
S214016EF01C78344E344B314FD0B2844203F1200318
S214016F0046D803B0BDE8F08F304B314C53600023B8
S214016F1049E907432F4CDFF8E0B048E907432E4C18
S214016F20C2E902304EE907432C4C11604CE9074395
S214016F302B4C136147E907432A4C49E9050348E905
S214016F4005034EE905034CE9050347E9050349F83E
S214016F50201C48F8201C4EF8201C4CF8201C47F832
S214016F60201C46F8201C46E90743019C45E907B367
S214016F70DFF888B046E9050345E9050344E907B3A8
S214016F8044E9050345F8201C44F8201C203297E705
S214016F9043E9085643E9061743F8101C0132ABE7EC
S214016FA02C4100204C420020CD6800208C4100205E
S214016FB06C4100204C410020C8500020553304008D
S214016FC0C468002001B60200CC410020595F0200CF
S214016FD00FA10300B9730200E1FE020069B10300CC
S214016FE0A1960200C77903002C4200200C42002023
S214016FF0EC410020AC410020112C03005D5C020036
S214017000002208B5074B1A605A6020F0C3FC064BF5
S214017010187020F0BFFC054B1870054B1A78054B0D
S2140170201A7008BD6A5000209B5E00209A5E002000
S214017030B7680020995E0020002100B593B008468D
S2140170406A460AF0FBF90146C8B90E4B0E4A099387
S2140170500E4B0D920A930E4A0E4B0E920B930E4A4E
S2140170600E4BCDE90F230C930D4B6A4611930AF094
S2140170709BFC003818BF012013B05DF804FB01200B
S214017080FAE700BF239C0300556D0200279E03000C
S21401709085360200097A030055840200879E0300A4
S2140170A0A5670200084B1878112806D8012809D9C7
S2140170B0064BC34003F001007047A0F1430358425A
S2140170C058417047002070479D5E00203400020042
S2140170D008B5064B1B78013B022B05D80020FFF7AD
S2140170E0E1FF0138C0B208BDFF20FCE79E5E00202C
S2140170F0044B00F1100250F8041B904243F8041BA5
S214017100F9D170479F5E0020044B03F1100253F83B
S214017110041B934240F8041BF9D170479F5E002080
S21401712030B5002491B0114B0546214614220BA818
S214017130CDE9094302F006FF102209ABCDE9004470
S2140171400693CDE90452CDE90252094B09490AA832
S2140171501DF0F0FA04460AA821F0D2F91CB1A021CC
S214017160054826F09DFE11B030BD00BF002480000A
S214017170004440049F5E0020A33B040070B5002439
S21401718090B0154B05460E46142221460BA8CDE9B4
S214017190094302F0D7FE102209ABCDE9004406935D
S2140171A03146CDE90452CDE902520C4B0AA81DF036
S2140171B0C1FA04460AA821F0A3F91CB1BA2108486D
S2140171C026F06EFE099B102B03D0BB21044826F047
S2140171D067FE10B070BD00BF00248000004440046C
S2140171E0A33B040030B50D4600218FB0124B044678
S2140171F0142209A8CDE9071302F0A4FE102207AB5A
S214017200CDE90242CDE90042049329460B4B08A87A
S2140172101DF092FA044608A821F072F91CB1D1219A
S214017220074826F03DFE079B102B03D0D2210448C9
S21401723026F036FE0FB030BD002480000044400426
S214017240A33B0400014B93F95A00704700500020FD
S2140172500022034B1870034B1970034B1A707047CA
S214017260B05E0020B15E0020AF5E00202DE9F04F39
S214017270DFF89080064698F800300D4685B0002B62
S2140172803AD04FF6FB73984236D84FF0000B1C4F9E
S214017290DFF874A03C7898F800305FFA8BF94B451C
S2140172A09AF8000011D9484402AA0DF10601C0B2AD
S2140172B016F028FA082229460DEB020003F08EF993
S2140172C00BF1010B0028E6D14C463B78A34208D1CE
S2140172D098F80020631CDBB29A423B7004BF00237F
S2140172E03B70324629469AF800301C44E0B205B09D
S2140172F0BDE8F04F16F0F4BA05B0BDE8F08F00BF58
S214017300AF5E0020B15E0020B05E00202DE9F74F91
S21401731006460D4614461F464FF0010BDFF87890DF
S21401732003F10C0A15B903B0BDE8F08F102DA8467D
S21401733028BF4FF010083A46164B5FFA88F152F80C
S214017340040B524543F8040BF9D101919AF8002039
S21401735011481A70002389F80F4089F800B089F89F
S2140173600E30FFF7DDFE324601340B480199E4B2D8
S21401737012F801CB10F8013B83EA0C0302F8013C3A
S214017380931BDBB28B42F3D3A5EB080816461FFA14
S21401739088F5C7E7B35E0020B25E00202DE9F04F06
S2140173A09046914685B00090981A029383B2019355
S2140173B0009B0F46354903F10C0453F8045BA342C6
S2140173C041F8045BF9D11B78314E0B7049233370B9
S2140173D0019BF0731B0A3046B373FFF7A1FE02212F
S2140173E0BB460D46737888EA030373704FF0000AB4
S2140173F01DE0C5F11004A9EB0A039BB2A4B29C429E
S21401740028BF1C4600231FFA83FCE8186445C0B257
S2140174101FD82544EDB2A344102D54441FFA84FA14
S21401742005D1002530460391FFF77AFE0399D14531
S214017430DFD807EB080B25B115480391FFF770FE5F
S214017440039901294FF000050DD00121DDF80490C4
S214017450CCE71BF803C016F800E001338CEA0E0CEB
S21401746006F800C0CFE7029B09491F44094B38467E
S2140174701C78224602F0F6FE2A4621463846009B34
S21401748005B0BDE8F04FFFF741BF00BFB35E002077
S214017490B25E0020CE68002030B540780C46012848
S2140174A04FF0110387B001F1100516D1144A01A956
S2140174B00BF002F8234601AC2246186859680833D7
S2140174C003C2AB421446F7D111230D4A002001A98D
S2140174D00AF0F2FF002007B030BD0120094A01A9D9
S2140174E00AF0EAFF234601AC2246186859680833B9
S2140174F003C2AB421446F7D11123024AE6E700BFA6
S21401750075E4010079EB010030B50C46407887B090
S21401751001284FF011030DBF0B4A0C4A012001A9A7
S21401752018BF01A90AF0C8FF234601AA05AD1446F3
S21401753003CCAC4218605960224603F10803F6D129
S214017540002007B030BD00BF75E4010079EB0100F3
S21401755010B50C4688B01A230C4A01A901200AF07E
S214017560ABFF21460DF10E0304F1100251F8040B96
S214017570914243F8040BF9D11A230020034A01A9CA
S2140175800AF09AFF002008B010BD00BF24E10100F8
S214017590F0B58BB004460D4622F0B8FAA8B101A8A2
S2140175A013F082FE88B1667B271D16F0020F05D008
S2140175B00822384601A903F011F8D0B901AB46F00C
S2140175C0020603CB6060796066731A230A4A03A930
S2140175D001200AF071FF29460DF116030DF126026E
S2140175E053F8040B934241F8040BF9D100200BB079
S2140175F0F0BD2D20FBE700BF24E10100F0B50546F4
S214017600071D00220C463846082193B022F010FAD6
S2140176106A7B0646D0070BD5687808A920F0A1FE3C
S214017620DDF83D306B60DDF841307B6080B10BE00A
S214017630910709D5D2000121384602F0800220F0D8
S2140176409DFEFF28687002D12D2013B0F0BDD6B183
S214017650687801A920F01AFE9DF81C305B0604D557
S2140176604FF4C6710A4826F01BFC234603AD07AC4F
S2140176702A4603CAA24218605960154603F1080358
S214017680F6D10020E1E708A920F06BFECEE700BFA7
S214017690213C04002DE9F04106468AB01F480F46FA
S2140176A015460024FFF730FD002C01A914BF4FF04A
S2140176B05C0C4FF0360C10238846184A12F8010B62
S2140176C0013B8CEA000013F0FF0301F8010BF5D132
S2140176D005A823F013F84246102105A823F012F856
S2140176E0C4B93946324605A823F074F82A460DF186
S2140176F0140C0DF1240E634603CB734510605160E4
S2140177009C4602F10802F6D114B10AB0BDE8F08138
S2140177100124C9E72A461021E5E700BFE25E002002
S2140177202DE9F04791460D46C0B09DF82041DDF8A1
S21401773028811E46DFF87CA09DF8243107462246A4
S214017740494640468AF8003002F08CFD9DB123463A
S214017750324641463846FFF721FEB44207D9A11BFF
S2140177603B46012289B208EB0600FFF7CFFD002059
S21401777040B0BDE8F087A11B3B46012289B208EB69
S2140177800600FFF7C3FD22464146684602F06AFD41
S2140177903246694638462346FFF700FE9AF800202F
S2140177A00DEB040109EB040002F018FF0028DED0FF
S2140177B02C20DDE7CE68002038B50346104601F1DF
S2140177C0100451F8045BA14242F8045BF9D1044964
S2140177D01BB1FFF7D3FC002038BDFFF703FDFAE726
S2140177E0E25E002030B5054689B0694620F0C3FB4D
S2140177F06B8804ACABB122462946684620F05BFB99
S2140178000E4A08AD234603CBAB42106051601C46BE
S21401781002F10802F6D10948FFF76AFC002009B018
S21401782030BD6B46054D1A4603CAA2422860696000
S214017830134605F10805F6D1EDE700BFE25E00202C
S21401784050B10B4B0B4A03F1100153F8040B8B425A
S21401785042F8040BF9D17047064B054A03F11001B3
S21401786053F8040B8B4242F8040BF9D1704700BF62
S214017870E25E0020C25E002008B51022024802F037
S214017880B3FB002008BD00BFD25E002008B5084645
S2140178901022024902F0A8FB002008BDD25E00209B
S2140178A010B5044686B001A9114A112301200AF039
S2140178B003FE9DF8143001A8E37023F015FB80F059
S2140178C001000C4A01A96070112301200AF0F4FDA1
S2140178D09DF8143001A8A37023F006FB80F0010088
S2140178E0207012F06DF86060002006B010BD00BF79
S2140178F075E4010079EB010010B5044686B011234A
S214017900134A012001A90AF0D7FDA3789DF8142097
S2140179109A4207D08DF81430002011230C4A01A991
S2140179200AF0CAFD11230B4A012001A90AF0C4FD81
S214017930E3789DF814209A4207D08DF81430002081
S2140179401123044A01A90AF0B7FD06B010BD00BF15
S21401795079EB010075E401002DE9F04186B0064699
S21401796003A80C4614F0EEFC054600284AD1BDF8E3
S2140179700C30980646D510222946204602F0E2FA37
S21401798001A813F091FCC0B1777B06F1040817F04B
S214017990020F06D00822404601A902F01FFE002869
S2140179A02ED101AB47F0020703CB7060C8F8041074
S2140179B07773238843F008032380238843F0020368
S2140179C0238013F041F8606022F0A0F830B10E4B2E
S2140179D01B68A360238843F0040323800B4B1A68BB
S2140179E0D1035EBF238843F010032380130203D51F
S2140179F0238843F400632380284606B0BDE8F0815F
S214017A002D25F9E72425F7E77C4200208042002057
S214017A1010B5D0E9023253F8223090B01C684022EB
S214017A206946204620F010FD034630B1224600206C
S214017A300549FDF7C1FE10B010BD012269460820B8
S214017A40FDF764FEF7E700BFB73C040070B500F031
S214017A50B1F800280CBF6E22792200201349FDF7E9
S214017A60ABFE00F0A7F8F0B120F002FD00280CBF35
S214017A706E22792200200E49FDF79EFE0822002084
S214017A800C49FDF799FE00250B4C0C4E234654F885
S214017A90042C314600200335FDF78EFE182D04F127
S214017AA00C04F3D170BD3F22E4E700BFEF3C0400B5
S214017AB0063D0400163D0400A4430020353D0400A5
S214017AC070B520F0BAFC044621490020FDF774FE8B
S214017AD02CB92046BDE870401E49FDF76DBE00F08A
S214017AE0BBF805461C4B62690020002A08BF1A46EF
S214017AF01A492668FDF760FEA28800201849FDF79E
S214017B005BFE1849E2880020FDF756FEA38822890D
S214017B1013F010001ABF002013491449FDF74CFE5C
S214017B20E26800201249FDF747FE2269002011494C
S214017B30FDF742FE104A114B0020B6F5817F38BF93
S214017B4013460F492A46BDE87040FDF735BE00BF13
S214017B506A3D0400773D0400670C0400983D04006C
S214017B60B63D0400D73D0400F43D0400113E040078
S214017B702F3E04004D3E0400623D0400583D0400C3
S214017B806B3E040038B5014600230C25084A05FB68
S214017B9003F4A0181459013404D10C2202F024FA7B
S214017BA0002038BD0133082BF1D10120F9E700BFD1
S214017BB0A0430020034B1878012894BF0020012021
S214017BC0704700BFF45E002038B50446044D28789F
S214017BD0A04203D0214620F010FC2C7038BD00BF17
S214017BE0F45E002000B58FB03422002101A802F017
S214017BF0A9F901A8EEF7E0FF0598D0B182680E4B0F
S214017C00B2F5803F34BF92B2C2F38F2241881A8107
S214017C10028828BF41F010011A6042689980DA8014
S214017C20C268DA6002691A6142695A61027E1846C0
S214017C301A760FB05DF804FB24430020054B1B7831
S214017C4020B1012B04D80220FFF7BEBF012BFBD8C1
S214017C50704700BFF45E002010B5084C237853B976
S214017C6020F0EBFB0123237028B10368B3F5817F75
S214017C7024BF037E2370207810BD00BFF35E002072
S214017C8070B5184B1B78012B2BD820F0B9FB164D7D
S214017C90024616490020FDF78FFD0120FFF7CEFFB3
S214017CA02E78FF2E1DD1FFF79DFFC8B18488602274
S214017CB03146C4F340040E482C7002F043F96022AA
S214017CC031460C4802F03EF95CB1FFF7C5FF0428C7
S214017CD007D9BDE8704040F22B11074826F0E0B8FE
S214017CE0287070BDF45E0020CF6800208E3E040030
S214017CF0A043002040430020A03E04002DE9F04FA1
S214017D00DFF884928DB003AB07468846144699E89F
S214017D10070083E80700FFF7B3FFFFF79DFF944BCB
S214017D2006461D784B46012D40F07081012840F231
S214017D307281B7FBF0F200FB1272002A00F06B8131
S214017D408C4900228B46D1F800C0BCF1FF3F04D01D
S214017D50087A6044874200F019810132082A01F14D
S214017D600C01F0D193E8070006AE0DF1240A86E86F
S214017D7007008AE80700FFF76FFFB7FBF0FB00FB81
S214017D801B7BA0EB0B094A46414606460AA8099703
S214017D908DF82C9002F066FA00224FF00C0E764910
S214017DA002E00132082A0ED00EFB02F000EB010CB5
S214017DB008580130F5D19AE807008CE807006F49AA
S214017DC00A7801320A70A14504DD4FF4E2716C486D
S214017DD026F066F8A41B5C444F44A1B217FA84F45B
S214017DE0B4FBF6F206FB1242C8448E1A91B1A41AED
S214017DF008EB060107A88DF82020069402F032FA57
S214017E0006A8FFF7BFFEFF2804D140F2D9115C484F
S214017E1026F046F8B6B2B6B10320FFF7D5FE802E9F
S214017E200AD832464146574802F01CFA32463846CE
S214017E30544920F0EDFA05460220FFF7C5FE284614
S214017E400DB0BDE8F08F0025F9E74FF40E714C48F0
S214017E5026F026F8464B1B78012B00F0E380002C19
S214017E6036D00320FFF7B0FE802C2FD8224641469D
S214017E70444802F0F7F922463846424920F0C8FA4B
S214017E8005460220FFF7A0FEDFF8F09099F80030D3
S214017E9093B1039CFFF7E0FE374B002798461A681C
S214017EA0511C04D0197A411A521A944224D001372F
S214017EB0082F03F10C03F2D1002DC0D1039B01332F
S214017EC0C1D003A8FFF75EFE0546B8E70125D8E74F
S214017ED02546D9E740F26D21294825F0E1FF012525
S214017EE024E0012D30D0802E2FD832462549039824
S214017EF020F08EFA054628E0002DA0D10C247C4304
S214017F0008EB04039DF814A093F808B00AEB0B03E2
S214017F10802BDFDC1B4B524604A9184602F0A2F95F
S214017F20211D5A464144504402F09CF90C2303FBA0
S214017F3007839DF814201B7A13449E42D1D040F249
S214017F4073210F4825F0ACFF01250220FFF73CFE08
S214017F5099F8003013B1013B89F800304FF0FF3338
S214017F6008EB040248F80430C2E9013367E700BFB2
S214017F70CF680020A043002040430020F25E00208E
S214017F80A03E0400A4420020A48B04004FF00C0A7B
S214017F900AFB02B3187AA6EB00095FFA89F9A14534
S214017FA001D35FFA84F90AFB02FA0AF104052844B0
S214017FB04A464146584402F055F90BEB0A031A7A31
S214017FC0A4EB09044A44D2B2B242A4B21A7219D13D
S214017FD003200193FFF7F8FD32460BEB05015BF832
S214017FE00A0020F015FA05460220FFF7EDFD4FF0D6
S214017FF0FF32019B4BF80A20C3E90122002D7FF4D2
S2140180001EAFC844002C3FF41EAF4F44104B1B78E4
S214018010012B7FF424AFB7FBF6F306FB1373002B9B
S2140180207FF413AFE319B3FBF6F506FB1535002D08
S2140180303FF415AF641B5B1B08EB04012A4604A83A
S2140180400393A4B202F00EF98DF8145007E700BFAF
S214018050CF68002070B5134B1B78012B0CD1FFF7AE
S2140180600FFE0026104D55F8043C013306D10336A9
S214018070182E05F10C05F6D1002411E00320FFF7B8
S214018080A3FD55F8044CFFF7E7FD294602462046B6
S21401809020F0BEF904460220FFF796FD002CE6D03C
S2140180A0204670BDCF680020A443002070B5054669
S2140180B00C46FFF7E5FD0520FFF786FD214628461D
S2140180C020F0B4F906460220FFF77EFD00220A4B97
S2140180D02C441968481C08D0A94206D3A1423EBFC9
S2140180E04FF0FF31C3E9001199600332182A03F1FA
S2140180F00C03EED1304670BDA0430020D0E9023219
S21401810053F8223010B51C68204600F095FA28B1C5
S2140181102146BDE81040024800F002BE10BD00BF77
S2140181201E3F040008B5D0E9023253F82230186821
S21401813000F06CF920B1BDE80840024800F0F0BD3F
S21401814008BD00BF403F04002DE9F041D0E90232EE
S21401815053F8221003EB82035B680F681D789AB010
S214018160642D04D96421114800F0DAFD64252A46FD
S214018170384601A900F002F9044698B90C4800F007
S214018180CFFDDFF8348001AE013DA54202DC1AB016
S214018190BDE8F0813919404616F8012B00F0C0FD04
S2140181A00134F2E7034800F0BBFDF0E7633F04004B
S2140181B0833F0400AD3F04009A3F04002DE9F047D9
S2140181C000252D4FDFF8E080DFF8E0908CB02846E0
S2140181D003A900F0EFF810B10CB0BDE8F087049BDE
S2140181E02946039A0093384600F09AFD404600F06F
S2140181F097FD059910290CD810290CD8DFE801F055
S2140182000F14320B340B0B0B360B0B0B0B0B0B0B30
S2140182103A0020292CD0194800F082FD07E01848C2
S21401822000F07EFD0135D2E7164800F079FD06998B
S214018230484600F075FD0799134800F071FD134894
S21401824000F06EFD1024DFF868A00DF11F06504601
S21401825016F8011F013C00F063FD14F0FF04F6D18F
S2140182600B48DDE70B48E0E70B48DEE70B48DCE7A9
S2140182700B48DAE70B48D8E7C83F04006D40040016
S2140182801D4004002D40040093400400AB40040050
S2140182903BE60300354004003D4004004640040030
S2140182A051400400684004000C4004007C40040077
S2140182B0BC40040010B50B4C8EB023785BB9EEF7CA
S2140182C0F5FB014650B9012301A82370EEF774FCB3
S2140182D0054B049A1A6020780EB010BD034800F0D2
S2140182E01FFDF8E7F55E0020E4460020C2400400CA
S2140182F000B58FB0FFF7DEFF002829D001A8EEF702
S2140183005BFC059B1448198800F00AFD059B134881
S2140183105969134B002908BF194600F001FD059B5A
S2140183201048598800F0FCFC059B0F48196900F0BD
S214018330F7FC059B0D48D96800F0F2FC059B0C483C
S214018340197E00F0EDFC0B4B0B48196800F0E8FCB9
S2140183500FB05DF804FB00BFFF40040011410400AC
S214018360670C040023410400374104004B4104001C
S2140183705F410400E44600207341040070B50646E0
S21401838015460C4679B172B1FFF794FF68B12146E4
S2140183902A463046EEF71AFD014618B1044800F0A9
S2140183A0BFFC012070BD2120FCE71120FAE700BFC9
S2140183B08541040037B505460C46FFF77BFFE0B163
S2140183C0114B1B68AB421AD9CCB10021242220469E
S2140183D001F0B8FD214628461BF004FA88B9284664
S2140183E001AA04F10801EEF7A3FC20B140F206430E
S2140183F0C01A18BF012003B030BD1120FBE72120B1
S214018400F9E70120F7E700BFE4460020F0B593B096
S2140184100546FFF74FFF002845D0254B1A68AA42AC
S21401842007D829462348013A00F07AFC212013B0E8
S214018430F0BD05A8EEF7C0FB284603A91BF0D2F94C
S21401844098BB049A22F4FF57C2F30C0327F01F07C8
S2140184502BB14FF400532946174800F061FC039EE8
S2140184607FB125F02AFD30464FF40051EEF73AFD74
S2140184703346044606F5005650B9039BF31ABB4231
S214018480EFD32A4639460D4800F04AFC002406E0A0
S21401849000902A464FF40051094800F041FC201E86
S2140184A018BF0120C3E71120C1E70120BFE700BFC5
S2140184B0E4460020B3410400614204002043040066
S2140184C0CF42040010B5044638B1FFF7F3FE30B1D1
S2140184D00020044B1B68236010BD2120FCE71120FF
S2140184E0FAE700BFE446002010B50446FFF7E2FEB7
S2140184F0B0B10C4B1A68A24206D821460A48013A86
S21401850000F00EFC212010BD25F0D7FC40F2C12260
S21401851020460649EEF7CCFB003818BF0120F2E7EB
S2140185201120F0E7E4460020B34104002044002077
S21401853010B50446FFF7BEFE70B121460848EEF7B7
S214018540D7FB40F20323984208D040F20123984219
S2140185500CBF0520012010BD1120FCE70020FAE722
S214018560204400202DE9F0412D4D04462F68FFF7E9
S214018570A1FE002851D02968A14207D84A1E2948E1
S214018580214600F0CDFB2120BDE8F0812648EEF71C
S2140185906FFBDFF894800246B0B943462E689642D8
S2140185A022D1BE4214BF3A4606F1FF3212BB314613
S2140185B01D48C8F80040EEF73BFB014600B31B48D8
S2140185C000F0AEFB0120DFE72046EEF711FB044684
S2140185D038B10146164800F0A3FB201E18BF012043
S2140185E0D2E7EEF761F9F8E753F8041B8C42DDD0C9
S2140185F00132D4E70C499200081D01F0F5FCD6E7DC
S21401860029680948EEF734FB044610B101460948CB
S214018610D6E7EEF749F92046B6E71120B4E700BFE2
S214018620E4460020B34104000044002066430400F1
S2140186303C43040099430400F8B50446FFF73AFEAC
S214018640002845D0234B1A68A24207D82146224863
S214018650013A00F065FB21242046F8BD1F4800F0D2
S2140186605FFB25F02AFC40F2C1221D492046EEF7A9
S2140186701FFB40F20327054625F01FFC184E65B187
S21401868040F203239D421AD02946164800F048FBC3
S2140186900124154800F044FBDEE725F00EFC2946D0
S2140186A03046EEF725FBB84209D040F20123984246
S2140186B003D10E4800F034FBE1E70546DFE721462B
S2140186C00B4800F02DFB2046FFF74CFF0446E0E781
S2140186D01124C1E7E4460020B3410400D04304005E
S2140186E020440020F04304003BE603007318040016
S2140186F00844040010B50A46044619B1024B00218D
S2140187001B68984710BD00BFB08B040010B5114C14
S2140187102378580744BF23F004032370237899076E
S21401872005D500F05DF8237823F002032370637803
S2140187301BB10023084A63605360002308210648E2
S2140187406370FFF7D7FF2378DA0744BF23F00103EE
S214018750237010BDE8460020EC46002038B51A4CC0
S21401876062782378022A01D1072B11D0DD0712D5B2
S2140187702378980707D400F02BF82378054643F0B2
S2140187800203237080B96278237882B15A0716D51E
S2140187900025284638BD1BF04BFF2378054643F0DD
S2140187A0010323700028E3D0FFF7B0FFF1E7D907F4
S2140187B0ECD5064962604A6002226270E6E743F041
S2140187C004032370E4E700BFE8460020EC460020DF
S2140187D00122024B002083F8F0207047F446002067
S2140187E02DE9F0410A4C002526464FF001080327E3
S2140187F02046C4F81C80277601351FF064FE062D3E
S21401880004F12804F4D1002386F8F030BDE8F081A5
S214018810F44600202DE9F04F984691B00B1E0A93BE
S214018820B44B914614BF83469B4600251A9E98F882
S214018830000070B94D4538BF2A464B464FF0000040
S2140188400A9928BF09F1FF32D847284611B0BDE87A
S214018850F08F252808F1010806D02A464B460A99CA
S2140188606C1CD8472546E2E70023414611F8012B48
S2140188702B2A16D00AD8202A16D0232A17D0A2F1DE
S2140188803000092834D800270A2418E02D2A05D0FC
S214018890302AF4D143F001038846E6E743F00203A9
S2140188A0FAE743F00403F7E743F00803F4E743F07D
S2140188B01003F1E7884604FB0722A2F13007414680
S2140188C011F8012BA2F130000928F3D998F80020FD
S2140188D02E2A52D198F8011008F10102A1F13000B8
S2140188E0092843F480633ED800244FF00A0E11E0B5
S2140188F02A2A08D156F8047B8846002FBCBF43F0CD
S21401890002037F42E2E70027E0E702460EFB04117E
S214018910A1F13004104610F8011BA1F1300CBCF196
S214018920090FF2D99046424612F8011B6C292DD048
S21401893025D8682933D06A293BD04246904618F894
S214018940010B672860D8572836D8452808D084D91F
S214018950462800F0188147287FF47FAF43F4006370
S21401896043F0200327E12A2906D156F8044B08F1E3
S214018970020824EAE474D6E790460024D3E7742973
S21401898001D07A29D9D143F48073D7E798F801103A
S2140189906C29F8D143F4407308F10202CEE798F847
S2140189A00110682902D043F08003C7E743F0C003F3
S2140189B0F2E743F40073C1E7A0F158020F2A3FF62D
S2140189C04CAF01A151F822F0698A01005B880100D1
S2140189D05B8801005B8801005B8801005B88010001
S2140189E05B8801005B8801005B8801005B880100F1
S2140189F0698A0100D58B0100698A0100AB8B0100F1
S214018A008B8B0100AB8B0100A0F16901C9B20F2964
S214018A103FF623AF012249F2410C8A4012EA0C02CA
S214018A2018D10A2900F0158107297FF416AF43F003
S214018A30210305930823CDE903431023CDE9012340
S214018A4056F8043B2A46009358464B460A991FF0AF
S214018A502AFEA8E06F2800F05E8110D9782808D198
S214018A60102223F00C0310E0582839D0622800F0B9
S214018A7054810A2223F01003642806D0F1E76928FE
S214018A804FF00A0223F01003F6D1590548BF23F030
S214018A900103692803F4007101D0642840D111B3A1
S214018AA0073626F00706B24670685AF8081BCDE965
S214018AB0077300230593C30F0028029306940B4601
S214018AC0049202DA4B4260EB4000CDE900304B469F
S214018AD02A4658460A991FF028FE05465646A6E637
S214018AE043F02003BCE7D90506F1040A04D5316832
S214018AF005E000BF0985030058060CD53178CDE99D
S214018B000224CDE9047300294FEAD1730193B8BF5B
S214018B104942009120E01906E9D5B6F90010EEE7C2
S214018B2079B1CDE907730023CDE9042306F1070ADD
S214018B302AF0070A06940293FAE80223CDE90023F5
S214018B40C5E7D80506F1040A0DD5CDE90473CDE9CC
S214018B5002240191336800934B462A4658460A99E7
S214018B601FF0A1FDB9E7590607D53178CDE90473A1
S214018B700023CDE902240193CBE7316813F0800F7F
S214018B8018BF89B2F2E743F02003CDE90173073637
S214018B9026F007060094B6EC020B4B462A465846CA
S214018BA00A99EBF7F5FD054641E600F0DF00472898
S214018BB001D143F40063CDE90173073626F00706B9
S214018BC00094B6EC020B4B462A4658460A99EBF738
S214018BD023FCE8E713F0020426D04FF0010A6B1CD1
S214018BE00B932A464B460A9916F8040BD84774B3DA
S214018BF054460B9A21E04B4620200A99D8470AEBA7
S214018C0005020AF1010A5745F5D83A1E18BF012296
S214018C10002A07F1FF3308BF002307F1010A1D44AC
S214018C2008BF4FF0020ADAE7A246E8E7551C4B46B2
S214018C3020200A99D8472A460134BC42F6D3A7EB2E
S214018C400A03574538BF00230B9A1A440B920B9D13
S214018C50EDE53246002C52F8046B14BF21464FF066
S214018C60FF310B9232463144107808B1914211D14E
S214018C70A2EB060A13F480620C9202D0A24528BF2A
S214018C80A24613F002030D931BD1AAEB05032A4655
S214018C900F9308E00132E7E7531C0E9320204B4662
S214018CA00A99D8470E9A0F9BD318BB42F4D3A7EB69
S214018CB00A03574538BF00230AF101021D4403EB9E
S214018CC0020AAB1B0E9304E01C464B462A460A9941
S214018CD0D8470E9BF51816F8010B28B10C9B002BF4
S214018CE0F3D0631E002CEFD10D9B93B12A46AAEB5D
S214018CF0050405E0561C4B4620200A99D847324603
S214018D001319BB42F6D3A7EB0A03574538BF002316
S214018D101D440B9E8BE50822A3E60222A1E600BFB6
S214018D200FB41FB506AA52F8043B02A9039200929B
S214018D3004484FF0FF32FFF76DFD05B05DF804EB18
S214018D4004B07047CB8703001FB5034600914FF070
S214018D50FF3203A90248FFF75DFD05B05DF804FB8D
S214018D60CB8703001FB5CDE90201009302A9134684
S214018D7003484FF0FF32FFF74DFD05B05DF804FBE9
S214018D80D38703001FB5094B094A1868094B01A987
S214018D901860094B1360094A0192094A1268CDE925
S214018DA002231BF0ECFC05B05DF804FBFC6400201C
S214018DB0BC370020C0370020F0640020717A040020
S214018DC0A44A0020014B18681BF0EDBCFC6400208F
S214018DD038B5F2F767F80446064D2B68D3F8B002AB
S214018DE0F2F754F828681BF0F1FC2046BDE838403D
S214018DF0F2F74CB8FC64002010B51F4CF0F7ACFB42
S214018E00236F012023F0070343F002032367F0F7E3
S214018E10B1FBD4F82031002023F0070343F001030F
S214018E20C4F82031D4F8403123F0030343F00103A2
S214018E30C4F84031D4F8603123F0030343F0010352
S214018E40C4F86031D4F8403223F0030343F0010341
S214018E50C4F84032D4F8003223F0070343F001038C
S214018E60C4F80032D4F8083223F0070343F00103B4
S214018E70C4F8083210BD00BF00800050064B1B68C6
S214018E801A7A022A01D81AB97047032A00D0704705
S214018E901B68024A1360704700650020A44A002040
S214018EA00022024B5A60DA601A607047A84A002016
S214018EB008B501F037FF0022014B1A7008BD00BF4C
S214018EC0F65E00200A4601491FF0EDBCD1A304005E
S214018ED00A4601491FF0E7BCCCA304000A46014933
S214018EE01FF0E1BCC5A304000A4601491FF0DBBC24
S214018EF0C2A304000A4601491FF0D5BCBFA3040063
S214018F000A4601491FF0CFBCBAA304000A4601492C
S214018F101FF0C9BCB5A304000A4601491FF0C3BC33
S214018F20B0A304000A4601491FF0BDBCA9A3040072
S214018F3081F0004102E000BF83F0004330B54FEA04
S214018F4041044FEA430594EA050F08BF90EA020F71
S214018F501FBF54EA000C55EA020C7FEA645C7FEA04
S214018F60655C00F0E2804FEA5454D4EB5555B8BF27
S214018F706D420CDD2C4480EA020281EA030382EA98
S214018F80000083EA010180EA020281EA0303362D2A
S214018F9088BF30BD11F0004F4FEA01314FF4801CFD
S214018FA04CEA113102D0404261EB410113F0004F0F
S214018FB04FEA03334CEA133302D0524263EB4303C6
S214018FC094EA050F00F0A780A4F10104D5F1200E64
S214018FD00DDB02FA0EFC22FA05F2801841F10001BF
S214018FE003FA0EF2801843FA05F359410EE0A5F193
S214018FF020050EF1200E012A03FA0EFC28BF4CF0C4
S214019000020C43FA05F3C01851EBE37101F0004579
S21401901007D54FF0000EDCF1000C7EEB00006EEB86
S2140190200101B1F5801F1BD3B1F5001F0CD3490810
S2140190305FEA30004FEA3C0C04F101044FEA445267
S21401904012F5800F80F09A80BCF1004F08BF5FEAEE
S214019050500C50F1000041EB045141EA050130BDCE
S2140190605FEA4C0C404141EB0101013C28BFB1F5E0
S214019070801FE9D291F0000F04BF01460020B1FA2B
S21401908081F308BF2033A3F10B03B3F120020CDAFE
S2140190900C3208DD02F1140CC2F10C0201FA0CF0DC
S2140190A021FA02F10CE002F11402D8BFC2F1200C41
S2140190B001FA02F120FA0CFCDCBF41EA0C019040F7
S2140190C0E41AA2BF01EB0451294330BD6FEA040440
S2140190D01F3C1CDA0C340EDC04F11404C4F120022B
S2140190E020FA04F001FA02F340EA030021FA04F33D
S2140190F045EA030130BDC4F10C04C4F1200220FA94
S21401910002F001FA04F340EA0300294630BD21FAD1
S21401911004F0294630BD94F0000F83F4801306BF97
S21401912081F480110134013D4EE77FEA645C18BF8B
S2140191307FEA655C29D094EA050F08BF90EA020F22
S21401914005D054EA000C04BF1946104630BD91EA1A
S214019150030F1EBF0021002030BD5FEA545C05D11D
S2140191604000494128BF41F0004130BD14F580045C
S2140191703CBF01F5801130BD01F0004545F0FE41D0
S21401918041F470014FF0000030BD7FEA645C1ABF05
S214019190194610467FEA655C1CBF0B46024650EA3C
S2140191A0013406BF52EA033591EA030F41F4002168
S2140191B030BD00BF90F0000F04BF0021704730B5EE
S2140191C04FF4806404F132044FF000054FF00001C3
S2140191D050E700BF90F0000F04BF0021704730B584
S2140191E04FF4806404F1320410F0004548BF404259
S2140191F04FF000013EE700BF42004FEAE2014FEAAE
S21401920031014FEA02701FBF12F07F4393F07F4F88
S21401921081F06051704732F07F4208BF704793F08B
S2140192207F4F04BF41F40021704730B54FF460749E
S21401923001F0004521F000411CE700BF50EA0102A1
S21401924008BF704730B54FF000050AE050EA01024A
S21401925008BF704730B511F0004502D5404261EBBA
S21401926041014FF4806404F132045FEA915C3FF4FB
S214019270D8AE4FF003025FEADC0C18BF03325FEA98
S214019280DC0C18BF033202EBDC02C2F1200300FA49
S21401929003FC20FA02F001FA03FE40EA0E0021FA6E
S2140192A002F11444BDE600BF70B54FF0FF0C4CF45C
S2140192B0E06C1CEA11541DBF1CEA135594EA0C0F0E
S2140192C095EA0C0F00F0DEF82C4481EA030621EA49
S2140192D04C5123EA4C5350EA013518BF52EA033584
S2140192E041F4801143F4801338D0A0FB02CE4FF036
S2140192F00005E1FB02E506F00042E0FB03E54FF066
S2140193000006E1FB03569CF0000F18BF4EF0010E5D
S214019310A4F1FF04B6F5007F64F5407404D25FEA59
S2140193204E0E6D4146EB060642EAC62141EA55510C
S2140193304FEAC52040EA5E504FEACE2EB4F1FD0C4E
S21401934088BFBCF5E06F1ED8BEF1004F08BF5FEACC
S214019350500E50F1000041EB045170BD06F000467E
S21401936046EA010140EA020081EA0301B4EB5C042B
S214019370C2BFD4EB0C0541EA045170BD41F4801123
S2140193804FF0000E013C00F3AB8014F1360FDEBF48
S214019390002001F0004170BDC4F10004203C35DA24
S2140193A00C341BDC04F11404C4F1200500FA05F3A7
S2140193B020FA04F001FA05F240EA020001F0004248
S2140193C021F0004110EBD37021FA04F642EB0601BE
S2140193D05EEA430E08BF20EAD37070BDC4F10C04E8
S2140193E0C4F1200500FA04F320FA05F001FA04F2AC
S2140193F040EA020001F0004110EBD37041F1000198
S2140194005EEA430E08BF20EAD37070BDC4F12005A2
S21401941000FA05F24EEA020E20FA04F301FA05F20A
S21401942043EA020321FA04F001F0004121FA04F2B2
S21401943020EA020000EBD3705EEA430E08BF20EA82
S214019440D37070BD94F0000F0FD101F000464000BC
S21401945041EB010111F4801F08BF013CF7D041EA3E
S214019460060195F0000F18BF704703F00046520042
S21401947043EB030313F4801F08BF013DF7D043EA13
S2140194800603704794EA0C0F0CEA135518BF95EAC9
S2140194900C0F0CD050EA410618BF52EA4306D1D150
S2140194A081EA030101F000414FF0000070BD50EA6F
S2140194B0410606BF1046194652EA430619D094EAF9
S2140194C00C0F02D150EA013613D195EA0C0F05D1E3
S2140194D052EA03361CBF104619460AD181EA030137
S2140194E001F0004141F0FE4141F470014FF00000EF
S2140194F070BD41F0FE4141F4780170BD70B54FF08A
S214019500FF0C4CF4E06C1CEA11541DBF1CEA135509
S21401951094EA0C0F95EA0C0F00F0A7F8A4EB0504EB
S21401952081EA030E52EA03354FEA013100F08880E2
S2140195304FEA03334FF0805545EA131343EA1263AB
S2140195404FEA022245EA111545EA10654FEA002660
S2140195500EF000419D4208BF964244F1FD0404F519
S214019560407402D25B084FEA3202B61A65EB030575
S2140195705B084FEA32024FF480104FF4002CB6EB32
S214019580020E75EB030E22BFB61A754640EA0C00B2
S2140195905B084FEA3202B6EB020E75EB030E22BFF2
S2140195A0B61A754640EA5C005B084FEA3202B6EB33
S2140195B0020E75EB030E22BFB61A754640EA9C00F2
S2140195C05B084FEA3202B6EB020E75EB030E22BFC2
S2140195D0B61A754640EADC0055EA060E18D04FEA80
S2140195E0051545EA16754FEA06164FEAC30343EA20
S2140195F052734FEAC2025FEA1C1CC0D111F4801FED
S2140196000BD141EA00014FF000004FF0004CB6E7E5
S21401961011F4801F04BF01430020B4F1FD0C88BF84
S214019620BCF5E06F3FF6AFAEB5EB030C04BFB6EB8F
S214019630020C5FEA500C50F1000041EB045170BD82
S2140196400EF0004E4EEA113114EB5C04C2BFD4EBAF
S2140196500C0541EA045170BD41F480114FF0000E33
S214019660013C90E645EA060E8DE60CEA135594EAAF
S2140196700C0F08BF95EA0C0F3FF43BAF94EA0C0FB2
S2140196800AD150EA01347FF434AF95EA0C0F7FF427
S21401969025AF104619462CE795EA0C0F06D152EA7B
S2140196A003353FF4FDAE1046194622E750EA41065F
S2140196B018BF52EA43067FF4C5AE50EA41047FF470
S2140196C00DAF52EA43057FF4EBAE12E74FF0FF3CD5
S2140196D006E000BF4FF0010C02E000BF4FF0010CA6
S2140196E04DF804CD4FEA410C7FEA6C5C4FEA430C1F
S2140196F018BF7FEA6C5C1BD001B050EA410C0CBF6E
S21401970052EA430C91EA030F02BF90EA020F0020CF
S214019710704710F1000F91EA030F58BF994208BF36
S21401972090422CBFD8176FEAE37040F001007047F3
S2140197304FEA410C7FEA6C5C02D150EA013C07D14A
S2140197404FEA430C7FEA6C5CD6D152EA033CD3D095
S2140197505DF8040B704700BF8446104662468C468F
S2140197601946634600E000BF01B5FFF7B7FF0028C2
S21401977048BF10F1000F01BD4DF808EDFFF7F4FFEB
S2140197800CBF012000205DF808FB00BF4DF808ED76
S214019790FFF7EAFF34BF012000205DF808FB00BF99
S2140197A04DF808EDFFF7E0FF94BF012000205DF8BB
S2140197B008FB00BF4DF808EDFFF7CEFF94BF012070
S2140197C000205DF808FB00BF4DF808EDFFF7C4FF69
S2140197D034BF012000205DF808FB00BF4FEA4102BC
S2140197E012F5001215D211D56FF47873B3EB6252ED
S2140197F012D94FEAC12343F0004343EA505311F014
S214019800004F23FA02F018BF404270474FF00000A5
S214019810704750EA013005D111F0004008BF6FF0E3
S214019820004070474FF00000704700BF4A0011D259
S21401983012F5001211D20DD56FF47873B3EB6252A4
S2140198400ED44FEAC12343F0004343EA505323FAB0
S21401985002F070474FF00000704750EA013002D125
S2140198604FF0FF3070474FF00000704753B94AB9C8
S214019870002908BF00281CBF4FF0FF314FF0FF3012
S21401988000F08CB9ADF1080C6DE904CE00F006F8D5
S214019890DDF804E0DDE9022304B070472DE9F04F5E
S2140198A0099D0E4604460F46002B47D18A42944630
S2140198B0B2FA82F35AD943B102FA03FCC3F1200289
S2140198C09F409C4020FA02F217434FEA1C461FFABB
S2140198D08CFE220CB7FBF6F106FB117701FB0EF0AE
S2140198E042EA0742904208D91CEB020201F1FF3717
S2140198F002D2904200F23C813946121AA4B2B2FB5F
S214019900F6F006FB102200FB0EFE44EA0244A645D2
S21401991008D91CEB040400F1FF3202D2A64500F27E
S2140199202A81104640EA0140A4EB0E0400211DB135
S214019930DC400023C5E90043BDE8F08F8B4205D922
S2140199400DB1C5E9000100210846F5E7B3FA83F138
S21401995000294FD1B342C0F00281824240F2FF801B
S2140199600846002DE8D0C5E90047E5E7002B40F0A2
S214019970AF808A1A4FEA1C4E1FFA8CF70121B2FB00
S214019980FEF60EFB1620220C42EA004207FB06F00A
S21401999090420FD91CEB020206F1FF382CBF4FF0A4
S2140199A001094FF00009904203D9B9F1000F00F008
S2140199B0DC804646121AA4B2B2FBFEF00EFB102261
S2140199C000FB07F744EA0244A7420FD91CEB040444
S2140199D000F1FF322CBF4FF0010E4FF0000EA742F0
S2140199E003D9BEF1000F00F0C9801046E41B40EA1F
S2140199F006409CE7C1F120048B4006FA01FC00FA00
S214019A0001FE22FA04F7E6408A401F4320FA04F3D7
S214019A104FEA174843EA0C031FFA87FC4FEA13493B
S214019A20B6FBF8F008FB106649EA064600FB0CF99F
S214019A30B1450ED9BE1900F1FF3A2CBF4FF0010B0C
S214019A404FF0000BB14503D9BBF1000F00F0A28027
S214019A505046A6EB09061FFA83F9B6FBF8F308FB96
S214019A60136603FB0CFC49EA0646B4450ED9BE193B
S214019A7003F1FF382CBF4FF001094FF00009B44540
S214019A8003D9B9F1000F00F08280434643EA004053
S214019A90A6EB0C06A0FB028C66454346E14602D3C4
S214019AA007D1C64505D2B8EB02036CEB070C0138AB
S214019AB0E1465DB1BEEB030266EB090606FA04F465
S214019AC022FA01F3CE401C43C5E90046002133E7E4
S214019AD002FA03FCC3F1200299409C40D6404FEAAB
S214019AE01C4E20FA02F21FFA8CF7B6FBFEF00A4370
S214019AF00EFB1066110C41EA064100FB07F68E428A
S214019B000ED91CEB010100F1FF382CBF4FF0010903
S214019B104FF000098E4202D9B9F1000F34D0404609
S214019B20891B92B2B1FBFEF60EFB161142EA014208
S214019B3006FB07F191420ED91CEB020206F1FF3833
S214019B402CBF4FF001094FF00009914202D9B9F13B
S214019B50000F16D04646521A46EA00410FE7841A0D
S214019B6066EB030201201746FBE6023E624421E74C
S214019B7002396244C1E664440238D3E664440238DA
S214019B8034E7023E6244E6E702386144C8E7023B36
S214019B903E447BE702383E445BE700BF704700BFA8
S214019BA02DE9F04F924685B089461E460D46554A28
S214019BB00390294615F8014B135D13F00803F8D1FD
S214019BC02D2C7CD02B2C4ED04FF0FF3102936FF012
S214019BD00043CDE9001336F0100851D037464FEA5E
S214019BE0E6783A464346DDE90001FFF73FFE0023EB
S214019BF083468E4618461946A44613E0ACF1370450
S214019C00A6421FDD002B09DB83457EEB010305D34E
S214019C108E4508BF83453BD1A24239DA4FF0FF3368
S214019C2015F801CBACF13004092CE9D9ACF14104AB
S214019C30192CE3D9ACF16104192C03D8ACF1570403
S214019C40A642DFDC5A1C2FD0029A12B1404261EBC9
S214019C504101BAF1000F03D0002B48D1CAF8009099
S214019C6005B0BDE8F08F4FF0FF30029336F01008D4
S214019C706FF000432C7801F10205CDE90003ADD168
S214019C80302C25D0002E3AD10A27B0463E46A8E70A
S214019C9000FB08F307FB0133A0FB07010B44201868
S214019CA043EBE4710123BBE72223039A1360BAF165
S214019CB0000F17D005F1FF39DDE90001CEE74FF0BF
S214019CC00047009301232C788D1CCDE9017382E7B0
S214019CD02B7803F0DF03582B0CD086B90827B04643
S214019CE03E467EE7DDE9000105B0BDE8F08FCDE92F
S214019CF00001DFE710276C7802353E4671E7102732
S214019D003E466EE7D9A304004AE700BF10B4044CF0
S214019D1013460A46014620685DF8044B40E700BF3B
S214019D203065002010B4044C13460A4601462068EC
S214019D305DF8044B34E700BF3065002020F00301D6
S214019D4010F00300C0F1000051F8043B00F1040CD0
S214019D504FEACC0C6FF000021CBF22FA0CF2134340
S214019D604FF0010C4CEA0C2C4CEA0C4CA3EB0C0209
S214019D7022EA030212EACC1204BF51F8043B043073
S214019D80F4D0C2F1000102EA0102B2FA82F2C2F193
S214019D901F0200EBD20070472DE9F04780460C46C3
S214019DA04548264614F801EB10F80EC01CF0080CC6
S214019DB0F7D1BEF12D0F5BD0BEF12B0F3AD0654621
S214019DC033F010003ED04FF0FF379A46B7FBF3F75B
S214019DD003FB07F96FEA0909002630460EE0AEF1EB
S214019DE0370C63451DDD002E04DBB84202D833D1A3
S214019DF0CC4531DD4FF0FF3614F801EBAEF1300CF7
S214019E00BCF1090FEDD9AEF1410CBCF1190FE6D941
S214019E10AEF1610CBCF1190F03D8AEF1570C6345D6
S214019E20E1DC731C1CD005B140420AB1F6B91160E1
S214019E30BDE8F08733F0100094F800E0654606F1BF
S214019E400204C0D1BEF1300F17D06BBB0A234FF00E
S214019E5005091A4F9A46BFE700FB0AC00126CBE761
S214019E6022233046C8F80030002AE1D0611EDEE722
S214019E7094F800E00125B41CA2E7207800F0DF008A
S214019E80582807D083B908234FF007096FF06047B9
S214019E909A46A1E7102394F801E04FF00F09023427
S214019EA06FF070479A4697E710234FF00F096FF04F
S214019EB070479A4690E700BFD9A30400999999196B
S214019EC06AE700BF10B4044C13460A4601462068F0
S214019ED05DF8044B60E700BF3065002010B4044C09
S214019EE013460A46014620685DF8044B54E700BF56
S214019EF0306500200F4B70B50F4DAB42A3EB050646
S214019F0007D0B6100024013455F8043B9847A64202
S214019F10F9D80A4D24F0D4F9094B5E1BAB424FEA3F
S214019F20A60606D00024013455F8043B9847A642FD
S214019F30F9D870BD04690020046900200469002076
S214019F400869002070B5860747D0541E002A3ED007
S214019F50CAB2034601E0013C39D303F8012B9D0741
S214019F60F9D1032C2CD9CDB20F2C05EB052505EB29
S214019F70054535D9A4F1100C03F1100E1A462CF044
S214019F800F064FEA1C1CB644C2E90055C2E9025549
S214019F9010327245F8D10CF1010214F00C0F04F0E6
S214019FA00F0C03EB021213D0ACF1040323F00303EE
S214019FB00433134442F8045B9342FBD10CF00304D0
S214019FC02CB1C9B21C4403F8011BA342FBD170BDDE
S214019FD064461346002CF4D1F9E703461446C0E75D
S214019FE01A46A446E0E700BF88420ED98B18834282
S214019FF00BD900EB020C002A6ED0624613F801CD95
S21401A000994202F801CDF9D170470F2A0FD80346BD
S21401A01002F1FF3C002A5FD00CF1010C013B8C449D
S21401A02011F8012B614503F8012FF9D1704740EA79
S21401A03001039B0751D1A2F1100301F1200C70B569
S21401A04023F00F0501F1100E00F110041B09AC44BA
S21401A0505EF8105C0EF1100E103444F8205C5EF8C9
S21401A0601C5C44F81C5C5EF8185C44F8185C5EF8EE
S21401A070145CE64544F8145CEAD1013312F00C0F87
S21401A08002F00F0C01EB031100EB031329D0ACF126
S21401A090040C1C1F8E462CF003064FEA9C0C1E4433
S21401A0A05EF8045B44F8045FB442F9D10CF1010494
S21401A0B002F0030203EB840301EB840102F1FF3C8F
S21401A0C04AB10CF1010C013B8C4411F8012B61459E
S21401A0D003F8012FF9D170BD704702F1FF3C03462A
S21401A0E09AE76246EAE700BF2DE9F04F82468E46C0
S21401A0F03F4875461EF801BB10F80B4014F00804E3
S21401A100F7D1BBF12D0F5BD0BBF12B0F6FF00049E0
S21401A11004BF9EF800B005F1020E33F0100010D116
S21401A120BBF1300F04D0002B5ED10A231F4609E095
S21401A1309EF8000000F0DF0058284ED0002B53D1C7
S21401A14008231F460025B9FBF7F6284607FB169895
S21401A1500EE0ABF1370C63451DDD002D04DB8642B6
S21401A16002D321D1E0451FDA4FF0FF351EF801BBBF
S21401A170ABF1300CBCF1090FEDD9ABF1410CBCF1E0
S21401A180190FE6D9ABF1610CBCF1190F03D8ABF18D
S21401A190570C6345E1DC6B1C0AD004B140420AB19E
S21401A1A0CDB91160BDE8F08F07FB00C00125DDE7E2
S21401A1B02223CAF800305AB10EF1FF314846F0E7C3
S21401A1C09EF800B04FF0004905F1020E0124A4E705
S21401A1D04846BDE8F08F8146EEE710239EF801B0B1
S21401A1E00EF1020E1F46ADE710231F46AAE700BF79
S21401A1F0D9A30400242B02D8012B00D074E710B594
S21401A20000F02EFA16230360002010BD10B5242A94
S21401A210084C1346246807D8012A05D00A46014689
S21401A2202046BDE810405FE700F01AFA16230360E7
S21401A230002010BD3065002010B5242A084C1346B6
S21401A240246807D8012A05D00A4601462046BDE8FB
S21401A250104049E700F004FA16230360002010BD01
S21401A26030650020844641EA000313F0030349D118
S21401A270403A23D30B6803604B6843608B68836066
S21401A280CB68C3600B6903614B6943618B6983616A
S21401A290CB69C3610B6A03624B6A43628B6A836252
S21401A2A0CB6AC3620B6B03634B6B43638B6B83633A
S21401A2B0CB6BC36340304031403ADBD230320BD3F4
S21401A2C00B6803604B6843608B688360CB68C36030
S21401A2D010301031103AF3D20C3205D351F8043B4A
S21401A2E040F8043B043AF9D2043208D0D2071CBF26
S21401A2F011F8013B00F8013B01D30B88038060464F
S21401A300704700BF082A13D38B07B1D010F00303A0
S21401A310AED0C3F10403D21ADB071CBF11F8013B10
S21401A32000F8013BA4D331F8023B20F8023B9FE73B
S21401A330043AD9D3013A11F8013B00F8013BF9D2AE
S21401A3400B7803704B7843708B7883706046704748
S21401A350024B014618681AF0F8BF00BF30650020AE
S21401A360024B014618681AF0F3BF00BF30650020A3
S21401A370CAB384460B4630B504460843800719D055
S21401A3809CF800000C78A04212D150B3012A28D0C4
S21401A390E64603E01CEB030F23D010B31EF8010FB3
S21401A3A011F8014FA2EB0E03A04203F1FF33F1D0E7
S21401A3B0001B30BD032A07D8E2E7043A11D01EF08D
S21401A3C0803F0ED1032A10D92068194653F8045B42
S21401A3D0A446A0F1013E0434A8422EEA000EECD0B9
S21401A3E0CEE7002030BD10467047A4461946C7E7A1
S21401A3F080EA010C1CF0030F37D110F0030C20F09B
S21401A400030021F0030150F8042B08BF51F8043B68
S21401A4100ED08CF0030C6FF07F434FEACC0C23FA7E
S21401A4200CFC51F8043B42EA0C0243EA0C0300BF61
S21401A430A2F1013C9A4201BF2CEA020C1CF0803FBB
S21401A44050F8042B51F8043BF2D04FEA02604FEA71
S21401A4501222012828BFB0EB036F08BF1B0AF4D0F5
S21401A46003F0FF03000EC01A704710F0030F0AD066
S21401A47010F8012B11F8013B012A28BF9A42F4D0AB
S21401A480A2EB030070474DF8045D50F8042B01F071
S21401A490030521F0030151F8043B022D26D04DD8C7
S21401A4A022F07F45B5EB132FA2F1013C2CEA020CFA
S21401A4B00DD11CF0803C08BF51F8043B0AD185EA57
S21401A4C00205B5EB036F0CD150F8042BE8E74FEA11
S21401A4D013235BE03CF07F4C54D10B784FEA1265B6
S21401A4E054E04FEA126503F0FF034FE04FEA0245DE
S21401A4F0A2F1013C4FEA15452CEA020CB5EB134FCD
S21401A50018D11CF0803C08BF51F8043B07D185EAFE
S21401A5100205B5EB034F09D150F8042BE6E75FEAD5
S21401A5200C4C2FD10B884FEA12452FE04FEA03431C
S21401A5304FEA12454FEA134328E000BF02F0FF0539
S21401A540B5EB136FA2F1013C2CEA020C0DD11CF005
S21401A550803C08BF51F8043B0AD185EA0205B5EBF9
S21401A560032F0AD150F8042BE8E74FEA13630DE0F6
S21401A57012F0FF0F06D051F8043B4FEA122523F0E4
S21401A5807F4303E04FF0000020BC704705F0FF0258
S21401A59003F0FF00012828BF904204BF2D0A1B0AC2
S21401A5A0F4D0A2EB000020BC704700BF08B5064BF4
S21401A5B0044613B1002100F0AFF8044B1B6803B149
S21401A5C09847204619F096F919A70100F04B00208C
S21401A5D0002301461A46184600F048B8032A30B44C
S21401A5E015D941EA000484460B46A40704D0541E3C
S21401A5F00FE0043A032A08D91946604653F8044B7B
S21401A6005CF8045BA542F4D0F1E760461946541E97
S21401A6107AB1431E0139021901E09A4209D013F8B2
S21401A620010F11F801CF6045F7D0A0EB0C0030BC4C
S21401A6307047002030BC704738B5074D074C2C1BBF
S21401A640A41005D0013C55F8043D9847002CF9D1DB
S21401A650BDE8384023F03ABE0C69002008690020A6
S21401A660014B1868704700BF30650020F0B5264CD6
S21401A67083B006460F46256805B36C681F2C3FDC81
S21401A680A6B1D5F8880048B3D0F800114FF0010CF8
S21401A69040F82420022E00EB84020CFA04FC4CEA5B
S21401A6A00101C0F80011C2F8803010D0631C0020F0
S21401A6B002346B6045F8247003B0F0BD13491448AA
S21401A6C0216010B10068C1F88800104DD5E7D0F8B8
S21401A6D0043143EA0C03C0F80431E7E70D49CDE93C
S21401A6E0002369B14FF48470FFF732FE40B10021B8
S21401A6F06C68C0E94011DDE90023C5F88800C5E7AC
S21401A7004FF0FF30D8E700BF804C0020F44B00200C
S21401A7100000000051A301002DE9F04FDFF8B490CE
S21401A72083B0D9F8006096B3884601907568D6F86C
S21401A73088706C1E2BD4013507F1800B06EB85055E
S21401A740B8F1000F26D173682A68013BA3423BD0BB
S21401A75000232B60BAB1D6F804A05FB30123D7F863
S21401A7600011A3400B4225D0D7F8040157F8241056
S21401A77003422BD1019890477368D9F800205345BE
S21401A7801ED1B2421CD1013C043D631CD8D103B09A
S21401A790BDE8F08F4FB15BF824304345D3D0013C80
S21401A7A0043D621CF3D0002FF5D1013CEFD3013CF0
S21401A7B0FBD2ECE790477368D9F800205345E0D008
S21401A7C0002AE4D01646B1E77460C3E7084690470E
S21401A7D0D2E700BF804C0020431E033306D8044B4B
S21401A7E0984228BF1846642838BF6420704700BFC7
S21401A7F040420F0038B5194B05461B680C4603B19D
S21401A800984744B1236833B11B68013303D0E3682A
S21401A8100BB1A3684BB91EF002FD00204FF4C172C4
S21401A820412100F0FFF9212038BD204602F04AFC04
S21401A83000230B4A85F83C31C5E93743C2E90033AA
S21401A84063694BB1074A422110684FF4D272C31AAA
S21401A8505842584100F0E6F90020E5E7F04E0020A6
S21401A860B8610020544F0020F8B5044623F019FAC9
S21401A870002607460E4B1B6893B19E68AEB196F84C
S21401A8802420D20711D435460FCC0FC50FCC0FC5E7
S21401A89023682B6096F8243043F0010386F82430B1
S21401A8A0384623F0F9F93046F8BD1B68E4E700BFE7
S21401A8B08465002010B5044618B9054B054A136097
S21401A8C010BD00F0D9FCD4F8E830002BF6D1F4E73F
S21401A8D0C989030080650020014B1868704700BFD6
S21401A8E0B861002008B502460868FFF775FF0860E2
S21401A8F04868FFF771FF48608868FFF76DFF88605A
S21401A900C868FFF769FF0B69C860581C03D00B487D
S21401A910834228BF03460B614B69581C03D0074886
S21401A920834228BF034688694B61FFF755FFBDE8A0
S21401A93008408861104601F07BBC00BF40420F0012
S21401A940D0F8E0302DE9F04105460C4613B1C38D31
S21401A9508B424CD0D5F8DC30002B4BD09E68002EB5
S21401A96048D0D868002845D0013800B200281ADB44
S21401A970002106E0128A591CA24217D209B2884267
S21401A98011DB0B1803EBD3735B1003EBC30206EB6F
S21401A9908202B2F80EC003F1FF3EA445EAD90FFACF
S21401A9A08EF08842EDDA2120BDE8F0814FF6FF7285
S21401A9B099B29142F7D09BB203EBC30306EB830631
S21401A9C02846B6F9122095F83011D5F8F080EFF741
S21401A9D055F80746B8F1000F04D000233246284642
S21401A9E01946C047EC85C5F8E06085F83971002046
S21401A9F0BDE8F0810E20BDE8F08100BF2DE9F047EB
S21401AA0082B004460F46164601F086FE002863D142
S21401AA104F4D2B68D4F8DCA0D4F8E0800BB1534539
S21401AA2076D04FF00009AF6001F09EFE0128074680
S21401AA3065D120461EF032FB002851D12B68DAF88A
S21401AA400010D8F8002013B1186888426BD0204651
S21401AA501EF0D6FAC5E900A8D4F8F0508DF80760C4
S21401AA60002D67D00022204611460DF10703A847A6
S21401AA70204600F0EDFF0546B9F1000F0FD076B97C
S21401AA80D4F88C300BBB012F05D025B1314B0021FA
S21401AA9003205B689847284602B0BDE8F087B5FA00
S21401AAA085F040F207523321400900F0BBF83146E9
S21401AAB0204601F00BFA284B05461B684146204606
S21401AAC09847D4F88C30002BDDD000224FF4007369
S21401AAD0204600F0E1FBD6E700231D4D6B6098E7AA
S21401AAE094F82530DA07A9D5D4F894305B05A5D5B6
S21401AAF01A4B0122002120461B6898479EE7002139
S21401AB00012000F001FC01F02FFE0128FBD190E7A7
S21401AB106B68002B85D0434583D1AB689F4215D027
S21401AB204FF001097FE7696811B10968914291D038
S21401AB3059688CE794F82A1094F8393132469942CC
S21401AB4028BF1946204600F0D1FE91E70025A2E76E
S21401AB50B86100208C65002080650020F44E00203E
S21401AB60F8B50F46054623F09CF8394606462846B2
S21401AB70FFF7E6FE044620B1304623F08DF8204666
S21401AB80F8BD01F0A7FD224639462846FFF736FFF5
S21401AB9004460028F0D128461EF080FA0028EBD0A3
S21401ABA095F8253013F001030DD0D5F89420520501
S21401ABB00DD5B5F82A21BA4205D0B5F82C31DB1BE4
S21401ABC0B3FA83F35B09034A82F8C430D4E7234619
S21401ABD0F9E700BF001E00B013B5044669461EF033
S21401ABE021F820461EF065F9FF28024606D02046C9
S21401ABF09DF80010EEF7C0FF02B010BD0048FBE75D
S21401AC000080FFFF38B5044D044C054B28602160D9
S21401AC101A6022F09BFC38BD844E00208865002017
S21401AC20884E002010B550B90548064B016006480D
S21401AC3002601868054B18601868FFF7E3FF10BD3F
S21401AC4088650020E04F0020884E0020844E0020BA
S21401AC502DE9F0418AB001AC05460B462746194A54
S21401AC6002F1200C264610685168083203C6624578
S21401AC703446F7D1002B08BF3B46002710681C4618
S21401AC803060384603F10C0690B95FFA87F8424601
S21401AC90284621881EF005FA50B942462846E18822
S21401ACA01EF010FA20B94246314628461EF01CFA1C
S21401ACB00137032F06F1080604F10204E4D10AB0B5
S21401ACC0BDE8F081FCA40400F0B589B005460E4647
S21401ACD01EF019FA044600BB01AC06F10C070FCFB3
S21401ACE00FC497E8070084E8070001A92846FFF784
S21401ACF0F9FD2846311D1EF0E0FB044648B92846FA
S21401AD00074901F057FA044618B9284601F0C6FD6E
S21401AD10044628463168FFF79BFF204609B0F0BD80
S21401AD20F4A4040001491DF0D0BF00BF6DC80100A6
S21401AD3070B5164E032804460D4633781ED023FA06
S21401AD4004F202F00102AA421DD053B10122A24030
S21401AD50A54023EA02032B43DBB233704BB101203B
S21401AD6070BD2DB10A4B01201B6898473378EDE77B
S21401AD703570074B00201B689847F0E79A07DED02E
S21401AD8003F0FC03E9E7002070BD00BFF75E00207A
S21401AD90C84E002038B504460D4605F077FD60B173
S21401ADA001F0C6FC48B9012D07D801201EF056F95E
S21401ADB00D4B1B6823B15B6898470C4B1C7038BD64
S21401ADC023F0C6F80A4B1A68801A186021F038FD7D
S21401ADD04FF47A72074B1B6802FB00301DF073FFBD
S21401ADE0012001F0ADFCE8E7EC4E0020D168002020
S21401ADF0C04E0020C44E0020F8B505460C4622F091
S21401AE0050FF104F06463B7833B1012D04D01CB9D4
S21401AE100D4821F067FC3C7021462846FFF788FF65
S21401AE200A4B04461B783BB93B782BB91EF00AF94E
S21401AE3010B1074B1B689847304622F02DFF20467D
S21401AE40F8BD00BFF85E00209C4E0020F75E002093
S21401AE508C650020054A0B46117831B1002111702E
S21401AE60034A01215268187810477047F85E00209F
S21401AE708C650020124B0239012910B518701ED8B6
S21401AE8005F004FDD8B101F053FCC0B101F034FA6D
S21401AE90A8B90C4B1C6834B123689847BDE810402C
S21401AEA000201EF0DBB81DF00CFF074B186023F0E6
S21401AEB04FF8064B1860204601F042FCEEE710BD45
S21401AEC0D1680020EC4E0020C44E0020C04E002069
S21401AED038B5044680B122F0E4FE01210446084656
S21401AEE021F0A4F801210B4A08461AF002FB20467D
S21401AEF0BDE8384022F0D0BE22F0D3FE05462146FA
S21401AF00012021F093F801202146024A1AF0F1FAB5
S21401AF102846EDE7557B0400F0B585B022F0C1FE6A
S21401AF20344D04462B7823B1334821F0DBFB00284F
S21401AF3052D121F061FC02AA03A91EF06DF8034666
S21401AF40002838D01EF07CF8029B98421CD10020C5
S21401AF502A4B03991B682A4E9942307020D9002744
S21401AF60C91A012324482B70264A3346CDE90077B7
S21401AF7022F0CAFF002837D1234A1378D90701D512
S21401AF803178F9B1204611E01EF058F8029B98423C
S21401AF9028D0002318461949194A096813700391E5
S21401AFA00121FFF7C5FE002320462B7022F074FE18
S21401AFB0002005B0F0BD20462B7022F06DFE21204A
S21401AFC005B0F0BD03F0FE031370002BDAD10F4B72
S21401AFD01B6898472046E9E7204622F05DFE0E20D2
S21401AFE005B0F0BD0220B3E7032320462F7033706F
S21401AFF0F3E700BFF85E00209C4E0020BC4E002008
S21401B000D068002055AE0100F75E0020C84E002033
S21401B01038B522F046FE0F4D04462B789BB90E4AF2
S21401B0200E4913700E4B0F4A0F481A600F4A5A60AA
S21401B030F0F7CEF90E490F48F0F7CAF90E4B0F4A52
S21401B0401A6001232B70F0F7CDFA204622F024FE79
S21401B050002038BDF95E0020F85E002020A504001F
S21401B0608C65002019AF01008C4E0020F9AD01005F
S21401B07028A50400944E0020C84E0020D1AE010041
S21401B0802DE9F0438F7880460F2F0C4685B003D903
S21401B090212005B0BDE8F08327B90123374A0020F7
S21401B0A01370F6E70D784E78EDB9002EF0D194F9CD
S21401B0B00310E08803F00AF82128E9D055EA0603D0
S21401B0C0A088DFF8C89013D003F064F84FF60403A5
S21401B0D0B9F8002001469A424BD1AE42334638BFFA
S21401B0E02B4600262DE0082DD2D8082ED0D8DEE734
S21401B0F003F050F84FF6040501464FF60500204AC6
S21401B100136E9BB2AB4208BF0346B1F5803FA9F868
S21401B11000300FD902230825136680230126C2F8C2
S21401B12080302B4649084FF6FF720139914228BFFD
S21401B130114608E08023012608251666C2F88030ED
S21401B1402B460029EFD1002202920122013FFFB2D5
S21401B150009201972A4608F1F80002F0B7FE1EB1E8
S21401B1604FF48012074B5A65074BA2681A600223F8
S21401B17094E703480266A9F80030AEE7FA5E0020BD
S21401B18000C001B800D001B8D44E00205468002099
S21401B19010B50446D0F818210B4B4FF40061C3F8E4
S21401B1A0A82090F82420D20102F4006205F0D2FA19
S21401B1B094F8243013F0100F4FF4007314BF034AB1
S21401B1C0034A136710BD00BF001E00B0001002B88E
S21401B1D0002002B8431C07D06FF0FF02034B10405B
S21401B1E01A62A3F580531862704700BF00E000B8EA
S21401B1F0F8B504460F46164622F053FD0546A0470D
S21401B200044620B1284622F047FD2046F8BD04F04A
S21401B2107FFC04220549D1F8D83E23EA07033343CD
S21401B220C1F8D83E024B1A67ECE700BF001000B029
S21401B230002002B800F01803182B0AD003070AD41E
S21401B24040F2011310F0100018BF1846034B1865A2
S21401B25070470020FAE70120F8E700BF001F00B0A2
S21401B260044B1868830654BFC0F30F204FF6FF70D7
S21401B270704700BFBC4F002038B10368044A002B5A
S21401B28008BF1346034A13607047014BFAE700BF35
S21401B290118D03009865002010B4D0E95441224076
S21401B2A00B4052EA030104D003495DF8044B0968D8
S21401B2B008475DF8044B7047986500200F2938B59C
S21401B2C005460C460ED801F04FFA01280CD1074A64
S21401B2D02846D36B23F00F032343D3631DF022FFCD
S21401B2E0002038BD2120FCE70220FAE7001F00B04D
S21401B2F0014B186C704700BF001F00B0014B0020C7
S21401B30019647047001F00B003282DE9F3478846EB
S21401B31055D82C4B13F800902B4B1E5C2B4B13F877
S21401B32000A022F0BEFC074604F03EFB054640B1F5
S21401B33000230022CDE9003301200023002104F080
S21401B34079F904F039FB48B100230022CDE9003336
S21401B350002000234FF4004104F06CF96EB31C4B3F
S21401B360DC6C04F008041B4B3146DC64484604F0F0
S21401B3702DFC52463146484604F092FC164BDC64DE
S21401B3806DB1164B1868D0F89410F83003F06EFAC9
S21401B39013490868FFF71EFF4FF0FF330B60B8F143
S21401B3A0000F04D00F4B002103205B6898473846F6
S21401B3B002B0BDE8F04722F06FBC3446D3E702B0D6
S21401B3C0BDE8F08738A5040034A5040030A50400C4
S21401B3D0004000B8006000B8005000B8E04F002000
S21401B3E0946500208C6500200F4A136F13F0A00FA0
S21401B3F015D1506F10F0040013D10C4BD3F8D83E82
S21401B40023F07F4323F0FF035BB1D368C3F30362EA
S21401B410092A07D0B2F10C0018BF0120704700209E
S21401B42070470120704700BF000002B8001000B04E
S21401B43070B50D46064620B91A4B1B68A3B10E20FF
S21401B44011E001F091F9012829D1174B93F9004039
S21401B450C4F11C04641BC4F11C03002BB8BF5B427F
S21401B460232B0CDD212070BD81EAE173A3EBE17390
S21401B470DBB2232BF6D80C4B19700020F3E786F8C5
S21401B480285022F00EFC094AE402D36904F4FF2492
S21401B49023F4FF231C43D46122F0FEFBEDE70220D8
S21401B4A0E1E700BFE04F0020FB5E002000C000B8CF
S21401B4B018B9034B93F90000704790F928007047BC
S21401B4C0FB5E002010B504461DF0E8FD10B101201A
S21401B4D001F0D4F92046FFF75BFE22F0E2FB0A4AB0
S21401B4E00121D2F8A030044623F02003C2F8A03090
S21401B4F00222064B08469A60054B5B689847204631
S21401B50022F0CAFB002010BD001E00B0001002B8D9
S21401B5108C650020064B5A6A920207D4D3F8803015
S21401B52013F4706F14BF012000207047012070478C
S21401B530004001B8F8B50E46D0F8943002EA01048E
S21401B54023EA01032343C0F89430464A01F00B0373
S21401B55023EA0401D1642340A2F58052D364720722
S21401B560054610D50121FFF7D5FF60B104F0D0FAEA
S21401B5704FF4007314F0040F14BF3B4A3B4A536266
S21401B58004223B4B1A67F30606D514F0100F14BFBE
S21401B59000221B22374B5A6537061DD5200616D5C5
S21401B5A04FF40012304B1A62012203F58053C3F8A0
S21401B5B0002122F076FB0E210746032003F09EF8B9
S21401B5C040F201222B4B3846DA6222F065FB214617
S21401B5D005F1F80003F04AF9F10503D5E2052AD58D
S21401B5E003F05CF8B30503D5A70527D503F062F889
S21401B5F016F48C6F1DD014F4806224D095F8253093
S21401B600DC070CD5EA8DB5F82A31934219D0B5F886
S21401B6102C31981A43424341174A82F8C430D5F870
S21401B620E41028461DF075FB8022144BD864144B99
S21401B6301A610020F8BD03F02BF8D3E703F034F8C5
S21401B640D6E70123E8E77105E9D595F82530DB074C
S21401B650E5D5094B114683F8C4200A4B28461B68DA
S21401B6609847DCE7006000B8005001B8006001B8F8
S21401B670002002B8004000B8001E00B0001F00B055
S21401B680000002B8F44E0020014B1868704700BF56
S21401B690E04E002037B522F004FB002401230022EF
S21401B6A0CDE90034002305461946104603F0C2FFD3
S21401B6B0022002F0E7FA064B21461C60054B0220E9
S21401B6C05B689847284622F0E7FA204603B030BD6B
S21401B6D0E84E00208C6500202DE9FF4102290D4629
S21401B6E016469846039004D1FFF7D4FF04B0BDE890
S21401B6F0F08122F0D6FA1E4F04463B683BB1B342B6
S21401B70005D022F0C9FA002321203B60EEE7194B51
S21401B7100022C3F800803E60002301264FF0000897
S21401B72010461946CDE9006603F084FF124B02204D
S21401B73083F8008002F0A6FA43462A46022003A9AF
S21401B74002F0BEFA0D4B039A1A6008B92046D8E7F4
S21401B7500B4D2B689847212804D0204622F09CFAEE
S21401B7600020C3E731466B6802209847F5E700BF23
S21401B770E84E0020E44E0020FD5E0020E04E002052
S21401B7808C650020044B5B6E5B054EBF0120034BAE
S21401B790187800F00100704700C001B8FD5E002077
S21401B7A00A78022A11D0101F4242424152004B78B9
S21401B7B01201022B0BD0191F4B424B415B0005496E
S21401B7C0054842EA8312FFF713BD0122EFE7012382
S21401B7D0F5E700BFF0FFFF00B1C701000B78022BB1
S21401B7E010D0181F434243415B004A78022A0BD00F
S21401B7F0111F4A424A4152000F21044843EA82027D
S21401B800FFF7F6BC0123F0E70122F5E7DDC70100EB
S21401B8102DE9F8430E780446042E0D4690F8308143
S21401B8200BD100275FFA87F9484601F07DFD08B184
S21401B8304E4602E00137042FF4D1304601F074FD84
S21401B840002849D094F83031B34209D1AA88D4F8F7
S21401B850A8309A4204D16A88B4F832319A4238D074
S21401B86084F83061AB883046A4F834316B88A4F88C
S21401B8703231AB8804F59875C4F8A830FF2384F8F4
S21401B8802B301DF000FD84F82A00284601F078FCD4
S21401B89018BB284601F03EFDF8B9D4F8E03053B1A4
S21401B8A094F83011414506D02046B3F91220EEF740
S21401B8B0E5F884F83901204601F09AFE0949A4F812
S21401B8C034010123084AD1F8FC1004F1F80003F012
S21401B8D0AFFC0020BDE8F88321200C2384F830312A
S21401B8E0F8E700BF001F00B0581F00B0F8B50546C6
S21401B8F090F830010C460C28164623D0FF2923D099
S21401B9001AB14FF0FF32114B1A601DF0BCFC07460E
S21401B91095F8300101F068FD844228BF0446E4B280
S21401B920BC4238BF3C46E0B285F82B0001F002FE6F
S21401B930FF280CBF2124002416B9284601F068FD13
S21401B9402046F8BD0224FBE72124F9E79C65002088
S21401B95010B590F8303104460C2B43D0D0F8E030C7
S21401B96080F82A10D3B3D0F8F020CAB990F839314C
S21401B9708B421BD300222046FFF7B8FF40BB1A4B71
S21401B9801B78022B23D8204601F032FE17490123EB
S21401B990174AD1F8FC1004F1F80003F049FC16E050
S21401B9A0B0F94220B3F912309A42E3DD0022204674
S21401B9B094F83911FFF79AFF50B9C4F8E000204611
S21401B9C01DF0AAF84FF6FF739842014601D10020F8
S21401B9D010BD2046BDE81040FFF7C2B8FF2380F82F
S21401B9E02B30F4E70220F3E758680020001F00B070
S21401B9F0581F00B0F0B51D46144B04461B780F4681
S21401BA00164685B05BB1D0F8E030E3B102AAB3F9CF
S21401BA1012300092002218F0CEFC05B0F0BD02A94B
S21401BA201DF000F99DF808103A462046EEF726F874
S21401BA30014626B92A462046FFF758FFEDE720467D
S21401BA40FFF786FFE9E71846E7E700BFFE7C04003C
S21401BA50D0F89C30012B01D10020704770B5044608
S21401BA6065498CB01DF044FCD4F8E0600146E58DD4
S21401BA70C4F8E40026B1336813B15B68002B71D1BA
S21401BA8022F00FF922F008F90123D4F8E4108DF81A
S21401BA900630B389D6E90120EB1A9BB200FB0322DC
S21401BAA05648ADF80430036800928B4207D0204612
S21401BAB01DF02FF980225249524BC8641A61514D2C
S21401BAC000F052FE0128FBD1AB689E06F8D4204652
S21401BAD09DF80620009906AB03F0E6F800283ED153
S21401BAE000F042FE0128FBD1464A136FD801FCD470
S21401BAF093689906F9D4684606A903F08DFA0546B7
S21401BB0068BBE28D404B5A6494F8243060F34103DD
S21401BB1084F8243000F0EEFFD4F8E0305969431E73
S21401BB200E68DBB2FD2B029622D9F31C34D84B6883
S21401BB30FF2803935ED10126DA1C25D8024602A906
S21401BB4020461DF0FEFAE6B9D4F8543199053FD4E3
S21401BB5094F8243043F0020384F8243011E00220E4
S21401BB600CB070BD1A68032A8AD99B6A5B0E8EE7F1
S21401BB704B6801280393DED00246204602A91DF039
S21401BB80E0FA00200CB070BD0133204B5B6816D084
S21401BB90DA1C23D80393D1E71C4B01361B6818BF68
S21401BBA00126DD1C06D802934B68FF280393C3D0F9
S21401BBB00020C3E7FF284B6819D00393C3E7DD1CB9
S21401BBC00FD80246204602A903931DF0BAFABBE736
S21401BBD020464FF480311DF03CFCD2E7FF28B2D15D
S21401BBE0E6E7FF28B0D10022204602A9EDE70120B2
S21401BBF00393A1E72A46C0E7FC1F00B0D04E002001
S21401BC00001F00B0000002B8008001B8A465002043
S21401BC1010B50C4619B11DF041FA00B104342046A6
S21401BC2002F0B8FA024B4042C3F8C80E002010BD1D
S21401BC30001000B0838E70B593420C4615461CD397
S21401BC40836C8B4208BF002422F02BF84FF49C53E0
S21401BC500B490646CA68C2F30362D340DA0702D527
S21401BC600B6F9B0304D401222946204601F016F8E7
S21401BC70304622F011F8002070BD2120FCE700BFFD
S21401BC80000002B82DE9F84F064615460B4611B9D5
S21401BC902120BDE8F88F002AFAD0032905D8002212
S21401BCA001F05EF903460028F2D01C889978B4F5B5
S21401BCB0804F01F0070080F0C580A0F1070C1A79CB
S21401BCC093F805A0DF88DCF1000343EB0C0305289D
S21401BCD02B7394BF0023C1F30013C1F3801C6B7355
S21401BCE08B0985F810C003F00203C1F3C00C43EAC8
S21401BCF00C03C1F340116B74A974AF82002A40F0A3
S21401BD00828096F81E31013BDBB2EB74D6F8943094
S21401BD10DF0600F18380063801287FD8B6F8128046
S21401BD20F76908F1FF38484B083C04EA08045B6DE4
S21401BD303B5D0134802B0EBF6FF07F03323B5BB25D
S21401BD40AB730023AB6096F8279004EA0804B9F1B8
S21401BD50000F61D1631D03EA08035A1C02EA0802B8
S21401BD60BA5CFB5C43EA0223D9040FFA83FB4CD589
S21401BD70D6F8E43013B11B68022B05D841F24D7298
S21401BD804C210020FEF74EFFD6F8E420CBF30B0340
S21401BD9092F82420DB000AB1B3FBF2F39A4508D8E7
S21401BDA03BB1CAEB0A2ABAFBF3FA6FEA0A0A5FFA50
S21401BDB08AF9D6F8EC3023B1484695F90E10984723
S21401BDC08146631C85F80F9003EA0803F95C01338A
S21401BDD003EA0803FA5C013303EA080341EA022195
S21401BDE0FA5C013303EA0803F85C41EA02410023E6
S21401BDF041EA00616A7C304603F0D8FA06232860DF
S21401BE00AB71002045E7531E7EE717F804904FEA12
S21401BE1049095FFA89F9CCE79946D2E70023002061
S21401BE20EB730A4B5A69C2F30723120448BF63F047
S21401BE30FF035AB212F1800F1CBF323B5AB2AA73EB
S21401BE400346DCE7022024E7004000B800C000B843
S21401BE5038B5148811F003054FEAC40422D13F2CEB
S21401BE6020D9B4FA84F4C4F11903DBB2052B01D846
S21401BE70192C15D0052B28BF052301240633DBB268
S21401BE809C40C4F3CF03138003828161448700F092
S21401BE902DFF054A631E2343C2F8A430284638BD49
S21401BEA02B46EAE72125F9E7001E00B011F5004F01
S21401BEB01FBF01F30E01044BC1F30E01002014BF96
S21401BEC099642120704700BF008001B8F8B5044688
S21401BED00E4619B990F824305A063FD44FF6FF7330
S21401BEE0618ED4F8E470994204D0314B1B680BB1D3
S21401BEF0204698472F4D2B68BB424DD02E4B1B68D2
S21401BF003BB11FB13A68002A48D0BF68394620467F
S21401BF1098470727204601F06BFB002E32D00627F4
S21401BF200126264B94F9282093F900302449C3F1C1
S21401BF301C039B1ACA69DB0222F4FF2203F4FF23C7
S21401BF401343CB61D4F8E4301E4A2B601E4B97672F
S21401BF5020461E701DF0E6F80020F8BD4FF6FF7172
S21401BF60144DD0F8E4702A6866F38613974241862A
S21401BF7080F8243017D0104B1B68002BC1D101F07C
S21401BF8037FB072711493B46114AD1F8FC1004F14B
S21401BF90F80003F04DF9C2E70127BBE71746204634
S21401BFA039469847B5E701F023FB0127EAE700BFCA
S21401BFB0DC4E0020D04E0020D84E0020FB5E002034
S21401BFC000C000B8006000B8FC5E0020001F00B092
S21401BFD0581F00B0054A12681AB190F81E1119B917
S21401BFE01047084602F0AABB01487047CC4E002015
S21401BFF000FEFFFF344B2DE9F7431C6801F400797E
S21401C00000F00103174653EA090206460D4635D0ED
S21401C0104FF000083BB30023002200210120CDE9A8
S21401C020008803F007FB042001F02CFE4146204661
S21401C030FFF7D0FF01224146208610461CF01EFD68
S21401C040D4F8941004F1F80002F010FC1F490868B7
S21401C050FFF7C0F84FF0FF330B6094F8243043F03D
S21401C060040384F82430B9F1000F07D001212046DB
S21401C0701DF0EFF925F4007506430D432B463246B5
S21401C0802046FFF709F9FB070FD51149114A086841
S21401C09000211368116001210F4A117003B19847FE
S21401C0A00E4B002102205B68984717F00E0F08D050
S21401C0B04FF409723B21002003B0BDE8F043FEF7C0
S21401C0C0B1BD03B0BDE8F083E04F002094650020C9
S21401C0D0E44E0020E84E0020FD5E00208C65002026
S21401C0E008B5482200210248FDF72CFF002008BDB4
S21401C0F0DC1E00B073B578216422A0F814118221E9
S21401C1000C23C0E94112C0E94322C0F800210722EE
S21401C1104FF0FF35002680F830314FF6FF730446A6
S21401C120C28700F14C0282641E4AC385A0F84030E3
S21401C13080F82C3043864263038780F82860C0F875
S21401C140A850458580F8265003F03EFC2046FFF7B0
S21401C150C7FF94F928102046FFF76AF9602340F6D6
S21401C160FF71114A2046D36402F11C42D162D165A7
S21401C1700E4A2946D36440220D4B1A67D4F8942000
S21401C180FFF7D8F90E230022CDE9003340F202234F
S21401C1901046194603F04EFA01F0E2F8304602B0B6
S21401C1A070BD00BF4000FFFF004000B8005000B85F
S21401C1B0002002B810B50C46FFF792FFBCB1A37879
S21401C1C0082B16D8E278082A13D843EA021313F08C
S21401C1D0FF030CBF19466168074AC2F8DC102178D4
S21401C1E082F82011617882F8233182F8211100202B
S21401C1F010BD2120FCE700BF001E00B0012A10B5CB
S21401C20012D8032B10D803EB82020123074C93406C
S21401C21094F82201DBB221B10343002084F82231D5
S21401C22010BD20EA0303F8E72120F9E7001E00B05D
S21401C230034670B50C68B0F83421013408BFD3F852
S21401C24000418D6808BF0C604C68F830013404BFAB
S21401C250D3F80C414C606E1C3CD1D3F80841CE6833
S21401C2608C60751C3CD1D3F804510E69CD60013643
S21401C27004BFD3F8F8600E614E69013604BFD3F8E7
S21401C280FC604E618E69013604BFD3F810618E6181
S21401C2908E695EB35A32B24238BF32460E688A6140
S21401C2A016B15A2E38BF5A26C3F808414C68C3E95E
S21401C2B04065C3E943420A69C3F8F8204A690C4954
S21401C2C0C3F8FC20D1F8FC1007230A4A02F0B0FF9D
S21401C2D0002070BD02F15A04AC4238BF2C46BEE7BE
S21401C2E002F17805B54238BF3546BEE76422D5E788
S21401C2F0001F00B0581F00B070B521F0D2FC0446F4
S21401C3000B4E00F031FA012805D0204621F0C4FC7E
S21401C3100225284670BDF36813F0706FC3F30365FA
S21401C320EFD1B36ADB06ECD5204621F0B5FCF0E789
S21401C330000002B838B521F0B4FC4FF6FF710A4A86
S21401C34013888B4203D121F0A7FC0E2038BD074C81
S21401C350074D1B046566A4F580546366118021F0C1
S21401C3609BFC0020F2E700BF56680020006001B881
S21401C3700000FFFF2DE9F74304460F4615461E460B
S21401C380FFF732F830B3A38A23B320461CF08CFCA7
S21401C39078B9002E40F0F280794BD3F8D83E03F0FE
S21401C3A03002102A00F0EA8003F0C003402B00F0B0
S21401C3B0E580DFF80082D8F81430D90740F1DE8036
S21401C3C021F06FFC0646032001F058FD30B13046DF
S21401C3D021F062FC022003B0BDE8F083D8F81420F7
S21401C3E012F00608F3D1304621F056FC644B4FF4A8
S21401C3F000612046D3F8D89ED3F8AC6E04F0BEF99F
S21401C40040B14FF4007201215E4B08461A6742465E
S21401C4101CF034FB94F82530DA0707D5D4F89430AD
S21401C4205B0542BF4FF40022574B1A673946204638
S21401C430FEF796FB524BC3F8D89EC3F8AC6E0028A5
S21401C440C9D194F82430980601D4002D57D0C5F3ED
S21401C450400003F023FB022315F4807F1BBF00215D
S21401C460494A484A136717BF484A1367516113631D
S21401C47003F04EFB4FF4806315F0040F14BF444ADB
S21401C480444A15F0400F53624FF004023D4B2846D4
S21401C4901A674FF0400314BF3F4A404AC2F888303B
S21401C4A0FEF7C8FE20461CF029FD38B14FF4807314
S21401C4B015F0010F14BF344A324A1367A90647D54F
S21401C4C04FF6FF72B4F8403093420FD0344A3549E4
S21401C4D0526E100CC2F301120132B3FBF2F3088064
S21401C4E02B4A2C4930481B0448665366003D18BF4A
S21401C4F0012594F8243065F3451384F8243020464A
S21401C5001CF0CCFDF0B120461CF0F8FCD0B14FF485
S21401C5100031204604F032F9431C03229BB2234823
S21401C52001A91CF073FE9DF8042002F00703052BF9
S21401C5309DF8053015D112070DD443F480731C4ABB
S21401C540C2F8B830002003B0BDE8F0431CF06BBE63
S21401C550FFF7F0FECAE713F0040F09D19DF8063085
S21401C560EBE703F03002202A05D113F0010FF4E7C0
S21401C5704FF48073E3E79DF80630E0E70E202AE7E4
S21401C580001000B0002002B8001002B800400054AD
S21401C590005001B8006001B800D000B800E000B853
S21401C5A0004001B8566800200000FFFF0840005414
S21401C5B0001E00B000C001B82DE9F34106468846CA
S21401C5C015461F4621F06DFB0446032001F056FC7C
S21401C5D038B1204621F060FB0E24204602B0BDE8AB
S21401C5E0F081042001F04AFC0028F2D1204621F017
S21401C5F053FB01232A4641463046FFF7BBFE04465D
S21401C6000028EAD1DFF8C8805FB388F80000394611
S21401C6103046FEF735FD00284CD198F80030012B46
S21401C6201CD02022244B1A67244BDB6CB3F5817F88
S21401C6301FD201201CF038FE21F033FB204B0646AA
S21401C6401B680193CBB901F093FC15F0800526D148
S21401C65001F0E0FC284603F0F5F925E003F008FABE
S21401C660BBE798F80030012BF8D0002BD9D1212454
S21401C670B3E78022134B1A61DBE7042001F002FBCB
S21401C68000230122042001A901F01AFB0028DAD1B7
S21401C69003F056FA2124304621F0FEFA9DE70022E7
S21401C6A0094B9A6701F0B6FC084B01215B68002034
S21401C6B09847F0E7044690E7001002B8001F00B064
S21401C6C0D44E0020000002B800C001B88C650020DE
S21401C6D0FA5E002008B50C4BD3F84C114B1C12D057
S21401C6E011F080410FD1094B1B6813B10320FEF7EF
S21401C6F00BFE4FF080624FF40071054BDA67054A76
S21401C700D16201225A6108BD0080E00FE04F00208F
S21401C710001002B8004000B84FF40022034B186F17
S21401C72003F500531A67C0F3C0407047000002B813
S21401C730024B586900F00100704700BF00C001B805
S21401C740084B5A69D10707D508B901F077BA5B6972
S21401C750DA0706D401F064BA5B69DB0701D4002866
S21401C760F8D1704700C001B80F4BDB68C3F3036311
S21401C770013B0B2B0FD8DFE803F006060C06060676
S21401C78006080A080808022070470420704705209A
S21401C790704703207047054B5B6913F0060F0CBF0B
S21401C7A001200420704700BF000002B800C001B895
S21401C7B0094AD368C3F303630B2B08D06FF4905078
S21401C7C0184100F0010080F0010040007047106F32
S21401C7D010F48030EDD17047000002B80C4AD368DF
S21401C7E0C3F30363062B07D8042BD8B20BD8C31E9A
S21401C7F05842584140007047072B06D1D2F8300105
S21401C8000028ECD17047022070470020704700BF17
S21401C810000002B8094BDB68C3F303639A1E012AC2
S21401C8208CBF00220122012B02701EBF4FF4026250
S21401C83022FA03F303F001030B707047000002B8FD
S21401C840094AD368C3F30363032B01D0072B08D12E
S21401C850536FDB0605D4906F80F00800C0F3C0006C
S21401C86070470020704700BF000002B8024B00224C
S21401C87019681CF0F4BB00BF9CA50400024B1B68A2
S21401C88003B11847704700BF004F0020024B1B68DA
S21401C89003B11847704700BFFC4E002010B5FF22B9
S21401C8A04FF6FF7104461CF0FCFB68B9FF224FF6F9
S21401C8B0FF7120461CF006FC30B92046BDE810404A
S21401C8C0FF2202491CF010BC10BD00BF40A50400A9
S21401C8D02DE9F0411C46184B05461E680F4690464A
S21401C8E046B1306801F01CFEF3681BB1B3681868E6
S21401C8F001F016FE114B1B682BB1DA681AB19B6862
S21401C900186801F00DFE9DF81830640744EA0842E5
S21401C9105B0503F0BC6342EAC7621A43284608492E
S21401C92042F4C87203F016FF002228461146FFF7AC
S21401C93081F90020BDE8F08198A504009CA50400BB
S21401C9409007E12D08B5FFF77BFF88B1094BDA693F
S21401C95012030DD5186F10F4003009D19B6F13F038
S21401C960100F4FF010030CBF034A044A936708BD2B
S21401C9700220FCE7000002B8001002B8002002B84E
S21401C98038B50446F8B1124AD3691B031DD5556F55
S21401C990104BC5F38115032DB3F8B4300DD1082221
S21401C9A0083B9BB221460C481CF030FC0020084B8B
S21401C9B025729B6F1B0A637238BD022D05D1023B9F
S21401C9C02A469BB2EEE72120F6E70220F4E700BFF5
S21401C9D0000002B8001E00B038400054431EDBB20F
S21401C9E0FD2B14D9FF280B6801D14A68134313F0B5
S21401C9F0802F1EBF42F20102074BC3F8282251F8CE
S21401CA002020054BC3F85022C3F854227047012852
S21401CA10F5D10023E9E700BF004001B8F0B585B0C5
S21401CA206D460E460F4B074614460FCB85E80F00A2
S21401CA300D4BD3F848020090D3F84C2201923EB138
S21401CA40631EDBB2FD2B0AD93060FF2C00D1726069
S21401CA502246294638461CF074FB05B0F0BD012C71
S21401CA60F4E700BF48A504000080E00FF0B585B0EC
S21401CA706E460D4B07460D460FCB86E80F0000F0BD
S21401CA8039F831460446024638461CF0D3FC4DB10F
S21401CA9040B9FF2C1BBF04AB03EB8404009B54F886
S21401CAA0103C2B6005B0F0BD48A5040030B50C4B1A
S21401CAB00546187085B0082380B90A4AC2F8FC33C7
S21401CAC051B96C46084B0FCB84E80F00074B2A463A
S21401CAD021461868FFF7A2FF05B030BD044AEDE70E
S21401CAE0D2680020001002B858A50400E04F0020CC
S21401CAF0002002B8014B1878704700BFD2680020AA
S21401CB00124BD3F8E020D2031ED54FF480321049E1
S21401CB10C1F8E020A1F58051C1F8EC201A6CD1B221
S21401CB20C2F30722C3F88010C3F880200422C3F89A
S21401CB3080200022C3F88020C3F88020C3F880201C
S21401CB40C3F88020C3F88020704700BF004000541F
S21401CB5000600054F0220A4B01219A64A022A3F53A
S21401CB6080539A64074B826CC3F8C010FC21C3F84B
S21401CB709810C3F89C204FF40052C3F8BC207047AD
S21401CB80006000B800400054F8B50D46174606464A
S21401CB9021F087F801230421084C094A2363A76082
S21401CBA0E6602561C2F8E010064AC2F8843121F039
S21401CBB073F80DB102232363F8BD00BF0040005493
S21401CBC00060005400E100E00222024B58611A6343
S21401CBD0704700BF004000540122044B1A6640F61D
S21401CBE0FF729963D863DA65704700BF004000544E
S21401CBF02DE9F04F042A05460B4683B039D90126A4
S21401CC000978141F81615A7803F1040982619A78C0
S21401CC108261DB7883610368D0F808B003F007030C
S21401CC2006339E4006F1FF3A0AEA0B084768A6EB70
S21401CC300802944247F000570ED84946224607EBB1
S21401CC400800FDF70FFB46EA0A0604EB0B0232402A
S21401CC50AA6003B0BDE8F08F494607EB08000192D1
S21401CC60FDF700FB019A384609EB0201A21B42447C
S21401CC70E7E7013A032AECD8DFE802F00B080502E1
S21401CC8013F8012B826113F8012BAA6113F8012B0B
S21401CC90AA611B78AB6103B0BDE8F08F38B50C46CE
S21401CCA0154601460F4B60B101220F48C3F8C0205C
S21401CCB02246FFF79DFF1DB104220A4BC3F8C02090
S21401CCC038BD64B1D3F8A420A24284BF0122C3F8C0
S21401CCD0C0200222C3F8A040C3F8C020EBE701221F
S21401CCE0FAE700BF004000549840005438B50446A7
S21401CCF020F0D7FF01211A4A638F054611663BB320
S21401CD00B3FA83F3C3F11903DBB2A069C2F890103A
S21401CD1093660723D066C2F88C304FF4A02302F541
S21401CD200052C2F8E030A2F58052C2F8EC30002280
S21401CD300C4B1A600C4B1B6F5B0209D54FF480023B
S21401CD400A4B04F1F8001A67D4F8941001F08EFD2E
S21401CD504FF4E0232846E363BDE8384020F09CBF4B
S21401CD6000400054044F0020000002B8002002B822
S21401CD702DE9F84305460C46B1B1D0F81880478F27
S21401CD8020F08FFFB5F83CC0791E01EA0C0323F0B2
S21401CD900702032C0646DFF8F8E042445CD1DEF8D1
S21401CDA0004024B920F078FF0E20BDE8F88324F077
S21401CDB00104DEF8000020F00100A04251D100235A
S21401CDC0CEF80030238894426FEA43436FEA534318
S21401CDD023803CD1EB8F08EB07091846083880B250
S21401CDE002F108044C4528BF4446082804D9B4F883
S21401CDF000E0BEF5804F3ED263440F431B1A3B4012
S21401CE009BB2AB87E887118894781C4AC1F30C0162
S21401CE1051645367C2F88C004FF48022184B04F01B
S21401CE200704C3F8E0200122164BC3F88421FFF75C
S21401CE3067FE042C0BD14FF48002134B05F1F8006A
S21401CE401B6F124B1A67D5F8941001F00FFD304690
S21401CE5020F022FF0020A8E7601E012898BF144694
S21401CE60A7E7E88F4344E31A48BFDB19083898421E
S21401CE70A8DC304696E72246B0E700BF00400054E3
S21401CE800060005400E100E0000002B8002002B893
S21401CE90044F0020144B10B51968CA8F8B8F488F2A
S21401CEA013440138073B8C69034023F007031C44F5
S21401CEB002F108030D4A9BB2CB87C2F88C304FF4BF
S21401CEC080220B4BC3F8E02001220A4BC3F88421D1
S21401CED0A07800F00700042803D1074AD3681B0393
S21401CEE0FCD4064B1C6010BDE04F002000400054EF
S21401CEF00060005400E100E0000002B8044F00208A
S21401CF0010B5064C216839B1CB0703D4044B186819
S21401CF10FFF72EFF0023236010BD00BF044F002043
S21401CF20E04F00204FF480320B4B0C49C3F8EC2045
S21401CF30A3F50053C1F8E020D3F888109A6E0123B8
S21401CF4002F0070206329340C1F30C01083B9942F6
S21401CF5001D8FFF7D5BD704700600054005000545B
S21401CF602DE9F04780460C4616468769458F20F026
S21401CF7098FEB8F83C2005F1FF3C02EA0C0323F0CA
S21401CF800701032C82463944B8F83E0019D1494CB2
S21401CF9024689CB90244073A02EA0C0222F007020E
S21401CFA0BC183B44E31A48BF5B19834210DB50466A
S21401CFB020F072FE00242046BDE8F08724F001042C
S21401CFC0EFE7012C02D0022CEBD108380C46E8E73B
S21401CFD0002E3DD08C423FD1374AD2F84490364994
S21401CFE0B8F81270D1F88820C2F30C02934247DADF
S21401CFF02588B5F5804FDAD2A378C5F30C0503F082
S21401D00007037A1EA5EB09053A43052B337005EA9B
S21401D01002052DD82DB2E84340F241420421C00F4B
S21401D020FDF700FE7580E3783374D8F81C207B1E6C
S21401D03003EA0903D118B160A9B213FA85F5AF4224
S21401D0402FBF0023FF1AB780F26024BFB180F360C0
S21401D050504620F021FEAEE7A4F10802974284BFB5
S21401D060ED0802EBC502B2F80090C9F30C09B6E769
S21401D070124B5B6D003B18BF0123A5EBC305C9E747
S21401D0800B6C7A1EA3EB09033A431A400C4915B2FE
S21401D090002DCB680BDCC3F30363D81E4342434128
S21401D0A0DB0033708B6F72801B0A3374BDE7082375
S21401D0B0F7E700BF044F002000400054004000B8CE
S21401D0C0000002B8054BA822D3F84C013121431CBD
S21401D0D00CBF0120C0F38070FDF7A4BD0080E00FF7
S21401D0E038B5094D0446286840F69702003818BF3F
S21401D0F001202B21FDF796FDFA235C432B680A20BD
S21401D100B4FBF3F4604338BD384F0020174B30B5FD
S21401D1101A68431C164B22D0B2F1407F1FD3154D1F
S21401D12000F03F04D5F8002122F03F021443C3F873
S21401D130C84001F03F042243C3F8D020D5F804319B
S21401D1400D4A1A400D4B03EA500003EA5101104301
S21401D1501143074BC3F8CC00C3F8D41030BD0020F0
S21401D1600146C3F8C800C3F8D000F2E70080E00F1C
S21401D170001F00B0000002B81FF087E1E0FFFF7F4C
S21401D18073B5574E0446317819B91C225548FCF739
S21401D190D9FE2378544A6188137051804FF0FC629F
S21401D1A0524CFF21C4F8FC204FF47F02C4F808213A
S21401D1B04F4A022B4F4D117033D1042307224E499B
S21401D1C0C4F8FC23C5F8FC33C4F800114FF4C07151
S21401D1D0C5F80011C4F8FC234FF48052C5F8FC339F
S21401D1E0C5F870214FF40052C4F87021C4F8083114
S21401D1F04FF4FF13C4F8FC304FF4BB13C5F8FC30F2
S21401D2008023C4F8703148F2C8023C4BC3F8D820DA
S21401D2103B4B3C4A0020C3F8C02F0123337002B0B9
S21401D22070BD394A012BC4F80021384B27D14FF481
S21401D230C072C5F80021D3F83802D3F83C12FFF7C4
S21401D24065FF0723C4F8FC330223C5F8FC334FF40B
S21401D2508053C5F870314FF40053C4F8703104237D
S21401D260C4F808310DEB0300ECF740FB9DF80530E0
S21401D270023B012B9CBF8023C5F87031C3E7244ACB
S21401D280C5F80021D3F83002D3F83412FFF73EFF79
S21401D2900723C4F8FC330123C5F8FC338023C4F804
S21401D2A070314FF4805301A8C4F87031ECF71EFBBF
S21401D2B09DF80530012B05D19DF8043053B948F28D
S21401D2C05D1309E0FBD9023B012B9CBF4FF40053D1
S21401D2D0C5F8703148F25813084AC2F8D83097E7B3
S21401D2E0FE5E0020C41F00B058680020002002B86F
S21401D2F0D6680020001002B8C0F10F00001F00B071
S21401D300001000B00C4F0020C0F70F000080E00FA7
S21401D310C0F60F00034B1A6802609B8883800020CA
S21401D320704700BF5868002010B5044601F026F883
S21401D3300A4BD3F8F83724B983F40023C3F3C0406B
S21401D34010BD012C05D113F4C02F0CBF0120002005
S21401D350F6E7A31E58425841F2E700BF000002B8A4
S21401D3606FF07F42154BD3F8FC37934208D0144A2E
S21401D37003F03F031370F123124A1370124A13701D
S21401D3801249134B09781A68A9B1B2F1A06F12D3EA
S21401D390D3F850120F4A104BB1F1FF3F18BF134696
S21401D3A00E4A136041F66A020D4B1B68B3FBF2F39B
S21401D3B00C4A13607047084BF2E700BF000002B842
S21401D3C0D7680020D8680020D9680020D5680020DA
S21401D3D00080E00F5082E00F7CA50400084F00207B
S21401D3E0544F0020384F0020012807D0022802D0D1
S21401D3F030B100207047034B18787047024BFBE7AB
S21401D400024BF9E7D7680020D8680020D9680020C9
S21401D4100023F0B590F8304185B002462046CDE9AC
S21401D4200133CDF80B30FFF7DFFF92F82B30411EAA
S21401D430C9B28B4228BF0B46002C3CD0012C38D1F8
S21401D440042418464FF00F0C384E0DEB0405B0FBC4
S21401D450FCF7F75D013CC01BC0B2814238BF00201B
S21401D4606055002CF3D105240F278DF80830B3FB47
S21401D470F7F0305C0344DBB28B4228BF0B462B55DA
S21401D48001340B2CF3D10F2602F1A800D43215F883
S21401D490013BB3FBF6F14C1CC1EB01115B1A0133E6
S21401D4A0DBB2E4B21B0443EA045340F8043F824271
S21401D4B0EDD105B0F0BD042418464FF00F0C1C4FFB
S21401D4C00DEB0406B0FBFCF5EDB27D5D013C401BA7
S21401D4D0C0B2814238BF0020A055002CF2D10524ED
S21401D4E00F258DF80830B3FBF5F0385C0344DBB24A
S21401D4F08B4228BF0B46335501340B2CF3D10F2535
S21401D50002F1A804D43216F8013BB3FBF5F1481C2E
S21401D510C1EB01115B1A0133DBB2C0B21B0443EA53
S21401D520005344F8043FA242EDD1C2E775A50400BA
S21401D53068A5040038B5284B05461A7827490C2AF1
S21401D54002D1FF20087038BD10461BF09CFE044631
S21401D5501046FFF749FFA84228BF2846C0B2A0429E
S21401D56038BF20460B78C0B28342ECD0087088B131
S21401D570431EDBB2022A1A490ED14FF0FC62C1F8F3
S21401D580FC20A1F50051D1F8FC2042EA4353C1F832
S21401D590FC30D8E70346EDE7124A134C1268AC326A
S21401D5A0C4F8C02F4FF47F02C1F808210F49CA6F93
S21401D5B0D202C8D40F22B3FBF2F2551CC2EB021200
S21401D5C09B1A0133D1F808411B0443EA0553234350
S21401D5D0C1F80831B7E700BF58680020D6680020B8
S21401D5E0002002B8E04F0020001000B0000002B892
S21401D5F02DE9F04F90F830510646D0F8A82087B0B4
S21401D60035BB1F2A38BF1F22093A4C24844B854854
S21401D6101B6A96F82B10C3F38213DC400368DFF80D
S21401D6202CA29342DFF828827F4B04F0010414D128
S21401D6301F78A74211D19AF80070AF420DD17B4FE7
S21401D6403F788F4209D1B8F8040007B0BDE8F08FE3
S21401D650032A38BF0322023AD7E7026098F800008F
S21401D6601C70FFF7C1FEFF2924D128461BF00BFED4
S21401D67007466F493CB3D6F8E4702FB13B68082BD8
S21401D68040F2CB8097F838701DBB0B6840F27121D1
S21401D690B3FBF1F353431922B3FBF2F339462A469F
S21401D6A005A805931BF0C5FD02023C04059842F04F
S21401D6B0110988E0471E8F4228BF0F46012F38BF49
S21401D6C00127FFB2D5E7012D29D0022D01D0B5B330
S21401D6D027460B6840F27121B3FBF1F3534319223D
S21401D6E0B3FBF2F33946012207EB072405A805939D
S21401D6F007EB04241BF09DFD7F00032F38BF032793
S21401D700020242EA001242EA0009033F00F01F004B
S21401D71007FA00F0FFF7E4FC00F5FA6758E00F237C
S21401D720B7FBF3F3581CC3EB0313FB1A0133DBB24D
S21401D730C0B21B0443EA0053C3F30747C9E70C68AA
S21401D74040F27121B4FBF1F40F2354431922B7FBC5
S21401D750F3F3B4FBF2F43748374A0068A2FB04122D
S21401D760013350FA83F313F8013C0392A3F140010D
S21401D7702A4603A801931BF05CFD039F2F4AE41B76
S21401D780A2FB041200903021049204A82A461BF042
S21401D79050FDDDF810B08146A4EB0B040122059480
S21401D7A0102144F2100405A81BF043FD009B1A0249
S21401D7B0019B42EA091244EA0344059B42EA000936
S21401D7C007EB0B001844FFF78BFC00F50C572837C6
S21401D7D040F6FF711A4B3846C3F8C010A3F58053C4
S21401D7E0C3F8C090A3F58053C3F8C440154C276016
S21401D7F001F0B0FC4FF47A72134B404298652368EF
S21401D8000A49B3FBF2F3A8F8043096F82B30B7FBBD
S21401D810F2F08AF800500B7017E7002734E700BFD4
S21401D820004001B89C650020FF5E0020D368002000
S21401D830544F0020084F002069C2F568911E856B81
S21401D840006001B83C4F0020001F00B0D4680020E3
S21401D85058680020014B1870704700BFD56800203B
S21401D86010B5044603F012F878B1174B1B786BB964
S21401D87064B1164B1B784BB1154B1B78013B012B42
S21401D88004D84FF40042134BDA6710BD124BDB6F1E
S21401D8901B04FAD420F005FA4FF400420F4B04465D
S21401D8A0DA67A3F5A0435B682BB1FEF741FF10B121
S21401D8B002201BF0F9FC0222094B2046BDE810406D
S21401D8C0C3F8842420F0E8B9005F0020015F00203F
S21401D8D0404F0020002002B8000002B8001002B835
S21401D8E000D003500122024B00201A70FFF7B8BF88
S21401D8F0005F00200022024B01201A70FFF7B0BF24
S21401D900005F0020F7B50646504C00F037FD504B3F
S21401D9102578504F1E7085BB2846FFF7A1FF237858
S21401D920013B012B19D8E37B01A88DF80430237C39
S21401D9308DF80530E9F77EFCC7F884544FF6FF7280
S21401D940454BC3F88420F822A3F58053C3F88420FE
S21401D9500022404BC3F884240DE04FF6FF723E4B85
S21401D960C7F88454C3F88420F822A3F58053C3F87B
S21401D9708420C7F88454394B5BE00020FFF770FF22
S21401D9802378013B012B08D8E37B01A88DF80430EE
S21401D990237C8DF80530E9F74DFC0023C7F8843465
S21401D9A0002ECBD062685AB32D4B1B6803EB520393
S21401D9B0B3FBF2F3013B1B0243F0F803267826493A
S21401D9C0022E284A1ED0032E4FF6FF75214826D078
S21401D9D0012E34D143F00203C1F88450C2F88430DA
S21401D9E00723C0F88434E37B01A88DF80430237C38
S21401D9F08DF80530E9F7F2FB0120FFF731FF17E05C
S21401DA00F823DBE74FF6FF7043F00103C1F884000B
S21401DA10C2F8843006220F4BC3F88424E3E743F0B0
S21401DA200503C1F88450C2F884300423C0F8843456
S21401DA300D4B4FF080420020DA6703B0F0BDC1F80D
S21401DA408450C2F884300023F0E700BF404F002026
S21401DA50015F002000C00350006000B8002002B83B
S21401DA60544F0020005000B8001002B8F0B5294FFE
S21401DA7006463D4604460FCE0FC5336885B02B607B
S21401DA8000F07CFC0022244BC3F88424A17A627A3D
S21401DA9042EA0142C3F89024217CE27B42EA014239
S21401DAA0C3F88C24217B627B41EA0240C3F88804D8
S21401DAB03B78032B2AD8DFE803F022020C178DF8F7
S21401DAC0041004218DF805200DEB01000022E9F772
S21401DAD051FBE37B00228DF80830237C042102A849
S21401DAE08DF80930E9F746FB637A01228DF80C3090
S21401DAF0A37A042103A88DF80D30E9F73BFB074B09
S21401DB00187805B0BDE8F040FFF7FCBE212005B04F
S21401DB10F0BD00BF404F002000C00350015F002051
S21401DB20034BDB6F002BBCBF024BC3F8880070476A
S21401DB30000002B8004000B82DE9F0471BF018FCC1
S21401DB404FF47A762D4BB0FBF6F618604FF4FA7365
S21401DB50734307462A48190E1B021818294A4FF024
S21401DB60000341F10001FBF781FE274BA0F580720F
S21401DB7005461A6320B948222B21FDF753F80125E3
S21401DB804FF47A724FF0000A6A4353465008310246
S21401DB90FBF76CFE1C4B1D4AB7F57A7F9A601C4B4F
S21401DBA04FEA056819601B4B8946044618604FEA20
S21401DBB0152505D29B222B215046FDF733F8012669
S21401DBC04FF47A73A8FB030103FB05117308C01811
S21401DBD041F1000100233246FBF748FE0E4B0234AA
S21401DBE019600E4B49F10009A408186044EA8974CB
S21401DBF0054B013C9C63BDE8F08700BF544F0020F5
S21401DC0020A1070040420F0000C001B80211010028
S21401DC10644F0020604F00205C4F0020584F0020CA
S21401DC201022044BC3F884215A600122024BDA60A9
S21401DC30704700BF00E100E000C001B81022064BAB
S21401DC40C3F88421C3F88420BFF34F8FBFF36F8FCF
S21401DC500422024BDA60704700E100E000C001B820
S21401DC6010B50446A242A2EB0000A3EB010104D2C8
S21401DC70034B01399B6B0133184401F0030110BDBE
S21401DC8000C001B838B501250A4B02019D504FF47A
S21401DC9080730446084A8340536620F002F8074A18
S21401DCA0A540137823EA05031370BDE838401FF03A
S21401DCB0F3BF00BF00E101B800E001B80A5F002031
S21401DCC02DE9F84F164605468A461F461FF0E9FF1E
S21401DCD0022E00F0908080461FF0F0FF594B5A4A02
S21401DCE0D3F82090147D5A6EE4B2520744BFD3F89D
S21401DCF02090013404F003041FF0DBFF4846214660
S21401DD0000F036FA8446DAF80000012E04BF01302E
S21401DD106044ACEB000C08BFCAF80000BCF1804FB1
S21401DD207DD300F037FA8145A1EB040188BF454B4E
S21401DD30DFF834C188BF01F1FF3101F0030188BF6C
S21401DD409B6BA0EB090E0CF80510A1B1F90742BFB9
S21401DD5041F61F723D4B5A67BA0742BF3B4B3C4ADE
S21401DD605A677B0742BF0022364B9A673C0742BF81
S21401DD700022344B9A6511244FF0010A314B05F10C
S21401DD801002120103EB051BCBF80C0131499C5024
S21401DD901A6A0AFA05F4586E0B78A2EB0902E4B285
S21401DDA0234372450B7025D34FF48073AB40034277
S21401DDB020D11CF80520002A40D10EB3264AF807C8
S21401DDC0536607D541F61F7140F201101F4B596784
S21401DDD050675967B90706D51C4B1D4A1E491F488F
S21401DDE05A6748675A677A0742BF01221C4B1A6175
S21401DDF03B071AD440461FF04FFF0120BDE8F88FBD
S21401DE00184A2D0142F805A042F89C3C1FF049FF34
S21401DE1010490B7823EA04030B701FF03DFF4046C0
S21401DE201FF03AFF0020BDE8F88F2120FFF778FEAB
S21401DE304FF48032034B4046DA60DCE7064A404640
S21401DE405366D8E700C001B8C44F002000E001B80F
S21401DE5000001F1F0A5F002000D001B8000001016A
S21401DE60000002B800E101B8025F0020024B1878FA
S21401DE70003818BF012070470A5F0020034B10309E
S21401DE800001185800F00100704700BF00C001B83B
S21401DE9070B50646FEF74CFC044608B1FFF7CEFE09
S21401DEA00023084D3046AB61EB612B6200F072F93E
S21401DEB0054BC9B2197528620CB1FFF7B1FE0020F7
S21401DEC070BD00BF00C001B8C44F00202DE9F0416D
S21401DED09DF818800D46B8F1000F08BF0022214EAC
S21401DEE0B5F5803FB168074621F4700141F4A00101
S21401DEF0B1609DF820409DF81C104FEA042444EAC6
S21401DF00016444EA031444EA084444EA02044FF074
S21401DF10180140F2E9222CBF002001207465FCF7AD
S21401DF2081FE3564B8F1000F1AD00F4BBC68D3F8E8
S21401DF3088305A2C38BF5A245B0606D500F0F0FB11
S21401DF4018B10A4BB3FBF0F31C44204600F022F94B
S21401DF500130854238BF0022024B34BF5A645864F0
S21401DF60BDE8F08100C001B800C000B800093D005E
S21401DF70214B10B51A6E1A66596C59B11F49C968FA
S21401DF8000292EDB596D4FF0FF3301F00F018B4056
S21401DF909A4326D110242020FFF7C2FD184B9C601F
S21401DFA002F088FB2022174BC3F8842101F0F4FC11
S21401DFB048B1002200200821FEF71CF8124B5C66CF
S21401DFC0A3F580531C670D4AD36803F07063B3F161
S21401DFD0807FF9D9084B0D4A5A6741F201429A6788
S21401DFE010BD01F0D9FC0028F4D0094B064A53664F
S21401DFF0A2F580521367EDE700C001B8000002B831
S21401E000001002B800E100E000E001B8011B0118B1
S21401E0101000002008B52120FFF782FD4FF4803262
S21401E020014BDA6008BD00BF00C001B8F8B5184D55
S21401E03004462B6A1B0426D500F0E6FB2B6AA0FBE0
S21401E040044613F0787F4FEA9367C3F34450C3F353
S21401E050044505D140F25A422B21FCF7E3FD01208D
S21401E060AD01B5FBF0F010EB871005D140F25F4231
S21401E0702B21FCF7D7FD012002460023204631461E
S21401E080FBF7F4FBF8BD00F04BFBA0FB0401F9E73E
S21401E09000C000B80246012030B50B4CA0F12003A9
S21401E0A0C0F1200524FA05F504FA03F32B4304FA1C
S21401E0B000F595428B4100D330BD0F2801D00130C9
S21401E0C0ECE7FF20F8E700BF40420F0010B50C4612
S21401E0D0FFF7ACFFC30943EA4163C01A61EBD111F4
S21401E0E0FFF7D8FFFF2814D00F220C4B40F010008A
S21401E0F0C3F88820A3F58053C3F88800A3F580539E
S21401E1001B6ADBB2802B06D02046BDE8104000F02B
S21401E11067BB212010BD0220FCE700BF00E000B86D
S21401E12038B51FF0CBFD084B084A1D6A147D5A6EA0
S21401E130E4B2520744BF1D6A01341FF0BAFD2846F7
S21401E14004F0030138BD00BF00C001B8C44F002071
S21401E1500346064A103302EB00111B01D1F80C01ED
S21401E160D158C1F340011BF0AAB800BF00C001B8E6
S21401E170064B1B68434303EB8171054B1B68A3FBEE
S21401E180003013F1004341EB000070475C4F002064
S21401E190584F00200C4A20F04043014610B500209D
S21401E1A014684FF00042E4FB0320084A890F126806
S21401E1B002FB0300064B9B6B984204D901330131E5
S21401E1C0C01A01F0030110BD604F0020644F00200B
S21401E1D000C001B8044B01F0F071103041F00301AA
S21401E1E000011950704700BF00C001B808B52220D1
S21401E1F0FFF796FC4FF48022014BDA6008BD00BFA2
S21401E20000C001B808B5064B4FF030401A68054902
S21401E2109200FCF727F8BDE8084001F0E3B800BF1C
S21401E220B8A50400BCA5040070B50C68651C15D023
S21401E230C4F302669E42C4F3074530D1A4B29442A9
S21401E2402DD804EB8506B24229D2141BA50824F06A
S21401E25003040E59340F04D0012C08D000222124C7
S21401E26002E06B1C51F82320C0E9002470BD0E4C5F
S21401E27034F8133042EA03431A686B1C51F8234002
S21401E28001EB83014B6822405E4036F0704404D1B6
S21401E2901B0F032B04BF8B681A430024E4E70135E8
S21401E2A001EB8501C1E700BF90A5040007B501A8F1
S21401E2B0EBF71CFB4822164B5A65164AD2F8D430A7
S21401E2C023F4FC33C2F8D430134B1B689DF8053099
S21401E2D0023B012B19D84022104BC3F8FC23104BEC
S21401E2E0D3F85C32DBB2FF2B00D10623094A1B03AD
S21401E2F0D2F8FC139BB20B43C2F8FC33D2F83021A0
S21401E300084B1A6003B05DF804FB00F0E7FEECE78B
S21401E310008001B8000002B8002000B0001002B86A
S21401E3200080E00FF84E002000224FF400710F4BE2
S21401E33010B51A675A679A670D4AD162012102F52C
S21401E340E8325161DA6812F0706FFBD14FF030425B
S21401E35001245A6602F5FC5208329C66DA64054BC3
S21401E3601B689847044B5C6110BD00BF000002B8F3
S21401E370004000B8A0650020002002B801230F4A23
S21401E3800F49C2F880328A6A22F002028A620D4A76
S21401E39053600D4A53600D4A5360A2F580425360A4
S21401E3A0A2F54042536002F5C032536002F5804246
S21401E3B05360A2F500425360704700BF00800050D2
S21401E3C000C0005000D000B800500054005001B802
S21401E3D008B5FFF7D3FF0E4B0E4ADA6700F076FE5C
S21401E3E0FFF764FF03220C4BC3F8E020012203F57C
S21401E3F04043DA674FF460725A614FF40072DA678D
S21401E400FEF778FBBDE808400021FEF74FBB00BFD2
S21401E410000002B80048F000005001B82DE9F04FA6
S21401E420054687B002900F4657F8044B631C06D189
S21401E430029B2C60E81A801007B0BDE8F08F5FEAF7
S21401E440147B18BF0123344AC4F3016108BFC4F327
S21401E450074332F81120A4B24FEAC30A2F4844EA10
S21401E46002440AF104022A4482421BD20722CA400D
S21401E47002F0010201929A0004EB83030393012345
S21401E480B94603FA0BF808F0940305F1080604925E
S21401E4900593039B09F10409A34208D10499554445
S21401E4A03944C0E71D4A9542E0D80020C4E7059BE1
S21401E4B053B918F0420F19D118F0280F0BD146F8AE
S21401E4C0084C59F8042C21E04FF420623221002038
S21401E4D0FCF7A8FBF3E740F6042232210198FCF78B
S21401E4E0A1FB04F5805246F8082CEAE740F60D2217
S21401E4F032210198FCF796FB04F50052BBF1010F9F
S21401E50046F8082CDDD159F8042CD24346F8042CE1
S21401E51004340836BDE700BF90A50400003000B003
S21401E520F8B50546F0B10026154B34461F46154989
S21401E53053F8042BBAB9A00000F13040294600F583
S21401E5400150FFF76BFF30B940F6AE323621BDE819
S21401E550F840FCF767BB0C4B0134044447F82650DF
S21401E56023F81640F8BDAA42FCD001360C2E02D084
S21401E57031F81640DCE740F6C83236210020E6E7DF
S21401E580684F0020AE570020B057002070B50446F3
S21401E590A8B1C1B1384A52F8043B984215D10023BC
S21401E5A036498A689206FCD49B00354A03F130430B
S21401E5B003F50153C2F8B0302022324B9A6070BD89
S21401E5C001330C2B02D1304D12E0012352F8041B0B
S21401E5D0A142F5D12D4A32F81330E1E704D1626841
S21401E5E0C3E90012083403E0012A01D1043419609A
S21401E5F02268531CE3D0C2F3016335F81300110CF3
S21401E60093B211F0FE0F43EA004360680DD0043464
S21401E610CAB2022A2168E1D9D4E90160033AC3E902
S21401E620001698600C340C33F3E7120F072AD9D87A
S21401E630DFE802F00704090D1013181DC04303F5A7
S21401E64000531860CEE71A6842401A60CAE703F51D
S21401E6508053F6E71AF028FEC4E7012203F580533B
S21401E6608240F2E7012203F500538240EDE71A6883
S21401E67030EA0202FBD1B5E7684F0020000002B87D
S21401E680001E00B0001002B890A50400AE5700208E
S21401E6900122014BDA677047001002B80122014BD4
S21401E6A0DA677047002002B84022014BDA677047EC
S21401E6B0002002B84022014BDA677047001002B80A
S21401E6C00B4B1B68D3F8E43023B11A68022A01D930
S21401E6D0186A7047074B9A6D90B238B1064BC2F371
S21401E6E007421B68DB085343B3FBF0F0704700BFDB
S21401E6F0E04F0020004001B8544F0020064BDB6875
S21401E700C3F30363984206D1044AD36B23F0F003A4
S21401E71043EA0111D1637047000002B8001F00B040
S21401E720054B1B68D3F8E43013B11A680A2A01D8DE
S21401E730FFF7C6BF186C7047E04F00202DE9F7437E
S21401E74006461AF0AAFD00248046DFF890901FF0D6
S21401E750A8FA0DF1070105460DF10600FEF75AF875
S21401E7609DF806308BB9721C29D01AF096FDA0EBE5
S21401E770080428461FF090FA9DF8063013B99DF854
S21401E78007303BB3A642E2D824E0D9F80C3013F4A4
S21401E790603FE8D0D9F810001AF0ECFD731C07466C
S21401E7A003D01AF07AFDA0EB080428461FF074FA8D
S21401E7B017F5007FE0D0384603B0BDE8F083284661
S21401E7C01FF06AFA9DF80630002BC0D19DF807307D
S21401E7D0002BBCD1004FEEE700FEFFFF00C000B8E3
S21401E7E010F1800F04D04D28CEBF7F20323040B2CA
S21401E7F0FF22044BC0B21A62A3F5805318620020B0
S21401E800704700BF00E000B80B4A10B5136E0B4C02
S21401E810116E03F00703E35CC1F3CD0101FB033383
S21401E820126E0748C2F3454202FB033300688001BB
S21401E830B0FBF3F010BD00BF004001B888A504008E
S21401E840544F0020084910B5D1F89C3040B11C4601
S21401E850CA68D1F89C309C42F9D1C2F303620270B7
S21401E86003F00F0010BD00BF000002B8094B01F015
S21401E87080011B6F03F480030B4309D14FF4001290
S21401E880054B1A62837F1BB10122044BC3F800219A
S21401E890704700BF000002B8006001B8005001B820
S21401E8A02DE9F04F404F804685B038680C461AF087
S21401E8B0FBF920B90024204605B0BDE8F08F2246BA
S21401E8C000214046FBF73EFB384B5D6915F001051C
S21401E8D0F0D1FCF701F806460028EBD03F68384631
S21401E8E01AF01AF94FF6FF73984234D04FF0605180
S21401E8F02F4E304B304AD3F82090D6F88C30116228
S21401E9004FF00061A2F58052116224220421C6F85C
S21401E9108C202A4A4FF4804B91604FF48052002796
S21401E920DFF8A4A0CAF868B0F262A7421ED3042199
S21401E930234A9160A2F5F032C2F88C304FF0605253
S21401E9401D4B1A6209EA02031E4A13624FF4804203
S21401E9501D4B9A66AFE7314638461AF081F80146F4
S21401E9603846FCF7FDF80028C0D0A3E7B26E510484
S21401E970FCD5B268D205F9D5CAF868B0D6F89020A9
S21401E9800135012D0392D0D9E21B042AA8BF042227
S21401E99008EB070003A901930092FBF763FC009ABA
S21401E9A0019B3A4497B2C0E7E04F0020000002B84E
S21401E9B0004000B8004001B8006001B8001002B87D
S21401E9C0002002B8005001B8006000B84FF60401FC
S21401E9D04FF60502044B01201B6C9BB28B4208BF0D
S21401E9E01346024A136670470080E00F00C001B864
S21401E9F02DE9F74F81460F464FF0FF35FFF790FBA5
S21401EA00002601908A462C463046DFF8D8B006F13B
S21401EA1010031B015BF8033003F00308B8F1010F84
S21401EA2015D13046FFF794FB02460B460198514636
S21401EA30FFF716F9DBF8643006F10802D340DB076E
S21401EA4039D5002F40D000252C463E604046013681
S21401EA50082EDCD160B3234A0027D2F808C0916B98
S21401EA600CF440330131A4FB0141641941F100016A
S21401EA70B3F5003F30D1536B0CF4405C013347F1E2
S21401EA800006BCF5805F22D1156B15F5807505FB78
S21401EA9006F647F1000203FB0266A5FB0332324489
S21401EAA0594304FB0212A3FB04341444C9E900349D
S21401EAB003B0BDE8F08FA84271EB0403C6D207B1DC
S21401EAC03E6005460C46C1E73D463C46BEE732027F
S21401EAD042EA13621B02E3E7136B13F5807347F1F7
S21401EAE00002DDE700C001B808B51AF057FC044B78
S21401EAF05A7C012302329340024A536108BD00BF8B
S21401EB00C44F0020002000582DE9F34105460F466A
S21401EB1068461146FFF76CFF0646B0B1AFB1DDE9B6
S21401EB2000321B0A43EA0263A5FB0384094B120A5F
S21401EB3005FB02441A6812B91AF01AFC02460023B1
S21401EB4040462146FAF792FE3860304602B0BDE8EC
S21401EB50F08100BF544F002037B50446FFF70EFC86
S21401EB60E17822791B4841EA0243C0F8CC34E579C2
S21401EB70A37943EA0543C0F8D03423784BB18DF826
S21401EB80041004218DF805200DEB01000022E8F7A2
S21401EB90F1FA63785BB10421A37900228DF8043081
S21401EBA0E3790DEB01008DF80530E8F7E3FA2278FA
S21401EBB001235AB1084AC2F8C834627802233AB12E
S21401EBC0054A0020C2F8C83403B030BD034AF2E754
S21401EBD0024AF6E700C0035000D0035000E003509D
S21401EBE070B52C4B0C461A7812B92B4A926D1A70D6
S21401EBF02A4AD26F52054AD51D78294B05F00F06D1
S21401EC00B0FBF3F040434FEA151505D140F27C62A4
S21401EC102B21FCF707F80120224A0A217243B2FB96
S21401EC20F0F34843B3FBF1F602EB5002B2FBF0F20D
S21401EC3001FB1633042BD2B207D8C3EB8310C3EB08
S21401EC4080035BB283B96DB217E0C3F10B0303EB2C
S21401EC508303DBB2B3FBF1F32B44DDB20F2DF2D904
S21401EC60013AD2B2053DEEE7053B5BB293FBF1F309
S21401EC701D44EBB26DB2002D04DB002042EA051202
S21401EC80226070BD01320533D2B25DB2F5E70220D3
S21401EC90F7E700BF0B5F0020008001B8000002B854
S21401ECA0403B2500809698004FF0000C2DE9F84F68
S21401ECB0A2FB017BC84EDFF85CE3BE1999466BF1F7
S21401ECC00003B6457CEB030308D240F23E220E2138
S21401ECD06046FBF7A7FF0220BDE8F88FD0F8E4A056
S21401ECE00C461546BAF1000F04D0DAF80030032BB3
S21401ECF000F21B81B94BBA4A9B6BD2F8FCA0C3F356
S21401ED001408B84BD3F8EC305E00B64B48BF48F455
S21401ED1000181B6E48EA456858074EBF4FF440037B
S21401ED209B0503F0E07348EA03081DF093F8012DF4
S21401ED300646D0D10028CED0AB4B984200F00481D5
S21401ED4003F5122303F5F863984200F00381A74BFD
S21401ED50984200F02F81002502462B4600204FF0F6
S21401ED600071FAF783FD2B46013007FB03F3C8F366
S21401ED70130100FB0B33A1FB0662A7FB007001FB2E
S21401ED800522034420339B09C9F80030F60C984B42
S21401ED9046EA423618F4801F1C6008BF7642954B3F
S21401EDA0954DC9F8144034441E602C60BAF1000F2A
S21401EDB000F0B98000239149C8F381528A5C194654
S21401EDC018F0807F18BF6408002EB8BF76429206FE
S21401EDD06008C2FB06012246FAF748FDDAF8003061
S21401EDE00E2B08D97F4B7D4A926BD969D3F80C312B
S21401EDF0C90600F1D68018F4001814BFC42240F2E8
S21401EE0007127F49C0F31300A1FB04614FEA5111B9
S21401EE1002FB01F1C9F80400DAF818004FF4FA739E
S21401EE20B1FBF0F118BF4FF0000801FB03F3A4FBA0
S21401EE300262FA33A3FB003004FB0822B34290417E
S21401EE4038BF0131C9B241F4006CC9F808C00029C5
S21401EE507ED0DAF81C00A1FB003624B1B4FA84F2A5
S21401EE600E2A40F38880E203002E77D1B2FBF3F23C
S21401EE70530003FB0113A3FB00764FEA044EBE4585
S21401EE804FEA144474EB060609D34E003344A0FB44
S21401EE900371BE4574EB010102F10102F6D2C2F321
S21401EEA00E024CEA023C4CF00063C9F808301CF034
S21401EEB0D1FF2B68002B00F08880B3FA83F4D4F1DD
S21401EEC002044CBF1C4623FA04F44E4B9C4288BFF6
S21401EED06408002846D0B4FBF0F3642100FB13421B
S21401EEE001FB02F2904244D85A1E52085B08013BCD
S21401EEF0120242EA0313C9F80C301CF077FF00280F
S21401EF005CD0B4FBF0F2642100FB124401FB04F474
S21401EF10A0425ED8531E5B085208013A1B0243EA20
S21401EF200213C9F810300020D6E6042BDAF8288040
S21401EF307FF4FBAE18F0807F0CBF08F0E0734FF44F
S21401EF40400328F0E078EEE600232F481D460CE744
S21401EF502120C1E600232D481D4606E70B46002268
S21401EF6089E7044640F2C2422B210020FBF75AFEF5
S21401EF702346013BB8E7C2F10F0702F1110E06FA6C
S21401EF800EFEFB4043EA0E03A7F1200E26FA0EFE04
S21401EF9043EA0E03FE40013304FA02F246F100068C
S21401EFA062E702F4801203F400131A4308BFC0F5A7
S21401EFB0801020E7002316481D46D6E640F2E542BB
S21401EFC02B21FBF72FFE621EA4E70028C9D01C46A2
S21401EFD0CFE71446F7E700BF006CCA88008001B887
S21401EFE0001F00B0004001B800F04902005A62025A
S21401EFF0A04F00209C4F0020984F0020A0A50400A1
S21401F000D34D62103FBE40250A3BB2DF313641DCAC
S21401F010D694BFD6807C814A10B50B46044686B08E
S21401F02039B98279016821486B460068FFF73CFED2
S21401F0306B461F4A196851631E4AD2F8FC2062B318
S21401F0405A6842B11C4A1D49C2F80C115968A2F50A
S21401F0508052C2F80C119A6842B1174A1849C2F890
S21401F060EC109968A2F58052C2F8EC101549D868E0
S21401F070D1F8642122F4EE620243C1F86421D1F88A
S21401F0805C21186922F4EE620243C1F85C21A1F505
S21401F090FF4158692839FFF7A3FD0020A2880A4BD3
S21401F0A09A6203F5A033186406B010BDE04F002045
S21401F0B0008001B8001F00B0006001B8FFFF0F001C
S21401F0C0FFF8FF0F000002B8004000B84FF480625E
S21401F0D0014BDA67704700BF001002B84FF4806238
S21401F0E0034BDA67034B1B780BB1034A93657047F2
S21401F0F0002002B80B5F0020008001B840B1036811
S21401F100012B05D90069034B002808BF1846704734
S21401F11000487047A8A5040010B590B10468012CFA
S21401F1200FD902696AB11168094B102C1960516830
S21401F1305960916888BFD268996094BFD960DA60D7
S21401F14010BD102200210248FAF7FCFEF8E700BFC6
S21401F150A84F0020084BC1171A68A2FB000302FB48
S21401F160013310F1807043F10003400E40EAC310F2
S21401F170803820EAE0707047B84F00200722164B0F
S21401F18070B5DA66154B164A1D68164BEC08E00595
S21401F190C0184FEA153141F100010023FAF766FB6A
S21401F1A0114B124E18604EF66020FFF7D3FF404217
S21401F1B0C6F884000E48FEF7EDFF024658B1E3019B
S21401F1C0500818184FEA15714FF0000341F100017D
S21401F1D0FAF74CFBF06570BD000002B8544F0020F2
S21401F1E065CD1D00B2E60E00B84F0020001F00B02E
S21401F1F040420F0010B5044698B10B4BD3F8FC0003
S21401F200FFF78AFF4FF47A7303FB04F0074BA0F66F
S21401F210AC50DA689B681044C01ABDE81040FFF78E
S21401F22099BF4EF66020F8E7001F00B0A84F0020F7
S21401F2302DE9F8430546084614461E46FFF76CFFBF
S21401F2400DB306F0020716F004061ED1DFB14FF427
S21401F2507A706B685843002B40F08C80FFF77AFF7A
S21401F26060626B69002B00F08C804B4AD0684FF4CB
S21401F2707A7202FB0300A0F503501038FFF76AFF0D
S21401F2802062002E57D1BDE8F8832869002868D08F
S21401F2904FF47A735843404BA0F6AC509B68C01AA3
S21401F2A0FFF758FFE061A88B00285DD04FF47A7312
S21401F2B05843394BA0F6AC509B68C01AFFF74AFF7B
S21401F2C02061364BE968D3F8008000294FD04FF40F
S21401F2D07A735943304BA1F6AC519A685B68891A28
S21401F2E0C91A2F4BC8171A68DFF8BC90A2FB011386
S21401F2F002FB003311F1807143F10003490E41EA2C
S21401F300C3118039274B6161DB6EA361D9F80030E8
S21401F31053B1404619F0C2FE30B12246D9F800304A
S21401F3201D49D8F8D80098470021A869FFF762FF61
S21401F330A062002F8BD1A86830BB47F23050FFF790
S21401F34009FFA0604FF47A702B6858432BB1124B1B
S21401F3501B6803F51C5310331844FFF7FBFEE060EF
S21401F36091E74EF660209BE74EF66020A6E74EF644
S21401F3706021B6E7084B1B6803F51C53103318448D
S21401F3806CE747F2305079E74FF47A735843A0F5AB
S21401F39003501038D3E700BFA84F0020E04F0020ED
S21401F3A0B84F0020001F00B0A44F002038B5054616
S21401F3B008461C4619F094FF0246D5F8E400FFF70C
S21401F3C09DFE4368A018002B044AA8BF4FF4FA72AA
S21401F3D01A44034B92FBF3F2104438BD0CFEFFFFB8
S21401F3E018FCFFFF70B5124C88B001AD0FCC0FC5ED
S21401F3F094E8070085E807008C2200210D48FAF7FB
S21401F400A1FDD42200210C48FAF79CFD0B4B0C4AB7
S21401F4105A6301F04DFA0B4B1B783BB1044E01AD1C
S21401F4200FCD0FC695E8070084E8070008B070BD49
S21401F430C41F00B0A01E00B02C1F00B0001F00B0FB
S21401F44010111111FE5E002008B51EF02AFC0E4BAD
S21401F4501A78A2B90D4A126812F4843F0FD10C4AE9
S21401F4601021D1671B7863B9084B1B68DB0508D4EC
S21401F470074B2022DA67BDE808401EF00DBC054A9E
S21401F480EEE7044BF5E700BF115F002048160020A9
S21401F490002002B8001002B80A4B197801F0FF02EA
S21401F4A029B10021197008499202C1F8B42059788F
S21401F4B001F0FF0229B1002159709302024AC2F8F5
S21401F4C0B83070470C5F0020005000B8064BD3F8E8
S21401F4D0D80E064B5B6F1A0103D4054B9B6E1B04BB
S21401F4E001D500F580707047001000B0000002B82A
S21401F4F0004000B810B51EF0D4FB0E2104460320D0
S21401F500FFF7FCF840F20122034B2046BDE810400D
S21401F510DA621EF0C1BB00BF004000B808B51EF09D
S21401F520C0FB4FF00042224BC3F88020BFF34F8F41
S21401F530BFF36F8F0122C3F88420BFF34F8FBFF351
S21401F5406F8F0222C3F88420BFF34F8FBFF36F8FF4
S21401F5500422C3F88420BFF34F8FBFF36F8F0822B6
S21401F560C3F88420BFF34F8FBFF36F8F1022C3F809
S21401F5708420BFF34F8FBFF36F8F2022C3F8842000
S21401F580BFF34F8FBFF36F8F4022C3F88420BFF3C2
S21401F5904F8FBFF36F8F4FF48072C3F88420BFF391
S21401F5A04F8FBFF36F8FBDE808401EF075BB00BFDD
S21401F5B000E100E008B51EF074FB4FF00042094B75
S21401F5C01A6001225A6004225A6008225A601022E8
S21401F5D05A6020225A6040225A60BDE808401EF058
S21401F5E05BBB00BF00E100E0012370B5074C237050
S21401F5F0074B1E68074B3240D3E900531940284099
S21401F600FCF7F8FC0023237070BD00BF0F5F0020DD
S21401F610C04F0020481600200022044B1A70044BED
S21401F620197811B11A70FFF70FBF7047105F0020ED
S21401F630115F00202DE9F047DDF820A003EA01085C
S21401F640099B06460C4602EA000703EA0A09BAF1D4
S21401F650000F40F04E81031F0B4300F00E8105287A
S21401F66071F1000380F0E48050EA010300F060814C
S21401F670431E0B4300F02481FFF750FFAD4AD2E949
S21401F680005323EA040325EA06053D4343EA080737
S21401F690A94BC2E900571E68DFF8F48226EA0A067B
S21401F6A046EA09061E60FFF7CFFE15F02A4F14BF83
S21401F6B048F202034FF40043A04AB007D26EA048B6
S21401F6C048BF43F4005383EA020122EA0302C266FA
S21401F6D09C4A0B408166D366C5F380421203290318
S21401F6E048BF42F48072EB0648BF42F40052964B84
S21401F6F0AC0648BF42F400726806D3F80C3248BF25
S21401F70042F48062290648BF42F400628F4882EACA
S21401F710030123EA0203C0F80C328D4B0A40C7F3FB
S21401F7204024A404C0F80812C3F80C22EA0448BF17
S21401F73044F48034AB0348BF44F48014A80748BFA0
S21401F74044F4800415F4001F06D0D8F8000019F020
S21401F750FBFE08B944F40024E90248BF44F400342F
S21401F760FA0648BF44F4000473077A4B48BF44F0D6
S21401F77004041A6A44F4001484EA020323F0010321
S21401F78075491A400A621C40CB61744B16F0010F92
S21401F7901C62734B734A18BF1A46734B7C071B6F68
S21401F7A048BF42F00062714882EA030123EA02037D
S21401F7B003676F4B0A4041661A676E4A05F00103FC
S21401F7C0516CA0F5803081EA030221EA030141640D
S21401F7D082631A40684B28025A64D8F8002048BF52
S21401F7E0664B92F8F62058BF654B690748BF43F44D
S21401F7F0806322B115F4C06F18BF43F480733207DB
S21401F800604A48BF43F00043D2F8EC105E4883EAF2
S21401F810010222F4A0221140C0F8EC101340C0F8F7
S21401F820E0205A4ABDE8F047C2F8EC30FFF7C2BE06
S21401F830A0F580630B4306D020F48063A3F5007324
S21401F8400B437FF419AF1EF02CFA3A49D1E9003286
S21401F85023EA060322EA040242EA08023B43C1E91C
S21401F86000324B4A126892F8F610474A09B313F46D
S21401F870C06F1ED04FF4807311E01EF012FA2D4AAD
S21401F880D2E9003123F004033B4341EA080157EA79
S21401F8900807C2E900314FF480633B4A0BD0C2F837
S21401F8A0E030A2F58052C2F8EC30BDE8F0471EF019
S21401F8B0F3B94FF48073C2F8EC30C2F8E030F4E7E5
S21401F8C01EF0EFF91B4AD2E9003123F001033B4356
S21401F8D041EA0801C2E9003101232E4A57EA080726
S21401F8E01BBF9363A2F580525364536408BF9363AE
S21401F8F0DBE750EA01037FF4BFAEBAF1010F7FF4F4
S21401F900BBAE1EF0CEF90C4A136823F0010343EA9E
S21401F910090313604FF48063144AB9F1000F04D051
S21401F9205366A2F580521367BFE713675366BCE7B9
S21401F930BDE8F08748160020C04F0020004000B800
S21401F940006000B8005000B8004001B8006001B87F
S21401F950005001B8000002B8002002B8001002B83A
S21401F960041C00030418000300C001B800E001B83D
S21401F97000D001B800C000B800D000B80D0A0A09CE
S21401F980090A0A090040005400600054005000545F
S21401F990E04F002000E000B8024B5868C0F3C000FA
S21401F9A0704700BF48160020024B186800F001009F
S21401F9B0704700BF48160020024B5868C0F3C0309D
S21401F9C0704700BF4816002010B50446FEF700FD3C
S21401F9D0FFF7A4FD2046FDF7BDF8FEF7A5FCFEF7F0
S21401F9E0ABF8FEF71DF9FFF7C9FB13490723134AC6
S21401F9F0D1F8FC1004F1F800FFF71AFC4FF0807103
S21401FA000020FEF7E7FB4FF000720D4B4FF400119C
S21401FA100120C3F80021FEF7DDFBFEF7D7FF20B972
S21401FA2040F292321421FBF7FDF819F0C0FCBDE854
S21401FA3010400120FDF766BF001F00B0581F00B040
S21401FA4000D001B88023074A1367082340B1136723
S21401FA50054AD2F8A03023F02003C2F8A030704740
S21401FA60024AF4E7001002B8001E00B0002002B8F7
S21401FA7010B51EF016F9012104460020FFF7E2FF3B
S21401FA80044B1961044B5B6898472046BDE810405B
S21401FA901EF002B9000002B88C650020F8B5194CBA
S21401FAA00546207840F2E442B0FA80F03E21400953
S21401FAB0FBF7B8F855B9607840F2E442BDE8F84083
S21401FAC0B0FA80F03E214009FBF7ACB84FF440662F
S21401FAD00D4F0E4DD7F8B43040F2E442C3F3812304
S21401FAE02370C5F8B46060783E21B0FA80F0400912
S21401FAF0FBF798F8D7F8B830C3F381236370C5F8DD
S21401FB00B860F8BD0C5F0020004000B8006000B887
S21401FB10F8B5084C084D236F0423084F2B67236F55
S21401FB205B0300D4F8BD042602203E6719F0BCFB37
S21401FB302E67F4E7000002B8001002B8002002B8F1
S21401FB40A82238B51A4B1D6F03F500531A67102209
S21401FB509A60A3F5804302F100521A675A66FFF7CE
S21401FB609BFC144B1B7813B90320FEF78BF800247B
S21401FB70114B9C67FFF7CCFF104A114BD2F8D81EE9
S21401FB800B40C2F8D83E04220E4B1A670E4BAA064B
S21401FB90C3F8AC4008D503F58073DB6CB3F5817F01
S21401FBA022BF8022024B1A61BDE83840FCF7C2BB77
S21401FBB0000002B80E5F002000C001B8001000B0BF
S21401FBC0DF0000FF002002B8001E00B010B549B9E2
S21401FBD030B3164AD3681B0E13F00E0F20D193686C
S21401FBE09A061DD4FFF786FC104C0020FEF72AFE6D
S21401FBF0032801D0092805D1636FDB03F5D4E36D33
S21401FC000C2BF2D9FFF784FF4FF40072084BDA622F
S21401FC10012203F5E8335A61042203F580531A677B
S21401FC204FF4C062034BDA6210BD00BF000002B899
S21401FC30004000B8006001B808B503210920FEF7AE
S21401FC405DFD2022014B1A6108BD00BF000002B80D
S21401FC5038B505461EF025F80E4B04461868FDF724
S21401FC6045F835B1FFF7D8FC2046BDE838401EF010
S21401FC7013B8094B1B78002BF6D0084B1D78002DC6
S21401FC80F2D1FFF7C9FC2A464FF480400021FFF766
S21401FC90ABFCE9E7E04F0020105F00200F5F00207B
S21401FCA02DE9F84F5C4B06460D4614461B6F002A9D
S21401FCB040F0AE8013F0A00F14BF4FF001094FF0D3
S21401FCC00009FCF737FBA0234FF0000ADFF8688134
S21401FCD00320C8F87030FDF7D5FF0420FDF7D2FFEA
S21401FCE04E4FFFF799FC4E4B4FF0040B7B67C7F85E
S21401FCF078A0FFF70DFF4B4B4FF48071D3F8A0208F
S21401FD00494842F02002C3F8A020FF22C8F8082084
S21401FD10414A1161D0F8D82E44491140C0F8D81E86
S21401FD20C8F870B0C3F8ACA07B6913F0060F04D016
S21401FD30FEF75CFA5846FDF7A5FFB9F1000F08D0AB
S21401FD404FF400623A4B1A674FF40042A3F5E033D2
S21401FD509A6666B1374BDB6C180701D4FFF7CAFB0E
S21401FD60FFF76AFF0420FDF78DFFFFF795FB2A4B8F
S21401FD705A69D10747D5DA6812F0706FFBD12E4B5E
S21401FD802E4A1A672E4AD36B23F0F003D36315B1BC
S21401FD902046FFF75DFF2B4BD3F84C315A1C01D0A0
S21401FDA05B0002D50122244B5A6164B3214BDA6E03
S21401FDB003F500539A6603F5D0331B6A1E4A23F0F7
S21401FDC00103D361204BD3F80C1203F50053C3F89B
S21401FDD0081203F50053D3F8841003F5005399670E
S21401FDE01A4BD3F8EC1003F50053C3F8E010184B88
S21401FDF0596C03F500539963164903F58033596628
S21401FE004FF6084313670020BDE8F84FFCF736BDF0
S21401FE104FF0000955E700BF000002B800C001B866
S21401FE2000000101001E00B0001000B0DF0000FF5E
S21401FE30001002B8004000B8002002B810003000E0
S21401FE40001F00B00080E00F004001B800400054E1
S21401FE5000C000B85000002F9B4B2DE9F04F9F6E5D
S21401FE60DB6E85B01F40994B9F66994BD3F8E050E7
S21401FE70D3F8EC301D40974BC3F8E050964BD3F8BF
S21401FE800822D3F80C3202EA0309944BC3F808920D
S21401FE9003F52043DA691B6A02EA0308904B08F46B
S21401FEA07702DA618F4BD3F80422D20605D4D3F851
S21401FEB00431C3F30016DB0651D51DF0F2FE8A4B62
S21401FEC05A695E6E1B6F12F0060F06EA0306874A32
S21401FED026F0007314BF4FF0010A4FF0000A23F416
S21401FEE000637407536604D5814A137D0133DBB280
S21401FEF013751DF0D1FE002F00F0E28017F40043C9
S21401FF0000F0D3801DF0CDFE0146FFF7DFFA044670
S21401FF10784BD3F800B0DBF80020DBF800309A42CB
S21401FF20FBD0DBF800209A42FBD0FFF7CFFAA042C5
S21401FF3017D108461DF0B0FE6F4B1C606F4BD3F80F
S21401FF4070B01BF4E0520ED124F07F4424F0DF049D
S21401FF500CB9FFF7F5FD4FF0807B002414E0B246A4
S21401FF60C9E70446D7E70192FFF7EAFD5C4B019A21
S21401FF701BF480541A6740F09A801BF4806F0CBF04
S21401FF804FF0805B4FF0806BB80715D55B4A54483D
S21401FF90126F02F460410167002900F08B801104A2
S21401FFA000F18B8012F4005F0CBF4FF000524FF04F
S21401FFB0006200244BEA020BC7F340377F00504A29
S21401FFC02A40002A4AD015F4206F0AD040F6A31220
S21401FFD006210020FAF726FE0020FFF739FE25F459
S21401FFE08025EB0506D5FF213D4A4BF4C06B916099
S21401FFF0FFF780FA15F0090F0AD040F6B81208216B
S2140200000020FAF70FFEFFF717FE0121304A1163B0
S21402001015F0106F0CD040F6C11209210020FAF735
S21402002001FEFFF709FE002211461046FCF736FED7
S21402003015F4202F0AD040F6C91207210020FAF73D
S214020040F1FD0020FFF704FE25F48025E80301D524
S214020050FCF768FF002DB8BF47F0080769070DD503
S2140200601B4AD26A12F4005F4FF4005217BF1949B6
S2140200702449CA624BF4000B08BFCA626A0548BF2D
S2140200804BF0040B15F48023019300F0A480FCF7D8
S21402009001FF0138062837D8DFE810F028012B01C7
S2140200A028012E013101340134019B4655E74FF0F9
S2140200B0804B52E74FF000727BE74FF0004278E742
S2140200C0BB463C467BE700BF004000B8006000B875
S2140200D00040005400600054004001B8006001B8BF
S2140200E0002002B800E100E000C001B800E001B85C
S2140200F0C44F00203CA50400BC4F0020000002B8FC
S214020100090B0B890050005440F6FA120321002016
S214020110FAF788FD01218548826ED0F8883002F011
S2140201200702063201FA02F2C3F30C0CA2EB0C022F
S21402013092B2072A12D97E4A126F53020ED47D4B10
S214020140826B806D5B6D5BB102F0070206329140F6
S214020150C0F30C00091A89B2072901D84BF4007BB8
S214020160754A1278002A36D0704AD2F8E02012F485
S214020170A02F30D1714A724912789AB9F20411D47A
S2140201800A787AB14FEADB026E4842EA447282F09B
S2140201900102D0F8D80E02F00102520020FA02F252
S2140201A0930718D10420FDF76DFD674A674850672C
S2140201B0FFF732FA62490A784AB9654A127832B1CA
S2140201C0644A654912680BEA02020A4201D14BF4FC
S2140201D0804B26F48056B9F1000F1DD019F4805FCB
S2140201E018BF4BF4802B19F4807F18BF4BF4002BFA
S2140201F019F4005F18BF4BF0100B19F4007F18BFFC
S2140202004BF0200B19F4806F18BF4BF0400B19F41B
S214020210006F18BF4BF0800BB8F1000F48D018F4EF
S214020220001F0AD04D4A13683BB1414A4C48116F31
S21402023000680022C1F3C061984718F4802F18BFE7
S21402024044F4007418F4803F18BF4BF4805B18F433
S214020250801F18BF4BF4003B18F4800F18BF4BF0FA
S214020260020B18F4003F18BF4BF4801B18F4000F63
S21402027018BF44F0100418F4002F19D0394AD2F8E7
S214020280A02012F0C00F13D02949CA68C2F3036235
S214020290032A01D0072A05D14A6FD00602D48A6FF4
S2140202A0120732D54FF400212F4A28F40028D161D4
S2140202B0002E00F01B81330540F18F802B48DFF8BB
S2140202C08890C2782A49002A58D04FF40063013A2F
S2140202D0D2B24B66C27032B9264A1278C2B140F622
S2140202E00141254A51670022002173E04BF4803B0E
S2140202F010E74BF4006B0DE74BF4806B0AE74BF408
S214020300807B07E74BF0080B04E74BF4001BCFE7B4
S214020310D9F8782012F4A05F15BF4FF4807240F629
S2140203200142C9F85820C9F87820DCE7004000549A
S214020330000002B8004000B8115F0020105F0020E5
S214020340135F0020001000B000C001B800000101D9
S214020350125F002048160020088D0100F44E00208F
S214020360E04F0020001E00B0002002B8025F00200E
S21402037000E001B80E5F002000D001B80320FDF7B0
S21402038081FCD9F81420A84B12F0060F04BF41F6E0
S2140203901F72A649A64808BF4A674FF40061A34ADF
S2140203A05166D9F8142012F0060208BFC9F8782060
S2140203B05A8A12F4006162D022F400625A820278EB
S2140203C002F0FF09002A5ED1FDF710FFFFF7B8FB27
S2140203D04A4620214BEA020B0C43B00009D52E20D8
S2140203E0FDF79EFB4FF00051904A44F00804116757
S2140203F05166F10606D52B20FDF792FB10218B4A9B
S2140204001167516616F0306F05D1F20463D5BAF162
S214020410000F00F0C080330117D52920FDF780FBBE
S214020420844A526C12B11021834A9160FFF7B4FAE3
S21402043048B1824A82487D494A66026700F54050C2
S214020440C068400422D444F0040416F0007A28D08F
S2140204500420FDF717FC2720FDF762FBFFF770FB71
S2140204604FF00071714A5166764AD2F8D82E52067B
S21402047079D40221704A916044F0020428E002789E
S2140204804FF40052A6E74FF400422DE70A672020F9
S2140204904A66FDF745FB2D2044F00C04FDF740FBB1
S2140204A0D3E716F0807FDFF88C9147D00420FDF763
S2140204B0E9FB2820FDF734FBD9F87820002A3AD148
S2140204C0FFF73EFB594A5D4944F001041167516645
S2140204D00021584A9165720508D55B498A78002A38
S2140204E000F0D880013A8A7000221743574AD2F8A1
S2140204F0A020130603D558462146FCF7C7F93A460C
S21402050058462146FFF770F8019B0BB1FCF7F8FC42
S21402051001224F4B05F00435C3F8E0504D4B18F45A
S214020520002FC3F884211EBF4FF40022424BDA612B
S21402053005B0BDE8F08FC9F878A0C3E7F104C7D5C7
S2140205400420FDF79FFB444AC9F87420FDF74EFECF
S214020550D9F8642012F0407FBAD12A20FDF7E0FADB
S214020560FFF7EEFA80E7394AD2F8A0108B0683D45A
S21402057002203A4988603A49096891F82510C80766
S2140205807FF57AAF92F8C420002A3FF475AF802137
S214020590344A116170E7344A1268013202D04BF0D5
S2140205A0010B98E728490A7952B1013AD2B20A7188
S2140205B012B9234A2D49516700224BEA020B8AE7F9
S2140205C00420FDF75FFB0320FDF75CFB194A224976
S2140205D051671DF066FB81460DF10F00FEF732F9FA
S2140205E0234A824612780AB1FEF784FFBAF1030F55
S2140205F00ED1DFF870A00020FEF724F9032807D1F9
S214020600DAF87420D103F6D4DAF85C200C2AF2D990
S2140206109DF80F20032A2FD10121164A4846117051
S2140206201DF03AFBC8E700BFC44F002000E001B847
S2140206300E5F002000C001B8002002B810000020A3
S21402064000D001B8001000B0025F0020001E00B00B
S2140206500060005400E100E000000101001002B852
S214020660E04F0020000002B8946500200000010D53
S214020670145F0020105F0020094AD2F8E02012F42E
S214020680A02FC9D1FEF7C8FF48461DF005FB4FF460
S214020690804292E70220FDF7F5FA012225E700BF25
S2140206A0004000540122024B1A62DA61704700BF12
S2140206B0002002B80D4B10B5DC691A6A14400C4AC9
S2140206C024F47F01D161E20706D5D9684FF0FF30E6
S2140206D0C1F3036118F075FE630706D5BDE8104046
S2140206E0042200200021FEF77FBF10BD000002B8E2
S2140206F0002002B80C4A08B5936B526C13400B4AA2
S2140207009363DB070FD50A4B40F663421878122133
S21402071000F00100FAF786FABDE808400022012040
S2140207200021FEF761BF08BD00C000B800E000B8B7
S21402073048160020054AD2F88430DB07FBD4936FB4
S214020740D2F884201340024A93677047008001B8AB
S21402075000A001B870B514460D461DF0A2FA064B6D
S214020760D3F8A06074402C407440C3F8A0401DF03B
S21402077093FA06EA050070BD001E00B0034BD3F8DC
S214020780A03099430CBF012000207047001E00B025
S2140207902DE9F04117460A43012A1D469DF81840E6
S2140207A09DF81C60DDF8208029D8B44227D2082E96
S2140207B025D8032B23D8B8F1000F20D00A460021F3
S2140207C0FBF71CFDFF21EB009940C943DFF834C05C
S2140207D008F1FF38FF00E2B2964202D80020BDE8D8
S2140207E0F0813D190CEB8505D5F8E02018F8010FCD
S2140207F00A4098401043C5F8E0000134EBE7212098
S214020800EDE700BF001E00B0034B1868034B00283C
S21402081008BF1846704700BFDC4F00208CC6040095
S2140208202DE9F843DFF860900646D9F800800846BE
S2140208301746B8F1000F03D00E242046BDE8F88311
S21402084006B3336801331DD1E1B1FAF70DF8054658
S2140208500028F1D0C9F80000FAF72CF8284618F05C
S214020860C4F8044640B14046C9F80080FAF722F8B8
S214020870284618F0B5F8E0E73560002FDDD02846A8
S214020880B847DAE72124D8E7E04F0020024B186881
S214020890003818BF01207047E04F0020002108B53D
S2140208A0024B08465B689847002008BD8C6500200E
S2140208B00523064AA2F84A3092F8493003F00103AB
S2140208C063F0730382F84930704700BF001F00B020
S2140208D00023F0B585B0CDE901330393124B134DD7
S2140208E01B78134E8DF804301DF0E8F92A78337819
S2140208F004469A420F4F0CD03178386801AA297004
S21402090018F094FD50B140F608210B481DF0C8FAC5
S21402091004E0386818F06AFD0128EDD020461DF084
S214020920C8F905B0F0BD00BFAB680020E268002041
S214020930E3680020FC4F00205A7B0400F8B52B4BDE
S2140209401B7823B140F6FC3129481DF0A9FA1DF0A8
S214020950B5F9284B07461C8814F0060409D0012175
S2140209604FF480701CF05EF93846BDE8F8401DF082
S214020970A0B921464FF480701CF054F9204600F0CE
S214020980ABFF022808D180221B4B8021186818F082
S214020990F6F8FFF79DFFE7E7204600F09DFF0546C5
S2140209A038B1012807D040F6314111481DF078FAD7
S2140209B0DAE70246E8E7FF220F4E104B30681A705D
S2140209C0FFF76CFF306818F011FD0128CCD02A46DC
S2140209D02946306818F00CFD21462C201CF04EF9F2
S2140209E021460A201CF04AF9BEE700BF1A5F002023
S2140209F05A7B0400CA570020FC4F0020E268002001
S214020A00002101481CF054BF0C6600207F2837B531
S214020A10044610D14FF6FF73022217480DF1060165
S214020A20ADF80630EBF722F9BDF80640E2054CBFFA
S214020A306FF04A0464B21DF041F9104B05461C7073
S214020A400F4B1B88DB0710D50E4B1B78002B0E4B6B
S214020A500CBF21466FF07F01186818F0B5F820B178
S214020A6040F6786109481DF01BFA284603B0BDE837
S214020A7030401DF01EB900BF641002C0DA680020C4
S214020A80CA5700201B5F0020FC4F00205A7B040040
S214020A9010B513F08CFC60B113F08BFC0B4A80B1DE
S214020AA041F20D03BDE8104041F20D0107481CF06B
S214020AB00BBA074B1A781B799A4204D100220023FC
S214020AC0F0E70D23EEE7034AF9E700BF400D030007
S214020AD0AB680020488D0100F8B5164E0D463378F7
S214020AE002F0010423B140F2C53113481DF0D8F9D3
S214020AF0124B134F1D60134DA4B1134B997801B1DD
S214020B00012120201CF08EF82B783B700F4B1C78AE
S214020B100F4B00211C70042333700E48BDE8F840CA
S214020B201CF0C6BE214620201CF07CF82B783B70B9
S214020B30EEE700BF1A5F00205A7B0400EC4F00204D
S214020B40175F0020E4680020F04F0020185F0020A6
S214020B50195F00200C6600202DE9F8431DF0AEF860
S214020B60DFF8A0810546B8F80030614C13F4807FA8
S214020B7003D0237873BBFFF7E1FE002108461CF082
S214020B807DF85C4B1A78FF2A13D01A7802F0FF061B
S214020B9032BBFF221A702378052B0AD1002328467F
S214020BA023701DF086F8304618F0D0FC1DF086F84B
S214020BB005462378504E062B09D13378FF2B06D0F4
S214020BC03378022B15D100214C481CF071FEFF230E
S214020BD033702BE000214FF480701CF023F8CCE732
S214020BE01A78012A4FF0FF0214BF33264C261A70D9
S214020BF0D4E7337813B13378012B22D11CF0B2F844
S214020C0007463E4896F8009001F0DCFBFF235FFAA9
S214020C1089F9337077B1B9F1010F44D164213748AD
S214020C2084F800901CF044FEFFF752FE28461DF0A2
S214020C3040F806E0284627701DF03BF8384618F0C4
S214020C4085FCB8F800301B0605D5002180201BF075
S214020C50E9FF16F06FFF01F0F1FA294E308000B37B
S214020C602778012F42D11CF037FD054610B301301C
S214020C701DF0F4F900F44060B0F5006F1AD10422BA
S214020C80394628461CF068FC28441DF0E7F94FF662
S214020C90FF7398420ED10020318800F0FFFC00233B
S214020CA03380BDE8F8830023284623701DF001F840
S214020CB03F20C4E7114801F085FB00210846217059
S214020CC0012500F09DFC23780BB9FFF737FE0020C4
S214020CD0318800F0E3FC00233380002DE1D0207839
S214020CE00028DED1BDE8F84318F07BBD0025EAE710
S214020CF01A5F0020E1680020E06800200C660020F1
S214020D00C8570020CA57002008B513460A46194697
S214020D10064B186817F0E5FF30B1BDE8084040F210
S214020D20F44103481DF0BCB808BD00BFFC4F0020CC
S214020D305A7B040008B513460A461946064B18683D
S214020D4017F0C9FF30B1BDE8084040F2FB41034846
S214020D501DF0A6B808BD00BFFC4F00205A7B040059
S214020D60024B1878431E5842584170471A5F0020BB
S214020D7008B5064B1B7823B140F2255104481DF0F6
S214020D808FF8FFF7DBFD002008BD00BF1A5F0020CA
S214020D905A7B040008B5054B01EB8101186849002F
S214020DA017F014FF002818BF212008BDFC4F0020B2
S214020DB008B5044B1868F9F70FFF0A2390FBF3F007
S214020DC040B208BDFC4F0020014B1878704700BFA8
S214020DD0E368002008B5044B186817F062FEB0FA04
S214020DE080F0400908BD00BFFC4F002038B5124D08
S214020DF00C462B78012B04D940F246510F481DF0C1
S214020E004FF821460020FFF7E5FF90B10C4B1C700F
S214020E102B785BB9FFF792FD0A4B93F900100A4B49
S214020E20C901186817F0A6FE002038BDFFF750FD6E
S214020E30F2E72120F9E700BF1A5F00205A7B040080
S214020E40E36800201C5F0020FC4F002008B5074B1B
S214020E50186817F024FE30B1054BB3FBF0F083B2EE
S214020E600BB1184608BD0120FCE700BFFC4F00206E
S214020E7040420F002DE9F3475C4E01201DF00DF8AD
S214020E803388990704D440F63F4159481DF008F8C4
S214020E90DFF8808198F80030053B012B04D940F634
S214020EA0414153481CF0FCFF524F3B6823B940F6C1
S214020EB044414F481CF0F4FF348814F0200478D0E4
S214020EC0012122201BF0DAFE4FF47A74FFF7BEFFF0
S214020ED03B681B780933434304EBC30498F800309D
S214020EE0A5B2062B0BD11CF005FB0446FFF7AEFF9E
S214020EF0602358430C2303FB0400284485B2D7F82A
S214020F0000903D4B99F800801C7808F1FF381FFAD4
S214020F1088F8002C52D133885A0505D409F101000D
S214020F201DF09CF8C0F340143449354A887812788C
S214020F304B7812FB00F2334F93423B70A4BF9B1ACE
S214020F403B703B78CA78BD60934238BF13463B700D
S214020F5013F035FA002833D013F02FFA012814BF05
S214020F601025082525430023DFF8ACA00093802235
S214020F7043464946DAF8000017F05AFE20B14FF40D
S214020F803B611B481CF08CFF1F4BDAF800001978F7
S214020F901E4B197033889B0614D52A461C4B0097A5
S214020FA018F042FAC0B9002002B0BDE8F0471CF0C3
S214020FB074BF214622201BF061FE87E70024B3E7B8
S214020FC02546D0E72A460F4B18F02CFA014618B9E8
S214020FD025201BF053FEE6E7214626201BF04EFE98
S214020FE040F6F43102481CF05BFFDCE7CA570020EB
S214020FF05A7B0400EC4F00201D5F0020AB680020E7
S214021000175F0020BC650020E3680020E26800202D
S214021010F04F00201A5F0020FC4F0020184B10B53E
S2140210201B889B0704D440F6A66116481CF038FFBE
S214021030154B1B78053B012B04D940F6A7611148D6
S2140210401CF02EFF114B1B6823B940F6A9610D4810
S2140210501CF026FF00240E4B0E4921201C701BF0AC
S2140210600DFE014618B9BDE81040FFF703BF02287F
S21402107004D12046BDE810401BF096BE10BD00BF4E
S214021080CA5700205A7B04001A5F0020EC4F00204B
S214021090155F002035120200F8B55A4C23889A07CD
S2140210A004D54FF43E7158481CF0FAFE574801F03A
S2140210B089F91CF003FE238805465B070DD54FF021
S2140210C0FF3017F0FCFD524B1B68C01AB0F5717F5B
S2140210D003D9002104201BF0A5FD28464D4D1CF027
S2140210E0E8FD2B78042B32D11CF0E8FD2388064657
S2140210F05F0708D5454800211CF0DAFB3046BDE8FC
S214021100F8401CF0D6BD1CF0D4FD1CF0D7FD424BB7
S21402111006461B78414F13B9238859050FD5052378
S214021120012102202B701BF07DFDFFF777FF304672
S2140211301CF0BFFD3B68DA78394B1A70F8BD386888
S21402114001301CF08BFF8206E9D50623E8E7062B62
S2140211504DD1344B1B78FF2BF0D1334E13F031F9BF
S2140211603378002B3DD01CF0A9FD238805465B078B
S21402117005D5264800211CF09BFB2846BFE71CF03D
S21402118098FD3378013B33701CF098FD044601212C
S21402119002201BF047FDFFF741FF20461F4C1CF0C4
S2140211A088FD206801301CF059FF00F44060B0F55D
S2140211B0006F13D124680121042220461CF0CCF9CA
S2140211C020441CF04BFF0146184B04201A78337853
S2140211D0D21AD2B2BDE8F8401CF009BF4FF6FF7132
S2140211E0F2E740202B70BDE8F84018F0AFB9012BAB
S2140211F0A4D100232B700E4B1868FFF74FFB3F203D
S214021200F1E700BFCA5700205A7B04000C66002094
S214021210E84F00201A5F00201D5F0020EC4F0020E0
S214021220165F0020E0680020175F0020E4680020B8
S214021230FC4F002008B50A4B1A7882B90122102802
S2140212401A7004D040F69D6106481CF029FE002163
S21402125020201BF0E7FCBDE80840FFF70BBE08BDE8
S214021260155F00205A7B040008B5094B1B88DB0675
S21402127004D440F2C35107481CF012FE102000218D
S2140212801BF0D0FC044B1868BDE8084018F0C3B841
S214021290CA5700205A7B0400FC4F0020012208B5E2
S2140212A0074B1146186818F0A3F800212C201BF0F3
S2140212B0E5FCBDE8084000210A201BF0DFBC00BFA9
S2140212C0FC4F0020014B4008185C7047DC68002089
S2140212D008B513460A461946064B186817F007FD66
S2140212E030B1BDE8084040F6E94103481CF0D8BDDD
S2140212F008BD00BFFC4F00205A7B040008B5044B13
S214021300186818F073F8013818BF012008BD00BF2E
S214021310FC4F0020054B10B54C00224601461868CB
S21402132017F042FC031B5842584110BDFC4F0020E8
S21402133070B505461CF0C2FC0E4B0F4E1B880446C9
S214021340DA07357008D50D4B0D4D1B78012B08D9E1
S2140213500121286818F0F4F82046BDE870401CF019
S214021360A8BC1BB113F021F8C305F1D4317881F083
S2140213700101EEE7CA570020DB6800201B5F002051
S214021380FC4F00200C4B10B51B880446DB0711D51A
S214021390FFF77EFB094B84F0010208211868D20091
S2140213A017F0EDFB30B1BDE8104040F63671044848
S2140213B01CF076BD10BD00BFCA570020FC4F0020AF
S2140213C05A7B040008B5044B0146186817F09AFCCD
S2140213D0003818BF012008BDFC4F002010B50A4C8B
S2140213E023787BB1FFF75AFF002104201BF01AFC7A
S2140213F0002102201BF016FC00232370BDE81040DB
S214021400FFF79CBA10BD00BF1A5F002038B5094826
S21402141000F0E8FC0024084D95F84430E0B2834220
S21402142000D838BD05EBC000043000F0DBFC013408
S214021430F2E700BFA05000200050002008B510467A
S21402144002494822F8F70EFF002008BD5850002037
S21402145008B505481CF094FE014620B9BDE80840D0
S21402146001481CF025BA08BD2C660020002238B5BB
S2140214701C4B15461C461A700132082A5D609D8078
S21402148043F8085FF8D1482200211748F8F75AFDBA
S2140214904FF6FE73A4F868306FF48033E365134B9F
S2140214A000211A88124B1868F8F74CFD114BC4E954
S2140214B01255C4E9283584F8445084F850506565BE
S2140214C084F8A850E9F73CFFFF220B4B0121187065
S2140214D00A4B00201A70E3F7D7FA0020FFF7B8FF8E
S2140214E0002038BD00500020585000204E680020D2
S2140214F0EC6400200000FFFF1E5F0020735F0020E8
S21402150010B5AC24084B04FB0030836C53B990F83A
S21402151050403CB931B1C0E912122046FFF798FF9D
S214021520204610BD2120FCE700500020AC2370B5F9
S21402153003FB00F5094E731993F850405CB9204638
S21402154010F0AAFC735D204643F002037355FFF7C2
S2140215507FFF204670BD0120FCE700BF0050002040
S214021560AC235843024A135C23F003031354704718
S2140215700050002070B516461F4A04461278C2BBB9
S214021580AC211E4D01FB00518A6C92BB91F8502093
S2140215903AB1022B2DD191F84410072907D91C2005
S2140215A026E091F844100729F9D8012B08D0AC2080
S2140215B000FB0450CA00011D0C30F8F715FD00218F
S2140215C0AC2303FB04F000249DF8143000EBC101A9
S2140215D02944CB71049B8E808B602B1893F8442091
S2140215E0204601328C7183F84420FFF731FF2046F3
S2140215F070BD0120FCE700BF1D5F002000500020E8
S214021600F8B5234B04461B780F46002B3ED1AC237D
S214021610204D03FB0053B3F8A03023B940F2453106
S2140216201D481CF03DFCAC2202FB0452D2F8A4601A
S21402163036B192F8A33039460020B2F8A020B0475F
S214021640AC2300216343EA18A2F8A010C2F8A41043
S214021650482192F8A82001FB02322A44D2F89820A8
S214021660964213D0EB5C9B070CD5AC226243AB5C74
S214021670204623F0020343F00103AB54BDE8F840D2
S214021680FFF7E6BE10F02AFC0028EED1F8BD00BF38
S2140216901D5F002000500020B17B04002DE9F04FB2
S2140216A089B0059008460D461CF016F8044618B98F
S2140216B0212009B0BDE8F08F28461CF029F8C0B2F8
S2140216C00838215C221892F802A00491D178526858
S2140216D0277803920022B4F80130ADF81E20434A60
S2140216E0029192F800B0BBF1000F08D0404B1B6885
S2140216F01BB120464FFA8AF298470020D9E703F03A
S2140217000703022B70D001340922594620461BF0EB
S21402171023FF023F3F1A3B0606465FFA87F8C7D406
S214021720344FD7F89090B9F1000F27D100210DF170
S2140217301E0B434622460846CDF800B010F0E4FAE7
S214021740C3B20546002B4BD1BDF81E0017F042FF70
S214021750E0B9BDF81E0018F039F88146BDF81E0043
S21402176017F038FFF0B906EB080201232146584667
S21402177092B200F07BFDD0B119209AE75B465A463A
S21402178001212846C8470028D0D191E7D7F89430DF
S214021790BDF81E00002BDCD0A11998470028D8D12E
S2140217A0022086E742464846A119F8F75BFDBDF8D7
S2140217B01E001BF091FF029B059A0372049B80F8A1
S2140217C009A08372039B1BBAC360AC2303FB02739C
S2140217D093F85020BDF81E0022B1DB6C03B1984787
S2140217E0E8B266E7BB6FF9E7012062E71D5F0020FB
S2140217F0E44F0020005000202DE9F84308460F462B
S214021800164602F1010917F0E6FF8046384617F041
S214021810DAFE042856D1384617F0F9FE48F6610576
S2140218204FF6FF7248F64103294C904208BF1D4608
S214021830B4F85C10301D1CF013FC384617F0E7FEB7
S2140218400146B01D1CF00CFCB4F85E1006F1080050
S2140218501CF006FC06F10A0438460DF067FF10B1CC
S21402186045F01005ADB2294648461CF0F9FB38464D
S21402187017F0ACFF424601462046F8F7F3FC38461E
S21402188001211BF061FF4444074660B11BF040FF94
S214021890054638461BF020FFEDB201462A46204692
S2140218A0F8F7E0FC2C440B4AA41B13780134591CAD
S2140218B01170F37034703046BDE8F84309220121F6
S2140218C01BF04ABE48461CF0C9FB4C460546C3E719
S2140218D0005000201E5F0020AC2210B54824504362
S2140218E0094B1A1892F8A81004FB0100034493F857
S2140218F07700022806D092F850301BB9032818BF8A
S214021900012010BD0020FCE70050002070B508B191
S214021910012070BD234C94F8A850002DF8D129461A
S214021920B4F85C20FFF706FA29462846B4F85E208B
S214021930FFF7EAF92946284604F16002FFF7C8FCD9
S21402194094F87730002BE3D0284694F85860FFF7D7
S2140219503BFA864215D1002094F95A50FFF728FA2E
S214021960854216D10020FFF7B7FF044600201BF081
S214021970A9FD0028CDD02146BDE870400020FFF723
S214021980F7B9284694F85810FFF730FA0028E2D044
S214021990BFE7002094F95A10FFF7FCF90028E1D0BF
S2140219A0B7E700BF005000200346AC2010B514462F
S2140219B0164A00FB032292F8770002280CD1E07F39
S2140219C0022809D141B112490978012913D992F89E
S2140219D05810227891420ED118462178FFF7FAF96C
S2140219E090B1482221460B48F8F73CFC00201BF039
S2140219F069FD08B9002010BD044B93F8A800002822
S214021A00F8D1FFF783FFF5E72120F4E70050002026
S214021A10B16800205850002038B5AC230D4C05465E
S214021A2003FB004300205A6DD86483F8500012B1BD
S214021A305865FFF719FCF5F74BFBFF281EBFAC23D2
S214021A4003FB054484F8A8000020FFF75FFF002090
S214021A5038BD00BF005000207FB51D4C94F8A8305A
S214021A6023B1002084F8A800FFF750FF94F85A30FC
S214021A70B4F8A0608DF80F3026B940F2FD21154863
S214021A801CF00EFA144B31461D6800202A46FFF75A
S214021A90B3FEE46F02469CB10DF10F0301930023DF
S214021AA0294630460093A04702462C7854B9204671
S214021AB02146FFF7A5FD2046FFF7CAFC04B070BD1D
S214021AC00122F2E729460020FFF706F8F6E700BFF4
S214021AD000500020B17B0400EC64002038B5494B6E
S214021AE01C78002C58D1484800F06CFC20461BF0AD
S214021AF0E9FC002850D0454C2378D90733D594F812
S214021B0050201AB123F00303237045E023F00103AB
S214021B10237010F0CBF9237805469A0701D510F00A
S214021B20BBF9294600200FF053FF40B92378284618
S214021B3043F001032370BDE8384010F0ADB900232E
S214021B40482284F8A33094F8A83084F8A25002FB06
S214021B500343D3F89830A4F8A000C4F8A430BDE834
S214021B603840FFF779BF94F84400B0B104F1A003FF
S214021B70251D95E8030083E80300FFF76DFF94F840
S214021B8044202846D20004F10C01F8F72DFA94F806
S214021B904430013B84F8443038BDA26C62B99B07DE
S214021BA011D52378002023F0020343F001032370AB
S214021BB0BDE83840FFF74CBC0123A06484F85030DF
S214021BC0904723789EE710F089F90028E9D194F827
S214021BD0A83073B1F5F77CFA94F85030002BDBD1BD
S214021BE0FF2818BF84F8A800BDE838400020FFF799
S214021BF08DBED4F88C30002BECD098470028CBD181
S214021C00E8E700BF1D5F00202C6600200050002081
S214021C1070B5044600201BF055FCAC235C430B4E0B
S214021C20351995F850300BB1002070BD0028FBD056
S214021C3007481CF0A5FA0028F6D1335D002BF3D135
S214021C4095F84400B0FA80F04009EEE70050002014
S214021C502C66002010B5084A034617F0CAFD146821
S214021C604FF6FF7203EB40039C42184603D90188E5
S214021C7002339142F8D010BDBC5000202DE9F04747
S214021C80204F05463B88A3B3B0F90230002B30DB69
S214021C90DFF87C801C49D8F80000F8F7A9FB20B9C9
S214021CA04FF4EA7119481CF0FBF80026DFF85CA036
S214021CB0DFF860903A88B3B29A4204D84FF4EB71D8
S214021CC050461CF0EDF8D9F80030B2B253F83200A4
S214021CD0D8F8001003EBC20468B943F83210A388A0
S214021CE028460133A38017F084FDE38803EB400304
S214021CF0E380BDE8F087F8F77BFB01360028D9D1F0
S214021D00EDE700BFCC5700207E7B0400887B0400F2
S214021D104C660020B050002038B5094C094D2268A8
S214021D202B689A4204D94FF4877107481CF0B8F81A
S214021D3028682368C01A20F0010080B238BD00BFB0
S214021D40BC500020C4500020887B040038B5124CDA
S214021D50124D21462846F5F741F823680BB12B6849
S214021D601BB9DE210E481CF09BF82A680D4B0E4963
S214021D701A60236823F0010313440B600B4B1A60AE
S214021D802AB9BDE83840F82105481CF089B8FFF7A3
S214021D90C3FF6428F5D938BDB4500020B8500020DF
S214021DA0887B0400C0500020C4500020BC50002095
S214021DB038B5094C094D22682B689A4204D34FF471
S214021DC08A7107481CF06CF828682368C01A20F04D
S214021DD0010080B238BD00BFC0500020C4500020B1
S214021DE0887B04002DE9F0411D4B04461B78012B2D
S214021DF024D100881BF052FC0546D8B10426DFF831
S214021E0064802C461BF05AFF07462046FFF736FF33
S214021E10638843EA08036380A05B1BF03FFC04462A
S214021E2038461BF046FF1CB1B4F90230002BE9DA43
S214021E30062E01D1BDE8F0810626E2E7022BF9D193
S214021E401BF03CFF024620881BF028FC18B10388D2
S214021E50C3F30E0323801046BDE8F0411BF029BFF2
S214021E601F5F00200080FFFF2DE9F04F0024BA4BD1
S214021E7097B006461C801BF021FF0123DFF8EC8298
S214021E80B64F3B70B8F80030A8F80040ADF81630F0
S214021E90B34B1B6801931BF00CFFB24B21461A880A
S214021EA0B14BD2001868F8F74DF80DF11600FFF79F
S214021EB099FF002E3CD1DFF8B8924FF0000B0125B7
S214021EC0D9F80040019B9C4239D3BBF1000F39D1AF
S214021ED0002DF2D0D9F80040DFF898A22546224617
S214021EE0019B9A4273D302230DF116003B70FFF753
S214021EF079FF002E40F08F80D9F800603246AA4261
S214021F0080F0A28090881BF0C9FB18B10388C3F347
S214021F100E039380D0881BF0C1FB18B10388C3F36D
S214021F200E03D3801046FFF795FE0246E7E7984772
S214021F30E3B256F823300134002BF8D1BBE7BBF1ED
S214021F40000F3ED00BF1FF335FFA83FB16AB03EBB9
S214021F508B0252F8402CB2F9020051880028B1DAFE
S214021F604B04AFD4924641F48040931D2AF8020FE8
S214021F7002933AF8020F1BF091FBF0B1B0F902E0BF
S214021F80B0F802C0BEF1000F17DB6FEA4C4C6FEAE6
S214021F905C4CA0F802C00390FFF770FEBBF10F0F77
S214021FA08FBF002516AB039A03EB8B009EBF0BF187
S214021FB0010340F8402C5FFA83FB029B9A45D8D176
S214021FC080E72046FFF746FE22460446C3E7104651
S214021FD017F00FFC8346B2F90200118800280AEABD
S214021FE0010108DA20461BF04FFB084381B204EBDE
S214021FF04B0402EB4B0510461180FFF72BFE024600
S2140220006EE798475FFA8AF356F823300AF1010A18
S214022010002BF6D170E74FF0000AF3E73046FFF7E1
S21402202019FE82467EB1B6F902307188002B0ADAB2
S2140220303088C0F30E001BF031FB864203462DD1DA
S214022040C1F30D0171805646AE42E7D3DFF81CA1FC
S2140220501BF034FE00210646504617F02DFC1BF0FE
S2140220601DFB0546002800F0878030461BF021FE47
S214022070284617F0BEFB064620461BF005FB8146A7
S2140220807600324629462046F7F7AEFF002249463A
S2140220900DF116001CF04CF83444D9E71BD9304633
S2140220A017F0A7FBC1F30D014200718018463146B6
S2140220B092B2F7F799FFC6E75046FFF7CBFDD14637
S2140220C0854203D9B0F90230002B01DA824603E0DA
S2140220D0FFF7C0FDF4E7B146554507D9BAF8000048
S2140220E0C0F30E001BF0DAFA8245E5D3B9F1000F11
S2140220F030D0B9F80000C0F30E001BF0CFFA03464A
S21402210038B93346CB46994513D8B1459BD0D94604
S214022110ECE7484617F06DFBB9F802204946C2F3D1
S2140221200D02A9F80220420092B21846F7F75CFFA9
S214022130E7E718460193FFF78DFD019B9B46854214
S21402214003D9B0F90230002B01DA0346DBE7FFF7CA
S21402215081FDF4E7CB46DAE7CE5700201F5F00206A
S214022160BC500020CC570020B0500020D057002092
S214022170C05000200080FFFFBDF816303870A8F867
S2140221800030044B30461C601BF093FD17B0BDE8D0
S214022190F08F00BFBC5000202DE9F04105461BF031
S2140221A07DFA0F460446D8B11BF0ACFF20B940F2C8
S2140221B0FB4120481BF074FE28461BF0A9FA054690
S2140221C02046FFF747FDBD42064609D004D840F236
S2140221D0035118481BF064FE2588ED0B02D02781B8
S2140221E0BDE8F0816780204617F003FB074604EB44
S2140221F040081BF063FD104B1A68B2420AD1C3F8BE
S21402220000801BF056FD2A464046BDE8F041FF21FD
S214022210F7F798BEA6EB0806B5B21BF04AFD072DE7
S214022220F1D90023083D44F81730C8F80430A8F85E
S2140222300250D5E7887B0400BC50002038B51BF05E
S2140222403DFD00210546044817F036FB04462846A5
S2140222501BF02FFD204638BDD0570020024B1888B1
S214022260B0FA80F040097047D05700202DE9F74FAA
S214022270044600881F461BF011FA88461546064695
S2140222801BF040FF20B940F2FE613F481BF008FEFB
S2140222903388DB0B009306D033892B44338100202E
S2140222A003B0BDE8F08F20881BF032FA8246304633
S2140222B0FFF7D0FC01901BF001FDDFF8D0B0019BC8
S2140222C0DBF8002081469A421DD1FFF725FDA84281
S2140222D004D248461BF0EDFC1A20E1E70AEB0503A0
S2140222E073803FB120881BF0F7F92A4641465044D6
S2140222F0F7F7B8FF3046FFF7ADFCCBF800004846CC
S2140223001BF0D7FCCBE71BF0D4FC20881BF000FAAE
S2140223102844009980B21BF053FA06460028DBD008
S2140223201BF0DAF9814620881BF0D6F9824620880F
S2140223301BF0EEF9514602464846F7F793FF304641
S214022340AFB11BF0C9F9074620881BF0E1F92A460F
S21402235041463844F7F786FF012120881BF0F4F93E
S2140223600121024630461BF003FA268097E71BF04F
S214022370B3F9804620881BF0CBF92A4639464044FA
S214022380F7F7E0FDE8E700BF887B0400BC500020BA
S214022390342101481BF084BD9C7B0400036910B500
S2140223A05BB18268064B9A4201D1002010BD446997
S2140223B01BF06FFD201AF9D5F7E74FF0FF30F5E76F
S2140223C09123020082681C4B70B59A420446056847
S2140223D019D11BF073FC236923B1A34206D1002254
S2140223E02A601A61BDE870401BF063BC1A461146AB
S2140223F01269A242FBD12A68A24208BF29600B6179
S21402240000232361EEE7036993B198426E6803D115
S2140224109D210A481BF044FD2B46B44209D122698D
S2140224209D4218BF1A614FF0000308BF6A6023611D
S21402243070BD33463669F0E7912302009C7B0400A8
S2140224402DE9F047074600254FF0010A154EDFF842
S21402245058808AB0347914B90AB0BDE8F087D6F845
S214022460009087B900972A46B8F80010234603A8BA
S2140224701BF0F5FE2246484603A9E9F723FC25444D
S214022480EDB20836E6E7224603A94846E9F7EEFB30
S214022490CDF800A023462A46B8F8001003A81BF081
S2140224A0DEFEECE7B8C60400D25700200148FFF76C
S2140224B099BC00BFD25700209C46174BF7B505467D
S2140224C008461988164611B1144B1C78CCB1014641
S2140224D062463046BDB103B0BDE8F040E9F7C6BB80
S2140224E01C44E4B208373B79002BF0D03A68964297
S2140224F0F6D185F00105224600951BF0B0FE03B02A
S214022500F0BD074FEFE7E9F7DDFBB0B203B0BDE879
S214022510F04015F013BB00BFD2570020E56800203C
S214022520B8C6040010B5074C238843B10020FFF755
S21402253087FF0020FF22044B20801A7010BD022065
S214022540FCE700BFD2570020E5680020142810B52B
S21402255018D8082805D115F06AFBC401E4B2204653
S21402256010BD0E2802D115F065FBF6E7064B53F8B0
S2140225702040002CF3D00A282478F0D107F0C2FBC2
S2140225800443EBE7FF24EAE708C70400014BB3F86D
S2140225906800704700500020004870476A500020CC
S2140225A0014B1878704700BF965E0020014B1878E2
S2140225B0704700BF995E0020014B1870704700BF3D
S2140225C0995E0020204B022810B5204C187002D0CD
S2140225D00438012822D82378042B0BD000211C486B
S2140225E01BF066F92378033B012B03D90021194817
S2140225F01BF05EF9184B1B689A0022D513F0805F19
S21402260040F6114418BF4FF44164204615F0C4FE4C
S214022610C8B92046BDE8104015F08EBA0C48FFF740
S214022620D1FE0C48FFF7CEFE17F0BFFB2378033B24
S214022630012B03D815F0AAFE1624E6E70DF0BAFF22
S214022640FAE71524E1E710BD9D5E00209E5E00209D
S21402265070660020EC41002080420020024B187871
S21402266000F00F00704700BF9D5E0020034B1878F5
S21402267000F00F00831E5842584170479D5E0020AE
S21402268008B517F07DFBC0B117F093FBA8B10FF0A9
S2140226901BFD90B90A4817F0C6F870B1094817F042
S2140226A0C2F850B115F0CBFA38B115F077FE20B962
S2140226B0BDE80840044817F079B9002008BD00BFFD
S2140226C0D457002008580020C850002030B50546D0
S2140226D00C4693B081B910B9002013B030BD102358
S2140226E0214A69460120FFF7E7FE9DF805305A1E8B
S2140226F0052A28D91720F0E7182200212046F7F7E6
S21402270021FC002DEBD1FFF7B1FF30B315F03FF9F6
S2140227106A4601460020FEF791FEBDF804302046C8
S21402272023819DF80230A3729DF80030E37217F001
S21402273005FD002304F11401237304F1100004F0D4
S214022740F7FDE081C8E7094A9DF804101278914225
S214022750D0D12B70002CD6D1BEE7054B1B78033B9D
S214022760022BD3D9C6E700BF64EE0100B86800208A
S2140227709D5E002030B593B005460C46FFF776FF07
S21402278020B90C4B1B78033B022B10D815F0FFF830
S2140227906A4601462846FEF751FE00209DF80230A2
S2140227A0607023709DF80030A37013B030BD172000
S2140227B0FBE700BF9D5E0020054B1878012805D078
S2140227C000F0FD00A0F1310358425841704700BFA7
S2140227D09D5E00202DE9F3410E46002105461BF0C2
S2140227E0A1FC0023124FADF806002B800DF1060067
S2140227F017F019F8044610B102B0BDE8F081214680
S2140228000DF1060017F058F880461AF065FF438A65
S214022810B34207D99B1B43822246414628461BF0F9
S21402282087FCE3E743895B07E0D53B88F3E700BF15
S2140228305068002008B50A48FFF7C4FD09484FF45F
S2140228407A71FFF7C7FF074816F0EDFF30B9BDE80B
S21402285008404FF47A7102481BF02AB808BD00BF40
S214022860506600205E6800201FB50146002201A8BF
S2140228701BF0EEF8064801A91BF0B7FC20B11AF0CF
S2140228802BFF4089C0F3400005B05DF804FB00BF93
S2140228905E68002030B585B00D460022014601A8CC
S2140228A01BF0D6F8084801A91BF09FFC50B11AF09D
S2140228B013FF0446014608222846F7F795FB60896F
S2140228C0C0F3400005B030BD5E68002010B5044C71
S2140228D0204616F0DFFF6388181A80B210BD00BFCC
S2140228E05E680020F8B50546F8B100210F481BF0D7
S2140228F019FC0446A8B10D4F20461AF0EDFE064616
S2140229001BF092F8830705D4082229463046F7F7CB
S21402291065FE38B1214638461BF028FC04460028DE
S214022920EAD10024201E18BF0120F8BD5E680020F0
S21402293010B50C46014606481BF057FC30B11AF09B
S214022940CBFE43891C4214BF0120002010BD00BFED
S2140229505E6800201FB51446024601A81BF078F8F0
S214022960074801A91BF041FC40B134B11AF0B4FE8D
S214022970142201462046F7F737FB012004B010BDAB
S2140229805E6800201FB50146002201A81BF060F811
S214022990094801A91BF029FC58B11AF09DFE43898B
S2140229A0024613F0020004D0507B80F00800C0F309
S2140229B0C00005B05DF804FB5E68002001460148D1
S2140229C017F08EB85E680020F8B504460E4614204E
S2140229D000211AF0F5FE0546204616F05BFF6388D6
S2140229E0834225D925B33146204617F079F808BB2D
S2140229F028461AF071FE07460A223146F7F7F4FA1D
S214022A00082206F10A0107F10A00F7F7EDFA0A4B67
S214022A101B887B82238823B94FF47A7107481AF001
S214022A2047FF2046002229461BF082FB0020F8BD05
S214022A301C20FCE72E20FAE7506800205066002093
S214022A4010B5044686B0B0B11AF0EEFF10F00200E0
S214022A5011D1CDF80E006168CDF81200ADF816005F
S214022A60206801AB03C32289044801A91A80FFF734
S214022A70ABFF06B010BD2120FBE700BF5E6800205A
S214022A80F8B50D4616461F46044648B31AF0CCFF64
S214022A9030BB2046FFF792FFE0B1214611481BF0FB
S214022AA0A4FB1AF019FE438905734673877343F035
S214022AB0020321894381204601F0F2F9FF280446E9
S214022AC006D001F0F3F818B10022074B43F8242091
S214022AD0002004E02046FFF7B3FF0028DDD0F8BD53
S214022AE02120FCE75E680020BC3F0020F7B59DF879
S214022AF024400D4601949DF82040064600941F4649
S214022B000DF076FC4FF6FF718842044610D0BB07E4
S214022B1011D4284600F0CCFF20461AF0FDFFFF280D
S214022B201FBF084A32F8103023F4804322F81030D0
S214022B30204603B0F0BD02462946304616F0D7FFBF
S214022B40EAE700BF9857002073B50E4601461448C0
S214022B501BF04BFB0546D8B11AF0BEFD438904466E
S214022B60334012D09B0736B20BD5002E09DAA17B72
S214022B70437B0289007B0191012100912146FFF7E8
S214022B80B5FF638923EA06036381628912B10120D5
S214022B9002B070BD2946024816F0ADFEF7E700BF48
S214022BA05E6800200148FFF71DB900BF5E6800207E
S214022BB01FB50C460B4A014601A81AF049FF01A8A8
S214022BC0FFF7FCFE60B101A907481BF00EFB1AF0E6
S214022BD083FD0368236043680020636004B010BD71
S214022BE02D20FBE776C704005E68002013B53E4C36
S214022BF012F09FF9D4F8FC311020C3F30743019377
S214022C00FFF7A4FC000650D50020FFF79FFC010644
S214022C104BD5019B802B3ED1236A9A0704D440F6FB
S214022C201544204602B010BDE3699B07F7D52F482E
S214022C3015F0D4FE012016F0A4FC12F08DF904461D
S214022C400028EED100F086F9294816F089FE00F039
S214022C50F1F9E8F775F912F06BF90AF0F1FC0AF0EF
S214022C6043FDF4F717F9F4F7CBF9F4F7E5F904F0B6
S214022C7003FD14F0DEFF14F0DFFF15F092FB1D4893
S214022C800CF00CFC07F092FE15F04AFB0028C8D0A8
S214022C9015F048FBC5E7019B812BC0D1D4F80C3157
S214022CA05B00BCD5D4F80C31BFE71020FFF74EFC12
S214022CB00006BCD40020FFF749FC0106B7D5019BED
S214022CC0802B05D1084B1A6AD207A8D5DB69ACE778
S214022CD0019B812BA3D1044BD3F80C21002A9EDA48
S214022CE0D3F80C31A1E700BF0080E00F690345EC82
S214022CF0C85000206928020010B517F053F870B3C8
S214022D0001F0B8FB80F00104E4B20020FEF7F6FA08
S214022D1044EA800424B217F033F810BB02200443BE
S214022D2016481BF02DFA44EA401415481BF028FA00
S214022D3024B244EA001413481BF022FA24B244EAEE
S214022D40801411481BF01CFA24B244EA40240F48AF
S214022D501BF016FA24B244EAC02080B210BD012449
S214022D60D3E70B4816F05FFD0028D7D0094816F0C7
S214022D705AFD80F00100C0B24000D0E7B0660020E5
S214022D8094670020844200201467002074670020A5
S214022D90D45700200858002008B501F047F90EF075
S214022DA0DFF8FDF7D9FE154816F03DFD08B906F026
S214022DB065F9134816F037FD08B907F0E1FD03F090
S214022DC059FC0CF01DFD0F4816F0FCFD0E4B1B784F
S214022DD0043B022B09D80D481BF0D2F928B1FFF7A5
S214022DE08BFF102801D109F07DF914F02AFF16F0A6
S214022DF08CFEBDE808400648FFF736B8D4570020D8
S214022E0008580020C85000209E5E002094670020CC
S214022E1080C70400014B1868704700BFFC4F0020B3
S214022E20F8B54FF6FF77104B06461B780C46033B69
S214022E30012B0F8009D830460AF0BAFC4FF6FF7312
S214022E40984220800ED000200DE00CF023FEB842FF
S214022E5005462080F7D1304600F002FDA8422080C9
S214022E60F1D1E8E72D20F8BD9E5E00204FF6F773FD
S214022E7070B5984204460D4686B05AD816F046FEFD
S214022E80A04207D108222C492846F7F7ADF80020C1
S214022E9006B070BD294EB6F86830A3420AD10022A9
S214022EA0082106F16A0016F0C3FD18B9082206F1D9
S214022EB06A01E9E7ACB1224B1B78033B012B1AD817
S214022EC0002301221946204600930AF01BFBFF2826
S214022ED023D1294620460AF0BFFC80F00100C0B28A
S214022EE0D6E7184B1B689B07E5D4284608F0DCF9A2
S214022EF00028E0D0CBE7204600F06AFFFF2806D184
S214022F0029462046FFF754FE0028D9D1BFE72946B6
S214022F1000F080FF0028F3D0B9E702A918F024F8E1
S214022F200028D6D1DDF80D302B60DDF811306B604D
S214022F30ADE70120ACE700BF205F00200050002074
S214022F409E5E002080420020014B1870704700BF32
S214022F50B868002010B5054C082221460448E8F758
S214022F6085FE204616F00CFE10BD00BF205F002036
S214022F7034B608C000487047205F0020082208B513
S214022F800349F7F72BFBB0FA80F0400908BD00BFF3
S214022F90205F0020014B1870704700BF915E002032
S214022FA0074B44F6FF701A7840F6FF73012A18BFE3
S214022FB01846044B1B780BB140F40040704700BF24
S214022FC09E5E0020915E0020F7B50D46044616462A
S214022FD01F460021284601F0F1FF0B4B002183F823
S214022FE059402A463346204600970EF0AFFC01466B
S214022FF030B10222204603B0BDE8F04000F006B829
S214023000012003B0F0BD00BF0050002013B51346E8
S2140230100C461AB1022A0CBF134601230021044AA9
S214023020019100922246FEF7A5FA02B010BD00BF3B
S214023030879E030000B5002093B0FEF717FA1E4BDA
S21402304018880CF031FA1D4B1D491A7800200EF034
S214023050A1FD342200216846F6F774FF0B238DF893
S21402306000306FF4803301934FF6FE73ADF81030E4
S21402307003238DF81D30134B134A0893134B106825
S2140230800993134B51680D93124B6A460E93124BDB
S2140230900F93124B1093124B119302AB03C30021F2
S2140230A00846FEF781FC6A4601210020FEF77CFCFA
S2140230B013B05DF804FB00BF48680020CB68002010
S2140230C0948B0400DD340200205F0020239C030062
S2140230D0556D02008536020055840200879E030065
S2140230E0A5670200014B1878704700BF285F0020D2
S2140230F0014B1888704700BF626800202DE9F74F21
S214023100814610460E4690461AF0A8FFDFF840B1F8
S21402311005469BF8003033B94A4B1B681BB94A4B2D
S2140231201B68002B7FD015F4406A05F040071BD1C0
S2140231309FBBB5F5804F61D24FF48074B9F1400F52
S21402314073D0B9F1800F63D0B9F1100F6BD10023A1
S2140231509BF800003D4AD9B2884264D932F8021B75
S2140231600133A142F7D166E008F103001AF076FFB8
S2140231704FF6FF73984214BF0124022487B1052735
S21402318005F44043B3F5004F44F0080425D0B5F5E6
S214023190804F24D244F4807421E054460327EFE79C
S2140231A0B5F5804F4FF00507F4D3BAF5406F14BF5C
S2140231B002200820384440441AF050FF019016F0CE
S2140231C0C2FC019B05F4404598420CBF44F008043B
S2140231D044F00404B5F5004F01D144F08004BAF57A
S2140231E0006F0FD108EB07001AF038FF054616F0FD
S2140231F08DFCA842A2D144F010049FE75446032750
S2140232000220D7E7BAF5406F08BF44F0200495E7DE
S2140232100C4B1B683BB10022D1B233F8110033F9D4
S2140232201110002903DA002008E0074BF1E7A0425C
S21402323002F10102F0D106B13480012003B0BDE8EC
S214023240F08F00BFD8500020DC50002032580020FB
S214023250705F0020034B1A78022A04BF09221A70F4
S214023260704700BF295F00200C22034B1A211A70F8
S2140232700320002202F024B8295F00200C2208B5A1
S214023280054B1A211A700022104602F019F8002285
S214023290024B1A6008BD00BF295F0020E4500020E0
S2140232A00C2270B50D4B05461E781A7030B93046A2
S2140232B0BDE8704000221A2102F002B8084B1C78C2
S2140232C0E1B21A29F3D825FA04F3DB0703D5442220
S2140232D0304601F0F5FF0134F2E700BF295F002017
S2140232E0E76800200C22024B1A7015F050B800BF97
S2140232F0295F0020F0B50C8805460E468BB0E4B96F
S2140233004FF6FF77ADF8247015F054F810B9022086
S2140233100BB0F0BDCDE90340CDE90544134A029453
S214023320B2F85C306032019300923B464CF60101E3
S214023330FF2009AA18F061F93080284616F07CFDB5
S2140233400B4C70B1237863B1013BDBB22846237085
S21402335016F072FD38B12078B0FA80F04009C0B29B
S214023360D6E70523F2E70120F9E700BF0050002068
S214023370E6680020034B11461B6803B1184714F099
S21402338099BB00BFE45000200C22024B1A700AF0D0
S214023390F1BC00BF295F00200148FEF723BD00BF35
S2140233A0D65700207FB505460C4616461AF064FC32
S2140233B000286BD1062D03D85223EB40DB071AD424
S2140233C0B4F1006F05D3E30E1C3B032B18D94F2034
S2140233D02EE000222F4B1A602F4B1D7016F051FB69
S2140233E003460A2D54D8DFE805F02D183E49182565
S2140233F018535341360002F03BFCB4F1006FE2D2A0
S2140234000022244B042D1A60234B1D70E6D10220A5
S21402341001F02EFC16F035FB0346012202921F4AEB
S21402342001921F4A00921F4A314620460EF088FE3D
S21402343004B070BD314620461B4A04B0BDE8704059
S2140234400EF066BE31462046184B194A04B0BDE857
S21402345070400EF041BE00220292164A0192104AB5
S2140234600092154AE0E702220B4B1A700022104621
S214023470124904B0BDE87040FEF742B8002202923C
S2140234800F4A0192064A00920E4ACDE74D20CFE738
S2140234900120CDE7E4500020295F0020A13202007F
S2140234A0DD340200739E0300893302007D3202007F
S2140234B075330200E5320200F53202005532020090
S2140234C069320200359E030008B50EF069FE0C2232
S2140234D0014B00201A7008BD295F0020F0B585B0A8
S2140234E0ADF8060018B9762164481AF0D9FCBDF882
S2140234F0060016F068F80446BDF8060016F063F8F3
S214023500082846D00C2CBDF8060042D116F05EF90B
S21402351007461AF0A3FD0DF10F010646BDF8060098
S21402352014F070FB002879D00922002138461AF0E0
S21402353013F89DF80F301033C518BDF806001AF0C0
S214023540E7F8EDB2854269D22946BDF806000EF0CC
S21402355035FF06F44C4416F44066054614D0F81CB3
S2140235601AF07CFD4FF6FF73984208BF44F0400401
S214023570B6F5006F08D1781D1AF070FD4FF6FF738E
S214023580984208BF44F010049DF80F305BB3072D35
S21402359044D1BDF8060016F00CF80446BDF8060045
S2140235A016F011F8082817D0A30615D524F0200126
S2140235B089B2BDF8060015F0E7FFBDF8060016F062
S2140235C005F90021092219F0C7FF00F1100189B29E
S2140235D00DF1060018F03AF90022BDF80610284848
S2140235E01AF0A6FD1AE0082D16D8BDB1013D072D2A
S2140235F014D801A353F825F05536020061360200AE
S2140236001D360200213602001D3602006D3602000B
S21402361093350200733602007C2D24D005B0F0BD2F
S21402362024F48844A4B2B4F5084FF7D1BDF80600D6
S21402363015F0C4FFBDF806100BF0D0FF0028A8D086
S214023640BDF8060016F025F80022014602201AF000
S214023650CEFCE3E724F48064A4B2B4F5484F97E7BF
S214023660B4F54C4F94E7B4F54C4F92D04CF6500359
S21402367001E04CF640439C428AE700BFAA7B040066
S214023680D45700202DE9F7430F4690469946064642
S2140236901AF022F8044630461AF03AF8C5B2083D47
S2140236A02C44E178094BA2781970094B31461A70FE
S2140236B0002043463A46CDF8009012F0EFF8003864
S2140236C018BF012003B0BDE8F08300BF4D5F0020A5
S2140236D04C5F00202DE9F04FDFF84081DFF8409183
S2140236E098F8002099F8003006469A4285B004D32E
S2140236F040F2191142481AF0D3FB30460DF10F0181
S2140237001AF0BEF920B14FF48E713D481AF0C8FB8C
S21402371098F800709DF80F403D1B15F0FF0530D05D
S2140237204FF0FF3C374B01211B78A140184699F811
S21402373000304FF6FF790CFA03FC0023324A01F1FF
S214023740FF3E0193C1F1000A9DF80430984243D827
S214023750122004FB00002D4BA0F1120105EBC5025E
S2140237605200194404F101091844F6F73DFC4FEAE9
S21402377089092748A9F104010144AA004844F6F73A
S21402378033FC224904EBC40201EB420321F8126027
S214023790204A013712784FF6FF71DA731A745A7498
S2140237A012025A801C4A0D2012781A7110225A717F
S2140237B000229A73C3F80620C3F80A20144B43F873
S2140237C0242088F800701AF012FC0EB908F05CFF8C
S2140237D0204605B0BDE8F08F13884B450AD05368E3
S2140237E00AEA030B03EA0E030B4403EB4B0343EA1A
S2140237F00C035360019B083201330193A4E700BF18
S214023800BD7B0400C56800201840002088550020B3
S214023810BC3F00204D5F00202A5F0020975E0020FC
S214023820C36800202DE9F041074600250A4B0B4EDF
S21402383093F80080ECB2A04503D8FF242046BDE8EA
S214023840F08108223846B11DF6F7C8FE0135002879
S214023850F4D01236EEE700BF975E002088550020AF
S21402386008B5FFF7DFFFFF281DBF00B2044B00EBD1
S214023870C0004FF6FF7018BF33F8100008BD00BF37
S2140238808855002007B50DF107011AF0F9F830B196
S2140238909DF80730034803EBC30300EB430003B075
S2140238A05DF804FB885500202DE9F843294E0446AE
S2140238B033785D1E2D1A8342EDB204D84FF4A171FF
S2140238C025481AF0EDFA0123A3404FF0FF305F1EA1
S2140238D03B4400214FF6FF7E6FEA03081F4A92F828
S2140238E000C01F4A127890401E4ACBB29C4523D88D
S2140238F0BDB127B204EBC4041B48640005EBC50245
S21402390004F11201014452002044F6F76DFBBF0099
S2140239101648AA00391D014402F0FC023844F6F7A4
S21402392063FB33780022013B33704FF6FF71BDE82C
S214023930F8430E201AF05BBB1388734507D0536812
S21402394008EA03093B4003EB59030343536008327A
S2140239500131CAE7975E0020BD7B0400C5680020DF
S214023960C36800201840002088550020BC3F002075
S21402397010B50A4C207858B9094B1B781A2B03D974
S214023980992108481AF08CFA0322074B1A7010BDC8
S2140239900138C0B2FFF788FFECE700BF975E002051
S2140239A0C3680020BD7B0400935E00202DE9F0472B
S2140239B005461AF030FCFF28044624D1DFF884902E
S2140239C01E4B99F800201B789A422BD22846BDE857
S2140239D0F047FFF77FBE38883B79504518D86F2BE3
S2140239E04FEA131214D85B0710D0123708F10108F9
S2140239F099F800105FFA88F6B142ECD80023104A14
S214023A00DEB28E4214D32046BDE8F087022AECD9F5
S214023A100DF0E2F90028E8D129463046BDE8F04725
S214023A2016F04BBA4FF000084FF6F77A044FDFE76E
S214023A30107901338F28EFD81232E1E7C3680020ED
S214023A4088550020975E00204FF6F773984210B50F
S214023A5014D8FFF7ABFFFF2810D0134C00B200EBD0
S214023A60C00004EB400412F073F9104938B96288BA
S214023A700B7802EB0313A3EB1213638010BD227CB8
S214023A80637C09789A42E2732374617407D98B4285
S214023A9003D213468B4228BF0B461B02EDE78A422F
S214023AA0F8D31346F9E700BF885500204D5F002083
S214023AB02DE9F04106460F4600240E4DDFF8388009
S214023AC098F80030A34201D8BDE8F08108222946C2
S214023AD03046F6F783FD40B935F8063CBB4204D0C3
S214023AE02046FFF7E1FE013CE4B20134E4B21235AF
S214023AF0E6E700BF8E550020975E0020F8B5054623
S214023B0008460E46FFF78EFEFF2830D01D4B29468C
S214023B1053F820703046FFF7CBFF2846FFF746FFE4
S214023B20FF28044625D10CF083F8FF280AD1164C4C
S214023B30207838B113F02EFF2378B0FBF3F202FBA5
S214023B401300C0B2294616F0B8F9044623B20F4D48
S214023B5003EBC30305EB430508223146A81DF6F71F
S214023B6043FA2B79204603F00F032B71F8BD00278A
S214023B70D3E7074B1B78002B18BF0027014B43F8EF
S214023B802070E3E7BC3F0020C36800208855002071
S214023B90E868002038B50B4B04461B780D46834276
S214023BA004D840F25A2108481AF07AF9074804EB7A
S214023BB0C40400EB44002946BDE83840082206301B
S214023BC0F6F712BAC3680020BD7B040088550020B1
S214023BD070B5044608460E461AF01DFBFF28054639
S214023BE010D02046FFF71EFEFF2807D0084B1B7892
S214023BF023B9084B53F8202043F8252021462846AF
S214023C00FFF7C8FF31462046BDE87040FFF750BFB9
S214023C10E8680020BC3F00202DE9F84300248046D7
S214023C2001272646114DDFF84C9099F80030A34242
S214023C3010D83E430134E4B21A2C4FEA470705F186
S214023C401205F2D14FF0FF30094B1B7898403043F3
S214023C50BDE8F8832B884345EBD0284616F085F955
S214023C600328E6D82B796F2BE3D8E3E788550020A4
S214023C70C3680020975E002010B5084C00EBC00019
S214023C8004EB400423795B0707D1204616F06DF952
S214023C90237923F007031843207110BD88550020AE
S214023CA0014B1878704700BFE9680020014B18786E
S214023CB0704700BFE868002070B51A48FEF782FB1E
S214023CC0194B1B78033B012B28D805F0A3FB03F006
S214023CD057FBBDE870404FF47A51124819F0E8BD20
S214023CE023798F2B4FEA131111D80131204616F093
S214023CF06CF9062901D8032909D12379002223F079
S214023D0007034FF6FF710F2023711AF070F9123471
S214023D1001353278EBB29A42E2D8D6E70025034C58
S214023D20034EF6E7706600209E5E0020885500204F
S214023D30975E00200022084B1878084BD1B28842C2
S214023D4003F1120300D8704713F80D1C013221F05C
S214023D50100103F80D1CF1E7975E0020885500203D
S214023D602DE9F04702261227DFF85C90DFF85C8028
S214023D7099F8004000250CE007FB05F338F803A08D
S214023D800021504616F006F910B15CB1013CE4B2CF
S214023D90013599F80030EAB29342EDD8A34204D135
S214023DA04FF6FF7A5046BDE8F08713F0F3FD99F818
S214023DB00030012EA3EB040390FBF3F202FB130088
S214023DC0C4B2EDD00126D5E7975E002088550020C4
S214023DD010B504461AF01FFAFF2808D1204619F03B
S214023DE09BFEFF281FBF024B1B78C018C0B210BD37
S214023DF0C3680020044B00211A78044B04481B7841
S214023E001A449200F6F79EB8C3680020CA680020DB
S214023E10BC3F002010B5134B0C461B7886B083427D
S214023E2012D9114900EBC00001EB400108222046DE
S214023E300631F6F7D9F800220821204615F0F8FDDB
S214023E4080F00100C0B206E0C01A01A9C0B20CF0B0
S214023E502BFA10B1002006B010BD01AB03CB2060D8
S214023E606160E8E7C36800208855002008B5074B64
S214023E70024653F820308B4206D915204FF6FF71C2
S214023E801AF0B5F8002008BD0120FCE7BC3F002070
S214023E90024B013143F82010704700BFBC3F0020A0
S214023EA02DE9F34781460C4600272A4EDFF8ACA0E0
S214023EB09AF80030FDB2AB4210D86946204617F099
S214023EC088F9C0B3082269464846F6F787FB90B3DE
S214023ED04946204616F01FFBFE2537E006F1060887
S214023EE0082241464846F6F779FB90B94FF6FF732B
S214023EF09C422BD03388A34228D0204619F00CFED1
S214023F00FF2814D14946204602B0BDE8F047FFF725
S214023F10F5BD14B912360137CAE73388A342F9D180
S214023F2000220821404615F083FD0028F2D12846DB
S214023F30FFF7BAFCCCE74946002019F0BDFDFF2882
S214023F40054603D0044B1B780344DDB2284602B074
S214023F50BDE8F08788550020C3680020975E0020E1
S214023F6008B5FFF7E7FE054B1B78013B012B03D88C
S214023F70BDE808400CF084B908BD00BF9E5E002074
S214023F800F4B1B7883420CD8C01A0E4AC0B232F8C6
S214023F901030D90411D443F4805322F81030012093
S214023FA07047094B00EBC00003EB40035A79D10679
S214023FB003D442F010025A71F1E70020704700BFA6
S214023FC0C36800209857002088550020F0B5134B90
S214023FD006461B78FBB100251148DFF84CC090F866
S214023FE000E0104807781F44E8B2864501D8002052
S214023FF0F0BD7C1B94FBF3F003FB10440CEBC400F7
S2140240003CF83440B44204D1002AF1D184788C4280
S214024010EED00135E8E71846EAE700BFC56800209B
S2140240206C420020955E00201840002070B510F00B
S21402403071FF14250F49104E0B78328830809B1A78
S21402404003449BB2B3FBF5F405FB14330B700B4928
S214024050E2B20B78934292BF00239B1ADBB2032A8A
S2140240600B7088BF002306499EBFD2000B68D34060
S2140240700B6070BD2D5F0020D8570020945E002094
S2140240806C420020084B1868084BC2B21B789A4252
S21402409008D2074BC0F307201B78984234BF002093
S2140240A001207047012070476C420020C56800203E
S2140240B02C5F0020F8B505461746FFF7E3FF0646D5
S2140240C010B9184B1A783AB9212001224FF6FF711F
S2140240D019F08DFF0020F8BD1348DFF854C00378AE
S2140240E00133B3FBF2F402FB143303700F48DCF81F
S2140240F0002000EBC30420F8335002F10132A17015
S2140241003846CCF80020FFF787FDE670606015F0B1
S214024110FDFCA84201D10120DDE7E3780133E3701C
S214024120F9E700BFC5680020955E00201840002011
S2140241306C42002010B50B4C0B4A2378063B1370DA
S21402414010F0E8FE0022094BFF211880084B0948B0
S2140241501A602278D200F5F7F5FE0422064B1A7092
S21402416010BD00BFC56800202C5F0020D857002075
S2140241706C42002018400020945E002048B139B1FD
S214024180044B1B780B70044B1B780370012070479E
S214024190084670472B5F0020EA6800202DE9F843A6
S2140241A0074619F076FE05461A4819F0E9FF1A4B3B
S2140241B048B31C683C1B2C44A4B20022174BDFF801
S2140241C064901B78164D99F8006005EB03155FFAAC
S2140241D082F8464509D9AB8805F11000A34215D9E5
S2140241E0B21A29461201F5F7FFFE013689F8006079
S2140241F0AC80B8F1000F03D13946064819F058FBD7
S2140242002846BDE8F8833C461D60D6E705460132DF
S214024210DDE700BF90660020E85000202F5F0020F8
S214024220BC3E0020305F00202DE9F74F19F031FE2A
S2140242304FF0000E284D294F2978294C97F800A0F8
S21402424004EB011303EB0A120092F3465246DFF820
S21402425098801FFA80FC0646B8F80000ACEB00090E
S214024260A0EB0C001FFA89F901900098984217D12A
S214024270BEF1000F00D02970524503D200203A70DA
S214024280FDF7E6F83B7823B32B78164804EB0314C5
S214024290A188C8F8006003B0BDE8F04F19F008BB6B
S2140242A0B3F804C0CC450FD84FF0010E93F802C005
S2140242B001310CF1FF3C013AA3F804B083F802C0C6
S2140242C0C9B2D2B21033D0E701988444A3F804C02E
S2140242D0F8E703B0BDE8F08F2F5F0020305F0020C4
S2140242E0BC3E002090660020E85000207FB56C4659
S2140242F01E4B1F4D1E78013EF6B21E7095E80F004B
S21402430084E80F001B4B28461A7805F11001324448
S2140243101201F5F769FE9DF8026016F00F0511D13D
S214024320BDF808000EF0C4F9360918BF29464FF04A
S2140243300002BDF8000008BF039904B0BDE8704053
S21402434003F0F4BCBDF80400FFF728FF034682889A
S21402435004ADADF80420224603CAAA42186059608A
S214024360144603F10803F6D104B070BD2F5F002097
S214024370BC3E0020305F0020F8B50024084D094FEF
S214024380094E3B783178E2B20B449A4204F10104BA
S21402439000DBF8BD2846FDF725FD1035F1E700BF26
S2140243A0BC3E0020305F00202F5F002070B5134B0C
S2140243B006460D46104612491A78124B09781B78A3
S2140243C00B44934206DB1F204FF6FF7119F00FFED7
S2140243D0002070BDFFF7E2FE0135068085700446B8
S2140243E019F052FDE0800EF069F940F60243208192
S2140243F0E3600020FDF72CF80120EAE7C2680020FF
S214024400305F00202F5F00202DE9F8438646002308
S214024410144FDFF85C803E7898F800501249721903
S214024420DCB294421CDA4FEA041C31F80C900133D9
S214024430F14501EB0410F3D1631CD21A0CF1100CF7
S21402444012016144F5F7D0FDA5428BBF05F1FF3599
S21402445006F1FF3688F800503E700CB9034B1C700C
S214024460BDE8F883305F0020BC3E00202E5F0020AF
S2140244702F5F0020044B054A1B781278D3420CBFEC
S21402448001200020704700BF2F5F0020305F002011
S214024490024B1878003818BF012070472F5F0020A3
S2140244A0002108B5084B09481970094B1970094BC9
S2140244B01970094B1A781201F5F744FDBDE8084059
S2140244C00648FDF77FBF00BF305F0020BC3E0020DD
S2140244D02F5F00202E5F0020C2680020906600201A
S2140244E010B50B4C23784BB10A4803F0ABFD58B11C
S2140244F0084B0121188815F04BFC08B9002010BDA6
S2140245000122054B1A70FAE7FFF7F0FEEAE700BF52
S2140245102F5F0020BC3E00202E5F002010B50E4B01
S2140245201B78BBB10D4C238883424FF0000311D198
S2140245300B4AE160137049B9A3781033A37015F0E3
S2140245401DFF18B9A37823F00F03A370FFF7CEFE62
S214024550012010BD1846FCE72F5F0020BC3E00205D
S2140245602E5F002070B592B00C46064613F00FFA86
S214024570E17A05460020FCF72DFC28B394F90A00E0
S21402458015F064FA10BB134BE27A294683F85820DA
S214024590A27A83F85A206A46FCF750FF4FF6FE735B
S2140245A09E420CBF4FF6FF7323896A4629460020B7
S2140245B0ADF80660ADF80430FDF7F6F940B9228989
S2140245C0054B5A8012B070BD5520FBE75620F9E71E
S2140245D02120F7E700500020EC50002010B50446DA
S2140245E0014608220948F5F7FFFC237B022B0AD86E
S2140245F0002B14BF3122012205490B7017234B6191
S214024600044B1A7010BD00230122F5E7F05000207B
S214024610EC5000209D5E0020014610230120014A36
S214024620FDF74ABF64EE0100014B5861704700BFB8
S214024630EC500020014B1878704700BFEC50002069
S21402464010B5054C2378112B03D0E221034819F04C
S21402465027FC4123237010BD9D5E0020C87B04000A
S214024660064B01461B78042B04D1054A137E0533FC
S21402467013767047034819F01BB900BF9E5E0020F0
S214024680EC500020B066002008B50648FDF7AAFBED
S2140246900548FDF7A7FB13F0C1FABDE8084001F094
S2140246A003BB00BFD457002008580020064B1878DA
S2140246B0332806D000F0EF00A0F1430358425841D9
S2140246C070470120704700BF9D5E0020002208B59B
S2140246D0074B4FF6FE701A7015F024FA4FF6FF706D
S2140246E015F03DFA034B5869BDE8084013F024BAAA
S2140246F09D5E0020EC50002008B5064B187838B1B5
S2140247000548FDF74BFE4FF47A73B0FBF3F0C0B2E8
S21402471008BD00BF925E00202C4200202DE9F04327
S2140247208BB00746154698460E469DF8489049B9FE
S214024730104605AC19F0F0F921460BF0B5FD172826
S21402474018BF2646B9F1000F0AD1124B1B781BB9C7
S214024750284616F063FDD0B92846FEF713F902E0A4
S214024760284616F05BFD80F00104E4B29DF8503056
S2140247702A4602939DF84C303146CDE900933846DE
S2140247804346039415F062FC0BB0BDE8F0834C463A
S214024790ECE700BF995E00202DE9F04F97B09946EE
S2140247A09DF88830BDF880B0219D08939DF88C3026
S2140247B00E4658460FA90492079317F0A9F905B3B7
S2140247C0002800F0208195F801A00FACCAF3400A39
S2140247D08E4B19F0800F1B7814BF4F4649F08007A6
S2140247E0022B17D04FF6FF78002D40F08781022566
S2140247F0584614F0E3FE2B464246214615F0FFF9D2
S214024800BCE0584614F05BFF0446002800F0FB802C
S214024810AA46DDE71EB97E4B1B78002BE2D00DF1CF
S2140248203A012046FEF7FCFA584614F05BFF0128D0
S21402483038BF0120C3B2059395B3281D19F00EFCAC
S214024840804609F002032046069315F03AF92146FF
S21402485009908146002019F02FF9069A099B12BB8F
S214024860FF2820D1F2F7E6FA6A4A1278824200F06E
S21402487032814FF6FF72099B934214D1FEF726F857
S214024880002800F028814FF6F773984523D915F0D3
S21402489012FE11A98146FEF7E9FA0028F7D02EE0AB
S2140248A0BDF83A80CDE74FF6F772904520D893428E
S2140248B011D898450FD0194622460AA819F0C8F80A
S2140248C00A980B9913AB03C3BDF83020022113A834
S2140248D01A80FEF739F9404611A9FEF7C7FA0246D2
S2140248E028B9082111A815F0A3F8002866D0C146F9
S2140248F04FF6F67209F1FF339BB29342C7D8BAF16C
S214024900000F03D1444B1B78002B60D1584614F09D
S21402491055FE059B4A4601930123214600933B46DA
S214024920FEF7E4F84FF6FF739842804600F0D38015
S214024930014600220AA819F08BF80A980B9913ABC5
S21402494003C3BDF83020022113A81A80FEF7FCF834
S214024950002D3FF44DAF002E40F0D2804546012395
S214024960C7F3C0074246CDE9016321462B460498A9
S2140249700397CDF800A015F069FBA846BAF1000F20
S2140249800FD04FF6FF7398450BD0404619F0C4F887
S214024990FF281FBF214A32F8103023F4804322F842
S2140249A01030089B7BB315F0B1F8249B01460093A8
S2140249B04246234607980CF0EDFC24E008222046E7
S2140249C011A9F5F70BFE00287FF461AF8FE7002DE3
S2140249D064D0134B1B68980727D5049B0F2B21D056
S2140249E0281D19F03BFB02230121CDE901310023EA
S2140249F0C7F3C0070246009321464FF6FF7304989A
S214024A00039715F023FB17B0BDE8F08F9D5E0020DC
S214024A10925E0020965E0020995E00209857002045
S214024A2080420020079B012BDAD1281D19F016FBC5
S214024A30804619F071F80990404619F0ECFB4FF6E3
S214024A40FF71BDF83A208A4256D04245099B53D19F
S214024A50FF2B4AD0184616F0F7FB784010F0EF0FFF
S214024A6014BF01230023BDF83A00099319F054F845
S214024A700690BDF83A0019F0CEFB099B66B14FF6D8
S214024A80FF7CBDF83A10614506D0414504D0069A2F
S214024A900240D2B2FF2AA3D1002BA1D12246494618
S214024AA00AA818F0D5FF0A980B9913AB03C3BDF8F2
S214024AB0302058461A8014F081FD3A460146059B7E
S214024AC013A8FDF7DDFF30B94FF6FF73BDF854802B
S214024AD098457FF43DAF4FF6FF789DB10126281D1D
S214024AE019F0BCFA4546804639E7FF2804D0069BF3
S214024AF0B3FA83F35B09B6E70023B4E70226EEE7D0
S214024B000026ECE7012573E60022014B1A76704771
S214024B10EC50002008B50B4B1B78022B10D10A4B29
S214024B201B78033B012B0BD9084B187800F00100C9
S214024B30FEF730FA0023064AC2E90133538008BD65
S214024B400020F3E79D5E00209E5E0020925E00201D
S214024B50EC50002038B5174D2B78033B012B1CD8A0
S214024B60154BB3F868204FF6FF739A4215D103200F
S214024B70FDF728FD02F0CEFBFFF7CCFF2B78033BB8
S214024B80012B01D909F0FCF8002018F09BFC78B143
S214024B90BDE83840002014F027BEFDF7FDFC0446B1
S214024BA0FDF7F4FC0146204608F05EFB0220DFE734
S214024BB038BD00BF9E5E00200050002008B5114A96
S214024BC0114B58611378032B1BD0D3B1332B01D072
S214024BD0432B10D10D4B1B78033B012B05D8032327
S214024BE01370BDE8084012F0A7BF12F0A5FFBDE89B
S214024BF00840FFF7AFBF21231370BDE8084002F05C
S214024C009DB908BD9D5E0020EC5000209E5E0020EF
S214024C1038B504461348FDF7D5FB134B1B78013B0A
S214024C20012B1DD8114D5CB92B7823B140F61940E3
S214024C302C7012F081FF0024FFF76CFF204638BD6F
S214024C40FF2C05D04FF47A710648614318F030FE07
S214024C502B78002BEFD1012340F618402B70E8E7A3
S214024C600224E9E72C4200209E5E0020925E00208D
S214024C7038B5114D04462B78834218BF287013F0BE
S214024C8091FB80B124B9204613F08EFB02220DE080
S214024C90012013F089FB2B781A1F012A05D9062B4F
S214024CA0F4D1032202E0002CF5D10122BDE83840FF
S214024CB00021084615F0F0B89E5E002030B5044686
S214024CC085B068460D46FFF7A7FC94B1002128463A
S214024CD0144A02F043FB144B20681B7861688DF877
S214024CE00430124B1B788DF8053002AB03C306F076
S214024CF0B1FA0F4B93F8582093F85A308DF80320E8
S214024D008DF8023014F01FFFADF8000014F0FEFE1E
S214024D101023ADF8060069460020064AFDF7CCFBD4
S214024D2005B030BD00F8FF07B86800209E5E002080
S214024D300050002064EE010010B5144B04461A78A9
S214024D40134B002083F8582018F0BCFB10B100204B
S214024D5014F04AFD00210846FFF7B0FF0D4B1B7802
S214024D60033B012B0ED813F011FB2046FCF754FE32
S214024D7040F6174012F0E0FE0023074A1380074A67
S214024D80138010BD0BF016FCEFE700BF315F00206A
S214024D90005000209E5E0020AE570020AC57002038
S214024DA01FB504466846FFF737FC54B100238DF85A
S214024DB00530102369460020064AFDF77DFB04B045
S214024DC010BD14F0A3FEADF8060014F0BCFEADF85C
S214024DD00000EEE764EE010010B50146044600202E
S214024DE0FBF7F8FF90B10C4B1B78023B032B0FD856
S214024DF00A4B1C7018F040FF60B9094A0949FCF7D3
S214024E007FFB003818BF0120800010BD5520FCE74C
S214024E100220FAE74D20F8E79D5E0020315F002071
S214024E20FD840200394D0200F8B5064618F024FF4C
S214024E30044668B918F046FB50B1064D204695F870
S214024E40587085F8586014F0CFFC10B185F8587089
S214024E504D20F8BD005000202DE9F041804618464E
S214024E60033B012B0E46174602D918B121243CE01B
S214024E70FFF7FEFE294B1B78012B4CD0284B1D78E2
S214024E80022D08D0032D46D1B8F1000F03D1254BD1
S214024E901B689B073FD43320FDF794FB01F0E8FC28
S214024EA0B6F1006F34BF204B052231464FF00600A4
S214024EB038BF1A78FEF776FA044628BB1B4D2873CD
S214024EC0012000F029FF14F03EFE68802846B8F163
S214024ED0000F0DD0022300F8043B15F02FF96C7377
S214024EE02F613946304612F061FD2046BDE8F0815A
S214024EF0012300F8043B15F021F96C732F61394643
S214024F00304612F052FDF0E72846FDF75BFBB8F19B
S214024F10000FF4D0E5E70224E7E700BF9E5E00201C
S214024F209D5E002080420020EB680020EC500020AE
S214024F30034B187818B9034B034A1B78D05C7047AA
S214024F409C5E00209E5E002073C8040038B5174B96
S214024F5004461B78033B012B06D8437BDB0703D5AD
S214024F6090F9090013F011FA0025114B83F85950F5
S214024F702079FFF759FFFFF7DBFF61882488034695
S214024F8022462846FEF720F8044620B11720FFF7EF
S214024F9015FE204638BD1723064DC82106486B610C
S214024FA018F086FC03232B76F3E700BF9E5E0020F4
S214024FB000500020EC500020B0660020F0B51A4DDC
S214024FC006460C4693B0A5F8680005F16A0729BBA9
S214024FD0C5F86A10796012F0DAFC6A4601460020CB
S214024FE0FCF72CFAD5F86A30ADF81060CDF812301E
S214024FF07B68CDF8163012F0CAFC6A4601460020DD
S214025000FCF7D2FC4FF6FF73B5F86800984203D05F
S21402501014B1064912F0CDFC13B0F0BD0822384692
S214025020F4F7E2FFD7E700BF005000206A500020E6
S2140250302DE9F041DFF8B8801F4698F800300546A3
S2140250400C4616461BB102252846BDE8F081531EC3
S214025050052BF8D818F010FE0028F4D13B7B032B62
S21402506014D14FF6FE739C4212D1012E09D0022EA5
S214025070E9D114F04BFD4FF6FB73984203D814F0B7
S21402508045FD044604E015F016FAFAE7012EDAD0DA
S214025090EDB939462046FFF765FA05460028D3D112
S2140250A098F80030332B03D0532B1CBF0E4B1861DD
S2140250B03046FFF7DDFD00214FF6FF70FFF77EFF5B
S2140250C00A4B1B78002BBFD00BF048FABCE7397BA3
S2140250D0721ECB1E594259415042504107F054F9B4
S2140250E005460028D5D0AFE7EC500020EC6800203B
S2140250F09D5E00202DE9F84305468846914614F049
S21402510005FD3F4E04463378033B012B06D86B7BE6
S214025110DB0703D595F9090013F037F914F0F6FC0E
S214025120384B394F188014F00EFD384B1880FDF7B7
S2140251302DFA374B1880FDF72FFA0822014635481C
S214025140F4F752FF14F0ABFC334B18702879FFF7D4
S2140251506BFE00216888FFF731FFFDF72DFB60B17B
S2140251604FF6F672631E9BB2934206D915F0A3F968
S214025170B7F8683004468342F8D0204614F0D2FCD2
S214025180288814F0ECFC4946B7F86800C047044685
S21402519028B91920FFF712FD1920BDE8F883B7F8E1
S2140251A0681014F04AFA00231C4D87F859302B7801
S2140251B003F0FB03022B02D0204614F037FF002236
S2140251C020461146FFF7F2F80446A8B117236B6192
S2140251D03378042B09D1C821114818F069FB032340
S2140251E02B7684F00100C0B2D7E74FF416710C4854
S2140251F018F05EFB0023F3E71720FFF7DFFCF0E76B
S2140252009E5E0020DE57002000500020DC57002063
S214025210DA570020325F00203A5F0020EC50002070
S214025220B0660020F0B50C461E460B4620490746DF
S21402523089B004F1140053F8045B834241F8045B1E
S214025240F9D11B8802AD0B80D4F80E00D4F81210E8
S214025250238803C5ADF8103023798DF812208DF817
S214025260133000233A468DF814304FF6FE710120B3
S21402527002ABFFF7DDFEC8B902A8FFF7AFF9237B42
S2140252804BB10C4D0C4B01AA29460120019313F099
S21402529058F82A781AB92046FFF758FE03E0204647
S2140252A00199FFF727FF08B9044B1E7009B0F0BD3D
S2140252B0E0570020EC50002053A103003B5F002083
S2140252C001232DE9F341304E05460F4600202F49B3
S2140252D01446737300F0EEFC13F059F8DFF8AC8056
S2140252E038B9012D01D9042D0FD12146384612F0C6
S2140252F0E7FB102000210AF07FFC00283CD00020AB
S21402530002B0BDE8F041FCF7A3B8002CF1D1204B67
S2140253101B78212B03D0062B01D0532B02D101F090
S2140253200DFEE6E7FDF748FA0028E2D000F0EEFCB4
S21402533028B9307BC0F11800FFF740FCD9E7154BBF
S21402534041462046019300F0B5FC20B140F6190113
S214025350114818F0A5FD01AA0B4998F80C0012F0A6
S214025360F0FF32781AB90948FFF7F0FDC1E7019954
S2140253700648FFF7BFFEBCE7FFF78AF80028BED153
S21402538002B0BDE8F08100BFEC500020E0570020DC
S2140253909D5E002053A10300C87B04001FB5144B7A
S2140253A004461B88DB0707D44FF6FF700021FFF781
S2140253B005FE002004B010BD0A230E4A012001A9F2
S2140253C0FDF77AF84FF6FF73BDF80C209A42EBD041
S2140253D00822FF2101A814F02BFB0028E4D10CB907
S2140253E00120E7E7BDF80C0001A9FFF7E7FDF7E7A4
S2140253F0F857002026E1010038B50C46154614F091
S21402540091FB03F0AFFE29462046FFF7D7FD00F0DA
S2140254107DFC48B1074BDB790E2B28BF0E230133E8
S214025420DBB2054A137038BD044B1B78013B18BF2C
S2140254300123F6E7E0570020515F00209E5E002021
S21402544038B500220821044614F0F2FA0546C8B917
S21402545014F05CFB2A464FF6FF71FFF7CDFF20469D
S214025460217CFFF72BFC6269E189207C01F076FF44
S214025470054B1B78012B01D107F0F6F8FFF76AFB04
S214025480002038BD0120FCE79E5E002038B51D4690
S214025490FFF7CEFD0446C8B92B7B2846032B03D163
S2140254A0BDE83840FFF7CCBFFFF798F8084B254613
S2140254B09C8114F0F4FA0121064B81401A780620EA
S2140254C0FDF770FF044608B1034B1D70204638BD39
S2140254D0EC500020EB6800209D5E002030B50120D5
S2140254E087B0FFF75BFF6B460446144A10685168A4
S2140254F003C384B905F0BCFE02A8FFF78DF84FF689
S214025500FF752246BDF80E002946FFF775FF12F01A
S21402551056FA07B030BD6B46094AD2F86A00D2F88E
S2140255206E10B2F8685003C305F0A2FE02A8FFF799
S21402553073F86A46BDF80E00E6E700BF30050400C1
S2140255400050002073B53A4B04461B781BB1022468
S214025550204602B070BD18F08FFB0028F7D100F08D
S214025560E5FB14B12288334B1A8000210DF10700A7
S214025570FDF7ACF8002856D114F0D1FD04460028F9
S214025580E6D12D4D9DF80700FFF772FB2B785A1EC9
S214025590012A1FD8FFF7A2FF2B78033B012B01D865
S2140255A001F014F9FFF7D6FA012014F03FFA034689
S2140255B000283AD12A78033A012AC9D81D4A108807
S2140255C010F0020521D0052201201C49FFF744FCF9
S2140255D00446BDE7033B012B04D82046FFF7DEFE58
S2140255E00028D7D12B78053B012BB1D8FFF776FFE1
S2140255F0FFF7B0FA2B78052B0CBF04200520FCF72A
S214025600E1FF012014F012FAE2E70D4E02233146C2
S21402561001200C4AFCF750FF33885B0798D52846D2
S21402562001F0E8F894E7172492E7044690E700BFF3
S2140256309D5E0020F85700209E5E002000F8FF07BF
S214025640AA57002027E101007FB50024184E194D05
S2140256503278E3B29A4201D804B070BD4FF6FF73B7
S214025660B5F868209A421AD0134B1B88DB0714D56C
S214025670124AB5F8683010685168ADF80C3001ABC4
S21402568003C30F4A0A23002001A9FCF715FF0223D1
S21402569000200C4A0C49FCF70FFF0134D8E7002221
S2140256A00821064814F0C4F90028F6D1DCE700BF4A
S2140256B0C468002000500020F85700206A500020DE
S2140256C026E1010027E10100AA57002010B501F0EB
S2140256D0CFF802F013F8D8B10E48FCF773FE0E4866
S2140256E00E4C017A0E30FFF7E9FA23781BB100F070
S2140256F0BFFA002323700022094B1A73FFF72AFA17
S21402570008F056FD01F044F9BDE81040FFF79CBFD3
S21402571010BD00BFB0660020E05700203B5F0020AF
S214025720EC50002010B52548FCF74CFE01F0E6FFD1
S21402573030B1234B1B781BB9BDE81040FFF7C6BF3C
S21402574001F0DCFF78B11F4C237E83B1C8211B48D1
S21402575018F0AEF80021237E0846013B2376BDE80A
S2140257601040FBF7E3BEFDF727F80028EBD1FDF764
S21402577023F8154B1B7858B9112B03D003F0FD0301
S214025780412B19D1BDE810400E4B5869FFF716BAE7
S214025790332BF7D10D4B188814F0C4F90C4B18882C
S2140257A014F0DDF90B4B0C491888FFF707FC0B4B7E
S2140257B01878FFF739FBE5E710BD00BFB06600209A
S2140257C0995E0020EC5000209D5E0020DE570020EF
S2140257D0DC570020DA570020325F00203A5F0020B4
S2140257E02DE9F04F0F4685B002AD044629463846ED
S2140257F0914616F08DF94FF0000B82463846CDF8EA
S21402580004B013F0E3FF4678022C804606F0020648
S21402581009D85CB1FCF7D0FF0446002848D1754B86
S21402582001241B7865E0043C022C3AD9FCF7C4FF3D
S214025830384613F044FF00240546A046DFF8D8A1F8
S214025840384613F0C3FF50F809300DF105000193F6
S21402585018F004FC9DF807B00746B8F1000F4DD1CA
S214025860BBF1000F5BD0DFF88C9199F800300BB1DA
S214025870002E63D0002C61D05F4B1B78022B5DD1CB
S214025880BBF1000F53D1384614F04CF9584659462E
S214025890FFF714FA08F08CFC40F6074012F04CF9B9
S2140258A034E014F00BFCFCF787FF0446F8B15C46C4
S2140258B04EB1524B1B78012B02D0043B012B0BD866
S2140258C005B0BDE8F08F4B4B1B782BB14B4B1B78CA
S2140258D003F0FB03022BF3D0BAF1000F404608BFD9
S2140258E0002516F008F94FF001088246A8E7414B5A
S2140258F01B78002BF0D0002EEED1E1E7BAF1000FB4
S214025900AED05046FDF73AFB0028A9D1002017F08A
S214025910D9FD0028D4D0002013F066FFD0E74FF65A
S214025920F7739F429FD91720FFF748F9EEE7FCF777
S21402593043FF48B13248FCF745FDF4E7FCF73CFF6D
S21402594010B1BBF1000FF5D1FCF736FF0028DDD011
S2140259502846FDF767FFFF28DFF89CA0294C03D0F6
S2140259609AF80030012B04D12946B4F86800FEF7F5
S214025970C5F8FEF781F92A463846B4F86810FFF7EC
S2140259803BFD214B214A93F906301B0213809AF8FD
S2140259900030012B19D0312B14BF432311238AF870
S2140259A000301B4B1648196817F082FF00F00EFFF6
S2140259B00023124C99F80010237641B9104817F0CC
S2140259C077FF40F61B436361A0E71123E7E7B8F1D0
S2140259D0000F03D016B1FFF779FEF2E70D4B1B78E6
S2140259E0042BEED10521064817F062FF0923237621
S2140259F0E7E700BF995E00209D5E0020EC50002085
S214025A00B066002000500020E0570020F657002025
S214025A10D06600209E5E0020205F00202DE9F04325
S214025A20084693B00E4613F0D1FE092200218046A6
S214025A3017F092FD0446304613F041FE0522074653
S214025A400DF1090330460AA912F0D0F80228814661
S214025A501DD09DF8093031461C440023E4B204F1FF
S214025A60100218F8045001200093D2B20FF016FF6D
S214025A7068B1072D09D855B1013D062D07D8DFE8D4
S214025A8005F00918068A062541007C2D45D013B07C
S214025A90BDE8F0835B4B1B78013B012BF7D8304601
S214025AA013F08CFD002332461946009414F00AFBCC
S214025AB0EDE7554B1B78012BE9D1544B187800289B
S214025AC0E5D122463146FFF78BFEE0E74D4B1B78C9
S214025AD0013B012BDBD8384609F0DCFF4FF6FF739B
S214025AE09842044606D0304613F068FD22463946F0
S214025AF014F074F8444B1B78022BC8D1384611F0C8
S214025B00DDFFC4E73F4B1B78013B012BBFD849465C
S214025B1030460AAA00F01EF9B9E73A4B1B78013B59
S214025B20012BB4D8A04498F8012098F80230652AD0
S214025B30ADD16D2BABD1304617F0EAFD1334E4B28B
S214025B408442A4D20822394603A8F4F74DFA214625
S214025B5030460DF10A0215F01EFF002897D1BDF857
S214025B600A30002B93D005A809F0B0FA0123284D7D
S214025B70BDF80A002B7017F0CBFD0446BDF80A00EC
S214025B8017F0AAFDE2B2034605A903A811F030FFFA
S214025B9000232B707BE71B4B1B78013B012B3FF648
S214025BA076AF06220021404617F0D6FC404418F095
S214025BB055FA0746FCF758FE044600287FF467AFFE
S214025BC0304613F0F6FCC3047FF561AF46F20403D9
S214025BD00121ADF8143038460223CDE9004405AA67
S214025BE015F028FF054600283FF451AF394613F05A
S214025BF024FD304613F0E2FC22462946FDF706FA5B
S214025C0045E700BF9E5E00209D5E0020EC5000200F
S214025C106C5F002008B5084B187050B1074B1B8804
S214025C203BB14FF47A710648594317F041FE002003
S214025C3008BD0120FCE700BF905E002064680020DB
S214025C402C410020014B1878704700BF905E002060
S214025C50014B1880002070476468002008B5FCF7E6
S214025C60B1FB0022014B1A7008BD00BF905E0020F7
S214025C7010B50024044B05481C80054B1C70FCF72D
S214025C80A1FB204610BD00BFFA570020D4660020B4
S214025C90455F002008B50348FCF794FBBDE80840C2
S214025CA0FFF7E6BFD46600200148FCF79BB800BFAA
S214025CB0FA570020F7B5134B04461B780E46EBB195
S214025CC083421DD90021104818F02CFA00250146FF
S214025CD00D4F09B9012009E0AC4209D10024162370
S214025CE022463046009418F0BAFA204603B0F0BDB9
S214025CF0384618F03BFA01350146EAE71820F5E780
S214025D002720F3E7455F0020FA570020014B18785A
S214025D10704700BF455F002025289DBF024B1870C4
S214025D2000202120704700BFEE680020012307B53F
S214025D301846064A0DF10701FCF7BEFB9DF8072040
S214025D40034B1A7003B05DF804FB00BF29E10100A3
S214025D5066680020F8B507460E46144613F0AFFCF8
S214025D601A4B05461B78022B2FD1194818F008FA51
S214025D7058BB284611F057FF38B3224631463846FC
S214025D8011F04DFF08B311F005FE0446384613F035
S214025D9015FC104B012E1A784FF00F0303FA02F38C
S214025DA09BB2B4FBF3F203FB124404F10104A1B26A
S214025DB006D1094B094A1E702B6813606B68536044
S214025DC00348BDE8F84017F073BDF8BD9D5E00209D
S214025DD04C420020ED680020445F00203C5F00201B
S214025DE084B010B502AC84E80F00082227480DF1F3
S214025DF01601089CF4F7F2FB08BB9DF815309A07CB
S214025E0005D4234B1B7803F0FD03312B1DD121490A
S214025E106378097803F00F028A4203D0012922D15F
S214025E20022A12D1227882B91B09022B0DD11A4BF3
S214025E30A0781B78022B1AD1C0F3800006E000225D
S214025E400821124813F0F4FD20B90020BDE81040E6
S214025E5004B07047114BBDF808205B889A42CCD03C
S214025E60002BCAD0F1E70229EFD1012AD9E70306AF
S214025E7009D40B4BB3F86820BDF80A309A42E4D135
S214025E80FEF714FCE2E70120E0E700BFF050002036
S214025E909D5E0020B86800209E5E0020EC50002028
S214025EA000500020284BF0B55D88002387B08DF89F
S214025EB00830264B0DF10B001B7805F0010743F066
S214025EC020038DF8093014F039F96FF07F43ADF8EE
S214025ED013308DF8153014F0AFF91D4B8DF81600FF
S214025EE01B7805F01006DB00DCB2F0F7A3FF194BB7
S214025EF01B7883422CBF44F0040344F084032FB182
S214025F00A9061ED426B143F0020301E0AA07F9D47B
S214025F10002108468DF80A3017F052FCADF806004C
S214025F2058B101230F2202A90DF10600FCF79EF9D3
S214025F3018B90DF1060012F001FABDF8060007B016
S214025F40F0BD43F00103DDE766680020B868002074
S214025F50515F0020965E002010B5FCF733FA0A4B1C
S214025F601B78022B0CD1094B1B78033B012B07D95C
S214025F70074C207828B1002011F058FE0023237029
S214025F8010BD13F0FEFDF9E79D5E00209E5E002028
S214025F90445F002084B02DE9F0478EB016AC84E84A
S214025FA00F00DFF878C1594BBCF802009DF85DA0DF
S214025FB010F001049DF96220BDF870E09DF875901E
S214025FC09DF976709DF878509DF97A109DF95E805D
S214025FD09DF860601B7835D09DF87D00C0F34004C4
S214025FE0C0F38000002B4AD0494B1B78022B09D104
S214025FF08A4244DB24D1A81BC0B280288CBF002072
S214026000012016E0434B1B78012B01D1002C7AD0DD
S21402601078B19CF800301E335BB29F42D4BF002793
S21402602001279845D4BF00230123BB4206D18A42EA
S214026030E0DA0EB0BDE8F04704B070473846F8E73D
S2140260400020F6E710F0020F18D0C3B1490814BFBB
S21402605001200020520814BF012300238342E8D106
S214026060AB1BDBB2802B0AD9AE42E9D1B84506DBC0
S21402607049D1CA452CBF00200120DAE70BB901201E
S214026080D7E7AE4216D002AC1CAF0FCF0FC497E8CC
S214026090030044F8040B2180DDE91A0116AB0090D8
S2140260A0ADF804100FCB12F043F90028E7D1AE4248
S2140260B0A1D1BEE7BDF8583073451ED008AC0DF12D
S2140260C0700CBCE80F000FC49CE8030044F8040BF5
S2140260D02180114C638873450FD10822211D0DF1D2
S2140260E02E00F4F77BFA024638B90821201D13F079
S2140260F09FFC10B96388002BC1D1B845BFDBC2D163
S214026100CA45BCD3BFE7204693E700BF455F0020E1
S2140261109E5E00209D5E0020EC50002066680020F7
S21402612084B02DE9F04F8FB06A4E18AC08AD84E803
S2140261300F00162200212846F3F704FF33783BB9F6
S2140261400024654B32781B789A4239D2002726E023
S2140261500021624817F0E6FF00270446B846DFF83B
S2140261607C91002C45D13FB1224639465B4813F05C
S214026170C2FB3378013B33703378002BE0D000212A
S21402618056484FF0000917F0CDFF4F468046CA46E4
S214026190DFF848B1B8F1000F6CD1002FD1D016212C
S2140261A0002218A813F02DFB014648B1002F00F07C
S2140261B08B802246494813F044FB33780133337010
S2140261C0454B32781B789A4207D944480022018808
S2140261D013F091FB3378013B33703378012B03D1F4
S2140261E03F49404817F064FB0FB0BDE8F04F04B0DB
S2140261F070470022214616232846CDF8008018F064
S2140262002EF81622294618A8F4F7E8F90028EBD04B
S2140262109DF864209DF824309A4225D1BDF860206E
S214026220BDF820309A421FD108220DF12E010DF141
S2140262306E00F4F7D3F9B8B902AF0DF1600CBCE802
S2140262400F000FC79CE8030047F8040B39800EAB1B
S21402625013E903000090ADF8041095E80F00FFF76D
S21402626099FE0028C0D027462146484617F07EFFF2
S214026270044676E71623002241462846CDF800A0BB
S21402628017F0EDFF02AF0DF1600CBCE80F000FC770
S2140262909CE8030047F8040B39800EAB13E90300B1
S2140262A00090ADF8041095E80F00FFF773FE07465E
S2140262B020B1B9F1000F04BF444681464146584614
S2140262C017F054FF804665E73A46044817F030FF59
S2140262D073E700BF455F0020EE680020FA570020F3
S2140262E020BF0200D46600202DE9F04F00210446AC
S2140262F09FB00DF14008162240460E91CDE90C11D2
S214026300CDF83B10F3F71EFE052220460DF11F03C3
S21402631016A911F06BFC0228074600F0F88020460A
S21402632013F054FA064617F099FE8146F01C17F051
S21402633095FEADF84000701D17F090FE012FADF8E7
S2140263404200204640F0E68013F040FA054620461A
S21402635017F0C2F90D3502232D1A00932146434643
S2140263600820EAB20FF09AFA002800F0D080204601
S21402637013F031FA012F83469DF84D3040F0E3804A
S21402638000252F4643F001038DF84D3016AE3388B4
S214026390022B4DD1F178204602310CF00FF81B2863
S2140263A046D1F178204603310CF008F819283FD17F
S2140263B0F178204604310CF001F84A2838D14FF023
S2140263C0050AF1782046013151440BF0F7FFF178C7
S2140263D00590514420460BF0F1FF059B00EB03208D
S2140263E083B200F03F02932B059240F09B8000237D
S2140263F0F778214602375744FFB23A4600930CA874
S2140264000F2317F02CFF07F10F01204615F059FA5B
S21402641007F111010546204615F053FAADF8420081
S214026420059B023353445FFA83FA33795345C8D83F
S21402643006360DF17603B342A9D19DF84D20C5F379
S214026440C03363F3410220468DF84D2013F055F910
S2140264508DF84400204613F045F98DF84500204695
S21402646013F045F99DF83230BBF1190FC3F3C3029E
S2140264708DF84720DDF833208DF84600CDF84E2003
S214026480DDF83720CDF8522094BF00229DF83E203A
S2140264908DF8482003F003028DF84A206E4A1278DF
S2140264A0022A9DF84D200CBFC3F38003DB0963F379
S2140264B082026A4B8DF84D201B78022B57D1BDF80D
S2140264C0406013F040FB864251D108A813F036FE16
S2140264D0BBF1190F48D908220DF14E0108A8F4F7AE
S2140264E07DF800283DD1B9F5004F02D0B9F5624FCC
S2140264F00DD140F6FF7325F440459D4207D1002298
S21402650008210DF14E0013F093FA00283FD01FB079
S214026510BDE8F08F13F05AF90546204617F0DCF86E
S214026520073518E7412B7FF47BAFF178204602311E
S21402653051440BF043FF4A4B1B78C3F1B303184494
S2140265408DF849006CE76FF30003F01D8DF84D30AF
S21402655017F084FD0CA90546204613F023FE0B27F0
S2140265606BE700F0B3FFBEE700F0B0FFCFE7B9F588
S214026570004F02D0B9F5624FC9D140F6FF7325F439
S21402658040459D42C3D1BBF1190FC0D9B7E7BBF155
S2140265901A0F06D007F11F0142462046C9B211F073
S2140265A0CFFE304C304D637BDBB12B78012B1DD1F7
S2140265B0012323730CAB029314AC94E803000090FF
S2140265C0ADF8041098E80F00FFF70AFC90B194E8C3
S2140265D003000090ADF8041098E80F00FFF7A0FD46
S2140265E008E0FCF7E9F80028DFD0E1E703F0FD0356
S2140265F0042BDDD02B78012B01D0042B87D11B4B2B
S214026600DDF84E001B78DDF852108DF82230BDF80A
S2140266104030ADF820309DF84D30C3F340038DF87E
S21402662023309DF8313003F00F038DF82C309DF89F
S21402663048308DF82D3009AB03C30D4B1B681BB1D8
S214026640414608A8984762E79DF946209DF84510FE
S21402665008A811F031FA5AE79E5E00209D5E0020DF
S2140266604C5F0020EC500020295F00204B5F00208A
S214026670E05000202DE9F043424B434C1B7885B096
S214026680033B012B22D817F004FC2378022B31D1CE
S2140266903E4A1468A0422DD03D4910600A68121B7B
S2140266A010443C4A0860127872B1013A93403C2288
S2140266B053434FF47A72534398421BD9032005B0D2
S2140266C0BDE8F043FBF77EBF0A23F2E717F0E1FBD3
S2140266D02378022B0ED12D4A1568A8420AD000272D
S2140266E0DFF8BC802C4E1060451B98F80030FCB2D8
S2140266F0A34202D805B0BDE8F08356F824302046FF
S2140267002B4446F8243017F05FFAC3074FF000090F
S21402671010D5204609F0FEF970B156F82430242B25
S21402672008D9102200232046CDF8009009F00CFA72
S21402673046F824900137D8E7184B1B5D13F00F0379
S2140267401FBF03F1FF32022393403C220CBF0A23F1
S21402675053434FF47A72534356F824209A42E9D9A7
S214026760204609F067F902A914F033FD28B1204645
S21402677009F060F902A911F01DF9204614F0BFFDD8
S214026780D8E700BF9E5E00209D5E00207842002073
S21402679074420020B368002090400020425E002031
S2140267A0CA680020064B1B88DB0708D50022054B6B
S2140267B043F82020044A135C63F00F031354704717
S2140267C0FC57002090400020425E002008B517F0DB
S2140267D060FB0022024B1860024B1A6008BD00BF25
S2140267E07842002074420020014B1868704700BFB0
S2140267F07442002008B50C48FBF7E4FDFBF736FFB1
S21402680080B10A4B0322B3F86810012011F0BAFDDA
S2140268104FF47A71064B04481B885943BDE808407A
S21402682017F046B808BD00BFF466002000500020EE
S21402683046680020014B1880002070476A680020D6
S214026840044A054B1870138823F00303184310807C
S21402685000207047FC570020B4680020034B1888BD
S214026860C0F30E00003818BF01207047AA57002058
S21402687008B5FFF7F3FF30B1002004490223044AAB
S2140268800880FBF719FE002008BD00BFAA570020AB
S21402689027E10100024B1888C0F30E00704700BFC4
S2140268A0AA5700200023084A01201370074A084905
S2140268B01370084B084A1B7843F004031380022324
S2140268C0064AFBF7F9BD00BF485F0020475F00207D
S2140268D0AA570020B4680020FC57002027E10100D8
S2140268E013B514468DF80710DAB9CAB20E2A18D8AC
S2140268F00E4B1B881341DB0713D517F00DF9FF2843
S21402690011D09DF807200A4B0DF107011A5400F525
S2140269108330012200F58070E5F7D4F9204602B0F4
S21402692010BD0124FAE70224F8E700BF6A680020D7
S214026930425E002030B5012100240B2385B0104DA5
S214026940019400918DF80C308DF80D000323B5F8F4
S214026950680003AA8DF80E4015F06CF868B1B5F819
S214026960681013F008FD40B10522064B64211A7028
S214026970054B06481C7016F09BFF05B030BD00BFE5
S21402698000500020475F0020485F00201467002068
S214026990064B1B78033B012B06D8054B1B781BB90D
S2140269A0044B1878FFF7C6BF704700BF9E5E0020F4
S2140269B0465F0020B368002010B51548FBF702FDBD
S2140269C0144B1978F9B9144A13787BB1013B13704A
S2140269D0124B1B78042B02D10846FAF7A7FDBDE836
S2140269E010404FF496710A4816F062BF0C4A12889D
S2140269F002F00302022A0AD1BDE810400322012057
S214026A000849FEF729BABDE81040FFF7C1BF10BD1E
S214026A1014670020485F0020475F00209E5E00202B
S214026A20AA57002000F8FF071FB50C238DF80C307C
S214026A300B4B0C461B88012123F004038DF80E3005
S214026A4000238DF80D00CDE900132046032303AA88
S214026A5014F0F0FF10B1214613F08DFC04B010BD07
S214026A60FC570020F8B5064612F013FE05463046DF
S214026A7015F004F8411C044689B230460BF09EFC21
S214026A8002340746A1B230460BF098FC394602465D
S214026A902846FFF725FF022816D02946FFF7C4FF2F
S214026AA00A4B1B8803F00303022B0DD1284617F06E
S214026AB033F8FF2808D00022054B43F82020054A69
S214026AC0135C63F00F031354F8BD00BFFC5700209D
S214026AD090400020425E0020084B1A785AB10223EA
S214026AE0013A93404EF66022534303210448B3FB17
S214026AF0F1F116F0DDBE42F21073F6E7B36800203D
S214026B001467002070B505461748FBF75BFC0122A8
S214026B10164B28461A7014F0B1FF411C044689B27F
S214026B2028460BF04BFCA11C064689B228460BF001
S214026B3045FC0F4C02232080214600200D4AFBF71D
S214026B40BBFC86B9238803F00303022B03D1FFF7AD
S214026B503DFEFFF7C1FF23885B0704D5BDE8704002
S214026B600548FFF747BE70BD14670020485F002047
S214026B70AA57002027E10100F46600202DE9F04321
S214026B801F4C0546238889B0002B33D01D4E0021AA
S214026B904FF4807009F09CFA3378DB0728D5012180
S214026BA0208816F0D1FD0746208812F00FFE02302C
S214026BB017F054FA05A98046208815F065F8337850
S214026BC0384613F0020F104B18BF0025B3F800909A
S214026BD016F09EFD0646384616F07EFDF6B2029088
S214026BE0424606212846CDE9009605AB10F022FF64
S214026BF000232380054809B0BDE8F043FBF7E2BB5B
S214026C0004580020495F0020005800203467002006
S214026C102DE9F047304F80463D880E461446994689
S214026C20ADB3104612F0E0FCB0F5006F2FD120464F
S214026C3012F0EDFC824616F06FFFFF2827D02EB129
S214026C40264A32F810302B4322F81030B5F5007F72
S214026C5036D0B5F5806F33D0B5F5807F17D1204B8F
S214026C601B88A3421CD14FF6FF718A450FD02046DF
S214026C7012F0E3FC284609F059FA50B93046FFF7FD
S214026C807DFF0023174A1380174A3B801370BDE826
S214026C90F0870220002108F0AFFF0028EED1F0E7CF
S214026CA0104D2B88A342F2D14FF6FF718A45EED0E3
S214026CB024B1204612F0C1FC00232B800023E3E718
S214026CC00023094A3B80137031464B462246404613
S214026CD0BDE8F04713F0D7B8FE57002098570020BB
S214026CE004580020025800202E5F002010B50446EB
S214026CF040F62140FFF742FF01214FF4807009F071
S214026D00E7F978B10022084B1C80084B1A700BF08A
S214026D10D5FCBDE81040064B1880064B064819887D
S214026D2016F0C6BD10BD00BF04580020495F002003
S214026D30005800204868002034670020044A137870
S214026D4018B943F001031370704743F00303FAE7E0
S214026D50495F00202DE9F04FDFF84C9187B099F893
S214026D600060002E40F08C80DFF840B1DFF840A1D2
S214026D709BF80030F4B2A34207D80022424B1A8096
S214026D8007B0BDE8F04FFDF7ABBB20463AF814500B
S214026D9008F0C0FE8046002860D0204608F04AFE72
S214026DA015F40071074645D001464FF6FF720E20D5
S214026DB013F004FC0546002850D0394612F03DFC7C
S214026DC04FF400730027304E204633803AF81420E2
S214026DD022EA03032AF8143010220023009708F050
S214026DE0B3FE2A4B1B88DB0707D5294B294A43F8F3
S214026DF02470135D63F00F031355182000216043BF
S214026E00254B264C0093019101232A46205CFAF773
S214026E10B1FB002814BF0123002389F8003005D1F6
S214026E203388B3F5807F01D11D4B1880404607B0EA
S214026E30BDE8F08F680513D5059113F03CFB0122DF
S214026E4005990346009207203A46CDE90111FDF75F
S214026E5065FC4FF480630546002DB3D1013687E703
S214026E60104B18880028F9D0EA05F7D5394612F0F3
S214026E70E4FB0C4B1D880A4B1D804FF48073EBE736
S214026E804FF00008D2E700BFFE570020FC57002054
S214026E9090400020425E0020116C02008013002009
S214026EA002580020045800202E5F0020CA680020E6
S214026EB098570020042230B501F0400387B0002B1B
S214026EC0054614BF012400248DF80C208DF80D1001
S214026ED004D004A914F07DF938B304ABCDE900431D
S214026EE001210223284603AA14F0A4FD0446F0B1A9
S214026EF0104B1B78033B012B04D80F4BB3F86810DA
S214026F0012F09BFB4FF6F7739D4209D932220221FB
S214026F102046FDF74BFA80F00100C0B207B030BD44
S214026F202946204613F027FAF5E70120F6E719204E
S214026F30F4E700BF9E5E00200050002010B5FFF769
S214026F4097FC04F0DBFF13F06FF8002014F03CF916
S214026F5016F092FE08B1FCF7B7FA204C2378532BB2
S214026F6012D1032323700023FF2219460120FDF7C6
S214026F7073FF002016F0A6FA10B1002012F034FCBF
S214026F80BDE8104011F002BA062B01D0212BF0D139
S214026F900120FDF705FF4FF6FE7012F0C3FD4FF617
S214026FA0FF7012F0DCFD0020FDF732FE0020FDF738
S214026FB05FFEFDF7AFFD00F087FB11F0EAF92378DC
S214026FC0212B02D1FDF782FBD3E70020FBF7FAFA6A
S214026FD000214FF4004013F0F9FECAE79D5E002040
S214026FE010B50A4C0A48FBF7EDF92378062B02D1B6
S214026FF00120FDF7D5FE2378062B01D0532B03D1B3
S214027000BDE81040FFF79ABF10BD00BF9D5E00208E
S214027010546700202DE9F84FDFF8CC8004460E4670
S2140270201746FFF725FC98F8005015B90220BDE870
S214027030F88F212DFAD0DFF8B49099F80030012BA2
S21402704001D1A306F2D4274817F09AF80028EDD10A
S21402705014F0200439463046DFF894B0DFF894A0E6
S21402706005F00F051BD010F0A3FC012D8BF8007065
S214027070AAF8006033D1212388F80030FFF75EFFBC
S2140270800020D4E7212388F80030FFF757FF0021BD
S2140270904FF6FE70FDF792FFFEF7D6FAF0E710F015
S2140270A086FC012D8BF80070AAF80060EAD0062351
S2140270B021464FF6FD7088F80030FFF7FBFE40F6DB
S2140270C0020240F2262199F800300648033B012BC3
S2140270D088BF114616F0ECFB002CD1D1D7E753231C
S2140270E0E6E700BF546700209D5E00209E5E0020FB
S2140270F04A5F00206C6800202DE9FF410F460546D6
S214027100511C38460BF05AF90446384612F05EFB1C
S2140271100646023016F0A2FF424B80461B7804F069
S2140271204002022B02D0043B012B06D83E4B1B68C2
S214027130580205D5A10603D452B304B0BDE8F081C7
S21402714032B33A4A1278D11E012917D8384BB3F80F
S2140271506830AB42F1D17378180714D5304614F074
S214027160CAFCFBF70BFF0028E7D00122294604F0F1
S214027170200004B0BDE8F041FFF74CBF022ADCD184
S214027180DF01DAD4E7E712F0C1FC4045D5D1ECE7DF
S214027190264B1B78013B012BCFD87378D906CCD56A
S2140271A002A9384614F0B4FC002002A916F084FCAA
S2140271B0FF2806460BD0A20601D413F022F830466A
S2140271C008F038FC04F0BAFE304614F098F8284668
S2140271D017F021F8FF280DD0FCF766FB14F0200606
S2140271E008D112F093FC28B133460222284602A99F
S2140271F005F0E0FF12F08AFC00289ED1A3069CD47C
S21402720002A94FF6FF73022228460EF008FB4FF63D
S214027210FF72034600922846022202A910F0BAFC28
S2140272208BE700BF9D5E0020804200209E5E00200D
S2140272300050002038B504460D4616F06DFCFF28B7
S214027240034615D00B4A127842B10B4A32F8102088
S214027250520403D514F053F8002038BD184612F035
S214027260D0FF204645F04001BDE83840FFF722BE79
S2140272700120F2E7995E00209857002038B50546AF
S21402728012F0A4FA0446284614F0F8FB411C89B210
S21402729028460BF093F842060DD563781B070FD5E8
S2140272A0204614F028FC0146002016F005FCBDE836
S2140272B0384014F024B80348BDE83840FFF790BEC3
S2140272C038BD00BF5467002038B54FF6FF75A84298
S2140272D0044617D012F037FCA04213D04FF6FD72C8
S2140272E0094B198891420DD9084A1288AA4201D040
S2140272F0A24207D11C804FF47A71BDE83840044898
S21402730016F0D6BA38BD00BF526800206E6800205C
S2140273100C42002008B50448FBF754F84FF6FF72FB
S214027320024B1A8008BD00BF0C42002052680020A3
S21402733037B505460C46082369460120064AFBF780
S214027340BBF815B19DF806302B700CB1009B23607C
S214027350BDF8040003B030BD25E1010007B50823DF
S2140273608DF80600ADF80410009269460020034A24
S214027370FBF7A2F803B05DF804FB00BF25E10100AD
S214027380024A13780BB1013B137070478C5E0020E3
S21402739008B512F0E4FB00214FF6FF72054B0846D3
S2140273A01A80FDF78BFCBDE8084040F6164010F048
S2140273B0C3BB00BF5268002008B5FBF703F80A4BB0
S2140273C01B78023B032B08D84FF6FE73074A108839
S2140273D098424FF6FF7301D1138008BD9842FCD045
S2140273E0BDE80840FFF7D4BF9D5E0020526800202B
S2140273F010B5084B1B78042B0AD012F087FB00212D
S21402740004460846FFF794FF231A5842584110BD17
S2140274100020FCE79E5E0020F0B5002689B00546F7
S214027420CDE90566ADF81C6014F028FB0A23024677
S21402743004462946009605A816F011FF9DF8153059
S2140274409DF814701F2B27D803A812F077FE082287
S2140274500DF1160103A8F3F7C1F80646E0B9092FA5
S2140274601CD1FFF7C5FFB8B1144B1B78A3B1144B60
S2140274701A884FF6FD739A420ED9124C124A237896
S2140274800433DBB223701278013AB3EB820F03DDCA
S21402749058B20EF01AFC267009B0F0BD0A34E4B2F7
S2140274A0214628460AF08AFF12F0D1FE611C2846C1
S2140274B014F007FAFFF708FFEEE700BFCC680020DB
S2140274C0526800208C5E0020B268002038B5134B4C
S2140274D01B78033B012B20D9114B4FF6FF711B780B
S2140274E0ABB1104D2B888B4217D112F02CFB4EF607
S2140274F0602104460C4816F0DBF94FF6FE7322466E
S2140275002B800021BDE83840092012F0AEBE074AA3
S21402751013888B421CBF0133138038BD9E5E002049
S214027520CC680020526800200C420020A65700209B
S21402753010B5044661B1FF2112F0E9F80021204699
S21402754012F0EBF812F019F80146204612F0EBF8AA
S2140275502146BDE810400022014816F0E9BD00BFF2
S214027560085800202DE9F0410D461746044612F051
S2140275702DF906782846FBF777F9294680462046F5
S21402758012F05BF812F0C2FAA84206D12046012198
S214027590FFF7CEFF0120BDE8F0812846B8F1000FC4
S2140275A00AD0FBF7EFF950B9144B3A462046BDE82D
S2140275B0F0411978FCF7FABE13F030FEF3E706F056
S2140275C00306012E08D012F0A1FA0023224629460D
S2140275D002F030FF0028D9D1204611F0EAFF430519
S2140275E005D52046BDE8F041002112F0D1BB204669
S2140275F013F0E7FDB0FA80F04009CCE7B06800204F
S21402760010B586B0044614F039FA104B02461868D4
S21402761019790290D3F805005B7A01328DF814309E
S21402762000238DF80C1004902146009392B2052395
S21402763004A816F014FE052204A902A8F2F7CEFF4B
S214027640B0FA80F0400906B010BD00BFDCC70400E7
S21402765008B50748FAF7B6FE064B1B78033B012B24
S21402766005D8BDE8084000210846F9F75FBF08BD07
S214027670746700209E5E002008B5114812F075F966
S214027680104B1B78012B06D8FF2009F0FDFBFCF7F8
S21402769051FD08F09DFCFCF76BF902F06BF9FFF761
S2140276A001F914F082FB0BF05BFBFCF7F9FE0BF022
S2140276B085F810F081F9BDE8084003F0B1B900BFC3
S2140276C0C8500020B168002008B5EFF701FDFF287A
S2140276D003D0094B1B78012B06D9002009F0D4FBF6
S2140276E0FCF728FD08F074FCFCF742F902F042F9B8
S2140276F0BDE8084003F094B9B1680020064B18783C
S214027700112806D000F0FD00A0F14103584258416E
S21402771070470120704700BF9D5E00202DE9F041B2
S2140277200446FCF7AFFC18B100263046BDE8F081EF
S2140277301D4B1B78033B012B09D81C4BB3F8681072
S2140277404FF6FF739942EFD0204611F076FF184BA2
S214027750022120461A88FCF729FE06460028E3D0B6
S214027760204612F033F890F807800546043016F0EB
S21402777075FC074612F0CAF9414602463846FCF73F
S21402778099FCA81C16F06AFC4FF6FF73984202D1C9
S2140277902046FFF7ABFA2B789B07C6D1012120467D
S2140277A0FFF7C6FEC1E700BF9E5E00200050002025
S2140277B0065800202DE9F04F002585B007460395B0
S2140277C012F004F80646043016F048FC8046B01C58
S2140277D016F044FC337804464046009316F09CF9B3
S2140277E082464046FBF740F83378BAF1FF0F0CBFEB
S2140277F083464FF0010B9A070AD112F087F94045EB
S21402780014BFD9464FF00109B3791BB90320B9E07A
S214027810A946F9E712F07AF9A04205D112F076F9F4
S2140278200446994B1B7836E0984B1B78052BF8D00C
S214027830033B012B03D8964BB3F86840F1E720468A
S21402784016F006FD737840B313F00402DFF83882B0
S2140278500BD198F800301A4421463846D2B2FFF7C8
S21402786081FE0028D2D000208CE0384614F0C8F8FA
S2140278700146054638460AF0A1FD421C520029463A
S214027880384602F0FE0212F036FD737823F0040347
S214027890737098F800300022DDE75B0726D538467D
S2140278A014F0AEF80146064638460AF087FD8246D0
S2140278B006F101091FFA89F9494638460AF07EFDA3
S2140278C0DFF8C481BAF1000F01D0FF2805D10022EB
S2140278D0494638460AF086FDDBE7B11C01EB40015B
S2140278E0C9B2384613F0EDFF0446D2E7204603AA93
S2140278F002A913F0E3FD0546B9F1000F4AD0009B3A
S21402790003F0C003802B0ED1FF2320468DF80930EA
S2140279100BF03EFAFF281BD00DF109020DF10A0109
S2140279200BF02AFC14E0402B34D19DF808308BB3C0
S214027930FF2320468DF809300BF02AFAFF2807D0DD
S2140279400DF109020DF10A010BF016FC2D281CD1CF
S2140279503378404603F03F03337016F079FC10B9D3
S21402796012F0D4F88046002342461946204608F014
S2140279704FFE00283FF44AAFC822072138460AF0D5
S21402798055FF012005B0BDE8F08F9DF80930FF2BAA
S214027990DED12546039838B99DF80820002A62D120
S2140279A0394B2C461B7856E709F032FA039AFF2821
S2140279B00346127908D1CDE900204FF4E17135482B
S2140279C016F06EFADDE90023B9F1000FE4D002F0FA
S2140279D03002102A0AD0202ADED1BBF1000F24D0B2
S2140279E05146184609F016FC0028D5D1DFF8A890B3
S2140279F099F80030012B45D0204610F0A3FC28B998
S214027A002A4621464046F37913F0DBFCA54212D102
S214027A10039A137923F00C0313719DF80830ABB95F
S214027A202C46194B1B78302215E7039B1B7913F063
S214027A300C0FDBD1B0E799F80030022BE8D0039A9E
S214027A40137923F00C0343F00403E5E701212046F3
S214027A5012F0A0FA20B920460BF09AF9FF280FD0B0
S214027A60094B1B78DFE70121204612F093FA002823
S214027A707FF4D7AE20460BF08BF9FF287FF4D1AE09
S214027A8002207FE7A542D9E7065800209E5E002026
S214027A90005000203E7C04004E5F002038B50E4B9E
S214027AA004461B780D46033B012B10D900F1080350
S214027AB09BB2012B0DD812F029F800230246294664
S214027AC0204608F0A5FD80F00100C0B238BD0120B6
S214027AD0FCE70220FAE700BF9E5E00202DE9F04197
S214027AE0064610460D4613F0C9FFA0F11004E7B291
S214027AF056FA84F42146EA1B04F10E00F2F774FAF1
S214027B002823DFF84480F35598F80030637301F0B9
S214027B1045FF611C0246012010F04EFC082209496E
S214027B20601DF2F761FA98F8000013F0BDF905F14E
S214027B300E0130463B460022C9B201F0E1FF122098
S214027B40BDE8F081205F0020985E00202DE9F04F0E
S214027B5089B0044611F03AFE0546204611F099FD1A
S214027B600746281D16F07AFA8146A81C16F076FA01
S214027B700390384695F807A016F06AFB2B78049017
S214027B80990761D12146042002F0C2F800285BD092
S214027B90204613F073FF014620460AF00FFC8207C8
S214027BA052D1204613F06AFF014620460AF006FC30
S214027BB010F00303059347D12046FFF721FD002866
S214027BC042D0204614F04FF8461C204615F0A0FD81
S214027BD0F6B206F10A0B834580F29F80504A06AB46
S214027BE01068516803C3711C20460AF0E7FB314651
S214027BF0804620460AF0E2FB594600EB082820465B
S214027C000AF0DCFB8346059B2146B21C009306A8BD
S214027C10082316F024FB1FFA88F8204611F039FDD7
S214027C205A46414610F0BCFB0122404606A901F026
S214027C309BFB002871D102200BF036F8013003D1ED
S214027C40404606A9EFF712FB11F060FF48453A4698
S214027C50514608D112F0CCF900285ED109B0BDE831
S214027C60F04F01F077BB484612F0C2F9002854D113
S214027C702C4B1B781BB93946484612F056FB3A463F
S214027C8051464846FCF716FA002846D0297811F0E5
S214027C90030102D12046FFF74BFCAB79002B3CD008
S214027CA0214B1B78DA1E012A37D9062B35D06B7882
S214027CB0DB070DD503982E7A13F095F910B3F30867
S214027CC003F01C0326F01F06334343F001032B7216
S214027CD04FF6FF71204611F0B0FC049BDBB90FF0A3
S214027CE059FE00F03F0202212046FCF75FFB4FF6EA
S214027CF0FF73039A9A4210D1204609B0BDE8F04FAE
S214027D00FEF7F4BF06F01C031C2BE1D0042B04D9AB
S214027D10043E2E72DCE70022E5E709B0BDE8F08FEC
S214027D2030050400945E00209E5E00202DE9F0439C
S214027D3085B004460E46174611F045FC0C28204630
S214027D407BD111F043FD0922002115F005FC00F15C
S214027D501005EDB2294620460AF030FB042853D01F
S214027D6006D8012815D0022822D005B0BDE8F08337
S214027D707C28FAD1204615F0CBFC0546204615F0A5
S214027D80ABFC02463046E9B205B0BDE8F0430FF060
S214027D902DBE46B91321204613F093FD05B0BDE86B
S214027DA0F04311F0DCBE05B0BDE8F043FCF7ACBE14
S214027DB09D4B1B78013B012BD7D82046E91C0AF0C5
S214027DC0FDFA074686B978B9691C204613F079FD94
S214027DD00546214613F056F83A462946102005B0C5
S214027DE0BDE8F04316F003B9002508232146152204
S214027DF000950DEB030016F032FA284602A915F09C
S214027E005BFE13F07CFAB0E7884B1B78022BACD1F2
S214027E1046B9FEF73FFDC2070AD5FEF7D7FC002F8C
S214027E2008BF3F26304605B0BDE8F0430FF0EABD76
S214027E30FEF714FD0028F0D0F1E711F0C7FC8046EB
S214027E40043016F00BF9074608F1020016F006F9A0
S214027E504FF6F773984205460CD8754A13880133D5
S214027E609BB213800BB9734A13801EB1714A1388F2
S214027E700133138098F8009009F00309B9F1010F55
S214027E8040F08380204613F0F9FD014620460AF0B2
S214027E9095FA043809283FF668AF01A353F820F094
S214027EA0C97E02006B7D02006B7D0200ED7E020041
S214027EB06B7D02006B7D02006B7D0200D57E0200A8
S214027EC06B7D0200D57E0200204605B0BDE8F04379
S214027ED0FFF7D4B9544B1B78042B7FF446AF00212E
S214027EE0084605B0BDE8F043F9F720BB4E4B1B78B9
S214027EF0013B012B3FF639AF404613F0FCFD00274D
S214027F004D4B01465B898DF80A70ADF808300028A3
S214027F103FF42BAF384615F0CFFD0546204613F04A
S214027F20ADFD421C03232146009792B202A816F02A
S214027F3096F99DF80A30E6B93C4A1278022A18D118
S214027F40BBB9FF2DBDF808400AD03C4A214632F89C
S214027F501530284623F4806322F8153013F0AEF964
S214027F60204613F08CFA00222146102016F03FF825
S214027F70FBE6022B3FF4F9AE2BB9304B33F8153043
S214027F805B053FF5F2AE28463BE7B9F1000F7FF4FA
S214027F90ECAE3146204604F0BBF8002E3FF4E5AEC8
S214027FA04FF6F7739D423FF6E0AE98F8016028461A
S214027FB016F0040620D113F0AFFA044628467CB128
S214027FC013F02CF90346F0B90C22009029463846E5
S214027FD012F009FB0C22002339462846009308E0DB
S214027FE013F01CF90346B8B9154A009012782946D0
S214027FF0384612F0F8FAB8E613F010F9034678B9E4
S2140280000B220090F3E706223346294638460096AE
S21402801012F0E9FA0622DEE7234600940622E6E795
S2140280204B46CDF80090F9E79E5E00209D5E00204C
S214028030AE570020AC570020DCC70400985700203B
S214028040F06800202DE9F04F05888BB004462846DC
S21402805011F0BCFB8046043016F000F8074608F123
S214028060020015F0FBFF05A90190284613F050FD0B
S214028070284613F003FD0146064628460AF09EF9F6
S21402808098F80030029003F00303012B0CBF8246DF
S2140280904FF0FF0A15F0F8FEB4F806B0814611F06C
S2140280A035FD98F8073000903846039301F08AF8B9
S2140280B0002838D1019801F085F8002849D1FCF74C
S2140280C0B9FAA9EB0B0B1FFA8BFB8146FAF774FB86
S2140280D0002844D1FFF712FB002840D1A14B1B78A1
S2140280E0033B012B42D8BAF1060F00F0BE80BAF16C
S2140280F0040F00F0BA80FFF701FB20B1029B03F0E9
S2140281000303012B32D0FAF7B1FA28B9964B1B7843
S21402811003F00F03062B6FD1944B2846B3F8681072
S21402812011F08BFA22E0284611F050FB023015F0CF
S21402813095FF4FF6F773984206D9039B23B9284654
S214028140FFF75EFA0028B5D1A37823F00F03A370D9
S21402815054E0019816F07CF80028B0D1F4E7A9F1B3
S21402816004095FFA89F9B9F1020FB7D8BAF1010F1B
S21402817040F0A280284611F04AFA4FF6FF73984262
S2140281806AD100233146284607AA13F0DBF8804658
S2140281900028D9D042799DF82530934209D9711D1D
S2140281A0284689B20AF01EF9A37823F00F03023399
S2140281B0A3700FF0EFFB7E23B0FBF3F202FB130378
S2140281C003F58073A3809DF8263013F0180F0BD0AA
S2140281D0A378190708D1009BBB4205D0384698F809
S2140281E0052005A90FF01EFC9DF82700003818BFD1
S2140281F001200BB0BDE8F08F2823A3800020F8E70B
S214028200584B1B78033B012B5FD940F6B8339B458E
S2140282109AD80FF0BFFBFF238DF81330002300F02F
S2140282203F00C0F5FA70A08007A90DF113008DF883
S2140282301C30FBF7A3FF054698F80710384611F0E6
S214028240CBFE002D80D09DF81C20013A032A7BD855
S214028250DFE802F0807A697D4FF6F773019A9A4258
S21402826024D898F80130DA0720D4284611F0CFF93E
S21402827015F08BFF012808BF3D4BA27809BF1B787B
S214028280FA2303EB830303EB830302BF9B00FA3359
S2140282909BB212097FF458AF5B45FFF455AF0FF05F
S2140282A079FB00F01F001030A08053E02D4B1B78A6
S2140282B0033B012BA9D8D8E74FF6F773019A9A42E7
S2140282C09ED898F80130DB079AD4BAF1020F53D140
S2140282D00123314607AA284613F034F8074611F060
S2140282E015FCBDF82230984236D1002F3FF42CAF51
S2140282F001227B883146284608F00EFB1D4A137879
S2140283000133DBB288F8073013707B88BDF81E2075
S2140283109A421FBFA37823F00F030233A3704FF4D1
S214028320C873A38016E0009BBB4213D000283FF41C
S2140283300BAF426801323FF407AFC2789DF81330A4
S2140283409A42BFF401AF05E0009BBB4202D0A2787E
S2140283501209EBD101204CE7184615F079FF0028E8
S214028360C3D182E79E5E00209D5E00200050002062
S214028370C26800209B5E0020BAF1030F7FF475AF3F
S214028380009BBB427FF471AF711C284689B20AF08B
S21402839015F80C287FF469AFFBF7E2FC4FF6FF7383
S2140283A0984201463FF461AF284611F046F95CE771
S2140283B02DE9F3410446008811F008FA0546043018
S2140283C015F04CFE0646A81C15F048FE074615F0AA
S2140283D05BFD05463046B4F8068000F0F3FE06461E
S2140283E048B9384600F0EEFE58B9194AA378127812
S2140283F0033A012A0BD8A378002623F00F03A370B2
S21402840021E0384615F024FF0028EED1F3E71B09D9
S214028410F1D1A5EB0805ADB2B5F5C86FEBD80DF1F5
S2140284200301384601AA019313F048F89DF8035059
S214028430014645B94FF6FF73984204D001262088BC
S21402844011F0FBF8A580304602B0BDE8F08100BF0F
S2140284509E5E00202DE9F04105460C4611F0B3F869
S214028460082802D10120BDE8F081201D15F0F6FD96
S2140284700646284694F8078011F00BF90746284668
S21402848011F097F8010612D5184B1B78042B0ED163
S214028490174B1B78022B0AD1164BB3F868204FF6FF
S2140284A0FF739A4203D000210846F9F73FF8124BB1
S2140284B01B78002BD6D1A01C15F0D0FD4FF6F77313
S2140284C0984202D86378DA070DD523789B070AD13B
S2140284D03A464146304611F08BFD80F00100C0B2AC
S2140284E000F00100BFE70120FAE700BF9E5E002011
S2140284F09D5E002000500020505F00202DE9F04FC6
S2140285009DB0044611F05FF80546204611F05BF870
S21402851008285AD14FF40043102200212046ADF815
S214028520503011F0E8FE204615F0D6F80DF0F2FBBA
S214028530002321461A460C2000930DF0AFF998B39B
S214028540204615F0C9F814A902461020FAF7D6FDFF
S2140285500501204615F0C0F814A902464020EDB2E7
S214028560FAF7CCFD10B120460FF028FA204615F097
S214028570B3F814A902468020FAF7C0FDB8B99DB137
S214028580102517A806F0A2FD2046BDF8507015F07B
S214028590BFF80646204615F09FF829460090F3B22B
S2140285A0384617AA0FF0A8FA1DB0BDE8F08FBDF83E
S2140285B0503017A8ADF85E40ADF85C300FF0EAFE1A
S2140285C00028DCD145F08005DBE7204611F04EF8A6
S2140285D0B0F5006F40F00581204611F05AF80646C5
S2140285E0042D40F00181204610F0E3FF80F4006085
S2140285F0C0F3C02000223146400015F0F8FC954B2F
S2140286001A78022A0DD0FFF779F850B902F0FD0366
S214028610312B06D0043A012A03D98F4B1B78002B44
S214028620C2D02146022001F073FB05900028BBD081
S2140286302046ADF8464011F0C9F80446BDF846009B
S21402864011F027F80546201D15F008FDA31C8346E9
S2140286501846039315F002FD12A90746BDF8460018
S21402866013F056FA63780690BDF8460094F8008038
S214028670099313F003FA6378064608F003082846BF
S2140286800C93FAF7F1F8B8F1010F0CBF032302239B
S2140286900E93724B08BF4FF00B091D80237818BF4C
S2140286A04FF00A0903F03C03082B0D907FF47CAFD1
S2140286B0BDF8460015F02CF8B0427FF675AFB8F15B
S2140286C0010F03D0237898077FF46EAF644BB3F89C
S2140286D06830AB420DD1634A634BB2F9001093F98E
S2140286E00030002900F0A58001EB0313A3EB211351
S2140286F013804FF0010AA6F11003DBB207938DF840
S214028700453010224846BDF84610CDF800A00DF1BF
S21402871045030DF0C3F800283FF446AF099B13F05B
S21402872002030A9300F00A81504B1B78002B3FF499
S2140287303BAFBDF84690484613F0A0F900230890D8
S2140287404846CDE917331993ADF8683010F0A1FF0B
S214028750089B039003F10E01484689B213F061F9B3
S214028760002870D000234946089A009317A80E23C3
S21402877015F075FD50460DF15D010FF02BFE9DF8CC
S21402878069300B9004939DF85C30282B5BD10DF179
S2140287906100FAF7F3FB0F90002854D1049812F008
S2140287A083FB0F9B002867D1314B049A1B78D31AA0
S2140287B0190648D404F04CFD50453CD115F069FB2F
S2140287C02C4E0546346824B104F048FD2C1B844226
S2140287D039D30023FF2219461846FCF73DFB3560C5
S2140287E031E04FF6FD76FBE64FF6FF70301A18BF03
S2140287F0012000223146400015F0F9FB0C2D0DD168
S2140288002146012001F084FA00283FF4CDAE21462D
S21402881000201DB0BDE8F04FFDF700B92DB9204687
S2140288201DB0BDE8F04FFDF75FBD042D7FF4BCAE72
S214028830E5E61B025CE704F00BFD022803D104F018
S214028840E9FC0028BAD000221920039915F0CFFBC4
S214028850AAE600BF9D5E0020505F0020245800203C
S21402886000500020F65700204C5F0020995E002042
S214028870985E00201051002010214846089ACDF834
S21402888000A012F04FF90028DDD0A64B049A1B7800
S214028890934240F0AA8003990DF1610214A815F0E4
S2140288A0D7F8012114A8FAF743F8824648F20301E2
S2140288B014A8FAF749F9BAF1000F03D0082114A850
S2140288C00FF023FD484613F0F7F803990DF1610007
S2140288D0FBF7E6FAFE288246B5D0FF280AD10398AF
S2140288E015F099FCFF28824600F087800DF16101A1
S2140288F0FBF750F98B4B049A1B78934200F0A38047
S21402890050460B99FBF7B2FA00283FF44DAE50469C
S2140289100B99FBF7BDFA23789A070FD1484613F056
S214028920ADF80146484609F049FD00F0030001286B
S21402893004D103980DF16101EEF798FCBDF84600EC
S21402894010F037FE030440F18580204615F086FBC2
S21402895040F4007189B2204615F082FB00224FF4E3
S2140289600041BDF8460010F015FEDDF81490012314
S21402897010220093BDF846100E980DF145030CF038
S2140289808DFF00283FF410AE032866D1204615F06E
S21402899065FB40F4007189B2204615F061FB28465B
S2140289A015F056FC002840F0B780DDF81490B8F1B8
S2140289B0010F40F0C1800320BDF8461001F0A8F96F
S2140289C0002840F0B9803146BDF8460009F0F6FCB2
S2140289D00F2801467FF6E8AD4FF6F7739F423FF643
S2140289E0E3AD284611F0EBFCDEE55046049903F0B1
S2140289F049FD00287FF44FAF25E7237803F00303F1
S214028A00012B08D1484613F039F80146484609F0CA
S214028A10D5FC082892D0444B1A78444B1B789A42CD
S214028A2009D20DF161010398FBF768F8039815F077
S214028A30F2FB82465EE7A01C15F010FB4FF6F773BA
S214028A409842EED9FFE65046FBF79AFA00283FF422
S214028A5057AF5CE74FF0000989E7284615F0F8FBA8
S214028A600028A4D00A9B002B58D1B9F1000F53D18D
S214028A70B8F1010FBDF846009DD0314609F09EFCC4
S214028A808246DFF8B09099F80030002B5FD011F0E4
S214028A903DF887427FF488ADB8F1010F40F082803E
S214028AA0BAF1070F78D8BAF1050F7FF67DAD204BE5
S214028AB01B78022B02D0043B012B03D899F8003016
S214028AC0002B4BD00C9B980640F1BB800D9B002BD5
S214028AD040F0B380284615F01FF8FF2840F0AD801E
S214028AE05D457FF461AD069B002B00F0A48012ABBF
S214028AF046F204020124ADF85C20019321460223CB
S214028B002846009417AA12F095FF00283FF44CADB1
S214028B10214611F03DF947E5DDF81490284607F0A6
S214028B2053FD44E7985E0020975E0020C36800204D
S214028B309D5E0020995E00203146BDF8460009F091
S214028B403DFC0A9B824613B9B9F1000F99D0A84B97
S214028B501B78022B02D0043B012BB3D8284600F028
S214028B6031FB814600287FF41FAD10F0CFFF85420F
S214028B7022D1A04B1B78033B012B19D89E4BB3F88E
S214028B80684010F0C3FF4B4601460D222046CDF842
S214028B90009011F028FD07E5AAF10E03DBB2012BC7
S214028BA085D901E50AF00303012B7FF4FDAC7EE7CD
S214028BB0012000F0A5FBF7E4284615F049FB58B95A
S214028BC010F0C1FF4FF6FF73984205D015F054F827
S214028BD010B92846FAF738FF284615F039FB88B14F
S214028BE010F0B1FF4FF6FF7398420BD015F044F821
S214028BF040B9B8F1010F02D1BAF1060F02D02846E9
S214028C0007F04CFA069BA3B919460122584600F013
S214028C10ABFB814600287FF4C7AC204612F06BFF00
S214028C204A460146384600F09FFB00283FF44AAF0A
S214028C30BAE412A9E9E7069B5AE7637823F0200311
S214028C4063704FF6FC739F4275D16A4B1B78033BE9
S214028C50012B7FF6A9ACA3790BB1013BA371637814
S214028C60590727D50023584617AA14A9179312F0B6
S214028C7025FC1798F0B108F0CBF88146384614F078
S214028C804BFF179A0146137903F03000102806D0DE
S214028C9003F00C0008281CBF23F00C031371137991
S214028CA003F03303202B05D1FF2903D001224846C7
S214028CB008F078FA284614F02FFFFF281EBF00227D
S214028CC04E4B43F82020099B03F001094FF6F77339
S214028CD09F4200F21381B9F1000F40F01C81294631
S214028CE0584611F022FB10F011FF874200F0DF8099
S214028CF0384615F0ADFA00284AD0B8F1010F30D147
S214028D00BAF1010F20D14A463146BDF8460007F0B7
S214028D105FFE384615F09CFA394B1B78002B78D14B
S214028D20584615F095FA002870D1384615F090FA94
S214028D3000286BD138E44FF6FD739F428BD12D4B42
S214028D401B78042B87D12FE4384615F081FA50B3EE
S214028D50BAF1030F27D13146BDF8460011F07BFC6D
S214028D6022E4384615F074FA384612F057FA00280C
S214028D7048D0002339465846BDF8462001F05AFB33
S214028D8000283FD00021BDF84600FEF7D1FB0BE4D9
S214028D90384615F05DFA18B1B8F1010FD8D0E3E7FE
S214028DA0B8F1010FE0D1164B1B78002BB8D0BAF100
S214028DB0050F2ED110F0AAFE8DF85C0010F0A6FE6C
S214028DC0000A8DF85D000123022217A90DF1460064
S214028DD0F9F74CFA00287FF4E7AB711CBDF84600A1
S214028DE089B209F0D9FA03780133037011E000BFA3
S214028DF09D5E00209E5E00200050002090400020D5
S214028E00C96800209A4B1B78002B89D0B8F1010F55
S214028E10CDD063785A070CD5BDF84640204612F0EE
S214028E20EFFD411C89B2204609F0B6FA0378013BF1
S214028E300370904B1B78033B012B30D8B8F1010F1F
S214028E4006D1BAF1050F1FD110F060FE834522D17C
S214028E50BDF84600FEF7AEFC02281CD1002158469B
S214028E6017AA08F021F930B10379458003F03C03D4
S214028E7043F04003037100237F4A00933946584665
S214028E80127811F0B0FB06E0BDF84600FEF792FC41
S214028E90BAF1030FE0D1002239461C20D6E4BDF811
S214028EA04600FEF787FCB8F1010FD5D1F0E7B8F11E
S214028EB0010F7FF467AF0AF1FF330C2B00F2AA8092
S214028EC001A252F823F000BF2B8F02002B8F020064
S214028ED0578D0200418F0200518F0200758F0200EB
S214028EE0978F0200C38F0200D98F0200D98F02002B
S214028EF0E58F0200FD8F020009900200B8F1010F13
S214028F0000F09480B9F1000F08D1BDF84600FEF7D4
S214028F101DFEFFF749BBB8F1010FCCD0237A03F050
S214028F200303012B7FF440ABEFE7AAF102035A4298
S214028F303146BDF846005A4107F04AFDFFF734BBFA
S214028F4032465846BDF84610FEF7D6F8FFF72CBB59
S214028F50711CBDF8460089B209F030FA0236F6B244
S214028F600246BDF846305846009612A90AF054F852
S214028F70FFF71ABB3F4B1B78013B012B3FF614ABA6
S214028F80079B0121009300202346BDF8462011F0DE
S214028F9099F8FFF709BB374B1B785A1E012A07D9E7
S214028FA00120079ABDF84610FCF71AFCFFF7FCBA38
S214028FB0022B7FF4F9AAF9F7FFFB0028F0D1FFF79E
S214028FC0F3BABDF8460006F069FEFFF7EDBABDF843
S214028FD04600FEF721FA98E7BDF84600FEF71CFAAF
S214028FE0FFF7E2BA234B1B78013B012B3FF6DCAAC4
S214028FF0BDF84600FDF736FDFFF7D6BABDF84600C7
S214029000FDF780FDFFF7D0BABDF846000FF0BCF9B9
S214029010FFF7CABA334622465046BDF846100FF04E
S21402902085F900287FF4C0AA5146DAE40AF1FF3334
S2140290300C2B3FF6B9AA01A252F823F02B8F02009E
S2140290402B8F0200578D0200418F0200518F0200C3
S214029050758F0200978F0200C38F0200CF8F020027
S214029060CF8F0200E58F0200FD8F020009900200FA
S214029070C96800209E5E0020F068002010B500211E
S214029080114810F019FC0446E8B110F02BFB0F4B08
S2140290901870204610F02BFB0D4B1870204610F06F
S2140290A02CFB0C4B1870204610F02CFB0A4B186059
S2140290B0012014F0F2FE2046FFF720FABDE8104029
S2140290C0002014F0EABE10BDD45700204D5F0020E9
S2140290D04C5F00204B5F00200851002070B5164EF2
S2140290E0044633680D46E3B110F06DFA0C2818D129
S2140290F0204610F06BFB09220021044614F02CFADD
S214029100235C042B0DD10D4B1B78033B012B08D897
S2140291100B4C25B10B4B22781B789A4203D30023C3
S2140291202370002070BD0848316814F0C1FB237814
S214029130012001332370F5E70C5100209E5E0020CB
S2140291404F5F0020EF68002074670020014B93F900
S21402915001007047F6570020014BB3F868007047CD
S2140291600050002070B50024124D2C70EDF762FE00
S214029170E6B2B04212D8104B1B78013B012B04D842
S21402918000214FF6FF70FBF719FF00220B4B1A70F7
S2140291900B4B198801B11A80012070BD304614F0BD
S2140291A013FDC30748BF2B7804F1010444BF013303
S2140291B02B70DBE7965E00209E5E00208D5E002010
S2140291C0A857002038B50B4B05461B7873B1013300
S2140291D05C08094B188814F07FFA002330F8132035
S2140291E0AA4205D00133DAB2A242F7D3002038BD34
S2140291F00120FCE78D5E0020A857002030B505460A
S21402920085B008460C4615F01FF8FF280CD011F062
S21402921052F9012200210346CDE9011200922146AD
S2140292202A460720FBF77AFA284614F075FCFF2830
S21402923004460FD014F0C8FCC2070DD5204614F021
S214029240C3FC830708D40B4A32F8143043F4806315
S21402925022F8143005B030BD11F02DF9012200219C
S2140292600346CDE90112009207202A46FBF756FA7A
S214029270F0E700BF985700204FF6FA72431E9BB2E3
S214029280934270B504462AD8FFF79CFF38BB194BA9
S2140292901B78042B23D0204614F0BDFFFF2801D0F4
S2140292A0FAF702FB204612F0E2F808B107F0C6FD14
S2140292B02046114E04F046FA20460EF0B1FB3178F5
S2140292C00E4D69B1288814F007FA054601461E229B
S2140292D00230F0F789FE2C8033781E2B07D970BD3A
S2140292E0202014F06DFA28800028EBD1F7E702332D
S2140292F03370F4E79E5E00208D5E0020A8570020A3
S21402930037B5134B05461B78022B1FD110F0FEFB18
S214029310044610F0FBFBFFF7AFFF11F0CCF810F09D
S21402932001FC0020FBF73CFD40F607400EF004FC73
S2140293303DB100230D2221464FF6FD70009311F039
S21402934052F903B0BDE8304004F032BF03B030BD7E
S2140293509E5E0020034B1B7813B90120FFF7D0BF97
S214029360704700BF945E0020F7B504460D461746C8
S21402937010F0CCFB0646002D47D04FF6FB739C42FE
S21402938043D82046FFF71EFF30B1A64204D1204B39
S2140293901B78033B012B38D92046FFF713FF10B189
S2140293A0012003B0F0BD20460EF00AFBC0B1A64273
S2140293B0F6D00CB369462046F9F758FD0246D8B9EE
S2140293C00821684610F034FBB0B9082269462846E0
S2140293D0F1F704F980B12946204611F09CF8DFE740
S2140293E0A642E6D12846F9F7C9FD28B90120FFF7BB
S2140293F087FF06F0DFFDD3E73FB121462846FAF79E
S214029400E7FB2146284604F0B9F90020C9E700BF69
S2140294109E5E0020044A13782BB1013BDBB2137028
S2140294200BB9024A138070478D5E0020A8570020B1
S2140294300148F8F7D7BC00BFA85700202DE9F0472F
S214029440804617460D468CB061B903AE00211B4814
S21402945014F068FE4FF000090446DFF860A01CB95D
S21402946020461DE00E46F1E7002221462423304620
S214029470CDF8009014F0F3FE082241463046F1F78C
S214029480ADF8A8B9337C9BB96FB945B92A462146CF
S2140294900A4810F030FA0A4A1388013B138001206A
S2140294A00CB0BDE8F0873B88B28953405B06ECD52A
S2140294B02146504614F05AFE0446D0E70C580020C7
S2140294C00A580020024B1888003818BF012070473F
S2140294D00A58002040232DE9F04397B0074611A80A
S2140294E08946ADF80E300EF0B1FB02238DF84430FB
S2140294F0002304AE3146384604937360F9F7B6FC8F
S2140295000546002840F0958038460EF01BFF804640
S21402951010F0FCFA0446002840F0BB8099F80130AF
S214029520042B40F0B980EDF791FC022840F08480CD
S214029530EDF78CFC022840F08B8096E803000323AC
S2140295408DF8443012AB83E803009DF851300021B9
S21402955043F00603102209A88DF85130F0F7F2FC0A
S21402956009A911A80EF007FD40B111A80EF06EFB76
S21402957030460DAB09AA11A90EF002FEBDF8463020
S2140295800DA943F0040311A8ADF846300EF04CFDC9
S214029590102209F10A010DA8F1F720F80546002865
S2140295A072D1EDF753FC022806D13146FF2009AAF4
S2140295B00EF008FD00286AD134240025EDF746FC9B
S2140295C0022808D19DF851301B0704D430460DF10D
S2140295D00E0111F0C0F92146304611F0E5F91023CC
S2140295E08DF8183004238DF81A303346002203CB48
S2140295F0CDF81B00CDF81F1006A80B218DF81950C8
S21402960010F0FFF8024638B1002D14BF01230323E1
S2140296103146384603F078F8B8F1000F09D0342CFA
S21402962007D106A83246394614F012FA06A80EF0FA
S2140296306FFE17B0BDE8F0832346214630460094FD
S21402964011AA01F05FFE00283FF472AFAD25C6E70F
S214029650EDF7FCFB012891D1104B1B6803F0840345
S214029660842B8BD196E8030002238DF84430102316
S214029670ADF8463012AB83E803009DF8513043F054
S21402968002038DF8513079E73324AD2596E7052499
S21402969094E72C46A325A2E7AA25A0E7804200204D
S2140296A02DE9F04336488DB0F8F78CFE14F0F1FB46
S2140296B0344D2B68C41A4FF47A73B4FBF3F4A4B295
S2140296C014B114F0E6FB28602F4F4FF6FF763B8866
S2140296D0DFF8B880ADF80A3000233B8000210DF198
S2140296E00A0010F0E9F8054658B9284B1B882BB13A
S2140296F04FF47A712248714314F0DAF80DB0BDE8DF
S214029700F0834FF0000924234A462946CDF80090FC
S21402971003A814F0A4FDBDF81A30A34294BFDB1AC6
S2140297201B1B9BB2ADF81A30CBB910F0EFF9BDF89F
S214029730183003F04003184380B218B9322103A848
S2140297400EF0E0F9BDF818301B0602D508980EF0A8
S214029750E6FBB8F80030013BA8F80030BEE79E42B0
S21402976028BF1E4601234A462946009303A82423FF
S21402977014F075FD4A462946384614F0D9FCADE782
S2140297808C410020145100200C5800200A5800205A
S214029790F0B50446304A8DB01068516801AB03C379
S2140297A0A378012B54D1162200210DF11A00F0F7EE
S2140297B0C9FBD4F82110D4F81D0003AB03C32388D9
S2140297C0190644BF62680892DA050BD5221D08AE58
S2140297D004F11407354610685168083203C5BA42C8
S2140297E02E46F7D1ADF8183013F0040318BFA3695C
S2140297F00593EDF749FB0023ADF81A008DF81C30EF
S21402980010F084F9E0B906A903A811F0A4F8002222
S214029810242103A80FF0F5FF0446D8B10020FFF775
S2140298203FFF002221460D4814F082FC0C4A00201D
S214029830138801331380FFF733FF00200DB0F0BD0D
S214029840082201A903A8F0F7C9FE0028DFD0DAE74C
S2140298500220F3E71920F1E7300504000C58002037
S2140298600A580020F7B5044600200E46FFF718FFF8
S214029870104B1B88A34202D8212003B0F0BD002162
S2140298800D4814F04FFC002501460B4F0029F3D07B
S214029890A54208D10024242322463046009414F020
S2140298A0DEFC2046E9E7384614F060FC0135014646
S2140298B0ECE700BF0A5800200C5800200148F8F7D1
S2140298C091BA00BF0C580020014B1888704700BFA1
S2140298D00A58002030B5154A8DB051680546106802
S2140298E001AB03C307A80EF0B1F9DDE901010323BA
S2140298F008AC84E803008DF81C309DF8293003A9D3
S21402990043F0020307A88DF829300EF034FB10B19D
S2140299102D200DB030BD23462868696803C303A90D
S21402992007A80EF00DFB0028F3D0F1E7300504007F
S21402993070B50C4611460E4A23781278064613F086
S214029940200542EA0302227018BF611D0822F0F7C2
S2140299504BFB002D0CBF05200D20D4F80130B36060
S2140299602378337303F01803082B08BF013070BD49
S214029970995E0020042307B501200DEB0301054A7A
S214029980F8F79AFD019B044A1B03136003B05DF8C7
S21402999004FB00BF63E511007042002010B5064CC0
S2140299A02368C3F30B0313B90448E2F74FF92068A0
S2140299B0431C236010BD00BF7042002063E5110007
S2140299C0014B1868704700BF7042002007B50020A0
S2140299D0054B064A186004230DEB03010190F8F7C5
S2140299E06BFD03B05DF804FB7042002063E51100D6
S2140299F07FB511230A4A012001A9F8F75DFD094B3C
S214029A009DF814201A70084B1B780BB1052B05D154
S214029A100DF0BFFF012007B05DF804FB0020FAE757
S214029A2079EB0100985E0020995E00202DE9F04F48
S214029A300646CBB0884600880121174613F084FEFE
S214029A402E4B3A463188ADF8160006A811F03FF8BC
S214029A500DF1280B5A464146C419308810F0C1FF52
S214029A60E4B208EB0003A34208BF044605464FF0E3
S214029A7004091CBFA4EB0804E4B223465A4601219B
S214029A80CDE900090BEB050ACDF808B02D1B06A898
S214029A90EDF746FEEDB20BEB040300930195234669
S214029AA05A464146308810F0CAFF34883946204666
S214029AB008F084FC394600F0F802204608F092FCD2
S214029AC00121308813F040FE01234A46514680B1F8
S214029AD00DF11600F8F7CAFB01210446BDF8162060
S214029AE0308813F045FEB4FA84F040094BB0BDE866
S214029AF0F08F3046F8F7BAFB0446F4E7205F002002
S214029B002DE9F04FC9B0044688469246C118224A4B
S214029B1004A81F46FFF70CFF4FF00409C519EDB263
S214029B2008AB0293A5EB0A0BA8EB0A035FFA8BFBC2
S214029B30A8EB0506DBB2F6B204EB0A02009301219B
S214029B405B46CDF8049004A8EDF7EAFD06F590739F
S214029B500DEB03025A44A2F58072136808A844F873
S214029B600830E35D324623F00703E3552C442146D2
S214029B70F0F778FB08ABCDE9019308AA0023012190
S214029B80009604A8EDF7CCFD3246204608A9F0F769
S214029B9069FB49B0BDE8F08F205F0020F8B50646A5
S214029BA012F061F8811C054689B2304611F039FF81
S214029BB0F0B1EDB12946304608F000FC12280746FF
S214029BC016D80C4B691C1C5C89B2304608F0F6FBB2
S214029BD02C44052FE4B205D1052809D8064B1B5C98
S214029BE01C44E4B221463046BDE8F84011F019BFE5
S214029BF00020F8BD22C804001CC80400F8B50546BB
S214029C0011F03CFF044628460FF0E0FDA11C074673
S214029C1089B2284611F005FF00283ED0002C3CD021
S214029C202146284608F0CAFB0646611C284689B229
S214029C3008F0C4FB0F2E30D8194B9B5DE118731E3B
S214029C4089B2092B0ED8DFE803F009050D0D120DB7
S214029C500D181E1EC40644BF083189B2820601D5FD
S214029C60083189B22846BDE8F84011F0DABE7B78A2
S214029C70DB0612D501EB4001F3E700F01F0000EB14
S214029C8040000144EDE71F2805D8092E0ABF400010
S214029C90022080B2F5E7C828E4D00020F8BD00BF55
S214029CA035C80400F8B506460FF090FD09220021DB
S214029CB0054613F051FC00F11004284614F0CEF9C4
S214029CC0E4B207462146304608F078FB05463046A1
S214029CD013F01EFDBA05A0EB0403DBB20AD47C2DFA
S214029CE00AD0082D0AD8064A505D98428CBF00203A
S214029CF00120F8BD1220F8E70320F6E7FF20F4E77C
S214029D0046C80400014B1878704700BFF16800206F
S214029D1038B5114B04461B7808469BB9012038BD5E
S214029D20A24205F101050FD103EBC1035B68984718
S214029D300028F3D11E2022464FF6FF7114F057F981
S214029D400020ECE70025054BE9B213F83120002A83
S214029D50E6D11446EEE700BFF1680020ECC7040027
S214029D604FF6FF7307B502220DF106010348ADF860
S214029D700630E1F7A7FF03B05DF804FB603202E0AD
S214029D80002307B5ADF80430134B984221D10B8857
S214029D90DA0703D5232003B05DF804FB9B0748BF10
S214029DA04FF47F434FF002020C480DF1060148BF04
S214029DB0ADF80430E1F75AFF4FF6FF73BDF8062000
S214029DC09A42E7D10222054801A9E1F77BFF00206B
S214029DD0E1E72120DFE700BF1FD1BACA603202E006
S214029DE0002313B50222038004460DF106010F4834
S214029DF0E1F73CFF2D2801D0112805D14FF6FF735D
S214029E00ADF80630FFF7ACFF9DF80630BDF8062029
S214029E101BB1238843F0010323800020FF2A82BF60
S214029E20238843F00203238002B010BD603202E0B2
S214029E30034B1B78002B14BF442056200E3070476D
S214029E40995E00202DE9F04F8DB0179C0646894694
S214029E50CDE90223BDF85870D588ADF816103CB986
S214029E60EC0605D500970DF0E8FE0DB0BDE8F08FC4
S214029E70C5F380242B054FEA043448BF44F400643B
S214029E80A80511D544F080040A2E00F26981DFE8A5
S214029E9016F09A002F001700370067016701370097
S214029EA010009A0037009E00E90548BF44F04004BF
S214029EB0EAE74FF001084FF0020B4FF0000A14E0F9
S214029EC008A95FFA89F011F04FF8DDF82500DDF8F1
S214029ED0291006AB03C3A44B33F81930ADF816307D
S214029EE04FF00008C3460DF1180A002F5DD125E099
S214029EF006AA0DF116015FFA89F003F003FCEFE7FC
S214029F004FF6F773994540F22B8115F4026F40F035
S214029F102781964B1B78022B03D0043B012B00F2C1
S214029F20218147BB032E4FF001080CBF4FF00C0BEC
S214029F304FF0080BBA4624F4C074A4B28C4B1888AF
S214029F404FF6FF73984206D08A49F8F78FFF10B192
S214029F5024F48054A4B2039B38460093BDF816201E
S214029F60534644F4027108F051FAADF82000002876
S214029F7038D1192079E7384613F0CAFB0246FFF7B4
S214029F8057FF032E08BF0138824201DD38206CE7F6
S214029F90032E4FF001080CBF4FF00C0B4FF0080BCE
S214029FA04FF0000A24F4C074A4B2029B1B889BB92B
S214029FB01A463946062000930BF093FC0028BDD1C2
S214029FC040F6014051E74FF00008C34675E74FF0F0
S214029FD001084FF0030B70E7002339461A460720A4
S214029FE00093E9E74FF6FF73614A118899421CD045
S214029FF00FF0ECFB03465E4A04301188039314F01C
S21402A0002FF85D49039B097814F4805FD97159498A
S21402A010574A1FBF086898604868D8604FF6FF73B3
S21402A02013804FF0FF330B604B605946029A08A824
S21402A03008F0A8FA00289CD0504C2378002B3CD17C
S21402A040A7B1384613F064FB0746BDF8200013F0AC
S21402A0505FFB23780744002B14BF12220022EB106A
S21402A06003F0040317443B44842B8FDC15F400579B
S21402A0700AD0BDF8204020460FF09BFA40F48061DB
S21402A08089B220460FF080FAA6F10803012B05D804
S21402A09001221021BDF820000FF07CFA179BBDF8B4
S21402A0A0204043B32046BDF816100FF0C6FABDF89E
S21402A0B02030179A00201380D7E6AA06C0D56B0177
S21402A0C003F020030A2E14BF43F0010363F07E035D
S21402A0D0DBB2B8F1000F08D000215246009108A862
S21402A0E000F086FE0028ABD0BFE61A46514608A806
S21402A0F010F018FEF6E7204611F0C0FC179B024649
S21402A1002146042000930BF0ECFB00283FF458AFE6
S21402A1100A2E18D84FF4D963F340DB0713D5072E5F
S21402A1200AD00A2E08D0BDF8200010F00EF980F0F2
S21402A1300100C0B2800098E608A80EF006F90028D2
S21402A140F1D0042091E617B125F04005ADB22B46BA
S21402A1503146BDF820005FFA89F201F01BFF84E663
S21402A160012082E6162080E6F05400209D5E002044
S21402A17070680020F26800205B5F0020995E002075
S21402A180F7B50F469DF828100446DDE90B061D4676
S21402A190F1B94FF6FF739C421CBF174B1C804FF061
S21402A1A000041CBF154B1A70BDF8240008F080FA94
S21402A1B000232A46CDE90043394606209DF8203082
S21402A1C0FFF740FE10B90EB1AB7A337003B0F0BDA4
S21402A1D078B14FF6FF739C421FBF074B1C80074B9C
S21402A1E01A7000220FF00DFB04460028DCD119205D
S21402A1F0ECE72120EAE700BF706800205B5F0020E2
S21402A2002DE9F04788469DF82810074616461D4653
S21402A2109DF820A0BDF824900B9839B158B30022BF
S21402A2200FF0EFFA044610B9192025E00C464FF657
S21402A230FF739D421FBF114B1D80114B83F800A078
S21402A2404FF6F7739E4208D80E4B4FF6FD761A78F5
S21402A2504FF6FF73002A18BF1E46484608F028FA33
S21402A26000233A46CDE9084331464346BDE8F04767
S21402A2700320FFF7E7BD2120BDE8F08770680020C5
S21402A2805B5F00203C5E00202DE9F04786B09DF81B
S21402A29038600546DDE90FA80C4617469946B6BB58
S21402A2A0374B1B78022B1DD125BB4FF6F7739C420A
S21402A2B014D80026484608F0FBF900233A46CDE9B2
S21402A2C000632146FF232846FFF7BCFD38B9B8F1E4
S21402A2D0000F04D0BB7A88F8003000E0012006B0F8
S21402A2E0BDE8F087043B012BDED908460EF02AF8BB
S21402A2F010B31DB3022D31D1ECF796FDA042EDD975
S21402A300204B33F814204FF6FD739A4219E0BAF147
S21402A310000F32D01A4B1B78022B05D1FFF788FDAF
S21402A320B042E6D23820DAE7043B012BF6D90846DB
S21402A3300EF008F80028F1D11620D0E74FF6F77392
S21402A3409C42CBD8002EB4D03146002250460FF0A5
S21402A35058FA06460028ADD11920C0E7012DBDD116
S21402A36004AA0DF10E01E0B203F0CCF9064B1B78FD
S21402A370A342B3D9BDF80E20C5E72120AFE700BF40
S21402A3809D5E0020F0540020BD68002030B5104BC2
S21402A39087B005460C461868596803AA03C298682F
S21402A3A00C4910609A88DB8852BA23F04003ADF855
S21402A3B012300023CDE90043ADF81020FF230988B0
S21402A3C003AA0720ADF80E50FFF73CFD07B030BDDC
S21402A3D0185800202458002038B50C461146124A58
S21402A3E0124D108022682A6062686A60A268AA60BB
S21402A3F0E288500616D5EA88520613D561B10022C5
S21402A40018460FF0FEF9014650B16088FFF7BEFF0E
S21402A4100522074B1A7038BD084611F070FAF2E7AB
S21402A4201920F5E70220F6E72458002018580020E5
S21402A4306C5F00202DE9F04F074689B0104615469E
S21402A4401C468A4611F01AFB0146284607F0B6FF5C
S21402A450064628460FF0BAF9043013F0FFFD804690
S21402A4600FF054FB804550D0B2074ED1DFF8AC80D7
S21402A470284605A9B8F800B011F006FC9DF8193078
S21402A480A8F8007003BBBDF81430EBB928460FF0ED
S21402A4909DF9023013F0E2FD4FF6F773984294BF2F
S21402A4A04FF000094FF0010901230134E4B22A46B5
S21402A4B03846CDF8009005A9039303F0C5FE039B2A
S21402A4C040B901339C421ED20020A8F800B009B061
S21402A4D0BDE8F08F022CF8D1012BF6D10C4A0D4BB9
S21402A4E0A3F800A01378591C11700B4A7F3B16F094
S21402A4F00C01137007D1BDF81A305B0603D5BDF800
S21402A5001600FFF743FF0223D1E70020DFE700BF74
S21402A5109B5E0020706800205B5F002024580020AD
S21402A5202DE9F04FABB00F46ADF81E000FF04EF916
S21402A53000F1020A0646504613F090FDBDF81E4092
S21402A5400546204611F09AFA0146204607F036FFE5
S21402A550814600F00308301D13F080FD434C208036
S21402A5600FF0D4FAA8422DD04FF6F7739D4229D8A1
S21402A5707378DA0726D4284610F050FE30B101234D
S21402A5802946BDF81E202088FFF754FF0FF0BEFABA
S21402A590364B1B8883420FD1BDF81E40204611F071
S21402A5A06DFA0146204607F009FF10F00C0103D1B0
S21402A5B0BDF81E0001F0ACFD00222D4B1A602BB038
S21402A5C0BDE8F08F2B49BDF81E0011F05DFB2A494D
S21402A5D0BDF81E0011F09CFA0028274B08BF002386
S21402A5E0234ABDF81E0013600FF07CF8234B187048
S21402A5F0BDF81E000FF07BF8214B1870BDF81E0048
S21402A6000FF080F81F4B186000238DF82230002FC1
S21402A6103ED0184BDB889B063AD50FF077FA10B37C
S21402A620194B1B689D071ED4B8F1010F14BF0823EF
S21402A63018230DF12202009200220DF11E0011468F
S21402A64000F0D6FB20B3B8F1010F9FD10F4B1B7859
S21402A650112B9BD110F005FC002897D140F61D4027
S21402A660F9F7E2FF92E70823E3E700BF2458002049
S21402A6701C51002018580020535F00204D5F002018
S21402A6804C5F002008510020804200209D5E002082
S21402A690504613F0E3FC8246BDF81E0013F038F86D
S21402A6A0A0F11005EDB22A4631460AA8EFF7DAFD08
S21402A6B0FF238DF82F304FF6F7739A4540F2DF806E
S21402A6C0B8F1010F00F0E780B8F1020F00F0468102
S21402A6D0B8F1000F7FF45AAFA44DBDF81E00EB8808
S21402A6E0ADF8240004930FF071F8BDF82460074615
S21402A6F0304611F0C3F90146304607F05FFE8DF88A
S21402A7002300B81C7E7813F0A9FC07460FF0FEF96A
S21402A71006F00106B4F8009003906C88002E7FF4D1
S21402A72035AF4FF6F77A4246494657458CBF062064
S21402A730082013F05CFCBDF824B0584611F09EF9D0
S21402A7405946024643460420CDF800800BF0A6F890
S21402A750574583460AD8B5F90620EB88002A05DB5A
S21402A760580603D541462046FFF710FEBBF1000F00
S21402A7703FF40CAF2B88002B5AD16B79002B57D1A4
S21402A7804FF6F7730DF126019F42BDF8240094BFE1
S21402A7904FF0000B4FF0010B10F045FCDFF8D8A18C
S21402A7A000F1FF38BAF800301FFA88F10593EB88FB
S21402A7B0BDF82600069307F001FE069B0499019059
S21402A7C0009322465B460598C1F340110DF0C7FD83
S21402A7D000283FF4DBAE042306200093BDF82610C3
S21402A7E0624B5FFA88F20BF059F800283FF4CEAEBF
S21402A7F048F202036A889A4205D1BDF82410BAF8D4
S21402A800000000F08DFF594D09AA29460DF12300DC
S21402A8100DF0A3FD034600287FF4B8AE2104BAF873
S21402A8200000BDF8242060D52346294610F010FC0F
S21402A8309DF823304D4D03F00C030C2B75D128895F
S21402A84010F0D1FB00283FF4A1AE039B002029891B
S21402A8504B4514BF0226032602F02CFE444B18700A
S21402A8604FF6F7739F42BDF8240075D8A4F138025C
S21402A8705342534132463D4904F066FC86E6B8F13F
S21402A880020F6BD0394BB3F90630002B26DAB8F13B
S21402A890010F7FF41DAF0FF039F9238883423FF48E
S21402A8A075AE0520BDF81E10FFF732FA00283FF4F9
S21402A8B06DAE2E4AD3885B0607D50023CDE900335A
S21402A8C00A20FF232188FFF7BDFA3A469DF8223078
S21402A8D02188BDF81E0002F023F957E629460AA889
S21402A8E000F070F80028D2D050E60221DFF88C8003
S21402A8F088F800102946CDF800B003F0A5FC132C0A
S21402A90096D0EB885D0493D41A4B1B78D80703D5F0
S21402A91098F80020022A8BD099077FF537AE98F870
S21402A9200030012B7FF432AE82E700222B791248E8
S21402A93000936B791146008802F0E4FD0C4B187008
S21402A9409DF8233003F00C03082B89D1039B4B455B
S21402A95014BF0426052683E701238BE74846BDF885
S21402A9601E20024901F048FB10E600BF18580020DE
S21402A9706B5F00203E5E0020245800205C5F0020B3
S21402A98010B5002108480EF097FF044650B1014664
S21402A9900420FFF7BDF928B12046BDE8104001218A
S21402A9A0FFF7BEBD10BD00BF08580020034BFF21B5
S21402A9B01A7803489200EFF7C5BA00BFBE680020B7
S21402A9C0A83E002070B5451804464FF0FF31AC4251
S21402A9D012D1104B10481A7805460023934211DB19
S21402A9E00E4C2078431CB3FBF2F602FB163345F8F6
S21402A9F02010237000200CE014F8010BE0F7B6FAE2
S21402AA000146E4E750F8044BA14201D00133E5E7E2
S21402AA10012070BDBE680020A83E00205D5F0020B9
S21402AA20042307B501200DEB0301054AF7F744FDA1
S21402AA30019B044A1B03136003B05DF804FB00BFCE
S21402AA4023E1110018510020014B1868704700BF1F
S21402AA5018510020014B1868704700BF185100209B
S21402AA6010B5064C2368C3F30B0313B90448E1F789
S21402AA70EDF82068431C236010BD00BF185100206B
S21402AA8023E111002DE9F04F93B003930023DDE993
S21402AA901C79069399F8003083460DA804930E4657
S21402AAA015460DF0D3F899F8003013F003043ED0A3
S21402AAB0039B0DF1250A8DF8243000220821384622
S21402AAC00EF0B6FF002870D028880EF07FFE99F8A8
S21402AAD000301C074CBF0430023013F0BFFA07A93F
S21402AAE08046F7F7D7FE9DF824300446980633D5FD
S21402AAF0288806F10D0110F094FFA8B100230093F8
S21402AB00384608232988721D13F0A9FB99F80030ED
S21402AB1003F01803182B4AD1B8F1000F47D0A94BFF
S21402AB20B3F86830434542D040F60A4327E0288807
S21402AB30711D10F076FF0028F6D0009405233246E9
S21402AB40298809A813F08BFB9DF824300DF1240AFE
S21402AB5003F018030393B0E714BB39464046F8F7F0
S21402AB6085F90028D2D099F800309907DCD0402326
S21402AB7022462146404610F019FB40F6094399F852
S21402AB80002012F0030440F0F780288803930EF0AA
S21402AB9080FD224601461A2013F029FA039BEBE0B9
S21402ABA007AB03CB38607960B0E74FF6FF780DF05D
S21402ABB0B7FB044620B104213846F7F793FE044655
S21402ABC01E9B002B5AD009231E990DA88DF83430EF
S21402ABD00DF0B6F9209B0BB1209B0693039B002B2E
S21402ABE040F08E800DA8ECF7FDFD99F800309A072C
S21402ABF000F09880FFF734FF5146024601200DF020
S21402AC00DBFB99F800309B0710D55946288811F0CF
S21402AC1001F80BF1090350FA83F35FFA83FB5946F6
S21402AC20288810F0CEFF00EB0B06F6B299F800303B
S21402AC3013F0C20F0AF104030DD09DF824206249D6
S21402AC4042F020028DF824200A68CAF804204A68D6
S21402AC505A600AF10C03012209A800921B1A324616
S21402AC6029889BB213F0FBFA324659462846FEF76D
S21402AC70DDFE002800F0A48000237DE01F9B5BB170
S21402AC809E460DF1340CBEE80F00ACE80F00DEF86D
S21402AC900030CCF800309DE7049B594603F02003B1
S21402ACA02888049307F08AFB10F0030F0CBF0123D9
S21402ACB000230593049B059A003B18BF012342EA32
S21402ACC0430300930DAA06AB38461F9900F01AFB01
S21402ACD0049A034682B1002880D0059B0DAA0093F1
S21402ACE0384606AB1F9900F00DFB034699F8002084
S21402ACF022F0200289F80020002B3FF46FAF3EE7D7
S21402AD00039B102B06D1BDF8363043F00103ADF895
S21402AD10363067E7039B182B4FD1BDF8363043F029
S21402AD200203F4E701200DF125010DF053FB99F81B
S21402AD300030824613F0040F288821D1069B1BB3ED
S21402AD40002C35D00EF0A5FC00220146162013F08A
S21402AD504EF984B17FB14FF6FF7398450BD00023AE
S21402AD600DA91A4638460DF00BFA394640469DF8AC
S21402AD7035200DF0EDFA0123184613B0BDE8F08F2A
S21402AD80002CDFD1104F01E0002CDBD1002332462D
S21402AD90009359463B460FF0C5FE00283FF4C4AE6A
S21402ADA0002C3FF469AF069A0AF10103136063E7C9
S21402ADB01B685345C6D80124E8E740F60A43DBE79A
S21402ADC01923D9E700500020205F0020002307B592
S21402ADD0054A0648136004220DEB02010193E0F7D0
S21402ADE071FF03B05DF804FB1851002023E1110047
S21402ADF02DE9F04F0446B1B000888DF82F30164684
S21402AE008A4610F03BFE01468146208810F0D9FEA5
S21402AE1000EB0908208810F026FF00239DF82F502B
S21402AE205FFA88F815F001070790ADF8363008D1BA
S21402AE3001460DF13602208810F0ADFD08B1ADF8DE
S21402AE40367016B9CDE90E660EAEFEF73BFB18B1AC
S21402AE5045F020058DF82F500023CDE903330293E9
S21402AE600DF12F03CDE9006322465346414648467C
S21402AE70FFF708FE0546002800F0CA809DF82F302E
S21402AE8013F0010747D123F020038DF82F300EF080
S21402AE903DFE68B17C4A10AB1068516803C3184681
S21402AEA000F002FA0546FEF70FFDBBB298423BD809
S21402AEB03A9B13B100233A9A1370BDF83630CBB1E1
S21402AEC00121208812F040FC27880546002800F061
S21402AED0CA800121384612F037FCBDF836700546A6
S21402AEE0384612F015FC002300903A4619462846CA
S21402AEF010F0D4FC0023CDE9033302930DF12F03A7
S21402AF00CDE900632246534641464846FFF7BAFD5E
S21402AF10054600287CD00EF0F9FD002840F0BA80E5
S21402AF20284631B0BDE8F08F18AB14AA26A9F8B2AD
S21402AF300DF07BF9002840F09480082210A927A87B
S21402AF40EFF74CFB8346ADB19DF8A53013F0020F28
S21402AF5008930FD0082212A927A8EFF73FFB48B99B
S21402AF60089B590706D53A9B13B101233A9A1370E8
S21402AF70089507E03A9B002B61D1BBF1000F70D118
S21402AF80002308930DF1740C14AB0FCB8CE80F0062
S21402AF90BDF83630CBB10121208812F0D5FBB4F8CB
S21402AFA000B000284FD00121584612F0CDFBBDF864
S21402AFB0362083461046099212F0AAFB0023194651
S21402AFC0099A0090584610F069FC304B0DF1740B4C
S21402AFD00493002303930DF12F03CDE90063224669
S21402AFE0534641464846CDF808B0FFF74BFD0028C9
S21402AFF037D1002D33D012AA5B464FF482714FF43C
S21402B000005000F0D9F8089B13B126A80CF019FFDF
S21402B0100EF07CFD88B11E4B1B689A070DD4FEF716
S21402B02051FA50B1184A18AB1068516803C300228F
S21402B03026A918A80FF053FC00BB002570E70023D2
S21402B0403A9A137099E7BDF836200A90104609928C
S21402B05012F05EFBDDE9092307990090B2E72A4663
S21402B060CAE701371FE7BDF836B0584612F050FB64
S21402B0702B4600905A463846079939E726A918A85B
S21402B0800FF069FCD3E700BF300504007C420020C5
S21402B090804200209DF82F3003F01103102B7FF41E
S21402B0A03FAF3E4B1B78432B7FF43AAF3C4B1B68BB
S21402B0B05B067FF535AF208808F1050110F0B1FC7C
S21402B0C0834600283FF42CAF4146208807F076F9E5
S21402B0D0344B10F0200F08BF1E4612A800F0E4F80A
S21402B0E00822314612A8EFF779FA002852D03146E4
S21402B0F012A80DF0EEF8012326AE00933246002386
S21402B10014A912A800F0FEF800287FF409AF12ABCB
S21402B1100DF12F07CDE903600290009322465346B5
S21402B120414648460197FFF7ADFCA8B3BDF89A30F2
S21402B130102043F0080318AA14A9ADF89A300FF0AD
S21402B140ABFB00287FF4ECAE12ABCDE90360CDE991
S21402B150017000932246534641464846FFF792FC4A
S21402B160054600287FF4DCAE18AB4FF49071002041
S21402B17012AA00F021F84FF0005100200FF026FE30
S21402B180BBF1000F3FF459AF4FF0805100200FF093
S21402B1901DFE52E78346AEE714ABE6E79D5E00204F
S21402B1A0804200206A50002001461A230120014AEC
S21402B1B0F7F782B924E10100F0B5164691B00746CA
S21402B1C009A80D461C46FFF7EFFF3EB1336845F06F
S21402B1D04005CDF826307368CDF82A301B4B1A6826
S21402B1E022EA070242EA050119604B040DD5BDF8B2
S21402B1F024200B0A03F4E243C9B222F4E3420B43CF
S21402B20022F07F021343ADF824301A230020104A9E
S21402B21009A9F7F751F9B4B104A80CF017FD0223F7
S21402B2206A468DF810301546234604F11006144679
S21402B23018685968083303C4B3422246F7D1294630
S21402B24004A80CF07DFE11B0F0BD00BF80420020C5
S21402B25024E1010047F2FF10044B196841F48042D2
S21402B260014041F480411A600FF0B0BD80420020D8
S21402B27000B589B0FEF7BCFB01A8FFF795FF0948A9
S21402B280BDF804200168130221F0FF0103F4E20373
S21402B2900B43D2B2134343F48043036009B05DF814
S21402B2A004FB00BF8042002010B50C4B0446186811
S21402B2B088B0830706D54FF0FF3323600120636012
S21402B2C008B010BD10F04000FAD001A8FFF76CFFDE
S21402B2D0DDF806302360DDF80A30EFE78042002012
S21402B2E008B5074B02461B6813F0400305D1184603
S21402B2F01946FFF761FF012008BD0020FCE700BFEA
S21402B300804200202DE9F0479EB080460C461D463E
S21402B31091469DF898A0A2B1164630460CF096FCCF
S21402B3201AF0020F0FD004B917AC22463146404637
S21402B33001AB0CF058FF0DB100232B601EB0BDE828
S21402B340F0870DAEE9E701AB3146404605AA0CF0A0
S21402B35017FF73780AF0010AFF2B26D0002840F068
S21402B360B68054B105AA09AF134603CBBB42206090
S21402B37061601A4604F10804F6D125B17278554B7D
S21402B38003EB82032B60BAF1000F01D10020D5E750
S21402B390BDF80430D906F9D418204FF6FF7172783A
S21402B3A012F025FE40F60E40C8E74B4F3DB10EF0B8
S21402B3B0ADFB10B13B689A072BD500232B603B6888
S21402B3C003F03003102B01D0202B24D117A8FFF74F
S21402B3D0EBFE082240460DF15E01EFF7FFF820B1C2
S21402B3E03B6803F04403402B15D0BAF1000F15D189
S21402B3F009A80FF0EFFC02233370002C4CD1B9F1F0
S21402B400000FC3D00EF082FB60B3301DFFF74CFF77
S21402B410BCE7324BD2E740F60A408FE73B68DB03D5
S21402B420E6D509A80FF0D6FC0223337074BBB9F137
S21402B430000FB1D00EF06AFBF0B1301DFFF734FFFB
S21402B440AAE73B6803F08403842B2CD009AB0DAF2C
S21402B4501A4603CABA4220606160134604F1080421
S21402B460F6D105E025463B6803F08403842B28D0FA
S21402B470301DFFF719FF26E03B68012503F0840321
S21402B480F4E73B68012503F08403DDE70EF03EFB9C
S21402B4900028F6D00125D9E70EF038FB054600282D
S21402B4A0CFD00025D2E712A80CF0D0FB022312A8B8
S21402B4B08DF84830ECF796F9224608214046ECF71C
S21402B4C0E9F810237380002D3FF460AF64E72D2067
S21402B4D034E700BF043E0020804200207C42002069
S21402B4E049B9084B197849B14EF66023594328B139
S21402B4F0054812F0DDB941F28831F8E70248F6F75E
S21402B50061BF00BF3D5E0020CC41002070B586B012
S21402B51005460EF0FBFA10B9022006B070BDF7F72A
S21402B52045F80028F8D001A8FFF7BEFE0646002818
S21402B530F2D08DB92E4B1C6814F0020406D02D4BA7
S21402B5401B78112BE8D12C4BB3F868404FF481637B
S21402B5500221ADF80C3023E02846F7F70FFD00284D
S21402B560DAD1234B1C6814F0020406D0214B1B7858
S21402B570112BD1D1204BB3F868400822294601A8E6
S21402B580EFF72CF80028E1D04FF4027300260A21C8
S21402B590ADF80C302B68CDF80E306B68CDF8123053
S21402B5A0002203A80EF02DF9024608B91920B4E7C6
S21402B5B00F4B196801F03003102B17D0202B14BF45
S21402B5C001230323490001F004010B432046002116
S21402B5D001F09AF80028E9D000210120FFF780FF49
S21402B5E016B10122054B1A70002096E70323E9E7FD
S21402B5F0804200209D5E002000500020525F002006
S21402B60030B5002585B0CDE90055F6F7DBFE0EF025
S21402B6107DFA1E4C60B905F0AFFF0D2500210846E5
S21402B6202170FFF75DFF294668460CF06BFA18E0BA
S21402B63023784BB3164917480A780078904223D9E4
S21402B6400132012B0A700ED12A464FF4A071284609
S21402B65002F012FDC0B2B8B941F288310E4812F0BB
S21402B66027F905B030BD022B09D1284602A9F7F703
S21402B670FDFB0028EED102A8FFF748FFEAE7032BFE
S21402B68002D101F0FBF9E5E70425C7E75E5F00207B
S21402B6905F5F0020FA680020CC41002070B51B4A8C
S21402B6A01B4D04465168106886B02E7801AB03C362
S21402B6B01EB10224204606B070BDF6F7CFFF022860
S21402B6C0F7D10EF023FA0028F3D003A800F03AFED2
S21402B6D0082201A90DF10E00EEF780FFA0B10D4B76
S21402B6E032464FF4A07130461C7002F0C5FC044688
S21402B6F00028DFD10123084A41F2883107482B701F
S21402B700137012F0D5F8D5E72324D3E74FC8040008
S21402B7105E5F0020FA6800205F5F0020CC410020B8
S21402B720F0B50C4600219BB02B4F0646492207A8CF
S21402B7300691EEF707FC3B78012B34D19EBB0DF148
S21402B7400E0120460FF06FFC0546BDF80E0011F004
S21402B750DFFF441BE4B2BDF80E1023462A460096CD
S21402B76006A812F07CFD304604A9F7F77FFBD0B995
S21402B770CCB19DF81920B2B9BDF8233003F47E434C
S21402B780B3F5285F1ED3B3F5385F0ED31349BDF861
S21402B7900E000B6843F400030B6029460CF0B3FD61
S21402B7A018B104233B701BB0F0BD01220C4B04A859
S21402B7B01A70FFF7ABFE41F288310A4812F078F8A9
S21402B7C00223EFE711463A70FFF78AFE1E2104A80D
S21402B7D00CF098F9E7E700BF5E5F00208042002089
S21402B7E05F5F0020CC410020014B1870704700BFFD
S21402B7F05F5F0020014B1878704700BF5E5F002035
S21402B800014B1870704700BF5E5F00202DE9F04FB5
S21402B8100446408891B00E298846ADF81A0079D0C1
S21402B82094F80890A7790DF0D1FF09A90546BDF84E
S21402B8301A00E67910F028FABDF81A000DF0B9FEE3
S21402B840420542BFBDF82A3043F40053ADF82A3011
S21402B850E379DB0642BFBDF82A3043F48053ADF8E5
S21402B8602A30BDF82A30980613D5022F57D10CA9D4
S21402B870207A0FF079FBDDF83500DDF8391007ABDA
S21402B88003C307AA0021042300910DF11A00FFF753
S21402B890AFFA0121BDF81A0011F056FF022F8246B8
S21402B8A049D1474B33F81950B8F1000F7ED0BDF896
S21402B8B02A2051067AD54FF6FB739D4276D8414B25
S21402B8C01B78033B012B04D83F4BB3F86830AB42DE
S21402B8D06CD0D30502D528460FF028FDBDF82A30D5
S21402B8E0D80463D5002F33D1BDF81A000DF061FEDF
S21402B8F0C10663D548F23403BDF826209A4209D120
S21402B900324E3078FF2805D003222946FBF782FB09
S21402B910FF2333700023236011B0BDE8F08F012FA0
S21402B92001BF237A2A4A03EB430302EB830314BFC5
S21402B93000229A1CA6E7012F05D10C2303FB09F36C
S21402B940234AD55AB0E7A81C12F088FB0546ABE797
S21402B950284601F0F7FEBDF81A000DF02AFEC206D0
S21402B960C8D463895046059311F0D2FE83465046EA
S21402B97011F0B2FE059B02905FFA8BF04A463946FA
S21402B98001900093404609AB0CF054F8B8F1000F52
S21402B99014BF0B20092016F0030218BF02F1FF3273
S21402B9A0294618BFD2B212F022FBA3E7BDF81A004E
S21402B9B00DF0FFFDC3069DD4002FD2D1A946D0E7D5
S21402B9C0F05400209E5E002000500020FE680020FA
S21402B9D03054002038B500240F4B104D2A78A2426E
S21402B9E005D8C2B9BDE838400D48F6F7EBBC598811
S21402B9F069B9013AD2B2A2422A70EFD0121B184697
S21402BA0003F110011201EEF7EFFA0346E6E70134FE
S21402BA101033E4B2E2E738BD083E0020625F002041
S21402BA209467002070B51A4B1A4A1D780023DCB2C0
S21402BA30A54200D870BD144666880133864202F1DC
S21402BA401002F4D1E379A588E16003F040028DB9D3
S21402BA50CAB123F00403E3710DF0B8FE037803F0D5
S21402BA607F03037021880029E4D1BDE870400A48AC
S21402BA7011F01EBF00216580A180002AE9D1BDE831
S21402BA807040FFF7A7BF2046FFF7C0FEF7E700BFEC
S21402BA90625F0020083E0020946700202DE9F047F0
S21402BAA0044686B040880F4615460DF08FFEA379F1
S21402BAB08046082B52D8DFE803F0052E1851515164
S21402BAC051510500023012F0C9FA002D4ED06946D7
S21402BAD0F7F7CCF9002841D1684601F0DDFEB0FA4E
S21402BAE080F0400906B0BDE8F08702A9207A0FF080
S21402BAF03BFA6B466E46DDF80D00DDF81110334A50
S21402BB0003C3237A32F81390314AD05C75B13146BA
S21402BB100FF04EFAE6E7237A2E4903EB430301EBD6
S21402BB20830231F82390907A961CEFE74FF6FB7A61
S21402BB30D14515D9304603F0ADFF4FF6FF73984254
S21402BB40054615D00146304601F018FE554508D97F
S21402BB50E379DA060ED440F62243E3600020C1E71A
S21402BB604D46294608F1020012F07AFA0120B9E79A
S21402BB704D46EDE74FF6FC78454512D103F00C032F
S21402BB800C2B1CD1DFB130464FF6FD7101F0F6FDED
S21402BB9040F61F412046E160FFF738FEFFF71AFF26
S21402BBA0DCE74FF6FD739D4209D100233046194665
S21402BBB01A4602F02DFB4146304601F0DFFDE379DE
S21402BBC043F00C03E37140F62343C6E7F05400202B
S21402BBD0495E00203054002073B5044640880E4665
S21402BBE00DF0F4FD023012F039FA0CF0ABFB18B18E
S21402BBF0A11C201D0CF0ABFBE6B1E5790135EDB2D8
S21402BC00E57115F0400514D0EBF708F90122054658
S21402BC1000212046FFF742FF18B1394B1B882B4400
S21402BC209DB2384B1B78042B01BF354B1B885B1922
S21402BC309DB22580002231462046FFF72FFF20B313
S21402BC4060880DF0C3FDE2792F4922F00C03E37100
S21402BC500B7805460133DBB20B70C3712B4BA61C67
S21402BC601B780BB3E37998061ED52949097871B17A
S21402BC7059060CD592070AD50022042311463046EF
S21402BC800092FFF7B5F810B1E06002B070BD002276
S21402BC900123114630460092FFF7AAF820B1E37955
S21402BCA043F00303E371EFE730460CF04EFB002847
S21402BCB0EAD16088FBF77EFD0328E6D8DFE800F0CD
S21402BCC0020D1D19E37943F00403E3711B06DCD56C
S21402BCD0104B1A78104B1A70D7E740F62443E360ED
S21402BCE0E37943F00803E3712B7803F07F032B70AC
S21402BCF0CBE740F62543E360C7E740F62643FAE77C
S21402BD00486800209E5E00209B5E0020995E002010
S21402BD10FB680020415E0020615F00202DE9F74F9E
S21402BD20064612F0B1F85F4B0546B3F8009018804D
S21402BD305D4BA0EB09041B78A4B2A34298BF002374
S21402BD404FF000084FF6FF7788BF1B1B564A88BF86
S21402BD50DBB21370DFF864B1A9EB00030093534B18
S21402BD605FFA88F2197891420ED80EB1FFF732FECA
S21402BD704FF6FF739F4200F08E8039464C4803B060
S21402BD80BDE8F04F11F094BDBBF80220002A3CD06B
S21402BD90484B9BF807201878BBF800A0042818D058
S21402BDA00020BAF1000F08BFA2462044504523D215
S21402BDB0BBF80010009B1944ABF80010002E4ED0C2
S21402BDC002F04802482A4AD100215846FFF704FFEB
S21402BDD045E00192F6F790FF30F01003019ADFD1AA
S21402BDE0FAF702FD344B019AB3F800C08445D7D95E
S21402BDF0ACEB000080B2D4E702F00C00042807D1B6
S21402BE000022ABF800200BF1100B08F10108A6E7A0
S21402BE10510602F0030C02F008000ED528B3BCF15E
S21402BE20030F25D1DEB1DBF80C105846002908BFF7
S21402BE304FF44261FFF7EAFC11E040B3BCF1010F98
S21402BE4025D11206EED44FF4C862ABF800209BF858
S21402BE50072022F0030242F002028BF80720BBF80A
S21402BE600020974228BF1746CDE703208445D9D243
S21402BE7013060ED50C4B1A780AEB0200844208DA37
S21402BE804A44521B0AEB0201ABF80010E7E7012016
S21402BE90ECE7012199E7064803B0BDE8F04FF6F754
S21402BEA091BA00BF0E580020615F0020625F00203A
S21402BEB0946700209E5E002048680020083E00200E
S21402BEC0F8B500250A4E0B4F3378ECB2A34204D8DD
S21402BED0BDE8F8400848F5F785BF07EB0414A01C38
S21402BEE0F5F780FF201DF5F77DFF0135ECE700BF73
S21402BEF0625F0020083E00200458002070B500242F
S21402BF000B4D0C4E2B78A34208D81B1BDBB22B70B2
S21402BF106BB9BDE870400848F6F754BA06EB041051
S21402BF2040F621410134FFF771FCE4B2EAE770BD46
S21402BF30625F0020083E0020946700202DE9F04151
S21402BF40002506462F46114CDFF8448098F800205C
S21402BF50EBB29A4203D8BDE8F041FFF73BBD6088DA
S21402BF600DF034FC023012F079F8B0420AD1608843
S21402BF70F8F74AFA00230E211846628803F086F97B
S21402BF802780678010340135E0E700BF083E0020B6
S21402BF90625F0020F8B5154EDFF858E035789EF857
S21402BFA000E0134FAE454FEA051C07EB051419D007
S21402BFB0002503F4835343EA1323A1712272E3712B
S21402BFC0608027F80C50A58006F078FB40F6024306
S21402BFD0E36033786081013328463370FFF79EFEB4
S21402BFE02846F8BD40F60340FBE700BF625F00202C
S21402BFF0083E0020BC6800202DE9F04F344B0D4669
S21402C0001C78174685B05CB9B1F90680DFF8C8908F
S21402C010DFF8C8A0DFF8C8B099F80030A34202D80B
S21402C02005B0BDE8F08F0AEB0416B08800B9708838
S21402C03001A90FF029FEAA7A9DF80E309A4244D141
S21402C040B8F1000F0FDA297A9DF80C202B8991425D
S21402C05009D8204800780844824236DA521A1B0A67
S21402C0601341D90731D538460FF0FDFDBDF80A3029
S21402C07004469A0602D5EB889B06D1D5F37903F0DF
S21402C0800C03042B08D17088F8F7BEF900237288D7
S21402C0901946184603F0FAF800213046FFF7B6FBB9
S21402C0A0FFF798FC384611F033FB844208D2337A05
S21402C0B001228BF8003029460023384603F044F864
S21402C0C0B8F1000FACDA0024A6E70134E4B2A3E725
S21402C0D0605F0020BB680020625F0020083E0020F0
S21402C0E06B5F002008B511F0CFFE074B1B88C01A05
S21402C0F080B2B0F5807F05D9BDE80840002103482C
S21402C10011F0D6BB08BD00BF0E5800209467002071
S21402C1102DE9F04788B004460D460FF0AFFC014605
S21402C120204606F04BF910F0030340F0848010F02E
S21402C1300C0F06D12946204608B0BDE8F047FFF7A7
S21402C14071BC20460DF035FAC10659D420460FF0D0
S21402C15095FC0146204606F031F9074620460DF0CA
S21402C16035FB0646023011F079FF05A980462046C7
S21402C17007F00C0796F806A00FF086FD73780C2FD2
S21402C1800CBF03270627012113F0010F204618BF14
S21402C190032711F0D9FA2B4B81461B78033B012B60
S21402C1A01DD9BAF1010F1AD94FF6F773984502D87E
S21402C1B0337A1F2B13D9301D11F050FFF1798246C6
S21402C1C00DF00AFF06465046F7F726FDDEB1736805
S21402C1D05A1C04D0834340F6284308BF1D461A4B18
S21402C1E01B88A34212D1B5FA85F04009FAF7A6FDDC
S21402C1F020460DF00CFA00220146072011F0F7FE49
S21402C20008B0BDE8F08740F62845E8E706F056FA9B
S21402C2108246484611F07CFA0646484611F05CFA19
S21402C220F6B20290424639462846CDE900A605AB4C
S21402C2300BF000FCDCE7012BE2D110F00C0FDFD193
S21402C24078E700BF9E5E002004580020002210B54A
S21402C250094B1C78094BD1B28C4201D8002010BD84
S21402C260197A814202D19979022902D01033013219
S21402C270F1E70120F3E700BF625F0020083E0020DE
S21402C2800146002210B5084B1C78084BD0B28442F7
S21402C29001D8002010BD187A884202D19879012868
S21402C2A0F8D010330132F1E7625F0020083E00202A
S21402C2B0002210B40A4B1C780A4BD1B28C4203D827
S21402C2C05DF8044BFFF786BB197A814205D199794E
S21402C2D0012902BF00211980598010330132ECE790
S21402C2E0625F0020083E0020044B1B6813F0300FEC
S21402C2F003D0202130200EF069BD70478042002016
S21402C300002310B5044608491A4601EA00414FF0D8
S21402C3107F60FEF751FFE30703D5002130200EF0C1
S21402C32055FD002010BD00BF00007207044B5B885D
S21402C33023F4784323F08D0303800020704700BF68
S21402C3408042002008B500220346C3F80220C3F844
S21402C35006200B4A02301268D1B212F0200F18BF24
S21402C36041F010011980930701D4FEF79DFF054B9B
S21402C3701B78023B032B8CBF1720002008BD00BF92
S21402C380804200209D5E002038B505460C46FDF72B
S21402C3902FFB98B10E4B187878B10E4B1B681A0417
S21402C3A00FD58CB113F0420F00D17DB103F4407368
S21402C3B0B3F5407F0CBF0020232038BD40F608406E
S21402C3C0FBE740F60B40F8E72046F6E72320F4E7C3
S21402C3D0995E002080420020F0B504468DB007A882
S21402C3E00D4616460BF032FC1022002103A8EDF78C
S21402C3F0A9FD5CB1234603AC03F110072246186878
S21402C4005968083303C2BB421446F7D1012703A971
S21402C41086EA070307A88DF81C708DF81D300BF00E
S21402C42080FD80EA070401A8E4B2EBF739FAB6B158
S21402C43001A88DF80650EBF75FFA64B1002303A952
S21402C44007A88DF81D300BF07BFD0C4B1B78432B99
S21402C45001D1F7F7CFFC0A4B1D700DB0F0BD01A855
S21402C4608DF80750EBF748FA002CF6D003A907A878
S21402C4708DF81D700BF064FDEFE700BF9D5E002097
S21402C480985E0020F0B5012593B007460DA80C462D
S21402C4900BF0DCFB05A90DA8ADF834500BF06BFDD4
S21402C4A001A8EBF7FDF909A90DA88DF835509DF8FE
S21402C4B006600BF060FD0DA89DF807500BF0F1FC2E
S21402C4C070BB731BDBB2802B28D91FB1A64225D0C6
S21402C4D0A54223D105A90DA80BF032FD03A8EBF760
S21402C4E0DFF903A88DF80F60EBF706FA012229465A
S21402C4F009A8FFF771FFF7F733FD01214FF400702B
S21402C50003F0E6FDFDF75CFAB0F1004F01D9FDF746
S21402C5105DFA044B18780BF0F3FA012013B0F0BD65
S21402C5200020FBE7985E002070B50E4614460546CE
S21402C5300320FFF765F946F00402294620460BF071
S21402C54059FD0022014B1A6070BD00BF7C420020DC
S21402C550F0B587B0078805461022002102A8EDF73D
S21402C560F1FC3E4B1B78002B76D1BC055ED407F05F
S21402C5708403842B63D00022394C11461046FFF701
S21402C5802BFF17F4045F276005F102061CD0B904DE
S21402C5900AD5304605F0A4F900284ED1236823F4C4
S21402C5A0005343F48073236030460EF09DFC00284F
S21402C5B042D10BF047FB18B9236843F4803323605B
S21402C5C0236843F02003236022680DF1060042F43C
S21402C5D000432360FFF7AAFE12F4805FBDF8063020
S21402C5E031D043F02003ADF806302168334611F00F
S21402C5F0400218BF05F123024FF07F60FEF7DCFD14
S21402C600BDF80630DA0703D5002130200EF0DEFB37
S21402C61023689B0506D5012295F8221005F1120023
S21402C620FFF7DAFE00200F4B186006E005F1120055
S21402C6300EF05AFC00289AD0292007B0F0BDB807A1
S21402C64099D52320F9E723F02003ADF80630FDF74D
S21402C650BDF9FEF7BBFBC8E70220EEE79D5E0020B1
S21402C660804200207C42002008B5054B1B7833B17F
S21402C670FFF73AFEBDE808400248FEF731BE08BDA5
S21402C680995E0020205F002010B5154B1B78D3B1B1
S21402C690144B1B78033B012B15D900200EF0E7FE46
S21402C6A0044698B1EAF7EAFB237913F0300F0AD171
S21402C6B048B1012803F0CF0206D0811E4B424B41FF
S21402C6C05B011343237110BD1023FAE7F7F7DAF87C
S21402C6D00028F8D021462046BDE8104004F096B85F
S21402C6E0995E00209E5E002008B50DF00FFA054BFD
S21402C6F018B91868C0F3800008BD1868C0F3005067
S21402C700FAE700BF804200202DE9F04F0646894630
S21402C7101046002189B01546984605F04FFE1028AF
S21402C72007460AD86A4B0341DB0706D4C8F340041F
S21402C7309DB9002009B0BDE8F08F664B1C78002C2E
S21402C740F6D0FFF7D1FF00280CBF4FF4F0744FF479
S21402C750D074FC4004F00104EAE74FF0000A18F037
S21402C760010F5346524629464FF00500CDF800A069
S21402C7700CBF4FF0080B4FF4027B09F0B2F800280A
S21402C780D7D0C8233246009359465346284605F06A
S21402C7903DFEADF80E000028CBD018F0080A4AD1AC
S21402C7A04FF6F773A7F10F02D2B29E428CBF09234F
S21402C7B00123012A01D843F04003474A8DF810307E
S21402C7C01378591C11708DF81130002C4FD09DF83B
S21402C7D01030052F43F020038DF8103033D03F4B36
S21402C7E01D78002D5AD04FF6F77300259E424FF063
S21402C7F00F0248D9012304A90DF10E00F5F736FD04
S21402C800002896D1002C4DD1BAF1000133463A46A3
S21402C81018BF0121BDF80E00CDF800900BF09CFD6C
S21402C820ADF80E00002884D018F0040F4DD0314623
S21402C8300DF0A1FD7EE749460DF10E0005F02AF83F
S21402C8400028ADD175E70121BDF80E0010F07CFF7F
S21402C850012105F0B3FD0123834013F0620F1CD1C2
S21402C8601E4B1B78E3B14FF6F7731825BEE71B4B3A
S21402C87025461B780222002BBCD04FF6F7739E4249
S21402C880B8D8052FB6D0BAF1000FB3D19DF8103044
S21402C89043F040038DF81030ACE710250F22A9E7CD
S21402C8A01825FBE7BAF1000F0AD002234A46009089
S21402C8B029460DF10E00FEF79BFA0028A4D038E7B1
S21402C8C041235246CDF800A0F2E70DF03EFD31E7D7
S21402C8D09FFEFEFF995E00209A5E00208B5E00207F
S21402C8E02DE9DF431E46144B80461B680F469B0706
S21402C8F091460A9C1BD4204614B10BF015FDC0B21B
S21402C9000622CDE902403B460020CDE900890B49CC
S21402C9100FF034F8024650B10021002E0CBF01235E
S21402C9200323084604B0BDE8D043FFF7EDBE00205F
S21402C93004B0BDE8D08300BF80420020D67B04004E
S21402C9402DE9F04F8DB081468A461F4693469DF8E4
S21402C9505C803AB903A8FEF7A7FCB0BB00200DB076
S21402C960BDE8F08F15460022232110460CF049FF41
S21402C970ADF80A000028F1D010F0AEFE05230446FA
S21402C98018F0100F00F8023B677020D01122002129
S21402C990EDF7D8FA04F11306032F4FF0080237D149
S21402C9A059463046EDF720FBC8F3801306F1090519
S21402C9B033720BF0B5FC00283ED000232B706B7050
S21402C9C00123033505F8013C36E003ADCBE701262B
S21402C9D010221699EDF708FB06FA07F313F0620F1A
S21402C9E002D104F11206D7E707A80BF02FF905A823
S21402C9F08DF81C60EAF754FF9DF8162018F0200FF9
S21402CA009DF8173008BF134604F11306A374C3E754
S21402CA1051463046EDF7E8FA012306F10802121BEA
S21402CA2028460093BDF80A10082392B211F017FCAC
S21402CA30042F06F11005BCD02D1BA9B20DF10A0079
S21402CA400EF004FF002889D118F0040F0BD04846D8
S21402CA5011F062F8FF281FBF074A32F8103023F49D
S21402CA60804322F81030434651464846BDF80A2015
S21402CA70FFF74AFE73E700BF9857002070B50326FB
S21402CA8090B08DF807600DF041F818B902242046E0
S21402CA9010B070BDF5F78AFD0028F7D002AD284623
S21402CAA0FEF702FC0028F1D01B4B1C6814F00204AF
S21402CAB0ECD140F20F43194AADF82430136804A8AB
S21402CAC0CDF826305368CDF82A300BF0BFF895E83B
S21402CAD0030005AB83E80300062304A88DF81D3087
S21402CAE08DF81060EAF77EFE01210DF12E020DF19F
S21402CAF00700EAF7CFFD22461A2109A80CF081FEAC
S21402CB00024608B91924C2E7012329462046FFF740
S21402CB10FBFD0028BBD1F5E780420020205F002005
S21402CB202DE9F04F06460F46002199B01F2210A8A5
S21402CB3003930F91EDF706FA30460EF09FFF01467B
S21402CB40304605F03BFC8DF81B0030460CF03EFEEE
S21402CB509DF81B3045788146C5F340059806304659
S21402CB6048BF45F002050FF07EF80446304610F046
S21402CB70CFFD0023001B5FFA80FA00935346232B57
S21402CB8028BF2323224631460FA811F068FB00284F
S21402CB9040D19E4B9DF83C801B789DF83DB0002B03
S21402CBA03BD0FFF7A1FD00280CBF4FF4F0734FF403
S21402CBB0D07323FA08F3D9072FD5AA072DD4B8F1D4
S21402CBC0080F24D1BBF1040F24D1FAF797FD08BB56
S21402CBD0012322460093314605200DF11B0308F07F
S21402CBE05DFEB8B1A8F10508B8F10D0F12D8DFE85E
S21402CBF018F02800A001C701EC01F5011100110090
S21402CC0011001100FB019D02A902D702D702B8F15A
S21402CC10050F08D019B0BDE8F08FB8F1100F05D196
S21402CC20039B002BF6D0FAF769FDD1E7FAF766FD0B
S21402CC300028CDD0B8F1050FCAD0B8F1110FC7D071
S21402CC40E8E7BBF1050FE5D830460CF022FD05906B
S21402CC5009F1020011F002FA81460DF11E00FFF7FB
S21402CC6065FB01239DF83D70BB4013F062030393FE
S21402CC7005D0BDF81E309B0701D5AE07CAD50CF00D
S21402CC8045FF0028C6D0FAF739FD08B9002DC1D0F5
S21402CC900DF13E0A50460EF027F9039B0490BBB1F5
S21402CCA0032F9DF84EB01AD10DF14F040CF02EFF53
S21402CCB0814540F01781032DACD19DF8561052469F
S21402CCC0003918BF01210DF14E000BF052FBA1E70F
S21402CCD0032FDDF80CB07BD10DF14E04E6E74C4B8A
S21402CCE01B689C0729D5FF2208210DF157000CF07E
S21402CCF09FFE804608BB034601460DF157020220FE
S21402CD00FEF75AFA0CF002FF81450DF157060DF1B7
S21402CD104F0422D04FF6F773994540F2E88000227E
S21402CD20082120460CF084FE002800F0E080002255
S21402CD3059465046FFF750FB6CE70DF157060DF1CA
S21402CD404F0430460EF06AF8002846D00CF0DEFE9D
S21402CD50814540F0C8804FF000082046F6F70EF9ED
S21402CD60002800F0C080012F58D0042F7FF452AF65
S21402CD700EF077F810B1032D7FF44CAF049B002B16
S21402CD807FF448AF324602215046FFF7CDFB214BD7
S21402CD901B7863B1FFF772FEFEF72CFD022806D160
S21402CDA00120FEF721FD01210846FEF799FB1A4BEA
S21402CDB01B78022B1FD1032130460AF0A3FEFEF792
S21402CDC019FD014600287FF425AFFEF789FB21E70F
S21402CDD00DF156060DF14E04B3E70F4B1B78432BAD
S21402CDE07FF418AF012F7FF415AF0CF08FFE81454C
S21402CDF079D1B846B1E7412B7FF40CAF044B1B68E0
S21402CE0058057FF507AFF8F761FC03E7995E002047
S21402CE1080420020525F00209D5E0020B64C2378A0
S21402CE20022B22D02378412B3FF4F4AE049B33B975
S21402CE30FAF764FC594602465046FFF7CDFAFAF76F
S21402CE405DFC00283FF4E6AE0EF00BF8AB4F98B14F
S21402CE503B681A0502D42378432B0DD1AB070BD4BB
S21402CE6040F61A40F7F7E0FBD4E60DF0FAFF00288A
S21402CE70D8D0A907D6D4CDE6386810F0020002D181
S21402CE80059903F0C3FC2378112B16D13B685F0586
S21402CE9013D50020FEF73AFB044600287FF4BAAE0C
S21402CEA00DF00CF940F61C40F7F7BEFB2146204673
S21402CEB0FEF716FBF7F7C4FBACE6AC0701D5FFF7A7
S21402CEC013FAB8F1000F9ED00AF0BCFE18B94FF460
S21402CED080310DF07BFF0022894B30461A600DF040
S21402CEE094FF90E70026039B002B7FF413AF4FF6C8
S21402CEF0FF73204608A9ADF82030F5F791FF20B160
S21402CF0020460CF0DEFDADF820004FF6FF73BDF8AC
S21402CF10200098423FF47EAE049B3246002B0CBFA4
S21402CF20042315232146CDE900A33B46FFF708FD5F
S21402CF3070E60CF0EBFD00287FF46CAE714B1B78AC
S21402CF40002B3FF467AEA80704D46C4B1B6899010C
S21402CF503FF560AEBAF10C0F0DF1450094BF002408
S21402CF6012AC11F07BF802469DF8470003283FF604
S21402CF7051AE394600940DF13D0304F00BFA49E632
S21402CF800DF13D00F5F7FAFF28B1022239460020DE
S21402CF90FAF740F83EE65C4B1B78013B012B3FF666
S21402CFA039AE0DF13D0002F075FD4FF6FF73984263
S21402CFB0044606D10DF13D000CF083FDA0423FF47D
S21402CFC029AE0021FAF736F924E6EA077FF522AE03
S21402CFD02A4638460FA904F0DBFA1BE69DF83D10F8
S21402CFE00120FFF74FFA15E6474B1B78013B012B52
S21402CFF03FF610AEEB077FF50DAE0DF13D0002F0E9
S21402D00049FD4FF6FF7398420546804640F0808001
S21402D0100DF13D000CF055FD40450546074677D11B
S21402D0200DF13D00F6F71CFCB84205463FF4F2ADA2
S21402D030304610F06DFB00220934E4B2071BFFB243
S21402D040394610460CF0DDFBADF81C0000283FF414
S21402D050E1AD4FF0010900232A460821CDF80090E1
S21402D06005F0D4F9ADF81E0000283FF4D3AD2146F2
S21402D07030460EF0CFFD4FF0000A8046162251468B
S21402D08009A8CDF820A0ECF75DFF434622463146BC
S21402D090CDF800A008A811F0E2F84B46424608A9CF
S21402D0A00DF11E00F5F7E2F800287FF4B3ADA7EB0A
S21402D0B00807FFB2394607A80EF0C8FB284610F04C
S21402D0C02BFDFF2818BF114A444418BF32F810300F
S21402D0D0E4B21CBF23F4804322F81030BDF81C00D3
S21402D0E023463246002100970EF0D8FB2946BDF8AB
S21402D0F01E000DF040F98DE59D5E00208042002066
S21402D1007C420020995E00209E5E002098570020F8
S21402D110284610F001FDFF28074689D0F6F7C6FD1F
S21402D120002885D0384603F099F881E71E4B1B7815
S21402D130013B012B3FF66EAD2A4638460FA9FCF797
S21402D140C9F967E5194B1B78022B20D1002F7FF413
S21402D15061AD08A8FEF7A8F800283FF45BAD144BB3
S21402D1601F709DF83D30002B14BF64246524FEF723
S21402D17041FB032806D138463946FEF7B1F9384650
S21402D180FEF73EFB214608A80AF0BCFC42E5043B3B
S21402D190012BDBD938460BF0D5F80028D6D139E575
S21402D1A030460BF0D1F835E59E5E00209D5E0020ED
S21402D1B0525F00202DE9F34105460E461746984673
S21402D1C00DF04FFE044640B101233A46314628464A
S21402D1D0CDF80080FFF784FB04460DF042FE30B126
S21402D1E0FFF782FA78B10A4B1B689B010BD4002327
S21402D1F03A4631462846CDF80080FFF771FB002CF0
S21402D2000CBF0446012404F0010002B0BDE8F08120
S21402D2108042002070B58AB005A80AF017FD0223E6
S21402D22001AA15468DF81430084B03F11006144671
S21402D23018685968083303C4B3422246F7D1294610
S21402D24005A80AF06EFE0AB070BD00BF57C80400FB
S21402D250014B1878704700BFFC680020014B188805
S21402D260704700BF726800204FF6FF732DE9F04347
S21402D270994280460D4685B00BD000274FF6FD79C1
S21402D2801C4EE9F7D1FDFCB2A0420BD84FF6FF7058
S21402D2901DE0F5F773FE0028EFD005B0BDE8F043B9
S21402D2A00CF034BC36F814304B4517D86946204685
S21402D2B00DF01EFE082241460DF10500EDF78EF92F
S21402D2C04FF6FF7360B99D4204D136F8140005B0DC
S21402D2D0BDE8F08326F814500DF0D3FD0137D0E7F1
S21402D2E09D42FBD036F81430AB4208BF26F81490A5
S21402D2F0F4E700BFF05400202DE9FF4706460F462C
S21402D30000254FF6FD79DFF83C80DFF83CA0E9F710
S21402D3108BFDECB2A04202D804B0BDE8F08738F824
S21402D32014304B450CD8694620460DF0E1FD082224
S21402D33031460DF10500EDF751F908B90AF8047007
S21402D3400135E4E7F0540020495E0020014B33F833
S21402D35010007047F0540020F0B5064600250D4F29
S21402D36085B0E9F761FDECB2A04201D805B0F0BD88
S21402D37037F81430B3420BD1694620460DF0F4FD5F
S21402D3809DF80030022B1CBF4FF6FD7327F81430B1
S21402D3900135E6E7F054002030B585B004460D4668
S21402D3A0E9F742FDA0420FD9084B33F814204FF696
S21402D3B0FD739A4208D8694620460DF0D5FD2946E7
S21402D3C00DF10500FFF750FF05B030BDF054002008
S21402D3D030B585B00446E9F727FDA04219D92046A4
S21402D3E0FEF734FF0546B0B9694620460DF080FDCB
S21402D3F09DF800302BB1694620468DF800500DF09E
S21402D40095FD4FF6FF720020044B23F8142005B05A
S21402D41030BD2820FBE740F60440F8E7F054002031
S21402D4202DE9F0410B7805460E461BB9BDE8F041E2
S21402D430FFF7CEBFE9F7F8FCA84231D92846FEF737
S21402D44005FF78BB374617F8058B4FF6FF7138464F
S21402D450FFF70AFF0446384600F01EFAB0FA80F0DC
S21402D4604009B8F1000F15D0B8F1030F15D04FF6EA
S21402D470FF724FF6FD73944208BF1C460B4B3146B3
S21402D48023F815400A4B585528460DF04FFD00204C
S21402D490BDE8F0814FF6FF74F0E74FF6FE74EDE755
S21402D4A02820F5E740F60440F2E700BFF0540020DB
S21402D4B0495E00202DE9FF410D4604464FF6FE78F0
S21402D4C00F4F0E0AE9F7B0FCA04204D8FF2420460C
S21402D4D004B0BDE8F08137F8143043450CD16946F4
S21402D4E020460DF005FD9DF80520EBB29A4203D1C9
S21402D4F09DF80630B342EAD00134E4B2E2E700BF58
S21402D500F05400202DE9F04F0C46174698460025A9
S21402D5104FF6FD7B87B09DF840A0DFF85C90019047
S21402D520E9F782FCEEB2B04201D8FF2616E039F8DF
S21402D53016205A451ED8304602A90DF0D9FC3FB92E
S21402D5409DF80920424515D19DF80C20524511D16F
S21402D55044B939F81620019B9A420BD1304607B0DF
S21402D560BDE8F08F082220460DF10D01EDF736F8E2
S21402D5700028F3D00135D3E7F054002010B5144646
S21402D5800DF0B6FC2046BDE8104008220149ECF733
S21402D5902BBD00BF205F00202DE9FF47074615463A
S21402D5A00846082224491E46EDF718F804460028C5
S21402D5B03FD14FF6FF7ADFF88490E9F735FC5FFA41
S21402D5C084F880450BD385B3384608F049FA01251E
S21402D5D00C9B18700120357004B0BDE8F08739F84E
S21402D5E0183053451FD0694640460DF081FC7A78C4
S21402D5F09DF801309A4216D17A88BDF802309A42D6
S21402D60011D13A799DF804309A420CD108220DF1D4
S21402D6100501781DECF7E2FF28B9002DD7D1404668
S21402D62008F039FAD3E70134C7E7FF2008F033FAE7
S21402D630CEE70020D0E700BF205F0020F054002095
S21402D640F0B50025154E164F85B0E9F7EDFBECB2A6
S21402D650A04201D805B0F0BD694620460DF048FC50
S21402D6609DF80030032B06D90023694620468DF824
S21402D67000300DF05BFC9DF8002062B14FF6FD73A2
S21402D6804FF6FE71032A08BF0B4626F81430002315
S21402D69001353B55D9E74FF6FF73F6E7F054002005
S21402D6A0495E0020F8B50E4604464FF6FF770C4B4F
S21402D6B00C4D1B7803EB430305EB8305A54202D80A
S21402D6C000242046F8BD2388BB4206D008223146F5
S21402D6D0A01CECF783FF0028F3D00C34EEE700BF63
S21402D6E0BD68002030540020044BFF211A780448FD
S21402D6F002EB42029200ECF725BC00BFBD68002098
S21402D70030540020F8B504460C4B0D461B781046E4
S21402D710A3420DD90C27022117FB04117C43084EA5
S21402D72008223144ECF760FC335B00202B80F8BD06
S21402D7300023136053604FF6FF73F6E7BD680020C0
S21402D7403054002038B504464FF6FD75FFF704FE48
S21402D7500022084B1878084BD1B2884200D838BD50
S21402D76033F80C1C0132A14208BF23F80C5C0C33C0
S21402D770F2E700BFBD6800203C54002070B50546A5
S21402D7800E460846FFF7DEFF31462846FFF76CFDD9
S21402D79029460648FFF786FF00B970BD044624F8FE
S21402D7A00C6B0DF06EFB29462046F3E73054002042
S21402D7B010B5082286B023490446ECF70FFF20B9BD
S21402D7C006B0BDE810400CF0A1B9082220461E495A
S21402D7D0ECF704FF20B91D4BB3F8680006B010BD85
S21402D7E00023012221464FF6FF700093FFF78AFEC0
S21402D7F0FF2806D0164B33F810004FF6FB739842FC
S21402D800ECD903A8FEF79EFD58B9BDF80C305B06AE
S21402D81007D5082221460DF10E00ECF7DFFE0028A0
S21402D820DCD021460B48FFF73DFF40B14FF6FB72B6
S21402D8304FF6FF730088904288BF1846CEE74FF631
S21402D840FF70CBE7205F00206A50002000500020C7
S21402D850F05400203054002070B5002204464FF6E3
S21402D860FB7608460A4B1D780A4BD1B28D4201D888
S21402D870002009E01988B14207D8A14205D1082242
S21402D880991CECF7B1FB012070BD0C330132ECE7BA
S21402D890BD6800203054002037B5014605460E48C4
S21402D8A0FFF700FF044640B1807A29460DF080FB60
S21402D8B080F00100C0B203B030BD034600900122E2
S21402D8C029464FF6FF70FFF71DFEFF2816BF034BD3
S21402D8D02046185CE9E700BF30540020495E00206D
S21402D8E02DE9F341224B04461B780F468342154628
S21402D8F038D9FEF7C5FCB8BB4FF6FD739D421D4EE8
S21402D9000ED004EB440326F823504FF6FF739D42D5
S21402D9101FD12046FEF7CCFC002002B0BDE8F08105
S21402D9200DF106013846F5F77BFA4FF6FF72BDF8A1
S21402D93006303846934218BF1D460C236343F55201
S21402D94006EB0308FFF7A8FFB0FA80F0400988F854
S21402D9500A000C2303FB0460082239460230ECF767
S21402D96043FBD9E72820D8E740F60540D5E700BFB5
S21402D970BD6800203054002038B504460D46FFF737
S21402D980BBFC21460448FFF78DFE00B938BD857200
S21402D99021460C30F7E700BF305400200023074A28
S21402D9A01370074A1370074A118801B11380064B99
S21402D9B01A880AB100221A80704700BF645F0020EE
S21402D9C0635F002014580020125800202DE9F04F03
S21402D9D04C4C9846238889B005900F4610469DF811
S21402D9E048A05BB952B10DF04AFF20804FF4FA61AD
S21402D9F0454809B0BDE8F04F0FF05ABFDFF81C915A
S21402DA00B9F80050002D69D028460FF081FEC0F309
S21402DA10470428460FF060FEDFF804A10294BAF825
S21402DA200030DFF800B10193BBF8003005460093E2
S21402DA3000224346012035490DF0A0FFADF81E0036
S21402DA4010B305EB44080124454512D1E4B9BDF8EC
S21402DA501E50CDB12E4B1B782BBB2B4600223946CF
S21402DA60059800F043FA0023ABF80030AAF800301D
S21402DA700AE0012329461A460DF11E00F4F7F6FBCA
S21402DA80023504460028DFD00023224AA9F80030D7
S21402DA901378013BDBB21370002BA7D109B0BDE8A7
S21402DAA0F04FFFF77BBF0BF0FAFF0146284604F063
S21402DAB085FC0A218046284604F080FC0646A642DB
S21402DAC002D8FF2CCFD1C8E7284604F10B0104F098
S21402DAD075FC8045C1D80134E4B2F0E70E4C2378D9
S21402DAE023B910F0C9F808B90123237052464146FB
S21402DAF00520F5F757FC0028D0D1207009B0BDE804
S21402DB00F08F00BF14580020B4670020DC7B0400AE
S21402DB10655F0020645F0020635F002012580020CB
S21402DB20AC570020AE57002030B5154D87B02C8874
S21402DB309CB923464FF4A07248F2380103A80DF0B0
S21402DB401AFB21462046F9F7F3FB22460D4B0094BA
S21402DB5003A9FFF73BFF07B030BD20460BF036FEA9
S21402DB60043010F07BFA03A9044628880EF08CF8DD
S21402DB700023009320462A8803A900F065FBEAE703
S21402DB801458002000F8FF0737B5002001A9F9F75E
S21402DB90CFFB0D4C014623780C4D7BB10C4B019A02
S21402DBA01878F9F7DBFB2078F7F716F900232370CD
S21402DBB02B700848F4F706FC03B030BD2B78002B18
S21402DBC0F7D0FFF7B1FFF4E7675F0020645F00203D
S21402DBD0665F0020B467002008B50548F4F702F92E
S21402DBE00448F4F7FFF8BDE808400348F4F7FAB82B
S21402DBF01458002012580020105800202DE9F04F2B
S21402DC0089B089460446CDE905239DF84870139EDF
S21402DC1030B316F801ABBAF1000F23D00AF1FF3485
S21402DC20A400E4B2314601200AF0D4FBC00E1BD198
S21402DC30DFF838B1314601200AF0CCFB9BF80050E1
S21402DC4034442279BDB1002F47D180234846CDE91E
S21402DC500277CDE900773E4A059900F047F93CE0A5
S21402DC608246DFE75446DDE71B28ECD93146012021
S21402DC700AF0B0FBE7E7DFF8F880FF2A00EA0808B8
S21402DC800BD14246E379A179607901EB032189B28F
S21402DC9009B0BDE8F04FF9F761BB2E4909688B075A
S21402DCA00AD5FE2A35D101230135EDB2202D4FEAE1
S21402DCB043030AD1FF250AE0294628460792F9F7C8
S21402DCC037FB4845BFD1079AEBE79845ECD1224B84
S21402DCD01B78FF2B04D0AB4204D009B0BDE8F08F0E
S21402DCE0FF2DFAD029460020F3F774F80028F4D066
S21402DCF09BF800306479002BEFD1FFF74FFE1748F0
S21402DD004FF410510FF0D4FD154B8BF800501C70D9
S21402DD10E3E7052A97D8BAF1010F94D8B8F1000FB5
S21402DD2091D0002FD9D17379002BD6D00D4909880E
S21402DD3021B9082B28BF08230B490B7043464846D7
S21402DD401292DDE9051209B0BDE8F04FFFF73EBEBC
S21402DD50DC7B040080420020FD680020B4670020BF
S21402DD60665F002014580020645F0020675F002072
S21402DD7000F8FF07014B1880FFF7D6BE12580020A6
S21402DD8037B5184B1B78022B03D01725284603B04D
S21402DD9030BD00210DF10700F4F798FC0546002877
S21402DDA0F3D1114B1B78013B012B01D90225EDE77C
S21402DDB0F4F7F6FB0028F9D009F0ECFD0446F4F778
S21402DDC0EFFB0A4B4FF47A7118700B23B4FBF3F295
S21402DDD003FB12440A34A4B2614305480FF068FDFF
S21402DDE0D4E700BF9D5E00209E5E00208E5E00206F
S21402DDF0AC4100202DE9F043384B00241E784FF446
S21402DE00F813374FA5B003933D78ADF81040F7F7F7
S21402DE108FF8BDF90E30ADF81200A342ADF81440EB
S21402DE2006DB304B1C780134E4B21C7044F08004EC
S21402DE308DF82C40A94602244FF000088DF82D607C
S21402DE40B14529D3002221460BA83D708DF82D80BE
S21402DE500BF0D7FCE8B1B8F1000F09D000234FF65B
S21402DE60FC71CDE9000303AAFF230620FBF7EAFFB5
S21402DE70B5422FD209F08EFD0B23B0FBF3F24FF41E
S21402DE807A7102FB13000A3080B2414316480FF043
S21402DE900FFD25B0BDE8F083484606A902F004FA55
S21402DEA098B9512C11D804F190030DEB03020834F3
S21402DEB006AB013508F1010803CBE4B242F8640C64
S21402DEC042F8601CEDB25FFA88F809F101095FFAC0
S21402DED089F9B5E70448F4F775FADAE78E5E0020AA
S21402DEE08F5E0020695F0020AC4100200CB42DE953
S21402DEF0F04F8BB014AA0E4652F8041B074609923E
S21402DF00002940F08F80BDF85400ADF822000028AA
S21402DF1000F0A18033794FF6F778002B40F0868028
S21402DF2047458CBF4FF009084FF008084C4B1C7849
S21402DF30FF2C40F08380B6F90230002BA9BF494B74
S21402DF40347A1C780134A2BFE4B21C7044F0800418
S21402DF50DFF81CB12246002104F044FA9BF8003098
S21402DF60BDF82200002B6CD0DFF808A14FF00009A4
S21402DF70BAF8003007930FF0CBFB0546BDF8220037
S21402DF800FF0AAFBEBB2CDE90193FF23CDE903091B
S21402DF9000932246334639460798FCF7F1F84FF6C7
S21402DFA0FF7305468BF80090AAF80030382D33D15F
S21402DFB03246394640460DF122030AF0CBF90028D4
S21402DFC04BD04FF6F7739F4226D8B6F902307088C8
S21402DFD0002B21DA48F204022349244B4FF00008B2
S21402DFE0904214BF894699460BF090FD4946034677
S21402DFF08A220120CDF800800DF0C0FC814658B17F
S21402E0002246414604F0EEF9FF23324639464046A0
S21402E010CDE90098FBF716FF28460BB0BDE8F04F97
S21402E02002B0704701200DF086FC6EE700234745DC
S21402E0308CBF4FF006089846337177E7FF221A70B6
S21402E04086E7CDE900033246FF2339464046FBF712
S21402E050F9FE0546AAE71925DEE70546DCE700BF16
S21402E060FF680020695F0020ED7B0400E27B04006D
S21402E070685F00201658002070B54FF40033002465
S21402E0800546164688B0ADF81A100DF10F0204A91F
S21402E0900593ADF81840ADF81C4004948DF80F4077
S21402E0A00AF02FF99DF80F3028460193049B044A84
S21402E0B0009305A93346FFF719FF08B070BD00BFED
S21402E0C0E67B040030B54FF48035002487B0039514
S21402E0D0BDF82850CDE900128DF81030074A0346E5
S21402E0E003A9BDF82C008DF81140ADF81250ADF81A
S21402E0F01440FFF7FBFE07B030BD00BFF27B040002
S21402E100B1F1006F2DE9F04314462CBF39223822B4
S21402E1108BB01D464FF00003ADF81E204FF4800270
S21402E1202CBF4FF001099946FF2C0646ADF81C306D
S21402E1300892ADF824304FEA11471FFA81F80FD142
S21402E1400CF07AF8B9F1000F19D1154ACDE902059B
S21402E15043463046CDE9007407A9FFF7C7FE1AE02A
S21402E160FE2C0AD10CF068F80130C0B20CF06FF841
S21402E170B9F1000F12D00B4A02E0E8B2F8E70A4AF9
S21402E180CDE9030501233046CDE90174CDF80080C0
S21402E19007A9FFF7ABFE0BB0BDE8F083034AD5E74D
S21402E1A0EA7B0400F07B0400E97B0400F17B0400B8
S21402E1B04FF498124FF0806310B586B0CDE9032372
S21402E1C00023ADF814300BF0A1FC0446F6F7B0FEBF
S21402E1D0054B01900093054A234603A94FF6FD70AE
S21402E1E0FFF784FE06B010BD205F0020F67B040019
S21402E1F008B5064B1B78022B02D0043B012B03D832
S21402E200FFF7D6FF002008BD0220FCE79D5E002037
S21402E21030B500244FF4806587B0CDE900128DF842
S21402E2201030084A034603A94FF6FD708DF81140D8
S21402E2300394ADF81250ADF81440FFF757FE07B03E
S21402E24030BD00BFFA7B04002DE9F04F9BB00E46AE
S21402E25005460EA91046CDE90A329DF890700CF0DC
S21402E260E2FEBDF838A0804650460FF051FAB6F9E5
S21402E27002300446002BB6F80690B6F802B004DA6E
S21402E2800022B24B1A70002049E050460FF040FAC6
S21402E2904045F5D3A4EB0804E3B2002F18BF4FF4B1
S21402E2A0A079152B099328BF15230024013308F102
S21402E2B0FF325146DBB292B2009414A80FF0CFFFA1
S21402E2C06FEA4B436FEA5343A1499DF85020086812
S21402E2D04968ADF846300FAB03C3ADF84840ADF819
S21402E2E04440ADF84A90ADF84C20BBF1000F24D163
S21402E2F00DF15100F4F742FEA0B10BF007FC5C46AC
S21402E30006460DF1590A0DF151030A9A9AF8008051
S21402E310012A2DD157B384F0010404F001001BB08A
S21402E320BDE8F08F0DF1510001F0B4FB4FF6FF741B
S21402E330011B4C4206464C41E3E7BBF1010F40F09D
S21402E3409480BDF851600BF0E1FB86420AD030465D
S21402E3500FA90CF03EFF80F00104E4B20DF1530A5F
S21402E3600FABD2E77B4B0DF1530ACEE70A9CD4E7FC
S21402E37097B3002C75D1B8F1010F72D837D10BF0D4
S21402E380C5FB0BF0C3FB224606469AF80170714B9A
S21402E39000210120CDE9006102976F490DF0EEFAE7
S21402E3A0ADF83A0000285CD0002C53D1B8F1010F2A
S21402E3B050D12646DFF8B8A19AF800305FFA84F802
S21402E3C0434538D940460FF0FFFBC20702D5BFB11E
S21402E3D0013FFFB20134EFE7B8F1010F05D1002C7F
S21402E3E0CDD081229AF80170D2E7002CF9D1B8F18B
S21402E3F0010F94BF002201229AF80170D201C7E7EA
S21402E400404601F017FB0123ADF8340002220DA9A5
S21402E4100DF13A00F3F72AFF18BBBDF83A000FF0E9
S21402E42077F9804648460CF070FC08F10108013680
S21402E4308045F6B2CEDBB6B132460C21BDF83A00C4
S21402E44003F0D0FF00222846BDF83A3011A9FFF7A4
S21402E4504DFD06E00C210DF13A000DF0F7F900280B
S21402E460F0D001205BE70D21F5E70A9B002B7FF435
S21402E4700AAF7388342B57D1099B092B7FF403AF5D
S21402E480002F7FF400AF9DF959603A46B410082178
S21402E4900DF1510004F020040BF0CAFAD0B12F4B54
S21402E4A01B78012B3FF4EFAE022B27D12C4B1B68B7
S21402E4B013F0807F25D12A4B1B685B0201D5002E04
S21402E4C030DA00232846274A11A9FFF70FFD264B0C
S21402E4D01C70D8E60DF15100F4F750FD0028DED18D
S21402E4E00DF1510001F0D6FA4FF6FF73984208D0AC
S21402E4F02146F8F79FFE034618B903E0033B012BBB
S21402E50006D9C8232846174A11A9FFF7EFFCBAE630
S21402E510164BB3F86830AB42CDD0114B1B6813F0E4
S21402E520805FC7E78D23EDE7099BCDE9059204934B
S21402E5300DF15103CDE9028331462846CDE9007A32
S21402E5400B9B11AA00F058F89DE600BF5C5F002006
S21402E55030050400205F0020FE7B04009E5E002043
S21402E56080420020E0320400FE68002000500020B6
S21402E570CA680020024B187840F08000704700BF3F
S21402E580695F002038B50A4B05461C7824B10BF0AB
S21402E590BDFAB0FA80F46409F8F72AFF08B144F02D
S21402E5A04004E8F74DFC44EA4020284038BD00BF4E
S21402E5B0995E0020014B1880002070477A68002080
S21402E5C04FF6FF71034602881B798A4217BF074936
S21402E5D001200A8041881EBF054A00201180FF2BB9
S21402E5E01EBF044A00201370704700BF76680020E2
S21402E5F0746800206A5F00202DE9F04FB7B0994694
S21402E600BDF80431439C0D939DF8083183460E9362
S21402E610BDF8143120460F939DF81831B1F802A0C8
S21402E6200F4690469DF8005110930FF017FDBAF171
S21402E630110F064600F28A800BF068FAB04200F02C
S21402E6408F80BAF1060F19D14FF6FD739E423ED067
S21402E650DDB9BC4B1B78033B012B36D930460FF095
S21402E6605BFAFF2814BF8923812300224146CDE9A5
S21402E67000625846B44AFFF739FC06E02DB9BAF1F3
S21402E680030F08D8BAF1010F0AD80022AF4B1A704E
S21402E69037B0BDE8F08FAAF10403022BF5D8D8E70D
S21402E6A0A84B1B78033B012B0DD930460FF034FAEA
S21402E6B0FF2814BF8923812341465846A44A009660
S21402E6C0FFF714FCE1E78023F6E78023CDE7A14BB2
S21402E6D01B7859074CD40BF019FA0026034632462B
S21402E6E00120994900960DF049F92379ADF86C009E
S21402E6F00F930028CCD0DDE90E320D9803EB4209C9
S21402E7000FF006F85FFA89F909F10507FFB28742AA
S21402E710BED239460D9803F051FE109007EB400723
S21402E7200D980EF0F5FF8742B2DADDE90F32134399
S21402E730DBB2002B40F03282002DA9D12F463A469A
S21402E7400421BDF86C0003F04DFE76E1814BBAF170
S21402E7503A0F1B7811D948F23B039A4508D014E0C9
S21402E7607C4B1B785A070BD5AAF10403022B07D859
S21402E770FB8843F48043FB808AE7BAF11B0F1ED85E
S21402E780AAF102039AB2132A5ED9109B4946029353
S21402E7900F9B5046CDE900530E9A5B4609F0BEFD2C
S21402E7A00F287FF475AF0122684B1A70694B1B78ED
S21402E7B09B0740F1D982002D7FF46AAFD8E7AAF111
S21402E7C01C021E2AE1D801A151F822F0F1EF020044
S21402E7D08BE702008BE7020011EC02008BE70200D7
S21402E7E0F1EC0200F1EC02008BE702008BE702007C
S21402E7F08BE702008BE702008BE702008BE7020042
S21402E8008BE702008BE702008BE702008BE7020031
S21402E8108BE702008BE702008BE702008BE7020021
S21402E82021ED020021ED02008DEF02008BE70200CF
S21402E8308BE70200A7EF02008BE7020041F002001E
S21402E84057F0020065F00200132B9ED801A252F880
S21402E85023F000BFA5E802006DE902008BE9020082
S21402E86069EA0200D7E602008BE702008BE70200A5
S21402E8708BE702008BE702008BE702008BE70200C1
S21402E8808BE702008BE702008BE702008BE70200B1
S21402E8908BE702008BE70200ABEB02008BE702007D
S21402E8A01DF0020000241BAB5A4648460E99009300
S21402E8B01DAB1D948DF86C4009F024FD0BF026F973
S21402E8C0204B05461B78012B03D0022B14BF0224D3
S21402E8D00124E8F7B5FA162894BF0020012044EA7E
S21402E8E04014F6F725FB1C4B0646B3F800A0FBF7D0
S21402E8F09FFA1A4B07464FF6FF70B3F80090FFF7E1
S21402E90041FE174B9DF86C201988124B1B7813F0AA
S21402E91002031CBF134B1B780B921D9ACDE907010D
S21402E920CDE9093240234146CDE90143584600234A
S21402E930CDE90579CDE9036A0B4A0095FFF7D6FAC9
S21402E940A6E600BF9E5E0020E27B04005C5F00201D
S21402E950ED7B04003E5E00207A6800207668002088
S21402E960746800206A5F0020047C04000BF0CEF876
S21402E970A34BA44A1B88CDE94003002341465846D0
S21402E98037B0BDE8F04FFFF7B1BAA4781DA9631EF1
S21402E990DBB2EF2B204610D9F22C0ED007F0ACFFDC
S21402E9A082240BF0B3F800234146CDE90003964AD1
S21402E9B023465846FFF79AFA6AE607F09DFF0028B4
S21402E9C050D00BF0A3F89DF878209DF87A100492A8
S21402E9D0BDF8762049000392BDF87420C9B2CDE98D
S21402E9E001429DF8792003465200D2B208320A4408
S21402E9F000920120002285490CF0C0FF9DF8793074
S21402EA00ADF86C008DF8673000283FF441AE002662
S21402EA1001230DF167011A461BA8F3F727FC0546EA
S21402EA2000287FF435AE9DF86730EAB2934209D8E3
S21402EA309DF87A308DF8673016B1BDF86C3033E049
S21402EA400126E5E73146204607F058FF0123ADF8D8
S21402EA50680002221AA91BA8F3F708FC0135002851
S21402EA60E1D015E683249CE70BF050F8044607F045
S21402EA7064FF234600900022012063490CF07EFFCB
S21402EA8000283FF405AE00252C46ADF8740007F0CA
S21402EA9054FFEEB2B0420DD822460421BDF87400EF
S21402EAA003F0A0FCBDF87430002241465846FFF73A
S21402EAB01DFAEDE5304607F01DFFFF288DF86C00C5
S21402EAC00AD0012301341A461BA91DA8E4B2F3F7A3
S21402EAD0CDFB00287FF4DCAD0135D8E75046B4F80C
S21402EAE0029007F007FFFF288DF8680000F0CF823B
S21402EAF01DA907F001FFBDF874304B4507D04FF64D
S21402EB00FF72914540F0C3821B0400F1C0829DF85B
S21402EB10793012930E9B0533DBB213930F9B14933B
S21402EB20002311934FF000094B4613E01793490058
S21402EB30139BC9B219440D9889B20CF0C2FE4FF06D
S21402EB40000A179B159012995FFA8AF28A4217D327
S21402EB5009F10109149A5FFA89F19142E6D39DF808
S21402EB607A201292169A1392002B40F08582119BFD
S21402EB70002B40F08C8201231193109B1493D1E753
S21402EB8011999DF86800179307F0B8FE159A179B1F
S21402EB900AF1010A824208BF0123D4E709F10609F5
S21402EBA05FFA89F33746169372E2A71C3946304657
S21402EBB0A57A08F007FF012239463046FAF7D4FB59
S21402EBC030460CF05CFC384600F064FF2288824235
S21402EBD007D04FF6FF72904203D00EF09DFF0CF066
S21402EBE08EFB85F00804C4F3C00421463846FEF7BF
S21402EBF0C3FE2146384637B0BDE8F04F09F0BBBB2E
S21402EC0078680020117C0400E27B0400157C040076
S21402EC10AD4B1B78033B012B7FF63AAD0AF076FF2D
S21402EC2058453FF435AD08F0B5FE0B23B0FBF3F2C2
S21402EC304FF47A7102FB13000A3080B24143A348B4
S21402EC400EF036FEF3F7ACFC00283FF421AD0123AC
S21402EC50002218469E4994F800A00CF08FFEADF8EC
S21402EC60680000283FF414AD0026354634460E9B55
S21402EC701BAF01330E93F2B2524514D3002C3FF46D
S21402EC8007AD01232A461DA91AA8F3F7EFFA0028B2
S21402EC907FF4FEAC22460221BDF8680003F0A2FB18
S21402ECA0BDF8683000E74FF000090E99D200D2B2E4
S21402ECB00A4408230D993846CDF800900FF0CFFA93
S21402ECC0394648460EF0F8FEFF280FD0814B1B5CF3
S21402ECD00F2B0BD997E8030005F1D8036B44643B6E
S21402ECE083E8030008350134EDB2E4B20136C2E728
S21402ECF0002D7FF4CDAC18073FF53AAD53462246B9
S21402ED004146584603F066FE00287FF4C1AC8423D1
S21402ED1041465846704A37B0BDE8F04FFFF7E6B8AE
S21402ED2023780F9810930BF0F0FF00210646584602
S21402ED3004F0BAF9644BBAF1310F1B780746A3F117
S21402ED4003030BD1012B13D9644B654A1B78127847
S21402ED501344DBB20D9316230E930DE0012B03D959
S21402ED60604B1B780D9353BB002D7FF491ACCEE71E
S21402ED7001231621CDE90D310024109B2246009373
S21402ED8001202346584901940CF0F8FD00283FF470
S21402ED907FACF61BF3B22646544FDFF85C91119314
S21402EDA0ADF86C000F940D9BE5B2AB4209D8324623
S21402EDB00221BDF86C0003F015FB0F9AC0E4052390
S21402EDC0CAE7162200211DA8EBF7BCF8BAF1320FEB
S21402EDD03DD13B7903F00302032A21D18DF8762038
S21402EDE0109B0136F6B2B34215D2BDF86C000EF097
S21402EDF08FFC0E9B1844119B98420CDC01230E9A42
S21402EE001DA91BA8F3F732FA00287FF441AC0F9B2A
S21402EE100133DBB20F930134083709F11209C2E756
S21402EE20B9790029DCD13249C3F3C203CB5C1DA8F1
S21402EE30012A08BF43F0010339888DF876300FF0B7
S21402EE400FF979880DF177000FF00AF9C8E71DA8C7
S21402EE500BF074F94FF0FF33CDE91F331F4B1B78CD
S21402EE60AB4261D999F804306F2BD4D828461FA933
S21402EE70F4F7D0FF0028CED01E4BB9F80020B3F826
S21402EE80683092B9003B18BF01235B0143F00403CC
S21402EE908DF8863002238DF88730B9F802301B0AC7
S21402EEA011468DF8893021A8CEE79B1A18BF012398
S21402EEB05B0143F005038DF8863002238DF8873018
S21402EEC00F238DF88830E8E79E5E0020AC410020D4
S21402EED01F7C0400425E0020E0320400975E0020A1
S21402EEE0965E0020C86800201D7C040002570020A1
S21402EEF068C8040000500020885500200132D2B2B3
S21402EF00551EEDB22846139312920EF05DFEDDE911
S21402EF10122310F0010FF1D063490978611A994261
S21402EF2005D00133DBB2E9E701220023E8E75F4BB5
S21402EF301FA918782844C0B2F4F76CFF00283FF4E3
S21402EF406AAF284600F076FD129028460EF03CFE88
S21402EF5010F0010F129A0FD116238DF88630544BFB
S21402EF601B780133DBB20F2B28BF0F238DF88830B6
S21402EF70504B33F8153092E7284612920EF024FED4
S21402EF8010F0020F129AE7D11223E6E71A073FF5AE
S21402EF90EFAB23465A4641460F9803F073FD00280E
S21402EFA07FF476ABE0E695B1434B1B78033B012B2F
S21402EFB07FF66EAB0AF0AAFD18B9BBF1000F7FF41C
S21402EFC067AB207837B0BDE8F04FF5F721BE0AF000
S21402EFD09DFD20B1384B1B78033B012B01D88023C3
S21402EFE096E62B4641465846344AFEF77FFFE8E748
S21402EFF00AF08CFDB0427FF44BABA01CF3F7BEFFC9
S21402F00000283FF445AB0AF081FD04460AF07EFD77
S21402F0102B4B2C4ACDE940032346AFE420460FF0A3
S21402F0201DF8FFF7AFFA00283FF432AB40900023FA
S21402F03041465846244A37B0BDE8F04FFEF756BF61
S21402F0404B46424659460020CDE9405437B0BDE80B
S21402F050F04FFEF7D3BD4B46424659460120CDE956
S21402F0604054F3E72B464A4641465846409437B04A
S21402F070BDE8F04F09F084B901231AA91A461BA865
S21402F080F3F7F4F800287FF403AB0137FFB201363A
S21402F09007F053FC5FFA86FA50453FF61FAD002F85
S21402F0A03FF44AABFFF74BBB975E0020C3680020D5
S21402F0B0515F00208A5700209E5E0020E032040046
S21402F0C0205F0020227C0400ED7B0400F8B5164B7E
S21402F0D004461D88154B20F8025B196879B1082290
S21402F0E0EAF782FF124B0C201B78124EA372124BC9
S21402F0F019780023DAB2914205D8FF2209E0C4F853
S21402F10002104160EEE7013300FB03F7F75BAF4204
S21402F110F0D10A4BE2721B782373094B1B78637398
S21402F120084B1B682361F8BD245800201C510020A0
S21402F1306B5F002024540020BD6800204D5F002035
S21402F1404C5F002008510020F0B589B006460C46F8
S21402F15015460CF088FD0DF10A02014630460CF009
S21402F1601AFC144F0346F0B901223A702288BDF801
S21402F1700A102AB102460090072006F08FFB90B1D3
S21402F18003A8FFF7A3FFBDF80A000EF0C1FA064671
S21402F190BDF80A000EF0A0FA21460090F3B2284607
S21402F1A003AA08F041FC0023034A3B70136009B02F
S21402F1B0F0BD00BF6C5F00201C51002073B5ADF897
S21402F1C006000DF106000AF02EFB014608B102B059
S21402F1D070BD0DF106000AF06FFB04460EF07CFAD5
S21402F1E0C67A002EEDD120460CF004F8FF28E8D0AF
S21402F1F00EF0D2FC054BD3F88850002DE1D03346F2
S21402F200224641213046A847DBE700BF00500020D7
S21402F21073B5002200210C2000F0C2FC0021194820
S21402F2200EF080FF01250446164E84B120460BF0F0
S21402F230E1FFFF2805D1214630460EF097FF04462F
S21402F240F3E704220023009500F07EFCF3E7214654
S21402F2500D480EF067FF012504460B4E0CB902B0AE
S21402F26070BD20460BF0C6FFFF2804D008220023FC
S21402F270009500F069FC214630460EF077FF044602
S21402F280ECE700BF285800202A5800202DE9F84F46
S21402F29010460E46174699460AF0A6F9254A264B08
S21402F2A00021B0F5006F14BF9046984640460EF017
S21402F2B039FF4FF0000A0446DFF880B00CB9BDE80B
S21402F2C0F88FBC4228D120460EF006FA857A80F8DE
S21402F2D00BA0013DEDB2857216B13F2E00D02DBBBC
S21402F2E00EF0ECFC054620460AF07EF9B0F5006FFB
S21402F2F04FF00002214615D10F480AF0FCFAFFF73C
S21402F30087FF28460EF0D5FCDBF8885025B14B4621
S21402F3103A4631460020A847214640460EF026FFD0
S21402F3200446CBE703480AF0E6FAEAE7FFF770FF7F
S21402F330F2E700BF2A58002028580020005000207C
S21402F34000232DE9F34706460F464FF6FF78284C72
S21402F350DFF8A090ADF8063020460AF064FA0546BB
S21402F36048B9294620460EF0DDFE82460EF0B4F974
S21402F3700389B34217D94C4501D1FFF749FF002153
S21402F38020460EF0CFFE054607F1FF3A5FFA8AFAEC
S21402F390D5B94C4516D1BDF80600FFF70FFF40461B
S21402F3A002B0BDE8F0877B1EDBB2FD2BD4D929461E
S21402F3B020460AF081FA2A4651460DF106000EF062
S21402F3C0B7FEC9E74C46C7E7BAF1FD0F09D928468A
S21402F3D00EF082F903899B1B9BB2984528BF98467C
S21402F3E00381294620460EF0C1FE0546D0E700BF3F
S21402F3F02A5800202858002008B50EF045FD0B4A72
S21402F400FF2113881080C31A98B2FFF799FF4FF6B0
S21402F410FF7301469942064803D1BDE80840F2F759
S21402F420D1BFBDE808400EF043BA00BF2C580020FA
S21402F430D4670020174B00282DE9F041164D18BF5F
S21402F4401D460F4628464FF000010CBF4FF0080835
S21402F4504FF002080EF066FE044610B92046BDE8DC
S21402F460F08120460EF038F9C37A064623B12146CB
S21402F47028460EF07BFEEFE720460AF0E4F8424606
S21402F48001463846EBF7AAF80028F0D1B378002BED
S21402F490EDD1E3E7285800202A580020014B1860D7
S21402F4A0704700BF2051002010B504460548F2F709
S21402F4B089FF0023044A1380044A1380044B1C80ED
S21402F4C010BD00BFD46700202A580020285800200C
S21402F4D02658002008B50448F2F784FCBDE8084028
S21402F4E00248F2F77FBC00BF2A58002028580020A6
S21402F4F02DE9F341044688460EF0C6FC324B074619
S21402F50020461E880BF076FE054620460AF06CF86A
S21402F510B0F5006F32D1FF2D06D0012304220093EE
S21402F5202846002300F010FBB8F1000F1DD10EF0A4
S21402F530C5FB2146054625480AF07AF928460EF00C
S21402F540B8FB23480EF01CFE224BA8B31988711A8A
S21402F55017FA81F086B220460EF0BEF80323068123
S21402F5608372002002B0BDE8F0810EF0A7FB0022F5
S21402F5702146054615480EF0DBFDDFE716480AF081
S21402F58089F904281ED8FF2D06D0012308220093ED
S21402F5902846002300F0D8FAB8F1000F05D10EF085
S21402F5A08DFB214605460C48C6E70EF087FB002277
S21402F5B0054621460848DEE7314605481F800EF01C
S21402F5C077F9C8E71C20CDE72658002028580020E7
S21402F5D0D46700202C5800202A5800202DE9FF4727
S21402F5E008460C4609F0E5FF00F4805820460AF06B
S21402F5F066F8054620460AF039F8B0F5404F1BD1AA
S21402F600B8F1000F14D029460020FFF713FF054675
S21402F61070B10EF061F80023404A817804460092E9
S21402F62018462A460193F1F7A5FF08B90123E372AB
S21402F630012004B0BDE8F08728460EF00FFD814693
S21402F6400EF06AFAFF28074637D00125A0F12006F9
S21402F650C0F12003324925FA03F305FA06F61E43E3
S21402F6608540D1E900232A433343C1E900230EF043
S21402F6706DFA044638B138460EF0A6FA10F00C0FB2
S21402F68014BF01240024B8F1000FD1D04FF0000AB5
S21402F69003A90120ADF80C90FFF7CCFE81460EF0D0
S21402F6A01BF88046B9F1000F1ED1BAF1000F14D133
S21402F6B0FF2FBDD0002CBBD128E01A4B1B684BB1E4
S21402F6C048469847044628B1B8F1000FB0D0002546
S21402F6D02E46DBE7B8F1000F01D10020A9E700258E
S21402F6E001242E46A246D3E774B100230B4A817842
S21402F6F0009218464A460193F1F73CFF002897D13C
S21402F700012388F80B3093E7FF2F91D0064BD3E9FD
S21402F710001229433243C3E9001289E78DF2020040
S21402F72060160020205100205816002038B50446E6
S21402F73009F05AFF0546204609F085FFA5F5006345
S21402F7400446014658425841FFF774FEB0B9B5F573
S21402F750006F01D0002038BD20460EF07FFC0EF070
S21402F760DBF9FF28F6D0064B00B21B6833F8100010
S21402F77000F4E260003818BF0120ECE70120EAE757
S21402F780245100202DE9F7434FF000090746ADF853
S21402F79004900EF019FA10F00C0F29D04FF0020860
S21402F7A0154D2B88A5F80090ADF806300DF1060031
S21402F7B00AF039F8044630B1B8F1010F14D04FF010
S21402F7C001080E4DEDE721460DF106000AF074F829
S21402F7D006460BF00FFDB8422246314614BF2846B5
S21402F7E001A80EF0A5FCE1E7BDF80400FFF7E6FC71
S21402F7F003B0BDE8F08300BF2A5800202858002036
S21402F8002DE9F04FDFF8208185B0D8E900321343A6
S21402F8107CD105B0BDE8F08F02EA040103EA0700D6
S21402F820014327D022EA040223EA0703C8E9002399
S21402F830DAE9002304EA020507EA030C55EA0C0596
S21402F8406FEA04006FEA070124D130460EF0BCF9D5
S21402F850C2070FD530460EF09FF9DBF89C30002B1E
S21402F86045D11D46304600F0E5F8DBF884300BB192
S21402F8702946984724197F4109F10109284B5FFA66
S21402F88089F61B78B342C4D9D8E9002352EA0301A9
S21402F890C2D1BEE702400B403046CAE900230EF052
S21402F8A093F9C307E6D51F4B30461B6833F816306C
S21402F8B003F48873102B10D00EF06EF9DBF89C3030
S21402F8C013BB1D460123102200933046002300F08E
S21402F8D03BF90020F1F7BCFDC4E70EF05DF9DBF85A
S21402F8E09C300125002BBDD00122039502E00025A5
S21402F8F02A4603950392002130469847039A002A27
S21402F900B0D0002DAED1DDE70025EDE74FF00009BF
S21402F91001244F46DFF814A0DFF814B0AEE700BFAC
S21402F920006900202451002060160020581600208E
S21402F93000500020F8B50346084613B309B3402A20
S21402F9401FD8114900260B6010490027086010498D
S21402F9504FF0FF350A7000210C460433914205DB56
S21402F96000215200EAF7EEFA0020F8BDC3E9036769
S21402F97003F8044C23F8024C1D605D600131183315
S21402F980ECE72120F1E700BF285100202451002097
S21402F99000690020F0B5144CDDE905672568EDB175
S21402F9A0F0B91248007888421AD901EB41014FEAB1
S21402F9B0C10C05EBC10415F8311011B92169C9074C
S21402F9C010D4002005F80C0062801A6846F0010682
S21402F9D062605A68C4E90467A260F0BD0220FCE7D0
S21402F9E02120FAE72E20F8E728510020006900209F
S21402F9F00E4B30B51A68A2B10D4B1B78834212D952
S21402FA0000EB400002EBC003C100002400200025EA
S21402FA10C3E9044550544FF0FF3258805A609A604A
S21402FA2030BD0220FCE72120FAE700BF2851002063
S21402FA3000690020094B1B6863B1094A12788242AA
S21402FA4008D900EB400003EBC0031A69D20701D5C0
S21402FA50588870474FF6FF70704700BF2851002045
S21402FA6000690020094A0346106870B1084A1278F5
S21402FA709A4209D903EB430300EBC303186910F05B
S21402FA80010002D0181D7047002070472851002040
S21402FA9000690020F8B50E4B05461C6834B128B143
S21402FAA000260C4B1F78F3B29F4202D84FF6FF7027
S21402FAB009E008222946201DEAF790FD20B92369AD
S21402FAC0DB0701D56088F8BD01361834EBE700BFC6
S21402FAD028510020006900200C4B1B689BB14FF692
S21402FAE0F77291420DD80A4A1278824209D900EB7F
S21402FAF0400003EBC0031A69D20704D500205980E0
S21402FB007047212070470220704700BF285100200E
S21402FB10006900200A4A0346106878B1094A12783A
S21402FB209A420AD903EB430300EBC300036913F0BE
S21402FB30010003D0C3F3001070470020704700BFD7
S21402FB40285100200069002070B51C46124B9DF813
S21402FB5010601968D1B1114B1B78834218D900EB9B
S21402FB604000551E01EBC0012543D1E9040301D034
S21402FB70C5070FD52EB110432343C1E90403002065
S21402FB8070BD20EA020023EA0403F6E70220F7E744
S21402FB902120F5E72D20F3E72851002000690020F8
S21402FBA0134BF0B51B6803B300266FEA000C6FEA2E
S21402FBB0010E104C2778F4B2A74201D80020F0BDFF
S21402FBC0D3E9044514F0010F07D014F0020F04D154
S21402FBD032B104430D43C3E9044501361833EAE75C
S21402FBE00CEA04040EEA0505F5E70220E7E700BF83
S21402FBF028510020006900200B4B70B51B682BB102
S21402FC0000240A4A1678E2B2964201D8002070BD55
S21402FC10D3E9042502400D402A4304F1010403F10E
S21402FC201803F0D00120F2E72851002000690020D6
S21402FC302DE9F0470026FF27B246164DDFF858801A
S21402FC4098F800305FFA86F94B4502D83846BDE888
S21402FC50F0872B792F2B0FD928460AF086F92B79B5
S21402FC606C7903F0070304F0030483422CBFE41804
S21402FC702418E4B2A24506D95446B946A2464F46CF
S21402FC8012350136DCE7288801F0A6F80028F3D101
S21402FC90F4E700BF88550020975E00202DE9F04F5C
S21402FCA089B0814609F0F5FC029048460BF0E6FE64
S21402FCB00024411C054689B2484602F07FFBA24654
S21402FCC0A346A046274600F01F00023500EB400080
S21402FCD0EAB27D4E50FA85F5EDB2AA4274D9DFF843
S21402FCE0FCA19AF8003033B1A400E4B2B4FBF3F4FA
S21402FCF0042C08BF03240298F3F7C4FD0546002827
S21402FD003CD1FFF795FFFF285BD0704B05B20490FD
S21402FD1018780AF011F987422CBFE1192118002F32
S21402FD2014BF01230223684E05EBC50506EB450505
S21402FD3053FA81F3284603930AF017F995F804C09C
S21402FD406B790CF0070103F0030388422CBF1B18E3
S21402FD505B18039ADBB29A4233DA049A2FB921B1BE
S21402FD609AF80030033B5B452BDC104602990AF0FA
S21402FD70A4F805B205EBC50506EB45052B791E0969
S21402FD80002F00F08180394628460AF018F9032130
S21402FD9028460AF01AF9B8F1000F09D1002E40F0F1
S21402FDA0868007F0F7FDC0F30B0149480DF080FD91
S21402FDB06B79484623F003031C446C7109F0FEFB82
S21402FDC0A87309B0BDE8F08F50D0424B49461B8855
S21402FDD007A8ADF81C304FF000038DF81E30002344
S21402FDE00093032303920EF03AFA9DF81E30BDF8F4
S21402FDF01C101B09039A18BF08F10108CDE9041369
S21402FE0018BF5FFA88F8039209F080FE0499039AF5
S21402FE108842059B03D19DF81E7007F00F072E48F7
S21402FE2090F800C016E016F80E0C10F0070003D08B
S21402FE300BF1010B5FFA8BFBAA4207D036F812ECE5
S21402FE408E4503D113B108B10134E4B20AF1010AB6
S21402FE505FFA8AFAAA4206F112060BD1D4450FD9E6
S21402FE6016F80E0C10F00700E2D1EFE700234FF66B
S21402FE70FF71D4E736F8120C884201D8D445D2D89E
S21402FE800332123ED2B228E7022E14D95B0707D0FD
S21402FE90394628460AF099F8B8F1000F81D087E76C
S21402FEA0032128460AF091F8B8F1000F80D1062EF9
S21402FEB03FF677AF7CE7314628460AF086F858EADE
S21402FEC006063FF46EAF73E7885500204D5F0020AC
S21402FED0EC41002070C80400975E0020C368002032
S21402FEE02DE9F0430823002485B08DF80830064635
S21402FEF0022301214FF6FC70CDE9004402AA0BF062
S21402FF0099FDADF80A00D8B12746DFF8A080DFF8E1
S21402FF10A09099F80020E3B29A4224D8BDF80A408D
S21402FF2020460BF0ABFD411C47F06002204689B22A
S21402FF3002F058FA0022BDF80A001146F4F736FA23
S21402FF4007F028FD184AC0F30B01137801F55A5141
S21402FF50013113B1013B89081370304605B0BDE884
S21402FF60F0430DF0A5BC18F80E5C6F2D17D840466E
S21402FF7030F8123D2D01ADF80C3009F0F6FF05F011
S21402FF80700528448DF80E000123032203A90DF103
S21402FF900A00F2F76BF90028D2D10137FFB201341A
S21402FFA008F11208B5E700BF935E00209A550020BC
S21402FFB0975E002010B5054C2046F2F703FA20465D
S21402FFC0BDE8104000210DF073BC00BFEC410020DC
S21402FFD02DE9F0432A4D87B0F6F7F8FB2A7829492F
S21402FFE02948FFF7A7FC09212A782848E9F7AAFF3B
S21402FFF00026244FDFF89C80DFF89C902B78F4B222
S214030000A34202D807B0BDE8F08304F582300B2282
S21403001003A900F5C070DBF729FE4FF6F670BDF8AE
S21403002014209DF81630511E89B2814215D800203F
S214030030C3F3C003DB1840EB0001CDE900312146D2
S21403004003ABFFF7A7FC0028DCD14FF4805327F857
S214030050143048F8240029F8140004F583300122EC
S2140300600DF10A0100F58070DBF700FEBDF80A20EB
S214030070064B01361A558022054B1A55BEE700BFBC
S214030080CA6800209857002080130020425E002094
S214030090845E0020904000208A57002010B50A4B4B
S2140300A01C780DF039FDFF280DD0012C38BF012434
S2140300B0064A230232F8101019B101EB1313A3EB0F
S2140300C0111322F8103010BD4D5F00208A57002010
S2140300D02DE9F047002506460F46AA46DFF844906A
S2140300E0DFF8448099F80030ECB2A34202D85046B9
S2140300F0BDE8F08720460DF067FDC2070CD5204605
S2140301000DF062FD830707D438F8143037B1334354
S2140301104FF0010A28F814300135E3E723EA060313
S214030120F6E700BFCA6800209857002010B5084BB2
S214030130084A1C780023D9B28C4201D8002010BD8F
S21403014032F8021B013330EA0101F4D10120F6E74D
S214030150CA68002098570020F0B50C464FF6F77192
S21403016087B08A4286461D469DF8306002D9002035
S21403017007B0F0BD596818680DF10C0CACE8030025
S2140301802C49ADF814200978A142F0D900218DF846
S2140301901660B61006F002060191704621460096D8
S2140301A0FFF7F8FB0028E2D1234B244A43F8240048
S2140301B09DF83830224E1B0222F814304FF4A04329
S2140301C004F582300B2226F8143003A900F5C0701C
S2140301D0DBF778FD9DF834301A4913F0040F17BF88
S2140301E00123194B0B5536F814300CBF1B7843F01C
S2140301F0080304F583300CBF0B5526F81430012290
S214030200214400F58070DBF75DFD00210F4B104A9B
S2140302101B782846234442F82310E7F713F80D4BC0
S2140302201855284607F001FD0B4A012013780133C1
S21403023013709DE7CA680020904000208A5700206C
S21403024098570020425E0020B3680020C368002051
S214030250BC3F0020845E0020965E0020054B1B7882
S214030260834206D90021044B044A1B78034442F810
S21403027023107047CA680020C3680020BC3F0020D4
S214030280074B084A18780023D9B2884200D870472B
S2140302901188013321F4805122F8021BF4E700BFD2
S2140302A0CA6800209857002030B585B004460D462E
S2140302B0E6F7C0FDA04202D8172005B030BD2046A1
S2140302C00DF082FCC007F7D504F582300B2201A996
S2140302D000F5C070DBF7CAFC9DF80E2001AB03CB1C
S2140302E069609107286030D412F0080F0CBF04230E
S2140302F003232B722046FFF79DFB154B68811B5D7E
S21403030020466B730DF048FC124A2873135D4FF4B6
S2140303107A7103F00F03AB73135D002013F00F0322
S2140303201FBF03F1FF32022393403C2218BF5343FF
S214030330094A08BF0A2352F82420B2FBF1F29A4274
S2140303402CBF00239B1A2B61B7E70223D1E700BF1C
S214030350845E0020425E002090400020F8B51F4EC9
S21403036004463378834237D0FFF764FB4FF6FF77B4
S214030370B84231D020463470FFF704FA2046FFF720
S21403038059FB054609F0C2FB012301461A462846D7
S2140303900BF00DFD2046FFF72BFB0546E0B9104A90
S2140303A01378013B1370F4F7B5FB294620460AF091
S2140303B085FF80220B4B204623F814500A4B1A5510
S2140303C00A4B23F8145009F02CFB2A463946112011
S2140303D00DF00DFEFF233370F8BD00BF016900204A
S2140303E0965E002098570020845E00208A570020DF
S2140303F02DE9F04F0E4615464FF000098BB01F4609
S2140304009DF854309DF850A0DFF84CB10490059346
S2140304109BF800205FFA89F4A24207D84FF6F773D9
S2140304209D421CD817F0020B3FD01AE02046FFF778
S21403043001FB804604F582300B2207A900F5C07045
S214030440DBF714FC4FF6FF727EB9904516D14FF6D4
S214030450F7729DF82630954203F0EF0311D94FF655
S214030460FF7528460BB0BDE8F08F904506D00822EE
S214030470304607A9EAF7B2F80028E8D009F10109DF
S214030480C6E79F4207F002082CD0F3F70FFC0028BC
S21403049057D12D4B2D4A1B78234412F823B0204600
S2140304A00AF02DFFB8F1000FDBD1E6F7C3FC284BAB
S2140304B01B788342D3D0002108460DF0FDFAFF28AF
S2140304C00446CCD0059B0146CDE901A32A46334614
S2140304D004980097FFF740FE0028C0D0F4F71AFBF5
S2140304E0D8460FE02046FFF7A5FAA842CDD1B8F1CB
S2140304F0000FB6D13046E6F7A5FE164B1855304624
S21403050007F093FB514620460AF0ACFE2046FFF761
S21403051091FA054609F0FAFA002301460122284615
S2140305200BF045FCF3F7C2FB28B9074B074A1B78C9
S214030530234442F8238020460BB0BDE8F04FFFF774
S21403054079BA4FF0000BAAE7C3680020BC3F00202F
S214030550965E0020845E0020CA680020F8B5002658
S214030560104F3C78F5B2AC420FD800250E4B640012
S214030570224629460D481D70E9F7E4FC2246294623
S214030580BDE8F8400A48E9F7DDBC2846FFF7FAF865
S214030590002128460AF092FE2846FFF729FA01367C
S2140305A0DFE700BFCA680020965E00209857002049
S2140305B08A570020024B80211A780248E9F7C2BC0A
S2140305C0CA680020845E002038B50DF0A5FAFF281F
S2140305D0044616D00B4D35F810301B0711D50A4BC1
S2140305E00A491B7801220B54014400F5833000F5B9
S2140305F08070DBF767FB35F8143023F0080325F823
S214030600143038BD98570020B3680020425E00209F
S2140306102DE9F04F794B05461B788946022B174682
S2140306208BB004D0002630460BB0BDE8F08F0DF03B
S2140306300FFE06460028F5D14FF6F9739D4262D0A9
S2140306404FF6F8739D4276D02B0A28460DF11E010D
S2140306508DF81C308DF81B50F2F708FC002814BFE9
S214030660B0464FF02008B34614BF06230E230222DB
S21403067029463846039300F0EBFC01220446039B0D
S214030680002840F0B880DFF880A18DF818209AF88B
S21403069000204946CDE900008DF81A208DF81D008C
S2140306A006AA4FF6FC708DF819800BF0C3F9814645
S2140306B00028B7D009F02AFAB8420FD0484609F006
S2140306C085F8394604300DF0CBFC384604A90AF009
S2140306D080FD70B1484604A90BF03AFA484B1B78E4
S2140306E0033B012B2BD84FF6FF71484609F043FE18
S2140306F006469AF80030FF2B0EBF01230133DBB208
S2140307008AF800308FE74FF008084FF0200B3C4B79
S2140307101B78033B012B85D909F0F8F9B84281D140
S21403072009F0F4F9FC238DF81B30FF2305468DF8FA
S2140307301C3006239BE74FF01008C346E7E70AF092
S214030740A7FE80460028D4D009F0E0F9A8422DD1B0
S2140307502C4B1A7852BB03214846F3F727FE002892
S214030760C7D09AF80030A8F8007088F80430002341
S21403077088F8053088F8083009F0C8F9A84202D18D
S214030780204B1B7853B109F0C1F9B84206D12CB1FE
S214030790237923F0030343F00103237100224FF66A
S2140307A0FF710C200DF023FC0126A2E759462846CC
S2140307B008F1070200F078FC0446002899D00022CE
S2140307C003214846F3F7F2FD0028CAD1237903F044
S2140307D00303012B8DD109F099F9A84203D1094BE4
S2140307E01B78002B85D0237943F0030323714FF640
S2140307F0FF7323807DE7164615E700BF9D5E002046
S2140308009E5E0020026900206D5F002037B50E4B08
S21403081005461B780C46033B012B11D9E6F72EFB46
S21403082001280FD0821E53425341590128460DF129
S214030830070200F039FC18B1002144800AF00FFECD
S21403084003B030BD1021F1E79E5E00202DE9F04392
S2140308508BB0857AB0F8069004460E46174609F024
S21403086055F98145804605F0400541D10021608851
S21403087009F090FB0246002E44D1082304A9C14583
S21403088001EB03060CBF234902A90868496803C69F
S214030890A2B3022100268DF8172001228DF810102E
S2140308A0217A45F020058DF81210A18808338DF8BB
S2140308B01310090A8DF81410E188CDE900268DF887
S2140308C01510090A8DF816106088314604AA8DF8AB
S2140308D011500BF0AFF8054680B1618808F0ADFE05
S2140308E079003246284601F0FE01F3F75FFD06E085
S2140308F0E08802A90AF06DFC0028B7D100200BB0EF
S214030900BDE8F0833068716806AB03C345F0100595
S2140309101023B3E7205F00202DE9F74389461E46E0
S2140309200746904608F052FF00210446304609F079
S21403093031FB054609F10701384601F02DFD7DB16F
S214030940B8F1000F02D103781D44EDB20570637849
S2140309501A0716D569463046F2F788FA024618B1E2
S214030960002003B0BDE8F0830821684609F060F86C
S2140309700028F5D120460BF0BEF808226946E9F7B1
S21403098033FB09F0C3F80146201D0DF069FB6378BD
S214030990DB0603D538460C490BF0DAF83146A01CC3
S2140309A00DF05EFB3146384608F047FE074A1378DB
S2140309B00133DBB21370E371A3790BB10120D0E7E7
S2140309C00123A371FAE700BF205F00209B5E00208F
S2140309D0FF232DE9F04F8FB08146164605918DF81B
S2140309E022301AB301230BAA0AF0ACFC9DF836504A
S2140309F00446EF0625D50027059BBDF8308003F196
S214030A0008024946D2B20823009709A8CDE9097718
S214030A100DF025FC3A46404609A9F8F7A5FC002840
S214030A2040F08C80A90627D510220DE013460BAAAA
S214030A300AF088FC9DF836500446A80663D50622BD
S214030A4002E0AA0618D5082200230599BDF83270DD
S214030A500A44CDE9093349460093D2B2082309A8CC
S214030A600DF0FDFB384686F0010209A9F8F77CFC79
S214030A70002863D1002E46D0BDF8307009F046F842
S214030A80874249D038460DF0E3FB8046002E45D119
S214030A90BDF82EB00021584609F07CFABDF82C307C
S214030AA00390184606930DF0D3FB064609F02EF87E
S214030AB0069B834242D0B64B1B78033B012B3DD9A2
S214030AC015F04003049339D1039B0BB9002E35D0A0
S214030AD09DF83570039B05F018051F44FFB2082DDB
S214030AE08DF835706CD120230493002C40F041819F
S214030AF00AF0CEFC054608B3002E40F0B28033461B
S214030B000126B24674E0BDF8327008F0FFFF874254
S214030B10B8D14FF00108BBE74FF00108002C43D0D3
S214030B209C4BE279678803EBC20633F83220BDF8A4
S214030B3032309A4205D04FF6FF7323800FB0BDE8DC
S214030B40F08FBDF82EA0B8F1000F08D00021304674
S214030B500AF085FCA6F802A00AF093F9EEE7BDF8C2
S214030B6030000AF084FC0546414630460AF077FC1E
S214030B70A6F802A0884E2DB1414628460AF06FFC1F
S214030B8063886B800AF07DF93378002BD6D03B461A
S214030B90002248460599FFF7BFFE0028CED0394607
S214030BA0484609F0E8FBC9E70AF06BF97A4B1B786D
S214030BB0002BC3D0B8F1000FC0D14FF6FF77E6E79E
S214030BC0102D01D1049590E7B8F1000F8DD1002CBC
S214030BD03AD0C2460021BDF832000DF1220200F0E1
S214030BE063FA03460028A9D0002E40F0CA802546A3
S214030BF00499BDF830000DF12302079300F054FA70
S214030C00044600289AD0644A079B1278002A78D0B4
S214030C10BAF1000F26D102462C466179B9427ED935
S214030C202546A4F802B067711446002B00F09E8098
S214030C309DF82230EA799A4200F09880002E40F020
S214030C408E80EB7100253FE00AF022FC0446002864
S214030C503FF474AF4FF0010ABCE7002201261346A7
S214030C60DBE70126B8F1000F1ED106F093FE7E23C4
S214030C70B0FBF3F202FB130005993A4605315FFA1F
S214030C8080FA484601F0AEFB4FF6FF71484608F07F
S214030C90D4FC039B032B2CD9AAF17E0A02214846D7
S214030CA05FFA8AF2F3F782FB069BA5F802B02B8065
S214030CB09DF834306F712B7100232B72002E42D1B6
S214030CC09DF82230EB710125B8F1000F3FF436AFE3
S214030CD0484609A90AF01CFF00283FF42FAF2A460E
S214030CE009A90BA8FFF7B2FD28E7002625463446D8
S214030CF0BBE7039B012B94BF0AF1020A0AF1420ADF
S214030D00CCE7BAF1000FCFD16979B94209D9A5F872
S214030D1002B06F71002B8BD1002E93D024E02546B2
S214030D201446049A002A3FF409AF8F427FF406AFB5
S214030D30039306F02FFE83077FF400AF039BA5F80B
S214030D4002B06F7171E7FF23EB71002CBBD0012556
S214030D502379A4F802B023F003032371B4E7FF2337
S214030D60EB71002C3FF46EAF0025F1E7002CD3D1D6
S214030D7068E7002E7FF471AFB24625460126534638
S214030D8036E7BAF1000FB0D15646524645E700BFE4
S214030D909E5E002002570020C968002070B50C4BE9
S214030DA04FF6FF751C78002302460A489C4201D181
S214030DB0002005E00688964206D1AA4201D10B70B0
S214030DC070BD8679002EFAD001330830DBB2EDE72A
S214030DD0C868002002570020002210B50A4B1C7872
S214030DE00A4BD1B28C4201D8002010BD59888142EB
S214030DF004D11979890701D1997911B108330132E0
S214030E00EFE70120F1E700BFC86800200257002083
S214030E1010B5084B01461C780023074AD8B2844213
S214030E2001D8FF2010BD914203F10103FAD0083226
S214030E30F4E700BFC86800200257002038B5044610
S214030E40FFF7E6FFFF28054603D13F210B480DF0C9
S214030E5027F84FF6FF7320462380A37103210AF079
S214030E60FEFA074B07481A7800210732D21002FB16
S214030E700500BDE83840E9F765B800BF267C0400E6
S214030E80CA680020735E0020F8B504460026124D9B
S214030E90124F3A78F3B29A4209D800224FF6FF71FE
S214030EA00F4B1D780F4BD0B285420BD8F8BDFF2CE5
S214030EB002D0AB79A34202D12846FFF7BFFF08351D
S214030EC00136E6E7FF2C02D0187AA04201D119803A
S214030ED019720A330132E6E702570020C868002079
S214030EE0C7680020DA560020FF28F8B504462CD041
S214030EF0164B1B78834203D8802115480CF0D0FF8D
S214030F004FF6FF75134A32F8341002EBC400037928
S214030F10A94203F0030318D0012B16D100220E4B6F
S214030F201F780E4BD6B2B74203D8BDE8F840FFF79A
S214030F3085BF1E88AE4205D093F807C0A44504D0EB
S214030F40B14202D00A330132ECE7F8BDC86800208C
S214030F50267C040002570020C7680020DA560020CB
S214030F602DE9F74303F0D6FF324B1B78033B012BE7
S214030F7021D9314B1D88451BADB2E5B118804FF61C
S214030F80FF7700202D4A13782B44C3F3C81403F0CD
S214030F907F0313702A4B2B4A1E78C3B29E420DD88A
S214030FA000264FF6FF77284CDFF8A09099F800202C
S214030FB0F3B29A4216D803B0BDE8F0831388BB4257
S214030FC00DD0137999070AD104EB9311022928BF90
S214030FD0022103F03F0389B243EA811313710832F7
S214030FE00130DAE734F80A8CB84506D014F8043C26
S214030FF0AB4205D95B1B04F8043C01360A34D5E73B
S21403100008F084FD804534F80A3C04F8027C24F892
S2140310100A7C09D018460DF10701FFF7BFFE18B189
S2140310209DF80700FFF760FF14F8030CFFF75CFF5B
S214031030E3E700BF9E5E00202E5800206E5F002070
S214031040C868002002570020E4560020C768002026
S214031050F0B500244FF6FF7703461048DFF844C088
S21403106006780F48E5B2AE4201D800200FE00588A7
S2140310709D4210D13AB1012A16BFC57905793CF8CD
S2140310803550A94207D1BB4202D114238371F0BD68
S214031090057A002DFBD00A300134E3E7C768002049
S2140310A0DA56002002570020F8B50D4611460746CB
S2140310B01646FFF773FE002836D102464FF6FF7C2E
S2140310C01E4B1F4C1978D3B2994206D800231C4CEA
S2140310D08B4221D1F8BD0834F5E7B4F800E00132BD
S2140310E0E645F8D133700123278023710021A171CF
S2140310F065B1144B45F008051A782571D31DDA102F
S2140311003078114B02FB0030E8F71CFF23792046AA
S21403111003F03F032371DDE722799209022AE1D027
S21403112001330834DBB2D3E7037904469A071EBFBC
S21403113023F0030343F001030371D7E7C8680020D5
S21403114002570020CA680020735E002073B50DF1B5
S21403115007010546FFF722FE40B103799A0705D13A
S21403116013F0300404D043F00303037102B070BDE0
S21403117028460AF084F9094B4FF6FF711D7823467B
S2140311809DF80760064AD8B28542EFD9D079013375
S214031190B04204BF118011720A32F4E7C768002018
S2140311A0DA56002030B50A4BCC081B78094D0733B6
S2140311B0DB1000FB0340012301F007018B402C5C8E
S2140311C0DBB212B11C432C5430BD24EA0304FAE705
S2140311D0CA680020735E002070B50B4B04461B786C
S2140311E0834204D840F24B2108480CF059FE0025F0
S2140311F0074E3378E8B2834200D870BD00222146FA
S214031200FFF7D0FF0135F4E7CA680020267C040008
S214031210C8680020FF2810D0FF290ED0084BCA0844
S2140312201B7801F007010733DB1000FB0323054A95
S214031230D05CC84000F0010070470020704700BF34
S214031240CA680020735E00200148F0F7CBBD00BFDC
S214031250305800202DE9F0471E464D4B8CB01B68D6
S2140312601546074688469DF8509003F0080A08F08E
S2140312704DFCA8423FD1B9F1000F14D06EB9ADF8BA
S21403128006603D4604242246414628460AF093F962
S21403129000F001000CB0BDE8F0870023ADF806307F
S2140312A03D4606243AE038460CF036FCFF28044652
S2140312B005D0F2F7FBFC10B12046FEF7CFFF96B140
S2140312C00023ADF80630F8F7FDF80028E8D006242A
S2140312D040460DF1060202A909F001FBD8B94046C3
S2140312E0F8F7F8FA17E0ADF80660F8F7EBF8002819
S2140312F0C7D00424ECE73EB3BAF1000F2ED0002388
S2140313000B24ADF80630B9F1000F0AD1F8F7DAF876
S2140313102F460028DCD13D46002EB4D0BAF1000F8C
S214031320B1D004F00402414642F0110228460AF006
S21403133042F922460646414628460AF03CF900286A
S21403134014BF30460020A3E7BAF1000F14D00124DF
S214031350ADF80660B9F1000F95D1D7E70B24284600
S21403136002A9F1F783FD074668B902A806F081FFD4
S21403137020B9ADF80600EDE70124F0E744F00204D7
S214031380ADF80670E6E70023ADF80630E2E700BFE7
S214031390804200202DE9F0471E46744B8CB01B7824
S2140313A007460D461446DDF85080002B3ED008F065
S2140313B0ADFB30B36E4B1B68980722D44FF6F7731A
S2140313C09C4233D843463A4631462046FBF7F2FE64
S2140313D008F09CFB854200F0C5803046FEF75AFBBA
S2140313E0A04203D10CF098FB09F089FFBA1E5342C2
S2140313F053412946002220460CB0BDE8F0470AF0C8
S214031400D6BCE7B1F91ED1F1000949EB01094FF645
S214031410F7739C4216D90321204606F0CCFA032321
S2140314203A4631462046009506F0B4FB08F06EFBBC
S214031430A84200F097804FF6FF739C42CBE74FF02D
S2140314400109E4E72B463A463146204604F0E7F91D
S2140314502146CDE900082B463246384606F059FFAA
S21403146080460146204606F0A6FAB8F1000F61D181
S214031470B9F1000F12D100233A46314620460095B3
S21403148006F088FB88F001032A4631462046CDF84D
S214031490009003F00103FFF7DDFE99E7002FEAD083
S2140314A003AA9246334B03F1100E94461868596804
S2140314B00833ACE8030073456246F6D107A806F086
S2140314C0C5FB0323306871688DF81C3008AB03C373
S2140314D09DF8293007A843F002038DF8293006F05B
S2140314E0E0FC90B13068716808AB03C3042307A817
S2140314F08DF81C3006F0D5FC38B1022307A88DF80A
S2140315001C3006F0CEFC0028B5D1514607A806F0DD
S21403151008FD0028AFD0F4F795FB0028ABD10323D2
S2140315203A4631462046009506F034FB08F0EEFABC
S214031530A84250E743463A4631462046009506F011
S21403154029FBB8F1010F9DD0B8F1020F7FF440AF2D
S214031550284607A9F1F78AFC20B93246284607A988
S21403156009F0F0FF0CB0BDE8F08700BF995E0020DD
S214031570804200207AC80400044B1A880AB100226D
S2140315801A8000210846F9F7ABBF00BF3058002089
S21403159000232DE9F0478EB004460D46CDE903330C
S2140315A04F7808F0B3FA50B1B64B1B689A0706D4C7
S2140315B0092103A806F0A6FA0EB0BDE8F087204678
S2140315C003A9F1F753FC0646002840F05781022F83
S2140315D03DD0042FECD1E5F739FC002846D0E5F7DB
S2140315E035FC022840F022810DF1240833463246AA
S2140315F04146304606F0C4FD012103A89DF8255058
S21403160006F0B1FE2840FF2800F0348105AD2846D9
S21403161008F019FA002840F02F8195E80F0088E8B3
S2140316200F003A46414603A806F0E4FC02460028AB
S21403163040F02081032303A9CDE9005320463B460F
S214031640FBF77EF900280CBF13210621B1E78D4B6B
S2140316501B689B07ACD40235082229468A48E8F75C
S214031660BDFF0028A4D0E5F7FDFB08B91121A0E7CC
S214031670864B874E1B78FBB9FFF77EFF3088002822
S21403168060D103AF2946384606F0DEFA002800F09C
S214031690CA8028460DF10A01F1F7C2FB40B90DF1E5
S2140316A0240A504608F0CFF98046002800F08780C9
S2140316B0FFF762FF0F217CE73088002842D10146FE
S2140316C00CF07EF8308000283AD0012308223046FA
S2140316D003A9F0F7CBFD98BB012308222946304621
S2140316E0F0F7C4FD60BB01230222694809A9ADF8DF
S2140316F02440F0F7BBFD0346308823B1002848D0CA
S2140317004FF0100920E00CF003F861490746204625
S21403171001F0CAFC30880BF0FBFFFFB2874209D109
S214031720FF238DF82430012359481A4609A9F0F7F8
S2140317309DFD28B900210120F9F7D2FE0C2138E7D8
S2140317403088DBE74FF007090BF0C6FF0746308803
S2140317500BF0C2FF3488112100F10808204600F080
S2140317602DFE10218246204600F028FE082204465D
S21403177003A94046E8F732FF002840F0818008229C
S21403178029463846E8F72AFF002879D1B9F1070F2A
S21403179001D010210DE704EB0A244546A4B271E7F5
S2140317A030884FF0010828B1122100F007FEFF2809
S2140317B081461ED12A46B9462046402304E03A46CF
S2140317C0A9464346BDF80A0043F00303CDE900A348
S2140317D049460323FBF7B4F800283FF469AF072113
S2140317E0484606F08FF9B8F1000FD9D0FFF7C4FECC
S2140317F0E2E6002108460BF0E3FFADF8140048B11B
S214031800204605A901F050FCBDF814000BF080FF3C
S2140318100028CFD1142300934A46394620463388FE
S21403182001F0FAFBC6E7FFF7A7FE1FE7E5F70EFB97
S214031830012801D00621BCE605AD324633462946CB
S214031840009603A8F9F75EFD024608B10A21B0E642
S2140318500C4B20461B6803A95B0003F0040343F00C
S2140318600303CDE900533B46FBF76AF80028E1D1B2
S21403187013219EE605219CE612219AE60B2198E6A3
S2140318800E2196E680420020205F00203D5E002069
S21403189030580020012330B50D4C85B022788DF8E2
S2140318A00430D5188DF805200E228DF806200A6818
S2140318B02570CDF807204A6801A9CDF80B200B2226
S2140318C0F0F7D4FCB0FA80F0400905B030BD00BF95
S2140318D09A5E0020014B1878704700BF6F5F0020A8
S2140318E0142230B58BB005460DEB02011548DAF726
S2140318F0BDF910BBBDF81430DA0720D413F0060F79
S214031900C3F3410208BFC3F341220F4B0DF1160187
S2140319109C5C68462246E8F7A5FCBDF8263004F131
S21403192028026A4402F8283C02341B0A02F8273CC1
S21403193069462A46E0B208F0AFFF0BB030BD23205D
S214031940FBE700BF703214E08AC8040010B58AB003
S214031950ADF826200022CDE9052204920CAA0292B5
S2140319604FF6FF720446AC2101200192064A03900B
S21403197004FB0122603200924CF620010DF1260290
S21403198009F03BFE0AB010BD0050002000B58BB036
S214031990ADF824309DF8303003208DF82630002330
S2140319A003900A4909A8CDE90130CDE9053304932C
S2140319B001F160030093B1F85C3002204CF66041FD
S2140319C009F01BFE0BB05DF804FB00BF00500020BF
S2140319D010B54FF6FF741E4A8AB0B2F86800B2F824
S2140319E05E10A042ADF82600B2F85C304FF6FD70EC
S2140319F0ADF8241018D081424FF0000094BF48F68B
S214031A0060014CF66001CDE90500CDE90300CDE9A0
S214031A10010094BF09AA603200920DF12602042049
S214031A2009F0EBFD0AB010BD81424FF000008CBFF9
S214031A30603209AA00928CBF4CF6604148F66041BA
S214031A40CDE90500CDE90300CDE90100014AE6E74B
S214031A50005000206A50002000B50E4B0022B3F859
S214031A605E308BB0ADF824304FF6FF73CDE9052218
S214031A70CDE90322CDE9012209AA00924FF40061C1
S214031A800DF126020720ADF8263009F0B6FD0BB09F
S214031A905DF804FB0050002030B58BB08DF8253080
S214031AA01B0A8DF8263000230D4991F85840CD6D5A
S214031AB0B1F85C00CDE90533049307236031039343
S214031AC008ABCDE9010300914FF6FF734CF62041B6
S214031AD0082008958DF8244009F08FFD0BB030BD23
S214031AE00050002070B54FF6FE76294C1D46B4F81C
S214031AF05E10B4F85C30B14294F85C00A2B04FEAD2
S214031B00132321D14FF440416034ADF808108DF80B
S214031B100B008DF80C3003CC0DF11504CDF80D0039
S214031B20CDF811102270120A627000221146104678
S214031B30A270E270ADF8062007F026FEADF80600A8
S214031B4090B9002022B070BD4FF400448DF80D10FC
S214031B50090AADF808408DF80B008DF80C308DF8A7
S214031B600E100DF10F04DDE7043402A9621A0123F7
S214031B7092B20DF10600F0F779FB0028E1D1BDF82B
S214031B8006002A4601210BF0F3FDBDF80600D9E74F
S214031B9000500020202A10B5144614D8012A04D178
S214031BA00C88B4F5004418BF0124620030B107481E
S214031BB0E8F71AFA064B00201C7010BD0548E8F734
S214031BC013FA054BF7E72120F7E700BF325800204A
S214031BD0705F002072580020715F00202DE9F047E7
S214031BE0104617460CF03AFADFF814A1DFF8149102
S214031BF09AF8003099F800200546134302D10020D6
S214031C00BDE8F08710F4406800F0400619D186BBA3
S214031C10B0F5804F5CD24FF4807400239AF800002E
S214031C20344AD9B288425DD8002399F80000324A74
S214031C30D9B28842E3D932F8021B0133A142F7D165
S214031C4055E0F81C0CF00AFA4FF6FF73984214BFDF
S214031C500124022486B1052605F44043B3F5004F5C
S214031C6044F0080424D0B5F5804F23D244F480749E
S214031C7020E044460326EFE7B5F5804F4FF0050610
S214031C80F4D3B8F5406F14BF02200820304438441C
S214031C900CF0E4F9194B05F44045B3F85C30834285
S214031CA00CBF44F0080444F00404B5F5004F01D11A
S214031CB044F08004B8F5006F0ED1B8190CF0CEF9D5
S214031CC00E4BB3F85E308342A7D144F01004A4E76A
S214031CD0444603260220D9E7B8F5406F08BF44F010
S214031CE020049AE732F8021B0133A14299D101205E
S214031CF086E700BF725800203258002000500020AC
S214031D00715F0020705F00202DE9F04F104685B00C
S214031D10164698460CF0A2F95D4F00F00803B7F894
S214031D205C10044600F00709F01C02930391B7F811
S214031D305EB00CF093F906F1050A054650460CF022
S214031D408DF903464FF6FF70854218D00399A1EB31
S214031D50050CDCF1000545EB0C056D004FF6FF7135
S214031D608B420ED145F004050BF086FF029B6BB148
S214031D70B9F1000F11D0422005B0BDE8F08F012560
S214031D80ECE79B4508BF45F00805EDE7B9F1030FFF
S214031D90F1D8DFE809F0021B795D0BF06DFF08B997
S214031DA0A807E8D524F00804A4B2B4F5004F05D07C
S214031DB0B4F5624F02D0B4F5404FDCD10025294676
S214031DC097F8A820002007F0DFFC3CE0D7F8803027
S214031DD0E3B9002132460846FFF700FFD8B948F6B4
S214031DE0410224F038039BB29342C4D10A2D49D052
S214031DF0062DC0D197F87730023B012BBBD8EEF700
S214031E00AFFF0028B7D140F6040505E0414630464B
S214031E1098470028DDD00825E20648BF45F0800530
S214031E20A30648BF45F4805505F00C03042BC6D122
S214031E30F01D0CF013F997F8A8303246009341468C
S214031E402B4607F076FC08B30E9B1880002093E71A
S214031E50A90705D14FF6FF73B7F85C209A428AD1DB
S214031E6004F44063B3F5006F0AD0B3F5406F82D134
S214031E70082250460749E8F7B1FB00287FF47BAFFA
S214031E800C25C9E70425C7E7432075E7192073E740
S214031E900050002060500020034B1A781AB1FF2A26
S214031EA004BF00221A707047735F002070B5084C99
S214031EB0084E2378F55C1DB13E2107480BF0F0FF72
S214031EC0FF2223782846F2540023237070BD00BFF8
S214031ED0725F0020735F0020347C0400034B044AC7
S214031EE01B78D05CFF3818BF01207047725F002054
S214031EF0735F00200023074A07491360074A1360ED
S214031F00074A1360074A11600121074A1170074AFE
S214031F10136070473851002085B703003451002002
S214031F2030510020F4670020036900204051002050
S214031F300E2A70B50C4606461546194603D9FFF712
S214031F40D9FF502070BD012807D10020EEF722FFED
S214031F50B0B1FFF7CFFF2120F4E780220021224B08
S214031F601A70224B1960224B1B684BB134200BF0BE
S214031F7027FC204B188018B9FFF7BCFF0120E1E7C8
S214031F8024F0FF6323F4FF231BB1FFF7B3FF4F20B7
S214031F90D8E774B92046EEF717FF0124032510F09F
S214031FA0800F43B21BBF00F01F039C409C4044F0CD
S214031FB078440020104B24F078441E700F4B1049D1
S214031FC01D70104B1C60104B1870104B1A68EFF7FF
S214031FD097FA18B1FFF78EFF0420B3E79DF8102099
S214031FE00B4B1A70AEE700BF745F00203C51002015
S214031FF030510020B2580020795F0020775F002020
S214032000F522030040510020785F0020385100205D
S214032010755F00207FB5244B00251A7801232348DB
S214032020234903FA02F200781A440A60ADF80E5008
S21403203020B3984236D11F4C1F4B20781B680DF1F6
S2140320400E0198471D4EBDF80E20307092B11C4B02
S21403205029460093284602230195EFF78BFA327838
S214032060237822B1012A12BF1B230133DBB223706C
S21403207004B070BD013818BF0120F0E778235A4337
S214032080013A0A6008220F490BF0E0FA0B49094AA5
S2140320900978137821B1012912BF1B230133DBB260
S2140320A01370E5E71846E3E7775F0020795F0020C3
S2140320B044510020785F0020F46700200369002065
S2140320C03123030005DC0300024B1868003818BFF1
S2140320D0012070473051002037B505461C460BF0EB
S2140320E0CBFD68B974B1084B1A60084B0A461C60EE
S2140320F00123294600930323FFF71AFF03B030BDDD
S2140321004D20FBE72520F9E72C5100203451002011
S21403211013B504460BF0B0FD58B962B1074B1A600D
S21403212001230A46009321460323FFF701FF02B06B
S21403213010BD4D20FBE72520F9E700BF30510020F6
S2140321402DE9F0410446DDE906861D469DF820701C
S2140321500BF092FD88B99EB1A2B10B4B01201A6019
S2140321600A4B0A46C3F80080094B21461E602B46DD
S2140321700697BDE8F041FFF7DBBE4D20BDE8F081D2
S2140321802520FBE72120F9E7F467002038510020DB
S214032190345100200148EFF725BE00BFB258002097
S2140321A02DE9F0410020EFF719F9114B114C1E6889
S2140321B0114B20881D68114B114FD3F8008010B1C6
S2140321C03978EFF7E9FF00203870FFF793FEEFF753
S2140321D023FC0EB14046B0473DB12088A8470023F4
S2140321E02380BDE8F0410BF0D6BEBDE8F08100BF0A
S2140321F034510020B25800203051002040510020B6
S2140322007A5F0020F8B52F48F0F7DCF82E4B1878E5
S21403221030BBEEF7D9FD2D4F06463B6803B32C4B78
S2140322202C4D1C6824B195F900301A461946A04770
S214032230294B1B6883B1294C2378312B0CD8284BA8
S21403224018880BF049FA23785A1C22702A78C2544D
S21403225023785A1C2270C65480232B7000233B60BD
S214032260204C23781A2B22D81F4A1278012A09D128
S21403227000211E4A156825FA03F0C007DAB20ED508
S21403228001B122700020EEF79FFD2178884212D11B
S2140322900022174B1A70FFF7BDFE40B9F8BD013395
S2140322A0D8B21A284FF00101E5D90A442270BDE8D6
S2140322B0F840FFF775BF0020EEF798FD0028E7D03B
S2140322C0F5E700BFF8670020795F00203C51002047
S2140322D02C510020745F0020305100207A5F0020CC
S2140322E0B2580020785F0020036900204051002088
S2140322F0765F002008B50B4B187880B90221EEF7FD
S21403230037FD094B1B782BB100214FF6FF720846A9
S214032310EEF710FDBDE808400448FFF773BF002141
S2140323200846ECE7795F0020755F0020F867002019
S21403233038B5144B0C461D78012D21D181B90846BA
S214032340EEF742FD104A05FA00F013680F4923EA38
S2140323500003136020462A46BDE838400BF076B9E2
S2140323600B4A13780133DBB2022B137004D9BDE892
S21403237038400848FFF746BFFFF74CFE0028F6D163
S21403238038BD00BF795F00204051002005DC030004
S214032390765F0020F867002038B50C4605460BF03C
S2140323A0B7F9A04203D82D2103480BF079FD284640
S2140323B00BF092F9204438BD487C040070B50646FD
S2140323C00D460BF089F9044648B130460BF0A0F9E8
S2140323D0A84203D8352102480BF062FD605D70BD4C
S2140323E0487C040070B50C46064615460BF090F97B
S2140323F0A04203D83E2104480BF052FD30460BF0B2
S2140324006BF900B1055570BD487C04002DE9F04317
S2140324101E46574B8FB01B780746033B012B0C46D3
S21403242015469DF8588007D8F4F718FA20B1F0F748
S2140324301DF908B144F400544E4B1B7813B924F429
S2140324400074A4B2200509D546B9284604A9F0F7B6
S2140324500DFD002846D024F40064A4B2ADF818405D
S214032460ADF81A5007F052FB434BADF81C00B8F119
S214032470000F02D01A78424501D293F800803F4AF3
S214032480E105137848BF0DF1210103F10103DBB227
S214032490137058BF08A922058DF81E808DF81F30CB
S2140324A006D53368083141F8083C736841F8043CA4
S2140324B0E30407D5324A0831136841F8083C5368E9
S2140324C041F8043C0DF11808A1EB08005FFA80F907
S2140324D0002148460BF074F9064628B900200FB0D1
S2140324E0BDE8F08304AEB9E70BF0F6F841464A467A
S2140324F0E7F7B8FE30460BF00BF9804630460BF094
S214032500EBF80023024600934FF6FF7004235FFAAE
S21403251088F107F00EF9ADF80E000028DED040F281
S21403252001131C421AD14FF6F7739D4216D80BF0CF
S214032530EFF80DF10E010446284600F0B5FDBDF890
S2140325400E000BF0E5F8E4B2A04207D9BDF80E0082
S21403255007F03CF9437843F004034370BDF80E00DC
S2140325603A4601210BF004F9BDF80E00B7E700BFA9
S2140325709E5E0020995E0020B56800209B5E0020CA
S214032580205F0020F0B50829D58889B028D00C290B
S21403259026D0AE0424D405F040030B43424C2678E1
S2140325A016B105F0200423432FB2002FB8BF43F023
S2140325B08003032920D11223AC068DF80430937AC6
S2140325C010D48DF805300DF1060401A9621A012313
S2140325D092B2EFF74BFEB0FA80F0400909B0F0BDB7
S2140325E00B46DBE732228DF805308DF80420002EEB
S2140325F0E9D00DF11304E8E70C298DF804300ABF7F
S214032600138953798DF80530548805BF1B0A8DF856
S21403261006308DF805300DF1070318BF0DF10603DC
S2140326201C70240A5C70148802399C70240ADC70BF
S214032630147901291C7111D8917A002F597131DA56
S214032640022112899971DA71120A03F109041A72C6
S214032650002EBAD0AB06B8D50534B6E7A9071AD408
S214032660002F0CDA117A51B1917A59711189127AC5
S21403267003F1080492B102229A71D971E8E70B4C70
S214032680217801F1010C84F800C091729C1D002F83
S2140326905971DDDAEAE7917A9C1DF8E70122090A07
S2140326A09A71EAE79C1DD3E7995E00209A5E0020A4
S2140326B0014B1880704700BFB4580020014B1888A0
S2140326C0704700BFB45800202DE9F84307460BF0C7
S2140326D0E0FB05461B480BF053FD1B4B60B31C6821
S2140326E03C1B2C44A4B20022184BDFF868901B78DE
S2140326F0174D03EB830399F8006005EB43055FFA78
S21403270082F846450AD9AB8805F10A00A34216D9D2
S2140327100A23B21A29465A43E7F766FC013689F8B4
S2140327200060AC80B8F1000F03D1394605480BF0C2
S214032730BFF82846BDE8F8833C461D60D3E7054648
S2140327400132DCE718680020485100207B5F002038
S214032750565500207C5F00201FB5154A154C13788C
S214032760013BDBB213706168206801AA03C22189AA
S2140327701180114A1278D21805D00A2320465A43EC
S214032780E118E7F731FC9DF806301B070DD0BDF8BE
S2140327900C00FFF799FF03468288ADF8082001AACC
S2140327A003CA1288186059601A8104B010BD00BFAE
S2140327B07B5F0020565500207C5F0020002108B573
S2140327C0084B09481970094B1970094B1A7802EB24
S2140327D082025200E7F7B6FBBDE808400548EFF76C
S2140327E0F1BD00BF7C5F0020565500207B5F0020B4
S2140327F0C168002018680020F8B50024084D094F6A
S214032800094E3B783178E2B20B449A4204F1010454
S21403281000DBF8BD2846EFF7E5FA0A35F1E700BF17
S214032820565500207C5F00207B5F0020F8B51646D7
S2140328300C4B0D4A1B781278074613440B4A0D4679
S214032840127893420CD03046FFF73EFF01350681DF
S2140328500780857004460BF017FBE0800120F8BD67
S2140328600020FCE77B5F00207C5F0020C16800201F
S21403287010B5064C207828B10548F5F799FD10B138
S214032880034B188810BDFFF767FFF3E77B5F002055
S2140328905655002008B50A4A0346107860B1094A1F
S2140328A01088984209D121B99378103323F00F0387
S2140328B09370FFF751FF012008BD0020FCE700BF1F
S2140328C07B5F0020565500202DE9F74F00260BF0BE
S2140328D0E0FADFF8F890B24699F80070B3463A4645
S2140328E0DFF8EC801FFA80FEB8F800C0344CAEEB7D
S2140328F00C039BB201932378324D009303EB8303BF
S21403290005EB4303ACEB0E0C5FFA86FEBE4515D310
S214032910BAF1000F01D0009B2370BA422AD3002FCE
S21403292037D00A222378C8F8000002FB0353264850
S214032930998803B0BDE8F04F0AF0BABFB3F804E0D5
S21403294001998E4512D84FF0010A009993F802E0D8
S21403295001310EF1FF3EC9B2013AA3F804B083F881
S21403296002E00091D2B20A330136CDE7E644A3F87B
S21403297004E0F8E789F800204AB10A222378C8F869
S214032980000002FB0353104899880AF091FF23784E
S21403299013B903B0BDE8F08FFFF76AFF06460028B9
S2140329A0F5D006F034FE0146304607F0E4FC20B1CD
S2140329B000212888FFF76EFFE9E740F60241F8E7B3
S2140329C07B5F002056550020186800207C5F00209F
S2140329D0485100202DE9F04192F808801F4608F17F
S2140329E0FF33DBB2EF2B05460E46144688B00BD9F1
S2140329F082238DF80E30314628469DF80E30204A45
S214032A00FBF774FA012037E00E22002104A8E7F74B
S214032A1099FAB4F809308DF81180ADF81230E37ADC
S214032A2003F07F02032A08D0012B24D103238DF859
S214032A301030A389ADF815300EE0032B14BF022324
S214032A4001238DF81030E368CDF815302369CDF8EF
S214032A501930237D8DF81430A7F121014A420DF178
S214032A600E034A41009321460DF10F0304A8FAF71B
S214032A7093FD0028BFD1002008B0BDE8F08100BF59
S214032A80E03204002DE9F04F00241D7895B0CDE91F
S214032A9002010492234622460120CDE90054404910
S214032AA008F06CFFADF81E00F8B1A346264627468D
S214032AB00DF120090DF1380AE4F7B6F95FFA84F848
S214032AC0404516D83A460221BDF81E00FFF78AFC99
S214032AD032460421BDF81E00FFF784FCDDE903102F
S214032AE00022BDF81E30FBF701FA012015B0BDE841
S214032AF0F08F4A4640460AA9FAF740FD9DF828207B
S214032B0022B12DB1013DEDB20137FFB20134D3E757
S214032B10BBF1000FF8D199E803009DF829308AE845
S214032B2003008DF84030BDF82A30032A8DF8413073
S214032B304FEA13238DF8423017BF032301238DF882
S214032B4043309DF82C30DDF83110DDF82D0014BF2E
S214032B508DF84C308DF8433011AB03C302980CBF8D
S214032B604FF00E084FF0150808F0CFF80590BDF8A3
S214032B701E000AF0CDFD059900EB080399420BDB16
S214032B800123424651460DF11E00EFF76FFB002866
S214032B90ABD10136F6B2B7E74FF0010BB4E700BF8F
S214032BA01D7C040038B505460D4B0E481C88EFF710
S214032BB0F5FB012D0CD10C4B1C88FA21614358B14F
S214032BC0884209D28408012C204638BF012038BD2C
S214032BD0022D08BF0224F0E702480AF069FEF2E776
S214032BE0525500204C41002050550020012208B5C4
S214032BF0054B06481A7000210AF05AFEBDE8084045
S214032C000020FFF7CFBF00BF6A5E00204C410020C4
S214032C101E4B73B51A8802F108039BB2012B02D828
S214032C201B4B1B7823B902B0BDE87040EFF7CABB55
S214032C300024184B184D1C70184B1C702B787BB156
S214032C404FF6FC73164E00932246234621463088E1
S214032C5008F099FA4FF6FD732C70338001200FE0CD
S214032C60104B10461978F4F719FF0028F6D10C4BD1
S214032C701A884FF6FD739A42F0D0012302202B7078
S214032C8002B0BDE87040FFF78DBF00BF545500206B
S214032C906A5E00206D5E00206B5E00206C5E002086
S214032CA04E5500206E5E0020012808B50AD0022883
S214032CB00CD020B9084B18700848EFF783FB4FF089
S214032CC0FF3008BDBDE80840FFF790BF0020BDE811
S214032CD00840FFF767BF00BF6A5E00204C41002034
S214032CE002280CD859B1064A13780133DBB21370A5
S214032CF0044A12789A4202D80220FFF7D5BF7047DB
S214032D006C5E00206F5E002038B5A0F61343012BDF
S214032D1004460D4615D80E4A13780133DBB21370FA
S214032D200C4A12789A420CD84FF6FD720A4B0020D2
S214032D301988914201BF00221D80084B1A70FFF7C5
S214032D4031FF29462046BDE8384004F071BE00BF77
S214032D506D5E0020705E00204E5500206B5E0020E6
S214032D6000234FF6FD71054A1370054A1370054A92
S214032D701180054A1370054A137070476D5E002074
S214032D806C5E00204E5500206B5E00206A5E0020BD
S214032D9030B5094B02461B7833B1084B084C1978FB
S214032DA00023D8B2884201D3FF2004E0013334F86D
S214032DB023509542F5D130BDC0680020725E0020D6
S214032DC02E5500200022FF21044B05481A70054BA0
S214032DD01970054B1A789200E7F7B4B8725E0020B4
S214032DE032550020715E0020C0680020F7B58DF8CC
S214032DF007100DF10701044602F0BCFD234B1D78B6
S214032E00002D41D02046FFF7C3FF214EFF2831781F
S214032E10204B05D1204A107885422DD9451C1570C4
S214032E20884219D01C4A1B4D92F800C00022D7B224
S214032E30BC450CD92F4697F803E00132864505F1C9
S214032E400405F4D102B203EB8202D278FA7002B21E
S214032E5003EB8202D170307002B203EB820123F8D7
S214032E602240FF228A709DF80720FF2A02D003EB38
S214032E708203987003B0F0BD0A46104603EB820245
S214032E80D278FF2AF9D1CBE7FF20F3E7C06800200A
S214032E90715E002032550020725E00202DE9F84353
S214032EA0FFF776FFFF28044669D04FF6FF72354FCB
S214032EB003B2DFF8DC80344E27F8232098F800505E
S214032EC0A54202D10020BDE8F883337820B2810002
S214032ED0A34207EB800090F803E010D00023294AB2
S214032EE05FFA83F94D45944606D99CF8039001335F
S214032EF0A14502F10402F3D18CF803E001E086F861
S214032F0000E0013DEDB22A1BD2B2043192003944EF
S214032F10E7F76AF888F800503378FF2B04D0A3420B
S214032F2024BF03F1FF33337000214FF6FF70154BB8
S214032F30CAB2AA420CD300234FF6FF71134ADCB27F
S214032F40AC42BBD2013332F823008842F7D1B5E74F
S214032F509A78A2420BD11880DA78FF2A04D0A242CC
S214032F6024BF02F1FF32DA7001310433E0E7FF2AAF
S214032F70F2D0A24224BF02F1FF329A70ECE72D2072
S214032F80A1E700BF32550020715E00202E550020B9
S214032F90725E0020F8B51C4B05461B78084673B3D3
S214032FA0FFF7F6FEFF28044629D02846FFF7F0FE73
S214032FB0FF2806D0154B164E1A780023D9B2914235
S214032FC018D3FF212846FFF711FFFF28014616D026
S214032FD00546104F23B207EB830237F82300967893
S214032FE0FFF704FFA84208BFFF25FF2E214608D19E
S214032FF02846F8BD013316F823108142DED1FF259B
S214033000F6E73446E6E700BFC0680020725E00209D
S21403301030550020325500202DE9F04180460E46FB
S2140330201F46002386B001A814469DF830508DF83D
S2140330300330FCF74BF8ADF804802EB13368CDF8B7
S21403304006307368CDF80A3038460AF045FB0DF1B2
S21403305003034219214601A804F0F6FC9DF8033049
S21403306093B931464046E4F701F90E4B1B785BB142
S2140330700B2C09D8FF214046FFF7B8FE064605EBA2
S2140330804404E4B2A54202D106B0BDE8F081294665
S214033090384608F016FC3146FFF7A8FE023506460A
S2140330A0EDB2EFE7C068002000232DE9F3470DF1EA
S2140330B007028DF8073004460E4602F046FC9DF8DC
S2140330C00730054663B92046FFF762FE04465EB145
S2140330D030880AF01DFB5FFA80F8FF2C45D10025E7
S2140330E0284602B0BDE8F087B046F6E701320C2A60
S2140330F0F5D02DB207EB8505AD78FF2DF6D112F08E
S214033100FF0AECD04FEA4A050235EDB2002EE7D0AF
S214033110304605EB080108F099FB0028DFD152463C
S21403312041463088FFF75EF90AF1FF3208F10101E4
S21403313008F102093088D2B2C9B25FFA89F9FFF7FB
S21403314051F924B207EB8404A478FF2CC8D023B229
S214033150494637F82320308808F0C3FB0028BED141
S21403316009F102095FFA89F9EBE725460022014FC8
S214033170BFE700BF32550020FF2818BF064B10B527
S2140331801BBF03EB800433F820302D200B801EBFBB
S214033190A3780020137010BD3255002008B5D2F76F
S2140331A0F9FAD2F71DF800F08CF9D3F70DF8BDE85D
S2140331B00840D1F7CBBD38B5044690F84410837861
S2140331C0826CCB1A59425941D1F748FEE37893B142
S2140331D0257985B900F00DF90346A268218A04F122
S2140331E01C009C1A8C4236BF52182946D11ABDE8D9
S2140331F0384000F0F5B838BD09B1D2F73BBBD2F77B
S21403320049BB38B58388044603B3E3780088A178BE
S21403321004F10C05A3B10023B1FA81F1E370490967
S214033220FFF7EAFF4FF6FF72A388218993421CBF7C
S21403323003F1FF33A3802846BDE8384000F0D0B83A
S2140332400123E370FFF7D8FFE188F4E738BD10B534
S214033250044681780088FFF7CFFF0123E37000233D
S214033260A38010BD10B581780446B1FA81F10088B9
S2140332704909FFF7C1FF0023E370A38010BDFFF7E2
S214033280F1BF70B50446054600262B4655F8040BD9
S21403329010B11B1B0C2B00DD70BD237C8680002B1E
S2140332A0F3D0637C13B1FFF7D2FFEEE7FFF7DAFF45
S2140332B0EBE7FFF7E6BF70B5044605464FF6FF7625
S2140332C02B4655F8040B10B11B1B0C2B00DD70BDF1
S2140332D08388B342F4D04FF4FA724FF6FF73114665
S2140332E0D1F70CFEECE709B1D2F7C4BAD2F7D2BADB
S2140332F010B50446C0600830D2F7B6FB21792088A3
S214033300B1FA81F14909FFF7EEFFA37943B12179B9
S2140333106088B1FA81F1BDE810404909FFF7E3BFC1
S21403332010BD00F053B80346184613F8012B8A4223
S21403333001D0002AF8D1704710B53B210446006837
S214033340FFF7F1FF0022034603F8012B20682360F2
S21403335010BD10B540B1421E0A24002012F8013FEA
S214033360303BD9B2092900D910BD04FB0030F5E77C
S21403337008B500F028F850F80C3C23B150F8041CAC
S21403338030F80E0C18477047084619B1FF21103065
S21403339002F0D8B97047007800F0DF03552B07D04A
S2140333A0642807D0663818BF4FF0FF30C0B27047A6
S2140333B0012070470320704718B12D280CBF012049
S2140333C002207047704708B501F0AEFD08B500F05F
S2140333D06DF8BDE8084004F0FDBA50E9023018471E
S2140333E00A460830FF2102F0A4B9FF21083002F094
S2140333F0B1B908B50AF0ACFDBDE8084009F020BA3B
S2140334002DE9F041044600274FF00C0E8F4202DBF5
S2140334100020BDE8F0812078904204D1002594F87E
S2140334200780454502DB01370C34EFE70EFB05F654
S214033430D4F808C00CEB06003CF806609E42E8D0C1
S2140334400135EEE7F0B585B005460E461746D2F7CA
S2140334504BFB0446A0B131462846D2F713FB8378CC
S2140334603A46002BA36831460293A3782846019375
S2140334704FF0000300930CBF80234023E0F70AF9C4
S21403348005B0F0BD08B51288D2F72EFB50B102790D
S214033490BDF80C309A4207D881680298E6F7A4FD77
S2140334A0002008BD8620FCE78920FAE7002004F008
S2140334B015BB08B504F082FB002814BF03200020C8
S2140334C008BD704708B502F019F8FFF767FED2F794
S2140334D097FC642003F0CBFE642003F0C7FE02F0E3
S2140334E00FF8D1F75FFC08F005FEF8E7F8B5D0E96A
S2140334F00176437B04460D4613B133463E461F46CC
S214033500FFF777FF012D206438460ED1D1F75EFD15
S2140335103046D1F77FFD257360784FF47F42BDE8D0
S214033520F8404FF48171FFF78DBF022D05D1D1F717
S21403353071FD3046D1F74AFDEDE7D1F76BFD304616
S214033540D1F768FD0025E6E738B5037B04468B42D2
S2140335500D4607D190F844305BB3BDE83840483099
S214033560FFF743BFFFF745FF216C431AC72B0CD861
S2140335700123C83184F8455084F84430091A04F10D
S2140335804800BDE83840FFF72BBF0DB1237B2BB9AE
S21403359029462046BDE83840FFF7A8BF002120464D
S2140335A0FFF7A4FF0123C82184F8455084F844306C
S2140335B0E5E738BD90F84510FFF7C6BF0121FFF7D2
S2140335C0C3BF0221FFF7C0BF0021FFF7BDBF4FF601
S2140335D00173994210B5044602D10021FFF7B4FFE8
S2140335E02046BDE81040D2F725BD10B50446806BD3
S2140335F0D8B1E278022A04D0636B5B7972B984F897
S2140336003C3094F83C306BB1FFF721FE60784FF600
S2140336100272BDE810400621FFF714BFB3FA83F326
S2140336205B09ECE7FFF71EFEF0E710BD10B5044696
S214033630406BD1F7CBFC2046BDE81040FFF7D5BF63
S21403364010B50446406BD1F7E5FC2046BDE81040B4
S214033650FFF7CBBF10B50446406BD1F701FD2046FC
S214033660BDE81040FFF7C1BF10B50446002206218F
S2140336704078FFF7E7FEA378022B01D0FF2B04D197
S2140336802046BDE81040D2F7F3BD10BD4FF60273D7
S214033690994210B5044601D1FFF7A7FFE378022B42
S2140336A002D02046FFF7A1FF2046BDE81040D2F720
S2140336B0DFBD092901D9FFF789BE7047022307B585
S2140336C0019300F16C0300935522212312214078C5
S2140336D0D2F760FB03B05DF804FB10B582780446AE
S2140336E003797AB90BB1D2F773FE2046D2F79CFE64
S2140336F003236078A4F86C305522BDE810401221ED
S214033700FFF7A0BE012B01D1D2F762FEA379012BEE
S21403371002D12046D2F788FE01232046A4F86C3057
S214033720BDE81040FFF7CABF10B58378044683B9D7
S21403373003790BB1D2F762FE2046D2F7B9FE042313
S2140337406078A4F86C305522BDE810401221FFF7CC
S21403375079BEB0F86C30022B12D00379032B01D15B
S214033760D2F736FEA379032B02D12046D2F75CFEAE
S21403377000232046A4F86C30BDE81040FFF79EBF38
S214033780D2F7D6FEF4E7827883685AB9DB78002B43
S21403379014BF03230423A0F86C305522122140786B
S2140337A0FFF750BE1A7922B9DB78003B18BF012316
S2140337B0F1E70223EFE77FB500239E6A0446B6F5DA
S2140337C0804F0D460CD201A8D3F758F8039B5B0530
S2140337D006D529462046336C04B0BDE8704018472A
S2140337E004B070BD00239B6AB3F5804F05D21B6BF4
S2140337F0B3F5804F01D29B6818474FF4817070472A
S2140338001FB500239A6AB2F5804F04D340F2011025
S21403381005B05DF804FB126BB2F5804FF6D20122B9
S21403382001A8CDE902338DF80420D3F727F8039BCC
S214033830DB03EBD5029B1A0EE8D0012A03D1C3F3B0
S21403384007430A2BE2D900239B6A1B6B1B6C984722
S214033850DEE708B50AF040FDB0FA80F0400908BD7F
S214033860134610B542B103439B0707D10AF038FD50
S214033870B0FA80F0400910BD0120FCE70020FAE70B
S21403388000230360704703680B600160704710B540
S21403389038B132B129B100230139D45C14B90023FD
S2140338A0037010BD8B42FAD200F8014B0133F4E7E4
S2140338B0034638B10020814204D01A5C02B970472F
S2140338C00130F8E770474FF0FF31FFF7F1BF70B5EF
S2140338D00C461646054660B15AB151B1FFF7F3FFE1
S2140338E0844206D9211A32462844BDE87040FFF7C1
S2140338F0CEBF70BDFEE7FEE700239A4200D17047B5
S21403390010B550F8234041F8234001339A42F8D1CA
S21403391010BDD3F713BC4369426CD91C143AB1FBF0
S214033920F2F103EBC1000330B0FBF2F00230704754
S21403393038B505460C46FFF7EEFF6A6CE31D143AEE
S214033940B3FBF2F3013304EBC30402FB004038BDC0
S21403395038B5054644692146FFF7EAFF6A6CE31D5E
S214033960143AB3FBF2F3013304EBC304204438BD2B
S214033970F7B507460E4600257C6CA819644280EA14
S21403398006031C4003D02C46204603B0F0BDFB6B59
S21403399001225B6901A99847019B0133F4D10435E1
S2140339A0EAE770B505460C46D5F79EF9EB6B20465D
S2140339B0BDE87040DB68184770B50025044686B03E
S2140339C00562E369AB4202D8206A06B070BD666C36
S2140339D02068E36B05225B6901A906FB050098478F
S2140339E001A800F023FC00F046FC10B1236A013363
S2140339F023620135E5E738B50446456C006804F1F3
S214033A00400305FB0101E06B00F042FC054620463F
S214033A10FFF7D2FF284638BDF0B50546002687B027
S214033A20EC69013CB44203D80C46204607B0F0BD0F
S214033A3001B14C1E6F6C2868EB6B05225B6901A90C
S214033A4007FB0400984701A800F0F0FB00F013FC06
S214033A500028EAD121460136E2E7F0B504460D46D2
S214033A60466CE36B006887B005225B6901A906FB19
S214033A700500984701A800F0D9FB00F0FCFB20B135
S214033A8001A800F0AAFB07B0F0BD29462046FFF7C1
S214033A90C3FF0646676C2068E36B05225B6901A9D2
S214033AA007FB0600984701A800F097FB431CEAD0E3
S214033AB0B54238BF0130E6E72DE9F0434FF6FF790C
S214033AC0D0F8248004460E46C84514BF4546002554
S214033AD0002787B0E369BB4202D807B0BDE8F0838E
S214033AE0E26B2368606CD2F814C000FB0530052235
S214033AF001A9E04701A800F099FB022806D0C845B3
S214033B000CD1721C29462046FFF775FFE369013581
S214033B10B5FBF3F2013703FB1255DBE729462046D4
S214033B20FFF79BFFB0F1FF3F14BF02463246013258
S214033B30E8E70368F0B5CC1A436C0646B4FBF3F427
S214033B40002587B0F36937685A1E9542706C08D310
S214033B50706C336800FB043007B0BDE8F04000F03B
S214033B6095BB0134B4FBF3F203FB1244F36B05225B
S214033B705B6901A900FB0470984701A800F056FB97
S214033B8000F079FB0028E3D10135DBE710B423F01E
S214033B90030422449B070A44436C18BF04325B4267
S214033BA081EA0204234203D05DF8044BFFF7C1BF4A
S214033BB010465DF8044B70472DE9F041D0E90A360C
S214033BC09E42044686B028D11422C369456802FB88
S214033BD01355284606B0BDE8F0812068676C331A93
S214033BE0B3FBF7F3E26B07FB0300D2F8148001A9DB
S214033BF00522C04701A800F019FB012804D0636C16
S214033C001D44013B3340ED1A31462046FFF791FF32
S214033C100646A36AB342E0D1DBE70025F9E708B519
S214033C2008301346D1E90012D4F7E4FF012008BD9B
S214033C3013B50C460021217600936168134622468D
S214033C40D3F7D2FB18B1E37D03B1A07EA075A07DA8
S214033C5002B010BD73B5164600F108050C4628469B
S214033C6009680DF1070200F098F9032E06D1636880
S214033C70834203D12846216800F076F9012002B07A
S214033C8070BDD01E009B42424241187E824211D133
S214033C901A688A420ED85A688A420BD35A69013286
S214033CA05A61D3E9030282423FBF986840F8221064
S214033CB001321A610120704710B5032A029C07D10E
S214033CC0A26A5340626C5242134201D100F04CF98F
S214033CD0012010BD08B5C36800209847BDE808401A
S214033CE0D5F70AB8012814BF0420022070B50024B3
S214033CF042431C70CC7D101D02F002024CB91AB16F
S214033D00012220F003001A7000F1080348681844E3
S214033D1070BD1AB1012220F003001A7000230C7E36
S214033D2001F12005DAB2A24201D30020F0E735F80C
S214033D3033205E1C824206D901EBC30300F108025E
S214033D40D8691044E4E73346801AEBE773B50546B3
S214033D5090F842601C4630460DF10303FFF7C2FF9E
S214033D60EB6B012E5B690DD1324601A998479DF88E
S214033D70033013B1BDF806300193BDF80430236059
S214033D8002B070BD0122214602B0BDE8704018475C
S214033D90F0B5054600244868EB6B87B00E46012253
S214033DA05B69029402A908309847274695F8423083
S214033DB0012B40F0AC80632C00F2AB80612C08D85A
S214033DC005AB224631462846FFF7C0FF9DF8143060
S214033DD05BB305AB2246314628468DF81070FFF7D5
S214033DE0B5FF95F84230012B059B7FD14FF6FF7246
S214033DF0934256D0082205A904A800F063FA059B4F
S214033E009DF81010C3F3072291424AD1DBB2029AFF
S214033E101A44029245E0DCD005AB224631462846DA
S214033E20FFF794FFBDF81430D2E795F84230012B24
S214033E3039D1612C2ED822463146284603ABFFF7EC
S214033E4085FF3146284604AB621CFFF77FFF3146E9
S214033E50284605ABA21CFFF779FF102208230DEBBB
S214033E6002010DF107008DF8073000F02BFA10223F
S214033E7005A90DF1070000F025FA039BDAB24AB94B
S214033E809DF80720B2EB132F04D1DDE9043203EBD0
S214033E900243029395F84230012B14BF01230223F9
S214033EA01C44013482E7302CF4D822463146284697
S214033EB003ABFFF74BFF3146284604AB621CFFF704
S214033EC045FF102320220DEB03010DF107008DF8AB
S214033ED0073000F0F7F9039B9AB2002ADAD19DF86F
S214033EE00720B2EB134FD5D1049BD2E70133D8D0CA
S214033EF0102205A90DEB020000F0E4F9059B9DF8DE
S214033F001010C3F307429142CBD19BB27FE7312C0B
S214033F1081D9029807B0F0BD13B500240194049C20
S214033F200094D3F73DFF02B010BD13B501240194EE
S214033F30049C0094D3F734FF02B010BD00234FF067
S214033F40FF3230B544689C4202D10023037230BD71
S214033F50016801EBC30541F833206A600133F2E7D9
S214033F60C0E90012FFF7EABF0023F0B545689D429B
S214033F7010D00468DF0054F8332004EBC306B2F114
S214033F80FF3F08D0C2F31302914204D14FF0FF3330
S214033F90E3517360F0BD0133E9E70023F0B54568EC
S214033FA09D4202D14FF0FF300EE00468DE0054F865
S214033FB03340671C09D0C4F31307B94205D1240D57
S214033FC01470036833445868F0BD0133E8E770475C
S214033FD070B59400224605460E460AF081F9431C46
S214033FE00AD058B9224631462846E6F7F7FA00289B
S214033FF014BF3D20002070BD6E20FCE77120FAE759
S21403400013B5044601A8D5F771FC9DF80630238046
S2140340104FF480736380D5F777FC6060002002B0AE
S21403402010BDD5F7E7BB08B5D5F7D8FB002008BD0C
S21403403010B5044644EA010313F00303084609D106
S214034040934201D1002010BD54F8231040F82310EA
S2140340500133F5E721469200E6F704F9F2E710B5D7
S21403406004460AF039F9431C10D088B9D5F74CFC3E
S214034070234620F003002044984201D1002010BDBF
S21403408053F8042B0132F7D03E20F8E76E20F6E70C
S2140340907120F4E7704713B50023044601461B223C
S2140340A00DF107008DF8073000F00CF922689DF833
S2140340B00730B3EBD26F0CBF0120002002B010BD57
S2140340C013B500230446014620220DF107008DF8A0
S2140340D0073000F0F7F80DF107001A22211D00F053
S2140340E0F1F862689DF80730B3EB926F0CBF0120BE
S2140340F0002002B010BD0068431C58425841704768
S214034100006810F07E0F0CBFC0F3C160002070473C
S2140341100068C0F3D3107047006800F07F000128E2
S2140341208CBF002001207047036813F07E0F14BF76
S214034130042008207047036813F07E0F03D14068FD
S21403414020F07C40704713F078001CBF03F07F0319
S214034150D81F7047006800F07F007047032809D017
S214034160022803D1C1F10201C8B2704700290CBF6F
S21403417007200020704737B5054601F10C04436954
S2140341806946012220469847BDF800300122019374
S2140341902046AB6901A9984703B030BD37B501F196
S2140341A00C044369012269460546204698474FF6A4
S2140341B0FF72009B99B291420DD16FF30F0343F444
S2140341C0254343F0A503019301222046AB6901A9C9
S2140341D0984703B030BD0020FBE737B504460025FB
S2140341E01B22011D0DF107008DF8075000F06AF839
S2140341F060689DF80720B2EBD06F03D120F07840BB
S21403420003B030BD0DF107001B2204F108018DF841
S214034210075000F057F8A0689DF80730B3EBD06F4F
S21403422001D1C043EAE74FF0FF30E9E74BF29A22A9
S214034230036810B5B2EB134F044613D19BB2012BA0
S21403424013D1FFF7CAFF01300CD04FF6FF72E068B8
S214034250B2EB104F4FEA104309D180B2C01A18BF11
S214034260012010BD2368013303D00420F9E70220A0
S214034270F7E70320F5E701288CBF002001207047ED
S214034280033801288CBF0020012070471430704784
S2140342902DE9F04105469846036908460E4617463B
S2140342A09847044638B943463A4631462846D4F733
S2140342B093FD044618B131462846FFF75CFF2046B7
S2140342C0BDE8F0811F2A0B689EBF4FF0FF31914077
S2140342D08B43590801F055315B1A03F033319B08C1
S2140342E003F033330B44017803EB13130A444FF004
S2140342F0013103F00F334B43A2EB13620270704796
S21403430008B507F09FFDBDE808400021D4F76EBE50
S21403431002210320D5F768B8704770477047704787
S2140343204FF050234FF400321A6770474FF0B043F4
S2140343305A6812B19A6A002AFAD1704770B50546D0
S21403434014460E4609F0ADFC2B685C4034405C40D6
S2140343502C60BDE8704009F09FBC012241780378C9
S2140343608A4030214B4342F2100103F1A04303F588
S21403437070335A50704721FA00F2D20730B503461D
S21403438000F0FC040FD500220132D2B2042A02D177
S2140343904FF0FF3008E0831803F00303234421FAA9
S2140343A003F5ED07F0D4184630BD00207047002013
S2140343B07047002070470020704701207047012097
S2140343C070470F207047E6F723BE002307B5CDE9F5
S2140343D00033012369464FF0FF308DF8023004F0B6
S2140343E0CBFB03B05DF804FB0020704710B508B99B
S2140343F0212010BD0029FBD0036813F0704205D1BD
S214034400C3F30E030B607BB10020F2E703F05044C6
S214034410B4F1004F05D0B2F1304F02D0B2F1404FA5
S214034420E6D103F07F03EDE74368002BE0D00B6093
S214034430EAE737B50C46054610B9212003B030BD70
S2140344400029FAD0002301A90193FFF7CFFF002824
S214034450F4D12968019A11F0704102F1030222F0A7
S214034460030201D12260E9E7AD68B1F1004FC5F35D
S2140344708033C5F3403504D103EB45035343236030
S214034480DCE7B1F1204F01D12B44F7E7B1F1304F10
S214034490FAD0B1F1404FF7D0CFE737B50C46054613
S2140344A0002800F08780002900F0848000230B603A
S2140344B0036803F070430B60C26822B1032A79D104
S2140344C043F080630B60AB689A0149D403F08073B2
S2140344D0EA680AB9002B6DD1226822F040721343B2
S2140344E02360EA68032A05D12A69F62A62D962F3A9
S2140344F017432360AB681B0442BF236843F400439F
S2140345002360EB68032B1FBF23682A6862F30E033E
S21403451023602B68AA68002B2ADB12F4C84F49D104
S2140345202B6803F0704303F10043B3F1804F05D2C9
S214034530530542BF236843F4806323600023284661
S21403454001A90193FFF752FF40B92B6813F070429D
S2140345501FD12368019A62F30E03236003B030BDB4
S21403456003F04073B3F1407F18BF4FF00073AFE71B
S214034570500402F4005105D4E1B1236843F4005318
S2140345802360CDE7236843F4804323600029C7D024
S214034590F3E703F05043B3F1004F05D0B2F1304FC9
S2140345A002D0B2F1404F05D1019B5A1E236862F335
S2140345B00603D2E72120D1E738B131B101234B609E
S2140345C04FF0005300208B6070472120704737B5AB
S2140345D00C46054608B9212016E00029FBD0012326
S2140345E04B60C368A3B901A90193FFF722FF58B92B
S2140345F0019B6A699A4209D32A69002AEBD0226092
S21403460043F000530020A36003B030BD1D20FBE73A
S214034610032BE0D10023F5E7436813B941607047E5
S2140346205B685A68012AFBD159607047FFF7DCBE06
S21403463008B5FFF7D9FE002814BF6FF092000020DC
S21403464008BD1346428870B50732072A0C464FEA60
S214034650D20101D0A14222D14668058820221846FD
S2140346600021E5F76FFC360A0346DEB9BCB141F21A
S2140346700102954205D0B5F5885F02D0B5F5905F87
S21403468002D100205C6070BDB5F5105F0DD1182C0B
S21403469003D0202C01D0102C01D11C60F1E76FF061
S2140346A08600F0E76FF08B00EDE76FF08500EAE732
S2140346B0F0B51C46436806461B0A0F46154689B0E6
S2140346C035D122462946FFF7BCFF68B9EB1C23F019
S2140346D00303C4E90307636145B92022002120468A
S2140346E0E5F730FC6FF0860009B0F0BD01462022E6
S2140346F06846E5F727FC6A4629463046FFF7A1FFDA
S2140347000028EAD12368009A9A42E6D16368019AA0
S2140347109A42E2D1A368029A9A42DED1A369069A24
S2140347209A42DAD1E369079A9A42DDD0D5E76FF069
S2140347308B00D9E7D5F722BCD5F73CBD70470020E0
S214034740704700207047C3681944836853F82100F4
S21403475030F8023B13607047012310B580F88830A9
S2140347600378044653B100F061FA21462046D5F794
S21403477013FE2046BDE8104000F04DBA10BD38B514
S2140347800D460446D5F7F0FD6B682046C4F8B032F4
S214034790A96800F096F94FF0FF332046C4F8B43208
S2140347A0FFF7CDFF38BDD0F8B43210B50133044659
S2140347B001D0002010BD00F0BCFAC4F8B4020130EA
S2140347C0F7D194F8B80280F00100F3E708B5D5F7FF
S2140347D007FE08BD0A7801382D2A0ABF01220022E7
S2140347E08918D5F759BE07281BD8DFE800F0060A54
S2140347F00D10131504170120704700220820D5F763
S2140348004BBE00221020FAE700222020F7E70820FC
S214034810FFF7E0BF1020FBE72020F9E70846D5F7AF
S2140348209DBE002070472DE9F74307280C46DDE9B7
S2140348300A7690461D4608D8013806280AD8DFE8C7
S21403484000F01D27303A44574A00212850D003B0C1
S214034850BDE8F083002220461146E5F73FFB3368A8
S214034860C0B205EB83013A6845F82300013348F8E4
S214034870221033603B6801333B60E8E700222046A2
S2140348801146E5F72BFB336880B205EB8301EAE7B5
S214034890002220461146E5F721FB336805EB83012A
S2140348A0E1E7002220461146E5F7C6FC336840B22E
S2140348B005EB8301D7E7002220461146E5F7BCFC4B
S2140348C0336800B205EB8301CDE70022204611468C
S2140348D0E5F7B2FCE1E7002389461E461D468DF840
S2140348E0063019F8013F7D2B06D125702D0A657019
S2140348F03B6848F82340BDE7202BF2D006F00102C0
S214034900013612B98DF80430EBE71022002101A816
S2140349108DF80530E5F790FC631901359870ADB254
S214034920DFE72DE9F04F9B46002385B08B45814694
S21403493088469246CDE902336BDC1A461E4619F8C2
S2140349400340212C09D81F2C04D8103C072C98BFF1
S214034950012200E001260133F1E7FF2CFBD15B4483
S21403496036B1013B43450ADD2B2005B0BDE8F08F89
S21403497062B1013B4345F7DC3546374602E0002586
S2140349802F462E46454504DB0020EEE79845F3D038
S214034990EAE75D453BDB19F80730202B18D109EB16
S2140349A007035B78FF2BDFD1CEB920465AF82510D4
S2140349B0FFF719FF78B303AB019302AB00932046CE
S2140349C0DDE90E235AF82510FFF72DFF0135D9E749
S2140349D0212B0ED109EB07035B78FF2BC4D1029B77
S2140349E05AF825200E99012641F823200133029315
S2140349F0ECE7A3F11004072C02D91C460137D3E7D2
S214034A0009EB07035B78FF2BAED1E4B2CCE70624B1
S214034A10CAE72120A9E72620A7E72DE9F04F074696
S214034A200E4615469846044685B0DDF84490DDE903
S214034A300FAB206808B3DAF80020D8F800108A42D3
S214034A401BDA0E9B53F82210D2F7ACFA48BBDAF8FF
S214034A5000200132CAF800206268117BFE291BD1B0
S214034A600E9B1068012100932A464346CDE902B9FE
S214034A70CDF804A0FFF7D1FF04462B7843B999F885
S214034A8000302BB97EB101233C4689F800302B70E9
S214034A90204605B0BDE8F08F01238BF800302B705D
S214034AA0EBE70C34C5E73446F2E710B50446236853
S214034AB003B910BD237A13B92046D5F785FD0C3408
S214034AC0F5E710B541B10A7932B901249C300C716F
S214034AD0FEF7D9FE204610BD0020FCE72DE9F04185
S214034AE0BAB005460AAA084603A900F05FF90446C9
S214034AF0B0B90DF10A0301930DF10B038DF80A000B
S214034B0000930AAA284604AB03A9D5F70DFF9DF820
S214034B100A20B2B19DF80B2048B12AB1D5F754FD4F
S214034B2020463AB0BDE8F081FFF7BFFFF8E7D5F8B7
S214034B309C50002DF4D0A86808B1FFF7B6FF2D6887
S214034B40F7E700B346681AAB06F10C082AAF0193E1
S214034B504046049B039900970AAAFFF7E2FE044621
S214034B600028DDD1039B05A8CDE90637049B0595F0
S214034B70CDE90838D7F7A0F905A83368984705A8FC
S214034B8000F03FFDCCE72D24CAE710B50446AC3051
S214034B90E5F7D4F804F1AB031A180020934200D1CA
S214034BA010BD13F8011F0029FAD00A2908BF0130E7
S214034BB0F4E70023F0B50B6013600646D0F8AC02AA
S214034BC078B196F8AC0060B1012406F1AC07D6F8CC
S214034BD0AC02844210D306F1AC00B3F5007F10D3C9
S214034BE00120F0BD0D6801350D60156801351560AF
S214034BF0F85C01330A2802D0B3F5007FF2D3013400
S214034C00E5E7C15C0A29EBD00029E9D01168013336
S214034C1001311160E1E710B50021D0F88C2004467D
S214034C20E5F790F90023C4E9243310BD73B50446B1
S214034C3000F1AC0580212046FEF73AFE4FF40071E2
S214034C4006462846FEF734FE0136C0F50070864257
S214034C5020461FD8E5F772F806462846E5F76EF8AD
S214034C6001362946421CA819E5F7BEF92046E5F7A2
S214034C7065F8214602462846E5F7F4FA2046E5F7A6
S214034C805DF80A23204480F8AC300023C4F8AC3225
S214034C9002B070BDFFF779FF01AAC4F8AC026946FB
S214034CA02046FFF786FF0022009B234483F8AC20B0
S214034CB0C0E773B50D460446FFF767FF6B1C19D1B3
S214034CC0D4F8AC3213B1013BC4F8AC32002520460D
S214034CD0E5F734F8A84215D82046FFF79CFFD4F82A
S214034CE0AC322BB16946204601AAFFF762FFA0B992
S214034CF002B070BD012DFBD1D4F8AC328342F7D29B
S214034D000133E1E7082000F023F8202000F020F824
S214034D10082000F01DF80135D9E7009D04F1AC0624
S214034D20019BAB42E4D9715D2046D5F72BFF0135D5
S214034D30F6E707B500200DF1070100F0E7F820B904
S214034D409DF8070003B05DF804FB4FF0FF30F9E76A
S214034D5010B5C1B20446002000F0C8F800280CBF06
S214034D6020464FF0FF3010BD0FB407B504AA52F823
S214034D70041B00200192D6F7A1F8002003B05DF8CB
S214034D8004EB04B0704710B54C1C0B460119045DC8
S214034D90222C03D07B2C01D05C2C05D1D21A1844CC
S214034DA0E5F722F9012010BD0020FCE72DE9F047C6
S214034DB0054691468846E4F7C1FF2A46064613464B
S214034DC0197801322029FAD0C9F800305C1B012378
S214034DD06FF0404AC8F80030A64201D8002014E01D
S214034DE02F5D29197B2F12D0222F2ED1D8F8003011
S214034DF0621C53442A4449F82320012C09D911F88C
S214034E00013C13F0DF0F04D02120BDE8F0877D2797
S214034E10F3E701342B5DBB4209D12B195B7813F002
S214034E20DF03F1D1222F00D12B550134D4E75C2BBD
S214034E3007D1324621462846FFF7A5FF0028E3D0D0
S214034E40013E0134A642E5D8DEE75C2F08D13246A0
S214034E5021462846FFF797FF0028D5D0013EE4E712
S214034E60202FE2D10022631CB3420A70DDD2EA1877
S214034E70EB5C202BD9D0D8F800300F2B05DC49F893
S214034E8023200133C8F80030CFE71E20BDE700F02B
S214034E9000B800207047D2F773B870B50C461546B5
S214034EA010B9D5F7FFFF38B143682BB12A46214620
S214034EB0BDE8704000681847232070BDF7B50D465F
S214034EC016461C4638B9D5F7EDFF04B901AC20B930
S214034ED0232003B0F0BD03B901ACC768002FF7D099
S214034EE02346324629460068B847F2E707B501224B
S214034EF08DF807100DF10701FFF7CFFF03B05DF83C
S214034F0004FB0B4601461846FFF7F0BF00230122B9
S214034F10FFF7D4BF08B508F0BCFFFA23B0FBF3F0E5
S214034F2080B208BD0420704740F20160D6F7B0B8DF
S214034F307047012070470020704749BA89B280EA5B
S214034F400103C3F303125340180380B258405B01B6
S214034F5003F4FF535840704708B5D6F765FC58B1BD
S214034F60A0F15903042B06D8042B04D8DFE803F07A
S214034F700404040304005C2008BDD6F7ADBD7047E7
S214034F80F8B50C468D18073552421540A5F10807AB
S214034F900646384600F0DFF9A188381B628801EB25
S214034FA0E00189B2A2EBE00225F8041C25F8062CE2
S214034FB0A288C310AAB1A4EBC202B2F802C0D18081
S214034FC003EB0C015180E28892B1D31A9BB204EB37
S214034FD0C20425F8023CA380B3680344B360384692
S214034FE0F8BD15F8082C42F0020205F8082CEAE78B
S214034FF025F8022CF0E72DE9F04F4FF0000887B0B4
S2140350009946531C109B0546174614BF144608249E
S214035010CDF81480002B00F0C580C3F8008000296B
S21403502000F0C28042688A4240F2BE80073121F017
S214035030070608F043FE05AACDE9008282463A46F3
S2140350404B463146284600F08AF9059F834607B14A
S21403505030B9504608F02DFE192007B0BDE8F08F92
S214035060B7F8028029694FEAC802C0EBC8080139BD
S214035070B8F1270F29617AD9B9F1000F51D18642C9
S21403508006F1080848D0224639462846FFF778FF37
S21403509004460590059B9844404600F05CF9059944
S2140350A006F10F004A88C308A2EBD002A8F8022034
S2140350B0CA88A8F80430002A30D0D31A9BB201EB72
S2140350C0C202A8F8063093808B88F608A380B8F847
S2140350D004303A46E380414600232846668000F0C3
S2140350E0A6F9AB680833AB60237843F0010323705B
S2140350F02B6901332B616288AB68504603EBC2030E
S214035100EA68AB60934288BFEB6008F0D2FD109B61
S214035110083400201C60A0E73C46BBE7A8F806203E
S214035120D2E707EB08042046039200F014F90BF1CC
S2140351300703DB080599638008F10703DB08A380F0
S214035140CB8893B1DB00039AD81D821A5A44C2F364
S214035150CF020B44E2809A80A38808F1FF384FEA17
S214035160D808A1F80280CB80BBE7E380F4E7B9F167
S214035170010F1BD107F10803B3FBF4F204FB123350
S214035180B3B1224639462846FFF7FAFE044623788B
S2140351903A4643F00103237021460123284600F0D4
S2140351A046F9A8E7222058E7212056E78642E8D1A9
S2140351B03C46ECE707B500224FF0FF3101AB019206
S2140351C0D6F7EAF8019803B05DF804FB2DE9F74F2C
S2140351D004460D46002900F0AB80D0E9056808F0C8
S2140351E06DFD15F8087C35F8061CFB07009000D506
S2140351F031B9009808F05DFD012003B0BDE8F08FDB
S214035200A368D4F8109035F804ECA3EBC10B09F1AE
S2140352100103A5F1080C4A1CC4F808B02361BEF1CB
S214035220000F7BD0ACEBCE03D888B3F802A0019076
S214035230187807F00207C00765D4002F64D10198D9
S214035240A0EB0A07012F69D18A1CABF10807524469
S214035250C4F81090A76035F802ECBEF1000F61D0D9
S214035260D4E900700CEBCE0A07EB0009CA4559D205
S2140352701CF83EC057461CF0010C15D1AEEB0101DD
S214035280012911D1BAF80210AAF802C001310A4462
S214035290BAF80610002943D00AEBC1072169013981
S2140352A02161A1680839A16015F8081C013A21F0AC
S2140352B0010105F8081C002125F8061C5A801A78F7
S2140352C061F300021A707FB3C3F107023A44C2F3D4
S2140352D0CF02DA80BA804EB3B34227D37288002A4D
S2140352E008BF1E46B8F1000F06D0434504D8B8F8E9
S2140352F00220002A18BF43460098C4E9056308F055
S214035300D8FC002079E74FB115F8087C724427F0E3
S214035310020705F8087C00279F809CE763469AE708
S2140353200F46BBE70027BFE7DF80D4E71E46D9E773
S214035330222062E710B50446D6F746F82146BDE8B4
S2140353401040FFF743BFFFF7F5BF0846FFF732BF2E
S2140353500846FFF7F8BF0023036043607047F0B5C5
S214035360D0E90554561C08BF0822002B4FF0000056
S21403537008BF2C46DDF818C0CCF80000002C37D048
S2140353809DF814706588FF0007EBC505C2F1000E93
S2140353902078C00708D51BBBE088A0B104EBC00487
S2140353A0658807EBC505F3E78D42F4D363B904F1CB
S2140353B00806B6FBF2F002FB106670180EB1A842A0
S2140353C0EAD8CCF80040F0BD082A0FD06088013038
S2140353D004EBC000461A06EA0E06801B8542F0D28E
S2140353E0A0880028EFD0A4EBC004D9E70846E8E776
S2140353F02046E8E703460069C0B10AB951B91A68FE
S21403540010460378DB0711D531B9C3885BB100EBCF
S214035410C300F6E79A69F3E7012904D1838823B129
S214035420A0EBC300EDE700207047184670472DE950
S214035430F041D0E90554074688461646ABB1954277
S21403544000D00ABB424600213846FFF7D3FFB442DA
S214035450054600D02EB9424601213846FFF7CAFF5B
S2140354600446C7E90554BDE8F081954208D08D424D
S21403547028BF0D46B44205D0444538BF4446F0E73E
S2140354800D46F7E74446ECE79442EAD1E3E770B506
S21403549000261C46C3E90001C3E90266C3E905000A
S2140354A01E611A775E62FFF756FF23690139C90842
S2140354B0013341802361A36830460833A360E36861
S2140354C00833E36070BD002307B5684600938DF884
S2140354D00430D4F779F903B05DF804FB10B508F08F
S2140354E0E0FB044606F040FD2046BDE8104008F009
S2140354F0D3BB70474FF4C870D5F7C6BFD6F778B896
S21403550000F01CB87047704708B503F07EF903F047
S21403551086F903F08DF903F09CF9BDE8084003F023
S214035520ABB9704708B503F06BF903F06AF903F0FB
S21403553069F903F069F9FFF7F4FF08BD08B503F04E
S2140355409CF903F09BF903F09BF9BDE8084003F0D0
S2140355509EB97047012070472DE9F34112F001050B
S2140355600446884622D110F0030525D12F4652085B
S214035570BA4209D1D4F732F90026B74204EB8600C3
S21403558008D1D4F737F911E054F8273001330CD19A
S2140355900137EDE7042258F826300DEB020101939C
S2140355A008F09EFE30B1D4F725F93D25284602B013
S2140355B0BDE8F0810136E0E70125F7E77047B0F173
S2140355C0006F0FD300F07843B3F1006F0CD000F0F8
S2140355D06040B0F1404F09D0B0F1604F14BF0420D3
S2140355E00320704700207047012070470220704751
S2140355F0002070471AB111B180B2D6F76DBA2120D8
S214035600704701F097BEDFF71DB9FFF78DBCD0E9F1
S214035610023253F8223000211878DEF765BD704752
S21403562002F0D8B901F018BEC3688268013BDBB24A
S21403563052F823305B78652B02D10020E1F7A4B83B
S2140356406E2B01D10120F9E7662B01D10220F5E785
S214035650704710B5D0E90232044653F82230187862
S21403566002F0A2FAE368A268013352F82330BDE8D9
S2140356701040187802F096BA10B50446C0B2D7F7B1
S214035680F9FB200ABDE81040D7F7F4BBD0E9023295
S21403569053F822301878D7F7F5BC02F035BADFF79F
S2140356A071BD08B501F0F9FEBDE80840E0F75ABF42
S2140356B0D0E9023253F82230186801F0ECBE00201D
S2140356C0E1F756B80120E1F753B80221D7F770BCCB
S2140356D00321D7F76DBC0521D7F76ABC08B5014689
S2140356E00C20D7F741FCBDE80840D7F7CFBB08B579
S2140356F001460020D7F738FCBDE80840D7F7C6BBFD
S21403570007B5C2688368043253F8223001211B8828
S2140357100DF10602ADF806300023D8F7CDF903B035
S2140357205DF804FB08B508F0C8FBBDE80840EDF7D4
S21403573033BB10B51446D8F7DBFC2146BDE8104052
S21403574008F0B6B808B5D8F7D3FCBDE80840002182
S21403575008F0AEB808B5D8F7CBFCBDE80840ECF7C0
S21403576031BE08B5D8F7C4FCBDE80840ECF716BE52
S2140357707047704708B508F0A0FBFFF7FAFF03F081
S214035780E0F8BDE80840D8F7FFBC70470120704733
S2140357900120704708B5D8F793FD00280CBF0420F6
S2140357A0012008BD70472DE9F34104460D46164611
S2140357B01F46DDF8208008F018FC3B463246294693
S2140357C02046CDF8008003F0BDF83B463246294616
S2140357D02046CDF80080FFF7E5FF02B0BDE8F041B4
S2140357E001F0A8BD2DE9FF4704460D4616461F46A1
S2140357F0BDF830809DF83490DDF838A008F0F5FB4E
S2140358003B46324629462046CDE9019ACDF800802C
S21403581001F041F804B0BDE8F04701F08BBDF8B5E0
S21403582004460D4616461F4608F0DFFB3B46324647
S21403583029462046DEF792F9044601F07BFD204612
S214035840F8BD70472DE9F34104460D4616461F463C
S214035850BDF8208008F0C9FB3B4632462946204661
S214035860CDF8008003F071F83346424629462046B9
S2140358700097FFF7E6FF02B0BDE8F04101F05ABD1E
S214035880704708B508F0B1FB03F060F8FFF7F8FFC0
S214035890BDE8084001F04EBD012070472DE9F743EF
S2140358A004460D4616461F469DF8289008F09DFBB5
S2140358B03B46324629462046CDF80090FFF7ECFFDC
S2140358C080463B46324629462046CDF8009003F0F4
S2140358D03EF801F02FFD404603B0BDE8F0830120FB
S2140358E070472DE9F74304460D4616461F469DF8B6
S2140358F0289008F07AFB3B46324629462046CDF8E8
S2140359000090FFF7ECFF80463B463246294620468A
S214035910CDF8009003F01CF801F00CFD404603B0F0
S214035920BDE8F083F8B504460D4616461F4608F054
S2140359305CFB3B4632462946204603F00AF8BDE8A0
S214035940F84001F0F7BC00207047F8B504460D4652
S214035950164608F04AFB324629462046FFF7F3FF71
S214035960074632462946204602F0F4FF01F0E2FCE1
S2140359703846F8BD38B504460D4608F036FB2946CA
S214035980204602F0E8FFBDE8384001F0D3BC70477C
S21403599010B5044608F029FB204602F0DDFF20463A
S2140359A0FFF7F5FFBDE8104001F0C4BC704738B5FB
S2140359B004460D4608F019FB2946204602F0DBFF95
S2140359C029462046FFF7F2FFBDE8384001F0B2BC97
S2140359D0704770B504460D46164608F006FB324679
S2140359E02946204602F0C9FF324629462046FFF7DD
S2140359F0EFFFBDE8704001F09DBC704738B5044624
S214035A000D4608F0F2FA2946204602F0B8FF29466A
S214035A102046FFF7F2FFBDE8384001F08BBC704725
S214035A202DE9F34104460D4616461F469DF8208091
S214035A3008F0DBFA3B46324629462046CDF800807E
S214035A4002F09FFF3B46324629462046CDF80080AB
S214035A50FFF7E5FF02B0BDE8F04101F06BBC70470D
S214035A6038B5054608F0C1FA284600F0E1FE0446BC
S214035A700146284601F0ACFF01F05CFC204638BD29
S214035A8038B504460D4602F07DFF29462046FFF74B
S214035A90E6FF38BD704738B5054608F0A6FA28462F
S214035AA0DEF77CFE04460146284601F08FFF01F030
S214035AB041FC204638BD38B504460D4602F063FF68
S214035AC029462046FFF7E6FF38BD704710B5044663
S214035AD008F08BFA204602F057FF2046FFF7F5FF43
S214035AE0BDE8104001F026BC704738B504460D46A5
S214035AF008F07BFA2946204602F047FF294620464F
S214035B00FFF7F2FFBDE8384001F014BC704770B5EC
S214035B1004460D46164608F068FA324629462046DD
S214035B2002F034FF324629462046FFF7EFFFBDE872
S214035B30704001F0FFBB704738B504460D4608F0C9
S214035B4054FA2946204602F022FF29462046FFF74C
S214035B50F2FFBDE8384001F0EDBB704738B50446A8
S214035B600D4608F042FA2946204602F011FF294660
S214035B702046FFF7F2FFBDE8384001F0DBBB704775
S214035B8010B5044608F031FA204602F002FF20461C
S214035B90FFF7F5FFBDE8104001F0CCBB704710B52A
S214035BA0044608F022FA204602F0F4FE2046FFF7E9
S214035BB0F5FFBDE8104001F0BDBB7047704770B5F8
S214035BC004460D46164608F010FA32462946204685
S214035BD002F0E3FE324629462046FFF7EFFFBDE814
S214035BE0704001F0A7BB704710B5044608F0FDF9F6
S214035BF0204602F0D3FE2046FFF7F5FFBDE810402F
S214035C0001F098BB704738B504460D4608F0EDF929
S214035C102946204602F0C3FE29462046FFF7F2FF38
S214035C20BDE8384001F086BB7047F8B504460D461C
S214035C3016461F4608F0D9F93B4632462946204603
S214035C4002F0AFFE3B46324629462046FFF7ECFFFE
S214035C50BDE8F84001F06EBB704770B504460D46CC
S214035C60164608F0C2F932462946204602F09AFE46
S214035C70324629462046FFF7EFFFBDE8704001F0A5
S214035C8059BB70472DE9F34104460D4616461F4699
S214035C90DDF8208008F0A9F93B463246294620461F
S214035CA0CDF8008002F07FFE3B463246294620466A
S214035CB0CDF80080FFF7E5FF02B0BDE8F04101F044
S214035CC039BB0E2070470E20704738B5044608F0DF
S214035CD08CF92046FFF7F7FF0546204602F064FEE0
S214035CE02046FFF7EEFF01F025FB284638BD704738
S214035CF010B5044608F079F9204602F056FE204611
S214035D00FFF7F5FFBDE8104001F014BB0020704715
S214035D100020704738B5044608F067F92046FFF7B9
S214035D20F7FF0546204602F041FE2046FFF7EEFF4A
S214035D3001F000FB284638BD704708B508F055F952
S214035D4002F035FEFFF7F8FFBDE8084001F0F2BAAF
S214035D50002070477047704708B5D8F783FB0028C4
S214035D600CBF0420012008BD70470B68DA7B1AB904
S214035D70DB7C0BB9D8F79ABB8120704708B5D8F7F8
S214035D80ADFBBDE80840D8F7B7BB7047D8F7A6BB4E
S214035D90D8F7B2BB082808D84FF48B73C34013F068
S214035DA0010F0CBF212000207047212070470121DE
S214035DB0D8F794BC0221D8F791BC0421D8F78EBC3F
S214035DC00821D8F78BBC1021D8F788BC0120704770
S214035DD0D0E9023253F822301878D8F72BBE086879
S214035DE0C37B1BB9C37C0BB9D8F754BE812070475D
S214035DF0D0E9023253F822301878D8F78DBE7047B0
S214035E0030B50546044615F8100B85B0029565694E
S214035E101D44CDE900250B46A21D618801F038FE1E
S214035E2005B030BD704710B492F80A4192F80531B8
S214035E3003EB04230B8100235DF8044B1A4601F0A1
S214035E4025BE1FB50446084671B12178FF290BD03D
S214035E50238B029363690193237C00936288A31DBB
S214035E60DEF7B8FCFF23237004B010BD0868C37BBD
S214035E7073B9C37C032B0BD8DFE803F002080406D0
S214035E80D9F74AB9D9F77AB9D9F7AAB9D9F758B920
S214035E90812070477047704700207047137810B50D
S214035EA0032B0CD15479CBB29C4208D19379B3EB34
S214035EB0112F04D153781B1A5842584110BD0020A5
S214035EC0FCE77FB505460E4600246946E0B201F0BE
S214035ED085FD28B96A4631462846FFF7DFFF18B91D
S214035EE00134202CF1D1002004B070BDFFF7E9BFC8
S214035EF00868C37B9BB9C37C052B10D8DFE803F087
S214035F00030D070B0905D9F70FBAD9F74BBCD9F719
S214035F10A5BAD9F7F7BBD9F775BBD9F747BA812026
S214035F2070470020704730B5102587B001AA0021BE
S214035F300195FEF708FC04462A46002102A8E4F76A
S214035F4001F82A46214602A8E4F74EF8012102A8E2
S214035F50D9F706FE07B030BDD9F794BD7047FFF7F3
S214035F60FDBF0B68DA7B5AB9DB7C012B04D0022B0E
S214035F7004D02BB9DAF718BADAF722BADAF72CBA5A
S214035F8081207047002307B5012101A80193D0F7AC
S214035F904FFE08B9D0F788FC012003B05DF804FB78
S214035FA008B502F070FA052803D0003818BF0120A0
S214035FB008BD0220FCE77047D0E9023253F82230CE
S214035FC01878003818BF0120DBF786BDDBF78ABDDB
S214035FD000207047002070477047FF207047FF205F
S214035FE070470020704700207047002070477047B6
S214035FF006207047DBF72EB80868DBF707BD70B5D9
S2140360000D46044600212846164601F078F9324626
S21403601020800221284601F072F93246608004216E
S214036020284601F069F90023A360E3606060082056
S21403603070BD034641B181424FF0640005D9434326
S214036040B3FBF1F0C0B2704708467047DBF758BDA4
S214036050DCF74EBBDCF756BCB0F5807F05D0A0F569
S214036060007358425841400170470820704730B5C6
S21403607099B00D4669461446DCF7A8FB30B915B14E
S214036080BDF802302B600CB10D9B236019B030BDF8
S2140360902DE9F04788B00E46904604A905AA0746A0
S2140360A01D46FFF7E4FF044638BB28800DF10C09B4
S2140360B0DDE904A39A4520D2062251463846CDF898
S2140360C0009006ABDCF79EFBD8B9039B062B18D1D2
S2140360D02A88DDF81A3042450ED2BDF8181026F885
S2140360E032102A8806EBC20253602A8853440132D0
S2140360F006332A800493DBE7F7D9204608B0BDE8C9
S214036100F0870124F9E72DE9F0438FB00F46904658
S21403611001A9002204469946FFF7A9FF18B10120FA
S2140361200FB0BDE8F083062220460DF1020302A954
S214036130FFF7AEFF0028F2D105460246BDF802106F
S214036140019CEEB28E42EAD20EAB03EBC60656F8BD
S2140361502C3C36F8306C0634BE4217BFE4180122D6
S21403616013460022013522B1C8F80040C9F80030B2
S214036170D6E71A46E5E770B50024012602F05DF976
S214036180E5B2C26806FA05F59542234604F1010412
S214036190F4D3D8B270BD70B586B0DCF765F900F1FC
S2140361A01006E1F759FD00240546142201A930190B
S2140361B002F04AF91CB99DF80430FF2B16D00023D1
S2140361C003F118026A4412F8142CFF2A06D11C4461
S2140361D0601E90FBF5F080B206B070BD2B44DBB2B8
S2140361E0132BEDD91434B4F5826FDED14FF0FF30A4
S2140361F0F2E7DBF76FBF07B504220DEB020102F0EF
S21403620023F9019803B05DF804FB37B50546084645
S2140362100C46FFF7F0FFA84206D0042220460DEBFB
S21403622002010195E1F76AFD03B030BD07B50B46E1
S2140362300092002102460120DBF7DEFF03B05DF883
S21403624004FB08B50121DBF70FFFBDE80840E1F7C3
S21403625001BFDCF74DBA08B5FFF7F3FF002008BD12
S21403626008B513460A4601461846DCF759F880F087
S2140362700100C0B208BD00207047704708B1DCF7C4
S21403628057BB704730B4DDE902451DB1029430BCFC
S21403629000F0C6B930BC70471F2804D8142200F596
S2140362A0A030D5F7E3BC70471F2804D8142200F5A6
S2140362B0A030D5F707BD7047152808B505D1FFF7F9
S2140362C0DCFFBDE80840DCF779BC08BD10B5142434
S2140362D086B02246002101A8E3F734FE2023224697
S2140362E001A94FF4A03001F097FC06B010BD0020C2
S2140362F0704713B500230C461A460146CDE9003312
S214036300E0B2DDF71FFA02B010BD13B50023144642
S214036310019001220093E0B2DDF714FA02B010BD3B
S214036320D0E9023253F822301868DDF783BB1944EC
S21403633091420ADC4218002003B9704712F8011D87
S214036340013B01EB0020DBB2F6E7002070472DE9A6
S214036350F04F4FF0000A85B0019381460F4615466D
S2140363605346019A11785FFA8AF2914203D80020C5
S21403637005B0BDE8F08F019909EB050801EB420271
S214036380517892F802B011F04004009101F03F06F4
S2140363901BD0AC19BC42D4BF00240124334664008E
S2140363A0A20740F18880009B1B0640F192800E9B5B
S2140363B0324603EB0B000021E3F7C4FD3D46002302
S2140363C01D44ADB20AF1010ACBE7042E07D866B125
S2140363D0B31E022B0BD8DFE803F0122130003E2E4B
S2140363E037D03F2E5BD03D2E4BD00320C0E7BD42B7
S2140363F034BF00240124012664003346D0E7AB1CD7
S214036400BB4250DC02233A4629464846FFF78FFF35
S214036410ADF80A0002230DF10A08C1E7EB1CBB42E4
S21403642043DC03233A4629464846FFF780FF03909A
S214036430042603230DF10C08B2E72B1DBB4236DC02
S21403644004233A4629464846FFF771FF0390042380
S214036450F0E77A1E95422CDA02233A462946484646
S214036460FFF765FF4FF6FF7380B298420EBF022315
S214036470023083B25C19A742B4BF03240124042666
S2140364808EE7BD4215D298F80030FF2B0CBF0123D0
S2140364900133EC18BC42CCBF03240124EFE70124EC
S2140364A0042600237CE73446B4E70224C0E702242C
S2140364B0CDE70324E3E70E9A02EB0B0014B142F890
S2140364C00B807DE7324641460093E3F7CBFE009B05
S2140364D076E702204CE710B5144686B018811A46B4
S2140364E00A9B0291CDE9034301230193099B0146CD
S2140364F000930320BDF82030DDF7BAFB06B010BDCD
S2140365001FB500240294079C0194BDF8184000941C
S214036510FFF7E1FF04B010BD2DE9F0410E46174624
S214036520054686B098B391B38AB34FF0000802A924
S2140365305FFA88F001F052FA044640B99DF8083035
S214036540032B08D008F10108B8F1200FEFD120463D
S21403655006B0BDE8F0819DF809202B799A42F1D167
S214036560BDF80A206B889A42ECD19DF80C30BDF832
S2140365700D006B7128812B4622464FF6FF71CDE93D
S2140365800067FFF7BDFF0028DCD00446DFE72124C1
S214036590DDE710B586B00A9C04949DF82440039466
S2140365A0BDF8204002940124CDE9003413460A4680
S2140365B001460620DDF75CFB06B010BD1FB504469A
S2140365C00846194600230094CDE90123079BBDF82E
S2140365D01820FFF7DEFF04B010BDF0B5022805460D
S2140365E00E4614461F468BB00AD106A9F0B201F038
S2140365F0F5F998B99DF8193023719DF81C3063712D
S214036600119B224604930023CDE902330193109B8A
S2140366103146009328463B46DDF72AFB0BB0F0BD18
S21403662013B500240194049C0094FFF7D6FF02B030
S21403663010BD2DE9F0450646884614469A460027BF
S21403664001258BB006A9F8B201F0C8F920BB9DF866
S2140366501830012B19D19DF8192033799A4214D199
S214036660BDF81A2073889A420FD19DF81C30324623
S2140366707371B9B2CDE9030ACDE90100434602209E
S2140366800094DDF7F5FA054610B90137202FD9D166
S21403669028460BB0BDE8F0850546F9E70023FFF76B
S2140366A0C8BF10B50446DEF7C1F80021631E04F127
S2140366B00F0213F8010FFF2808BF19709342F8D191
S2140366C00023237410BD0020704770B506461D4690
S2140366D0DDF720FF044608B9212070BD3046DEF7FB
S2140366E0E7F90028F8D0A0682A46FF21FFF721F82B
S2140366F09DF81030002063719DF81430A371ECE709
S21403670013B59DF81040CDE9003413460122FFF778
S214036710DCFF02B010BD08B5DDF7FCFE28B18068CB
S214036720FF21FFF717F8002008BD2120FCE7012210
S214036730FFF7F1BF1FB50B466A460146184601F040
S21403674043F96A460823002032F8021B013B13F084
S214036750FF0380EA0100F7D1012838BF012080B289
S21403676005B05DF804FB2DE9F04F87B0DDE9109B1B
S21403677005468846484619461F461446BDF84860EF
S2140367809DF84CA0FFF7D6FF042D0346ABF8000098
S2140367901AD8022D1DD9042D07D04FF2F222A18854
S2140367A0914222D1E28891071FD5E17A0022CDE9F2
S2140367B0013720463346CDE90392CDF800A001F019
S2140367C058F907B0BDE8F08F6A1F012A11D92120B6
S2140367D0F7E700224146CDE9119228462246109754
S2140367E007B0BDE8F04F01F053B94FF6FF760C2122
S2140367F0DCE7052D0ED10023E17A0022CDE901372F
S214036800CDE903920091234652464146304601F0B5
S21403681023F9D6E74FF2F222A188914204D1E28807
S214036820920701D5E17AE8E74FF6FF760C21E4E715
S214036830F0B585B00546DDF72DFB48B16B88B3F59B
S214036840006F05D1681D05B0BDE8F04000F0EFBC51
S214036850284600F005FD0446C8B9E7B2694638463F
S21403686001F0BCF878B99DF8006066B92946384649
S21403687001F0B8F820B140F60443984207D08C26BE
S214036880304605B0F0BD0134202CE6D1F7E78D265F
S214036890F6E7DDF7E5BC2DE9FF4704460D4601465E
S2140368A0184617461E46BDF830809DF83490DDF82E
S2140368B038A0D8F771FAD0B92146284601F038F93E
S2140368C033463A4629462046CDE9019ACDF800805C
S2140368D0DDF76AFD33463A4629462046CDE90D9A4A
S2140368E0CDF8308004B0BDE8F04702F02DB804B010
S2140368F0BDE8F087DDF702BFDDF7BABEDDF7DEBE23
S21403690010B5044601F020F9082201462046BDE8EA
S2140369101040E3F769BB01F019B9002101F016B97D
S21403692001F028B90020704720207047EBF7F4B930
S214036930EBF73EBAEDF7E0BE7047DEF72BB870B55F
S21403694006460C46154600F04CF850B13CB135B13E
S214036950204600F0DAFC013080B2A84200D90020BD
S21403696070BD304600F043F840B1002CF7D0012D3F
S214036970F5D9204600F0CEFC0230EDE73046DDF7D1
S21403698069FFEAE7F8B5BDF8185010B3967855B91D
S214036990D478A6F14107012F07D8621ED2B200F0C1
S2140369A0D3FD0020F8BD2C46F3E7433E012E04D862
S2140369B0A21E92B200F0E0FDF3E7D27813B90DB150
S2140369C0AA4206D811B9E3F7BDFAEAE7E3F70CFBE8
S2140369D0E7E78920E6E7413803288CBF002001203B
S2140369E07047413801288CBF002001207047433888
S2140369F001288CBF0020012070470020704700202C
S214036A0070470388B3F57C4F01D3FFF7F8BF0846FA
S214036A10FFF7F3BF10B54A880488A2420DD1037B63
S214036A200C79234009D0B2F57C4F08D3FFF7E7FF74
S214036A300B891B1A5842584110BD0020FCE7012061
S214036A40FAE738B50D88D488A5420AD10388B3F58A
S214036A507C4F08D2FFF7D5FF13891B1A58425841BB
S214036A6038BD0020FCE70120FAE72DE9F04715467C
S214036A700446B8B149B1EAB100264FF0140AB0464D
S214036A8090F80490F3B2994501D800240AE02768E9
S214036A900AFB06773846FFF7BDFF013628B13C46AA
S214036AA0A5F800802046BDE8F0877B8943441FFA9B
S214036AB083F8E7E71446F5E72DE9F0470E46154653
S214036AC00446B8B149B112B300274FF00C0AB846D2
S214036AD0B0F80890BBB2994501D800240AE0636871
S214036AE0324620460AFB0731FFF7ABFF28B10C46B8
S214036AF0A5F800802046BDE8F0870B79013713F030
S214036B00300F02BFCB7843441FFA83F8E2E71446FC
S214036B10F0E72DE9F04186B00D461446984604AAE0
S214036B2005AB03A90646DDF76BFF40B30DB1049B27
S214036B302B6034B3049D03982946FFF762FF2B8826
S214036B40074602467188307800F050FBD8B12979A1
S214036B5011F010030BD0EB782A46CDE900433B46F1
S214036B6071883078FCF78EFC06B0BDE8F0812A46C3
S214036B7020460599CDF80080FFF704FFF4E786204A
S214036B80F2E72046F0E77E20EEE71FB51C4600231B
S214036B90ADF80A20BDF818208DF80400ADF80610ED
S214036BA0ADF80C2069461A4601A800938DF80840F4
S214036BB0FFF7AFFF009804B010BDF0B587B00E46E0
S214036BC005AB04AA03A90446DDF71AFF08B3049D20
S214036BD003982946FFF715FF2B8807460246618868
S214036BE0207800F005FBB0B1297911F0100108D028
S214036BF000963B462A4661882078CFF73BF807B0D5
S214036C00F0BD009101232A4631460598FFF7BAFEE8
S214036C10F5E78620F3E77E20F1E72DE9F041064607
S214036C2000254FF014080779E8B2874201D80024FC
S214036C301AE008FB05F0D6F800C00CEB00043CF89D
S214036C40000081421AD132B1802A10D194F90CC0C7
S214036C50BCF1000F12DAB0F57C4F05D32046FFF7E0
S214036C60CEFE834200D04BB92046BDE8F081402AD1
S214036C7004D194F80CC01CF0400FECD10135D3E7D7
S214036C800121DDF7F9BD08B513460022DDF722FF23
S214036C90003818BF012008BD08B513464022DDF7AB
S214036CA019FF003818BF012008BD08B51346802217
S214036CB0DDF710FF003818BF012008BD08B54022D5
S214036CC00023DDF707FF003818BF012008BD08B50D
S214036CD080220023DDF7FEFE003818BF012008BD22
S214036CE00023DDF7F7BE0021DDF764BF10B50446C9
S214036CF00121DDF75FFF2046BDE8104001F058BED6
S214036D007047F8B516461F469DF81820BDF81C3088
S214036D100546DDF7DFFE78B10421DDF7C9FF04463B
S214036D2050B1284600F012FB3A4631462846A047A3
S214036D30BDE8F84000F0FEBAF8BD2DE9F74F1E4651
S214036D40DDE90C9B074688461446BDF838302AB35F
S214036D50B9F1000F22D00EB392F804A099F80020E0
S214036D60504612F0080F0CBF802240226188DDF7E0
S214036D70B1FE98B10821DDF79BFF054670B150467A
S214036D8000F0E4FA3346224641463846CDE9009BF6
S214036D90A84703B0BDE8F04F00F0CCBA03B0BDE897
S214036DA0F08FF8B5BDF8187016461A463B460446EB
S214036DB0DDF790FEE0B177B90221DDF779FF0546EE
S214036DC0B0B1204600F0C2FA31462046A847BDE8D7
S214036DD0F84000F0AFBA1021DDF76AFF054638B178
S214036DE0204600F0B3FA3A4631462046A847EEE777
S214036DF0F8BD73B5BDF8184016461A462346054631
S214036E00DDF768FEB8B1C4B92021DDF751FF0446AB
S214036E1070B1284600F09AFA099B3146009328463B
S214036E209DF820309DF81C20A047044600F082FA07
S214036E30204602B070BD8624FAE70024F8E72DE961
S214036E40F04186680446007800F080FA002514278F
S214036E503279EBB29A4203D8BDE8F04100F06ABA41
S214036E607B4332682078D15A02EB030800F0C2F95C
S214036E7001214046DDF71CFF034608B120789847FA
S214036E800135E5E72DE9F04F1C4689B09DF84C30F7
S214036E90BDF8488001939DF85030924602932246EF
S214036EA0434607460D46DDF715FE8DF81470064675
S214036EB0ADF816508DF81840ADF81AA0ADF81C8042
S214036EC018B9012009B0BDE8F08F05A9FFF7A2FDA8
S214036ED00028F6D000252F46A8462C4634E00C237F
S214036EE01FFA85F903FB09F931887368B1F57C4FFE
S214036EF033F8092003EB090B1AD333F8090050457E
S214036F002CD3019BA3422DD900F0BCF99BF80200B9
S214036F10DEF77AFB029B43B19BF8043013F0010FB4
S214036F200CBF05200720DEF76FFB0134A4B219E07F
S214036F30ADF81A205946304605AA0393FFF781FD9C
S214036F40039B0028D9D101353289ABB29A42C6D801
S214036F5004EB0800C31B58425841B3E708F1010885
S214036F601FFA88F80137BFB2EDE710B5012488B0E1
S214036F7006949DF83C4005949DF8384004949DF88B
S214036F80344003949DF8304002940B9C0194BDF862
S214036F9028400094DDF7D0FF08B010BD2DE9F04778
S214036FA086B0BDF83880DDF83C909DF840A0CDF85B
S214036FB00080CDE9019A04460D4616461F4600F0AA
S214036FC013F9B8B1431EDBB2012B10D800230122FC
S214036FD0811E48424841CDE90432CDE902A03B4632
S214036FE0324629462046CDE90089FFF7BEFF06B0A4
S214036FF0BDE8F0870120FAE730B50024012587B005
S214037000CDE9044503959DF82C5002950A9DCDE9DC
S2140370100045FFF7AAFF07B030BD30B500240125B1
S21403702087B0CDE9044503959DF828500094CDE933
S21403703001354023FFF799FF07B030BD10B5012493
S21403704086B0CDE90444002403949DF828400294B6
S214037050099C0194BDF820400094FFF786FF06B014
S21403706010BD1FB5089C03949DF81C400294069C13
S214037070019400240094DEF75BF804B010BD70475B
S2140370802DE9F84F0229074688460C9D04D84FF091
S214037090000A5046BDE8F88F1BB10429F7D942F021
S2140370A004023A702BB303247B701B0ABB70DFF712
S2140370B055FB4FF000099DF82830385504F1020AB5
S2140370C001343B550B9A5FFA89F3D45C002CE0D06D
S2140370D0732C10D82E464C2C56F804BB3DD0532C9C
S2140370E015D0622C45D1AC8805F1080600231A4654
S2140370F016E00124DBE7A4F17503032BC7D8763C1F
S2140371002E1D022C52D8DFE804F0565A58006A683F
S21403711005F1080694B2D2B2B2F1FF0318BF0123F9
S2140371200AEB040119448845B1DB50461946002989
S21403713047D153441FFA83FA5CB1BBF1000FA6D0C4
S214037140224607EB0A005946E3F78CF854441FFA25
S21403715084FA354609F10109B4E74FF6FF736A6806
S21403716005F1080694B222469C4214BF022300236C
S214037170D6E76C2C05D1584600F0CCF8841CA4B294
S214037180B4E7732C04D1584600F0BFF8441CF6E766
S214037190A4F13003DAB2092A01D89CB2A6E7A4F117
S2140371A04103062B3FF673AF373CE8E70123002481
S2140371B02A68A346B4E70223F9E70323F7E7042381
S2140371C0F5E700F1010C01393A54C9B2120A1FFA65
S2140371D08CF0ACE70020DEF79FB90022DEF7BCB9DF
S2140371E00023DEF7CFB970470120704701207047B0
S2140371F0012070477047002070470020704700202A
S2140372007047002070470020704700207047704783
S2140372100E207047002070470020704700207047FC
S214037220002070477047FF2070470E207047842069
S2140372307047704770470020704700207047002053
S21403724070470020704700207047002070470020DA
S21403725070470020704770470E2070470020704725
S214037260002070477047002070477047704770478C
S21403727070470E2070477047002070478120704784
S2140372807047704738B50546C0B2DEF7BDF9044609
S214037290280ADEF7B9F914B1002808BF00242046EF
S2140372A038BDF8B50546C0B2DEF7AEF90446C5F3F9
S2140372B00720DEF7A9F90746C5F30740DEF7A4F96A
S2140372C00646280EDEF7A0F924B12FB136B1002802
S2140372D008BF00242046F8BD3C46FBE73446F9E7E2
S2140372E010B4CC18944203DC5DF8044BFFF71FB8C8
S2140372F000205DF8044B70470423FFF7F1BF08B581
S2140373000223FFF7EDFF80B208BD0078FF2808BF11
S2140373100020704708B502220021FFF7F0FF4FF662
S214037320FF73984208BF002008BD003818BF01202D
S214037330400070470020704708B5FFF7A1FCFF2800
S2140373404FF0FF3018BF0020C0B208BD08B5FFF7E6
S214037350F3FFFF280CBF2120002008BDF8B5064622
S2140373600C4615461F4600F011F810B12544AC42F2
S21403737000D1F8BD3946304614F8012BDEF736FA4D
S214037380F5E7014600220220DEF7C0B90120704768
S21403739037B50546DCF74AFC044601950CB981204F
S2140373A01CE0237823B12046DCF748FC0446F5E7C7
S2140373B02B6862685B889A42F5D1A368EA7B99B228
S2140373C072B12A8A9142EED16A7DB2EB134FEAD1AB
S2140373D00020E36801A998478128E4D003B030BDB4
S2140373E04FF6FF72EEE72DE9F84304460F46904644
S2140373F099460BB3012A1FD80C20E2F7A9FF0646CD
S21403740010B91920BDE8F8831020E2F7A1FF18B9D8
S2140374103046E2F7A5FFF4E70123002547EA0847CD
S21403742070600570C0F80C90446087603380304607
S214037430DCF7F4FB2846E5E72120E3E738B5044606
S214037440436808460D469847B4F90830002B02DB1C
S2140374502B78042B06D1002320466360BDE8384012
S214037460DEF756BD38BD30B54FF48A5587B0ADF854
S21403747016200DF116041A46029543B10023012285
S214037480CDE90033234600F01EFA07B030BD019461
S21403749001240094F7E7FFF7EBBEFFF7BBBE00201F
S2140374A0704708B500F014FB20B900F05BFB08B981
S2140374B0DBF752FDFFF7CFFEBDE80840FFF7DBBE64
S2140374C00020DFF78DB90021DFF72ABA0022DFF7A5
S2140374D0E9B91FB5D2880B4612F0200F4FF6FD719F
S2140374E014BF49245224ADF80610510544BF083C86
S2140374F0E4B2110544BF083CE4B2120444BF023CA4
S214037500E4B2032805D8DFE800F0020F161CADF836
S2140375100630BDF80600FFF786FEFF281CBF241AB8
S214037520E4B2204604B010BD02AA0DF10601D8B29B
S21403753000F08CFAEDE7D8B200F052FAADF8060088
S214037540E7E7013CE4B2E4E7F8B5064617460D461E
S21403755081B10C78FF2C0BD00846FFF7D6FEB84255
S21403756028BF3846C4B22246691C701CE2F73CFDAD
S2140375703470F8BD0C46FBE770B5044615460E4658
S21403758011B94170017070BD0B78FF2B05D14B7894
S214037590FF2B02D103704370F5E73046FFF7BAFEC0
S2140375A0A84228BF284685B22A46B11CA01CE2F78B
S2140375B01BFD25702D0A6570E5E7F0B523B9013A82
S2140375C0531C2FD1002020E0042AFBD800231C469E
S2140375D0551E6E1C1AD1042A10D00121D200501E4B
S2140375E001FA00F020421EBF914049420C43184264
S2140375F01EBF4FF0FF3101FA02F213439C421EDC1A
S214037600B4BF4FF0FF30002040B2F0BD40B1465D3E
S214037610EF00BE4034434E5D013DBE403343D8E7E2
S2140376200646F5E78C5C38B90346A34202F1FF32FF
S214037630C6D24FF0FF30E8E7835CA342F5D90120BA
S214037640E3E7283807288CBF0020012070471D2851
S21403765010D004D840B11C2804D0552070471E38DB
S2140376600128FAD81A2901E00B390F298CBF5520B7
S214037670002070470829F9E7002000217047F7B576
S2140376809DF820400546082C104619469DF82460B0
S21403769036D8002213462C44AC4208D106F0FD042B
S2140376A0382C0ED10096FFF7E7FF03B0F0BD14F8B1
S2140376B0017D1B0243EA12631202BA1843F1000368
S2140376C0EAE7392E10D107EE100A07EE902AB4EE39
S2140376D0E77AF1EE10FACCBF77EE677A77EEC77AE1
S2140376E0002117EE900AE0E7824273EB010403D20F
S2140376F0801A61EB0301D8E7101A63EB0101D4E7A4
S21403770000200146D1E738B5C36814461944836898
S21403771053F821501AB12846E2F710FB207028468A
S21403772038BD2DE9F3411C4616460DF107029DF8B8
S2140377302050FFF7E8FF9DF807308046A34288BF36
S2140377408DF807409DF807700DB1E41BE5B22A4695
S21403775000213046E2F7F6FB3A4641467019E2F757
S21403776043FC384602B0BDE8F0812DE9F3411D46DF
S214037770164601AA9DF82040FCF7E5FF019B8046CC
S2140377809D4238BF0195019F04B1EC1B22460021A0
S2140377903046E2F7D7FB3A4641463019E2F724FC77
S2140377A0F8B202B0BDE8F08173B50024154601AA0D
S2140377B01E460194FCF7C7FF019B072B0AD92146F7
S2140377C0CCB216B1C4F10704E4B2425C0131082915
S2140377D02A55F5D1D8B202B070BD1FB5030A8DF88D
S2140377E00E300323009303AB8DF80D0000F0BBF8B7
S2140377F005B05DF804FB1FB58DF80F100421030ACE
S2140378008DF80E30009103AB8DF80D0000F0ABF849
S21403781005B05DF804FBF0B589B016689DF83C50DA
S214037820CDF809608DF811305668BDF83830012D53
S214037830109FBDF84440CDF80D60ADF812308DF8BA
S214037840145014D0032D19D13B68CDF815307B683E
S214037850CDF819309DF848308DF81D301623009367
S214037860BDF84C2002AB00F07EF809B0F0BD8DF8F1
S2140378701540240A0F238DF81640F0E70120F4E79D
S2140378801FB50446084611461A4602238DF80D1006
S2140378900093214603AB00F066F804B010BD10B5A4
S2140378A014461A460B6886B0CDF80D304B68342163
S2140378B0CDF811300A23009303AB8DF8154000F082
S2140378C052F806B010BD2DE9F041B6B014461D4679
S2140378D006460F469DF8F080DFF746FA03AA8DF8B2
S2140378E00C001046330A8DF80F703F0A8DF80E30E1
S2140378F08DF80D602B468DF810708DF8114005EB52
S2140379004405AB4202F102021FD16200D2B2931DBC
S214037910DBB23D99D8336B44073203F8CC8C01EBCA
S2140379204805D3B250FA82F2A94202F1020212D1FA
S21403793003EB4803009006213046BDF8F820DBB27F
S214037940DFF71CFA36B0BDE8F08133F8021B11717D
S214037950090A5171D5E731F8024B02F8024C240AA2
S21403796002F8014CE0E72DE9F0411C4605460E46B9
S21403797017469DF81880DFF7F7F9207043463A4616
S214037980314628460694BDE8F041DFF7F7B90020F4
S21403799070477047D3F7D4BC08B5E9F7BBFC00289B
S2140379A040F6124018BF002008BD70477047704766
S2140379B0704770477047704700207047704770479E
S2140379C0002070477047704702F066BFFEF773B833
S2140379D0FEF756B803F0D7BAF5F7FABC03F0C4BA05
S2140379E0F5F7B4BCF5F71CBDF5F7D6BCFEF735B90D
S2140379F0FEF71BB910B49DF8044001945DF8044BE0
S214037A00FEF70EB8FEF762B8FEF76FB8F1F79EBB47
S214037A10F1F7A2BBEEF70EBFEEF712BFEAF796BD7D
S214037A20FEF7AEB8FEF773B8FDF7BDBEFEF796B821
S214037A30FEF782B830B4BDF808409DF80C50CDE987
S214037A40024530BCFDF7CEBEFDF76CBFF5F75ABE58
S214037A50DFF7E4B9F5F720BF70B49DF80C40BDF826
S214037A6010509DF814600394CDE9045670BCF2F7E9
S214037A7087BB70B49DF80C40BDF810509DF8146099
S214037A800394CDE9045670BCF2F7BABBF2F7A4BC74
S214037A9010B49DF8044001945DF8044BF2F7F4BB70
S214037AA010B49DF8044001945DF8044B01F0BABF8E
S214037AB001F0BABFFDF77BBFFDF78BBFFEF718B922
S214037AC0FDF79CBFEDF7C8B9EEF720B9EEF7F2B8AD
S214037AD0ECF7ECBD02F051BBEDF7A4BB02F0A7BB7D
S214037AE0EDF730BDEDF794B8EEF716B9EEF792B8AA
S214037AF0EEF7AEB8EBF756BCFEF7C4B8FEF75FB8C2
S214037B00FEF772B8FEF77FB800F036BC00F02FBC65
S214037B10F4F718BCF2F764B9F4F7F2BBF4F718BD40
S214037B20F2F72EB9EAF7FEBCF3F7B8BDFFF732BF9C
S214037B30FBF7D6B8FEF701B9FDF72ABFFEF72FB855
S214037B4001F020BDDFF7C8B8EBF714BAEAF7BEBDFD
S214037B5001F0DCBF01F0B3BFEAF70CBEEBF75AB98E
S214037B60EBF784B9EAF77ABDDFF7D2B8DFF7E4B804
S214037B70DFF7BCB8EAF71ABDDFF7C2B8F6F720BDE1
S214037B8001F09BBF01F062BFEAF716BDEBF7DCB965
S214037B90EAF76CBD10B4BDF8044001945DF8044BDD
S214037BA0FDF750BEDFF764B9DFF756B9F6F7A8BAA4
S214037BB0F6F7E0BC03F0FABA03F000BBF6F718BB1F
S214037BC0F6F7F8BC00F06DB900F0ABB900F0D3B926
S214037BD000F0B9BA00F029BB00F092BADFF760BE36
S214037BE000F0F0B900F01DBA00F030B810B51C462E
S214037BF001F0ECFD06F032FA0023C0F340202370B8
S214037C00400010BD002208B50B461146FFF7EEFFF5
S214037C10023818BF012008BD002070477047B1FA2C
S214037C2081F0400970470120704770477047002075
S214037C30704770470020704770470E20704701203A
S214037C4070477047012070470120704714220021B7
S214037C50E2F778B9704770B505460C468AB0252218
S214037C6000210DF10300E2F76DF96B68CDF81D30C6
S214037C70AB68CDF82130234601AC03F1100622464B
S214037C8018685968083303C2B3421446F7D1012370
S214037C906A7B8DF8023012F0040F0CBF4FF480732A
S214037CA04FF4A073110748BF43F48063ADF8003068
S214037CB0930748BFBDF80030684644BF43F0080347
S214037CC0ADF80030F1F764FD0AB070BD30B5427B05
S214037CD00D46D10704468BB007D5407801A9F1F7C6
S214037CE0C1FDD8B12D200BB030BD9307FAD5C2F332
S214037CF0800310074FEA8313ADF8023044BF43F402
S214037D008063ADF80230BDF80220201D0AB10DF1E4
S214037D10020201A902F0DDFD0028E3D001AB03CB8C
S214037D209DF81430A1602373BDF8103060605906C7
S214037D3042BF627B42F0040262735A0542BF627B13
S214037D4042F0080262731B0742BF637B43F00203E1
S214037D5063732B4606AC0AAD224603CAAA421860D2
S214037D605960144603F10803F6D10020BBE7F0B5CB
S214037D7004460D4693B0252200210DF12300E2F7B9
S214037D80E1F8636804F1040CCDF83D30A36809AE4E
S214037D90CDF841302B4605F110073246186859686E
S214037DA0083303C2BB421646F7D105238DF82230AB
S214037DB0637B5B0103F40073ADF820306378FF2B1D
S214037DC01AD1002360461A4601A900F0D9F99DF896
S214037DD00530FF2B0DD1002301A91A46184600F0E3
S214037DE0CFF99DF80530FF2B03D11C26304613B080
S214037DF0F0BD9DF8053063700020617808AA00F096
S214037E00B4FA06460028F1D1607801A900F03EFADC
S214037E102B4603AD2A4618685968083303C2BB428B
S214037E201546F7D1637B6078DB0648BF9DF81C30A8
S214037E3001A944BF63F07F038DF81C3000F03DFAC0
S214037E40D4E710B504468AB02422002101A8E2F73D
S214037E5079F8637B590744BF4022ADF810201A0710
S214037E6042BFBDF8102042F48062ADF81020DB0755
S214037E700FD5607801A9F1F7F5FC10B12D200AB0F3
S214037E8010BD01AB03CB637B606043F00203A160CC
S214037E90637304A9201D02F01EFD0028EED0002007
S214037EA0EDE71FB5694600F066F8002818BF2D20D9
S214037EB005B05DF804FB73B50D4614460646DFF7BA
S214037EC017F96B881A071AD522463146102002F096
S214037ED0E3FC2046DFF70CF96B88D90717D5002398
S214037EE0224601210DF107008DF80730DFF7D2FB9C
S214037EF06B88002B0CBF2120002002B070BDDE066D
S214037F00EAD522460821281DDFF7C4FBE1E79A07D6
S214037F1001D50223E4E75B07EAD50323E0E70F2056
S214037F2070471FB50C46694600F025F81022214617
S214037F306846E2F753FBB0FA80F0400904B010BD80
S214037F40B8B1B1B14388A3B90378013B082B10D865
S214037F50DFE803F00507090B0F0F0F0F0D00DFF720
S214037F609BBADFF7F5BAFFF776BEFFF700BFDFF77A
S214037F7083BC2120704738B50D4609B300B3037898
S214037F80013B082B1AD8DFE803F0050D1013191967
S214037F9019191600DFF7B8FA0446284602F099FEC8
S214037FA0204638BDDFF7F4FAF6E7FFF78FFEF3E770
S214037FB0DFF724FBF0E7DFF769FCEDE72124ECE7C6
S214037FC02124EDE770B586B0064601A80C46154693
S214037FD0FFF73CFE04238DF804301CB1206861686B
S214037FE002AB03C3294601A88DF80560FFF7A8FF77
S214037FF006B070BD70B586B0044601A80D46164699
S214038000FFF724FE0323206861688DF8043002AB73
S2140380108DF8116003C3294601A8FFF791FF06B048
S21403802070BD0022FFF7E6BF30B585B00D46694642
S2140380300446FFF7A0FF20B92A4621466846FFF705
S2140380403AFF05B030BD30B5437B044613F001025A
S2140380500D468BB007D0407801A9F1F703FC70B149
S2140380602D200BB030BD9B07FAD5ADF8022001A931
S2140380700DF10202043002F02CFC0028F0D000219F
S2140380800E22A81CE1F75EFFBDF810302B80039B81
S214038090AB60BDF81230AB819DF81430237301AB8F
S2140380A003CB6060A1600020DBE770B5437B04462A
S2140380B0DB070E468AB003D42D2528460AB070BDCA
S2140380C06946407800F04DF905460028F4D1DDF8FE
S2140380D01D300E226360DDF821300146A360637B0A
S2140380E0B01C43F002036373E1F72CFFBDF80030C6
S2140380F0069A43F004033380059BB2607360DCE7A3
S2140381000B4610B50446102200211846E1F71AFF65
S2140381102278032A09D0042A0DD0022A11D1014657
S2140381202046BDE81040DFF717BC01462046BDE8F1
S2140381301040FFF788BF01462046BDE81040FFF712
S214038140B4BF262010BDF8B5074608460C461646AB
S2140381501D46FFF77BFD04232370637B314643F004
S2140381600103204667706373FFF705FF08B12D20F0
S214038170F8BD29462046FFF7C3FF0028F8D0F6E7E8
S214038180F8B5054608460C461F461646FFF75EFD3D
S2140381900423237025B108222946E018E1F724FFBB
S2140381A0637B43F0020363734EB9324601212846CC
S2140381B000F0E4F8FF28607007D12D20F8BD3146A3
S2140381C02046FFF7D8FE0028F7D1637B43F0010370
S2140381D063730DB90020F1E7002FFBD03946204624
S2140381E0FFF78EFFF6E7F8B50C4607460846164631
S2140381F01D46FFF72BFD03232046394600F8043BB4
S2140382000822E1F7F1FE637B314643F00203204682
S2140382106373FFF7B0FE08B12D20F8BD294620464C
S214038220FFF76EFF0028F8D0F6E7F8B507460846CE
S2140382300C4616461D46FFF709FD03232370637B92
S214038240314643F00103204667706373FFF793FEDE
S21403825008B12D20F8BD29462046FFF751FF002818
S214038260F8D0F6E718B18022012100F087B8FF2086
S2140382707047002307B51A4619460093F3F742F8EA
S214038280B0FA80F0400903B05DF804FB0B4610B566
S21403829019220446FF211846E1F754FE7E2C0146B8
S2140382A08CBF04F5C43004F583304FF01902BDE8E3
S2140382B0104088BFAD30D3F7D9BC7E2888BF00F501
S2140382C0C4304FF0190294BF00F58330AD30D3F7B6
S2140382D0F9BC30B589B00D46FFF7C4FFFF28044646
S2140382E00DD001A9FFF7D2FF2868696801AB03C365
S2140382F0204601A9FFF7E1FF002009B030BD2D207D
S214038300FBE7704770470020704770470F207047A1
S21403831070479DF8000070470F2070470F20704786
S214038320002070470F2070470020704700207047DA
S21403833084B08DE80F00002004B07047002070471B
S214038340704770470020704770470020704770479B
S21403835000207047012070477047002070470120B7
S21403836070470E207047FF2070470E2070470E2080
S21403837070470020704770470E207047FF207047F5
S214038380704770470020704770477047704700205B
S21403839070477047002070470020704700207047E2
S2140383A070477047002070477047002070470020D2
S2140383B0704770470020704710B50024E3B210B929
S2140383C0C3F10303DBB20134042CCA544FEA12226E
S2140383D0F4D110BD10B50B784C788A78C97828B9D3
S2140383E010462246044608461946034642EA01203A
S2140383F043EA042343EA004010BD7047DFF760BB3F
S21403840008B5CEF753FB002814BF8620002008BD0E
S21403841008B5CEF71BFD003818BF012008BD08B508
S214038420CEF7D4FC003818BF012008BD08B5CEF738
S21403843059FD003818BF012008BD08B5DFF720FC3A
S214038440BDE80840DFF7CEBB70B504460D461646BA
S214038450DFF716FC0420DFF7B7FB32462946204633
S214038460FFF7DDFF04460220DFF7AEFB204670BDB4
S21403847008B5DFF705FCBDE80840CEF78BBCDFF791
S21403848037BFDFF717BF08B5DFF714FF20B1BDE826
S21403849008400020E0F74CB8112008BD10B504468C
S2140384A008B1E0F727F92046BDE81040FCF74BBFBC
S2140384B010B50446006A10B1616AFFF7EFFF0020AB
S2140384C0C4E9080010BD38B50546FFF7F1FF2B7E5B
S2140384D00446012B0ED0023B012B0ED8EB69012B71
S2140384E018BF6FF09604282200212846E1F72AFDDC
S2140384F0204638BDEB69002BF2E76FF09604F2E7EF
S21403850018220021E1F71EBD70472DE9F84F984663
S214038510DDE90B490D9B15469A0706460F4623D001
S2140385202A460A9B03EB040A1444A24220D10D9B5D
S2140385309B0705D5A2EB050AD14505EB0A0420D80F
S2140385402046BDE8F88F434639462020B0470AF157
S214038550010ACA450AEB0B02F5D3A9EB04024C4504
S21403856088BF00222A44DCE7A246A5EB040BF0E70B
S21403857002F1010B434639461AF8010DB0475A4635
S214038580D3E74346224639462020B0470AF1010A7C
S214038590D2E72DE9F047DDE90D7616F0020F9DF8D8
S2140385A02880DDE90854DDE90BCE1FD106F001096A
S2140385B04FB1B9F1000F06D0B8F1000F02D116F093
S2140385C00C0F00D0013F4FF0300A04E0202C04D0FB
S2140385D005F804A001347445F8D3B9F1000F05D0AB
S2140385E04FF03009A74201D9202C2DD116F0100FD9
S2140385F01FD016F4806F2CD15CB3744501D0BC42F7
S21403860027D1B4F1010E23D0BCF1100F46D1023CA2
S21403861016F0200F28D1202C28D04FF0780C05F820
S21403862004C00134202C21D04FF0300C05F804C0D0
S2140386300134202C1AD0B8F1000F23D04FF02D0CA4
S21403864005F804C0013412E005F804900134C9E7C4
S2140386507446BCF1100FDBD0BCF1020FE2D1202C24
S21403866004D04FF0620CDAE7202C08D12024CDE9A1
S2140386700A76CDE90854BDE8F047FFF746BF4FF04A
S214038680580CCCE716F0040F02D04FF02B0CD7E7AC
S21403869016F0080FEBD04FF0200CD1E7BCF1020F19
S2140386A07446C1D1DDE72DE9F04391B0189D1A9EBB
S2140386B01D9F0DB927F010077C0500D515B317F0DD
S2140386C0200F14BF4FF0410E4FF0610EAC4600254D
S2140386D00DF12008AEF10A0EBCFBF6F906FB19C92C
S2140386E05FFA89F4B9F1090F94BF30347444E4B2E5
S2140386F0B44508F8014B05F10105BCFBF6F401D3BC
S214038700202D10D11C9C069705941B9CCDE9036471
S2140387109DF86440CDE9015408AC0094FFF739FF97
S21403872011B0BDE8F083A446D6E72DE9F04F95B027
S214038730269ECDE90A23DDE91E74DDE9229B57EA6E
S214038740040308BF26F010067205CDE9080102D51A
S21403875057EA040337D016F0200F14BF41236123D2
S21403876000250DF1300AA3F10A0821464A465B4666
S2140387703846E1F77BF8D2B2092A94BF3032424436
S2140387804F45D2B274EB0B0405F101050AF8012B31
S21403879001D3202D14D1259B06960593249BDDE952
S2140387A00801CDE903939DF88030CDE901530CAB66
S2140387B00093DDE90A23FFF7ECFE15B0BDE8F08F62
S2140387C007460C46D1E70025E5E708B100F014B8E4
S2140387D0704710B1D1E900311847704738B5441EC9
S2140387E014F8015F25B90A2000F006F8284638BDBC
S2140387F0284600F001F8F3E701460020FCF776BBB5
S21403880070477047E9F7A2BA704708B5FCF73FFB15
S214038810CEF74CF9BDE80840D0F75CBA704708B508
S214038820CEF78CFCFBF775F8BDE80840DFF728BAEF
S21403883008B5FBF7FBFEDFF791FFFBF7D5FDE0F787
S2140388402FFBE0F71BFBE0F79DFABDE80840D3F7E4
S214038850E7B908B5D1F7FEF9FBF7B5FDD1F706FA88
S214038860FBF7B3FDD5F7EEFBD5F794FCD5F79CFDE8
S214038870BDE80840D5F7BABC70477047E0F7A8BA1A
S21403888008B5FCF74FFFBDE80840FCF773BF704719
S21403889007B500220346114601200092D4F74CFD8B
S2140388A003B05DF804FB07B500920B46027D818991
S2140388B08068FDF74CFD003818BF0120C00103B0E7
S2140388C05DF804FB08B50020DBF744FE0020DDF767
S2140388D0D5FB0020D6F710F90020D6F7FDFB0020C5
S2140388E0D7F726F90020D9F755FC0020DAF7C0F9A8
S2140388F00020DAF7B5FFBDE808400020DBF7A0B894
S21403890008B50120FDF73AFABDE808400120D6F77E
S214038910E3BB08B50220DBF711FF0220DBF7AAF85A
S2140389200220DDF7B9FE0220FFF7ABFD0220FDF7BC
S21403893090FC0220DAF79CF9BDE808400220DBF73A
S2140389409DBB7047FDF7A5BF7047704770477047DC
S214038950704770477047704710B50446DBF7A8FAB0
S2140389602046D7F7F7FB2046D8F74AFB2046BDE854
S2140389701040FDF7A1BCFDF7BCBCFDF7C6BCDAF79B
S21403898079BF7047704770477047704770477047A6
S21403899070477047704705F027BB70477047DBF793
S2140389A003B8704770477047704770477047704703
S2140389B07047FEF744BCFEF748BC7047002070477C
S2140389C0FEF745BCFEF74FBC7047431E012B03D989
S2140389D0031F5842584170470120704700F021BCDE
S2140389E04FF4D0720021E1F7ADBA70B50446E3F751
S2140389F081FB0546A8B9A169F1B1238AD3B1204604
S214038A0004F11002E3F724FA38BBE16919B3638A69
S214038A10A3B1204604F1120200F0CAFA78B1054663
S214038A2003E00023A3612361E36100232846636117
S214038A30236270BDA061E8E72082E6E7E361216A6E
S214038A400029F2D0A28A002AEFD02046E38ABDE8A6
S214038A50704000F06FBA6182F1E76582E561DEE798
S214038A6011B9D0F8DC1021B1CB6813B18B68D88963
S214038A7070474FF6FF707047E2F720BC10B50C4600
S214038A801146E2F741FCE3F76FFE012801D100200F
S214038A9010BD002CF7D10520FAE700F0CFB900F09F
S214038AA0E3B970B500232425D0F8DC00C4689C42E3
S214038AB001D1212070BD826805FB0322D6898E4230
S214038AC002D8128A8A4201D20133F0E70020F1E786
S214038AD0F8B506460D46E1F78DFED8B94FF6FF7397
S214038AE04FF0240CEF68C1B28F4208D81C462146CB
S214038AF03046E2F735F800F09AFB2046F8BDAA6840
S214038B000CFB0122D4899C4202D2002CEFD02346D0
S214038B100130E8E70024F0E7C08D70470A7838B5DF
S214038B2005461046FFF751FF60B14C782046FFF725
S214038B304CFF38B12243530704D42846BDE83840D7
S214038B40E2F72EBE212038BD10B504460878FFF79D
S214038B503CFF58B14A781046FFF737FF30B1042A76
S214038B6004D02046BDE81040E2F738BE212010BDF1
S214038B7000F0E8B8E3F79AB9084600F008BBE2F756
S214038B80D9BC38B504460D4600F08EF850B12946D8
S214038B902046E1F7E5FF30B929462046BDE83840D0
S214038BA0E2F790BC0E2038BD70B516460C4605F0AD
S214038BB078F8314605462046E5F772FE0446284611
S214038BC005F06AF8204670BD00F032B970B5044669
S214038BD000200E4600F027FBD4F8F0503DB10023EA
S214038BE031462046AC46BDE870401A4660472B46E1
S214038BF0012231462046E2F7FDFE284670BD38B511
S214038C00044648880D4600F00EFBD4F8F0302BB926
S214038C1029462046BDE83840E2F7FABD022038BDB3
S214038C2000F003BB00F03CB9E2F71ABBE4F712BE50
S214038C3070B5BDF81060054606B16BB133442846DF
S214038C409BB200F077F9044620B91EB13146284698
S214038C5000F0ABF9204670BD2124FBE7E4F780B9AA
S214038C60C0F8EC1000207047E3F70CB800F05EB9CC
S214038C7010B4BDF8044001945DF8044B00F09FB8AF
S214038C800B4610B514461846A1689288E1F7EAFA2F
S214038C90E168034631B1A0886288121A92B218447A
S214038CA0E1F7E0FA002010BD0346408A18B1188A9F
S214038CB0003818BF012070470846E4F7D7BE00F017
S214038CC0ECBA00F0EABAE5F7E3B8084708B5E2F706
S214038CD00FFBC0B208BD022A01D800F0E2B921207A
S214038CE07047022A01D800F0EDB921207047022A06
S214038CF001D800F0F9B921207047E3F723BE0846F0
S214038D00E3F73EBE00F018BA002070470020704715
S214038D107047D0F8943003F06003402B0DD0602BDF
S214038D2003D0203B58425841704749B10B68012B8A
S214038D3006D9486940F00100704740F201107047B9
S214038D4000207047F7B504461046D4E954C7DDE95A
S214038D5008268CEA020587EA06010540194085EADB
S214038D600C057940C4E95451002523F4004106EA72
S214038D70010320F0010043F40073024043F00203B2
S214038D80CDE90055E6F756FC94F824309A0713D538
S214038D90D4F854319B050FD54FF48811204600F0C4
S214038DA058FB94F82430024665F3410384F82430D4
S214038DB020460B46E2F770FA002003B0F0BDF0B58C
S214038DC087B01C461746BDF830601AB90024204603
S214038DD007B0F0BD002BF9D00029F7D001AAE4F7BD
S214038DE0BFF80028F2D0BDF80630A2199A42BDF8A3
S214038DF00850C4BF9B1B9CB2B54212D90399AD1B46
S214038E00ADB23144A5420391ADF808500DD22A46BF
S214038E103846E1F727FA0499621B7819E1F722FA34
S214038E20D5E70499761B3144049122463846F5E784
S214038E300846E5F7D5BC0220E5F720B808B5D0F814
S214038E40E4304BB11A68022A06D993F825204AB1B2
S214038E50186AB0FBF2F008BD4FF446624C210020BE
S214038E60E1F7E0FE0020F6E7D0F8E42008B57AB193
S214038E701368022B0CD9536A13F47F4FC3F30721ED
S214038E8006D0126ADBB253438B42B3FBF1F006D231
S214038E90002040F67F424C21E1F7C4FE002008BDC7
S214038EA00346D0F830010860B3F8343100208B80D5
S214038EB0704790F830310C2B14BF90F82B00FF202E
S214038EC0704738B50C464FF400610546E7F756FC85
S214038ED070B17CB195F81E3173B94FF480724FF4BC
S214038EE080712846E7F736FC003818BF012038BDE6
S214038EF02202F4E72246F2E70020F8E74FF48071F7
S214038F00E7F73CBC08B54A024FF40071E7F722FCCA
S214038F10002008BD08B58A024FF48061E7F71AFC03
S214038F20002008BD4FF40071E7F728BC0623002095
S214038F308B717047B2F5805FF8B50F460646154647
S214038F4019462ED89A422CD33F2A26D9B2FA82F44F
S214038F500122C4F11F03DBB29A4092B2AA422CBF8D
S214038F60C4F11904C4F11A04E2B20124931DDBB25E
S214038F709C40A4B2AC4212D096F8F5309BB90120BF
S214038F8096F8243060F3C71386F824303846E3F7A0
S214038F90FBFD00203762B582F8BD0022ECE7002017
S214038FA0EEE72120F8E70E20F6E70846E3F70CBEC7
S214038FB070B505460E46144602B313883F2B1DD9DB
S214038FC0B3FA83F3C3F11901C9B2062901D8192BE1
S214038FD012D0062928BF062101238A1DD2B2934048
S214038FE030462380E3F7F8FD23882846EE616B823C
S214038FF0E3F77CFE002070BD0021EDE72120FAE7B1
S21403900010B5144608460121E5F7C0FA2046BDE828
S21403901010400121E5F7BABAF8B504460E461746DE
S21403902004F03FFE3A46054631462046E5F76CFD1A
S2140390300446284604F030FE2046F8BD022070475A
S21403904003207047E4F712BF10B50023E3F792F945
S214039050044608B9E6F70CFD204610BD704770B508
S21403906005460E46144600F0E3F831462846FFF759
S2140390702FFD00F0DDF8230704D50B2C9CBF24F04E
S2140390800804A4B221462846E2F738F900224FF432
S21403909000312846E7F75EFB002070BD8021E7F726
S2140390A06DBB7FB5531C05AAADF8141002920221BE
S2140390B00022DBB2CDE900211146E7F769FB07B0D2
S2140390C05DF804FB7FB5531C05AAADF81410029295
S2140390D004210222DBB2CDE9002100220121E7F7B9
S2140390E057FB07B05DF804FB1FB5531C0291002223
S2140390F00821CDE900210122DBB21146E7F748FB40
S21403910005B05DF804FB07B591F82830009391F895
S2140391102B3091F8292091F82A10E3F7D9FB03B0F6
S2140391205DF804FB10B50446E2F7E2F80146204674
S214039130BDE81040E2F7E2B8002914BF2120002062
S214039140704738B5054610460C46E3F747FCD5B1DD
S214039150D5F8E030BBB15B69ABB1421ED2B2FD2A93
S21403916013D90A68013204BF6FF001020A600A6865
S214039170FF281A6007D16268013202D16FF001023C
S214039180626062685A60002038BD0128F2E738B58D
S2140391900546E5F7E1FC04460021A878E3F786FCDC
S2140391A0204638BD2DE9F74F01251C469DF8303083
S2140391B0064601930368174603F0070306339D40EC
S2140391C005F1FF380B46A1B1416804EA080BA5EB8D
S2140391D00B0A41F00059524509EB0B0114D95246CC
S2140391E01846E1F73FF849467A1B5A445044E1F7DC
S2140391F039F8019B2BB13C4448EA050804EA080405
S214039200F46003B0BDE8F08F1846F0E737B50025E5
S21403921014460095FFF7C6FF204603B030BDE3F7BC
S21403922059BA0020704700207047002070477047E7
S214039230704730B549000446056812B102291FD9A4
S2140392400339C90395B9E1B1B1FA81F3C3F1200338
S214039250C3F10F00012838BF012003F01F03D940D4
S214039260A94201D901384908216030BDB5FA85F312
S21403927039B1B1FA81F29B1A002BE9DC0F20EFE734
S21403928000210F20F0E7012805D9023818BF4FF058
S214039290FF30C0B270470120704708B5E4F740FFBF
S2140392A0BDE80840E4F764BF38B50446FFF7F5FFAA
S2140392B00546FFF7F2FF431BA342FAD338BD38B582
S2140392C00D460446E4F72CFF35B1844200D9013934
S2140392D0204601F0030138BD844238BF0131F7E769
S2140392E008B50121FFF7EBFFBDE80840E4F740BFF0
S2140392F00B0C23F48053B3F5284FF7B50D468FB206
S214039300064699B216D04AF60103994214D04AF695
S2140393100203994212D0B1F5204F14BF042403244C
S214039320D6F8E0300BB1196851B9D6F8DC3093B9EA
S21403933028680EE00024F3E70124F1E70224EFE7B0
S214039340234668463A46E4F76FFFDDE90003002B41
S214039350EBD103B0F0BD19680029E9D0234668466F
S2140393603A46E4F761FFDDE90003002BE0D1F0E7BE
S21403937002F070BD0204C0F3891307D56FEA835366
S2140393806FEA935313F5007F18B206D0A3F1C80013
S2140393906FF4FF739842B8BF184670474FF03843D0
S2140393A059699A6903F500530A405A6170470E20BB
S2140393B07047E6F751BDE6F74FBDE6F74DBDE6F756
S2140393C04BBD08B50846E7F76DF908BDE6F744BD9B
S2140393D00220704702207047002070470120704724
S2140393E0002070470E20704700207047E3F7BCB993
S2140393F0084611460122FFF741BB70B505460C46E9
S21403940011461A46E7F700FA06682B462046B44686
S214039410BDE87040604710B5E7F7F6F9BDE81040C1
S21403942083681847FFF710BEE3F7C6B8FFF7A9BB74
S214039430E2F7D0BD70B504460D4616464FF48811C4
S21403944000F01CF8324629462046BDE87040E3F794
S214039450E5BA38B505460C4604F023FCD5F890303B
S2140394601C40D5F88C302343C5F88C3004F014FC2C
S214039470211E18BF01210020490238BD38B5044615
S2140394800D4604F00EFCD4F890301D40D4F88C3012
S21403949023EA0505C4F88C5004F0FEFB284638BDC5
S2140394A038B504460D464FF48811FFF7E7FF294603
S2140394B02046BDE83840E3F7D9BA73B50D780646BB
S2140394C00C4635B304238DF804302379304601A9BE
S2140394D08DF80530FFF738FB0546B8B92278A3792F
S2140394E052BB8DF80430E379304601A98DF8053078
S2140394F0FFF714FB054648B923783BB1618830462D
S214039500E2F786FB01213046FFF7DBFC284602B074
S21403951070BD2946FFF7D5FC29463046FFF7F2FC17
S21403952029463046FFF7F6FC2378002BCAD1237969
S2140395308DF804306379C9E702228DF80420D3E757
S214039540FFF7E0BCFFF7EEBC0020704710B50446FB
S214039550E7F7F4F921460020E8F752F8BDE8104093
S214039560002000F03EB970470120704708B5E8F7C1
S21403957075FE80F00100C0B208BD4FF0FF30FFF764
S2140395809EBB70470020704710B50C4604F0A4F845
S214039590048010BD38B50C46154604F09DF80388C4
S2140395A01DB11C43A1B2018038BD23EA040189B270
S2140395B0F9E708B504F090F8008808BD08B504F08C
S2140395C08BF8C07808BD08B504F086F8008800F06C
S2140395D00C0008BD08B504F07FF8008800F00C0006
S2140395E0031F5842584108BD38B5054604F074F8C1
S2140395F004462846FFF7EEFF30B904F1100004F0E6
S2140396002DFD00F4406038BD4FF40060FBE738B52D
S214039610054604F061F804462846FFF7DBFF0146DB
S21403962048B910342046042203F096FF2044BDE8D0
S214039630384004F013BDA08838BD10B50C4604F0BE
S2140396404BF8848010BD38B5054604F045F804464B
S2140396502846FFF7BFFF014608B1201D38BD10346A
S2140396600422204603F078FF2044F7E738B5054682
S21403967004F032F804462846FFF7ACFF30B904F18D
S214039680100004F0EBFC00F4404038BD4FF40060DB
S214039690FBE738B5054604F01FF804462846FFF7EF
S2140396A099FF014648B910342046062203F054FFBA
S2140396B02044BDE8384004F0D1BCA08838BD38B596
S2140396C0054604F009F804462846FFF783FF0146DB
S2140396D008B1201D38BD10340622204603F03CFF97
S2140396E02044F7E708B503F0F7FF007A08BD08B58E
S2140396F003F0F2FF90F9090008BD08B503F0ECFF8C
S214039700807A08BD08B503F0E7FFC06808BD10B54A
S2140397100C4603F0E1FF047210BD10B50C4603F0CF
S214039720DBFF447210BD10B50C4603F0D5FFC460D2
S21403973010BD2DE9F8430F468046002107F11000BF
S2140397401646994604F03CF80446D0B103F0C4FF2D
S2140397500546204603F0DCFF002102462846E0F7D4
S214039760F1FB00232046AB7049F00401FFF70CFF22
S214039770A5F804802EB13A46314605F11000E0F70D
S21403978071FD2046BDE8F883F8B505460F46102060
S214039790002104F015F80446B0B103F09DFF064619
S2140397A0204603F0B5FF002102463046E0F7CAFB29
S2140397B0002339462046B370FFF7E6FE25B12A4656
S2140397C00121204603F0D4FF2046F8BD08B503F078
S2140397D083FF103008BD08B503F09AFF1038C0B2F7
S2140397E008BD0020E7F734BE08B5E8F78FF8002079
S2140397F008BD4088C0F30C000330800840000430E6
S214039800704770B50E4605461146304603F0D8FF3E
S214039810044635B128B103F05FFF32462946E0F728
S214039820E3FB204670BD0088B0FA80F0400970471D
S21403983038B505880022044604F07AFC05B1258075
S21403984038BDF8B507460D4600880021164603F0D6
S2140398507BFFB042044605D129463846BDE8F840AA
S214039860FFF7E6BF0021204603F06EFFB04205D0A7
S2140398702046002103F068FF0446F3E72A46204605
S214039880002103F075FF32462846BDE8F840002164
S21403989003F06EBF38B5044638B1002104F042FC2D
S2140398A0002301465D1C09B998B238BD204604F072
S2140398B05DFC2B460146F5E7F8B5058807467DB1FE
S2140398C0CCB22146284603F03FFF8542064609D11F
S2140398D000233B8000222146304603F049FF3546ED
S2140398E02846F8BD214603F02FFF214602462846A8
S2140398F003F03EFFEEE72DE9F047078882468846E9
S21403990014465FB3384603F003FF3D460646E4B20B
S2140399102146284603F018FF4045814616D12146C6
S21403992003F012FF21460246284603F021FF47456F
S21403993004D1454508BF0025AAF800500022214659
S214039940404603F015FF3046BDE8F0878742FAD05D
S21403995003F0DEFE30444D4686B2D9E73E46F2E7D4
S21403996000220123C0E900237047F8B50446012707
S214039970002604F0A3F923683BB904F09AF9002201
S2140399806368012B0ED16360F8BD1D691F612660F5
S21403999004F08FF9012DF2D02B462D691E61012D9F
S2140399A0FAD1E6E719691A610B46EAE7036823B9B1
S2140399B04068012803D0E8F7F1BC002070474FF059
S2140399C0FF307047F8B5054604F063FA01230646F0
S2140399D00027A8602B7304F071F92B6802467BB14D
S2140399E01C692169A1420CBF2F60196127611046CB
S2140399F004F05FF9012C08D0204663689847EAE72D
S214039A006C68012C04D104F054F900232B73F8BDC1
S214039A106169711AB1F1004FF5D821696960236154
S214039A20E5E7704702207047022070470020704722
S214039A300144884201D10120704710F8013B93424C
S214039A40F7D0002070470821FDF7A6BF70B5014682
S214039A50064692B00020E7F79DF9044670B9FDF775
S214039A6096FF054601466A462046E7F7E7FC6A4640
S214039A70294620468DF80260E7F796FF204612B087
S214039A8070BD00B593B0FDF782FF6A46014600201D
S214039A90E7F7D4FC9DF9020013B05DF804FB00B5AC
S214039AA093B0FDF774FF6A4601460020E7F7C6FC4D
S214039AB09DF8000013B05DF804FBE7F783BC0120B4
S214039AC070477FB54FF6FF7101AAE8F743FF20B151
S214039AD0BDF80C0007B05DF804FB4FF6FF70F9E71E
S214039AE008B504F082FB003818BF012008BD08B58E
S214039AF01046EAF703F8BDE80840EAF7BDB8704732
S214039B00704770477047704770477047002100B52D
S214039B1093B06A460846E7F791FCBDF8060013B013
S214039B205DF804FB002110B592B004466A46084669
S214039B30E7F784FC00216A460846ADF80640E7F7D7
S214039B4033FF12B010BD002100B593B06A46084635
S214039B50E7F774FCBDF8040013B05DF804FB0021BE
S214039B6010B592B004466A460846E7F767FC00213C
S214039B706A460846ADF80440E7F716FF12B010BD74
S214039B80704773B50646E9F70BFA04463046ECF71A
S214039B9089F92246034600213046F7F7A3FF054618
S214039BA0D0B1FFF713FE0446284603F095FD0023C5
S214039BB0E21D121A294608200093D2B2FBF791FE43
S214039BC00138C0B2012807D801222946304602B020
S214039BD0BDE87040E9F71ABA02B070BD134610B577
S214039BE00A4600210446F7F757FF014628B12046E8
S214039BF0BDE810400222E9F709BA012010BD07B5F7
S214039C00009313460A460021F7F7C0FE28B1002149
S214039C1003B05DF804EBF5F76BBC012003B05DF809
S214039C2004FB2DE9F04F87B00C4691460746FFF735
S214039C30CAFC0546661C304604F010FA042D40F0B4
S214039C4090803846FFF7C2FD0378092203F003032A
S214039C50012B14BF0223032301212046039303F0A1
S214039C607BFC092200210546204603F075FC21787B
S214039C708DF8170001390022204689B2FFF7C1FD8F
S214039C8004EB09088346F0B14FF0010A2A46014661
S214039C90CDF800A003980DF11703FBF722FE022868
S214039CA0054626D1584603F033FD00222070C0B285
S214039CB0431E00929BB252465946304604F0CFFAF2
S214039CC02378534423703846FFF773FC020424D4E6
S214039CD098F8013021789B071FD50139A1EB0901BC
S214039CE03A464046C9B2EDF7F9FE23781844207089
S214039CF013E020B92070284607B0BDE8F08F03288C
S214039D0009D1404604F0AAF920F4007189B240460E
S214039D1004F0A6F9D7E70428D5D10125002220466A
S214039D202178FFF76EFD07460028E4D04FF00008C1
S214039D300146434601224046CDF80080FBF7D1FD9D
S214039D40022819D1384603F0E3FCC2B2013A207068
S214039D5093B2394601223046CDF8008004F07FFAEC
S214039D60C9E780F0800520F0800081B23046C5F355
S214039D70C01504F075F9D1E70028BCD12070BAE706
S214039D8008B50020FFF7F2FB80F00100C0B208BD63
S214039D900A4608B501460020E9F738F9B0FA80F01C
S214039DA0400908BD0020E7F733BF00210846E7F760
S214039DB0D7BB0020FFF7D8BB70B5044604F04EF9B6
S214039DC0042200210646204603F0C6FB204404F086
S214039DD045F9032205460021204603F0BDFB204437
S214039DE004F03CF94FF6FF730540ADB29D4214D123
S214039DF0F30712D506220021204603F0ADFB2044CC
S214039E0004F02CF90446E9F773F9844214BF0224DC
S214039E100624E9F767F9204070BD2046FBF77AFF72
S214039E20C400E4B2F5E708B5FFF7C6FF003818BF6D
S214039E30012008BD0120704710B50446FEF7B5FAA9
S214039E4008B9FEF7B4FA03050FD40C231B2B01D174
S214039E50002009E020FA03F1C90703F1010206D541
S214039E60DBB2E31A5842584110BD0B23F9E71346F9
S214039E70ECE710B50C46098819B90846F7F7ECFD68
S214039E802080012010BD08B510461A4600F0B8FA27
S214039E90BDE8084004F080B870B504460D46164683
S214039EA092B06A46E7F7CAFA6A46294620468DF80C
S214039EB01F60E7F779FD12B070BD10B50C46E9F7E1
S214039EC0F3FC2046BDE81040E9F704BC0129F8B5C9
S214039ED005460C461DD003291ED0052920D0072988
S214039EE022D00026002400270120E7F7EBF93044B0
S214039EF085421DDA0320E7F7E5F92044854219DA9F
S214039F000520E7F7DFF938448542B4BF072005206C
S214039F10F8BD6FF00406E5E76FF004040526E2E7F4
S214039F2000266FF00407DFE7002405272646DBE755
S214039F300120EDE70320EBE738B50546002420466D
S214039F40E7F7C0F90134A842E4B202D9062CF6D1E9
S214039F500724204638BD38B14379490023F00C0363
S214039F6001F00C010B434371704710B5044678B1FA
S214039F7041794088490801F006010131000AFFF7DC
S214039F80A5FF024601462046FFF7E5FF104610BD33
S214039F900722FBE738B50D46E9F774FC044608B913
S214039FA0002038BDFFF7E1FF002DFAD1237913F027
S214039FB00703F5D0984238BF1846C0B2F1E70379D5
S214039FC023F00703194301717047037903F00F0366
S214039FD043EA0113037170470022E9F7F7BF002134
S214039FE0012208B5E9F7F2FF401A18BF012008BDA1
S214039FF038B51546FFF7F0FF0446284604F00BF97C
S21403A00084B1FF2804D0626822FA00F3DB0701D587
S21403A010012038BD0123834013436360E378013393
S21403A020E370F5E72046F4E7EAF73ABA10B503F02B
S21403A03053FB00F11004204604F010F820F40071DE
S21403A04089B22046BDE8104004F00AB82DE9FF4166
S21403A0501546019101218DF80D301B0A8DF80E303F
S21403A0609DF82C308DF80C008DF80F30284604230D
S21403A070009103AA9DF828809DF830709DF83460FF
S21403A08001F0D8FC044670B12946FFF7D6FAB8F1BA
S21403A090000F02D12046FFF7C9FF2FB146B931465C
S21403A0A02046F5F725FA0024204604B0BDE8F081E3
S21403A0B0002220461146EAF779F9F4E74FF47A705E
S21403A0C0EAF7CEBAF0B5064687B010461C460F46EA
S21403A0D01546FFF77BFB9DF83030184443789CB158
S21403A0E06178012211F0020F0CBF0321002100202A
S21403A0F0CDE90142CDE903100722394630460095E3
S21403A100EAF74AFB07B0F0BD22462146EFE708B55B
S21403A110E8F758F9BDE808400020EAF779BD00B52E
S21403A1208BB06846EAF778FA009BBDF8060004A9E8
S21403A1300693EAF717FA0BB05DF804FB1FB504465F
S21403A1406846EAF769FA02AB03CB2060616004B0A5
S21403A15010BD1FB5062304468DF80C30EAF7E8FE5B
S21403A16000238DF80D00CDE900330121022320469C
S21403A17003AA01F05FFC04B010BD70B50C4605469B
S21403A1800120EBF7C9FD237B4BB1FFF7BFFC01466C
S21403A19023462A46BDE870400120EBF777B94FF611
S21403A1A0FE71F5E7F8B50E460746FFF70FFB0546C3
S21403A1B003F054FF00F44040B0F5404F14BF0022B4
S21403A1C0062202F10A03EB5C0B325C0004F00E0479
S21403A1D05B08144403F0380338461C44FFF7FBFAC5
S21403A1E0844208D2001BC2B20F2A28BF0F22304671
S21403A1F02919E0F737F82046F8BD40F62740ECF774
S21403A200BDBC13B5F5F716FC6946044600F0E1FF3E
S21403A21058B1FFF77BFC40B1E8F7C8F928B1002333
S21403A220022269462046F2F7C5FF02B010BDFF22A0
S21403A2304FF6FF71ECF7EEBE07B500210DF10700F0
S21403A240EDF776F89DF8070003B05DF804FB13B549
S21403A250044601A90020EDF76BF8019A0146204653
S21403A260EDF77CF8204602B010BDF0B50F4600218E
S21403A27087B0044608461646EDF75AF80123054606
S21403A2800DF10A008DF808408DF80930FFF756FFE8
S21403A290092C1DD131460DF1120003F0E1FE05AB8A
S21403A2A0002102AA9B1A2846CDE90011DBB26421DD
S21403A2B001F0C0FB0546E0B1092C15D1EDF798F87F
S21403A2C0044688B12846EDF7A7F8204607B0F0BD48
S21403A2D031460DF113008DF812704FF6FF7503F03B
S21403A2E0BFFE0DF11503DBE7284600F02EF8044603
S21403A2F0EBE70446E9E77FB50D461646ADF80E00D4
S21403A30003F006FA841BE4B2BDF80E20631B9BB26F
S21403A310104629460093731901F0C0FA21460DF141
S21403A3200E0001F093FA04B070BD38B504460D462E
S21403A33003F08EFF40B1AC4206D0204603F0ECFBA0
S21403A340BDE8384000F0DBBF38BD10B50446FFF764
S21403A3503DFA023003F082FE4FF6F773984220462A
S21403A36003D9BDE81040EDF7D9B9EDF723FAB0FAF3
S21403A37080F0400910BD0022EDF7F4B870B505462D
S21403A380FFF724FA0646284601F078FB01462846DE
S21403A390F8F714F804462846FFF739F94FF6F7732B
S21403A3A0984208D8337803F00303012B05D1A31E84
S21403A3B05842584170BD0120FCE70020FAE741F2FD
S21403A3C0033330B585B00D46ADF808300446FFF7C5
S21403A3D09DFB8DF80A00FFF799FB0021000A8DF814
S21403A3E00B0005232046CDE9001102AA8DF80C5078
S21403A3F001F020FB10B12146FFF7BDFF05B030BDCD
S21403A4002DE9F041044617460D46E1B13F294FF0CA
S21403A410000600D135462046FFF7D5F8082814D1A4
S21403A4200121204603F090F9064603F071F904462D
S21403A430304603F051F93B4601462A46E0B2BDE8F2
S21403A440F041FDF75BBB0126E5E72046FFF7BBF8C7
S21403A450024630B9BDE8F0414FF6FF71012003F024
S21403A460C6BD2046FFF7C0F8B0F5006F0ED12046F4
S21403A470FFF7CDF84FF6FF739842014617D0002D2D
S21403A4800CBF03200520002203F0B1FD2946204619
S21403A490EAF744F868B929462046EEF71FFE40B9A6
S21403A4A0324629462046BDE8F041EDF73FBC012081
S21403A4B0E9E7BDE8F08137B54FF6F675FDF76AFABA
S21403A4C0431E9BB2AB420446F8D8E9F7DBF90028F3
S21403A4D0F4D169462046E8F7C9FC0028EED02046AA
S21403A4E000F0DCFF0028E9D12046FFF778FD0028BE
S21403A4F0E4D12046EEF766FE0028DFD1204603F0BF
S21403A500A7FE0028DAD12046FDF75AFA0028D5D14F
S21403A510204603B030BD73B504460E46EEF752FE32
S21403A520054688B92046EEF7A7FE21462B460D22A0
S21403A5304FF6FD70009500F056F83146204602B0FF
S21403A540BDE87040EEF75ABE02B070BD37B505469B
S21403A55014460C2914D8DFE801F02C132C1313131C
S21403A56007131313132424006946E8F77FFC18B96E
S21403A57001216846F3F700FA41202946F8F7C4FBA1
S21403A580D4B12046FFF722F9023003F067FD4FF6F9
S21403A590F773984210D9204603B0BDE83040EDF774
S21403A5A0D5BA40F6144040F613430B2908BF1846A5
S21403A5B0E3E7F6F7CBFDE3E703B030BD1FB503468D
S21403A5C0084603218DF80D308DF80C100123002169
S21403A5D0ADF80E20CDE9003103AA042301F02AFAD0
S21403A5E005B05DF804FB2DE9F34106460F46144615
S21403A5F01D469DF82080FFF789FAB04207D1002256
S21403A6002146384602B0BDE8F041FFF79FBF3A4601
S21403A61031462046FFF7D2FFADF8060060B10D2C99
S21403A62005D100224FF6FF71282003F0E0FC35B970
S21403A630BDF80600FFF789FE02B0BDE8F0810123EE
S21403A640424629460DF10600E7F710FEBDF8063030
S21403A650002BEDD1F0E7F7B50C460546FFF7B6F845
S21403A660611C06462846F7F7A9FEA11C074628469E
S21403A67001F027F9014604463846FDF7D7F90D2FB2
S21403A68034D12046EEF79EFD78B1301D03F0E6FC8C
S21403A69004462846F679FEF7FCFF31460246204676
S21403A6A003B0BDE8F040FFF7A3BCB01C03F0D6FC34
S21403A6B04FF6F773984202D92846EDF747FA204635
S21403A6C0EEF7DAFDFFF722FAA04205D1002003B029
S21403A6D0BDE8F040EEF714BE6B46B068F16803C3FE
S21403A6E069462046EEF78AFD03B0F0BD2A46394692
S21403A6F0204603B0BDE8F040FFF728BF1422002130
S21403A700DFF720BC2DE9F04F11F00F0704460E4685
S21403A71015468FB05CD10120DDF792F809A8FDF746
S21403A72095FA092309A88DF82430FDF793FA09A8AA
S21403A730DDF758F801A909A8FDF71DFC26F00F0858
S21403A740A84404F1100904F10F0A454511D1236901
S21403A75001A93344236109A8FDF7F2FB0020DDF7C6
S21403A7606FF8B6F1005F28BF272738460FB0BDE85D
S21403A770F08F05AA23469646944618685968083308
S21403A780ACE803004B456246F6D12B46224605F15C
S21403A790100B53F8041B5B4542F8041BF9D17146B2
S21403A7A009A8FDF7CDFB09A8DDF71CF822462146CC
S21403A7B00120DDF701F8013D631E13F8012F15F89C
S21403A7C0011F534582EA01021A70F6D15D46BCE7C3
S21403A7D00227CAE7F0B5174685B005460C46102291
S21403A7E000216846DFF7AEFBBFB3C4B30F2C04F0FB
S21403A7F00F0608D924F00F043A4621462846FFF7E9
S21403A80081FF40BB2744324639466846DFF72AFDB8
S21403A81080222F6906F1100337446B44B7F5005FB7
S21403A82003F8102C2F61C6F110061AD3062E1FDD6F
S21403A830FB001A0E8DF80A201A0C5BBA8DF80B2053
S21403A840ADF80C306A4610212846FFF75BFF002060
S21403A8502B69103B2B6105B0F0BD3E46D8E7264674
S21403A860D6E7022E04DDFB005BBAADF80E30E9E74F
S21403A8706A4610212846FFF745FF2B691022A3F1ED
S21403A8801004002168462C61DFF75CFBB7F5005F18
S21403A8904FEAC403CDD2E7E770B50E46054686B049
S21403A8A001A81446FFF72AFF3246294601A8FFF7F8
S21403A8B091FF2246054601AB05AE1C4603CCB442C7
S21403A8C010605160234602F10802F6D1284606B00E
S21403A8D070BDEEF7B3BD0A460021EEF7AFBDF0B587
S21403A8E08BB00C4601A9EEF7A9FD054680B32522D9
S21403A8F00021E01CDFF726FB0123A3700E23BDF81F
S21403A90010702380FA0510D523464FF4877206AEDF
S21403A91023F8042B0DF1280C324603CA624518604F
S21403A9205960164603F10803F6D13B0605D523887E
S21403A93043F080032380069B636001AB03CB039B3A
S21403A940C4F81D00C4F82110A361F0F783F8606112
S21403A95028460BB0F0BD30B505460C4687B001A8B7
S21403A960FDF774F92868696802AB03C39DF81130D4
S21403A97043F002028DF8112074B12288510644BFB9
S21403A98043F006038DF81130530542BF9DF811308E
S21403A99043F008038DF8113001A8FDF752FAB0FA18
S21403A9A080F0400907B030BD70B58AB00D4600226E
S21403A9B001A90446EEF742FD88B1204604A9FFF735
S21403A9C0CAFF60B1BDF81060FFF7A0F838B9720689
S21403A9D001D5730503D529462046FDF793F80AB03B
S21403A9E070BD2DE9F3410F460546164602F090FE6C
S21403A9F04FF00008C41BE4B2294623463A463046C5
S21403AA00CDF8008003F02BFC0121284602F09CFEC3
S21403AA1088B10121284602F097FE074602F078FE29
S21403AA200546C3B2424630193946CDF8008003F0D6
S21403AA3016FC2544ECB2204602B0BDE8F0812DE9B1
S21403AA40F04F85B00C46054691461F464FF0010A67
S21403AA50DDF838809DF83CB002F05AFE22463B46AD
S21403AA6029460646CDF800A0484603F0F8FB5146B3
S21403AA70284602F069FE3C4418B35146284602F0C5
S21403AA8063FEF6B2B442814610DAE7B2F31BDBB2DA
S21403AA90404622462946CDF800A003935F4403F0C0
S21403AAA0DEFB039BBF1B984407F0FF0B012300222A
S21403AAB00E9349465B46404605B0BDE8F04F03F0AB
S21403AAC0CEBB5B4622462946CDF838A0F3E72DE9F0
S21403AAD0F041002686B0074608460C4615469846BB
S21403AAE0CDE9026604968DF8146002F011FE411B50
S21403AAF0CBB20D2B28BF0D232A462146009602A86B
S21403AB0003F0ADFB424602A93846EEF711FF0646B0
S21403AB10294620469DF80820F7F764FC304606B021
S21403AB20BDE8F0812DE9F04F0E46CBB00121054676
S21403AB3017461C4602F008FE23463A462946814637
S21403AB4006A8FFF7C4FF0DF1280A00EB070B5246D1
S21403AB50314628465FFA8BFBFFF743FFB34503D224
S21403AB6000204BB0BDE8F08FABEB06085FFA88F821
S21403AB7008F104039842F3DB331F18440423C4B2DA
S21403AB800193A31BDBB20093524643460021CDF844
S21403AB9008A006A8DCF7C4FD0028E1D1A4EB0B044B
S21403ABA00AEB0803E4B25246284631460093019462
S21403ABB04346FFF744FF39462846F7F7FFFB394677
S21403ABC000F0F8022846F7F70DFC0121284602F0AC
S21403ABD0BBFD002818BF4D462846ADF8165002F0B8
S21403ABE097FD011FC9B20DF1160000F02FFE0120DC
S21403ABF0B7E72DE9D841064600F040FF411C04465E
S21403AC0089B2304600F00DFF98B394B32146304620
S21403AC10F7F7D4FB00F00C03042B074629D000F00B
S21403AC200308B8F1020F00D11BBB384600F0AFFF94
S21403AC303B060444A4B216D5611C304689B200F024
S21403AC40F0FEB0B121463046F7F7B8FBB8F1010F76
S21403AC50014600F003030CD0032B0AD0384600F05D
S21403AC60A5FF03199CB221463046BDE8D84100F043
S21403AC70D8BE0020BDE8D881F8B5064600F0C0FE71
S21403AC80054604463046FEF7A1FD43785B0718D514
S21403AC90AC1CA4B22146304600F0C3FEB8B1294628
S21403ACA03046F7F78BFB0746691C304689B2F7F741
S21403ACB085FB1FB1874201D8FF2808D104EB470460
S21403ACC0A4B221463046BDE8F84000F0AABE0020F4
S21403ACD0F8BD13B5044601A8EFF782F8BDF80430B3
S21403ACE0DA0710D49B0707D410220021204602B0AF
S21403ACF0BDE81040DFF726B9224621461020FFF7AD
S21403AD00CBFD0028F0D102B010BD024608B5EFF720
S21403AD108FF8510544BF0838C0B2130544BF08383E
S21403AD20C0B208BDF0B5D30705460C468BB04AD56E
S21403AD30008800F0A3FE00230646029314B9CDE96B
S21403AD40034403AC002208212046FEF771FEA8B197
S21403AD502888FEF73BFD023003F080F921460746BC
S21403AD60E8F784F850B1002240231146384600F035
S21403AD701DFA40F6094528460BB0F0BD3146288833
S21403AD80F7F71CFB10F0030F0CBF01260026EEF7A7
S21403AD9099FB46EA4000C0B200900021204602AB71
S21403ADA005AAF0F7AFFA0546EEF78CFB0028E2D0CB
S21403ADB0002DE0D000212046009602AB05AAF0F74E
S21403ADC0A1FA0546D7E740F60A45D4E700231A4614
S21403ADD0F0F7F2B930B58BB005AD04462846FCF75C
S21403ADE035FF0223284601A98DF81430FDF7C3F872
S21403ADF0234601AA144603CCAC4218605960224687
S21403AE0003F10803F6D10BB030BD08B500230246A4
S21403AE1019461846F0F7D0F9012008BD37B50446A1
S21403AE206846F0F741FA054648B1082221466846C7
S21403AE30DFF7D4FBB0FA80F0400903B030BDFF2241
S21403AE4008212046FEF7F4FD034628B106212846CE
S21403AE50FFF7BCFF0120F0E722460146F0F7ACF906
S21403AE60F8E707B56846F0F71FFA10B16846FDF72E
S21403AE7000FA00F0010003B05DF804FB0120F0F7D0
S21403AE804DBF704737B504460846FEF7DCFB05465C
S21403AE90FEF73CFE00230146009322462B46012084
S21403AEA0F6F778FA03B030BD30B50124054689B00D
S21403AEB003A8FCF7CBFE01A88DF80C40DCF7F0FCEA
S21403AEC09DF806209DF80730AA4209D0AB4209D167
S21403AED003A88DF80D40DCF785FC012009B030BDD2
S21403AEE00024F5E70020F9E700221021FEF7A0BDB5
S21403AEF07FB50D4600F582300D22694600F5807059
S21403AF00D0F7B4FE6B462A4602AE1C4603CCB442C8
S21403AF1010605160234602F10802F6D120681060E3
S21403AF202379137100236B7304B070BDF0B585B03D
S21403AF306A4605460B46164601F108071446186886
S21403AF405968083303C4BB422246F7D118680D225A
S21403AF5020601B7905F582303146237100F5807039
S21403AF60D0F7B0FE05B0F0BD38B504460D46DBF7A6
S21403AF705BFFA04205D920462946FFF7B9FF00200C
S21403AF8038BD2820FCE730B5002485B08DF8004096
S21403AF90DBF74AFFE5B2A84204D8F2F751FB0020DC
S21403AFA005B030BD69462846FFF7C0FF0134EFE71A
S21403AFB038B50446002002F07FFDFF2805460FD073
S21403AFC002F002FE10F0010009D0284602F0FCFD54
S21403AFD0400840EAC17080F0010000F0010038BD6F
S21403AFE004F00100FBE70146F8B506460020F2F739
S21403AFF061FAFF2801D00120F8BDDBF705FF002426
S21403B0000546871CDBF704FFE3B2984201D800200D
S21403B010F2E735F82430B34203D117F82430002B77
S21403B020E9D10134EEE738B50D460121044602F0B6
S21403B0308BFB30B10121204602F086FB28800120DD
S21403B04038BD20462C8000F00EFE0130C0B2F7E774
S21403B0502DE9F04788B00746894610460DF10A01E8
S21403B0601D469046FFF7DFFF4FF0000ABDF80A6063
S21403B07004463046CDE905AACDF81BA002F048FBEE
S21403B080031BDBB20B2B28BF0B2322463146CDF81E
S21403B09000A005A803F0E3F848F21F039D4243D03F
S21403B0A00BD885F40043012B15D92346424649465F
S21403B0B028460097FDF730F933E048F23A039D42FD
S21403B0C0F3D1FEF723FDB8422BD02246414605A80E
S21403B0D0FDF757F925E09DF8143013BBBDF81D4066
S21403B0E0DDF81500DDF8191003AB03C3204603A9EA
S21403B0F0DCF7BCF80122204603A9EEF735F9A74290
S21403B10006460ED0012103A8F2F736FC48F20103E7
S21403B1109D4206D12EB9334632463946204600F0C4
S21403B12046FE08B0BDE8F0879DF81450002DF8D110
S21403B1302F469DF815800234EAB24245F1D2D2007A
S21403B140D2B222440823314692B2009703A8CDE92F
S21403B150037703F084F803A8F4F79CFC02F0DCFC06
S21403B16000F0CDF80135E7E708B5E7F72BF9BDE8BA
S21403B1700840F2F73FBE10B5002441808480048067
S21403B180C280038110BD13B5BDF81040CDE900346D
S21403B1900023F2F797FF02B010BD13B5BDF81040B9
S21403B1A001900094F2F78EFF02B010BD07B500932E
S21403B1B00123FFF7F2FF03B05DF804FB0123F3F767
S21403B1C027B80121F4F794B901464FF6FF70F4F758
S21403B1D0B7B810B50C4602F09FFCFF2808D0F4F76A
S21403B1E041FC20B10368236043680120636010BDFF
S21403B1F00020FCE710B50446FEF7F6F9B0F5006F3D
S21403B200204605D1FEF703FABDE8104002F084BCE1
S21403B210FEF719FABDE8104003F016B808B502F0B9
S21403B2207BFCFF280CD002F0CFFC10F0010309D002
S21403B230400840EAC17080F0010000F0010008BD3C
S21403B2400020FCE71846FAE71FB500F582300B220C
S21403B25001A900F5C070D0F709FD9DF80E0005B0F2
S21403B2605DF804FB30B589B001F0010503A9044677
S21403B270F5F71AF89DB190B9204602F0A5FC10F038
S21403B280010109D0204602F09FFC430843EAC1733C
S21403B29083F0010303F0010103A8F2F76DFB2046D8
S21403B2A0F5F79AFF9DF81430294600932046BDF81B
S21403B2B0162003ABFCF79EFB09B030BD7FB50C46EA
S21403B2C00546F4F7B7FBA04217D04FF6F7739C4238
S21403B2D013D805F5823606F5C0760B2201A930464B
S21403B2E0D0F7C4FC01A90B223046ADF80C40D0F7CA
S21403B2F0E9FC21462846F4F7EFFB04B070BD10B511
S21403B3000446DBF797FDA0420FD92046F4F792FBDD
S21403B3104FF6FF73984208D020460021FFF7A2FF9E
S21403B3202046BDE81040F5F719B810BD10B5044621
S21403B330FEF7ECFB0023024619462046BDE8104004
S21403B340F5F766B92DE9F04114460F4605469846CB
S21403B350FEF73CFA0646043002F080FE20802846BC
S21403B360FEF797F96080B379791CE372C9B2284671
S21403B370F7F724F8B91CA072C9B22846F7F71EF8E7
S21403B380FE1C2072F6B2B8F1000F18D031462846DC
S21403B39000F097FA0537FEB23146A080284600F043
S21403B3A090FAB11CE080C9B22846F7F707F8607236
S21403B3B0217AA0880122BDE8F041F5F749BE20882E
S21403B3C0EAE72DE9F04186B090461E4604460D4650
S21403B3D0FEF79CFB4FF6F7739845074632D80523CE
S21403B3E0A0428DF80C304FF0010214BF0123002356
S21403B3F04FF0000118BF8DF80D30CDE9002114BFC2
S21403B400ADF80E008DF80D30284614BF0423022332
S21403B41003AA00F00FFB0546A0B1A7421AD0FEF719
S21403B420D5F9074621460430803E02F019FE204631
S21403B430FE7104A9FFF7CDFE40B9204604A9E7F73D
S21403B44029FA18B9002006B0BDE8F081284604A9F9
S21403B45000F07EFB41462846FEF78DFFF3E70379AF
S21403B46023F00303194301F03F010171704707B549
S21403B4700DF10701F5F792FC03B05DF804FB08B580
S21403B480FFF7F5FF18B1BDE80840F5F7D7BC08BDD0
S21403B49000224FF6FF701146F5F7DABD10B50446E5
S21403B4A0FFF7E5FF024638B901462046F5F7D0FD1B
S21403B4B0003818BF012010BD0120FCE7F8B5174679
S21403B4C004460E46FFF7D3FF0546386068B1037996
S21403B4D003F00303337023B93A68137903F03F0389
S21403B4E013713B685C882046F8BD01462046FEF78C
S21403B4F051FD074628B1E8F7D3FB874201D83570DC
S21403B500F1E731462046FCF701FF0028EBD0032382
S21403B5104FF6FF743370E6E707B501AA0DF1030192
S21403B520FFF7CCFF9DF8033053B9019828B1037990
S21403B53013F0300F14BF0120002003B05DF804FBA6
S21403B5400020FAE72DE9FF410646104688461546D1
S21403B550F4F7A0FA0746FEF7D9FA044648BB4FF6B7
S21403B560FF739E4225D09F4206D00146384604B05C
S21403B570BDE8F041EBF75EBE07238DF804302B6879
S21403B5800246CDF805306B68092101A8CDF80930CD
S21403B590FEF737F9024618B9192004B0BDE8F08162
S21403B5A0012341463046F1F7AFF80028F4D0204691
S21403B5B0F3E70220F1E72DE9F04390460F460646EF
S21403B5C04FF0010991B00BA803ADFCF73FFB07ACA6
S21403B5D029460BA8ADF82C90FCF7CDFC95E80F0098
S21403B5E084E80F004B46002239463046CDE9004832
S21403B5F0F1F7A6F911B0BDE8F0832DE9F04F002767
S21403B60085B081460C467E2039469846BDF83CB048
S21403B6109DF844A0BDF84C500192ADF80E7002F0B0
S21403B620CFF80646002800F0AA8002F055F83946FF
S21403B6307E22DEF787FC304602F04EF80090304656
S21403B64002F04AF8B9F1FF0F0CBF274644F0030790
S21403B6503B0A14F44062077043705FD14FF008084A
S21403B660C31C184642460199DEF7BEFC034604F4A3
S21403B6704044434484B1790606D419464FEA1B2254
S21403B68001F802BB5A700B46B4F5004F56D0A4F52A
S21403B690404254425441E400224618460E99DEF7CF
S21403B6A0A3FC009A03462044A0EB02085FFA88F83E
S21403B6B09DB14FF47C521A53841C284602F00CF8B2
S21403B6C08346284602F024F8C5B22A465946204641
S21403B6D0DEF7C8FD60190235EDB2B9F1FF0F2FD0C2
S21403B6E05246109900F8019BDEF7BCFD08F10101F4
S21403B6F05AFA81F129443046E6F74EFD0C21002222
S21403B700FF0007F0800710463943FEF73DF8ADF813
S21403B7100E00E8B9002005B0BDE8F08FB2F5006F63
S21403B72080F803804FEA182880F8048000F10503A8
S21403B73014BF4FF008084FF0020892E70224ABE765
S21403B74008EB0A0129443046E6F726FD0821D6E72A
S21403B750304601F0C1FF0446304601F0D9FF01230D
S21403B760024621460DF10E00E6F780FD0028D1D1F2
S21403B7700121BDF84820BDF80E0001F0F9FFBDF821
S21403B7800E00C8E710B50C46098821B90846F6F737
S21403B79063F9208008B1012010BD0220FCE72DE9E3
S21403B7A0F04780460F460646002402F1FF39BC42A6
S21403B7B002D219F8015F25B9A6EB080080B2BDE8EE
S21403B7C0F0879A46A5F13102012A5AF8041B10D8CD
S21403B7D03246322D02F8011B06D10134A4B2A74229
S21403B7E032D30912B21C7170013453461646A4B202
S21403B7F0DDE7342D0CD10334BC42DDDA0B0A31709D
S21403B80073700B0C090EB370321DF170A4B2EBE724
S21403B810A5F13302062A0DD8303DADB22B19BB4233
S21403B820CADA2A463046013CDEF7DEFB15FA84F414
S21403B8307219EBE7A5F14102062A01D8373DECE77A
S21403B8409D8803F1080AE9E71646B5E770B505468D
S21403B85000880C4601F05CFFA04228880AD201F05B
S21403B86057FF0023221A19462846BDE8704092B2B5
S21403B870E6F7FCBC2146E6F78FFC002070BD38B522
S21403B880054601F029FF0446284601F041FF002241
S21403B89001462046BDE83840FDF7B3BFF8B5164667
S21403B8A00C461D46BDF8187001F016FF04443046DA
S21403B8B001F012FF3A4641192046BDE8F840DEF78C
S21403B8C093BB70B50C46013189B20646F6F776FD92
S21403B8D0214605463046F6F771FD00EB052080B29B
S21403B8E070BD1FB50123ADF80C2000930A46022352
S21403B8F0014603A802F0B3FC05B05DF804FB0FB4E1
S21403B90037B5069D0021A8B201F05AFF044601F0A0
S21403B910E3FE2CB1002207AB0193D1B28D4205D8CA
S21403B920204603B0BDE8304004B0704753F8041B0C
S21403B93081540132F1E773B504460D4640200021D9
S21403B940164601F03DFFADF8060001F0C5FEBDF852
S21403B950063013B9002002B070BD402133462A4694
S21403B9602044FFF71CFF211889B20DF10600FFF7EC
S21403B9706DFF0028EED1BDF80600ECE70EB403B564
S21403B98003AA52F8041B0192FFF7D5FF02B05DF835
S21403B99004EB03B070472DE9F7430F4601218146B8
S21403B9A0164601F0D1FE054658B1FFF768FF308012
S21403B9B088B9284601F0ACFE68B1192003B0BDE88B
S21403B9C0F083484601F0A4FEFF2FA0EB0704E4B281
S21403B9D014D014B934800020F0E72A4621462846BE
S21403B9E0FDF70FFF80460028E7D03B464A46294628
S21403B9F00094FFF753FFA6F80080ECE70120DDE78D
S21403BA0008B5FDF7E3FE437803F001001A074CBFC1
S21403BA1010300830DB0644BF0830C0B21030C0B266
S21403BA2008BD10B50C4601F073FEA04234BF0020DB
S21403BA30012010BD7FB514460091024641F209214C
S21403BA4041F609209DF820601D46002E18BF0146CA
S21403BA50099B0020F6F7DAFCADF80E0010B90020BB
S21403BA6004B070BD01232A4621460DF10E00E6F709
S21403BA70FDFB0028F3D1BDF80E00F1E738B5054607
S21403BA80FFF7BEFF0446284601F042FE631C9BB246
S21403BA9083420FD82846FDF799FE43785B0707D500
S21403BAA021462846F6F78AFC013004EB4004E4B24C
S21403BAB0204638BD0024FBE71FB5ADF80E0001F0A5
S21403BAC027FE0446BDF80E00FFF7D8FF00F10E036D
S21403BAD0DBB2BDF80E200146E01A80B20090104695
S21403BAE0FFF7DCFEA4F10E0189B20DF10E00FFF79D
S21403BAF0ADFE04B010BD4278034612F0080006D02F
S21403BB00D20702D403F10800704703F10900704717
S21403BB1037B505460C46FDF759FE437813F0100279
S21403BB2012D09CB103F001021B074FF00003294615
S21403BB30009320464FF0080354BF1832203202F019
S21403BB408EFB012003B030BD1046FBE72046F9E725
S21403BB5073B505460C46FDF739FE437813F010021D
S21403BB6011D094B1012603F001021B0729464FF0BA
S21403BB700803204654BF18322032009602F06FFBAB
S21403BB80304602B070BD1046FBE72046F9E700F0EA
S21403BB900303012B08D0C30606D400F00C000C28C0
S21403BBA014BF08200920704702207047034611F08F
S21403BBB0030005D003F00303022B14BF0220032067
S21403BBC07047F8B50C46064601F0A2FD631C834297
S21403BBD002D900252846F8BD21463046F6F7EEFB87
S21403BBE00746FFF7D4FF3B060546F3D50444304625
S21403BBF001F08EFDA4B2631C9BB28342E9D82146B2
S21403BC003046F6F7DBFB01463846FFF7CFFF2844FE
S21403BC10C5B2DFE770B506460D46FFF7D2FF04460A
S21403BC2010B90024204670BD29463046F6F7C6FBF9
S21403BC308206F7D5304601F06BFD2544ADB26B1C8A
S21403BC409BB28342EDD829463046F6F7B7FB00F0A1
S21403BC501803082B14BF05340634E4B2830644BF26
S21403BC600834E4B2DEE738B50546FFF707FF0446B7
S21403BC7008B9002038BD01462846FFF7CBFF002849
S21403BC80F7D02044C0B2F5E72DE9F04387B0054668
S21403BC900C46FDF79BFD804602F0E0F90746284672
S21403BCA0FFF7ECFE064601462846FFF78AFF00220A
S21403BCB0034600922946324602A802F0D0FA9DF8BF
S21403BCC0086006F00C030C2B06F003090BD0B9F141
S21403BCD0010F59D0F10657D49DF809300DF10A0526
S21403BCE00020637107E0FF230DF10900637102F082
S21403BCF0B5F90DF10B05208198F80130DA0704D564
S21403BD0008F1020002F0AAF92081B9F1010F5FFAE7
S21403BD1089F83DD0F3063BD4284602F09FF96080AD
S21403BD20A81C02F09BF9053515F8013C2080237109
S21403BD302B78B006A37206F0400348BF43F02003F7
S21403BD40390627D543F40073F80448BF43F48063E9
S21403BD50390548BF43F400633206E38011D56A7899
S21403BD6012F003020DD06FEA43436FEA5343A978F8
S21403BD70B8F1020FE3800B4611D1EB7841EA0321B9
S21403BD80218107B0BDE8F083FF230DF10905A7E77E
S21403BD90FF23CCE77A0648BF43F48073D4E7012A2F
S21403BDA004BF0B029BB22381EBE7F7F70BB80BB18B
S21403BDB0F7F774B80AB9F7F7EDB8FF21F7F716B82F
S21403BDC0431C08BF0020DFF773BB0000034B586813
S21403BDD0C0F30800003818BF0120704700ED00E0EC
S21403BDE0014B1868704700BFE4620020084B1B6FC6
S21403BDF003F00703022B04D0032B05D0012B05D039
S21403BE00FEE7044B18687047034BFBE7034870478D
S21403BE1000800050E4620020EC620020002D310117
S21403BE2008B5FFF7E3FF054B1B6FC3F3013301337D
S21403BE30B0FBF3F0024B186008BD00BF0080005053
S21403BE40E06200200048704700B4C404004870470E
S21403BE50002D3101014B1868704700BFEC620020CB
S21403BE60174A9368C3F304430C2B0AD8DFE803F09E
S21403BE700B0909090909072119091B1D1F00114888
S21403BE80704700207047936803F04073B3F1807FD8
S21403BE9011D0B3F1007F10D0002B0B4818BF002041
S21403BEA070470A4870470A4870470A4870470A4866
S21403BEB070470A4870470A4870470A48704700BFE9
S21403BEC00040015A405DC60000093D00C0EA21015A
S21403BED080BA8C010048E801005A62020024F4008C
S21403BEE080841E0040420F00014B1868704700BF55
S21403BEF0E862002007B500F065FC6A4600F0C2FC65
S21403BF0018B14721034801F0CBFFDDE9000103B078
S21403BF105DF804FB4CE903000229F8B596BF104B05
S21403BF2000245C5C012805460E4608D0022809D08A
S21403BF3008B944F002040B4B1F6837B9F8BD44F048
S21403BF400804F8E744F02004F5E77B681A6814420F
S21403BF5003D0314628465B6898473F68EDE700BF45
S21403BF608A800400F837002038B5104D2B78ABB123
S21403BF700F4C23781BB100F031FA00232370002006
S21403BF8001F0A1FF0B4C50B100F07AFA0023012117
S21403BF9020782B70FFF7C0FF0123237038BD0122E2
S21403BFA0054B1A702278054B1A70F7E7DF58002006
S21403BFB0DD580020E4580020E0580020E158002017
S21403BFC00E490B78FF2B01D198B170470BB990B986
S21403BFD07047002814BF0122FF2213440B7060B180
S21403BFE0074B1B78012B08D9064B1B782BB9FFF799
S21403BFF0BBBF1A46F1E70122EFE77047E35800207C
S21403C000E4580020E058002010B501F04AFE064B25
S21403C01004461B781BB1BDE8104001F03DBEFFF798
S21403C020A3FF2046F7E700BFDC58002002282DE9CF
S21403C030F04147D029480378FF2B41D1002941D14D
S21403C0401A461344DBB2037000293BD0244E3278E1
S21403C050012A37D9002B3ED001F023FE214F044698
S21403C0603B780BB3204D2B781BB901222A701F4A4D
S21403C0701370DFF87C8098F8003023B100F0AEF937
S21403C080002388F80030204601F006FE012001F068
S21403C0901AFF01F006FE2B7804461BB100F0F0F9F8
S21403C0A000232B7000233B70204601F0F5FD01248E
S21403C0B03078A04206D02146FFF72EFF347001E009
S21403C0C013B931B9BDE8F081002914BF0122FF225C
S21403C0D0B7E70122B5E70224EAE700BFE3580020EA
S21403C0E0E4580020DF580020DC580020E0580020E9
S21403C0F0DD5800202DE9F04385B0EFF3108572B6C6
S21403C100AFF3008001F0B4FF002800F09280624E87
S21403C110624F337823B10020FFF752FF00233370BA
S21403C120387878B903A900F01DFB044650B95C4B78
S21403C130039A1B689A4200F284800120FFF740FFAF
S21403C140012333703B78002B40F09980554B1B78C6
S21403C150002B00F091804FF00208534CDFF86891F3
S21403C1602078404507D099F8003013B94146FFF7C9
S21403C170D3FE84F80080B8F1020F0FD1DFF82481D4
S21403C18098F8003053B9494B1B7823B900F020F9CF
S21403C1900122474B1A70012388F80030207800F0FC
S21403C1A0F7F899F8003013B1424B1B782370AFF3BE
S21403C1B00080284601F082FEEFF3108572B63E4BF0
S21403C1C01A7852B100221A703A4B20781B7898429C
S21403C1D003D101212170FFF79FFE384800F082FA51
S21403C1E001F05AFF8046002893D12E4F3B789BB12F
S21403C1F089F80000DFF8B89099F800301BB100F01A
S21403C200EDF889F80080002001F05DFE002839D0A3
S21403C21000F036F900233B70337823B10020FFF794
S21403C220CFFE0023337000212078FFF775FE00232E
S21403C2302370AFF30080284605B0BDE8F04301F055
S21403C2403DBE1F4BD3F8008000F048F9039B8044A3
S21403C2509845BFF472AF00F03BF98200039942F0B1
S21403C260020292B2CDE900422346164AA1EB080128
S21403C270124801F02AFE65E700F09CF86BE74FF0E2
S21403C28001086AE7012000F083F8284601F016FE4D
S21403C290EFF3108572B6B6E7DE580020E3580020A9
S21403C2A000380020DF580020E4580020E258002021
S21403C2B0DD580020E1580020DA580020043800201A
S21403C2C0FC37002009C00300E058002010B501F039
S21403C2D0E8FC0022054B1C781A7001F0DDFC00F028
S21403C2E005FBE4B22043C0B210BD00BFDB580020FC
S21403C2F038B501F0D6FC094B05461B78012B04D84C
S21403C30001F0CAFC0024204638BD054B1C6800F02B
S21403C310E5F80444284601F0BFFCF4E7E45800209F
S21403C320FC3700201549164A0B6F10B503F00703B8
S21403C3301360144A144C9269032B02F00200C2F3F2
S21403C3404002227017D0D1F8203103F00703022BE6
S21403C35011D0D1F8803203F001030C4A137048B1B0
S21403C36043B9064BD3F8003103F00303591E4B427F
S21403C3704B41137010BD0123EFE700BF0080005050
S21403C3806038002000C00150E9580020EA58002019
S21403C390012805D00238012808D80020CDF7F4B9C3
S21403C3A0034A136923F00403136130BF704700BFC9
S21403C3B000ED00E0044B054AD3F8203103F00703F1
S21403C3C01360F7F7ABBF00BF00800050683800204B
S21403C3D00122014B1A707047E8580020F8B51F4B2E
S21403C3E01B78002B39D01E4C2378B3B91D4B9A6D9E
S21403C3F0D10302D5DA6D92072FD49B6DDB072CD4BD
S21403C40001F0A6FD184B194A1860136F23F00703B3
S21403C41043F003031367FFF703FD01F099FD124B87
S21403C420134D1B68134EC01A2B78134F56F8232050
S21403C43046F82300111A3A681048521A0A213A603D
S21403C4400932B2FBF1F20133DBB20260B3FBF1F265
S21403C45001FB12332B7000232370F8BDEA5800202B
S21403C460E758002000C000505838002000800050D5
S21403C470E6580020303800202C38002028380020CA
S21403C48008B5F7F74CFF0D4A0D49136F096823F0FB
S21403C49007030B4313670B49D2F82031096823F0CF
S21403C4A007030B43C2F82031074B1B7813B1012255
S21403C4B0064B9A62BDE80840FFF7B2BC0080005006
S21403C4C06038002068380020EA58002000E000505A
S21403C4D0014B1878704700BFEA580020054B1878C0
S21403C4E018B1054B186800EBD000044B1B681844C2
S21403C4F0704700BFEA580020283800205C38002028
S21403C50008B50D4B1A7892B100221A700B4A136FB6
S21403C51023F0070343F001031367D2F8203123F017
S21403C520070343F00403C2F82031FFF779FC012226
S21403C530034B5A6708BD00BFE85800200080005030
S21403C54000E000500D490B68A0B10022A3B183425E
S21403C55003D1836822B90B6003E01A469B68F5E7AC
S21403C560936083680BB9002070475A6941690A448F
S21403C5705A61F8E72220704702207047743800207B
S21403C58010B501F001FD0A4C0A4B19682368C31A5B
S21403C59009B9206010BD002BFBD04A699A423ABF06
S21403C5A09B1A0022D21A4A6128BF00238968EFE744
S21403C5B0703800207438002038B5154D2B682BB31F
S21403C5C05B69B3B1134A022014681C4400F088FA6E
S21403C5D0204600F047FA00220F492B680A70012A0A
S21403C5E005D823B1D88880070AD501230B7000200D
S21403C5F038BD022000F074FA022000F093FAEAE74E
S21403C6009B68002BF3D058690244E8E72220EFE743
S21403C6107438002070380020EC580020C38870B5AA
S21403C62004460D463BB9FFF763FE8542064602D233
S21403C630F8F754FF35460E4A656113689BB91460D4
S21403C640A3600FE02D1A986819466561034618B172
S21403C6505869A842F6D941B18C60A36013B15A69F0
S21403C660521B5A6170BD0021F2E71460F5E700BF64
S21403C6707438002070B516469DF81420C0E90336BA
S21403C6800271049ABDF818300260002204460D4673
S21403C6908260C38006BB01F077FC2844A0613DB9E5
S21403C6A0E368656113B120462168984796B135461D
S21403C6B001F0F7FA0646FFF763FF29462046FFF721
S21403C6C0ADFF074B1B68A34201D1FFF775FF30464A
S21403C6D001F0E2FA002070BD01F056FC3044DDE7BD
S21403C6E074380020F8B50546D0B101F0DAFA0646EC
S21403C6F0FFF746FF0B4B28461F68FFF723FF04464A
S21403C70020B1304601F0C8FA2046F8BDAF42F8D152
S21403C710FFF752FF2228F4D1022000F0EDF9F0E7EC
S21403C7202224F1E77438002038B50C460546A8B134
S21403C730A1B100230B7001F0C1FA0121084B1B685D
S21403C74033B901F0B6FA002038BD9D4204D12170FA
S21403C7502278002AF9D0F4E79B68F1E72220F3E772
S21403C76074380020F8B506460F4601F0A7FA0025F0
S21403C7700446124B1B6823B9204601F09AFA1B2085
S21403C78011E05A691544DA88B2420DD101F0FCFB78
S21403C7900B4E3368C01AA8420AD3002320463B60D8
S21403C7A001F087FA0020F8BDFF2EEFD09B68E2E782
S21403C7B001F0EAFB33682B441B1AEFE774380020BA
S21403C7C07038002070B501F079FA064601F0DCFBFC
S21403C7D0084B044601201D6801F0C6FB18B101F0A2
S21403C7E0D3FB04460135304601F063FA204629465A
S21403C7F070BD00BF7C380020014B1868704700BF2F
S21403C80078380020F8B50C4B05461B680E46834265
S21403C8100FD3002440F2E7302146084B4FF47A72D8
S21403C8201F680023E5FB0701DDF720F8306020468C
S21403C830F8BD2120FCE700BF6C38002078380020C4
S21403C8400F4B10B51A689AB14FF47A71531E134200
S21403C850A0FB01010ED1B2FA82F2C2F11F04531CEF
S21403C860D243E04001FA03F3184321FA02F20243EB
S21403C870104610BD0023DCF7F9FF0246F8E700BFB9
S21403C8807838002038B5164B14468342154B8B4137
S21403C89023D3154B1A6802B34FF47A75A0FB05032E
S21403C8A005FB0131531E134211D1B2FA82F3C3F1D1
S21403C8B01F055A1CDB4301FA02F2E84021FA03F390
S21403C8C010431843E940C4E90001002038BD0023A3
S21403C8D0DCF7CCFFC4E90001F7E72120F6E700BF49
S21403C8E0EFA7C64B378941007838002010B501F012
S21403C8F0E5F9034B1C7801F0DCF9E4B2204610BDE1
S21403C900EB58002008B5084B1B7803F0FF004BB12B
S21403C91001F01EFB054B1B689B69C01A02288CBFDF
S21403C9200020012008BD00BFEC580020743800200A
S21403C930C2072DE9F843044607D5474A136801336F
S21403C9401360FFF71DFEFFF737FEA30740F1818054
S21403C95001F0B4F94FF0000805464646FFF710FE0F
S21403C9603E4F3C680CB16369A3B100223C4B012ED9
S21403C9701A7003D118F0020F18BF1E70FFF71CFEC3
S21403C980222802D1022000F0B7F82846BDE8F84373
S21403C99001F08FB923465A693AB91A792179914237
S21403C9A088BF1C469B68002BF5D1284601F081F909
S21403C9B0D4F81080B8F1000F3FD001F0E5FAA26971
S21403C9C0851AEB17454573F1000337DB23691344D8
S21403C9D0A36101232269CAB1C3B9A38BB8EB0508C7
S21403C9E033B1E28B13449BB2B3F57A7F1CD2E38355
S21403C9F001F064F9054641462046FFF70FFEA3699A
S21403CA00226928461344A36101F053F9E36813B17E
S21403CA10204621689847B4F8068001F04FF901369E
S21403CA200546FFF7ADFD9CE7A3F57A73E383A36999
S21403CA3018F1FF38013BA361DAE7454601F03EF9FA
S21403CA4081462046FFF77EFD484601F032F9002373
S21403CA50C0E7BDE8F88300BF7C38002074380020A8
S21403CA60EB58002010B5044601F01BF94FF0B04216
S21403CA70936A1907FCD4136A116C5269120704D41B
S21403CA80CA1A032A01D899420ED1E21A022A98BF7B
S21403CA90DC1CB4F1FF3F38BF013C4FF0B043082223
S21403CAA01C6403F580539A6101F0F6F8054A13787F
S21403CAB03BB14FF0B041CB6B43F00203CB63002393
S21403CAC0137010BD7D68002007B5044B01A91879C3
S21403CAD001F08DF9019803B05DF804FBCC7E0400E9
S21403CAE000F001038207034A48BF43F0080393613B
S21403CAF0704700BF00100058820700F001030AD5F4
S21403CB000121064A43F0080311704FF0B041CA6B87
S21403CB1022F00302CA63024A936170477D680020CD
S21403CB2000200058830742BF0822014B5A61704712
S21403CB300010005873B502AB164603E90600044618
S21403CB4000F052FF0546204600F05EFF9DF80020E9
S21403CB508DB1202C33780ED8012B2ED84FF6FF75C7
S21403CB602D4803EB4313234430F81310A94202D095
S21403CB70013120F81310294B294E33F8141036F8D8
S21403CB801400814232D34FF6FF75A9424FF00105D8
S21403CB9002D0013123F8141004F0FD01092927D12E
S21403CBA0998AB68A0A44B242B4BF9A829E8233F8FE
S21403CBB01430834227D202B070BD022BDBD14FF66E
S21403CBC0FF704FF6FF75144B33F81410814218BFED
S21403CBD0013104F1210018BF23F8141033F81010A4
S21403CBE0A9421CBF013123F81010C4E70025D0E783
S21403CBF01D2CDCD1598F8E18864203DA01390A447C
S21403CC005A87D4E75887002DD5D1204602B0BDE811
S21403CC10704001F0D4B900BF04530020DC53002059
S21403CC208853002038B50D46044601F047F8064AF7
S21403CC3013889BB22DB123431380BDE8384001F01F
S21403CC4038B823EA0403F7E7CA5700200022034B49
S21403CC5001214FF480701A70FFF7E4BF1A5F0020BB
S21403CC6008B5054B1868FCF7C1FB00F00300C31EAC
S21403CC705842584108BD00BFFC4F002038B5044653
S21403CC8001F03BFA0C4B05461978187981420FD010
S21403CC90631E082B0CD8DFE803F0050D0B0D0B0DF8
S21403CCA00D0D0D0000220146044B1868FCF79CFB93
S21403CCB0284638BD0022F7E7AB680020FC4F00206B
S21403CCC038B54FF0FF300C46FFF77AF80A4B0546A7
S21403CCD01868FFF775F8641B241A20B210F1630F67
S21403CCE006DB10F1240F05DA64308000C0B238BDCD
S21403CCF00020FCE7FF20FAE7FC4F002008B5134BA3
S21403CD001B78062B04D040F62101114801F0C8F821
S21403CD10104B1B881B0704D440F622010C4801F075
S21403CD20BFF80D4B2A201978FFF7A8FF002108202B
S21403CD30FFF778FF0222094B1A70094B1868E3F7CE
S21403CD40ADFDBDE8084001F027B900BF1A5F00201B
S21403CD505A7B0400CA570020175F0020E0680020B3
S21403CD60FC4F002010B50E4C236823B940F6A341B0
S21403CD700C4801F095F82068013001F06FF900F0D7
S21403CD80070003280AD1246809220121204600F05F
S21403CD90E3FB205C031F5842584110BD0020FCE70C
S21403CDA0EC4F00205A7B040038B50C4640B10021F6
S21403CDB00420FFF737FF01F0EFF8012C1DD038BD34
S21403CDC0244B1B889B07F6D50129234A2FD11178BC
S21403CDD069B30139C9B2117011B92020FFF722FFD8
S21403CDE000210220FFF71EFF04221C4B00211C48D3
S21403CDF01A7000F05DFD01F0CFF81A4C2068013080
S21403CE0001F02CF900F44060B0F5006F1FD12468E0
S21403CE1001210422204600F09FFB204401F01EF966
S21403CE200146BDE838400022202001F0E0B800218A
S21403CE300D4D02201170FFF7F5FE2B78FF2B04D063
S21403CE4040F29961094801F02BF82C70B3E74FF6CE
S21403CE50FF71E6E7CA570020195F00201A5F00201B
S21403CE60EC650020EC4F0020E16800205A7B0400AC
S21403CE7038B5134C05462388580709D5FFF7F0FE47
S21403CE8001460720FFF7FAFEFF210120FFF78CFF7C
S21403CE90238899070BD50B4B284619788A1F5142CE
S21403CEA05141FFF7EBFE01210020FFF77DFF2388AA
S21403CEB01B0703D5BDE83840FFF720BF38BD00BFCA
S21403CEC0CA5700201A5F0020F7B5124CD4E9006554
S21403CED086EA020C85EA03070CEA000C0F405CEABC
S21403CEE0070E15D086EA0C067D40C4E90065CDE939
S21403CEF000230B46084902460868FBF739FE38B19B
S21403CF004FF4FD71054803B0BDE8F04000F0C8BF1C
S21403CF1003B0F0BD50160020FC4F00205A7B0400DF
S21403CF2008B50A4B1B88DB0604D440F647010848BD
S21403CF3000F0B6FF00211020FFF774FE002000F07B
S21403CF406BFBBDE8084001F027B800BFCA570020B6
S21403CF505A7B04002DE9F04F5706804614461D46BB
S21403CF6091B005D5FFF77CFE01460120FFF786FE4C
S21403CF70EE0403D500212D20FFF780FEA00224D562
S21403CF804046FCF7DFFA0146F8B94020FFF74AFEB1
S21403CF9040460AA9FBF7B3FEB8B99DF83030022B1A
S21403CFA040F0D980BDF8280000F0B6FDFF2808D170
S21403CFB04046FBF7A2FE40B901214020FFF732FEB0
S21403CFC003E000F0C3FD0028F2D1A10305D5FFF767
S21403CFD047FE01460320FFF751FEE20104F0807688
S21403CFE040F1C080854B1B889B072DD5844E306847
S21403CFF0FBF71AFE40BB834B834F18703B78FF2B1F
S21403D00004D040F25761814800F04AFF4FF0000910
S21403D01000210220FFF706FE87F800907C4F3B783E
S21403D020062B07D101210820FFF7FCFD49462820DF
S21403D030FFF724FE3B78052B06D100212B20FFF7B4
S21403D0401DFE3068E3F72AFC00F0A6FF220717D57B
S21403D0506B4F0321386805AAFBF700FE064620B986
S21403D06040F2C961694800F01BFF9DF81430072B96
S21403D07000F0D080FFF7F4FD01460420FFF7FEFD25
S21403D080E10505D5FFF7ECFD01460420FFF7F6FDA5
S21403D09014F4863F05D0FFF7E3FD01460220FFF7B1
S21403D0A0EDFDA20113D5FFF7DBFD01460820FFF7D0
S21403D0B0E5FD00210420FFF7B5FD554B1B78012B3A
S21403D0C003D14F4B1868E3F7E9FB00F065FF14F054
S21403D0D0084F09D0FFF7C4FD01460720FFF7CEFD32
S21403D0E0FF210120FFF760FEA30009D5FFF7B8FD77
S21403D0F001460620FFF7C2FDFF210120FFF754FE7D
S21403D100A70705D53D4B1B881E0701D5FFF7F6FD80
S21403D1106C0603D500210A20FFF7B0FD280602D5CA
S21403D1200120FCF720FAE90540F1858140460AAA6A
S21403D13005A9FCF757F99DF81430222B00F06D81F2
S21403D14000F28281152B40F26A8140F60A112F48BD
S21403D15000F0A6FE6FE1032B7FF437AF0AA801F0B9
S21403D16067F830E705F0020756EA07030DD0284BA9
S21403D17026201978A1F1060EDEF1000141EB0E011F
S21403D180FFF77CFD0121304611E004F0805656EA95
S21403D19007030FD01E4B26201978A1F1060CDCF1ED
S21403D1A0000141EB0C01FFF769FD02213846FFF74A
S21403D1B0FBFD4BE704F0884151EA060309D0144B04
S21403D1C0272019788F1F79427941FFF757FD0221EF
S21403D1D0D9E705F008030B4302D02320FFF74EFDE3
S21403D1E0680703D500212420FFF748FDE9077FF5EC
S21403D1F02DAF00212520FFF741FD27E7CA57002062
S21403D200FC4F0020195F0020E16800205A7B0400D1
S21403D2101A5F0020314638680AAAFBF725FD20B1BD
S21403D2204FF4DA619E4800F03BFEBDF816303868CE
S21403D23002330AA9ADF82C30FBF718FD20B140F2F3
S21403D240DF61974800F02CFE002300933146042349
S21403D250386804AAFBF70CFD042804D040F2E46106
S21403D2608F4800F01DFEDFF8589299F80030C3BBD4
S21403D2700DF1110000F0F2FE00F00700022830D195
S21403D280FFF7EEFC01460920FFF7F8FC854B1B78F9
S21403D290062B23D1844B9DF813201B789A421DD16D
S21403D2A09DF8353023B940F2FA617D4800F0F8FD69
S21403D2B00DF1110000F0D2FEC0F30016314629200E
S21403D2C0FFF7DCFC00210820FFF7ACFC774B1E7051
S21403D2D0FFF748FD10B93868E3F7E0FA00F05CFEA4
S21403D2E0CEE6BDF816000121083080B200F068FAD9
S21403D2F0039030B9FFF7B4FC01460420FFF7BEFCE9
S21403D300ECE700F0E9F905AA014606463868FBF79C
S21403D310B7FC99F800A0BAF1000F22D106F1010B71
S21403D320584600F09BFE83065AD53868FCF70AF980
S21403D3300746FFF795FC05370146F8B2FFF79EFC54
S21403D340584600F08BFE00F007000328584F2DD0F8
S21403D35001210420FFF766FC4FF0FF30FBF7AFFC1C
S21403D360386000225349BDF816300978F718F1548F
S21403D3709DF83630BB709DF83730FB700A9B190E4C
S21403D3803971190C7971FB71190A99F80030B97162
S21403D39023B9737892B343F020037370002000F030
S21403D3A069F97870039800F071FA97E7012109226A
S21403D3B0304600F0D1F8305C01210428C9D1FFF7CC
S21403D3C031FC4FF0FF30FBF77AFC3B4B38601B8891
S21403D3D05806C6D551464020FFF724FC0122C1E774
S21403D3E0FFF73EFC01460920FFF748FC2D4B1B7850
S21403D3F0012BB6D13868E3F751FAB2E723F02003DE
S21403D400CBE701227E33DBB202FA03F313F00A1FE3
S21403D41031D113F0011F3FF498AE27202CE00122F0
S21403D42002FA03F3254A1A402ABB13F0041FF4D169
S21403D430DA077FF58AAEAB052FD50121802011B020
S21403D440BDE8F04FFFF7EEBB652B1AD8622B12D858
S21403D450452B0CD8422B0ED8352B06D8322B0AD8A0
S21403D460252B08D9322BD8D06FE6422BFBE7552B5A
S21403D47005D8522BF7D92620FFF7FAFCDBE7622BF9
S21403D480F1E7952B3FF661AE812BBAD8722BC4D049
S21403D490733B022B3FF659AEEDE711B0BDE8F08FB4
S21403D4A05A7B04001A5F0020165F0020E068002005
S21403D4B0E84F0020E2680020CA5700203A003800F0
S21403D4C01D5F0020024B1878B0FA80F040097047C1
S21403D4D01A5F002008B5064B4FF0FF311868FBF7BC
S21403D4E0A7FF0028B8BF033040F3870008BD00BF7E
S21403D4F0FC4F002008B5074B1868FBF7CEFA30B18F
S21403D500054BB3FBF0F083B20BB1184608BD012000
S21403D510FCE700BFFC4F002040420F0038B5102048
S21403D5200C460121FFF77EFB064B1D68FFF7E2FF63
S21403D530012200FB04F1044B2846FBF75EFF0020A4
S21403D54038BD00BFFC4F002021CF0300014800F088
S21403D550A7BC00BF747B0400032A70B5144602D828
S21403D5602C4B985C70BD81F0010519B90D2A07D1C3
S21403D570FF20F7E70D2A03D100780538C0B2F1E79C
S21403D580084400F06BFDC5F1040110F44066024642
S21403D590C9B209D1042C0846E4D0052C16D112F0E2
S21403D5A0400F18BF0846DDE7C5F10603042CD8B2C2
S21403D5B0D8D0B6F5006F03D1C5F10805E8B2ECE79D
S21403D5C0B6F5406FE9D1C5F10E05F7E712F4404111
S21403D5D007D1062CC6D0072CC4D0082C13D1013093
S21403D5E0CCE755065CBF831CD8B2062CBAD0B1F57F
S21403D5F0004F02D1831CD8B2EDE7B1F5404FEAD114
S21403D60000F10803F7E7130744BF0530C0B20C2C3C
S21403D610A8D9ADE7B4C60400AC2370B5094C0546DB
S21403D62003FB00435E6D26B940F2FD31064800F069
S21403D63037FCAC2303FB0544002363653346BDE890
S21403D6407040184700500020B17B040010B40C460D
S21403D6501146AC22064B02FB0033586D20B95C65BD
S21403D6605DF8044BFFF75ABF02205DF8044B704782
S21403D67000500020AC22034B02FB003393F8A800B3
S21403D680704700BF0050002028B1034B1B68C01A28
S21403D6904010013080B27047C050002030B1044BB8
S21403D6A000F100401B68013803EB4000704700BFE1
S21403D6B0C0500020064B1B68834206D8054B1B68E8
S21403D6C0834294BF0020012070470020704700BFAC
S21403D6D0C0500020BC50002010B5044608B90020F6
S21403D6E010BD00F018FD20B940F2CD41074800F008
S21403D6F0D7FB2046FFF7D2FF0028F0D00388DB0BCA
S21403D70014BFD0F80A000830EAE700BF887B04009D
S21403D71010B508B9002010BDFFF7C0FF044600F09F
S21403D720F1FC20B94FF49D61064800F0B9FB002CCC
S21403D730F0D02388DB0B0ABF60882089C0F30C0077
S21403D740E9E700BF887B040038B5FFF7A7FF0D465F
S21403D750044650B100F0D6FC20B940F241510348CC
S21403D76000F09EFB023534F8150038BD887B0400B4
S21403D77070B5FFF793FF0C4616460546B0B100F0AA
S21403D780C1FC20B940F24D510C4800F089FB3046ED
S21403D790FFF784FF00F0B6FC20B940F24E5107486D
S21403D7A000F07EFB023425F8146070BD40F252513F
S21403D7B0BDE87040014800F073BB00BF887B0400DF
S21403D7C02DE9F8430746884600F00CFC20B940F2E2
S21403D7D08E512A4800F064FBFC1CA408284B640006
S21403D7E00434B7F5005F1E68A4B204D340F2955123
S21403D7F0224800F055FB00F061FA224981460B6887
S21403D8007BB9214B1D68761BC6F34F06B44227D956
S21403D8100025484600F04DFA2846BDE8F843FFF7D2
S21403D82033BFB8F1000F11D0174A15685A1BC2F35D
S21403D8304F029442ECD81448620005EB440404609B
S21403D840B8F1000F0FD113440B600CE0F61AC6F3C1
S21403D8504F0676B940F2A651084800F021FBD7E7F9
S21403D86005EB44041C6000236F80AB80EB802B80A9
S21403D870CFE7B442CCD8044A1568DCE7887B0400BB
S21403D880C4500020AC500020BC50002038B50546DC
S21403D89000F014FA044629460448002200F048FC27
S21403D8A02046BDE8384000F004BA00BFD057002039
S21403D8B082684B4B2DE9F0419A4204460E460568B2
S21403D8C015D121B140F21311464800F0E9FA00F0F1
S21403D8D0F5F923691BB92B682BB924612C60BDE8C5
S21403D8E0F04100F0E6B91A6922611C61F6E700F020
S21403D8F0D0FA8046FEF76AFA20B14FF4957139489C
S21403D90000F0CEFA6FF000439E4221694BD22B7B88
S21403D91008EB0602002B4DD0AB6893424AD1531C4A
S21403D920002949D06169994242D01EB9521AB2F110
S21403D930004F3DD9636123696E689C4203D19D21E4
S21403D940284800F0ADFA2F460023B4420BD0002B34
S21403D95041D172696169891AB1F1004F32D83269CF
S21403D960374694422CD12269BD420CBF6A603A61A5
S21403D9707BB92669B44203D1B8211A4800F090FA5D
S21403D9803B46012E05D062697169521AB2F1004F07
S21403D99023D99D420BBF6B681A69236122610CBFB2
S21403D9A06C601C6104E0434431B162699342C1D1A7
S21403D9B0BDE8F0811346B3E76A6822616C60B9E795
S21403D9C01646C6E7A8EB0202B2F1004FC7D93B469C
S21403D9D037463669B9E71F46F9E733463669D0E76F
S21403D9E0912302009C7B04000823064A12F8011BBD
S21403D9F0814205D0013B13F0FF03F7D11846704769
S21403DA000120704765C704000823064A12F8011B65
S21403DA10814205D0013B13F0FF03F7D11846704748
S21403DA20012070475DC7040010B508220749044665
S21403DA30DCF7D4FDB0FA80F04FF6FF732289400975
S21403DA4040009A4208BF40F0010010BD76C70400AC
S21403DA5030B504460D4685B002B9084A10685168C9
S21403DA6001AB03C301AB03CB20602046ADF80C50DB
S21403DA701B886160238105B030BD00BF30050400FC
S21403DA80002270B50A4B1C780A4BD5B2AC4202D8BA
S21403DA9000200C7008E01E880132864205D30D7004
S21403DAA01B881B1A5842584170BD1233EDE700BF5E
S21403DAB0975E002088550020F8B5154B04461D6870
S21403DAC00E46E5B1134B1F78874218D900EB400387
S21403DAD005EBC30526B92B69DA0712D42046F8BD31
S21403DAE008223146281DDCF779FD50B92B69DB0780
S21403DAF0F4D40134E4B2A74205F11805F0D1FF24AB
S21403DB00ECE70134E4B2A74205F11805E2D1F6E7E3
S21403DB1028510020006900200A4B01461B6830B5D7
S21403DB202BB1094A14780022D0B2844201D8FF20D0
S21403DB3030BD5D888D4202D11D69ED07F8D40132F0
S21403DB401833F1E728510020006900200F4A0346E6
S21403DB501068D0B10E4A12789A4215D919B203EB5F
S21403DB60430300EBC300036913F001000DD0094A19
S21403DB70126832F8112002F4E2622AB913F00C0F8D
S21403DB8014BF012000207047012070472851002051
S21403DB900069002024510020094B1B686BB1094A19
S21403DBA01278824209D900EB4000C20003EBC000A2
S21403DBB00169C90701D5985C7047FF20704700BF0D
S21403DBC028510020006900200C4A0346106890B1D3
S21403DBD00B4A12789A420DD903EB430300EBC300BA
S21403DBE0D0E9043213F001004FF0000104D01846C8
S21403DBF01146704700200146704700BF2851002099
S21403DC000069002010B5164B187860B1154C2368D0
S21403DC10CBB14FF4707200201349FFF717FD23684A
S21403DC20013B236010BDFFF755FC1049104A91F9DC
S21403DC300040136884420B4C03F10103136023680E
S21403DC40B8BF087053B90B4800F09AFA0028E9D118
S21403DC50BDE8104001460748FFF72ABE0822DAE768
S21403DC60795F00204451002005DC0300745F002028
S21403DC703C510020F8670020054B1B682BB9054B69
S21403DC801868003818BF012070470120704700BF8E
S21403DC90345100203051002010B962B6BFF36F8FA5
S21403DCA07047EFF3108072B67047302383F3118802
S21403DCB0704780F31188BFF36F8F7047EFF31180BF
S21403DCC0302383F311887047002070474FF40040D9
S21403DCD070474FF47A7070470122417803788A4080
S21403DCE030214B4341F2100103F1A04303F5703397
S21403DCF05A507047B0F5802F24D010D8B0F5003FA7
S21403DD0022D006D828B3B0F5803F14BF01204820A0
S21403DD107047B0F5403F14BF01202C207047B0F584
S21403DD20302F13D008D8B0F5E02F11D0B0F5202F40
S21403DD3014BF012010207047B0F57F0F14BF0120D9
S21403DD40062070474B2070472A20704711207047E3
S21403DD502120704708B570B100F022F84FF09843C1
S21403DD605A6CD202FCD5586D10F4702004D0BDE86E
S21403DD700840FFF7BFBF212008BD08B528B12822F9
S21403DD800021DCF7DFF8002008BD2120FCE7036A4A
S21403DD90042B9FBF00EB83020133D16003627047FD
S21403DDA0036A052B14D84FF09842116CC902FCD5B0
S21403DDB004339B0013650168103B116041681160D2
S21403DDC050F8081F11604FF098420344984200D160
S21403DDD0704750F8041F1160F8E7836813B9816031
S21403DDE070475B685A68012AFBD15960704709B1CE
S21403DDF000F005B822207047012100F043B870B543
S21403DE0006460D46FFF75AFF04461D2E37D8DFE8B1
S21403DE1006F00F18361C1E203622243636362628E1
S21403DE20362A2C2E303636363634363636363632B4
S21403DE30FDF7DCFF002628602046FFF73AFF304652
S21403DE4070BD0120CBF73AFAF4E70320FAE7042083
S21403DE50F8E70C20F6E70220F4E70620F2E70720AF
S21403DE60F0E70820EEE70520ECE70920EAE70A20BA
S21403DE70E8E70D20E6E71020E4E70B20E2E70020C2
S21403DE802126D8E70020704708B5FEF733F880B29E
S21403DE9008BD08B5FEF72EF808BD704742DE70478A
S21403DEA038B504460D4600F008F8FFF7FEFE29468F
S21403DEB02046BDE83840FFF7F1BF704710B962B699
S21403DEC0BFF36F8F7047012070472DE9FF410D4662
S21403DED016461F460446A8B14FF00008C0F81C803B
S21403DEE0FEF700FCBDF82C30424602939DF828301E
S21403DEF02946CDE9007320463346FEF7BBFB04B044
S21403DF00BDE8F0812220FAE7F0B51F46002387B06C
S21403DF100D46164604468DF81730A8B1C3610DF1B9
S21403DF201701FEF701FC9DF817207AB9BDF83430C7
S21403DF30294602939DF830302046CDE900733346D8
S21403DF40FEF798FB07B0F0BD2220FBE70320F9E7B6
S21403DF5038B5FFF7B3FE054600F016F80446284624
S21403DF60FFF7A7FE204638BD4FF0B04301285B6994
S21403DF7004D0022805D1C3F3C000704703F00100A4
S21403DF8070470020704770474FF0B0439A6A1207F5
S21403DF90FCD4186A7047704708B5FFF7FCFF00F01B
S21403DFA01DF808BD10B5FFF77CFE012104460846A0
S21403DFB0FEF73CF82046BDE81040FFF76DBE10B5EF
S21403DFC0044600F012F82046FAF7E5FC2046F7F779
S21403DFD0F4FDBDE81040F9F7ADB9704708B5FFF793
S21403DFE0FCFF08BD0120704770470020704730B51E
S21403DFF089B00446ADF806108DF81020FFF7F4FC40
S21403E00005462046FFF700FD03469DB1BDF8060012
S21403E010ABB900F0BAF8FF2808BF00200DF10F03D4
S21403E0208DF80F001A46204604990593FEF782FDE5
S21403E03009B030BD0028F5D00DF10603F2E700F075
S21403E040A4F8FF2808BF0020BDF806308DF80F009F
S21403E050ADF81A308DF8180006ABE3E70088704772
S21403E0600170090A4170704701207047012070470C
S21403E07038B5DAF7A7FE0446D0F722F9051E18BF0F
S21403E0802546D0F7EFF9041E18BF2C46FFF7ECFF22
S21403E090002818BF204638BD38B5FEF717F90446E2
S21403E0A0F6F740FF04281ED002284FF0000508BFED
S21403E0B00124F7F751FE042817D0022808BF0124CD
S21403E0C0F7F768FB042812D0022808BF0124FFF7DD
S21403E0D0CDFF04280DD0022808BF0124002D18BF49
S21403E0E00024204638BD0125E3E70125E8E701259E
S21403E0F0EDE70024F5E7FF20704708B5FFF7FBFFC1
S21403E100002008BD08B520B1FFF7D4FA00F00100DF
S21403E11008BD0120FAE708B5FFF7C0FABDE80840D6
S21403E120FFF7F0BF008810B1C9B2FFF70DBB704709
S21403E1302DE9F041B0F8008006460C46D5B2B8F19A
S21403E140000F11D029464046FFF7FEFA224607463F
S21403E15029464046FFF70CFB3A4629462046FFF77A
S21403E16007FB3480BDE8F0810F46F5E703461B88BE
S21403E17008468B4202D00021FFF7E6BA002070471C
S21403E1800069003818BF0120704700207047F8B5B3
S21403E19006460D46FFF748FC0328044621D02846CA
S21403E1A0FFF742FC032807461BD010F0020318D1E2
S21403E1B0A0070DD5F90716D401233C43E20704D480
S21403E1C031892A89914218BF002303F00100F8BD64
S21403E1D0082229463046DCF701FAB0FA80F35B09D9
S21403E1E0EBE70020F3E71846F1E770B50D4600218C
S21403E1F00646FFF797FF044630B1FFF76DFA014670
S21403E2002846FFF7C4FF08B1204670BD21463046B6
S21403E210FFF7ACFFEFE707B50DF10701FFF730FC9B
S21403E22020B19DF8070003B05DF804FBFF20FAE772
S21403E23008B500F009F8FF2804D0FFF7C5FCC0F3C3
S21403E240C00008BD0120FCE701460020FFF734BCF0
S21403E25008B5FFF761FCFF3818BF012008BD2DE99C
S21403E260F84307460846154688461C469DF8209000
S21403E270FFF732FA4619A4B19EB14046FFF748FAB3
S21403E280254485420FDC2246B9F1000F06D13146FC
S21403E2903846DBF7A9FE0020BDE8F883394630464A
S21403E2A0F7E72120F8E71D20F6E70000000000004E
S21403E2B00000000000000000000000000000000056
S21403E2C0F8B500BFF8BC08BC9E467047F8B500BF5B
S21403E2D0F8BC08BC9E4670475FF800F0AD600020AF
S21403E2E05FF800F049610020446576696365207431
S21403E2F0797065206368616E67652064657465631D
S21403E3007465643A202564202D3E2025640D0A009A
S21403E310427574746F6E2076616C756520636861F0
S21403E3206E67656420746F2025640D0A005072655D
S21403E33073732064657465637465640D0A004D75B4
S21403E3406C74692070726573732064657465637496
S21403E35065643A2025640D0A0052656C6561736531
S21403E3602064657465637465640D0A004C6F6E679C
S21403E3702070726573732064657465637465640DD9
S21403E3800A0072656C61795F73746172745F6C61A5
S21403E390746368696E675F70756C73653A20616E47
S21403E3A06F746865722070756C736520697320617D
S21403E3B063746976650D0A0072656C61795F6F6ECA
S21403E3C00D0A0072656C61795F6F66660D0A0072EE
S21403E3D0656C61795F746F67676C650D0A005772C9
S21403E3E06974696E6720636F6E66696720746F2051
S21403E3F06E763A2025730D0A0053697A653A20250E
S21403E400640D0A004661696C656420746F20777238
S21403E410697465204445564943455F434F4E464914
S21403E420475F4441544120746F204E562C2073742A
S21403E430617475733A2025642E2028627974657397
S21403E4403A202564290D0A00737563636573732187
S21403E4500D0A004661696C656420746F20726561FD
S21403E46064204E565F4954454D5F444556494345DF
S21403E4705F434F4E4649472C207573696E67206489
S21403E480656661756C7420636F6E66696720696E76
S21403E49073746561642C207374617475733A2025F4
S21403E4A0642E202862797465733A202564290D0A40
S21403E4B0005573696E6720636F6E6669673A202539
S21403E4C0642063686172732066726F6D0D0A25732C
S21403E4D00D0A006D72647575626F643B4D53343B71
S21403E4E0534231753B5241343B4944303B534230EF
S21403E4F0753B5243303B4943323B534133753B52A2
S21403E50043313B4941353B534130753B5244313BE4
S21403E5104941363B4D3B004E6574776F726B2073F3
S21403E5207461747573206368616E67656420746FC5
S21403E5302025640D0A004D616E75666163747572FD
S21403E540657220746F6F206269670D0A004D6F64F1
S21403E550656C20746F6F206269670D0A00496E69E7
S21403E5607469616C697A696E67205A696762656562
S21403E57020776974682025642073776974636865F7
S21403E580732C2025642072656C6179732C202564B6
S21403E59020636F766572730D0A00436F6E66696754
S21403E5A02070617273656420737563636573736645
S21403E5B0756C6C790D0A00726561642076657273FA
S21403E5C0696F6E20666F726D206E6577206C6F6361
S21403E5D06174696F6E0D0A004661696C6564207428
S21403E5E06F207772697465206C6173745365656E0A
S21403E5F056657273696F6E20746F204E562C2073A7
S21403E600743A2025640D0A004F6C64207665727395
S21403E610696F6E3A2025640D0A0043757272656E43
S21403E620742076657273696F6E3A2025640D0A004E
S21403E630524553455420414C4C210D0A0068616CE9
S21403E6405F6770696F5F63616C6C6261636B3A20CE
S21403E65065787469206C696E6520256C6420737414
S21403E6606174757320256C750D0A0068616C5F67AD
S21403E67070696F5F63616C6C6261636B3A206E6F87
S21403E68020667265652045585449206C696E65732B
S21403E6900D0A002F686F6D652F72756E6E65722F8B
S21403E6A0776F726B2F747579612D7A69676265650A
S21403E6B02D7377697463682F747579612D7A69672A
S21403E6C06265652D7377697463682F73696C61621D
S21403E6D0735F746F6F6C732F73696D706C696369A6
S21403E6E074795F73646B2F2E2E2F2E2E2F73726307
S21403E6F02F73696C6162732F68616C2F7A69676226
S21403E70065652E630044726F7070696E67206F6C68
S21403E71064204F544120696D6167652C20637572D0
S21403E72072656E74206F66667365743A20256C7521
S21403E7300A00556E6B6E6F776E20636F7665722078
S21403E740636F6D6D616E643A2025640D0A00417433
S21403E75074726962757465206368616E6765642C9C
S21403E7602065703A2025642C20636C75737465727B
S21403E7703A2025642C20617474723A2025640D0AAD
S21403E78000556E6B6E6F776E20636F6D6D616E6492
S21403E7903A2025640D0A00496E646578206174206A
S21403E7A0777269746520617474723A2025640D0A61
S21403E7B0004E6F2073776974636820636F6E6669B3
S21403E7C06720696E204E562C207573696E67206429
S21403E7D0656661756C74730D0A00496E76616C69C3
S21403E7E0642072656C61795F696E64657820256460
S21403E7F020696E204E562C20726573657474696E9C
S21403E8006720746F2064656661756C740D0A003E3C
S21403E8102000556E6B6E6F776E206572726F720096
S21403E820496E70757420627566666572206973201A
S21403E83046554C4C004D6178696D756D206E756D4F
S21403E840626572206F6620617267756D656E74739C
S21403E8502065786365656465640054686520617245
S21403E86067756D656E74206973206E6F7420666FAE
S21403E870726D617474656420636F72726563746C21
S21403E8807900496E636F727265637420617267758F
S21403E8906D656E74207479706500496E636F72726D
S21403E8A0656374206E756D626572206F6620617293
S21403E8B067756D656E7473004E6F20636F6D6D6163
S21403E8C06E6420666F756E640075696E74380061D9
S21403E8D064646974696F6E616C002A00756E6B6E92
S21403E8E06F776E0077696C6463617264006865783D
S21403E8F06F707400737472696E676F7074007569F5
S21403E9006E7433326F70740075696E7431366F705F
S21403E910740075696E74386F707400686578007378
S21403E9207472696E670075696E7431360075696E48
S21403E930743332002E2E2E200068656C70000A2574
S21403E940730A257325730025732008002F686F6DDF
S21403E950652F72756E6E65722F776F726B2F747577
S21403E96079612D7A69676265652D73776974636863
S21403E9702F747579612D7A69676265652D7377697A
S21403E9807463682F73696C6162735F746F6F6C7303
S21403E9902F73696D706C69636974795F73646B2F29
S21403E9A0706C6174666F726D2F73657276696365DA
S21403E9B02F6C65676163795F68616C2F7372632F71
S21403E9C0626173652D7265706C6163656D656E74E7
S21403E9D02E63002F686F6D652F72756E6E65722FCE
S21403E9E0776F726B2F747579612D7A6967626565C7
S21403E9F02D7377697463682F747579612D7A6967E7
S21403EA006265652D7377697463682F73696C6162D9
S21403EA10735F746F6F6C732F73696D706C69636962
S21403EA2074795F73646B2F706C6174666F726D2F8D
S21403EA30736572766963652F746F6B656E5F6D6160
S21403EA406E616765722F6C65676163792F73726396
S21403EA502F736C5F746F6B656E5F6D616E61676558
S21403EA60722E63002F686F6D652F72756E6E6572FA
S21403EA702F776F726B2F747579612D7A696762656C
S21403EA80652D7377697463682F747579612D7A6958
S21403EA90676265652D7377697463682F73696C6144
S21403EAA062735F746F6F6C732F73696D706C6963D9
S21403EAB06974795F73646B2F706C6174666F726DC3
S21403EAC02F736572766963652F746F6B656E5F6D02
S21403EAD0616E616765722F6C65676163792F737208
S21403EAE0632F736C5F746F6B656E5F6D616E7566B7
S21403EAF06163747572696E672E630043757272651F
S21403EB006E7420436F6E6669673A2025307800532B
S21403EB10657420434341206D6F646520746F202520
S21403EB20643A2025307800656E61626C6564006423
S21403EB30697361626C6564006F757428636C6965DC
S21403EB406E742900696E20287365727665722900D3
S21403EB504D464720537472696E673A202573004109
S21403EB6070704275696C646572204D464720436F2A
S21403EB7064653A20307825303458006E6F6465201B
S21403EB805B004164646974696F6E616C20696E74BE
S21403EB906572666163657300202025643A20007001
S21403EBA0616765205B25645D206368616E205B2575
S21403EBB0645D20707772205B25645D006E6F742041
S21403EBC0616374697665006572726F7220307825AA
S21403EBD03038580070616E4944205B3078253034F5
S21403EBE0585D206E6F64654944205B307825303469
S21403EBF0585D20007870616E205B3078007061721B
S21403EC00656E744944205B3078253034585D207037
S21403EC106172656E7452737369205B25645D006E62
S21403EC206F646554797065205B005365637572691C
S21403EC307479206C6576656C205B253032585D00F0
S21403EC406E6574776F726B207374617465205B25D1
S21403EC503032585D200042756666657220627974AC
S21403EC6065733A202564202F2025640045702063B1
S21403EC706E743A202564006570202564205B656EFB
S21403EC8064706F696E742025732C206465766963DF
S21403EC90652025735D20006E776B205B25645D2001
S21403ECA070726F66696C65205B3078253034585D0A
S21403ECB0206465764964205B3078253034585D20BF
S21403ECC0766572205B3078253032585D0020202030
S21403ECD020257320636C75737465723A203078252B
S21403ECE030345820004E776B20636E743A202564C8
S21403ECF0006E776B202564205B25735D0050726978
S21403ED006D617279202870726F290020206E6F64FF
S21403ED106554797065205B3078253032585D002065
S21403ED2020736563757269747950726F66696C6572
S21403ED30205B3078253032585D0045502025643AF4
S21403ED4020257320004572726F723A2020556E6B31
S21403ED506E6F776E20656E64706F696E742E0045F5
S21403ED606E61626C65206576656E74206465627597
S21403ED706720696E666F20696E20436F7265204355
S21403ED804C4920636F6D706F6E656E74006F6E6CAA
S21403ED907920636F6F7264696E61746F7273206338
S21403EDA0616E20666F726D0A006A6F696E20307836
S21403EDB0253038580A006C65617665002573203067
S21403EDC078253032580A0072656A6F696E44696640
S21403EDD06644657669636554797065006578742E54
S21403EDE02050414E2049443A20004E574B206F7026
S21403EDF0656E3A20257520736563004E574B206376
S21403EE006C6F7365640066696E64206A6F696E6111
S21403EE10626C653A203078253032580066696E6435
S21403EE2020756E757365643A203078253032580045
S21403EE304368616E67696E6720746F206368616EEE
S21403EE406E656C2025643A20307825303258006988
S21403EE506E76616C6964206E6574776F726B206979
S21403EE606E6465780053686F72742049443A2030A4
S21403EE7078253034582C2045554936343A20002C12
S21403EE802050616E2049443A2030782530345800AB
S21403EE9053746172746564206D756C74692D706843
S21403EEA07920696E74657266616365004661696C94
S21403EEB0656420746F2025732025732030782530F1
S21403EEC03258005465726D696E61746564202573EB
S21403EED020307825303258004B65657020616C69A8
S21403EEE0766520737570706F727420656E61626CE0
S21403EEF065642E006661696C656420746F207365B3
S21403EF0074206B65657020616C697665206D6F642F
S21403EF10652E007375636365737366756C6C792011
S21403EF2073657420746865206368696C642074690B
S21403EF306D656F7574206F7074696F6E206D617385
S21403EF406B2E006661696C656420746F207365744C
S21403EF5020746865206368696C642074696D656FE6
S21403EF607574206F7074696F6E206D61736B2E00FD
S21403EF70646973636F766572004D617463682025F8
S21403EF8073792066726F6D203078253034582C20C4
S21403EF906570202564004E574B2041646472657388
S21403EFA07320726573706F6E73653A203078253000
S21403EFB0345800494545452041646472657373209F
S21403EFC0726573706F6E73653A2000536572766967
S21403EFD063652025737920646F6E652E00232020D9
S21403EFE0747970652020206E776B20206C6F632009
S21403EFF0202072656D202020636C75732020206EA0
S21403F0006F64652020206575690020202564202014
S21403F0102020307825303458202030782530345856
S21403F0202020307825303458203078253034582046
S21403F03000736C5F7A69676265655F6765745F62B4
S21403F040696E64696E67204572726F723A20307813
S21403F050253038580A002564206F66202564206210
S21403F060696E64696E6773207573656400656E61A7
S21403F070626C6564207072696E74006469736162A1
S21403F0806C6564207072696E7400616464206C69D8
S21403F0906E6B206B6579004552523A2043616C6370
S21403F0A0756C617465642043524320646F657320F6
S21403F0B06E6F74206D61746368004552523A20493E
S21403F0C06E7374616C6C20436F6465206D75737426
S21403F0D020626520382C2031302C2031342C206FD0
S21403F0E07220313820627974657320696E206C65EE
S21403F0F06E677468004552523A204145532D4D4D74
S21403F1004F2068617368206661696C65643A2030D5
S21403F110782530325800536574206A6F696E696EBD
S21403F12067206C696E6B206B65790073657420626B
S21403F130696E642025643A2030782530327800459D
S21403F1404D50545900554E494341004D324F4E459C
S21403F150004D554C5449003F2020202000496E6442
S21403F160657820494545452041646472657373207C
S21403F17020202020202020204E574B496E6465789F
S21403F1802020496E204643202020202054544C281B
S21403F190732920466C6167202020204B6579202048
S21403F1A02020002564202020202000202025642005
S21403F1B02020202020200020202530385820200022
S21403F1C020307825303458202000496E6465782036
S21403F1D049454545204164647265737320202020A9
S21403F1E02020202020496E20464320202020205423
S21403F1F079706520204175746820204B6579002D51
S21403F2002020202020002563202020202025632086
S21403F2102020202000696573005741524E494E470F
S21403F2203A202052454144494E47204F46204B45FD
S21403F230592056414C5545532044495341424C4569
S21403F24044204259204D464720544F4B454E004ECE
S21403F250574B204B6579002573206F757420464302
S21403F2603A202530385800257320736571206E7553
S21403F2706D3A20307825303258002573206F757428
S21403F2802046433A202530387800544320257320FF
S21403F290002573205461626C650025642F25642065
S21403F2A0656E747269657320757365642E00547297
S21403F2B0616E7369656E74204B65790025642065FD
S21403F2C06E7472257320636F6E73756D696E672037
S21403F2D02564207061636B6574206275666665726B
S21403F2E025732E0057494C4C0057494C4C204E4F23
S21403F2F0540054727573742043656E7465722025CA
S21403F3007320616C6C6F77207472757374206365F9
S21403F3106E7465722072656A6F696E7320757369A1
S21403F3206E672077656C6C2D6B6E6F776E206B65E2
S21403F330792E005365742074696D656F7574206645
S21403F3406F722054727573742043656E74657220F1
S21403F35072656A6F696E73207573696E6720776569
S21403F3606C6C2D6B6E6F776E206C696E6B206B65A5
S21403F3707920746F202564207365636F6E64732E23
S21403F380004552524F523A20002573737461636BE3
S21403F390206D75737420626520646F776E2E00523D
S21403F3A0656164696E6720416C6C6F7765640048BD
S21403F3B0617368696E67206F6E6C7900736C5F7A31
S21403F3C069676265655F6B65795F73657474696E9B
S21403F3D067735F743A203078253034580020205005
S21403F3E065726D697373696F6E733A202573004592
S21403F3F072726F723A204661696C656420746F207E
S21403F40067657420636F6E6669672C207374617416
S21403F41075733A20307825303858004661696C6534
S21403F420643A20307825303858004D73673A2063A5
S21403F4306C7573203078253034582C20636D642027
S21403F4403078253032582C206C656E202564006297
S21403F45075666665723A2000454D4245525F002543
S21403F4607353454355524954595F4C4556454C3A98
S21403F47020253032580025736572617365206B65ED
S21403F480792025643A2030782530385800636D6437
S21403F490206E6F74206275696C74007372632065E6
S21403F4A07020253032782C20636C75732025303419
S21403F4B0780073656E64696E6720746F206D756C73
S21403F4C07469636173742062696E640025733A20FD
S21403F4D065703A2025642C20636C3A2030782530FA
S21403F4E034582C20617474723A203078253034589E
S21403F4F0002C207376723A2025630025733A207217
S21403F5006561643A20307825303278002C20737693
S21403F510723A2025632C2064747970653A2030781B
S21403F5202530325800417267756D656E74206174BC
S21403F53020696E6465783A202564206973206F75A8
S21403F54074206F662072616E676500436F6D6D6130
S21403F5506E6420616C7265616479206275696C748F
S21403F5602E202043616E6E6F7420736574204D46A3
S21403F5704720737065636966696320636F646520FB
S21403F580666F7220636F6D6D616E642E004D464725
S21403F59020436F64652053657420666F72206E6522
S21403F5A0787420636F6D6D616E643A203078253011
S21403F5B0345800557365204E65787420536571750D
S21403F5C0656E63652053657420666F72206E65787A
S21403F5D07420636F6D6D616E643A20307825303227
S21403F5E0580044697361626C652044656661756C96
S21403F5F07420526573706F6E73652053657420664E
S21403F6006F72206E65787420636F6D6D616E643AF9
S21403F61020307825303258004552523A20726561C0
S21403F62064696E67206174747269627574652025F7
S21403F630303278004552523A2061747472696275AA
S21403F64074652073697A6520256420746F6F206C57
S21403F6506172676520666F72206275666665720002
S21403F6604572726F723A206174747269627574655A
S21403F67020494420307825303458207265706F72E4
S21403F6807461626C65206368616E676520697320C8
S21403F69073697A65202564422C206275742025647C
S21403F6A04220656E74657265640A006E6F20636D32
S21403F6B064004572726F723A20434C492053656E5C
S21403F6C064206661696C65642C2073746174757359
S21403F6D03A20307825303858004572726F723A20D7
S21403F6E020455549363420617267756D656E742002
S21403F6F0697320656D70747920616E64206C6F6F1A
S21403F7006B7570206279206E6F64652049442066AD
S21403F71061696C65642E0047726F757000556E697B
S21403F7206361737400556E62696E642025732025C9
S21403F7307330782530325800526571756573743AA4
S21403F74020005A444F2073696D706C65206465739E
S21403F75063207265712025303278005A444F206E3C
S21403F7606F6465206465736320726571202530328B
S21403F77078005A444F206D61746368206465736330
S21403F780207265712025303258005573696E6720E4
S21403F7906D79206C6F63616C20455549363420665D
S21403F7A06F72206465737420455549363420696E3C
S21403F7B02062696E64696E67005A444F2062696E00
S21403F7C06420726571202530327800636C7573741B
S21403F7D06572206C696D697420726561636865641F
S21403F7E000696E76616C696420706167653A2025EE
S21403F7F064206F72206368616E6E656C3A202564C0
S21403F800004368616E6765206368616E6E656C2091
S21403F8107374617475733A203078253032780064D7
S21403F82075726174696F6E206D75737420626520DE
S21403F830696E2072616E67652030202D2035006367
S21403F8406F756E74206D75737420626520696E2003
S21403F85072616E67652031202D2038007363616EF8
S21403F8602073746174757320307825303258006EB7
S21403F8706574776F726B2075706461746520736549
S21403F8807420737461747573203078253032580091
S21403F890416374697665204550207265717565739A
S21403F8A074207374617475733A2030782530325837
S21403F8B0004C5149205461626C6520726571756510
S21403F8C073743A203078253032580042696E646982
S21403F8D06E67205461626C6520726571756573741A
S21403F8E03A20307825303258004C656176652025FD
S21403F8F07330782530325800506F77657220446530
S21403F9007363726970746F72202573307825303292
S21403F91058005573696E67206D79206C6F63616C50
S21403F92020455549363420666F722064657374200B
S21403F930455549363420696E20756E62696E646972
S21403F9406E6700526F757465205461626C6520257E
S21403F95073307825303258002F686F6D652F7275B7
S21403F9606E6E65722F776F726B2F747579612D7A51
S21403F97069676265652D7377697463682F74757933
S21403F980612D7A69676265652D7377697463682F7D
S21403F99073696C6162735F746F6F6C732F73696DD9
S21403F9A0706C69636974795F73646B2F70726F74BC
S21403F9B06F636F6C2F7A69676265652F6170702F4E
S21403F9C06672616D65776F726B2F636F6D6D6F6EA9
S21403F9D02F736C5F7A69676265655F7379737465A5
S21403F9E06D5F636F6D6D6F6E2E6300457874656E25
S21403F9F064656420526573657420696E666F3A2089
S21403FA003078253034582028257329002F686F6DE9
S21403FA10652F72756E6E65722F776F726B2F7475A6
S21403FA2079612D7A69676265652D73776974636892
S21403FA302F747579612D7A69676265652D737769A9
S21403FA407463682F73696C6162735F746F6F6C7332
S21403FA502F73696D706C69636974795F73646B2F58
S21403FA6070726F746F636F6C2F7A69676265652F48
S21403FA706170702F6672616D65776F726B2F636F3F
S21403FA806D6D6F6E2F7A69676265655F6170705F13
S21403FA906672616D65776F726B5F736C6565702EEA
S21403FAA0630053746179206177616B6520776865BD
S21403FAB06E206E6F74206A6F696E65643A202573D4
S21403FAC000466F72636564207374617920617761A1
S21403FAD06B653A202020202020202020202573003C
S21403FAE0466F7263696E6720646576696365207422
S21403FAF06F2073746179206177616B6500416C6C6C
S21403FB006F77696E672064657669636520746F2016
S21403FB10676F20746F20736C656570002F686F6D58
S21403FB20652F72756E6E65722F776F726B2F747595
S21403FB3079612D7A69676265652D73776974636881
S21403FB402F747579612D7A69676265652D73776998
S21403FB507463682F73696C6162735F746F6F6C7321
S21403FB602F73696D706C69636974795F73646B2F47
S21403FB7070726F746F636F6C2F7A69676265652F37
S21403FB806170702F6672616D65776F726B2F636F2E
S21403FB906D6D6F6E2F7A69676265655F73746163F7
S21403FBA06B5F736C6565702E630052583A2052651E
S21403FBB0736574546F466163746F727944656661E6
S21403FBC0756C747343616C6C6261636B00657A7306
S21403FBD07020636F756E74657273206661696C65F9
S21403FBE06420257500657A737020526573657420EA
S21403FBF05468726573686F6C64206572726F7220E6
S21403FC00257500657A737020536574205468726591
S21403FC1073686F6C64206572726F72202575002599
S21403FC2075292025733A2025750053657474696E0B
S21403FC3067205468726573686F6C6420636F6D6DBC
S21403FC40616E64003F3F3F004D616320527820425F
S21403FC5063617374004D616320547820426361735B
S21403FC6074004D6163205278205563617374004DB0
S21403FC706163205478205563617374004D6163207B
S21403FC805478205563617374205265747279004DFD
S21403FC906163205478205563617374204661696CF0
S21403FCA000415053205278204263617374004150E0
S21403FCB0532054782042636173740041505320529A
S21403FCC0782055636173740041505320547820554F
S21403FCD06361737420537563636573730041505394
S21403FCE020547820556361737420526574727900CA
S21403FCF041505320547820556361737420466169DC
S21403FD006C00526F757465204469736320496E698D
S21403FD10746961746564004E65696768626F722012
S21403FD204164646564004E65696768626F72205259
S21403FD30656D6F766564004E65696768626F7220ED
S21403FD405374616C65004A6F696E20496E6469631B
S21403FD506174696F6E004368696C64204D6F7665E5
S21403FD606400415348204F766572666C6F77004196
S21403FD705348204672616D65204572726F7200416A
S21403FD805348204F76657272756E204572726F7295
S21403FD90004E574B204643204661696C75726500DA
S21403FDA0415053204643204661696C757265004195
S21403FDB0534820584F66660041505320556E617570
S21403FDC074686F72697A6564204B6579004E574B89
S21403FDD02044656372797074204661696C75726538
S21403FDE073004150532044656372797074204661F2
S21403FDF0696C75726573005061636B657420427538
S21403FE006666657220416C6C6F636174652046613B
S21403FE10696C757265730052656C6179656420550B
S21403FE20636173740050687920746F204D414320DA
S21403FE307175657565206C696D697420726561639B
S21403FE40686564005061636B65742056616C696411
S21403FE506174652064726F7020636F756E74004EF4
S21403FE60574B207265747279206F766572666C6F75
S21403FE707700434341204661696C7572657300429F
S21403FE80726F616463617374207461626C6520666B
S21403FE90756C6C00505441204C6F20507269205290
S21403FEA0657100505441204869205072692052659C
S21403FEB07100505441204C6F205072692044656E87
S21403FEC06965640050544120486920507269204493
S21403FED0656E69656400505441204C6F205072690A
S21403FEE0205478204162727400505441204869209F
S21403FEF050726920547820416272740041646472BF
S21403FF0065737320436F6E666C6963742053656E06
S21403FF10740043534C205278207363686564756C91
S21403FF2065206661696C6564000D004465627567EB
S21403FF30207072696E742067726F75702025730A5D
S21403FF400057726F6E6720706172616D65746572BB
S21403FF500A0046696E6420616E642042696E6420FE
S21403FF60496E69746961746F723A20436F6D706C81
S21403FF706574653A203078253032580053746172C0
S21403FF8074207461726765740046696E6420616EDE
S21403FF90642042696E642054617267657400257339
S21403FFA03A2025733A20307825303258004672615D
S21403FFB0676D656E746174696F6E20525820776939
S21403FFC06E646F772073697A652073657420746F27
S21403FFD0202564002F686F6D652F72756E6E6572CF
S21403FFE02F776F726B2F747579612D7A69676265E7
S21403FFF0652D7377697463682F747579612D7A69D3
S214040000676265652D7377697463682F73696C61BD
S21404001062735F746F6F6C732F73696D706C696352
S2140400206974795F73646B2F70726F746F636F6C2F
S2140400302F7A69676265652F6170702F6672616DCD
S21404004065776F726B2F706C7567696E2F66726159
S214040050676D656E746174696F6E2F667261676D25
S214040060656E746174696F6E2E630052583A20414F
S214040070646447726F7570526573706F6E73652033
S2140400803078253032582C203078253034580052B9
S214040090583A205669657747726F75705265737063
S2140400A06F6E7365203078253032582C20307825D2
S2140400B03034582C20220052583A20476574477230
S2140400C06F75704D656D626572736869705265739D
S2140400D0706F6E7365203078253032582C20307857
S2140400E0253032582C00205B3078253034585D009B
S2140400F052583A2052656D6F766547726F75705226
S2140401006573706F6E7365203078253032582C20F6
S2140401103078253034580065705B253032585D20C1
S21404012069645B253034585D00436C656172696EA2
S2140401306720616C6C2067726F7570732E00455271
S214040140523A204661696C656420746F2063726558
S2140401506174652062696E64696E6720283078254C
S21404016030325829004552523A2042696E64696E0C
S21404017067207461626C652069732066756C6C0018
S2140401804552523A2077726974696E67206E616DC3
S2140401906520737570706F72742025303258005263
S2140401A0583A2041646447726F7570203078253061
S2140401B034582C20220075760052583A2056696529
S2140401C07747726F7570203078253034580075760E
S2140401D07300766965775F67726F75700047726F34
S2140401E07570733A206661696C656420746F207359
S2140401F0656E6420257320726573706F6E73653A3E
S21404020020307825303258006765745F67726F75E2
S214040210705F6D656D626572736869702072657370
S214040220706F6E73650064656661756C745F726585
S21404023073706F6E73650052583A20476574477240
S2140402406F75704D656D626572736869702030787D
S214040250253032582C007575620047726F757073BE
S2140402603A206661696C656420746F2073656E64F9
S2140402702025733A203078253032580052583A20D8
S21404028052656D6F766547726F75702030782530CD
S2140402903458004552523A204661696C65642074AD
S2140402A06F2064656C6574652062696E64696E6748
S2140402B02028307825303258290072656D6F7665AF
S2140402C05F67726F75700052583A2052656D6F768C
S2140402D065416C6C47726F7570730052583A2041D2
S2140402E0646447726F757049664964656E746966BE
S2140402F079696E67203078253034582C20220061C6
S2140403006464004368616E6E656C206E6F7420765C
S214040310616C69643A202564005072696D61727973
S214040320002573206D61736B206E6F7720307825FF
S214040330303858005365636F6E64617279004D619E
S214040340736B206E6F742076616C69643A20256442
S214040350007072696D617279007365636F6E6461B3
S21404036072790025733A20536574202573206D61D5
S214040370736B20746F2030782530385800537461BE
S2140403807475730025733A2025733A004368616ECA
S2140403906E656C206D61736B3A0020202020283136
S2140403A02920307825303858205B0020202020284B
S2140403B0322920307825303858205B005374617415
S2140403C0653A203078253032582028257329004392
S2140403D0757272656E74206368616E6E656C3A2021
S2140403E0256400546F74616C20626561636F6E737C
S2140403F03A202564004A6F696E20617474656D70D6
S21404040074733A202564004E6574776F726B20739C
S214040410746174653A203078253032580053746F0E
S214040420700025732053746F702E2020436C656112
S2140404306E696E672075702E0042726F6164636128
S2140404407374696E67207065726D6974206A6F696B
S2140404506E0054727573742063656E746572206CD6
S214040460696E6B206B6579207570646174652073A2
S21404047074617475730025733A205741524E494E81
S214040480473A20736C5F7A69676265655F73657463
S2140404905F696E697469616C5F73656375726974AC
S2140404A0795F7374617465206661696C65642E2077
S2140404B0436F6E74696E75696E6720776974686FCA
S2140404C0757420696E7374616C6C20636F64652E3A
S2140404D0004572726F723A20696E7374616C6C2098
S2140404E0636F6465207365747570206661696C65F6
S2140404F0642E20497320616E20696E7374616C6C7F
S21404050020636F646520666C6173686564206F6E33
S214040510746F20746865206465766963653F00D0EF
S214040520D1D2D3D4D5D6D7D8D9DADBDCDDDEDF001A
S214040530FFFFFFFFFFFFFFFF005A69674265654143
S2140405406C6C69616E636530390025733A20697393
S2140405507375696E67207363616E206F6E202573F2
S214040560206368616E6E656C7320286D61736B2002
S2140405703078253038582900257320697320616C3B
S214040580726561647920696E2070726F6772657334
S21404059073005374617274004578616D696E696E98
S2140405A06720626561636F6E206F6E206368616E9C
S2140405B06E656C20256420776974682070616E49C6
S2140405C06420307825303458005468697320626596
S2140405D061636F6E206973206E6F7420706172742D
S2140405E0206F66207468652063757272656E742069
S2140405F06368616E6E656C206D61736B202830785D
S21404060025303858292E2047657474696E67206E25
S21404061065787420626561636F6E2077686F7365B2
S214040620206368616E6E656C206269746D61736BBD
S214040630206973207365742E004572726F723A20B7
S214040640257320636F756C64206E6F7420617474F8
S214040650656D7074206A6F696E3A20307825303282
S21404066058004E6F20626561636F6E73206C65661A
S21404067074206F6E2063757272656E74206D61737C
S2140406806B2E204D6F76696E6720746F206E6578CA
S21404069074207374617465002573206A6F696E69CB
S2140406A06E6720307825303458206F6E206368617A
S2140406B06E6E656C20256400257320537461746522
S2140406C03A202573004572726F723A2025732063B0
S2140406D06F756C64206E6F74207365747570207308
S2140406E0656375726974793A20307825303258001B
S2140406F04572726F723A205363616E20636F6D7039
S2140407006C6574652068616E646C657220726574CD
S21404071075726E6564203078253032580025732053
S2140407207363616E20636F6D706C6574652E204212
S2140407306561636F6E732068656172643A20256430
S21404074000257320737461636B207374617475730E
S21404075020307825303258002573206E6574776F04
S214040760726B206A6F696E65642E0025732074723E
S21404077079696E67206E657874206E6574776F721B
S2140407806B2E004E6F6E65005363616E2050726967
S2140407906D617279204368616E6E656C7320616E5C
S2140407A0642075736520436F6E6669677572656449
S2140407B0204B6579005363616E205072696D6172D7
S2140407C079204368616E6E656C7320616E64207573
S2140407D0736520496E7374616C6C20436F646500A6
S2140407E05363616E205072696D617279204368614B
S2140407F06E6E656C7320616E642055736520436568
S2140408006E7472616C697A6564204B657900536313
S214040810616E205072696D617279204368616E6EF4
S214040820656C7320616E6420557365204469737427
S21404083072696275746564204B6579005363616EF2
S214040840205365636F6E64617279204368616E6ECF
S214040850656C7320616E642075736520436F6E66E5
S214040860696775726564204B6579005363616E2011
S2140408705365636F6E64617279204368616E6E655A
S2140408806C7320616E642075736520496E737461A1
S2140408906C6C20436F6465005363616E205365631C
S2140408A06F6E64617279204368616E6E656C732046
S2140408B0616E64205573652043656E7472616C695D
S2140408C07A6564204B6579005363616E20536563D3
S2140408D06F6E64617279204368616E6E656C732016
S2140408E0616E642055736520446973747269627519
S2140408F0746564204B6579005363616E2050726999
S2140409006D617279204368616E6E656C7320616EEA
S214040910642055736520416C6C204B6579732028E0
S214040920696E7374616C6C20636F64652C206365F8
S2140409306E7472616C697A65642C2064697374726F
S21404094069627574656429005363616E2053656338
S2140409506F6E64617279204368616E6E656C732095
S214040960616E642055736520416C6C204B65797309
S2140409702028696E7374616C6C20636F64652C2028
S21404098063656E7472616C697A65642C206469733D
S214040990747269627574656429004F6E2F4F6666BB
S2140409A0207365742076616C75653A20253032585C
S2140409B02025303258004552523A207265616469E7
S2140409C06E67206F6E2F6F66662025303258004F94
S2140409D06E2F6F666620616C72656164792073653C
S2140409E07420746F206E65772076616C756500548C
S2140409F06F67676C65206F6E2F6F66662066726F12
S214040A006D202530325820746F202530325800452A
S214040A1052523A2077726974696E67206F6E2F6F30
S214040A206666202530325800496E7374616C6C65B6
S214040A30642054797065202842617365293A202021
S214040A40307825303258004361706162696C69748D
S214040A506965733A20202020202020202020203082
S214040A60782530345800426F6F746C6F6164657219
S214040A702056657273696F6E3A20202020203078E5
S214040A80253034580053656375726520426F6F7461
S214040A906C6F61646572204B65793A2020202020B3
S214040AA02000426F6F746C6F6164696E67206661C4
S214040AB0696C65642100446F776E6C6F61642066B0
S214040AC061696C65642E0044656C6574696E6720A4
S214040AD06661696C656420646F776E6C6F61642C04
S214040AE0207374617475733A203078253032580058
S214040AF0496D61676520646F6573206E6F7420634B
S214040B006F6E7461696E20616E20557067726164E1
S214040B106520496D61676520546167202830782513
S214040B20303458292E20536B697070696E672075AF
S214040B307067726164652E00457865637574696EC6
S214040B406720626F6F746C6F61642063616C6C62A3
S214040B5061636B2E005374617274696E672045423C
S214040B604C20766572696669636174696F6E0045C8
S214040B70424C206661696C656420766572696669B4
S214040B80636174696F6E2E0045424C207061737306
S214040B90656420766572696669636174696F6E2E32
S214040BA0002573696E67204F544120636C69656E37
S214040BB074207374617465206D616368696E650082
S214040BC073746F7070004572726F723A204E6F20A5
S214040BD0696D61676520617420696E646578202597
S214040BE064004E6F7420737570706F727465642E33
S214040BF000436C69656E7420696D61676520717564
S214040C0065727920696E666F004D616E756620495F
S214040C10443A2020202020202020203078253034FC
S214040C205800496D61676520547970652049443AD7
S214040C3020202020307825303458004375727265A1
S214040C406E742056657273696F6E3A20203078256C
S214040C503038580048617264776172652056657250
S214040C6073696F6E3A20004E4100517565727920A3
S214040C7044656C6179206D733A2020202020202062
S214040C802020202020256C6400536572766572202F
S214040C90446973636F766572792044656C61792064
S214040CA06D733A20256C6400446F776E6C6F6164D4
S214040CB02044656C6179206D733A20202020202022
S214040CC0202020256C640052756E20557067726172
S214040CD064652044656C6179206D733A2020202079
S214040CE02020256C64005665726966792044656C1C
S214040CF06179206D733A2020202020202020202097
S214040D0020256C6400446F776E6C6F6164204572B6
S214040D10726F72205468726573686F6C643A202030
S214040D202564005570677261646520576169742094
S214040D305468726573686F6C643A202020202564BA
S214040D40004F544120446F776E6772616465733A4E
S214040D502044697361626C6564004F544120446F9B
S214040D60776E6772616465733A20456E61626C657E
S214040D706400426F6F746C6F616420737461746591
S214040D803A20257300496E76616C696420455020CC
S214040D902564207768656E20747279696E6720749E
S214040DA06F2073656E64204F5441206D65737361C4
S214040DB067652E0053656E64696E672055706772AA
S214040DC061646520456E6420726571756573742E62
S214040DD00025733A20696E76616C696420636D64DD
S214040DE0496420307825303258004572726F723A62
S214040DF020204661696C656420746F2073656E6498
S214040E00204F544120636F6D6D616E6420307825E9
S214040E103032582C207374617475733A20307825F8
S214040E203032580053657276657220756E6B6E6F3D
S214040E30776E2C2066616C6C696E67206261636BEA
S214040E4020746F20646973636F766572792E004D23
S214040E506178696D756D2071756572792065727239
S214040E606F72732068697420282564292C20737493
S214040E70617274696E672073656172636820666F59
S214040E8072206E6577204F544120736572766572C2
S214040E902E0A004170706C79696E672075706772EF
S214040EA06164650025733A20696E76616C69642016
S214040EB06F66667365742063757272656E745469C2
S214040EC06D652830782530385829203E207570679F
S214040ED07261646554696D65283078253038582900
S214040EE0004F544120436C75737465723A207761E1
S214040EF0697420666F7220256420730052586564F6
S214040F002074696D654F7574203078253038582004
S214040F10732C204D41582074696D654F75742030CC
S214040F2078253038582073004D6178696D756D20CA
S214040F307570677261646520726571756573747324
S214040F40206D616465202825642920776974686F9C
S214040F50757420726573706F6E73652066726F6D3C
S214040F60207365727665722E0055706772616469C7
S214040F706E6720616E79776179004F54412053651E
S214040F80727669636520646973636F766572792027
S214040F9070726576656E746564202D20616E6F745C
S214040FA068657220697320616C7265616479206972
S214040FB06E2070726F6772657373004661696C6544
S214040FC06420746F20696E69746961746520736542
S214040FD0727669636520646973636F766572792EC9
S214040FE0004F5441205365727669636520446973E3
S214040FF0636F7665727920696E2070726F677265AA
S214041000737300436C69656E7420766572696669ED
S214041010636174696F6E206661696C65642E005343
S21404102069676E617475726500437573746F6D00DD
S214041030706173736564004641494C4544004E6FC5
S214041040207369676E617475726520766572696669
S21404105069636174696F6E20737570706F72742C37
S21404106020617373756D696E6720696D61676520AD
S2140410706973206F6B61792E00257320766572691B
S2140410806669636174696F6E2025733A203078252B
S214041090303258004D6178696D756D206E756D62DD
S2140410A06572206F6620646F776E6C6F616420656E
S2140410B072726F72732072656163682028256429D2
S2140410C02C2061626F7274696E672E004F54412043
S2140410D0436C75737465723A2073657474696E67CD
S2140410E020494545452061646472657373206F66C4
S2140410F0204F544120636C7573746572005061729E
S2140411007469616C2066696C6520646F776E6C6FB9
S214041110616420666F756E642C20636F6E74696EEE
S21404112075696E672066726F6D206F666673657488
S2140411302030782530385800466F756E6420667502
S2140411406C6C7920646F776E6C6F6164656420667E
S214041150696C6520696E2073746F726167652028F8
S21404116076657273696F6E20307825303858292E6C
S21404117000466F756E642066696C6520696E207320
S214041180746F72616765207769746820646966663F
S2140411906572656E742076657273696F6E2028308A
S2140411A0782530385829207468616E206375727209
S2140411B0656E742076657273696F6E2028307825A4
S2140411C0303858290046696C6520696E2073746F40
S2140411D0726167652069732073616D652061732091
S2140411E063757272656E742072756E6E696E6720B2
S2140411F076657273696F6E202830782530385829E2
S214041200004E6F20696D61676520666F756E642099
S214041210696E2073746F726167652E004F544120A7
S2140412205365727669636520446973636F76657285
S2140412307920756E626C6F636B65640049676E6FC8
S21404124072696E67207365727665722066726F6D5A
S214041250206C6F6F706261636B2061646472657387
S214041260730049676E6F72696E6720307825303474
S21404127058204F54412073657276657220696E203B
S214041280736561726368206F662054430053657407
S21404129074696E67204F54412053657276657220D8
S2140412A0746F203078253034580044656C61796951
S2140412B06E67202564207365636F6E6473206265B1
S2140412C0666F7265207374617274696E67204F541A
S2140412D04120636C69656E740054696D656F75743E
S2140412E02077616974696E6720666F72206D657316
S2140412F0736167652E00426164204F544120636F1A
S2140413006D6D616E643A20307825303258004F5443
S2140413104120636F6D6D616E6420307825303258DD
S21404132020746F6F2073686F727420286C656E204B
S2140413302564203C206D696E20256429004F5441A5
S21404134020636F6D6D616E642066726F6D20756EBE
S2140413507265636F676E697A656420736572766515
S21404136072203078253034582E20204D79204F5462
S21404137041207365727665723A2030782530345889
S21404138000496D616765204E6F7469667900476F22
S2140413907420756E65787065637465642025732E95
S2140413A02020537461727420646973636F76657267
S2140413B0792E0064656661756C74004F54413A205A
S2140413C06661696C656420746F2073656E6420259D
S2140413D07320726573706F6E73653A2030782530AB
S2140413E0325800496D616765206E6F7469667900CE
S2140413F0476F7420756E6578706563746564202520
S214041400732E202049676E6F7265642E004F544118
S2140414103A2044656661756C7420726573706F6EED
S214041420736520666F7220496D616765206E6F7400
S2140414306966792C2073746174757320307825304E
S214041440325800496D616765206E6F74696679204D
S214041450636F6D6D616E6400257320756E696361DC
S21404146073742C207175657279696E6700496E769F
S214041470616C6964002573202573207061796C6F34
S21404148061642074797065203078253032580025E0
S214041490732025733A206F7574206F662072616E10
S2140414A06765206A69747465722025640025732054
S2140414B025733A207061796C6F6164206C656E6781
S2140414C0746820646F65736E2774206D6174636836
S2140414D020747970652030782530325820282564A9
S2140414E0203C202564290025732025732064756517
S2140414F020746F206E6F6E2D6D61746368696E67FD
S214041500206D616E756661637475726572204944F8
S2140415100025732025732064756520746F206E6F14
S2140415206E2D6D61746368696E6720696D616765A9
S214041530207479706520494400257320257320643F
S214041540756520746F206D61746368696E672066C4
S21404155069726D776172652076657273696F6E0065
S21404156025732025732C2052782764204A697474C6
S21404157065722028307825303258292C205069632B
S2140415806B6564204A697474657220283078253047
S214041590325829005175657279206E657874206911
S2140415A06D61676520726573706F6E736500257371
S2140415B02072657475726E656420307825303258F2
S2140415C02E20204E6F206E657720696D616765203A
S2140415D0746F20646F776E6C6F61642E00257320C1
S2140415E0746F6F2073686F727420282564203C2003
S2140415F02564290025733A204E657720696D616756
S2140416006520697320617661696C61626C65206629
S2140416106F7220646F776E6C6F61642E0025732082
S2140416206973206E6F74207573696E67206D7920F8
S214041630696D61676520696E666F2E004552524F6C
S214041640523A204E65787420496D61676520697347
S21404165020746F6F2062696720746F2073746F72D2
S214041660652028307825303858203E2030782530BC
S2140416703858290025732072657475726E65642067
S21404168073616D652046696C6556657273696F6E25
S2140416902061732063757272656E746C7920696E4E
S2140416A07374616C6C65642E004F544120446F77EC
S2140416B06E6772616465732044697361626C656405
S2140416C03A2046696C6556657273696F6E2062656A
S2140416D068696E642063757272656E7420696E73D1
S2140416E074616C6C6174696F6E00537461727469B2
S2140416F06E6720646F776E6C6F61642C205665721B
S21404170073696F6E20307825303858004572726FD2
S214041710723A204661696C656420746F2064656C57
S21404172065746520696D6167652E004572726F7217
S2140417303A204661696C656420746F206572617333
S21404174065206F6C642074656D7020646174612E0E
S21404175000496D61676520626C6F636B2072657308
S214041760706F6E7365004F54413A20496D6167652A
S214041770426C6F636B5265706F6E736520636F6E39
S2140417807461696E7320696E76616C6964206F7229
S21404179020696E636F6D706C657465206461746136
S2140417A0005570646174696E67204D696E20426CE2
S2140417B06F636B205265717565737420506572692A
S2140417C06F6420746F202564206D7300446F776EF9
S2140417D06C6F61642064656C61792062792073653E
S2140417E072766572202564206D7300446F776E6C84
S2140417F06F61642061626F7274656420627920731D
S21404180065727665722E0053657276657220646F13
S21404181065736E277420737570706F7274207061B0
S214041820676520726571756573742C206F6E6C79AC
S214041830207573696E6720626C6F636B20726571C6
S214041840756573742E0053657276657220726574BE
S21404185075726E65642027756E737570706F72741A
S214041860656420636C757374657220636F6D6D6157
S2140418706E64272E00556E6B6E6F776E2025732070
S21404188073746174757320636F64652030782530D3
S2140418903258002573206861732064617461207374
S2140418A0697A65202825642920736D616C6C6572DD
S2140418B0207468616E2061637475616C2070616366
S2140418C06B65742073697A6520282564292E0025A3
S2140418D073206572726F723A20457870656374651A
S2140418E064206F6666736574203078253038582C0B
S2140418F02062757420676F74203078253038582E2F
S214041900202049676E6F72696E6700257320696EC2
S214041910666F20646964206E6F74206D61746368FA
S214041920206D7920657870656374656420696E66D9
S2140419306F2E202044726F7070696E672E004661A9
S214041940696C656420746F20777269746520746F9F
S2140419502073746F726167652064657669636521B8
S21404196000446F776E6C6F616400557067726164D3
S2140419706520656E6420726573706F6E73650053C0
S21404198065727665722061626F7274656420757024
S21404199067726164652C207374617475733A2030C1
S2140419A07825303258004572726F723A20257320BB
S2140419B068616420696E76616C69642025733A20D8
S2140419C00066696C652076657273696F6E004164A3
S2140419D064696E67202564206D732E2064656C61CF
S2140419E07920666F7220696D6D656469617465201F
S2140419F0757067726164652E00436F756E74646FEC
S214041A00776E20746F20757067726164653A20255E
S214041A1064206D73002053746174653A2020202579
S214041A2073002057616974696E6720666F7220724E
S214041A306573706F6E73653A20257300204E657863
S214041A4074204576656E742054696D65723A202557
S214041A5064206D73002043757272656E7420446F43
S214041A60776E6C6F6164204F66667365743A2030D7
S214041A707825303858202825642525290025733AEA
S214041A80206661696C65642070617273696E672094
S214041A904F544120636D6420307825303258004F0F
S214041AA054412044656661756C7420726573706F6A
S214041AB06E736520746F20636F6D6D616E6420496C
S214041AC044203078253032582C2073746174757332
S214041AD02030782530325800496D61676520626C85
S214041AE06F636B20726571756573742074657374A7
S214041AF0206F6E6C7920776F726B73207768656ED3
S214041B0020737461746520697320424F4F544C4FA0
S214041B1041445F53544154455F4E4F4E4500526115
S214041B206E646F6D2044656C6179206265666F72C1
S214041B306520737461727400446973636F766572AA
S214041B40696E67204F54412053657276657200476C
S214041B506574204F5441205365727665722045554E
S214041B6049004F627461696E206C696E6B206B6508
S214041B7079005175657279696E67204E65787420B0
S214041B80496D61676500446F776E6C6F6164696E5A
S214041B906720496D61676500566572696679696E86
S214041BA06720496D6167650057616974696E6720CF
S214041BB0666F722055706772616465206D65737315
S214041BC061676500436F756E74646F776E20746F1B
S214041BD020557067726164650057616974696E6741
S214041BE020746F2075706772616465207669612061
S214041BF06F75742D6F662D62616E64206D65636803
S214041C00616E69736D0025733A202564252520636B
S214041C106F6D706C65746500496D61676520256439
S214041C200020204552524F523A20436F756C642070
S214041C306E6F74206765742066756C6C20686561C9
S214041C4064657221002020486561646572205665CB
S214041C507273696F6E3A203078253034580020202D
S214041C60486561646572204C656E6774683A202026
S214041C7025642062797465730020204669656C6467
S214041C8020436F6E74726F6C3A202030782530349F
S214041C90580020204D616E75662049443A20202065
S214041CA020202020307825303458002020496D61CB
S214041CB0676520547970653A2020202020307825E6
S214041CC030345800202056657273696F6E3A2020AF
S214041CD02020202020203078253038580020205A14
S214041CE069676265652056657273696F6E3A20305F
S214041CF07825303458002020486561646572205386
S214041D007472696E673A20202573002020496D613D
S214041D1067652053697A653A2020202020256C6464
S214041D202062797465730020205365637572697444
S214041D307920437265643A20203078253032580082
S214041D4020205570677261646520446573743A2078
S214041D5020200020204D696E2E204857205665729C
S214041D603A202020203078253034580020204D6139
S214041D70782E204857205665723A20202020307846
S214041D8025303458002020546F74616C20546167E9
S214041D90733A20256400202020205461673A2030BE
S214041DA07825303458002020202020204C656E678B
S214041DB074683A20256C64004572726F723A204348
S214041DC06F756C64206E6F74206F627461696E2028
S214041DD074616720696E666F2066726F6D20696D28
S214041DE06167652E000A256420696D616765732046
S214041DF0696E204F54412073746F726167652E00BC
S214041E00496D6167652064656C65746525732E008D
S214041E104572726F723A2020436F756C64206E6F41
S214041E2074207265616420626C6F636B3A2030784C
S214041E30253032582E0A005374617274696E672016
S214041E4065726173652066726F6D206F6666736572
S214041E50742030782530385820746F203078253038
S214041E60385800436F756C64206E6F742073746109
S214041E70727420455241534521202830782530324B
S214041E80582900454550524F4D20457261736520D0
S214041E90636F6D706C657465002F686F6D652F7267
S214041EA0756E6E65722F776F726B2F747579612DF0
S214041EB07A69676265652D7377697463682F7475CC
S214041EC079612D7A69676265652D737769746368CD
S214041ED02F73696C6162735F746F6F6C732F7369B1
S214041EE06D706C69636974795F73646B2F70726F5D
S214041EF0746F636F6C2F7A69676265652F617070A3
S214041F002F6672616D65776F726B2F706C7567697B
S214041F106E2F6F74612D73746F726167652D7369AC
S214041F206D706C652D656570726F6D2F6F74612DA5
S214041F3073746F726167652D656570726F6D2D7051
S214041F406167652D65726173652E63002F686F6D1A
S214041F50652F72756E6E65722F776F726B2F747540
S214041F6079612D7A69676265652D7377697463682C
S214041F702F747579612D7A69676265652D73776943
S214041F807463682F73696C6162735F746F6F6C73CC
S214041F902F73696D706C69636974795F73646B2FF2
S214041FA070726F746F636F6C2F7A69676265652FE2
S214041FB06170702F6672616D65776F726B2F706CCF
S214041FC07567696E2F6F74612D73746F72616765C0
S214041FD02D73696D706C652D656570726F6D2F6FEE
S214041FE074612D73746F726167652D656570726FA9
S214041FF06D2E63004F54412053696D706C652053F9
S214042000746F7261676520454550524F4D20776165
S214042010726E696E673A20636F756C64206E6F74B7
S2140420202067657420736C6F7420696E666F206613
S2140420306F7220736C6F7420256420286572726F2B
S2140420407220307825303258292E20446566617512
S2140420506C74696E6720746F207370656369666953
S21404206065642061646472657373206F6666736565
S21404207074730053746F7261676520447269766581
S214042080723A202020202020202020202020204FAC
S21404209054412053696D706C652053746F72616788
S2140420A06520454550524F4D20506C7567696E004B
S2140420B052656164204D6F6469667920577269744D
S2140420C06520537570706F72743A20206E6F0053DB
S2140420D04F4320426F6F746C6F6164696E67205360
S2140420E07570706F72743A202020207965730042F0
S2140420F06F6F746C6F616465722053746F7261677E
S2140421006520537570706F72743A20557365206637
S2140421106972737420736C6F7400536C6F742074DC
S2140421206F207573653A2020202020202020202050
S21404213020202020202025640043757272656E746A
S21404214020446F776E6C6F6164204F6666736574A7
S2140421503A202020203078253038580045424C203C
S2140421605374617274204F66667365743A20202037
S2140421702020202020202020307825303858004584
S2140421804550524F4D2053746172743A20202020DB
S21404219020202020202020202020203078253038A1
S2140421A05800454550524F4D20456E643A20202035
S2140421B020202020202020202020202020203078AE
S2140421C02530385800496D61676520496E666F2072
S2140421D053746172743A202020202020202020206E
S2140421E02030782530385800536176652052617463
S2140421F065202862797465732920202020202020F9
S21404220020202020307825303858004F66667365C5
S21404221074206F6620646F776E6C6F6164206F66DF
S21404222066736574202020307825303858004F6651
S21404223066736574206F662045424C206F6666732D
S21404224065743A2020202020202030782530385805
S214042250004F6666736574206F6620696D616765F6
S2140422602073746172743A20202020202030782550
S21404227030385800736C5F7A69676265655F6166BB
S2140422805F6F74615F73746F726167655F647269B0
S2140422907665725F726561645F6362282920666191
S2140422A0696C65642100426164206D61676963201E
S2140422B06E756D62657220696E2066696C653A207B
S2140422C0307825303258203078253032582030780F
S2140422D02530325820307825303258004261642048
S2140422E076657273696F6E20696E2066696C652008
S2140422F0307825303458004572726F723A20726511
S2140423006164416E6456616C696461746553746F8C
S214042310726564496D61676528292074726965640D
S21404232020746F2072656164206D6F72652064612D
S2140423307461207468616E20697420636F756C64C0
S21404234020686F6C642E00736C5F7A6967626565DB
S2140423505F61665F6F74615F73746F726167655FF8
S2140423606472697665725F726561645F6362282968
S214042370204641494C454421004C617374206F66E5
S2140423806673657420646F776E6C6F616465643A17
S214042390203078253038580053746F726167652092
S2140423A04D6F64756C653A204F54412053696D70C7
S2140423B06C652053746F7261676520506C7567692D
S2140423C06E00496D616765732053746F7265643A75
S2140423D020202564206F6620310A00253032583AC2
S2140423E0006570202530325820636C7573202530C4
S2140423F034582061747472202530345820737672F1
S21404240020256300206D6667202530325800207230
S21404241065706F7274206D696E2025303458206D97
S21404242061782025303458207270742D63686720D4
S21404243025303858002072656365697665206672B3
S2140424406F6D202530345820657020253032582092
S21404245074696D656F757420253034580072656D27
S2140424606F766500636C656172696E67206C617374
S21404247074207265706F72742074696D65206F665F
S21404248020616C6C20617474726962757465730083
S21404249074657374696E672074696D696E67206FFE
S2140424A06620766172696F7573207265706F7274D8
S2140424B0696E67206F7065726174696F6E73002D44
S2140424C02D2D2D2D2D2D2D2D2D2D2D2D2D2D2D2D33
S2140424D02D2D2D2D2D2D2D2D2D2D2D2D2D2D2D2D23
S2140424E02D2D2D2D2D2D2D2D2D2D2D2D2D2D002D40
S2140424F02D7461626C65207265616473202D20669C
S214042500756C6C207461626C652D2D007265737534
S2140425106C74203D202564206D73002D2D696E6932
S21404252074202F207363686564756C652074696312
S2140425306B2D2D2D002D2D6C6F616420636F6E66E0
S214042540696775726174696F6E2064656661756C1F
S21404255074732D2D002F686F6D652F72756E6E6502
S214042560722F776F726B2F747579612D7A69676233
S21404257065652D7377697463682F747579612D7A30
S21404258069676265652D7377697463682F73696C10
S2140425906162735F746F6F6C732F73696D706C69AF
S2140425A0636974795F73646B2F70726F746F636F93
S2140425B06C2F7A69676265652F6170702F66726129
S2140425C06D65776F726B2F706C7567696E2F7265A9
S2140425D0706F7274696E672F7265706F7274696E4D
S2140425E0672E6300524541445F5250545F4346474A
S2140425F000726561645F7265706F7274696E675F9E
S214042600636F6E66696775726174696F6E00526592
S214042610706F7274696E673A206661696C656420CF
S214042620746F2073656E6420257320726573706FF3
S2140426306E73653A20307825303258004552523A47
S2140426402072656164696E6720636C757374657265
S2140426502030782530345820617474726962757439
S21404266065203078253034583A2030782530325872
S214042670004552523A207265706F7274696E672014
S2140426806F66204C4F4E4720737472696E672061E4
S21404269074747269627574652074797065206E6FDF
S2140426A07420737570706F727465643A20636C7509
S2140426B073746572203078253034582061747472CF
S2140426C06962757465203078253034580052657018
S2140426D06F7274696E6720456E7472792046756CE5
S2140426E06C202D206372656174696E67206E657751
S2140426F0207265706F7274004346475F52505400F0
S214042700202D20646972656374696F6E3A253032D1
S214042710582C20617474723A2530345800202020D6
S214042720747970653A253032582C206D696E3A25D6
S2140427303034582C206D61783A25303458002020E7
S214042740206368616E67653A0020202074696D65B1
S2140427506F75743A2530345800636F6E6669677512
S21404276072655F7265706F7274696E670020544399
S2140427704C4B2075706461746520616C726561648D
S2140427807920696E2070726F6772657373004D618D
S2140427906E75616C2054434C4B207570646174658F
S2140427A0206661696C65642E2573005374617274C7
S2140427B0696E6720757064617465207472757374CD
S2140427C02063656E746572206C696E6B206B657928
S2140427D02070726F6365737300557064617465204E
S2140427E05443204C696E6B204B657900204E657708
S2140427F0206B65792065737461626C6973686564BF
S2140428003A00204572726F723A00506172746E65B7
S214042810723A20005A434C20676C6F62616C2063E6
S2140428206C757374657220636F6D6D616E6473008E
S214042830646972656374696F6E00646973632D639B
S2140428406F6D2D67656E00646973632D636F6D2D00
S214042850726563006578706563742D7265706F7257
S214042860742D66726F6D2D6D65007577726974656B
S214042870006E7772697465007265706F72742D727B
S2140428806561640073656E642D6D652D612D7265DA
S214042890706F72740043726561746573206120679B
S2140428A06C6F62616C20646973636F766572206313
S2140428B06F6D6D616E6420666F722074686520614A
S2140428C073736F6369617465642076616C75657390
S2140428D02E00636C757374657249641F6174747238
S2140428E0696275746549641F6D61784E756D6265BD
S2140428F072546F5265706F72741F00437265617410
S2140429006573206120676C6F62616C2073656E640A
S214042910206D652061207265706F727420636F6D20
S2140429206D616E6420666F722074686520617373CF
S2140429306F6369617465642076616C7565732E00D7
S214042940636C757374657249641F6174747269622A
S21404295075746549641F64617461547970651F6D8C
S214042960696E5265706F727454696D651F6D617817
S2140429705265706F727454696D651F7265706F72FC
S2140429807461626C654368616E67651F00437265B7
S21404299061746573206120676C6F62616C20726578
S2140429A06164207265706F7274696E6720636F6D00
S2140429B06D616E6420666F7220746865206173733F
S2140429C06F63696174656420636C75737465722CD7
S2140429D02061747472696275746520616E64207314
S2140429E065727665722F636C69656E7420646972AD
S2140429F0656374696F6E2E00636C757374657249D3
S214042A00641F61747472696275746549641F6469CD
S214042A1072656374696F6E1F00476C6F62616C2029
S214042A207265706F7274696E6720636F6D6D616E28
S214042A306400656E64706F696E741F636C7573747E
S214042A40657249641F617474726962757465496459
S214042A501F6D61736B1F004372656174657320613B
S214042A6020676C6F62616C207265616420636F6DB1
S214042A706D616E64206D65737361676520746F2085
S214042A80726561642066726F6D2074686520636C7D
S214042A90757374657220616E642061747472696201
S214042AA0757465207370656369666965642E006372
S214042AB06C757374657249641F61747472696275A7
S214042AC0746549641F0043726561746573206120F0
S214042AD0676C6F62616C20777269746520636F6DD2
S214042AE06D616E64206D65737361676520746F2015
S214042AF0777269746520746F2074686520636C75DA
S214042B007374657220616E64206174747269627590
S214042B1074652073706563696669656400636C75C3
S214042B207374657249641F6174747269627574653E
S214042B3049641F747970651F646174611F00437271
S214042B40656174652061206578706563742D7265AF
S214042B50706F72742D66726F6D2D6D65206D657362
S214042B60736167652077697468206173736F63693E
S214042B70617465642076616C7565732E00636C758C
S214042B807374657249641F617474726962757465DE
S214042B9049641F74696D656F75741F0043726561BF
S214042BA07465206120446973636F76657220436F91
S214042BB06D6D616E64732047656E657261746564DD
S214042BC020636F6D6D616E6420776974682061732D
S214042BD0736F6369617465642076616C7565732EC2
S214042BE000636C757374657249641F7374617274E0
S214042BF0436F6D6D616E6449641F6D6178436F6DDC
S214042C006D616E6449641F0053657473207468654F
S214042C1020646972656374696F6E20666F722067DC
S214042C206C6F62616C20636F6D6D616E64732C20D3
S214042C3065697468657220636C69656E7420746F68
S214042C4020736572766572206F722073657276657E
S214042C507220746F20636C69656E742E00536574FD
S214042C6073206120666C616720736F2074686174DA
S214042C7020746865206170706C69636174696F6E36
S214042C80206672616D65776F726B2057494C4C20D5
S214042C904E4F5420726573706F6E6420746F207488
S214042CA06865206E657874205A434C206D6573738E
S214042CB0616765207468617420636F6D657320694D
S214042CC06E206F76657220746865206169722E00C6
S214042CD053657473206120666C616720736F20747B
S214042CE068617420746865206170706C69636174CF
S214042CF0696F6E206672616D65776F726B205749D7
S214042D004C4C20726573706F6E6420746F20746808
S214042D1065206E657874205A434C206D6573736124
S214042D206765207468617420636F6D657320696ECF
S214042D30206F76657220746865206169722E005370
S214042D40657473207468652044697361626C6520D9
S214042D5044656661756C7420526573706F6E736536
S214042D60204672616D6520436F6E74726F6C2062CC
S214042D70697420746F2075736520666F722074689A
S214042D8065206E65787420636F6D6D616E6420696E
S214042D90662074686520636F6D6D616E6420697368
S214042DA0206E6F7420616C72656164792062756947
S214042DB06C742E0064697361626C65446566617543
S214042DC06C74526573706F6E73651F00536574730D
S214042DD02074686520666C616720746F207573655F
S214042DE02074686520696E6372656D656E746564CB
S214042DF02073657175656E6365206E756D626572A8
S214042E002066726F6D20746865206672616D6577E2
S214042E106F726B20666F7220746865206E657874B6
S214042E202072617720636F6D6D616E642E0075731A
S214042E30654E65787453657175656E63651F0043EA
S214042E406C6920636F6D6D616E6420746F206361BE
S214042E506C6C20736C5F7A69676265655F61665F38
S214042E607365745F74696D652066756E6374696FE7
S214042E706E20646F63756D656E74656420696E207C
S214042E8061662E680075746354696D651F0053652A
S214042E907473207468652074776F20627974652073
S214042EA06D616E75666163747572657220737065A4
S214042EB06369666963206964656E746966696572C8
S214042EC020746F2075736520666F722074686520A1
S214042ED06E65787420636F6D6D616E64206966201C
S214042EE074686520636F6D6D616E64206973206E0F
S214042EF06F7420616C7265616479206275696C74A4
S214042F002E006D6667537065636966696349641F5E
S214042F100054727573742043656E746572204A6F2C
S214042F20696E2048616E646C65723A2073746174CD
S214042F307573203D2025732C206465636973696F5F
S214042F406E203D202573202825303258292C2073E6
S214042F50686F727469642030782530345800554E92
S214042F6073656375726564206A6F696E006465765E
S214042F70696365206C65667400554E736563757287
S214042F8065642072656A6F696E0075736520707279
S214042F9065636F6E66696775726564206B65790034
S214042FA073656E64206B657920696E20746865208D
S214042FB0636C6561720064656E79206A6F696E0081
S214042FC06E6F20616374696F6E00616C6C6F77203E
S214042FD072656A6F696E73206F6E6C79006E6F74BB
S214042FE02000534C5F5354415455535F4E45545739
S214042FF04F524B5F55502030782530345800547269
S2140430007573742043656E7465722045554920684F
S21404301061732025736368616E6765642E00534C84
S2140430205F5354415455535F4E4554574F524B5F6C
S214043030444F574E00534C5F5354415455535F4EC0
S2140430404F545F4A4F494E454400534C5F535441D6
S2140430505455535F5A49474245455F4E4554574F6A
S214043060524B5F4F50454E45443A202564207365C5
S2140430706300534C5F5354415455535F5A49474277
S21404308045455F4E4554574F524B5F434C4F53454F
S214043090440025733A202573006469737472696268
S2140430A0757465640063656E7472616C697A6564D0
S2140430B000466F726D002573696E67206F6E20631D
S2140430C0682025642C2070616E4964203078253091
S2140430D03458004572726F723A20446576696365A7
S2140430E020646F6573206E6F7420737570706F72D2
S2140430F074202573206E6574776F726B20666F720A
S2140431006D6174696F6E004A6F696E00496E766110
S2140431106C69642053656375726974792050726FA4
S21404312066696C653A2030782530325800704A6FEC
S214043130696E20666F72202564207365633A2030BA
S2140431407825303258004C696D6974696E6720645E
S21404315075726174696F6E206F66207065726D6932
S21404316074206A6F696E2066726F6D20666F726572
S21404317076657220283235352920746F203235342E
S2140431800052583A205A444F2C20636F6D6D616E7E
S21404319064203078253034582C2073746174757329
S2140431A03A203078253032580053696D706C6500CB
S2140431B052583A2025732044657363205265737011
S2140431C0004D61746368002C204D617463686573F8
S2140431D03A2025640044657669636520416E6E6F07
S2140431E0756E63653A203078253034580052583A64
S2140431F020494545452041646472657373205265D1
S21404320073706F6E73650052583A20416374697622
S2140432106520455020526573706F6E73652C20438D
S2140432206F756E743A202564004E6F6465002C201A
S2140432304D6174636865733A2030782530345800DD
S214043240737461636B207665722E205B25642E256D
S214043250642E256400202573206275696C6420251D
S214043260645D005A444F00534500484100436C7562
S2140432707374657200476C6F62616C0025737478B2
S214043280203078253038582C200050726F66696CD0
S214043290653A2025732028307825303458292C2088
S2140432A0436C75737465723A203078253034582C24
S2140432B02025642062797465732C00205A434C20C0
S2140432C0257320436D642049443A202564005072D7
S2140432D0652D52656C6561736500416C706861208C
S2140432E03100416C706861203200416C7068612066
S2140432F033004265746120310042657461203200F7
S214043300426574612033004741005265736574203A
S214043310696E666F3A203078253032582028257337
S214043320290064656C6574652062696E64696E67FD
S2140433303A20253032582025303258000102030442
S21404334005060708090A0B0C000101010101010129
S2140433500101010101005752495445204552523A91
S214043360200025736570202530325820636C7573F1
S2140433702025303458206174747220253034582047
S2140433806E6F7420737570706F7274656400257345
S214043390696E76616C696420646174612074797006
S2140433A06500257361747472206E6F742077726979
S2140433B07461626C650057524954453A206E6F201A
S2140433C077726974652C206A75737420612074653D
S2140433D0737400524541443A20617474726962758C
S2140433E074652073697A6520746F6F206C617267E8
S2140433F06520666F722063616C6C657200636C6E28
S21404340074007372767200525700524F0020205296
S214043410414D20200020746F6B656E200065787423
S21404342065726E2000454E44504F494E5420253058
S214043430325800636C7573202F2073696465202FDF
S2140434402061747472202F206D666720202F747993
S2140434507065286C656E292F207277202F20737470
S2140434606F72616765202F20646174612028726121
S21404347077290025303458202F202573202F202527
S214043480303458202F2000202F2025303258202872
S2140434902530325829202F202573202F20257320ED
S2140434A02F2000556E737570706F72746564004FCC
S2140434B0544120524541443A2065703A25303258EA
S2140434C0206369643A253034582061747469643A18
S2140434D025303458206D736B3A25303258206D668B
S2140434E0636F64653A2530345800524541443A20A7
S2140434F0636C757320253034582C206174747220E4
S21404350025303458206661696C656420253032584D
S21404351000524541443A20636C7573202530345874
S2140435202C206174747220253034582C2064617405
S214043530614C656E3A20253032582C204F4B0028BB
S21404354025632925303258253032582530325825FF
S21404355030325825303258253032582530325825E6
S2140435603032580064697361626C65002573642C9C
S2140435702064726F7070696E6720657020307825DD
S21404358030325820636C75732030782530345820D8
S214043590636D64203078253032580047656E657256
S2140435A061746564005265636569766564004469A0
S2140435B073636F76657220436F6D6D616E647320FE
S2140435C0726573706F6E73652028636F6D706C65BB
S2140435D074653A202563292C202573204944733AC0
S2140435E0200030782530325820005F455854005269
S2140435F04541445F415454520057524954453A2079
S214043600636C7573202530345820617474722025D9
S21404361030345820004641494C2025303258005753
S214043620524954453A20746F6F2073686F72740061
S214043630444953435F4154545200257325733A203A
S214043640636C7573202530345800537663204469C0
S21404365073633A2000257357616974696E67202581
S214043660642073656320666F7220646973636F7683
S21404367065727920746F20636F6D706C6574650075
S214043680537461746520636F72726573706F6E64D1
S214043690696E6720746F207468652074686520728C
S2140436A0657175657374206E6F7420666F756E64CD
S2140436B00A002573636F6D706C6574652E0A0025A9
S2140436C0735365727669636520446973636F7665C0
S2140436D07279205374617465206C696D6974732003
S2140436E0726561636865640A002573496C6C656776
S2140436F0616C2062726F61646361737420616464D8
S214043700726573732C2072656D617070696E6720C4
S214043710746F2076616C6964206F6E652E00257365
S2140437204661696C656420746F2073656E64206DF1
S2140437306174636820646973636F766572793A208E
S2140437403078253032580025735374617274696E6C
S2140437506720646973636F7665727920666F72207A
S214043760636C757374657220307825303458002580
S214043770734661696C656420746F2073656E64209B
S21404378073696D706C652064657363726970746FB9
S2140437907220726571756573743A203078253032FC
S2140437A0580025734661696C656420746F207365E0
S2140437B06E642049454545206164647265737320D0
S2140437C0726571756573743A203078253032580006
S2140437D025734661696C656420746F2073656E6436
S2140437E0204E574B20616464726573732072657152
S2140437F0756573743A2030782530325800457272F5
S2140438006F723A202573206261642073696D706C50
S214043810652064657363726970746F72206C656E7C
S2140438206774682E0025734D65737361676520742D
S2140438306F6F2073686F72740025734D65737361C0
S214043840676520746F6F2073686F727420666F727A
S214043850206E756D2E20656E64706F696E747300CD
S21404386025734D61746368257320666F756E6420D6
S21404387066726F6D203078253034582E004572728B
S2140438806F723A20257320696E76616C6964206CC9
S214043890656E6774682028256420213D20256429E8
S2140438A020666F722041637469766520456E647085
S2140438B06F696E7420726573706F6E73650025731E
S2140438C0676F74206163746976652045502072655D
S2140438D073706F6E7365005554432074696D653A52
S2140438E02025642F25642F25642025643A25643A10
S2140438F02564202825303858290028556E6B6E6FAD
S214043900776E20636C75732E205B307825303458C0
S2140439105D29000D0A54253038583A005258206C58
S214043920656E2025642C20657020253032582C20A6
S214043930636C7573203078253034582000206D660B
S2140439406749642025303458002046432025303209
S2140439505820736571202530325820636D64202505
S214043960303258207061796C6F61645B0042617319
S2140439706963004F76657220746865204169722019
S214043980426F6F746C6F6164696E6700257352587A
S21404399020706B7420746F6F2073686F72743A2093
S2140439A02564203C202564002573525820706B74CF
S2140439B0206D616C666F726D65643A202564203CE8
S2140439C02025640020204861766520526F75746552
S2140439D07220537570706F7274002020456E6420D8
S2140439E0446576696365204F6E6C79002020456EC9
S2140439F061626C656400202044697361626C65646E
S214043A00004572726F722072657472696576696EAB
S214043A106720696E666F20666F72206C69627261D9
S214043A207279204944202564002573206C696272EB
S214043A3061727925732070726573656E74005A69B5
S214043A40676265652050726F0042696E64696E67CE
S214043A5000536563757269747920436F7265005309
S214043A6065637572697479204C696E6B204B657951
S214043A70730043424B45203136334B310043424BAF
S214043A804520445341205369676E00454343004331
S214043A90424B45204453412056657269667900506E
S214043AA061636B65742056616C6964617465005A61
S214043AB04C4C0043424B45203238334B310045438F
S214043AC043203238334B310043424B4520636F72F8
S214043AD065004E4350004D756C7469206E657477AE
S214043AE06F726B00456E68616E6365642042656143
S214043AF0636F6E205265710043424B452032383363
S214043B004B312044534120566572696679004D75E1
S214043B106C74692D50414E002F686F6D652F727559
S214043B206E6E65722F776F726B2F747579612D7A4E
S214043B3069676265652D7377697463682F74757930
S214043B40612D7A69676265652D7377697463682F7A
S214043B5073696C6162735F746F6F6C732F73696DD6
S214043B60706C69636974795F73646B2F70726F74B9
S214043B706F636F6C2F7A69676265652F7374616310
S214043B806B2F636F6E6669672F736C5F7A69676203
S214043B9065655F636F6E66696775726174696F6E7B
S214043BA02E63002F686F6D652F72756E6E65722FAB
S214043BB0776F726B2F747579612D7A6967626565A4
S214043BC02D7377697463682F747579612D7A6967C4
S214043BD06265652D7377697463682F73696C6162B7
S214043BE0735F746F6F6C732F73696D706C69636940
S214043BF074795F73646B2F70726F746F636F6C2F5E
S214043C007A69676265652F737461636B2F66726188
S214043C106D65776F726B2F6165732D6563622E63B6
S214043C20002F686F6D652F72756E6E65722F776FD5
S214043C30726B2F747579612D7A69676265652D7369
S214043C4077697463682F747579612D7A696762651C
S214043C50652D7377697463682F73696C6162735F2B
S214043C60746F6F6C732F73696D706C6963697479A4
S214043C705F73646B2F70726F746F636F6C2F7A69E7
S214043C80676265652F737461636B2F736563757202
S214043C906974792F7A69676265652D7365637572D1
S214043CA06974792D6D616E616765722D6E6F2D7600
S214043CB061756C742E63004572726F723A202046EA
S214043CC061696C656420746F207265616420667235
S214043CD06F6D20454550524F4D2061742030782535
S214043CE034582C207374617475733A202564004527
S214043CF04550524F4D20496E697469616C697A6506
S214043D00643A20256300454550524F4D2042757352
S214043D10793A202563005061727469616C20576F8C
S214043D2072642053746F7261676520436F756E7496
S214043D303A20256400416464726573733A203078CF
S214043D402534582C205061727469616C20576F7248
S214043D50643A203078255800636F6E6669726D6524
S214043D606400617373756D6564000A454550524F6F
S214043D704D20496E666F004E6F7420617661696CE3
S214043D8061626C6520286F6C64657220626F6F7464
S214043D906C6F6164657229005061727420446573A7
S214043DA06372697074696F6E3A2020202020202088
S214043DB02020202573004361706162696C69746910
S214043DC065733A2020202020202020202020202038
S214043DD0203078253258005061676520457261733B
S214043DE0652074696D65202873293A2020202020D8
S214043DF020256400506172742045726173652074D6
S214043E00696D65202873293A202020202020256407
S214043E1000506172742045726173652074696D6523
S214043E2020286D73293A2020202020202564005065
S214043E306167652073697A652028627974657329D9
S214043E403A202020202020202020256C005061725B
S214043E50742073697A6520286279746573293A2018
S214043E602020202020202020256C00576F726420FC
S214043E7073697A6520286279746573293A2020204C
S214043E802020202020202564202825702900454550
S214043E9050524F4D20696E69743A20307825580088
S214043EA02F686F6D652F72756E6E65722F776F72E1
S214043EB06B2F747579612D7A69676265652D7377E2
S214043EC0697463682F747579612D7A6967626565AC
S214043ED02D7377697463682F73696C6162735F749A
S214043EE06F6F6C732F73696D706C69636974795F37
S214043EF073646B2F7574696C2F706C7567696E2F9D
S214043F00706C7567696E2D636F6D6D6F6E2F65656A
S214043F1070726F6D2F656570726F6D2E6300556ECF
S214043F2061626C6520746F20626F6F7420696D61C6
S214043F30676520617420736C6F7420256C640A00B6
S214043F40536C6F74204D616E61676572206661699B
S214043F506C656420746F20657261736520736C6F82
S214043F60740A004D61782072656164206C696D691D
S214043F70742073657420746F2025642062797465D8
S214043F80730A004164647265737320202020202025
S214043F9020202020446174610A00307825346C782F
S214043FA020202020202020307825780A00466169C9
S214043FB06C656420746F20726561642066726F6D30
S214043FC020666C6173680A00536C6F7420256C64F9
S214043FD00A20204164647265737320202020203AEE
S214043FE020307825346C580A20204C656E67746837
S214043FF02020202020203A20307825346C58202891
S214044000256C64206279746573290A00202054792B
S214044010706520202020202020203A20004E6F208B
S21404402047424C2070726573656E740A005A69675D
S2140440304265650A005468726561640A00436F6EDF
S2140440406E6563740A00426C7565746F6F74680AF3
S21404405000426C7565746F6F7468206170706C696B
S214044060636174696F6E0A004D43550A004F7468A5
S214044070657220283078256C58290A002020566559
S2140440807273696F6E20202020203A203078256CC9
S214044090580A0020204361706162696C697469651E
S2140440A0733A20307825346C580A00202050726FFA
S2140440B06475637420494420203A200030782558DB
S2140440C02000536C6F74204D616E616765723A20F0
S2140440D06661696C656420746F20696E69746961D1
S2140440E06C697A6520626F6F746C6F6164657220A8
S2140440F0286572726F72203078253478290A005643
S214044100657273696F6E20202020203A2025640A89
S214044110005061727420202020202020203A202580
S214044120730A004361706162696C69746965733A05
S21404413020307825780A00506172742073697A6595
S2140441402020203A20256420420A0050616765201A
S21404415073697A652020203A20256420420A005795
S2140441606F72642073697A652020203A20256420C3
S214044170420A00536C6F7473202020202020203ABB
S2140441802025640A004661696C656420746F207299
S2140441906561642066726F6D2073746F7261676503
S2140441A020666C61736820286572726F72202564BD
S2140441B0290A00496E76616C696420736C6F7420FA
S2140441C0256420286D617820736C6F74202564291B
S2140441D00A004661696C656420746F206765742004
S2140441E0696E666F20666F7220736C6F7420256428
S2140441F00A00536C6F74204D616E616765723A20D5
S214044200736C6F74207772697465206661696C7567
S21404421072652E2041646472657373206F666673DC
S21404422065742028256429202B20777269746520FC
S2140442306C656E677468202825642920677265613A
S214044240746572207468616E20746F74616C207378
S2140442506C6F74206C656E67746820282564290A60
S21404426000536C6F74204D616E61676572207761D0
S214044270726E696E673A20736C6F74202564206CC6
S214044280656E6774682028256429206E6F74206123
S2140442906C69676E656420746F207061676520734F
S2140442A0697A6520282564292E2054686520656E61
S2140442B07469726520736C6F742077696C6C206EF9
S2140442C06F74206265206572617365642E0A0053FC
S2140442D06C6F74204D616E616765723A2066616921
S2140442E06C656420746F2065726173652025642094
S2140442F0627974657320696E20736C6F742025640C
S2140443002061742061646472657373203078253488
S2140443107820286572726F722030782578290A0012
S2140443204572617365642025642062797465732020
S214044330696E20736C6F742025640A004661696C8C
S214044340656420746F2073657420736C6F742074B6
S2140443506F20626F6F7420286572726F72203078D7
S214044360253478290A004661696C656420746F20D8
S214044370736574206C697374206F6620736C6F7435
S2140443807320746F20626F6F7420286572726F7268
S214044390203078253478290A004661696C656420E3
S2140443A0746F20676574206E6577206C697374205B
S2140443B06F6620736C6F747320746F20626F6F74F3
S2140443C020286572726F72203078253478290A00A6
S2140443D0426567696E6E696E6720696D6167652000
S2140443E0766572696669636174696F6E2E2E2E0037
S2140443F02E6661696C65642120284572726F72208E
S2140444003078253478290A002E7061737365642128
S21404441020426F6F74696E6720736C6F7420256416
S2140444200A00666E692B00666E69006E616E006631
S2140444306E692D006C696273006273656E64007247
S21404444065736574007261770073656E645F6D757D
S2140444506C7469636173740073656E642D75736937
S2140444606E672D6D756C7469636173742D62696E05
S21404447064696E670074696D6573796E6300676559
S214044480742D7074692D726164696F2D636F6E6626
S214044490696700636F6E6669672D6363612D6D6F70
S2140444A06465006576656E7473007365637572691A
S2140444B07479007A69676265655F7072696E740004
S2140444C0706C7567696E006E6574006B6579730051
S2140444D06F7074696F6E00706C7567006368616EE8
S2140444E067656B6579006368616E67656B007A64FF
S2140444F06F007072696E742072656C6174656420F6
S214044500636F6D6D616E64732E0061747472005A0D
S214044510646F2072656C6174656420636F6D6D6191
S2140445206E64732E00726F75746500706F776572B3
S214044530006D676D742D6C7169006D676D742D6206
S214044540696E64006E6F64650073696D706C6500F7
S21404455069656565006E776B00756E62696E6400EA
S2140445606E776B2D757064006F75742D636C2D6C8F
S21404457069737400696E2D636C2D6C697374005ACC
S214044580646F20696E2D636C2D6C6973742072657C
S2140445906C6174656420636F6D6D616E64732E0068
S2140445A05A646F206F75742D636C2D6C6973742058
S2140445B072656C6174656420636F6D6D616E64739F
S2140445C02E005A646F206E776B2D757064207265AA
S2140445D06C6174656420636F6D6D616E64732E0028
S2140445E07363616E2D6368616E2D6D61736B00730A
S2140445F063616E006368616E5067006368616E0095
S2140446005A646F20756E62696E642072656C61749C
S214044610656420636F6D6D616E64732E00756E69DC
S21404462063617374006368616E67656B6579207295
S214044630656C6174656420636F6D6D616E64732E62
S214044640006C696E6B004F7074696F6E2072656CD7
S2140446506174656420636F6D6D616E64732E0072A1
S21404466065676973746572006469736300696E7361
S21404467074616C6C2D636F64650062696E64696E48
S214044680672D7461626C65007072696E742D727841
S2140446902D6D73677300617073726574727900416F
S2140446A0505320726574727920666C616720666F59
S2140446B072636520636F6D6D616E647300456E6131
S2140446C0626C65732F44697361626C6573207072E3
S2140446D0696E74696E67206F66205278206D657304
S2140446E073616765732E00656E61626C650042696E
S2140446F06E64696E67207461626C652072656C61B5
S21404470074656420636F6D6D616E64732E0053650B
S214044710637572697479206B6579732072656C6150
S21404472074656420636F6D6D616E64732E006465DA
S2140447306C657465004E6574776F726B2072656C79
S2140447406174656420636F6D6D616E64732E0066BC
S2140447506F726D0072656A6F696E2D646966662D88
S2140447606465766963652D74797065006578747020
S214044770616E69640069736F70656E0062726F6162
S214044780642D706A6F696E006368616E67652D6379
S21404479068616E6E656C00696E6974006368616E4C
S2140447A067652D6B6565702D616C6976652D6D6F1B
S2140447B064650074696D656F75742D6F7074696FC8
S2140447C06E2D6D61736B006D756C74692D706879F0
S2140447D02D7374617274006D756C74692D706879CC
S2140447E02D73746F700066696E64006E6574776FFF
S2140447F0726B2066696E6420636F6D6D616E6473A0
S2140448002E006A6F696E61626C6500756E757365FD
S2140448106400736C6F742D6D616E616765720063FE
S2140448206F756E746572730066696E642D616E646E
S2140448302D62696E6400667261676D656E7461747C
S214044840696F6E0067726F7570732D736572766527
S21404485072006E6574776F726B2D7374656572691A
S2140448606E67006F74612D626F6F746C6F616400A5
S2140448706F74612D636C69656E74006F74612D735B
S214044880746F726167652D636F6D6D6F6E006F7404
S214044890612D73746F726167652D656570726F6DD7
S2140448A00069646C652D736C656570007570646171
S2140448B074652D74632D6C696E6B2D6B657900754C
S2140448C070646174652D74632D6C696E6B2D6B65F5
S2140448D0792072656C6174656420636F6D6D616EBA
S2140448E064730074696D6572006E6F7700436F6D54
S2140448F06D616E647320746F20636F6E74726F6C78
S2140449002069646C696E672F736C656570696E6781
S214044910206F662074686520646576696365006642
S2140449206F7263652D6177616B65006177616B6596
S2140449302D7768656E2D6E6F742D6A6F696E65646B
S214044940007265706F7274696E672072656C61744C
S214044950656420636F6D6D616E64732E00636C65B1
S21404496061722D6C6173742D7265706F72742D7420
S214044970696D6500746573742D74696D696E67007E
S2140449806F74612D73746F726167652D65657072DF
S2140449906F6D2072656C6174656420636F6D6D6104
S2140449A06E64732E0077697065006F74612D73747E
S2140449B06F726167652D636F6D6D6F6E2072656CC7
S2140449C06174656420636F6D6D616E6473007072EC
S2140449D0696E74496D616765730072656C6F6164B6
S2140449E00073746F726167652D696E666F0064612B
S2140449F074612D7072696E74006F74612D636C69D6
S214044A00656E742072656C6174656420636F6D6D89
S214044A10616E64732E0076657269667900626C6FE7
S214044A20636B2D7465737400706167652D726571B0
S214044A307565737400757067726164652D7265714F
S214044A40756573740064697361626C652D646F7751
S214044A506E67726164657300656E61626C652D6471
S214044A606F776E677261646573006F74612D626F31
S214044A706F746C6F61642072656C61746564206326
S214044A806F6D6D616E6473006E6574776F726B2DF7
S214044A907374656572696E672072656C61746564AB
S214044AA020636F6D6D616E64732E007072652D6386
S214044AB06F6E666967757265642D6B65792D7365AF
S214044AC074006D61736B2072656C61746564206339
S214044AD06F6D6D616E642E007375627472616374BB
S214044AE00067726F7570732D7365727665722072C7
S214044AF0656C6174656420636F6D6D616E64732E9E
S214044B0000667261676D656E746174696F6E20729B
S214044B10656C6174656420636F6D6D616E64732E7D
S214044B20007365742D72782D77696E646F772D73B4
S214044B30697A65006172746966696369616C2D627D
S214044B406C6F636B2D64726F700046696E642061CF
S214044B506E642062696E642072656C61746564209C
S214044B60636F6D6D616E64732E00696E697469613E
S214044B70746F7200656E61626C655F74797065004F
S214044B80737461636B00617070007A636C006C65AB
S214044B90676163795F61665F646562756700636F0A
S214044BA0756E746572732072656C617465642063D7
S214044BB06F6D6D616E64732E007072696E742D6312
S214044BC06F756E7465722D747970650073696D7097
S214044BD06C652D7072696E74007072696E742D74D3
S214044BE068726573686F6C6473007365742D74689B
S214044BF0726573686F6C640072657365742D74688F
S214044C00726573686F6C64730073656E642D726589
S214044C10717565737400736563757269747920724F
S214044C20656C6174656420636F6D6D616E6473009A
S214044C307365742D616C6C6F772D74727573742D37
S214044C4063656E7465722D72656A6F696E2D757311
S214044C50696E672D77656C6C2D6B6E6F776E2D6B3A
S214044C606579007365742D616C6C6F772D7472753D
S214044C7073742D63656E7465722D72656A6F696EE2
S214044C802D7573696E672D77656C6C2D6B6E6F77FB
S214044C906E2D6B65792D74696D656F75740073651B
S214044CA0742D6B65792D726571756573742D706FCF
S214044CB06C696379006D66672D746F6B656E006151
S214044CC0707300536563757269747920617073201C
S214044CD072656C6174656420636F6D6D616E647378
S214044CE02E004765742F736574204D464720746FF5
S214044CF06B656E2E00656E64706F696E74207265E7
S214044D006C6174656420636F6D6D616E64732E00F0
S214044D10656570726F6D207574696C69747920723C
S214044D20656C6174656420636F6D6D616E64730099
S214044D30536C6F74204D616E616765722072656C8A
S214044D406174656420636F6D6D616E647300626F79
S214044D506F742D736C6F740065726173652D736C5C
S214044D606F74006578742D666C6173682D696E6661
S214044D706F00736C6F74732D696E666F0050726982
S214044D806E74732074696D652E005072696E747348
S214044D90206174747269627574652E00436C656173
S214044DA0727320746865205A444F206C69737420AB
S214044DB06F6620636C69656E742028696E292063AB
S214044DC06C7573746572732E004164647320636C2F
S214044DD075737465727320746F20746865206B6EC7
S214044DE06F776E20636C69656E742028696E29205F
S214044DF0636C757374657273206F6E207468697360
S214044E00206465766963652E00436C656172732061
S214044E10746865205A444F206C697374206F66204A
S214044E20636C69656E7420286F75742920636C75CD
S214044E3073746572732E004164647320636C7573B7
S214044E407465727320746F20746865206B6E6F7758
S214044E506E20636C69656E7420286F7574292063F0
S214044E606C757374657273206F6E20746869732032
S214044E706465766963652E0053656E647320616E9F
S214044E8020757064617465206368616E6E656C205D
S214044E90726571756573742E006368616E6E656CF9
S214044EA01F0053656E647320616E207570646174B0
S214044EB065206368616E6E656C207061676520723C
S214044EC065712E2054686520737461636B20736566
S214044ED06E6473206E776B20656E68616E636564BE
S214044EE0207570646174652072657120666F722027
S214044EF06E6F6E2D7A65726F20706167652E006323
S214044F0068616E6E656C1F706167651F0050657220
S214044F10666F726D7320616E20656E6572677920A8
S214044F207363616E2E007461726765744E6F646598
S214044F3049641F7363616E4475726174696F6E1F92
S214044F407363616E436F756E741F0042726F6164A3
S214044F50636173747320746865204944206F662007
S214044F60746865206E6577206E6574776F726B2043
S214044F706D616E6167657220616E64206163746939
S214044F807665206368616E6E656C732E006E776B53
S214044F904D676549641F6368616E6E656C4D617329
S214044FA06B1F00506572666F726D7320616E2065AC
S214044FB06E65726779207363616E206F6E20676911
S214044FC076656E206368616E6E656C206D61736BCA
S214044FD02E007461726765744E6F646549641F734E
S214044FE063616E4475726174696F6E1F7363616E7C
S214044FF0436F756E741F6368616E6E656C4D617386
S2140450006B1F0053656E64732061206E6574776F42
S214045010726B206164647265737320726571756562
S214045020737420666F722074686520676976656E8F
S214045030204945454520616464726573732E006992
S2140450406565651F00526571756573747320616EBE
S2140450502049454545206164647265737320626126
S214045060736564206F6E206120676976656E206EB6
S2140450706F64652049442E006E6F646549641F00A2
S21404508053656E647320612073696D706C6520646B
S214045090657363726970746F722072657175657377
S2140450A07420666F72207468652073686F7274204B
S2140450B06164647265737320616E6420656E6470E7
S2140450C06F696E74207370656369666965642E0023
S2140450D0646573741F746172676574456E64706F7B
S2140450E0696E741F0053656E64732061206D61746D
S2140450F0636844657363726970746F727352657122
S2140451007565737420746F207468652067697665A6
S2140451106E2064657374696E6174696F6E20776956
S21404512074682074686520676976656E2070726F8F
S21404513066696C652E006E6F646549641F70726FD5
S21404514066696C651F0053656E64732061206E6F1C
S21404515064652064657363726970746F7220726527
S214045160717565737420746F206120676976656E47
S21404517020746172676574206465766963652E00C1
S2140451807461726765741F0053656E6473206120D2
S2140451905A444F2042696E6420636F6D6D616E647D
S2140451A020746F206120646576696365207370657A
S2140451B063696669656420696E2074686520636F38
S2140451C06D6D616E6420617267756D656E74732EA5
S2140451D00044657374696E6174696F6E1F536F75EE
S2140451E072636520656E64706F696E741F446573C0
S2140451F074696E6174696F6E20656E64706F696E33
S214045200741F636C757374657249441F72656D6FA1
S214045210746545554936341F646573744555493677
S214045220341F0053656E647320616E206163746975
S214045230766520656E64706F696E7420726571752C
S21404524065737420746F207468652064657669637A
S2140452506520776974682074686520676976656E6A
S2140452602073686F72742049442E0053656E64730D
S21404527020616E20756E62696E6420726571756554
S214045280737420666F72206120756E69636173742F
S2140452902062696E64696E6720746F207468652086
S2140452A0746172676574206465766963652E00743C
S2140452B061726765741F736F7572636520657569BF
S2140452C036341F736F7572636520656E64706F691C
S2140452D06E741F636C757374657249441F646573DA
S2140452E074696E6174696F6E45554936341F64651A
S2140452F07374696E6174696F6E20656E64706F692D
S2140453006E741F0053656E647320616E20756E6242
S214045310696E64207265717565737420666F722099
S21404532061206D756C7469636173742062696E6460
S214045330696E6720746F207468652074617267658F
S21404534074206465766963652E007461726765749B
S2140453501F736F757263652065756936341F736FC6
S2140453607572636520656E64706F696E741F636C16
S214045370757374657249441F67726F75704164640F
S214045380726573731F0053656E64732061205A44FC
S2140453904F204D616E6167656D656E74204C656166
S2140453A0766520636F6D6D616E6420746F2074681B
S2140453B06520746172676574206465766963652E1A
S2140453C0007461726765741F72656D6F76654368F5
S2140453D0696C6472656E1F72656A6F696E1F00532E
S2140453E0656E64732061205A444F204D474D542DFA
S2140453F042696E64202842696E64696E672054614F
S214045400626C6529205265717565737420746F200B
S2140454107468652074617267657420646576696370
S214045420652E007461726765741F737461727449C3
S2140454306E6465781F0053656E64732061205A4459
S2140454404F204D474D542D4C514920284C5149204E
S2140454505461626C65292052657175657374207495
S2140454606F2074686520746172676574206465765D
S2140454706963652E0053656E64732061205A444F39
S21404548020506F7765722044657363726970746F19
S21404549072205265717565737420746F2074686524
S2140454A020746172676574206465766963652E008E
S2140454B053656E64732061205A444F20726F75746E
S2140454C065207265717565737420636F6D6D616EAA
S2140454D06420746F20746865207461726765742E26
S2140454E0007461726765741F696E6465781F00696D
S2140454F06E6465781F65756936341F696E737461EA
S2140455006C6C436F64651F00696E6465781F65750F
S2140455106936341F6B65791F005443206C696E6BC3
S214045520206B6579207265717565737420706F6C75
S2140455306963791F417070206C696E6B206B6579A6
S214045540207265717565737420706F6C6963791F5A
S21404555000426F6F6C3A20616C6C6F7720747275C2
S21404556073742063656E7465722072656A6F696E03
S214045570207573696E672077656C6C2D6B6E6F771C
S2140455806E206B65791F0070726F66696C6549647E
S2140455901F636C757374657249641F007461726767
S2140455A0657449641F00456E61626C657320707291
S2140455B0696E74696E67206F66205278206D657315
S2140455C073616765732E0053657473207468652071
S2140455D062696E64696E67207461626C6500696EE8
S2140455E06465781F636C75737465721F6C6F636192
S2140455F06C45701F72656D6F746545701F657569BF
S21404560036341F00436C65617273207468652062CB
S214045610696E64696E67207461626C652E005072F0
S214045620696E7473207468652062696E64696E6757
S214045630207461626C6520746F2074686520636FE3
S2140456406D6D616E64206C696E652E00436C6561D9
S214045650727320616C6C207365637572697479204B
S2140456606B6579732E0044656C6574652074686593
S21404567020737065636966696564206C696E6B2067
S2140456806B657920696E6465782E005072696E7455
S2140456907320616C6C207365637572697479206B12
S2140456A06579732E005465726D696E617465732036
S2140456B0746865206D756C74692D50485920696E40
S2140456C074657266616365005573656420746F2043
S2140456D07374617274206D756C74692D504859200A
S2140456E0696E74657266616365206F74686572209E
S2140456F07468616E206E617469766520616E6420DC
S214045700666F726D20746865206E6574776F726B51
S2140457102E2054686520737461636B2075736573FB
S2140457202073616D652050616E4964206173206E3C
S214045730617469766520726164696F206E6574773A
S2140457406F726B2E00706167651F6368616E6E65AD
S2140457506C1F706F7765721F6F7074696F6E734D10
S21404576061736B20284269742030203D20526F7587
S2140457707465727320616C6C6F7765642C20426963
S214045780742031203D2042726F616463617374201B
S214045790616C6C6F776564291F00417474656D7065
S2140457A0747320746F206368616E6765207468651F
S2140457B0206368696C642074696D656F7574206F06
S2140457C07074696F6E206D61736B20746F206669E8
S2140457D06C746572206F757420756E646573697277
S2140457E061626C652076616C7565732028652E672A
S2140457F02E206E6F206D6F7265207468616E203384
S2140458002064617973292E0074696D656F75742040
S2140458106F7074696F6E206D61736B1F00537769C8
S2140458207463686573206265747765656E20646961
S21404583066666572656E74206B65657020616C695A
S2140458407665206D6F64657320737570706F7274FF
S2140458506564206279206120726F757465722E000B
S2140458604B65657020616C697665206D6F64651F95
S214045870005072696E747320746865206375727262
S214045880656E74204E6F64652049442C2045554946
S21404589036342C20616E642050616E2049442E00FC
S2140458A0496E697469616C697A65732061206E65F6
S2140458B074776F726B3B2074686973206973206118
S2140458C0207465737420636F6D6D616E64207573E8
S2140458D0656420666F722074632D737761702D6F14
S2140458E075742074657374696E672E0053657473DB
S2140458F020746865206E6574776F726B20696E64B9
S2140459006578207573656420627920616C6C206606
S214045910757475726520434C4920636F6D6D616EB6
S21404592064732E20204265666F7265206578656311
S2140459307574696E67206120434C4920636F6D6DF2
S214045940616E642C20746865206672616D65776F7D
S214045950726B20737769746368657320746F207440
S214045960686973206E6574776F726B2E20204166AB
S2140459707465722074686520636F6D6D616E642053
S21404598066696E697368657320657865637574699E
S2140459906E672C20746865206672616D65776F7219
S2140459A06B207377697463686573206261636B2028
S2140459B0746F207468652070726576696F757320DD
S2140459C06E6574776F726B2E202054686520434C86
S2140459D0492075736573207468652073616D65204E
S2140459E06E6574776F726B20696E64657820756E69
S2140459F074696C20746865206465766963652072D2
S214045A006573657473206F722069742069732063EC
S214045A1068616E676564207468726F756768207461
S214045A2068697320636F6D6D616E642E00417474D3
S214045A30656D70747320746F206368616E6765208B
S214045A40646576696365206F76657220746F20617D
S214045A5020646966666572656E74206368616E6E3E
S214045A60656C20676976656E20696E2074686520AB
S214045A706368616E6E656C20617267756D656E74C1
S214045A802E00546865206368616E6E656C20746FC2
S214045A90206368616E676520746F1F0066696E64B4
S214045AA0556E7573656450616E49640066696E640C
S214045AB04A6F696E61626C654E6574776F726B00CF
S214045AC05065726D697473206A6F696E696E6720BB
S214045AD06F6E20746865206E6574776F726B2066CF
S214045AE06F72206120676976656E206E756D6265DB
S214045AF072206F66207365636F6E647320414E4434
S214045B002062726F616463617374732061205A4407
S214045B104F204D676D74205065726D6974204A6F0E
S214045B20696E696E67207265717565737420746F2B
S214045B3020616C6C20726F75746572732E00412040
S214045B4073696E676C65206279746520696E646932
S214045B50636174696E6720686F77206C6F6E672068
S214045B60746865206465766963652073686F756C10
S214045B70642068617665207065726D6974206A6F4A
S214045B80696E696E67207475726E6564206F6E2028
S214045B90666F722E20412076616C7565206F6620D4
S214045BA030786666207475726E73206F6E2070652A
S214045BB0726D6974206A6F696E20696E64656669C1
S214045BC06E6974656C792E1F00436865636B732079
S214045BD06E6574776F726B20706A6F696E2073746B
S214045BE0617475732E0057726974657320746865E2
S214045BF020657874656E6465642070616E2049441F
S214045C0020666F7220746865206465766963652E05
S214045C100065787470616E69641F0052656A6F6906
S214045C206E7320616E206578697374696E67206E82
S214045C306574776F726B20696E2061207365637577
S214045C407265206F7220696E736563757265206D68
S214045C50616E6E6572207769746820612064696677
S214045C60666572656E74206465766963652074790A
S214045C7070652E00426F6F6C65616E206E6574777A
S214045C806F726B206B657920617661696C616269FD
S214045C906C6974791F4368616E6E656C206D617300
S214045CA06B1F416E20656E756D65726174696F6EEB
S214045CB020696E6469636174696E67207468652020
S214045CC0646576696365207479706520746F2072E4
S214045CD0656A6F696E2061732E54686520737461FB
S214045CE0636B206F6E6C79206163636570747320D8
S214045CF0534C5F5A49474245455F454E445F4445C9
S214045D005649434520616E6420534C5F5A494742C6
S214045D1045455F534C454550595F454E445F4445A1
S214045D20564943452E1F0052654A6F696E732061BB
S214045D30206E6574776F726B2E00426F6F6C6561B0
S214045D406E206E6574776F726B206B657920617652
S214045D5061696C6162696C6974791F4368616E6E0F
S214045D60656C206D61736B1F004C656176657320EE
S214045D7061206E6574776F726B2E005475726E7345
S214045D80207065726D6974206A6F696E696E67202B
S214045D906F6E20666F722074686520616D6F756E15
S214045DA074206F662074696D6520696E646963612A
S214045DB07465642E00412073696E676C6520627991
S214045DC0746520696E6469636174696E6720686FC0
S214045DD077206C6F6E6720746865206465766963E7
S214045DE0652073686F756C642068617665207065DD
S214045DF0726D6974206A6F696E696E672074757255
S214045E006E206F6E20666F722E20412076616C7550
S214045E1065206F662030786666207475726E73200F
S214045E207065726D6974206A6F696E20696E646548
S214045E3066696E6974656C792E1F004A6F696E73A5
S214045E402061206E6574776F726B206F6E20612000
S214045E50676976656E206368616E6E656C2C207764
S214045E60697468206120676976656E2054582050EE
S214045E706F77657220616E642050414E2049442E2F
S214045E8000546865206368616E6E656C206F6E20D2
S214045E90776869636820746F206A6F696E20746817
S214045EA065206E6574776F726B1F4F6E652D627911
S214045EB07465207369676E65642076616C75652009
S214045EC0696E6469636174696E67207468652054DA
S214045ED05820506F77657220746861742074686502
S214045EE020726164696F2073686F756C64206265E4
S214045EF02073657420746F1F5468652050414E20CB
S214045F004944206F6E20776869636820746F206A3E
S214045F106F696E20746865206E6574776F726B1F88
S214045F2000466F726D732061206E6574776F726BB6
S214045F30206F6E206120676976656E206368616EE7
S214045F406E656C2C207769746820612067697665B5
S214045F506E20545820506F77657220616E6420500E
S214045F60414E2049442E00546865206368616E6E75
S214045F70656C206F6E20776869636820746F20668E
S214045F806F726D20746865206E6574776F726B1F10
S214045F904F6E652D62797465207369676E6564203B
S214045FA076616C756520696E6469636174696E6791
S214045FB02074686520545820506F77657220746882
S214045FC061742074686520726164696F2073686FF9
S214045FD0756C642062652073657420746F1F546842
S214045FE0652050414E204944206F6E2077686963CF
S214045FF06820746F20666F726D20746865206E6505
S21404600074776F726B1F005468697320696E6974C5
S214046010696174657320612054434C4B2075706429
S2140460206174652070726F6365647572652E0053C3
S2140460307065636966792074686520616D6F756E36
S21404604074206F662074696D6520746F20776169AB
S21404605074206166746572206F6E652054434C4BE1
S21404606020757064617465206F7065726174696F01
S2140460706E20636F6D706C65746573206265666F01
S214046080726520626567696E6E696E672061206E50
S21404609065772054434C4B20757064617465206F9B
S2140460A07065726174696F6E2E0054686520616D48
S2140460B06F756E74206F662074696D6520626574F2
S2140460C07765656E2073756273657175656E742089
S2140460D074727573742063656E746572206C696E71
S2140460E06B206B6579207570646174657320696EC6
S2140460F0206D696C6C697365636F6E64731F0053FF
S2140461006574206F7220636C6561722073746179A4
S214046110206177616B65207768656E206E6F7420EA
S2140461206A6F696E656400536574206F7220636CD1
S21404613065617220666F726365206177616B6500C6
S214046140446973706C61792074686520736C656546
S214046150702073746174757300464F52205445530F
S21404616054494E4720505552504F534553202D20E6
S2140461706761746865722074696D696E67206D6501
S214046180747269637320666F72207265706F7274BE
S214046190696E67207461626C65206F7065726174E5
S2140461A0696F6E732E00436C656172732074686544
S2140461B0206C617374207265706F72742074696DDC
S2140461C065206F6620617474726962757465732ED7
S2140461D000416464732061206E657720656E747276
S2140461E07920746F20746865207265706F727420ED
S2140461F07461626C652E00546865206C6F63616C14
S21404620020656E64706F696E742066726F6D207799
S214046210686963682074686520617474726962755D
S2140462207465206973207265706F727465641F5498
S214046230686520636C75737465722077686572652B
S2140462402074686520617474726962757465206967
S21404625073206C6F63617465641F546865204944D9
S214046260206F662074686520617474726962757440
S21404627065206265696E67207265706F7274656406
S2140462801F3020666F7220636C69656E742D7369A7
S21404629064652061747472696275746573206F72C4
S2140462A0203120666F72207365727665722D73696D
S2140462B0646520617474726962757465731F5468CA
S2140462C065206D696E696D756D207265706F727488
S2140462D0696E6720696E74657276616C2C206D65D4
S2140462E061737572656420696E207365636F6E648E
S2140462F0732E1F546865206D6178696D756D207204
S21404630065706F7274696E6720696E746572766103
S2140463106C2C206D6561737572656420696E2073DC
S21404632065636F6E64732E1F546865206D696E69AD
S2140463306D756D206368616E676520746F20746880
S214046340652061747472696275746520746861741A
S2140463502077696C6C20726573756C7420696E2086
S21404636061207265706F7274206265696E6720734F
S214046370656E742E1F0052656D6F76657320616EB0
S21404638020656E7472792066726F6D20746865205D
S2140463907265706F7274207461626C652E00546846
S2140463A06520696E646578206F662074686520725F
S2140463B065706F727420746F2062652072656D6FED
S2140463C07665641F00436C6561727320616C6C2093
S2140463D0656E74726965732066726F6D2074686585
S2140463E0207265706F7274207461626C652E005042
S2140463F072696E747320746865207265706F727447
S214046400207461626C652E00576970657320616C38
S2140464106C206461746120696E20746865207374EE
S2140464206F72616765206465766963652E005072D5
S214046430696E747320617262697472617279206223
S21404644079746573206F6620746865204F54412004
S214046450696D616765206F6E206469736B2E0054E6
S214046460686520696E646578206F662074686520A8
S214046470696D61676520746F207072696E74206937
S214046480747320646174611F546865206F66667354
S214046490657420696E746F20746865204F544120BB
S2140464A0696D61676520746861742077696C6C2017
S2140464B06265207072696E7465641F005072696E3E
S2140464C0747320696E666F726D6174696F6E206195
S2140464D0626F7574207468652073746F7261676583
S2140464E0206465766963652E0052656C6F6164206E
S2140464F07468652073746F72616765206465766975
S21404650063652E0044656C65746573207468652045
S214046510696D6167652061742074686520737065B1
S21404652063696669656420696E6465782E005468DC
S2140465306520696E6465782061742077686963688D
S21404654020746F20626567696E2064656C65746983
S2140465506E672074686520696D6167651F005072F8
S214046560696E74732074686520696D616765732E3F
S21404657000456E61626C6573204F544120646F77EA
S2140465806E6772616465732E0044697361626C653C
S21404659073204F544120646F776E6772616465732D
S2140465A02E0053656E647320616E205570677261A9
S2140465B06465456E645265717565737420746F20E6
S2140465C0616E204F5441207365727665722E0043C7
S2140465D0616E206265207573656420746F2064792B
S2140465E06E616D6963616C6C79207475726E206F70
S2140465F066662073656E64696E67207061676520E1
S2140466007265717565737473206F6E207468652087
S214046610636C69656E7420736964652C20696620F2
S2140466207468652073657276657220646F65736E30
S214046630277420737570706F727420746869732081
S214046640666561747572652E00426F6F6C65616E67
S2140466502076616C7565207475726E696E67206F3E
S2140466606E20283129206F72206F66662028302914
S214046670207468652070616765207265717565733E
S2140466807420666C61671F0053656E647320616EC8
S21404669020696D61676520626C6F636B207265713B
S2140466A07565737420666F7220612066696C652058
S2140466B0746865207365727665722073686F756C8E
S2140466C064206E6F7420686176652E20205465738E
S2140466D074206861726E657373206F6E6C792028FF
S2140466E074657374206361736520392E352E3620E5
S2140466F02D204D697373696E672046696C652900A1
S2140467005072696E747320696E666F726D61746917
S2140467106F6E206F6E207468652063757272656E86
S21404672074207374617465206F6620746865204FE6
S214046730544120636C69656E7420646F776E6C6F69
S21404674061642E0053746F707320746865204F5410
S21404675041207374617465206D616368696E652E8B
S2140467600053746172747320746865204F5441201A
S214046770636C69656E74207374617465206D6163FF
S21404678068696E652E20546865207374617465208C
S2140467906D616368696E6520646973636F7665729C
S2140467A07320746865204F54412073657276657251
S2140467B02C207175657269657320666F72206E652C
S2140467C07720696D616765732C20646F776E6C6FD4
S2140467D06164732074686520696D61676573206100
S2140467E06E6420776169747320666F7220746865BE
S2140467F02073657276657220636F6D6D616E6420BA
S214046800746F20757067726164652E005072696ECD
S214046810747320746865206D616E75666163747543
S2140468207265722049442C20496D6167652054794D
S21404683070652049442C20616E6420566572736925
S2140468406F6E20696E666F726D6174696F6E207408
S2140468506861742061726520757365642077686565
S2140468606E2061207175657279206E657874206972
S2140468706D6167652069732073656E7420746F207C
S2140468807468652073657276657220627920746810
S2140468906520636C69656E742E00506572666F724F
S2140468A06D73207369676E617475726520766572A0
S2140468B0696669636174696F6E206F6E20746865BB
S2140468C020696D6167652061742074686520737043
S2140468D06563696669656420696E6465782E00542C
S2140468E0686520696E6465782061742077686963DA
S2140468F06820746F20626567696E207665726966C3
S21404690069636174696F6E206F66207468652069B8
S2140469106D6167651F00426F6F746C6F61647320EE
S21404692074686520696D61676520617420746865A4
S2140469302073706563696669656420696E6465784A
S2140469402062792063616C6C696E672074686520C8
S2140469504F544120626F6F746C6F61642063616C86
S2140469606C6261636B2E0054686520696E6465789A
S21404697020617420776869636820746F2062656795
S214046980696E20626F6F746C6F6164696E672074E1
S214046990686520696D6167651F005072696E74735F
S2140469A020696E666F2061626F7574207468652056
S2140469B0696E7374616C6C656420626F6F746C6F5F
S2140469C0616465722E005375627472616374732019
S2140469D061206368616E6E656C2066726F6D2065FB
S2140469E0697468657220746865207072696D617276
S2140469F079206F72207365636F6E646172792063A9
S214046A0068616E6E656C206D61736B206F662074B2
S214046A106865206E6574776F726B2D737465657226
S214046A20696E6720636F6D706F6E656E742E0054AA
S214046A306865206368616E6E656C206D61736B209B
S214046A40746F207375627472616374207468652051
S214046A506368616E6E656C2066726F6D1F54686540
S214046A60206368616E6E656C20746F207375627443
S214046A707261637420746865206D61736B2066723E
S214046A806F6D1F00416464732061206368616E6EDD
S214046A90656C20746F206569746865722074686517
S214046AA0207072696D617279206F72207365636FEE
S214046AB06E64617279206368616E6E656C206D61C8
S214046AC0736B206F6620746865206E6574776F72CA
S214046AD06B2D7374656572696E6720636F6D706F76
S214046AE06E656E742E00546865206368616E6E650C
S214046AF06C206D61736B20746F2061646420612068
S214046B006368616E6E656C20746F1F5468652063DD
S214046B1068616E6E656C20746F2061646420746FA7
S214046B2020746865206D61736B1F00536574732051
S214046B3065697468657220746865207072696D6131
S214046B407279206F72207365636F6E646172792048
S214046B506368616E6E656C206D61736B2E0054689D
S214046B6065206368616E6E656C206D61736B20745E
S214046B706F20737562747261637420746865206331
S214046B8068616E6E656C2066726F6D1F5468652052
S214046B9076616C756520746F2073657420746865FF
S214046BA0206368616E6E656C206D61736B20746F14
S214046BB02E1F005365747320746865207072652DEB
S214046BC0636F6E66696775726564206B657920739A
S214046BD06F207468617420746865206A6F696E69D2
S214046BE06E67206465766963652063616E20656EF2
S214046BF074657220746865206E6574776F726B2E88
S214046C0000536574732074686520707265636F6ED4
S214046C1066696775726564206B65791F0053746FC7
S214046C20707320746865206E6574776F726B20735A
S214046C3074656572696E672070726F636573732E10
S214046C400053746172747320746865206E6574777B
S214046C506F726B207374656572696E672070726FED
S214046C60636573732E0041206D61736B206F66201D
S214046C706F7074696F6E7320666F7220696E6469D4
S214046C80636174696E6720737065636966696320FF
S214046C906265686176696F722077697468696E20C8
S214046CA0746865206E6574776F726B2D7374656592
S214046CB072696E672070726F636573732E1F00446B
S214046CC06973706C61797320746865206375727279
S214046CD0656E7420737461747573206F66207468AF
S214046CE065206E6574776F726B2073746565726960
S214046CF06E672070726F636573732E00436C6561F4
S214046D007273207468652067726F7570732074617F
S214046D10626C65206F6E20657665727920656E6498
S214046D20706F696E74005072696E747320696E6653
S214046D306F726D6174696F6E2061626F7574207412
S214046D40686520636F6E74656E7473206F66207456
S214046D5068652067726F757073207461626C652E47
S214046D60004172746966696369616C6C7920647247
S214046D706F70732074686520626C6F636B206E7529
S214046D806D62657220646566696E6564206279204A
S214046D907468652070617373656420617267756DCD
S214046DA0656E74206F6E6C79206F6E63652C20613F
S214046DB06E64207468656E20616C6C6F77732069EE
S214046DC0742075706F6E20612072657472792E005F
S214046DD054686520626C6F636B206E756D626572B5
S214046DE020746F206172746966696369616C6C797A
S214046DF02064726F7020746F20666F726365206102
S214046E00207265747279202D2073657420746F2047
S214046E103078464620746F2064697361626C651F1F
S214046E2000536574732074686520726563656976BB
S214046E30652077696E646F772073697A652E2020E3
S214046E40427920646566696E6974696F6E20696E3E
S214046E502074686520536D61727420456E65726790
S214046E60792070726F66696C65206974206D75731D
S214046E70742062652073657420746F2031206275F7
S214046E8074207468697320616C6C6F7773206974FE
S214046E9020746F206265206368616E6765642E00E7
S214046EA0546865206D6178206E756D626572206F1A
S214046EB0662074686520626C6F636B73207265630A
S214046EC06569766564206265666F726520616E200A
S214046ED04150532061636B2069732067656E657249
S214046EE0617465641F004D616B6573207468697313
S214046EF0206E6F6465207374617274206964656EB5
S214046F0074696679696E67206173206120746172A2
S214046F1067657420666F722062696E64696E6720A6
S214046F207769746820616E20696E69746961746F2C
S214046F3072206E6F64652E0054686520656E6470FA
S214046F406F696E74206F6E20776869636820746F4B
S214046F5020626567696E207468652046696E646998
S214046F606E6720616E642042696E64696E67207481
S214046F7061726765742070726F636573731F004D6A
S214046F80616B65732074686973206E6F6465207323
S214046F90746172742074686520696E6974696174BA
S214046FA06F722070617274206F6620746865206644
S214046FB0696E64696E6720616E642062696E6469D6
S214046FC06E672070726F636573732E005468652055
S214046FD0656E64706F696E74206F6E20776869637F
S214046FE06820746F20626567696E20746865204641
S214046FF0696E64696E6720616E642042696E6469B6
S2140470006E6720696E69746961746F722070726F3E
S214047010636573731F00456E61626C652F646973E4
S21404702061626C6520646562756720606C65676183
S214047030637920617070206672616D65776F726B1C
S21404704020646562756760207072696E7420747956
S21404705070652E00456E61626C652F6469736162AB
S2140470606C651F00456E61626C652F6469736162AE
S2140470706C6520646562756720607A636C60207056
S21404708072696E7420747970652E00456E61626C48
S214047090652F64697361626C652064656275672038
S2140470A06061707060207072696E742074797065A7
S2140470B02E00456E61626C652F64697361626C654F
S2140470C02064656275672060636F72656020707205
S2140470D0696E7420747970652E00456E61626C6505
S2140470E02F64697361626C652064656275672060ED
S2140470F0737461636B60207072696E742074797047
S214047100652E0053656E6473206120726571756523
S214047110737420666F72204F544120636F756E74CB
S2140471206572732E0052657365747320616C6C20EF
S2140471307468726573686F6C64732076616C7565C9
S2140471407320746F203078464646462E0053657486
S214047150732061207468726573686F6C642076614E
S2140471606C756520666F7220612070617274696345
S214047170756C61722074797065206F6620636F7514
S2140471806E7465722E0054797065206F6620636F86
S214047190756E7465721F5468726573686F6C6420CC
S2140471A056616C75651F005072696E74732074683E
S2140471B065207468726573686F6C6473206F6620EC
S2140471C0616C6C2074686520636F756E7465727389
S2140471D02E00436C6561727320616C6C20636F755E
S2140471E06E7465722076616C7565732E00507269D4
S2140471F06E747320616C6C20636F756E7465722098
S21404720076616C7565732E005072696E74732074A3
S21404721068652076616C7565206F6620746869738E
S21404722020706172746963756C617220636F756E29
S2140472307465722E0054686520636F756E7465728B
S214047240207479706520746F207072696E741F00E4
S2140472505072696E747320616C6C20636F756E7403
S21404726065722076616C75657320616E6420636C4C
S21404727065617273207468656D2E00536574204DC5
S214047280464720746F6B656E2C2043414E4E4F5418
S21404729020424520554E53455420425920434C49DC
S2140472A02E005072696E74204D464720746F6B65CD
S2140472B06E2E005072696E74206163746976652060
S2140472C06576656E74732E0044697361626C65201E
S2140472D074686520656E64706F696E7420666F727C
S2140472E0205A434C206D657373616765732E0045A1
S2140472F06E64706F696E7420696E6465781F0045ED
S2140473006E61626C65732074686520656E64706F68
S214047310696E7420666F72205A434C206D657373D1
S214047320616765732E005072696E7420737461749D
S2140473307573206F6620656E64706F696E74732E45
S2140473400053686F77732074686520766572736976
S2140473506F6E206F662074686520736F667477613D
S21404736072652E005365742074686520636F6E66BC
S214047370696775726564203830322E31352E3420B4
S214047380434341206D6F646520696E2074686520F0
S214047390726164696F2E2053656520646F63756D32
S2140473A0656E746174696F6E207265676172646974
S2140473B06E67205241494C5F494545453830323165
S2140473C035345F4363614D6F64655F742E004120FE
S2140473D05241494C5F494545453830323135345F72
S2140473E04363614D6F64655F742076616C75651FD9
S2140473F00052657475726E7320505449207261642D
S214047400696F20636F6E66696720696E666F726D5A
S2140474106174696F6E20746F2064657465726D693B
S2140474206E6520746865205048592074797065200C
S2140474306265696E672075736564206279205241BF
S214047440494C2E2072657475726E2076616C756573
S21404745020697320656E756D205241494C5F49451D
S21404746045453830323135345F5074695261646949
S2140474706F436F6E6669675F7420652E67202052BF
S21404748041494C5F494545453830323135345F50C3
S21404749054495F524144494F5F434F4E4649475F04
S2140474A032503447485A203D2030783030552052E8
S2140474B041494C5F494545453830323135345F5093
S2140474C054495F524144494F5F434F4E4649475FD4
S2140474D032503447485A5F414E54444956203D2062
S2140474E03078303155205241494C5F49454545383E
S2140474F030323135345F5054495F524144494F5F0E
S214047500434F4E4649475F32503447485A5F434FCD
S2140475104558203D203078303255205241494C5F42
S214047520494545453830323135345F5054495F5209
S2140475304144494F5F434F4E4649475F32503447B4
S214047540485A5F414E544449565F434F4558203D80
S2140475502030783033550053656E64732061207292
S214047560656164206174747220666F722074686545
S2140475702074696D65206F6620746865206465767E
S214047580696365207370656369666965642E20495E
S214047590742073657473206120666C616720736F52
S2140475A0207768656E206974206765747320746834
S2140475B06520726573706F6E7365206974207772C8
S2140475C069746573207468652074696D6520746FCA
S2140475D020697473206F776E2074696D65206174FA
S2140475E074722E0049641F737263456E64706F690B
S2140475F06E741F64657374456E64706F696E741F71
S214047600005768656E2073656E64696E67207573CF
S214047610696E6720612062696E64696E672C2073E8
S21404762070656369666965732077686574686572F2
S2140476302061206D756C7469636173742062696E71
S21404764064696E672073686F756C64206265207564
S2140476507365642E007573654D756C746963617328
S2140476607442696E64696E671F0053656E647320A6
S21404767061207072652D6275666665726564206D3C
S214047680756C746963617374206D65737361676583
S21404769020746F206120676976656E2067726F7547
S2140476A0702049442066726F6D2061206769766594
S2140476B06E20656E64706F696E742E0067726F75E7
S2140476C07049641F7372632D656E64706F696E749F
S2140476D01F00437265617465732061206D65737362
S2140476E06167652062792073706563696679696E7F
S2140476F06720746865207261772062797465732EDA
S21404770020557365207468652073656E6420636F06
S2140477106D6D616E6420746F2073656E642074688A
S21404772065206D657373616765206F6E6365206998
S2140477307420686173206265656E20637265617487
S21404774065642E2045783A20726177203078303090
S2140477503046207B303020304120303020313120FC
S21404776032322033332034342035357D2073656E31
S21404777064732061206D65737361676520746F2080
S214047780636C757374657220313520283078303018
S214047790304629206F66206C656E67746820382032
S2140477A0776869636820696E636C756465732074B2
S2140477B06865205A434C206865616465722E0043F0
S2140477C06C757374657249641F446174611F00525A
S2140477D0657365747320746865206E6F64652E0027
S2140477E05772697465732061206D6573736167658C
S2140477F02E00456E64706F696E741F436C757374E7
S21404780065722049441F41747472696275746520F8
S21404781049441F4D61736B1F446174612074797011
S214047820651F4461746120627974651F0052656146
S21404783064732061206D6573736167652E00456E01
S21404784064706F696E741F436C7573746572204937
S214047850441F4174747269627574652049441F310B
S2140478602069662073657276657220646972656342
S21404787074696F6E2C203020696620636C69656EAF
S2140478807420646972656374696F6E1F0053656E55
S21404789064732061206D6573736167652E004465AB
S2140478A07374696E6174696F6E1F536F7572636566
S2140478B020656E64706F696E741F44657374696EB8
S2140478C06174696F6E20656E64706F696E741F00F4
S2140478D0536F7572636520656E64706F696E741F8E
S2140478E0004C69737473207768696368206F7074DA
S2140478F0696F6E616C206C6962726172696573206F
S2140479006F662074686520737461636B20617265AA
S21404791020696D706C656D656E746564206F6E208D
S21404792074686973206465766963652E00507269AD
S2140479306E747320696E666F726D6174696F6E2003
S21404794061626F757420746865206E6574776F72F3
S2140479506B2073746174652C20636C757374657224
S214047960732C20616E6420656E64706F696E747328
S2140479702E006F66667365741F005072696E7473AA
S21404798020696E666F726D6174696F6E20666F72C1
S21404799020616C6C20617661696C61626C65207331
S2140479A06C6F74732E005265616473207261772065
S2140479B0646174612066726F6D20666C6173682002
S2140479C073746F726167652E0041646472657373C5
S2140479D020746F20726561641F4E756D6265722037
S2140479E06F6620627974657320746F2072656164B3
S2140479F01F005072696E747320666C61736820731E
S214047A00746F7261676520696E666F726D61746902
S214047A106F6E2E00457261736573207468652073FB
S214047A20706563696669656420736C6F7420494485
S214047A302E0053746F7261676520736C6F74206ECA
S214047A40756D6265721F00426F6F7473207468658B
S214047A5020696D61676520696E207468652073709F
S214047A606563696669656420736C6F742049442E87
S214047A7000434C4920696E7374616E6365206578B3
S214047A80616D706C650064756D6D795F696E737495
S214047A90005A434C20636F6D6D616E6473006261BF
S214047AA073696300676C6F62616C006D66672D6353
S214047AB06F6465007573652D6E6578742D736571D6
S214047AC075656E636500782D64656661756C742DE6
S214047AD07265737000746573742D726573706F6E5F
S214047AE073652D6F6E00746573742D726573706F95
S214047AF06E73652D6F6666005A434C206261736927
S214047B006320636C757374657220636F6D6D616E4C
S214047B106473007274666400436F6D6D616E6420F6
S214047B20746861742072657365747320616C6C206C
S214047B306174747269627574652076616C756573B8
S214047B4020746F20666163746F7279206465666161
S214047B50756C742E005241494C006C6F7765722D1B
S214047B606D61632D7261696C2D3830322E31352E7D
S214047B70342E63006C69627261696C2E6100756EE6
S214047B80636C61696D6564006275666665722D6D09
S214047B90616E6167656D656E742E63006576656EED
S214047BA0742D71756575652E63007A6967626565FF
S214047BB02D75707065722D6D61632E63006E656938
S214047BC06768626F722E63006173736F63696174B2
S214047BD0696F6E2E630031383231730031343232BD
S214047BE031003132310032730031323231313200F9
S214047BF031323231310032383100383131003138E7
S214047C003231310031323131313231323232317344
S214047C1000313232003132313132323100313131D9
S214047C20310032323800726F7574652D7461626C7F
S214047C30652E63006D61632D6D756C74692D6E65BC
S214047C4074776F726B2E63006C65676163792D7051
S214047C5061636B65742D6275666665722E630000DB
S214047C600102030E312E312E322D666461653131E8
S214047C703433010001000203030003000000000087
S214047C8013B779FAC925DDB7ADF3CFE0F1B614B86A
S214047C900102000000000000FFFFFFFF01000000DB
S214047CA001000000000000000000000000000000CA
S214047CB000000000000000000000000000000000BB
S214047CC000000000000000000000000000000000AB
S214047CD0033F1F0027400300234003000140030026
S214047CE0CF3F03005F40030031400300D13F030051
S214047CF02C00000002020203000000000102000043
S214047D00000801B4A87D04000008015A647D04003C
S214047D1000080040207D0400000000000000000071
S214047D200000FCFEFFFF000000000000FFFF000054
S214047D3000000000FFFF000000000000FFFF00003E
S214047D400000000040001806F4D200002C00B00228
S214047D503DBE00001700F2000C7C00000C00410041
S214047D609E4200006400FCFEFFFF000000000000CE
S214047D70FFFF0000000000005A00F306A554FEFFB3
S214047D802100A301A1FEFFFF1100A6008327000027
S214047D900A006100DC26000006003B00F820000014
S214047DA003001500AD130000C800FCFEB4008B08E9
S214047DB07BC0FBFF4D00E402E756FFFF2C00A20148
S214047DC083EBFFFF1A000301B31A00001100A3009F
S214047DD0552900000A005E005A28000006003A00F2
S214047DE02122000004001800731600005533040016
S214047DF012E8030012E8030012E8030012E8030086
S214047E0012E8030012E8030012E8030012E8030075
S214047E1012E8030012E8030012E8030012E8030065
S214047E2012E8030012E8030012E8030012E8030055
S214047E3012E8030012E8030012E8030012E8030045
S214047E4012E8030012E8030012E8030012E8030035
S214047E5012E8030012E8030012E8030020E8030017
S214047E6012E8030035E8030012E8030012E80300F2
S214047E705AE8030012E8030012E8030012E80300BD
S214047E8012E8030082E8030012E8030012E8030085
S214047E9012E8030012E803009AE8030012E803005D
S214047EA0B8E803000B0000000B000000020000000E
S214047EB00000202000000000030000008C8C3C0022
S214047EC00000000000000000000000000000005851
S214047ED01200000000000000FFFFFFFFFFFFFFFF8F
S214047EE0554E4B00474F200042544C00474F32003B
S214047EF0474F3300474F3400474F3500474F36004F
S214047F00474F3700474F3800474F3900474F410027
S214047F10474F4200474F4300474F4400474F4500F2
S214047F20474F46004A4D50004244520055505200B6
S214047F3042544D004D534D0046544C00554E4B0094
S214047F40474F200042544C004241440046544C00E3
S214047F50465243004F54410044534C0042415000A3
S214047F6055504700544D450046415500545A460066
S214047F70554E4B0050494E00454D3400554E4B006F
S214047F8048562000554E4B00455850004C574D005F
S214047F90554E4B005242540044534C00454D340059
S214047FA0554E4B0041535400554E4B00564659000F
S214047FB0494E4800554E4B004C434B0058544C0019
S214047FC04F424600554E4B00485244004D454D0026
S214047FD0425553005553470044424700444D410020
S214047FE056435400554E4B00555020005250200026
S214047FF04150300041503100415020004450200090
S21404800044454300E07E0400E47E04003C7F040014
S214048010707F04007C7F0400847F0400907F04004B
S214048020A07F0400A87F0400B47F0400C47F04007B
S214048030E47F0400554E4B004649420042544C002F
S2140480404558540050575200574447002053570091
S214048050435253004653480042414400464C5400A1
S21404806042524F00010401030306010501050109FC
S2140480700600060B0000070B050B000000000000BE
S214048080000000000400E40C0A00010410010000D3
S2140480900005000200000300208304001C83040083
S2140480A0088304000483040000830400FC820400A4
S2140480B0EA820400DA820400C0820400B882040063
S2140480C0AE820400AC820400948204009182040010
S2140480D089820400788204006882040056820400C0
S2140480E03C820400348204002882040024820400B3
S2140480F0208204001282040007820400EE81040039
S214048100D581040079810400788104006881040024
S2140481104081040035810400348104002081040079
S2140481200000000000000000000000000000000046
S214048130000000000F000000000000000000000027
S2140481400000000000000000000000000000000026
S2140481500000000000000000000000000000000016
S2140481600000000000000000010000000000000005
S21404817000000000000000000F00000000000000E7
S21404818000000000000000000000000000000000E6
S21404819000000000000000000000000000000000D6
S2140481A000000000000000000000000000000000C6
S2140481B000000000000000000000000000000000B6
S2140481C000000000000000000000000000000000A6
S2140481D00000000000000000000000000000000096
S2140481E00000000000000000000000000000000086
S2140481F00000000000000000000000000000000076
S2140482000000000000000000000000000000000065
S2140482100000000000000000000000000000000055
S2140482200000000000000000FFFFFFFFFFFFFFFF4D
S214048230FFFF000000000000000000000000000037
S2140482400000000000000000000000000000000025
S2140482500000000000000000000000000000000015
S2140482600000000000000000000000000000000005
S21404827000000000000000000000000000000000F5
S214048280000000000000000000FFFFFFFFFFFFFFEC
S214048290FF9C0000FF00000000000000000000003B
S2140482A00000000000000000800000000000FFFF47
S2140482B0FFFFFFFFFFFFFFFF00000000FFFF0000BF
S2140482C000000000000000000000000000000000A5
S2140482D000000000000000000000FFFFFF00000098
S2140482E00000000000000000000000000000000085
S2140482F00000000000000000000000000000000075
S2140483000000000000000000000000000000000064
S2140483100000000000000000000000000000000054
S214048320FC03010101010101010101010101010137
S2140483300100000000000001002006000000060105
S2140483400100002002041104040211101A080A0293
S2140483501801081110111A080A04020D0B19195CE9
S2140483600110280B011400000000000000000000AB
S21404837000000000000101010101010001010101EA
S21404838001010100000101010001000101000000DB
S21404839000000000000000000000000000010000D3
S2140483A000000000000000000000000001FF0100C3
S2140483B023E1010075E4010063E2010063E50100C6
S2140483C062E1010079EB010064EE010024E10100A2
S2140483D025E1010026E1010027E1010028E1010072
S2140483E029E101002AE101000000010080000100EB
S2140483F0000101008001010000020100800201006A
S21404840020E20100000301000005010080050100D0
S214048410000601002C890100800601000007010007
S21404842001E5010002E501000008010080080100E2
S2140484300040010086321010FFFFFFFFFFFFFFFF22
S2140484403FF1030045F103004BF1030051F1030033
S21404845057F103005A6967426565416C6C69616E41
S214048460636530394E574B205374656572696E6781
S214048470000095969595950507090D0000000000E7
S2140484800001020304060000830704001E1B040008
S214048490381B04004F1B0400621B0400721B0400FC
S2140484A0861B0400981B0400A81B0400C41B0400BD
S2140484B0D91B04000208010D0D0101011201000080
S2140484C0FFFFFFFFFFFFFFFF0000000000000000AB
S2140484D00109050100020000000000031EF1EE0B76
S2140484E0F08404001428040055330400FE00000041
S2140484F03028040050860400000000003A280400D7
S214048500408604000000000047280400308604006B
S2140485100000000054280400208604000000000028
S214048520722804000C860400000000006A28040078
S214048530F88504000000000071280400E4850400A7
S214048540000000007F280400D4850400000000001A
S214048550F1260400C085040000000000782804000A
S214048560B085040000000000842804009C850400F4
S2140485700000000070EF03008C850400000000007B
S214048580000000000000000000000000DD560300AC
S21404859095280400D2280400010100FF21D8000019
S2140485A0FB28040040290400010100010107FF0024
S2140485B0DDD700008D290400F8290400010100FF1E
S2140485C01DD70000192A0400322A04000001010005
S2140485D0FF000000EF560300572A0400AF2A0400E9
S2140485E00101FF00D7560300C62A04001D2B040011
S2140485F001010207FF000000D1560300C62A04004A
S2140486001D2B040001010207FF000000CB560300E7
S214048610C62A04001D2B040001010207FF00000007
S214048620D1D600003E2B04007D2B0400010101FF7F
S21404863071D600009C2B0400E12B0400010000FF0F
S2140486402DD600009C2B0400E12B0400010000FF43
S214048650B5D60000082C04000E2A040000FF000013
S214048660C55603005D2C040098570400FF00000064
S214048670BF560300D02C040098570400FF000000E7
S2140486800DD600003F2D0400B42D040000FF0000AA
S214048690E5D50000CC2D04002E2E040000FF0000BB
S2140486A0B15603003F2E0400852E040002FF00008E
S2140486B0ADD500008E2E0400022F040001FF00003A
S2140486C07B2F04005E2F04006D2F0400792F040016
S2140486D08A2F0400A02F0400B62F0400C02F040025
S2140486E0CA2F040000000000CE320400110000006F
S2140486F0DA32040012000000E23204001300000024
S214048700EA32040021000000F232040022000000D5
S214048710F93204002300000000330400AA0000001D
S21404872007330400FF00000000000000FFFFFFFF07
S214048730FFFFFFFF0000000000000000000001082B
S2140487400109020A030B040C050D060E070F081098
S21404875001180119021A031B041C051D061E071F17
S21404876008200121022203230424052506260727C0
S21404877008280129022A032B042C052D062E072F70
S21404878008300131023203380239043A08E004E1C1
S21404879004E204E802E902EA04F008F1100000002A
S2140487A000000000020500000888040002000F0014
S2140487B03088040002000F005888040002000F00EE
S2140487C08088040002000F00A888040002000F003E
S2140487D0D088040002000F00F888040002000F008E
S2140487E02089040002000F004889040002000F00DC
S2140487F07089040002000F009889040002000F002C
S214048800C089040002000F0000000000E88904008C
S21404881003000000400000000000000019000000F3
S2140488200C8A040004000F00800000000000000012
S21404883000000000E8890400030000004000000077
S21404884000000000190000000C8A040004000F0059
S214048850800000000000000000000000E88904001A
S21404886003000000400000000000000019000000A3
S2140488700C8A040004000F008000000000000000C2
S21404888000000000E8890400030000004000000027
S21404889000000000190000000C8A040004000F0009
S2140488A0800000000000000000000000E8890400CA
S2140488B00300000040000000000000001900000053
S2140488C00C8A040004000F00800000000000000072
S2140488D000000000E88904000300000040000000D7
S2140488E000000000190000000C8A040004000F00B9
S2140488F0800000000000000000000000E88904007A
S2140489000300000040000000000000001900000002
S2140489100C8A040004000F00800000000000000021
S21404892000000000E8890400030000004000000086
S21404893000000000190000000C8A040004000F0068
S214048940800000000000000000000000E889040029
S21404895003000000400000000000000019000000B2
S2140489600C8A040004000F008000000000000000D1
S21404897000000000E8890400030000004000000036
S21404898000000000190000000C8A040004000F0018
S214048990800000000000000000000000E8890400D9
S2140489A00300000040000000000000001900000062
S2140489B00C8A040004000F00800000000000000081
S2140489C000000000E88904000300000040000000E6
S2140489D000000000190000000C8A040004000F00C8
S2140489E080000000000000000000200120000000BD
S2140489F0080000000400422130000000808A0400C1
S214048A0000FF420030000000000000000000F008F4
S214048A1040000000A18A0400010023044000000076
S214048A20A98A04000600300140000000000000008F
S214048A30FDFF2102400000000100000019000004B0
S214048A4019000101190002041900030119000504A4
S214048A50190006011900070404004100E1F20000B1
S214048A60060041005F5F030019008100D10F01007A
S214048A70190084005D1A0100008000000000000058
S214048A8006435553544F4D000000000000000000FC
S214048A9000000000000000000000000000000000CD
S214048AA000FFFFFFFFFFFFFFFFFFFFFFFF000401C4
S214048AB00401040104010401040104010401040185
S214048AC0040104010401FFFFFFFFFFFFFFFFFFFF98
S214048AD0FFFFFFFFFFFFFFFFFFFFFFFFFFFF00019A
S214048AE002030405060708090A0B1F1C1F1E1F1E87
S214048AF01F1F1E1F1E1F07021F012F0037013F00E6
S214048B005701DF02E700FF0200000000000000003B
S214048B10000000000000000000000000000000004C
S214048B200000000000000000000000006D39040092
S214048B301900000073390400FFFF00000000000065
S214048B403E3A0400493A040055330400513A0400FE
S214048B505F3A040055330400723A04007D3A040078
S214048B608B3A04008F3A04009F3A04008B080400F2
S214048B70AF3A0400B33A0400BE3A0400C83A04000C
S214048B80D23A0400D63A0400E43A0400F83A040060
S214048B900E3B0400008000000000000000000000FF
S214048BA000000000FFFFFFFFFF00000000000000C1
S214048BB0459F010000000000000000000000F03F98
S214048BC0000000000000244000000000000059409F
S214048BD00000000000408F40000000000088C340F2
S214048BE000000000006AF8400000000080842E4167
S214048BF000000000D01263410000000084D79741B3
S214048C000000000065CDCD41040C0400F8A104006A
S214048C100000000034440400E8A104000000000042
S214048C2039440400D8A10400000000003A440400BB
S214048C30C8A10400000000007F280400B4A10400BA
S214048C400000000072280400A0A104000000000038
S214048C503F44040090A104000000000045440400C2
S214048C6080A10400000000004944040070A1040030
S214048C70000000005844040060A104000000000046
S214048C807544040050A10400000000007E44040063
S214048C9040A10400000000009344040030A1040036
S214048CA000000000C619040020A104000000000013
S214048CB0A3440400E0A00400000000009A48040056
S214048CC06C98040000000000563804002C98040039
S214048CD000000000AA4404006C9704000000000092
S214048CE0B34404007096040000000000C04404006E
S214048CF06492040000000000DC3A04003C91040086
S214048D0000000000C74404003C9104000100000079
S214048D10CB440400FC90040000000000D04404008F
S214048D20C08F04000000000004E90300C08F0400A4
S214048D3001000000C0440400649204000000000027
S214048D40D74404006492040001000000DC440400DC
S214048D508C8F040000000000E64404008C8F04009E
S214048D6001000000EE440400BC8D04000000000076
S214048D7075F00300888D0400000000000000000069
S214048D800000000000000000988D0400F244040077
S214048D9055330400FE0000000A450400149904003C
S214048DA0000000006F49040004990400000000005D
S214048DB0000000000000000000000000CC8D04004D
S214048DC00F45040055330400FE000000254504004A
S214048DD0949A0400000000002B450400849A0400C2
S214048DE00000000031450400749A040000000000EE
S214048DF03A450400649A040000000000B6ED03003F
S214048E00549A040000000000C0EB03001C9A0400FF
S214048E1000000000C7F40300089A040000000000E5
S214048E2044450400F899040000000000B4F0030070
S214048E30E89904000000000049450400D89904009D
S214048E400000000050450400C8990400000000001B
S214048E5055450400B8990400000000005945040074
S214048E60588F04000000000060450400008F0400D2
S214048E700000000068450400CC8E040000000000DA
S214048E8074450400988E04000000000000000000F2
S214048E900000000000000000A88E04007F450400C7
S214048EA055330400FE000000FF0204003499040059
S214048EB000000000B02F0400249904000000000005
S214048EC0000000000000000000000000DC8E04002B
S214048ED0A045040055330400FE000000FF02040011
S214048EE05499040000000000B02F040044990400C4
S214048EF00000000000000000000000000000000069
S214048F00108F0400C245040055330400FE00000020
S214048F10E0450400A499040000000000BE4A0400D2
S214048F209499040000000000EF45040084990400AE
S214048F3000000000F44504007499040000000000DA
S214048F40FB450400649904000000000000000000D3
S214048F500000000000000000688F040000460400C3
S214048F6055330400FE000000C1020400409A0400C9
S214048F70000000001D4604002C9A040000000000B7
S214048F800000000000000000000000009C8F0400A9
S214048F902546040055330400FE0000004146040044
S214048FA0D49A040000000000DC3A0400C49A0400CA
S214048FB000000000000000000000000000000000A8
S214048FC0D08F04004646040055330400FE0000001B
S214048FD05F460400849B04000000000082FF030038
S214048FE0749B04000000000068460400649B0400B0
S214048FF00000000041460400B49A0400000000008B
S2140490006D460400A49A0400000000007A4604009A
S214049010BC90040000000000884604008890040009
S214049020000000009646040048900400000000007B
S214049030AA4404006C97040000000000000000002E
S2140490400000000000000000589004009F46040042
S21404905055330400FE000000E37A0400549B040029
S21404906000000000F47A0400449B040000000000A2
S214049070B3130400349B040000000000000000004A
S214049080000000000000000098900400BD460400A4
S21404909055330400FE000000E7460400A49B0400C9
S2140490A00000000064350400949B040000000000E7
S2140490B0000000000000000000000000CC90040047
S2140490C0EE46040055330400FE00000075F003006D
S2140490D0D89B040000000000B02F0400C89B0400C6
S2140490E000000000BE4A0400B49B04000000000018
S2140490F00000000000000000000000000C910400C6
S2140491000E47040055330400FE00000075F003000B
S214049110089C0400000000002E470400F89B04008E
S21404912000000000B02F0400E89B040000000000CC
S2140491300000000000000000000000004C91040045
S2140491403547040055330400FE0000004F47040072
S2140491503C9D040000000000682F04002C9D0400C1
S21404916000000000824704001C9D0400000000006C
S214049170B6ED03000C9D040000000000832F0400DD
S214049180FC9C04000000000054470400EC9C04000F
S214049190000000006C470400DC9C04000000000093
S2140491A075470400CC9C0400000000007C470400C3
S2140491B0BC9C040000000000884704008C9C04004B
S2140491C000000000BE4A04007C9C0400000000006E
S2140491D0974704006C9C040000000000721404000E
S2140491E05C9C0400000000009C4704004C9C0400A7
S2140491F000000000B34704003C9C0400000000008C
S214049200C7470400289C040000000000D747040059
S214049210189C040000000000E64704003092040096
S2140492200000000000000000000000000000000035
S21404923040920400EB47040055330400FE0000008F
S21404924002480400AC9C0400000000000B48040024
S2140492509C9C0400000000000000000000000000C9
S21404926000000000749204005533040055330400D3
S214049270FE00000012480400AC9804000000000041
S2140492801F480400F096040000000000284804006C
S2140492903C960400000000003648040008960400CB
S2140492A00000000044480400D495040000000000B8
S2140492B0524804003C950400000000006348040083
S2140492C01495040000000000704804007494040020
S2140492D0000000007B4804001C940400000000000A
S2140492E08E480400F4930400000000006327040082
S2140492F09093040000000000A1480400509304006A
S21404930000000000AC4804001C93040000000000A9
S2140493100000000000000000000000002C93040081
S214049320BF48040055330400FE000000E348040070
S2140493305C9D040000000000E94804004C9D040005
S2140493400000000000000000000000000000000014
S21404935060930400ED48040055330400FE0000004A
S2140493606F0404008C9D0400000000001F490400E4
S2140493707C9D0400000000002B4904006C9D040042
S21404938000000000000000000000000000000000D4
S214049390A09304004149040055330400FE00000075
S2140493A075F00300F09D040000000000B02F0400D8
S2140493B0E09D0400000000005D240400D09D04002D
S2140493C000000000FF020400BC9D04000000000032
S2140493D05D490400AC9D04000000000074490400CC
S2140493E09C9D040000000000000000000000000037
S2140493F0000000000494040080490400553304006F
S214049400FE000000A5490400009E040000000000C1
S2140494100000000000000000000000002C9404007F
S214049420AA49040055330400FE000000CE49040097
S214049430509E0400000000002E470400409E0400D6
S21404944000000000DA490400309E0400000000001A
S214049450E1490400209E040000000000EE490400D8
S214049460109E040000000000000000000000000041
S2140494700000000084940400F949040055330400F5
S214049480FE00000067480400009F0400000000007F
S214049490164A0400F09E040000000000040C0400B9
S2140494A0E09E040000000000321B0400D09E04006E
S2140494B000000000E1470400C09E04000000000015
S2140494C06F040400B09E0400000000001D4A04005F
S2140494D0A09E040000000000284A0400909E040099
S2140494E000000000354A0400809E040000000000CE
S2140494F0454A0400709E040000000000584A040018
S214049500609E040000000000000000000000000050
S21404951000000000249504006A4A04005533040041
S214049520FE000000040C0400109F0400000000006D
S2140495300000000000000000000000004C9504003D
S214049540884A040055330400FE0000006F0404003B
S214049550809F040000000000321B0400709F04007B
S21404956000000000E1470400609F040000000000C3
S214049570AB4A0400509F040000000000EA450400C3
S21404958094950400000000000000000000000000A5
S21404959000000000A4950400C24A040055330400E9
S2140495A0FE000000BE4A0400409F040000000000C5
S2140495B0FF020400309F040000000000D84A0400A4
S2140495C0209F0400000000000000000000000000CF
S2140495D000000000E4950400E14A0400553304004A
S2140495E0FE00000075F00300A09F040000000000C9
S2140495F0B02F0400909F040000000000000000004C
S214049600000000000000000018960400014B04004F
S21404961055330400FE000000214B0400C09F0400E4
S21404962000000000344B0400B09F0400000000005B
S2140496300000000000000000000000004C9604003B
S2140496404A4B040055330400FE0000006A4B040035
S214049650E09F04000000000082FF0300D09F040087
S21404966000000000000000000000000000000000F1
S214049670809604005533040055330400FE000000B1
S214049680744B0400989604000000000000000000DC
S2140496900000000000000000A896040055330400F3
S2140496A055330400FE000000804B040030A0040084
S2140496B000000000CD3A040020A0040000000000D2
S2140496C0864B040010A00400000000008A4B04002F
S2140496D000A00400000000008E4B0400F09F04006D
S2140496E00000000000000000000000000000000071
S2140496F0009704009E4B040055330400FE0000004F
S21404970075F00300B0A0040000000000B94B04008C
S214049710A0A0040000000000CC4B040090A00400AD
S21404972000000000B02F040080A004000000000029
S214049730D94B040070A0040000000000EA4B0400AB
S21404974060A0040000000000F84B040050A00400D1
S21404975000000000094C040040A0040000000000C3
S2140497600000000000000000000000007C970400D9
S214049770164C040055330400FE000000304C040070
S214049780049B040000000000634C0400F49A0400E8
S214049790000000009E4C0400E49A04000000000050
S2140497A0B54C0400F897040000000000BF4C040009
S2140497B0C497040000000000000000000000000041
S2140497C000000000D4970400C34C04005533040082
S2140497D0FE000000E37A0400249B0400000000005E
S2140497E0F47A0400149B040000000000000000004B
S2140497F0000000000000000008980400E24C04008A
S21404980055330400FE0000009AFF0300D0A00400B5
S21404981000000000BE4A0400C0A0040000000000CF
S2140498200000000000000000000000003C98040057
S214049830F54C040055330400FE00000075F00300E8
S21404984010A1040000000000E746040000A1040084
S2140498500000000064350400F0A0040000000000CE
S2140498600000000000000000000000007C980400D7
S214049870104D040055330400FE000000EE490400B9
S21404988028A20400000000006F04040018A20400CC
S21404989000000000040C040008A2040000000000FD
S2140498A0000000000000000000000000BC98040057
S2140498B0304D040055330400FE0000004E4D0400F5
S2140498C078A2040000000000584D040068A20400BA
S2140498D000000000634D040058A2040000000000CD
S2140498E07F28040048A2040000000000724D040013
S2140498F038A2040000000000000000000000000081
S21404990000000000A35603007D4D040055330400F8
S214049910FF0000009F5603008A4D040055330400E0
S214049920FF00000021DD00009C4D040055330400B8
S214049930FF000000BDDC0000C94D04009155040082
S21404994001FF000021DD0000094E04005533040029
S214049950FF000000BDDC0000374E040091550400F3
S21404996001FF000055DD0000784E0400994E040007
S21404997000FF000055DD0000A24E0400FF4E040068
S2140499800000FF00D1DD00000D4F0400264F040048
S214049990010001FF3DDE00004B4F04008D4F040024
S2140499A00102FF00D1DD0000A34F0400D24F0400E3
S2140499B001000102FF0000004DDB0000035004001C
S2140499C03F50040007FF00006DDB00004550040014
S2140499D07850040001FF000081DB00008050040082
S2140499E0D05004000100FF00DDDB0000E550040059
S2140499F0365104000101FF00B1DB000046510400AB
S214049A008051040001FF000031DC0000885104008E
S214049A10D1510400010000010707FF006DDE0000BD
S214049A20235204007850040001FF00006DDF00009C
S214049A306B520400AF520400010700010700FF0048
S214049A4001570300045304004A53040001070001AD
S214049A5001FF0000F5DE000086530400C153040035
S214049A60010000FFC5DE0000DF5304002354040099
S214049A700100FF0095DE0000365404002354040061
S214049A800100FF003DDF000075540400805104000F
S214049A9001FF0000ADDF0000B0540400E1540400F0
S214049AA00100FF00DDC8000055330400EF54040035
S214049AB0000707FF81C8000055330400085504005A
S214049AC0000707FF8DCD000055330400145504002D
S214049AD007FF00008DCD0000553304001455040024
S214049AE007FF0000535603005533040019550400BD
S214049AF00000FF0069CD000055330400932B0400DA
S214049B0001FF000031CD0000553304005155040018
S214049B1000FF000061C800005533040055330400FC
S214049B20FF00000061C800005533040055330400EC
S214049B30FF00000029560300553304005533040083
S214049B40FF00000029560300553304005533040073
S214049B50FF00000029560300553304005533040063
S214049B60FF00000031C80000553304008755040088
S214049B700101FF001DC80000553304009C55040075
S214049B8001FF000025560300553304005533040036
S214049B90FF000000E5C70000C54604005533040076
S214049BA0FF000000E5C70000A65504005533040076
S214049BB0FF00000065C90000C7550400DE55040018
S214049BC00001000007FF00002156030004560400AD
S214049BD055330400FF000000E1C600001E560400D2
S214049BE055330400FF0000009B5603004C56040047
S214049BF055330400FF0000008D560300665604002B
S214049C00E854040000FF000061D000008B560400F6
S214049C1055330400FF000000B5C50000A556040037
S214049C2055330400FF00000049C50000C856040070
S214049C304557040000000310FF00000025C600007E
S214049C409A5704000858040001FF0000F9C50000F4
S214049C501D5804006058040000FF00000DC50000F5
S214049C607158040055330400FF0000001F5603001B
S214049C70A058040055330400FF000000E9C40000A7
S214049C80EC580400E854040000FF0000B5C40000CB
S214049C902D5A0400825A040000FF000099C40000F4
S214049CA09C5A040055330400FF0000007DC40000E5
S214049CB0AC5A040055330400FF0000000F5603009E
S214049CC0C05A04003E5B040000FF00004DC40000C0
S214049CD0C95B040055330400FF00000009C40000FB
S214049CE0E65B0400115C040007FF0000C9C3000023
S214049CF01B5C0400745C0400000500FF81C30000C4
S214049D00275D04003A5D04000002FF005DC3000006
S214049D10695D040055330400FF0000000F5603007D
S214049D207B5D0400B55D040000FF0000F1C2000086
S214049D303B5E0400815E0400000301FFE1C20000F4
S214049D40215F0400675F0400000301FFD5380100AB
S214049D500760040055330400FF000000216303007D
S214049D602F600400AA60040002FF00008DE30000D8
S214049D70FF6004009857040000FF000059E3000049
S214049D80276104009857040000FF000009E3000060
S214049D904061040055330400FF000000E12A01007E
S214049DA05961040055330400FF000000B92A01007D
S214049DB0A661040055330400FF000000452A010094
S214049DC0D1610400F761040000010100010102FFF3
S214049DD01D2A0100766304009E63040000FF000051
S214049DE0FD290100C563040055330400FF0000008C
S214049DF045290100EF63040055330400FF0000000A
S214049E00F36103000864040055330400FF000000F7
S214049E10151E01002E6404005F6404000002FF00A7
S214049E2055600300BC64040055330400FF000000C2
S214049E3051600300E964040055330400FF00000089
S214049E40C91D0100046504002E65040000FF00001F
S214049E50891B01005E65040055330400FF00000002
S214049E60050701007165040055330400FF00000077
S214049E70ED0601008965040055330400FF00000068
S214049E80CD5F0300A265040055330400FF00000004
S214049E90B95F0300CF6504004966040000FF0000B4
S214049EA0951A01008866040055330400FF0000007C
S214049EB0851901000067040055330400FF00000004
S214049EC0A90501004467040055330400FF000000A0
S214049ED08D0501006167040055330400FF0000008F
S214049EE0050601000C68040055330400FF0000005A
S214049EF0F90501009A680400DF68040000FF00000A
S214049F00C5050100166904006769040000FF000027
S214049F10F10301009A69040055330400FF000000B1
S214049F2089F80000C66904002F6A04000000FF00D8
S214049F3089F80000846A0400E66A04000000FF0052
S214049F4029F900002B6B04005E6B04000002FF007E
S214049F50275F0300B36B0400016C040007FF0000D6
S214049F605DFA00001D6C040055330400FF00000079
S214049F7071F80000416C0400666C040000FF0000E9
S214049F807DF90000BF6C040055330400FF00000098
S214049F9041F20000FC6C040055330400FF0000008E
S214049FA009F20000266D040055330400FF0000008B
S214049FB0FF5D0300616D0400D06D040000FF000027
S214049FC065EB0000216E0400A06E040000FF000094
S214049FD0F15D0300E66E0400386F040000FF000025
S214049FE0D15D03007F6F0400CC6F040000FF000007
S214049FF0C75D0300167004005470040000FF0000E0
S21404A000C15D0300647004005470040000FF000087
S21404A010BB5D03008B7004005470040000FF000056
S21404A020B55D0300B27004005470040000FF000025
S21404A030AF5D0300DA7004005470040000FF0000F3
S21404A0408B5D03000371040055330400FF00000019
S21404A050915D03002571040055330400FF000000E1
S21404A0600DE600004D710400867104000001FF0037
S21404A07039E60000A771040055330400FF00000011
S21404A0808D5D0300D271040055330400FF00000008
S21404A090F5E50000ED71040055330400FF000000F0
S21404A0A0B1E50000087204003572040000FF0000E9
S21404A0B099E500005072040055330400FF000000C8
S21404A0C0E1CD00007B72040055330400FF0000005D
S21404A0D0E1CD0000A272040055330400FF00000026
S21404A0E0D1C20000B372040055330400FF00000020
S21404A0F09DC20000C8720400EF72040000FF000056
S21404A1009DC20000FF720400EF72040000FF00000E
S21404A11035C200002673040055330400FF00000017
S21404A120075603004173040055330400FF00000083
S21404A13091BE000064730400CE73040000FF0000A8
S21404A14071BE0000F173040055330400FF000000E4
S21404A15059DA000057750400E4750400010000FF96
S21404A1603DD90000017604005576040000FF000087
S21404A17071D900006A760400BC7604000100FF0072
S21404A180DDD80000D2760400BF7704000107FF0084
S21404A1900B560300CF77040055330400FF0000007D
S21404A1A03DD20000E0770400F277040000010100CD
S21404A1B00007FF0035D100002D7804003E78040027
S21404A1C000010100FF00000071D900008D78040032
S21404A1D09E780400010000FFADD000008D780400D6
S21404A1E0D078040000FF0000296C0100E178040028
S21404A1F055330400FF000000C5BE00002D7904009E
S21404A20055330400FF000000FD83030055330400AB
S21404A21055330400FF0000004D7A01005533040056
S21404A22055330400FF000000117A01005533040082
S21404A2307279040002FF0000BD8101007A790400EF
S21404A24055330400FF00000049810100A67904008C
S21404A250C97904000200FF007F840300F279040039
S21404A26055330400FF00000025810100147A040021
S21404A270327A040002FF0000FD800100477A0400E1
S21404A280327A040002FF000001000000E8470020C4
S21404A2900000000000000000FFFF00006B5D0300EC
S21404A2A00000000003000000FFFF0100DF5D030064
S21404A2B00000000004000000FFFF01006D5E0300C4
S21404A2C00000000004000000FFFF0000F15E030031
S21404A2D00000000006000000FFFF0000635F0300AC
S21404A2E00000000019000000FFFF0100F95F0300F2
S21404A2F08A4B0400206500200000000000000000D7
S21404A30000000000000000009E7A040074A304000D
S21404A31000000000A47A0400E084040000000000AA
S21404A320AB7A0400B0860400000000006F49040005
S21404A330A086040000000000B47A0400908604009E
S21404A34000000000C67A04008086040000000000B6
S21404A350D57A04007086040000000000E67A040043
S21404A36060860400000000000000000000000000FA
S21404A3700000000084A30400F87A040055330400A7
S21404A380FE000000137B04009CA3040000000000F1
S21404A3900000000000000000000000009188030098
S21404A3A0187B040055330400FF03010001013F0439
S21404A3B00201003F040202003D040202003D0401C3
S21404A3C0020001020003010002023D040201000231
S21404A3D0020201000202000000202020202020208B
S21404A3E0202028282828282020202020202020203C
S21404A3F0202020202020202020881010101010104C
S21404A4001010101010101010100404040404040497
S21404A4100404041010101010101041414141414131
S21404A4200101010101010101010101010101010113
S21404A4300101010110101010101042424242424223
S21404A44002020202020202020202020202020202E3
S21404A450020202021010101020000000000000008B
S21404A46000000000000000000000000000000000E3
S21404A47000000000000000000000000000000000D3
S21404A48000000000000000000000000000000000C3
S21404A49000000000000000000000000000000000B3
S21404A4A000000000000000000000000000000000A3
S21404A4B00000000000000000000000000000000093
S21404A4C00000000000000000000000000000000083
S21404A4D00000000000000000000000000000000073
S21404A4E0A00100002814002000021000844C002064
S21404A4F0C81500200000020800000000FFFFFFFF50
S21404A500FFFFFFFFFFFFFFFF00000000000000004A
S21404A5100000000000000000000000000000000032
S21404A5202000000095AD01001000000075AE01008B
S21404A53000000001000001010001010120C001B873
S21404A5400000000000000000FFFFFFFFFFFFFFFF0A
S21404A550FFFFFFFFFFFFFFFFFFFFFFFFFFFFFFFF02
S21404A560FFFFFFFFFFFFFFFF0001020203030405D6
S21404A57006080C0C0C00010203040707C8C8C8C868
S21404A580C8C8C8C8C8C8C8C803040408080808084F
S21404A59000B801B802B800B07CC1040064C104006D
S21404A5A00304040808050000000000000000000082
S21404A5B00000000000000000EA06000048704C0F8F
S21404A5C044700E0E30707E1302989A173870340F4B
S21404A5D034705A0F307048102C7048102870D01100
S21404A5E02470E81120703E0F1C70901218700C1323
S21404A5F014703A0FB110086001D80A7104B87F7855
S21404A600020C7E78641000C6881F00A01DB87078FF
S21404A61003B018600F3027B30F330111C0480698F3
S21404A6207C0229B0086001D8087109DD047109BBF1
S21404A63011101660A048086004100112FF32215061
S21404A6400860D048086000880698381400C4441F80
S21404A65000A000BA03DF107109DF06720298360301
S21404A6601DB8507800A044132814411581100860C2
S21404A67002D8147110880698201900C014C000B8B7
S21404A6800698861B0091069892020160B83020D87E
S21404A69006711EBC637C784D5412F03240DE0472A0
S21404A6A0404804DB08720DDD0C72044BEF3014488E
S21404A6B00698F20400C4E0400054441208620132D2
S21404A6C02140087C811140D91C72B1123032CF4A25
S21404A6D0013AB1DA107208D8067104D80871804CB1
S21404A6E0237C5670684C441200C4A41E00A0441474
S21404A6F0413AF3240164415C412A047580B800C4DD
S21404A7006040005481D8367140D90472237C084BCB
S21404A7100698F20404BA1CB9767900C1204001B840
S21404A72035797F216121007906B906A901D8067119
S21404A73002981002804C307C0298640208D86A7131
S21404A74000C1544000B8141110D95E71584C44121C
S21404A75080BDA26DFF25784C4412FC22513A281481
S21404A760104C00C20CC101B8241228140862281424
S21404A7700862281408622814304C304C00C11C406F
S21404A78000B814111814086100C5284001B85415FF
S21404A790FF35047110491814B04C44120862013293
S21404A7A0067102980401804C08D80C7107BA24D8A4
S21404A7B0047106BA187004D80C7101BA40D80E7128
S21404A7C002BA0A7005BA20D8047203BA204C44119F
S21404A7D0C04C1814086118149111383111429111A3
S21404A7E0186110D90472EF3200C1084001B8141180
S21404A7F010311E6111422814A1110861181406981C
S21404A8006C1B181400C1084001B814111861FF31FC
S21404A810181400C1448001B81411181408611814DF
S21404A8203088024806989403009308DB047101F804
S21404A83000A027B00F3000A01088B111186180D98D
S21404A8400A7100C1884000B80811009100A000C435
S21404A850684000B8441000A000C0884000500411AE
S21404A8608261041082601050F07200A054155045A6
S21404A8701271069802050698920407B8707802B812
S21404A88041781EBA5B7A5C7A5D7A00C220C001B851
S21404A890241206982A1900C5481F00A054155114FE
S21404A8A000C3FF010000313D09647F3406989C0212
S21404A8B0015851280475015841280E758111086104
S21404A8C002D90472FF0FCC7007B8727800F8EBBD9B
S21404A8D000C0441F00A00411113D10D91271FF33AB
S21404A8E0186300C1781002B8381107B97479581083
S21404A8F000A0069892020D300472044809DC047223
S21404A900084800C11CC101B8141100C3D01E00A021
S21404A910911504351A7218131CBB08D804716C7B85
S21404A92004D804716A7B1DBB2F7C5B7B1670044BBA
S21404A93018131CBB08D804716F7B04D804716D7B94
S21404A940217C0C30026006987E040698C40B00B87E
S21404A950B111186140D906720298580401BC00C2AD
S21404A960084001B800DC0A7124150265604A0A70C2
S21404A9702C4A241508654C4A043508D90471202449
S21404A98000C13C1F00A0141200DC327120D80671EE
S21404A99001B80C70F0DA0C720CDB087102B8069879
S21404A9A08604482400C3384101B834138F7B0E71E3
S21404A9B002B9911308DB047203B928707C49141198
S21404A9C01110FD300DDC1C7200C0A01E00A0041087
S21404A9D080D8107100C0448001B80410E5200475C6
S21404A9E0804900C3884000B8FFB8012011410871AF
S21404A9F0014118130824014200C1284000B814116C
S21404AA0001411C655141911520351E6551411813AD
S21404AA102813481300C3844000B8341003D81671B2
S21404AA20073005DC1071B1108F780A7200C384C435
S21404AA300350217B1DB8507800B800C13C1F00A00D
S21404AA4014121C602150F0300152281100A040243A
S21404AA50076400C0FFFF0100013C17B00220015844
S21404AA604028067518AC01EC00A0208800C020C061
S21404AA7001B8041217B4211304123052F871196481
S21404AA80402400C35C1F00A0341014110698F60D71
S21404AA901961009211592129067600BB11590698AE
S21404AAA0D60D8762313B0472215A412A00A000C2A7
S21404AAB0686000B8B8B91F610D49181200A0308844
S21404AAC001B9116100C30000C0FF3110312800BC79
S21404AAD0002D0C75115418AC01EC312DF47019646A
S21404AAE051134155312C009300A000C3C00FFEFF44
S21404AAF050B2313A014250AA00A006983E07FFB071
S21404AB00867808715CB86B786E7800C2548001B899
S21404AB1000C0D81F00A004100812B822217A237A95
S21404AB2052B8417801B80C6021A809B819604CA83D
S21404AB3000C0FFD1C1FF4FB2013A00C0002E300062
S21404AB4001424FAA24B86E78ACB9FFB004D8047199
S21404AB504CB923A90698A80500C0139001000698CE
S21404AB602E0500A00698020519B81460FFB28C6280
S21404AB700F32826A214006982E0549BC21B952B884
S21404AB8049B207DE2A7105DE0871627C607C1D0C02
S21404AB906179677864786B786278657863786078CA
S21404ABA0617C010C010C6878020C69786C78020CE4
S21404ABB000C22C8001B8277A287A267A6A78050C8F
S21404ABC041790A0CB11040D806710298BA06784A40
S21404ABD02B7A327A584A247A00C400011100404A7B
S21404ABE000C0108400000812508800C584100100BC
S21404ABF0FBAD10BD01BB8A6B21B9FAA9C44A181271
S21404AC00217A227A00C0341F00A00410FCA88264B3
S21404AC10411030300129F9A9F8ADFBB08260FBA8D9
S21404AC200330A0652110044820EC237A0410037A2C
S21404AC30184A2411DC4A015800292410047531509E
S21404AC40F8B1115081632A71514031400812FCB1A9
S21404AC508461FCA90F310E7117B0112817B1115970
S21404AC601028FA76C44AF9B11812217A227AA0700A
S21404AC7000950812F8A800C20C8001B8207A844A0D
S21404AC8000B80812020CA44A087A020C21B84178CB
S21404AC90784A0B7A127A00C2C81F00A0FFB008D800
S21404ACA00472184A241000DC0A7140A804222410F6
S21404ACB041A806989C0200C2481F00A02410015117
S21404ACC000C4FF01000041391150081200A0069884
S21404ACD03E0700BC00C20C8001B8217A52B84978FD
S21404ACE0020C4878020C49B8417852AC21AC204A90
S21404ACF0087A067A077A49AC00A059B840785AB15F
S21404AD0001D9FC72427857B8407858B101D9FC7220
S21404AD10427800A000C20C8001B8217A227A21B8B9
S21404AD20547852B8BC4A24119979127107B915613E
S21404AD304CA9617800BB03BC0C64147009B9196192
S21404AD404CA9417801BB126300C4002E300000C039
S21404AD50FFD1C1FF4FB1013941414FA9E44AC8B8F8
S21404AD60081224AB4CB823A80698A80500C0049083
S21404AD700100FFB186790471084806982E0500C0C4
S21404AD808009004040A809B8FFB108D9047103B887
S21404AD9053A8B11004D80C7156BB607B57BA627ABC
S21404ADA0607A02D80C7156BB607B59BA627A607AB4
S21404ADB004B86E783DB8607800C05638000000C10C
S21404ADC0B08001B814119979087200C0D604000046
S21404ADD000C124C000B814119F79047208484CA816
S21404ADE02EB8FFB108D906714AA804704BA80FB84C
S21404ADF034A800C00C5E000046B2014246AA00C158
S21404AE002C4001B8141108610631087100B906987F
S21404AE10501106983E14B11101D90E710698921B72
S21404AE2002D906720698A00C06983814511406988F
S21404AE30920406982A110698641700A006984E17DE
S21404AE4001D80A711CB85B7807B8757800B84CA8A6
S21404AE504AA84BA800C0F321FFFF46B1013946A912
S21404AE6004B86F7800A0FABC1964415C512C00C089
S21404AE70581F00A00410012C067506989204069824
S21404AE80780FB110186005D8327140BA06980E14BF
S21404AE9004B86578911004D816711CB86E7800C092
S21404AEA0684000B821780698781101400A721DB8E7
S21404AEB0427806984A1402985E0B1DB8717804B856
S21404AEC06C7841B8427863784478FFB104D9067246
S21404AED00298CA0900C004900100FFB18679047183
S21404AEE0084806982E0500C32C1F00A000C274C094
S21404AEF000B82414481300BC48121C4B1C4A2414E3
S21404AF00481300BC4812084B584A2414481301BC82
S21404AF1048124ABA447A427A4BBA447A427AFFB022
S21404AF2086780472617A4CBA647A657A3DBA607A35
S21404AF304DB942B83FBB5B7966796179020C647996
S21404AF40050C63796079050C627965795A7900C2D3
S21404AF50340102B8241305B819603140081242B807
S21404AF606A78020C4A78020C40BCFFB208DA067112
S21404AF704ABA06704BBA627A657A677A667A6A79EA
S21404AF80667B0298A40A00C32C1F00A000C274C0EB
S21404AF9000B8241448131C4B1C4A241448133FBC02
S21404AFA048121C4A00BC4812084B444A241448134E
S21404AFB001BC48124ABA647A627A4BBA647A627AF4
S21404AFC0FFB3867B0472617A4CBA647A657A3DBABA
S21404AFD0607A01D94E71647800C1708001B800C0EF
S21404AFE08000080008110698860B42B861784DB9AF
S21404AFF07F797E796A7868786278020C7B790F0CA0
S21404B0007A79140C7479417860787579050CFFB2F6
S21404B01008DA06714AB804704BB8657801BC166441
S21404B020407002D93C710698860B42B84DB96878D0
S21404B030407841787F797E797B790F0C7A79140C85
S21404B040FFB208DA087171794ABA067070794BBA99
S21404B0507279657A6A78020C4A78050C01BC166423
S21404B060020C417940790C0C00C04C0102B848101F
S21404B0700698F20400C4784000B8007C00C0A01E05
S21404B08000A0041180D93271911104D92C727F204A
S21404B09021200411FD310DDD207200C0448001B86A
S21404B0A00411E521147600C0244001B804118A79FD
S21404B0B00871207C104C207C2AB86278511400C099
S21404B0C0581F00A00410012C17B0011187680158FE
S21404B0D041280E7605218769415C412D112D0670A5
S21404B0E00698920442B84DBB7C7B6478020C29B85F
S21404B0F068785114404406750698920442B8447819
S21404B1002AB84278FFB101D90C7100C1548001B845
S21404B110CBB80811911004D8147100C0A01E00A06A
S21404B120041080D8067107B8537800F807B800C131
S21404B130CC1E00A000C220C001B8241228117778C3
S21404B14000F8B1109478387106989C02E4B9115945
S21404B1501128067600B80C70A0B911590129047597
S21404B160A0B8826000C3C01F00A03413012B3410A3
S21404B17000C3FFFF00FF42B13139114042A800A0CE
S21404B1801DB09178FA7142B86478020C00BA29AA04
S21404B19000C4548001B842B84DB900C3C04001B8D9
S21404B1A03413977B047240EC020C44785C7953AAFF
S21404B1B00A0C281442B84DB9FFB301DB2671244C9F
S21404B1C000C3FF0FFF01381454794078417855794D
S21404B1D0020C5B795A79140C5F795E794A78427866
S21404B1E0347002DB1471527951795079020C5B7910
S21404B1F05A795F795E791E7004DB1A7100C4FF0702
S21404B200000000C3342102B848133FBB467B020C3F
S21404B2105B795A793DBB407B4CBB447B457B00C382
S21404B220301F00A03414403C207100C068C000B831
S21404B230481028131C4B1C48341448102813144B6D
S21404B24044483414481028134AAA4BAA04B86D7804
S21404B2501DB851785CB84B784E7800A000C074C016
S21404B26000B80411108800B9181068480411108832
S21404B27001B90B6118102C4804111088008800C10D
S21404B280231C000018104AB864784BB86478260C5F
S21404B29028B000C1FFFF0FF0113871B90B611140DF
S21404B2A028A828B97379747900C21010303045AADA
S21404B2B054790E0C00C0E84001B8041100C23030C6
S21404B2C0101045AA0E0C0410008810880698620D0B
S21404B2D00091009020888F618F600698620D009020
S21404B2E0886A21400112906A035800C13F3F00005B
S21404B2F01138FFBC022441281138014245AA28B956
S21404B30053794AB844784BB84478009000911810A2
S21404B31000912C48181000916848181000A09168F5
S21404B320436091694361115B012B11284160312808
S21404B330315B00BA302806763128204A416330282B
S21404B34006763128104A4163302806763128084AA2
S21404B3504163302806763128044A4163302806764D
S21404B3603128024A416330280476014A00A0115964
S21404B37010D906710860086008D90471086004D9F9
S21404B3800471046002D90471026001D90471016079
S21404B39000A000BA01D806710148112A1F61016095
S21404B3A001D8F6720138F67200A000C220C001B8B7
S21404B3B0241211592129127300210E7100C238C0BB
S21404B3C001B824120121212900A002B020D814714A
S21404B3D000C0B01E00A0041002B945790698761382
S21404B3E0EA7003B09F78087200B806A800F80698BA
S21404B3F03E0700C5641F00A05088044D1CBC00C056
S21404B400B41E00A0811101D91E71407C009501155F
S21404B4100C4D5088044DFFBB1863315B041106982D
S21404B420EE0D3129F8750698681A54150698921B7D
S21404B43001D908720698580706700698F4071CBBCC
S21404B440547B06984E1701D8067202981A0FFFB955
S21404B45001211038F67281129B7AF07100C2448082
S21404B46001B8241400C0C01E00A00410011300205C
S21404B470041040500C7200B90698280F18B90A70C8
S21404B48018B90698280F00B900B806981E0F704A17
S21404B49008B806981E0F00C2284000B814B80698CC
S21404B4A01E0F00C2EC4001B80CB806981E0F2022EE
S21404B4B010B806981E0F1088308806985807009310
S21404B4C000910698280F00C0C41E00A00412FFB9FD
S21404B4D0012121411810009500F831281128041084
S21404B4E0081200A004B831281128F8B1181000A0DA
S21404B4F0069880080E700698C40B0698800806986E
S21404B5007212069812079112211900C02C4001B835
S21404B5100A78097800F810B901BA0698041406984F
S21404B5202A110698641700C5641F00A081109D7830
S21404B530FC7200F8911203321CB900C3A01E00A0CE
S21404B540341300C4B04000541DB84278707903DE4A
S21404B550067144783A707179A11020D80671029861
S21404B560541080DB1C7102D8187205B80814A11098
S21404B57010300248081400B8081491100860081423
S21404B5801DB86278A11000DC0676517900BA0698D8
S21404B5904E1701D82272911120311D61911004D8E2
S21404B5A00E7200C1501F00A0141101D90A71208820
S21404B5B006985011009200C1204000B801DB1871B3
S21404B5C0084C03DE0471904C441400C3FF1F0000B3
S21404B5D0413BFF233811944900C3384101B8341362
S21404B5E0086380DB0C7103BA186206983C10087076
S21404B5F0186206983C100C49087909791410214001
S21404B600081100A000BD0698760210B903DC047188
S21404B61000B901BA0698041402D9067100404E72A5
S21404B62003B118610F3106987811FFD8287281107B
S21404B63008D8187106DD0A710698760203DC0C72C7
S21404B6400698BC1106984A140C7006DD107106980C
S21404B650C211487020B804A806DD10720698800847
S21404B6600698120701F840B804A800F800C0A01E07
S21404B67000A00413086301DB227191100111186104
S21404B68011381DB910D8087144790298541002DB99
S21404B690FA72A11328DBF47203BD06981E110698ED
S21404B6A080081DBA7F7A0698F20400C5681F00A0B9
S21404B6B00698760200BA03DC1672044DA11002D86E
S21404B6C004711C4D00C10CC101B80698AE04541593
S21404B6D0212D06983E050298AA08911001550335B7
S21404B6E05150011900A000C14C1F00A0141001D82D
S21404B6F0427101480860FE200E75811020D808713A
S21404B70000C1501F00A0141101D9287100C02C409C
S21404B71001B80412215108610F3118611152281022
S21404B72000C0084001B80411911221512031115271
S21404B730211900A0811380DB067201B800A000C3A3
S21404B74014C001B8341006302E726C4B34121C4BE5
S21404B7503410186002302072811080D8DE713410E4
S21404B760014A08620460803021508C480A717F23A5
S21404B7704D233410013000A000BD06981E111CB8DD
S21404B78047784578437802B8447800A0069880083D
S21404B7900698BC1100C5741F00A0541506983E05F3
S21404B7A00298AA08B1138F7B0A7200C384C403509C
S21404B7B0017B06983E1400C1384101B814118F79F4
S21404B7C00E7100C1B84000B800BA06983C1050BAD2
S21404B7D006980E1406987811FFD84A71911004D86A
S21404B7E04872811008601CD8407220D93872111231
S21404B7F0FF322151347180218021111400C0D81EDB
S21404B80000A00413FFBA3151113A215111531DB946
S21404B81038107B7940440E7200B900C2AC1E00A0FA
S21404B8201812067004B860780698381400F800B940
S21404B83000C2A44000541812644A0AB918121CBA6A
S21404B840507A517A1DB942795F7900A0069876023B
S21404B85007DC1072911000200A750698721202987E
S21404B860660F0698120701B9911004D8047100B93E
S21404B87010BA0698041400BA0040347100C0A01E22
S21404B88000A00411086101D9127104D9E272811072
S21404B890086001D8DA711DB8647800C11CC101B80B
S21404B8A00698AE0401B81160002A047600BA00C5F2
S21404B8B0781F00A05415212D069872120698580772
S21404B8C000C57C1F00A000F800BC811108D91672C0
S21404B8D080D9207201B910BA0698041400400E717B
S21404B8E001BC10700698BC1106984A1420B804A827
S21404B8F000F80698721281110231127100B900C262
S21404B900144000541812244A02B918120698BC119E
S21404B91000C5801F00A054150698F01A0298AA08BD
S21404B9200411012114711CBA737A0420041228111C
S21404B930042004110121F47200A00698F20401F810
S21404B94006984E1701D81671FFB9012110380E72E9
S21404B95081109B78087104B9677900F8911010D8A3
S21404B960287100C51CC101B854110698EE0D00C517
S21404B970C81E00A054155129EA7507B876781DB874
S21404B980447801B804A800F8B110186010D82E71D5
S21404B99000C05040005400C3084000B83114984C0E
S21404B9A044113411086101D9FA714412281008624E
S21404B9B028100862281008622810E8700298B0025E
S21404B9C006989202113804721E6202BB00C1D81E89
S21404B9D000A0141120390C72911210DA0672417B01
S21404B9E000A006983E1400C2A01E00A0241220DA6E
S21404B9F00472617B1CBA527A00A01CBA727A811255
S21404BA0004DAFC7200A01CB86B7800C0684000B86A
S21404BA102F7800A006984E1701D83A7100C22C4021
S21404BA2001B82410036091112031015138311150AE
S21404BA301D6008121DB9457900C2448001B824125D
S21404BA4000C0C01E00A004101820002004102050BF
S21404BA500471657910631EB9637900B902EC00CDF0
S21404BA60114502EC00CC01DB087100BB0298D61825
S21404BA7003B841110731FA211C760621911210DA17
S21404BA80087102DD10721E7020B80698B20D3038A8
S21404BA90147208B806987E0400C02C4000B82978B2
S21404BAA0207800F8056020D8067102980C1602EC7F
S21404BAB000CA05B823DA187104DBDA7120DAD67105
S21404BAC010DAD2721EB8617800B801DA067202EC97
S21404BAD000C8911110D9267100C1B81E00A0141117
S21404BAE01150FF300C720761A110115002300A7118
S21404BAF080DB0A720AB89E701DB97C7918609111B1
S21404BB0011402111C031114001191EB8411108D944
S21404BB100471667820D904726578A11002D806727A
S21404BB20C0DA1E711EB8273123DD087210DB1072CE
S21404BB30607825DD0A7121DD087208DB04716278FD
S21404BB4003B8411107310872A1152035AA7102DD28
S21404BB502072A11120D9A07102D91672CCDA98727B
S21404BB60411140D9927206B8054D5A720298AE1425
S21404BB7021114049C0D94C71A031411540350265A8
S21404BB8051410461086308DA1E7204DA36721049F9
S21404BB90A1150235067110DB0E7201340A7108DB3A
S21404BBA022711EB86778CC3211101A300ADC08727B
S21404BBB0CCDE0471FD3100C00D0F0C0D216001D8E0
S21404BBC05C7207B80298D81400BA411108D90C71EF
S21404BBD002EC00CA05B830DAEC720734F0310361BF
S21404BBE001DA0471014900C0F300A3E3216001D81F
S21404BBF0D27100C09814406821604030014440DA95
S21404BC000471204C04320262204A111006301F6070
S21404BC10014218311D6111420298F614204A00C0F0
S21404BC20051708502160113001422088FFBB0DDA49
S21404BC30507100C1DE1B250180BC04DA107208DADC
S21404BC400A7200C120841000E024A0240863414343
S21404BC50026401DA06711E49024B00C0201F00A0D0
S21404BC6008633810BC2002DA127101B91159A11305
S21404BC7080DB087100C100FCFF01181002986218EE
S21404BC8000C4A01E00A0441080D87C710092D0DAB4
S21404BC9006710DDA0C711EBD437DEFBD06981403C4
S21404BCA004620DDA8672A11105D95C7100C24040A7
S21404BCB0005424121424281401D9067202D93271AD
S21404BCC040D91E7102EC00CA211018320471FA22FF
S21404BCD020D804720822FE22087502EC00C8F87008
S21404BCE001D90E7102EC00C802D9067204DC18727F
S21404BCF000C0A01E00A004101D6001D806711EB866
S21404BD00647807B873780298D61800C0A01E00A0FE
S21404BD10041080300A7100C0C41E00A0041000A0E5
S21404BD2006984E1701D82E71911010D828728110DB
S21404BD30A0D8227203B084781C7200C12C4001B8CB
S21404BD4014100DBA487A697A6B7A08111CB87B7895
S21404BD5007B8757800A0641000C6881F00A0C3B892
S21404BD6006987C0200C4441F00A014BA281400B825
S21404BD70011AB1108F780A7200C084C40350017887
S21404BD8091101030011905BA06980E1402D90671DE
S21404BD9001B804A800C0A01E00A0041306986411ED
S21404BDA080DB0671029858141DBA7C7A01DB6A712E
S21404BDB000C2241F00A024111114FF3402EC00C892
S21404BDC0FF24FA7608610698C20D046111380F3014
S21404BDD004611114011141100698C20D01D80872AD
S21404BDE003B80298D8140C4A01DB227124101128D7
S21404BDF01128041202300471106200C0FFFF000014
S21404BE00213800C2204000B8FF2008124110086004
S21404BE100698C20D01D87C7120BC1033767100BB25
S21404BE2000C1201F00A01415C021112C5112186245
S21404BE300F320E71408851140698FA184143009444
S21404BE40511208651C620F320E7141115114069886
S21404BE50FA181C6441430865513B00C1DC1E00A06F
S21404BE601411111231100F30127100BA056101D885
S21404BE700471114201600FD8F472311003601E3051
S21404BE80047201B8003A087204B80298D8140298EA
S21404BE90C41600C0384101B804118F7914717F208C
S21404BEA0692004110861303110DD06711DBA637A09
S21404BEB00698120300F830885088FF34087102ECA4
S21404BEC0FF24F87002EC00CD1410595001440421EC
S21404BED0FF22F2720F4C0095009300A000C1A81E2A
S21404BEE000A0141100A030880698421B8111086136
S21404BEF002D906720298061A1CBB557B086120D923
S21404BF0006710298F6190088A11018600698201980
S21404BF1008211415FC251EBB5C7B5D7B00C1084014
S21404BF2001B814110731FE21307608D82A7251134D
S21404BF30FC23341304DB20711863FF33315B00C128
S21404BF4010C000B81411086180490C71FF31302903
S21404BF5054751EBB7B7B10707B7B7C7B00DD047181
S21404BF607D7B01BB3815EC25541300DF5471042582
S21404BF7005DF54715415211120880698EE0D0092A1
S21404BF8051293E7500C1084001B8141102DB0C713A
S21404BF900731315B31292A760C7004DF087201619F
S21404BFA080D91E720698201900C010C000B80698E2
S21404BFB0861B069820191411FFD9607202984C1A31
S21404BFC00090009300A05415A111186110D9A67210
S21404BFD0082508D8A071082510D89A712088211140
S21404BFE00698EE0DFC255412112AF82554110C253A
S21404BFF020D80871F02554111025202904762159DB
S21404C000181500920298B81907B97179811010D8DA
S21404C0100A711CB8447802B841781CB9747904B91A
S21404C020677900F88110A0D808711CB9497900A076
S21404C030086002D8FA7106982019108806983E14EB
S21404C040106210DA087108211415F025541100C284
S21404C0500020FEFF202912750698921B01D90A7249
S21404C060069880080698120700941CBB41100C2002
S21404C0700698641341110821141006986413312895
S21404C080441111120861FF31FF320122105210725E
S21404C0901861181404244413042438140C7018610A
S21404C0A021411814082408140298381440441471C2
S21404C0B000C1AC1E00A0141551131C630FDB0C72D8
S21404C0C0196506980205411500A000C3784000B81B
S21404C0D03413807B06720698120706983E1408BB33
S21404C0E051140698B01A4415FC25541500C378401C
S21404C0F000B83413807B047100A002983E051CB976
S21404C10000C3A01E00A03413086308DB1A71811351
S21404C110A0DB0671497910706979086302DB08723E
S21404C12004B9677900F800A08111086102D910717A
S21404C1301CB97579069820191411FF3100A0FFB9AF
S21404C14000A0041008211411F421081100A0811184
S21404C150106110310E710698201908211411F82167
S21404C160141100A0BCC304000000000094C1040025
S21404C170010000000000000000F04902BCC30400F7
S21404C18000000000B8C10400010000000000000028
S21404C19000F04902DCC104004063598F404B4C0058
S21404C1A00B000B001A00FF7FB4650020000000009F
S21404C1B05EC6040000000000CCC204004063598F31
S21404C1C0404B4C000B000B001A00FF7FB4650020A8
S21404C1D0000000005CC6040000000000FC1F010311
S21404C1E0BCC504001CC0011000F807001CC00130C8
S21404C1F01402080050C001008741300424400601A0
S21404C2000700620038700000000000000000000311
S21404C2100068010F40B8244058400101FC00690042
S21404C220804005012363E0119BC34A74F0030000B9
S21404C23003800000BE0A0000E04001013300000055
S21404C240F0400401590B0000640483078813C83ABD
S21404C25090200A0028410101001E00003C410B0109
S21404C26000148C00141A21282E343B42495043559E
S21404C2707698BA0C2869000001000000072128649B
S21404C28014171A002004C869A1203A093C42010187
S21404C29029000000A080020170780300D5C00000C9
S21404C2A0A8800111F0010000A88001310542CB01ED
S21404C2B0AC800111F0010000AC80013105228D0034
S21404C2C0B080010100030002FFFFFFFFFC1F010313
S21404C2D00CC604001CC0011000F807001CC0013086
S21404C2E0F502080050C001008741300C24400601C6
S21404C2F007C0520000000000000000000000000319
S21404C3000000000000000000584001016402FF0025
S21404C310804005014B01A0089BC34A74F00300004B
S21404C3200000000000000000E040010133000000AF
S21404C330F040040100000000640483078813C83A30
S21404C3409C200A0028410101031000003C410B0117
S21404C35000000000000000000000000000000000D4
S21404C36000000000000000000100000000000000C3
S21404C3700000000000000000000000003C42010134
S21404C38000000000A080020170780300D5C0000001
S21404C390A8800111F0010000A88001310542CB01FC
S21404C3A0AC800111F0010000AC80013105228D0043
S21404C3B0B080010100030002FFFFFFFF0C400200F3
S21404C3C0018014007F4000002040020000000000AE
S21404C3D000000000304007000000000000000000DD
S21404C3E00000000000000000000000000000000044
S21404C3F0A007000050400100000000005C4002005E
S21404C4000000000000000000A84001000700000033
S21404C410B440040000400000FF4C0000004100004F
S21404C420FF4D000008C001000000000020C00110FD
S21404C430FF00000020C001300043000024C00400B8
S21404C440EC80B3034375A802000000002E0200002F
S21404C45054C003000E2D09E654060708D1B60200A0
S21404C46064C008000430000040201006C8F24818D3
S21404C4701FE8F600BD4B721511A31805103254764A
S21404C480980A000088C001000000000008000101AE
S21404C490040700001800010100000000200001014C
S21404C4A0088400001C4002011000000020F9130458
S21404C4B05C4005014108000001000000B0070800C8
S21404C4C0A70000000000000094400701010110309E
S21404C4D050707F7F00000000000000000000000095
S21404C4E00000000000000000E4400101000000001D
S21404C4F0EC4001017DA8D98B0041020100612000B7
S21404C500B75635120C410301F954120020300429A1
S21404C51088BB4000244101010000000030410301B3
S21404C5206406660C0C010000E853FA006841030137
S21404C530640483078813820000000000304203016D
S21404C540000000000000000E00000000444201014C
S21404C5500000000010800101030000003880020182
S21404C560114910000100000088800101000000004D
S21404C5709C800101EB400200B480010137000001F9
S21404C58088000202000C00044C0000009400010223
S21404C59000040000D00002020E000000900296087C
S21404C5A0E40001023D094204F40001020000000018
S21404C5B01801010260005102FFFFFFFF1200000095
S21404C5C0666666000000000070C6040060C60400CC
S21404C5D000000000001A9A00005A620280841E00BE
S21404C5E00420FE0011495002000000000000000074
S21404C5F0000000000000000000000000B1841E00DF
S21404C600000000000000000000000000120000000F
S21404C610666666000000000070C6040060C604007B
S21404C620000C0000001A9A00005A620280841E0061
S21404C6300420000011495002000000000000000021
S21404C640000000000000000000000000B1841E008E
S21404C65000000000000000000000000005040000C8
S21404C660E1190000E11900000000000000000000CD
S21404C670193F0106041001000001010600102700FE
S21404C680000900000000000000000000D9B6010008
S21404C69089B6010095B6010085B70100378E030000
S21404C6A0D1930300D5930300D9930300DD930300CD
S21404C6B0E19303000001030464EE0100100000008F
S21404C6C024E101001A00000079EB010011000000CB
S21404C6D075E401001100000063E511000400000089
S21404C6E023E111000400000025E101000800000019
S21404C6F026E101000A00000027E101000200000014
S21404C700000000000000000078C8040067C80400A9
S21404C7100000000079C804009F8B0400000000009D
S21404C720998B04009B8B0400000000009D8B040082
S21404C73045C804008EC80400A08B04009A8B04002D
S21404C740000000009E8B04005CC70400978B040066
S21404C750988B04009C8B0400968B04000002030450
S21404C7600508090A0B0001020304051D2000B40194
S21404C77008020200AA00FFFFFFFFFFFFFFFFFFFF04
S21404C780D5F402000D14020079430200F9270300D1
S21404C79089460200039B0300059B0300079B0300D6
S21404C7A0099B0300C1BE020031940200D9DB0200DB
S21404C7B09521030099330200FF9A0300BD980200F6
S21404C7C049120300AD240200019B0300B383030057
S21404C7D0A52B02008358030000000000001300008D
S21404C7E0000000000000000000000000010000003F
S21404C7F0A59C02000200000079AC030003000000C0
S21404C800FD9B020004000000F3AB030005000000DB
S21404C8109D9B020000000000000000000023001B97
S21404C8202200FF00000000000C09020200000000C5
S21404C8301C1A0B0303FF06080402020204020A0B76
S21404C840030302030480FF0204FF01010101080040
S21404C850000000000000005A6967426565416C6C80
S21404C86069616E6365303980000018381030000046
S21404C870000000008F8E8C8081815A69674265654E
S21404C880416C6C69616E6365303906080C10800073
S20C04C8904C84FB7F010000004C
S21004C898A4C80400B8610020D50100000C
S21404C8A40000000000000000FFFF0000010000007C
S21404C8B4000000000000000000000000000000006B
S21404C8C4000000000000000000000000000000005B
S21404C8D4000000000000000000000000000000004B
S21404C8E4000000000000000000000000000000003B
S21404C8F4000000000000000000000000000000002B
S21404C904000000000000000000000000000000001A
S21404C914000000000000000000000000000000000A
S21404C92400000000000000000000000000000000FA
S21404C93400000000000000000000000000000000EA
S21404C94400000000000000000000000000000000DA
S21404C95400000000000000000000000000000000CA
S21404C96400000000000000000000000000000000BA
S21404C97400000000000000000000000000000000AA
S21404C984000000000000000000000000000000009A
S21404C9940000000000000000000000000001000089
S21404C9A40000F00108000000081000200100230124
S21404C9B404000000101000200600300101000000EE
S21404C9C414100020FFFFFFFFC0EA2101C0EA210182
S21404C9D40080000000F04902F462002000600B00AE
S21404C9E400800000A8300020C8000000FE000000FC
S21404C9F400000000D47C040018100020FFFFFFFF92
S21404CA048480040033000000D9E1000033000000F1
S21404CA14555D030044FC030048FC030055FC030076
S21404CA2462FC03006FFC03007CFC03008FFC030021
S21404CA34A1FC0300AEFC0300BBFC0300C8FC03001B
S21404CA44DDFC0300F0FC030002FD030017FD0300F5
S21404CA5426FD030037FD030046FD030056FD0300D0
S21404CA6462FD03006FFD03007FFD030091FD0300D8
S21404CA74A0FD0300AFFD0300B8FD0300CDFD0300D5
S21404CA84E2FD0300F7FD030017FE030025FE030082
S21404CA9444FE03005FFE030072FE03007FFE0300F1
S21404CAA494FE0300A3FE0300B2FE0300C4FE0300C8
S21404CAB4D6FE0300E9FE0300FCFE030012FF030097
S21404CAC4000000000F000000FF000000000000004B
S21404CAD40000000000000000000000000000000049
S21404CAE400000000000000000030E70400C818033B
S21404CAF48307040088070400B5070400E00704005D
S21404CB040E0804003C0804006B080400980804009B
S21404CB14C8080400F808040048090400FFFFFFFFDF
S21404CB2400F80300FFFFFFFF0000040000000400F9
S21404CB34005C2605506400200600000090A2040051
S21404CB44000000000100190001000000303C002031
S21404CB540100190001000000303C00200100190007
S21404CB6401000000303C0020010019000100000010
S21404CB74303C00200100190001000000303C002075
S21404CB840100190001000000303C002001001900D7
S21404CB9401000000303C00200100190001000000E0
S21404CBA4303C00200100190001000000303C002045
S21404CBB40100190001000000303C002001001900A7
S21404CBC401000000303C00200100190001000000B0
S21404CBD4303C0020AC4000200000000000000000B0
S21404CBE4088C0400E847002004650020A84A0020B6
S21404CBF4867A04000600000000000000000000001E
S21404CC0400000000F0A2040008A30400917A0400C3
S21404CC1455330400FE0000003465002000000000C4
S21404CC24B84A0020204B0020884B00200000000057
S21404CC3400000000000000000000000000000000E7
S21404CC4400000000000000000000000000000000D7
S21404CC5400000000000000000000000000000000C7
S21404CC640000000000000000C9890300DCA40400DE
S21404CC74FFFFFFFF0D8D0300098D0300FFFFFFFF79
S21404CC84118D0300FFFFFFFF05E20100FFFFFFFF16
S21404CC94FFFFFFFFFFFFFFFFFFFFFFFFFFFFFFFF97
S21404CCA4FFFFFFFF0000000020A1070000000000B3
S21404CCB455CF030000000000000000000000000040
S21404CCC40000000000000000000000000000000057
S21404CCD400000000C8500020010A0200912302004C
S21404CCE455330400000000000000000000000000AB
S21404CCF400000000C8500020991002000000000044
S21404CD04553304000000000000000000000000008A
S21404CD1400000000C8500020DD1A0200912302001F
S21404CD24553304000000000000000000000000006A
S21404CD34000000007E7B0400C85000203528020052
S21404CD44000000005533040000000000000000004A
S21404CD540000000000000000C8500020B93C020097
S21404CD64000000005533040000000000000000002A
S21404CD740000000000000000C85000202942020001
S21404CD84000000005533040000000000000000000A
S21404CD940000000000000000C850002025570200D0
S21404CDA400000000553304000000000000000000EA
S21404CDB40000000000000000B80B0000C85000206B
S21404CDC4955C0200000000005533040000000000D7
S21404CDD4000000000000000000000000C85000200E
S21404CDE4F56702000000000055330400000000004C
S21404CDF4000000000000000000000000C8500020EE
S21404CE04B969020000000000553304000000000065
S21404CE14000000000000000000000000C8500020CD
S21404CE24FBA10300000000005533040000000000CA
S21404CE34000000000000000000000000C8500020AD
S21404CE44E16F0200000000005533040000000000F7
S21404CE54000000000000000000000000C85000208D
S21404CE645176020000000000553304000000000060
S21404CE74000000000000000000000000C85000206D
S21404CE847DAE0300000000005533040000000000DB
S21404CE94000000000000000000000000C85000204D
S21404CEA489DB020000000000553304000000000083
S21404CEB4000000000000000000000000C85000202D
S21404CEC4F9F30200000000005533040000000000DB
S21404CED400000000000000000000000085B7030006
S21404CEE4C850002005220300912302005533040091
S21404CEF40000000000000000000000000000000025
S21404CF04C8500020C928030000000000553304005C
S21404CF140000000000000000000000000000000004
S21404CF24FFFFCEFAEFBEFFFFFDFFFDFF0C002C0152
S21404CF34001E2C01400680001027FFFF04F8FFFFA4
S21404CF440C000000000000004000FDFF2C019C00C3
S21404CF540000FFFFFDFFFFFFFFFF60EA8000800084
S21404CF6410C1CDAB3201FFFFFFFFFFFFFFFFFFFF42
S21404CF74FFFFFFFFFFFFFFFFFFFFFFFFFFFFFFFFB4
S21404CF84FFFFFFFFFFFF01FF05FFFFFF0101FFFF98
S21404CF940201FFFF640250FF0F010208031E060588
S21404CFA4021601010A0C052007051010010F0804D7
S21404CFB410010601010104FF030101FF0C01FF40F7
S21404CFC45AB47F0150403000FFFFFF0B03FF050BEC
S21404CFD40101FF03010305020201FFFFFFFFFFFF38
S21404CFE4FFFF010102FFFFFF40FF0101BD4C0000EB
S20804CFF4954C00004F
S80400700586
