S01B00006275696C642F72656C656173652F7A69676265652E73333714
S2140040000810002015700000A1B200000739030058
S21400401007390300A9B20000B1B200000739030057
S214004020073903000739030007390300073903007F
S214004030B5B20000647C04000739030007390300AA
S2140040400739030007390300073903002D6B00000A
S214004050073903000739030007390300073903004F
S2140040600739030007390300B5B700000739030016
S214004070073903000739030007390300073903002F
S214004080073903000739030007390300073903001F
S214004090073903000739030007390300073903000F
S2140040A007390300DD730000C17300000739030001
S2140040B00739030007390300073903000507020024
S2140040C0C7930300C393030069FE0100DD9303005A
S2140040D0CB930300C5060200CF930300F9EA010064
S2140040E045070200073903000739030007390300B4
S2140040F007390300073903000739030007390300AF
S214004100073903000739030007390300073903009E
S214004110073903000739030007390300073903008E
S214004120073903000739030007390300073903007E
S2080041300739030043
S214004134F0B5114A114C124E00F00105E3695F0711
S21400414413D40DB9334213D103EA00078F4207D1C3
S2140041540B4A1A40002A14BF6FF001000020F0BD7D
S214004164013AEBD16FF00200F9E74FF0FF30F6E7C3
S2140041746FF00100F3E700BF80969800000003503C
S214004184020001000B4B70B5D96911F480310DD1D2
S21400419401244FF48072084E084DF46020462C64C7
S2140041A41A61FFF7C5FF3464EC6070BD6FF0010060
S2140041B4FBE700BF0000035000100350002003502C
S2140041C438B541F6713301220C4C0021E569E363EE
S2140041D40B4B05F48035DA600223606121202361ED
S2140041E4FFF7A6FF10B92120FFF7A2FF0122054B17
S2140041F4DA600DB10023E36338BD00BF000003504E
S214004204001003500020035070B5134C6061E3693E
S2140042145B071ED40E4656F8043B8D18A361AE42C7
S2140042240BD10423002121202361FFF781FF58B915
S214004234BDE870402120FFF77BBF08210846FFF742
S21400424477FF10B10423236170BD56F8043BA361C5
S214004254E5E74FF0FF30F7E7000003502DE9F84399
S214004264154641F67132164B8946DF69DA63012238
S214004274064603F58053DFF8508007F48037DA608B
S21400428455B9284601220F4BDA601FB10022A3F568
S2140042940053DA63BDE8F88306F5005404EA08041C
S2140042A4A41BAC4228BF2C46494622463046FFF79C
S2140042B4ABFF0028E6D12644A1442D1BE0E700BF4F
S2100042C4000003500020035000E0FFFF45
S2140042D02DE9F04F4FF0FD0BC9B09A460DF11B09C2
S2140042E09DF8503108AFCDF80C90CDF808B0019786
S2140042F0059303890446009383790E4690464188C9
S2140043008288407810F01CFF054650B10090A388C4
S214004310002062883A4911F057FA284649B0BDE8AD
S214004320F08F99F8000032F06AFB38B12846A3886F
S2140043306288344911F048FA8D25EEE75A46394628
S21400434099F8000032F003FB8346002851D0529BB8
S2140043501BB1BDF84C3198424BD8002399F8009019
S2140043600793A9F14102012A5FFA8BF123D8384658
S2140043700139254ADFF898C05FFA81FE734513DBE2
S214004380059B04210792C3B907AF18221F489FED6B
S2140043901A7B02FB060420460A460830394684ED9E
S2140043A0027B15F067FF11E010F8011F0133514042
S2140043B00CFB01F2E2E7059B33B123464A4638463A
S2140043C000960EF0E5FDA8E70829DED9B8F1000F43
S2140043D001D088F80090BAF1000F01D0AAF800B01A
S2140043E0529B002B99D05A46184608A915F042FF52
S2140043F093E7012591E700BF0000000000000000E1
S2140044001F26040054260400C59D1C818010002031
S21400441093010001000000002DE9F04F93B0CDE9B4
S2140044200A32DDE91C530E9353EC102BCDE908013C
S214004430104619468DED060B1E9E15F0A5F980B1A7
S214004440DDE906014FF0FF32C54B15F0C5F940B95E
S214004450DDE906014FF0FF326FF4801315F09EF988
S21400446070B1DDE908019DED060B0E9B1E96CDE9A9
S2140044701C53DDE90A3213B0BDE8F04F00F088B9EE
S2140044800022DDE90601002315F088F9002800F077
S2140044903381DDE906A303F1004BCBF30A5016F493
S2140044A08063A0F2FF3008BF06250F9314F09AFE33
S2140044B09BA3D3E9002314F0FFFE9BA3D3E90023BC
S2140044C014F044FDCBF31304894644F07F51804634
S2140044D00022A44B504641F4401114F035FD94A33D
S2140044E0D3E9002314F0E8FE02460B464046494650
S2140044F014F02CFD15F07AF9044614F073FE8EA322
S214004500D3E900238046894614F0D6FE0022964B57
S21400451014F01CFD15F06AF989A3D3E900230746B9
S2140045204946404614F0C8FE80463846894614F090
S21400453059FE85A3D3E9002314F0BEFE02460B46BF
S2140045404046494614F000FD02460B46CDE90C23D2
S21400455014F0B2FEDDE90C23804689461046194663
S21400456014F0F4FC0022CDE91001804B4046494689
S21400457014F0CCFF00227E4B14F0E8FC02460B46FB
S2140045804046494614F0C2FF00227A4B14F0DEFC87
S21400459002460B464046494614F0B8FFDDE90C23B8
S2140045A08046894600204FF0804114F0CDFC02463C
S2140045B00B464046494614F0C9FC02460B46DDE968
S2140045C0100114F0A3FF07F2FF3700226A4B14F025
S2140045D0BDFC00223B0514F06FFE52465B4680464B
S2140045E0894615F0F9F8002840F08980CDE90C8955
S2140045F004F16303C62B8CBF0527042731051BD5A2
S21400460053A3D3E900235046594615F0DBF800289B
S2140046107FD051A3D3E900235046594615F0BEF883
S214004620002876D00027A542C6BF2C1B04F1FF3514
S21400463000253C4646F480660E9B9F422CBF4FF0FA
S2140046400008A3EB070816F0020903D0002F18BFD6
S2140046504FF000083CB1DDE90C235046594614F0F3
S21400466055FF82468B46DDE906010022002315F041
S21400467095F810B10BF100439B46DDE9080126F4DE
S2140046800063CDE90183DDE90A324BEC10AB0095FF
S21400469000F07EF802465FB3DDE9091316F0200F3E
S2140046A000F10105089E0CBF65204520B047DDE9F6
S2140046B008010523002205930A23002CCDE90232C7
S2140046C007F1FF374FEAD473B8BF64422A46019316
S2140046D004970A9B009433F0EEFF0246B9F1000FF0
S2140046E006D00B9BC41A0B9B1A190E9BA34245D8E7
S2140046F0104613B0BDE8F08FDDE906ABCDE600222C
S214004700404649461A4B14F001FF013CCDE90C0126
S2140047106EE7002D90D00F9B002B8DD0013D8BE7D0
S214004720FB799F501344D33FB3C8608B288AC63F9B
S21400473061436F63A787D23F71A379094F930A40FD
S2140047401655B5BBB16B0240EF39FAFE422EE63F76
S2140047502D431CEBE2361A3F0000000080842E41F9
S214004760FFFFEF7F0000F83F0000E03F00002C4016
S21400477000002440000018400000F03F2020DDE943
S2140047800913089DA8470134ADE700BF00000000EC
S2140047902DE9F04F5BEC10AB97B0CDE90501DDE9F4
S2140047A02058CDE90723504652465B465946229F7D
S2140047B014F0EAFF70B90323CDE902870193AA4BF0
S2140047C00093DDE90501DDE9072333F0A6FE17B007
S2140047D0BDE8F08F4FF0FF326FF480135046594615
S2140047E014F0DCFF28B10423CDE9028701939F4B28
S2140047F0E6E74FF0FF32504659469D4B14F0ECFF6B
S21400480068B19C4A07F00403002B08BF03229A4BAA
S2140048101CBF13460422CDE902870192D0E750461A
S2140048208DA3D3E90023594614F0D6FF38B98CA3DC
S214004830D3E900235046594614F0B0FF68B1DDE9CD
S2140048400723DDE905014BEC10ABCDE92187209568
S21400485017B0BDE8F04FFFF7DFBD0022002350463B
S214004860594614F09BFF002800F091805B465246A4
S2140048700020002114F068FB012382468B46099332
S21400488017F4806400F08580092D40F285800024AE
S21400489030210EABA5F109020134202C03F8011BD0
S2140048A0A5EB040901D09442F6D15946504614F0BF
S2140048B09DFF724B054603EBC90393ED007B8DED20
S2140048C00A7B14F08FFC02460B465046594614F0FD
S2140048D03BFBDDE90A2314F0EFFC02460B46CDE96C
S2140048E00C2314F0ABFF064614F06CFC02460B4695
S2140048F0DDE90C0114F028FB02460B46CDE90C233B
S21400490000225F4B14F068FF002848D0013630467E
S21400491014F058FC02460B46DDE90A0114F048FF85
S21400492008B100260135B9F1000F45D1284614F02C
S21400493059FC02460B465046594614F005FB002229
S2140049404F4B14F02BFF10B9E90700D501350A21AB
S2140049500EAB1A19202C0AD095FBF1F001FB10556E
S214004960303502F8015B013405460028F2D107F025
S2140049700302012A55D1B8F1000F52D0099A12B994
S21400498017F00C0F01D008F1FF38302240E00990F4
S21400499076E74FF0060988E7A946002485E7002257
S2140049A0DDE90C01364B14F0F9FE0028BBD10EB140
S2140049B0F007B8D50136B6E70A210EAB1A19202C37
S2140049C00DD0B6FBF1F001FB1063092E03F13003A6
S2140049D009F1FF3904F1010402F8013B11D8302136
S2140049E0A1440EAA202CB2D04C4504F101030AD1F2
S2140049F004F158020DEB02042E2204F8202C1C466B
S214004A00A5E70646DBE7A1541C46EBE71A5501343A
S214004A10444506D2202CF9D1CDE9028701940EAB8D
S214004A20CEE6202CF8D0099B3BB12D2204F158038A
S214004A306B4403F8202C0134EEE77A0704D504F122
S214004A4058032B226B44F4E73B07E5D504F15803E3
S214004A5020226B44EDE700BF0000000065CDCD418D
S214004A600000000065CDCDC10E44040012440400D1
S214004A70FFFFEF7F054404000A440400988B0400FF
S214004A800000E03F0000000070B58EB02C22002130
S214004A9003A815F05FFA64234FF002320893CDE9BD
S214004AA005230B2301218DF834305B4B8DF8101055
S214004AB01D880D4040F0A980084638F0BBF80A2251
S214004AC0564B574C1A704FF42873ADF812304FF00F
S214004AD0FF332360534B54491B8820460B82534BAD
S214004AE0534A1B68CD828B61524B0D621B884B82EA
S214004AF0514B1B68CB611BF09BFE20B14FF41B7122
S214004B004E4839F0D5F90521206833F0BDFF20B1B5
S214004B1040F27D21494839F0CBF9206814F0D0F9ED
S214004B20474B2068196834F072F80C2538F0EAFC18
S214004B306843099038F0E6FC68430DEB05010790E2
S214004B40206816F0C9F820B140F295213B4839F0AC
S214004B50AFF925681EF016FA00220146284634F002
S214004B60CEF820B140F29721344839F0A1F940F24E
S214004B700353344D344E2B80052396F90000AB705A
S214004B807F2801D11BF04AFF3378EB7038F0BAFC6F
S214004B9000EB80008000A88038F0B4FC0023C00042
S214004BA04FF0FF31E880AB604FF0FF3018A3D3E939
S214004BB0002338F091F92549206834F059F8206828
S214004BC002A934F075FC20B14FF434711B4839F05B
S214004BD06FF9042220680DEB020133F0EDFF042884
S214004BE004D040F2D721154839F062F901A9012016
S214004BF033F0F8FB06F098FB01201CF0A1FB2FF029
S214004C00DEFB1CF0C7FB1BF0A1FE0EB070BD00BFA4
S214004C100A0020FF42030000CA5700201A5F002047
S214004C20FC4F0020CAA40400C8650020D0A40400DD
S214004C305DCC0300C8A40400CCA404003D7B0400A3
S214004C4018630020F04F0020DA680020D1CC030063
S214004C500348044B834202D0034B03B11847704706
S214004C600C6900200C69002000000000064B074974
S214004C70C91A891048BF0131491003D0044B0BB143
S214004C8001481847704700BF0C6900200C690020D7
S214004C900000000010B5064C237843B9FFF7D8FF94
S214004CA0044B13B10448AFF300800123237010BDFA
S214004CB0681600200000000070C8040008B5044B09
S214004CC01BB104490448AFF30080BDE80840CDE7B7
S214004CD0000000006C16002070C80400A3F5803A9F
S214004CE0704700BF154B002B08BF114B9D46FFF7C2
S214004CF0F5FF00218B460F461148124A121A15F08E
S214004D0029F90C4B002B00D098470B4B002B00D0FA
S214004D1098470020002104000D000B4815F060FCA9
S214004D2015F0F0F8200029002EF0D4FB15F046FC14
S214004D30000008000000000000000000081000202E
S214004D4008100020805F002049A6010007B5012159
S214004D5020200DF1070200F039FE50B1012120207D
S214004D600DF107028DF8071000F040FE03B05DF865
S214004D7004FB9DF807100129F8D00122084813F01B
S214004D80D7FF01210DF1070220208DF8071000F053
S214004D902DFE2EF023FB4FF4FA6000F027FDE5E72A
S214004DA0E8E2030038B500F089FF012805D000F0DE
S214004DB085FF022801D000F099FF064D2B783BB9FD
S214004DC000F07CFF0128044602D12EF07AFB2C70FE
S214004DD038BD00BFB658002070B50C46088800F0F5
S214004DE071FD94F844300546834214D004F11C0645
S214004DF030462EF002FB84F844502EF002FB1421BD
S214004E00A06430462EF0F4FA94F844100248BDE848
S214004E10704013F08DBF70BD10E3030010B504465C
S214004E20008800F04FFDA37884F84400834202BF58
S214004E300123E3702371074B04F11C00C4E9073417
S214004E4000F01AFE224620880349BDE8104000F014
S214004E5051BD00BFC7310300D94D000070B5C378FF
S214004E6004460D461646002B32D1C1B11F4813F03A
S214004E705FFFE36CA6600BB1E06D9847E368F61A37
S214004E8063699E4221D2217E19480131C9B221763A
S214004E9013F04EFFA36D13B1217EE06D9847E570C9
S214004EA02EF0AFFA0DB32379FBB9A268238A801AD5
S214004EB083421AD201230F48237113F039FF236D62
S214004EC09BB1E06DBDE87040184701232376E6E706
S214004ED00029E4D1084813F02BFF636DE6602571C6
S214004EE0002BDCD0E06D9847D9E770BD2DE30300BA
S214004EF03EE303006CE3030059E30300F8B51E46E7
S214004F00838804460D4617460BB18680F8BD817827
S214004F1000882EF079F90123E370084BE58027819D
S214004F20A680C4E903340C34204600F0A5FD2946CB
S214004F302046BDE8F8402EF05BBA00BF13320300EF
S214004F4010B501790446B1FA81F1008849092EF0BE
S214004F50D2F921796088B1FA81F149092EF0CBF9AE
S214004F60034B1A68A24204BF00221A6010BD00BF9D
S214004F708416002070B543790446A3B100880E4E0F
S214004F8004F10805336813B10C4B1B786BB121791B
S214004F902EF0B1F964210A4B3460A3602846BDE8C0
S214004FA070402EF025BA4088E9E7064813F0C0FEA8
S214004FB0054B3221A360F1E784160020B758002085
S214004FC0414F000082E30300754F000010B5044611
S214004FD0E0B10F4813F0ACFE01236371A37953B917
S214004FE0217920882EF087F9236B7BB1606B012135
S214004FF0BDE8104018472046FFF7A2FF04F108005E
S2140050002EF0FBF92046FFF7B5FFEDE710BD00BF19
S214005010B8E3030010B50446F8B1104813F088FE54
S21400502000236371A3796BB921792088B1FA81F1E5
S21400503049092EF060F9236B7BB1606B0021BDE857
S214005040104018472046FFF77BFF04F108002EF0BB
S214005050D4F92046FFF78EFFEDE710BDC3E303004B
S21400506010B5044668B1074813F062FE637920461F
S2140050701BB1BDE81040FFF7CDBFBDE81040FFF7FD
S214005080A5BF10BDCFE3030010B50E4C0E48214659
S21400509013F04EFE82210D4813F04AFE82210220B4
S2140050A0A21E00F0A3FC014630B134F8022C0848DA
S2140050B0BDE8104013F03CBE0648BDE8104013F0B3
S2140050C037BE00BF4E510020DEE30300F9E30300C5
S2140050D004E4030048E4030038B5124C822122465B
S2140050E0022000F073FCA51C014698B122880E48E9
S2140050F013F01EFE2A460D4B03F1240153F8040B51
S2140051008B4242F8040BF9D119889B781180937072
S2140051102623238035F8021C054A0648BDE8384099
S21400512013F006BE4C51002053E40300D3E4030002
S2140051304E510020B1E4030010B50446014608486D
S21400514013F0F6FD012C074805D12EF0BAF8BDE89D
S214005150104001F061B8BDE810402EF0B4B800BFB2
S214005160FAE40300A462002070B50024184D194E1E
S2140051703378A34217DC0024174D184E3378A34229
S21400518017DC0024164D174E3378A34217DC00F0C8
S21400519095FD0128144818D12EF093F8BDE870400C
S2140051A0124800F09DBD2846FFF738FE01346035F2
S2140051B0DEE728462EF06BF801343435DEE7284665
S2140051C02EF09EF801343835DEE72EF07CF8E5E761
S2140051D09C1F0020BC5800207C210020BD580020C9
S2140051E06C1D0020BB580020A4620020395100002E
S2140051F02DE9F04F85B0FFF76FFFBA4B03A8039376
S2140052002EF0A2F8054614F0A1FDB74CC2B21F2A34
S214005210627004D9B54813F08BFD00F0DBFA29461E
S214005220A01C15F027F803A82EF08EF8054614F0FB
S2140052308DFDC2B21F2A84F8212001D9AC48EAE7C6
S214005240294604F1220015F015F803A82EF07CF884
S214005250002504462678002E6FD1DFF8D092DFF8BE
S214005260D0A2DFF8A882FFF77FFF99F800309AF8FF
S214005270002098F800109F4813F05AFD9AF8003066
S21400528098F800509C4F1D4499F800303C461D4449
S214005290EDB2012D38BF01253B464FF482714FF623
S2140052A0FF720136B5421E7059809A8003F10C03D6
S2140052B0F7DC924B90498C48A36000F0FBFDE07948
S2140052C0A26800EB400002EB800000F0C9FBE27928
S2140052D08A4B0132E27100261C46DFF834B298F899
S2140052E00030B34200F3DB8100274FF00C0B844AFA
S2140052F0814E9AF8000098F80010B84200F3E0815A
S21400530000274FF0700808440BFB0066DFF824A265
S21400531099F80030BB4200F3EF812946764800F04A
S2140053200DFC039B6F491A468B4240F0F48175488A
S21400533005B0BDE8F04F13F0FBBC532E0FD16378D9
S2140053404C2B40F0F980A378502B40F0F5800122DA
S2140053506D4B1A7003A82DF0F7FF04467AE729D89C
S214005360412EF7D9423E102EF4D801A353F826F06A
S214005370E15300001156000055530000555300003D
S2140053805553000055530000555300006754000065
S21400539055530000555300001D540000C75300002D
S2140053A05553000055530000555300005553000058
S2140053B0A5550000692ECDD1601C2DF0D2FF80B21D
S2140053C02EF008F8C6E7514B012019780023504A02
S2140053D0994202F1A402BDDD02F8A20C0133F7E700
S2140053E0601C00F0DBFA0646E01C2DF0DCFF012115
S2140053F00246304600F020FA60224648464C0378C3
S2140054005A43A118A6524FF4FA620A824FF4487221
S2140054104A61424A0A65013303709BE7601C00F04C
S214005420BDFA0022342780463D4E114600F004FAAD
S21400543030783C4D07FB00F325F80380EA18E37844
S2140054401046693B18BF012393702DF020FF337878
S214005450354A03FB07550021156001255160157478
S2140054602B44337076E7601C00F098FA0022114651
S214005470804600F0E1F93422294E2A4F307802FBAC
S21400548000F327F80380F918E3780846693B18BF4D
S21400549001238B702DF0FBFE194A00231146906BFA
S2140054A0B0B901EB83113423327802FB03738B63AC
S2140054B05DB91D4A2B46114652F8040B70B93422CA
S2140054C0307800FB027241F8232033780133C8E7B6
S2140054D00133042B02F14002E1D1E9E70133042B4A
S2140054E0EAD1F2E74E510020C461002019E503001E
S2140054F030E5030040E50300881600200017002072
S214005500D01900207DE50300B7580020BA580020C7
S214005510D01A0020BC5800209C1F00203333030004
S214005520BD5800207C210020A4620020B85800202E
S214005530B958002080180020601C00F02FFA07469B
S214005540E01C2DF030FF01210246384600F074F9C9
S2140055506023754E754C3278A4205343E118E75209
S2140055604FF44873724F0B824B613B78DFF8E0C113
S21400557058430CEB00010CF800304FF400704880E4
S21400558003200871887102EB420004EB40143220BD
S2140055900133DBB201324B718C6081F8A0003270AF
S2140055A03B70D7E6601C00F0F9F900224FF038088F
S2140055B08146604F114600F03FF93B785E4E08FB8F
S2140055C003F326F803904FF00109F21882F80490CE
S2140055D0E3786BB1E01C00F0E1F9002204461146C6
S2140055E000F02AF93B7808FB03635C8083F806909A
S2140055F05248534A037899015354397802EB83147E
S214005600C1EBC10206EBC20262634A1C3A7002E7B3
S214005610601C00F0C3F90746E01C00F0BFF900224A
S21400562006461146384600F007F90022382411468F
S214005630304600F001F93F483F4A03784FF0010E2C
S21400564004FB03FC02EB0C0122F80C704FF0000C7C
S21400565081F804E081F806C003EB0E01C9B24C43A2
S214005660171916539C1C04707024364E87F806C013
S214005670307887F804E04443334FC3EBC303C1EBF1
S214005680C10107EB040C02EBC303385502EBC10261
S2140056907044CCF80430CCF8082030705AE636B1A6
S2140056A017F8053C03EB430304EB8304BC60394660
S2140056B0584601F02DF801360BF1A40B0C370EE618
S2140056C03944481E0BFB00600BFB0161C079019258
S2140056D000EB400004EB800410468C6000F02CFECB
S2140056E098F80010194839440BFB016100F07AFD68
S2140056F0019A01374032FCE516F8053C314603EBCB
S214005700430304EB830408FB07A0B46000F0F0FC3E
S21400571001370C36FCE513F8011D00297FF402AEB4
S2140057203B2102F8011CFDE5BC5800209C1F002010
S214005730BA580020BB5800206C1D0020B958002025
S214005740D0190020B858002080180020601D0020C6
S214005750D01A002007B5022101200DF1060200F044
S21400576035F938B9044813F0E3FABDF8060003B07B
S2140057705DF804FB0020FAE79AE5030007B502216E
S214005780ADF806000DF10602012000F02FF90146E3
S21400579010B1034813F0CCFA03B05DF804FB00BF69
S2140057A0BBE5030010B5FFF7D5FF044601460748E2
S2140057B013F0BEFA0121064813F0BAFA24B9BDE880
S2140057C010400120FFF7DABF10BD00BFEBE5030075
S2140057D0FDE5030008B5044813F0AAFA00F016F930
S2140057E02DF0FCFD2DF0F7FD13E6030038B504465A
S2140057F0084D094B28462B6000F03EF9002C18BFD8
S21400580021462846BDE8384008BF4FF496712DF073
S214005810EFBD00BF802200208133030010B5044C8A
S214005820237823B9034838F0EFFA0123237010BD1C
S214005830BF580020C07E040073B506460D461446C9
S214005840FFF7ECFF0E4A330AD35C8DF805608DF83F
S21400585004307DB1012C04D0032C09D00022012194
S21400586001E02246022101A801F08CFC02B070BDC6
S2140058700022F7E704212A460DEB0100F4E700BFFB
S214005880427C040007B5064A030AD35C8DF805007F
S21400589001A88DF8043001F0A9FC03B05DF804FB04
S2140058A0427C040007B5064A030AD35C8DF805005F
S2140058B001A88DF8043001F0C5FC03B05DF804FBC8
S2140058C0427C040007B50A4A030AD35C8DF805003B
S2140058D08DF8043000230DF1030101A88DF8033084
S2140058E001F0DCFC9DF8030003B05DF804FB00BF8C
S2140058F0427C04002DE9F043214C85B006468846DC
S2140059009146FFF78BFF23781BB901F01FFC01239C
S21400591023701C4A330AD35C30228DF80C300023E7
S214005920194F8DF80D6002FB03F4395DE51901BBD4
S21400593001233B554FF0FF3304F110001349384460
S214005940AB606E80C5F80480C5F80C9008F00CFCBF
S21400595004F10801042239440D4B009503A801F018
S214005960CBFCA96802460B4813F0E2F905B0BDE887
S214005970F0830133102BD6D1074813F0D9F9F5E799
S214005980BE580020427C0400A82200208733030073
S2140059909933030020E603004EE6030080B1027848
S2140059A0A2F14103032B0BD840783038C0B2082848
S2140059B006D8054B134413F8413C40EA03207047D1
S2140059C04FF6FF70704700BF427C040008B50B46D8
S2140059D042B101460448006802F0D2FDBDE8084026
S2140059E02DF0F2BC022008BD1063002008B50B465F
S2140059F042B101460448006802F04AFFBDE808408C
S214005A002DF0E2BC022008BD10630020F0B5002691
S214005A10124F8DB0FF2300930A223346386802A93E
S214005A202EF082FAC0B102AB1D4603EB800404E000
S214005A3055F8043BB34228BF5E1CAC423868E9D92F
S214005A40296803F0ABF80028F2D02D28F0D00DB06E
S214005A50BDE8F0402DF0B8BC0DB0F0BD10630020DE
S214005A6028B1034B0360034B4360002383607047F9
S214005A7019000003B8620020FF2307B50021044A7E
S214005A800093083008F0F4FA03B05DF804FB00BF9A
S214005A90EB3303000B4604490246086803490978BD
S214005AA008B12DF0B5BC7047B0250020C1580020C5
S214005AB0F8B50C4618B122210E4838F0F9F92468DA
S214005AC023685E795F8830463946FFF7E3FF08B9FA
S214005AD08120F8BD8568002DFAD0A368E27C39469F
S214005AE03046A84704460028F2D131F0F4FC2046A0
S214005AF0EFE700BF76E60300F8B515460D4A044604
S214005B0010680D4A0B46117850B122462DF080FCE5
S214005B10034628B100210C27C678B14201DB0020DD
S214005B20F8BD07FB01F45A681019125BAA42F7D0B9
S214005B300131F2E7B0250020C15800202DE9F74FCB
S214005B4004460D460026454B454F1860454B1970D8
S214005B5033010021F85C01360FF0E0F80C2EF7D187
S214005B600C2D28BF0C254FF0000901953C4EDFF8A0
S214005B7000A13D4DDFF8FC80019B4B4502DC03B0E5
S214005B80BDE8F08F23784FF0000B33706388738086
S214005B90A388B380A379C6F80880B371E379C8F800
S214005BA0005088F804304FF00003A768A8F80630C5
S214005BB0E3795B450ADC012116F8100B0FF0AEF80E
S214005BC008F1080809F101090C34D5E74FF0000385
S214005BD038886B812880FB784FF0000C2B81BA78D0
S214005BE0C5F804A0002A00920CBF802240222A7327
S214005BF079680AF10C02634513DC03EB43030AEBF6
S214005C00830ABB6843B1009A4FF6FF71B2FA82F27C
S214005C10164B520931F0EFFB14350BF1010B0C3724
S214005C20C6E7B1F800E00CF1010C22F80CEC91F894
S214005C3002E00C3202F816EC91F804E00C3102F89F
S214005C4015EC11F809ECBEF1010F14BF4FF0100E61
S214005C504FF0110E02F814ECCDE700BFB02500207F
S214005C60503C0020C1580020B42B0020B15A000040
S214005C70B4250020342E0020014B1860704700BF6A
S214005C80AC25002070B5128805460E46FFF734FF97
S214005C90044670B102790499806814F0ADF9064B99
S214005CA01B680BB9002070BD3146284622889847ED
S214005CB0F8E78620F7E700BFAC25002008B50EF011
S214005CC0C9F8022806D0012806D0044B18784000F0
S214005CD0C0B208BD0120FCE70220FAE7C058002049
S214005CE0014B1860704700BFA8250020034B1A78A8
S214005CF01AB901221A700AF0B3B87047C0580020CB
S214005D000022064B10B51A70054B1C682CB1FFF725
S214005D10D5FF2346BDE81040184710BDC0580020E8
S214005D20A825002037B50446002832D00EF092F899
S214005D30022830D1608931F04BFFE079237A0038B1
S214005D4018BF0120012B637A08BF40F008000BB192
S214005D5040F0100063890BB140F00400257CA18858
S214005D60A2790DB1E36873B90C4B0FF0B3FB217841
S214005D7008460FF02BFC31F035FA002814BF03203C
S214005D80002003B030BDCDE90035054B0FF0A2FB77
S214005D90EDE70220F5E70120F3E700BF3833040003
S214005DA03B0204002DE9F04186B005460E469046BB
S214005DB01F469DF834400EF04DF8022824D1082CDA
S214005DC016D8ADF80C808DF80E702CB122460C99C2
S214005DD00DF10F0014F04EFA03AB033400930A22C1
S214005DE031460820094B01940FF074FB18B10320CC
S214005DF006B0BDE8F081294628460FF0E7FB31F0F3
S214005E00F1F90028F4D0F2E70120F1E73B020400A4
S214005E1008B50CF083F9014630B1044812F088FF4B
S214005E20BDE808400CF01EBD08BD00BFE8E6030054
S214005E30034B044A5B7C012103201370FFF7D6BD99
S214005E40A4620020C258002010B50446FFF7F0FFF9
S214005E50B4F57F4F0BD100240A4B1A8813449C706C
S214005E60FFF712F92046BDE81040FFF7BFBC4FF61B
S214005E7001739C4204D1BDE8104003482DF009BAD6
S214005E8010BD00BF4C510020A462002010B5074C86
S214005E90012122460320FFF799FD28B92378044AFA
S214005EA0003B18BF0123537410BD00BFC25800202A
S214005EB0A46200200822F8B54C4B32241A70302217
S214005EC09A705A7139229A713122DA7138225C70CE
S214005ED0DC7036241A724FF400121C71444C426473
S214005EE0C464444C01220465434C85188465434CC5
S214005EF0C567C465424C434D4466434CC0F8805069
S214005F008466424C80F848200467414C80F8542050
S214005F104467202480F8784080F8844000F121040B
S214005F20C0F888403B4C80F86020C0F88C403A4C63
S214005F3080F86C20C0F89440384C80F89020C0F868
S214005F40984080F89C20364CC0F8B830354BC0F8E6
S214005F50A440C0F8BC300F24022380F8A84080F884
S214005F60C030314C314BC0F8AC40C0F8C430304C77
S214005F70304BC0F8B040C0F8C830092482232E4DFC
S214005F8080F8B44080F8CC302C7C2C4BC0F8A000B5
S214005F90C0F8D03044B12A4B80F8D820C0F8D430AE
S214005FA005F11103C0F8DC304FF0000CCA798E689A
S214005FB002EB42039F00443006EB830326F807C03B
S214005FC0586001200C349870DC701318CB71FFF702
S214005FD05DFFFFF773FE012806D12B7C23B1BDE8D9
S214005FE0F84015482DF055B9F8BD00BFC35800203D
S214005FF05C7C0400010020005B7C040002002000A2
S2140060005A7C04000500420003002000597C04006E
S2140060100400420007003000587C04001200100103
S21400602000404200FDFF2100467C0400567C040030
S2140060300600420000FF4401A46200204C510020EC
S21400604001FF1001437B044A0121137000780E30D3
S214006050C0B2FFF7CBBC00BFCD58002038B5044611
S2140060600078054D0E302A460121C0B2FFF7AEFC7F
S21400607008B92B78637338BDCD580020024B53F80F
S21400608020002DF0ACBA00BF942E0020012908B5E0
S21400609006D0022907D049B92DF098FA002008BD8D
S2140060A02DF097FAFAE72DF097FAF7E7024812F084
S2140060B03FFE0120F3E700BF15E7030011461A462E
S2140060C0024B53F82000FFF7E1BF00BF942E0020DC
S2140060D0002310B5044683810364A0F8443048309A
S2140060E0FFF7CAFC014BC4E9123410BDC5350300E6
S2140060F038B504460B781A4A43700D4642F823001A
S214006100FFF7E6FF2046FFF7A9FF4FF44013236191
S2140061100123144A2375A261134A84F82030E261F1
S214006120124A84F82C306262114A84F83830A2622F
S21400613004F10C0222630F4A04F10D036263E36369
S214006140EA79A86802EB420300EB830110344C6046
S214006150094C40F82340094B8B60531CEB7138BD4B
S214006160942E0020CC580020080020007C680020D8
S21400617000FF300001FF100102010104BD600000B5
S21400618070B50D460646144613460A4601461148A3
S21400619012F0CEFD25B92046BDE87040FFF754BE8C
S2140061A0072D05D121463046BDE8704000F076BA8E
S2140061B0062D05D121463046BDE8704000F076B881
S2140061C0B5F5817F05D121463046BDE87040FFF722
S2140061D055BF70BD31E703000148FFF74DBD00BF56
S2140061E0816100004FF4C01330B5036001230371D2
S2140061F0074B8C688360CA7902EB420304EB830585
S2140062006860044844F82300531CCB7130BD00BFBF
S2140062105D7C04000400010138B50024044D55F8E7
S214006220040B08B12DF0E9F901340A2CF7D138BD7A
S214006230BC2E00200229024608B50ED004D839B973
S21400624010462DF005FA06E04029F9D0412907D17D
S21400625010462DF0F3F9002008BD2DF003FAFAE7FA
S214006260014812F065FDF6E764E7030011461A469A
S214006270024B53F82000FFF7DDBF00BFBC2E002006
S214006280426B094B52791A7082785A70C2789A70AB
S214006290826B12B190F83C20DA7000780421093045
S2140062A0014AC0B2FFF7A2BBCE580020024B53F8FB
S2140062B020002DF0F3B900BFBC2E002038B50446F0
S2140062C00078084D09302A460421C0B2FFF77EFB4D
S2140062D030B96B78A370AB78E370EB7884F83C3019
S2140062E038BD00BFCE58002038B504460078114DA2
S2140062F009302A460421C0B2FFF768FBC8B9A37864
S2140063002A78022B0CD004D863B920462DF0A0F9C9
S21400631001E0FF2B0AD02046BDE838402DF06DB9CD
S214006320002AF2D120462DF089F9F4E7002AF9D1A7
S214006330EBE738BDCE580020F8B504460B78224A65
S2140063400D4642F823004370FFF7B8FF636B1F4A01
S2140063505C631A632046FFF7C7FF20462DF04DF911
S2140063604FF4801363600123626BA06B0532E2601A
S214006370174A23722261A21C2375A26160B1154AD6
S21400638084F82030E261E21C6262134A84F82C3002
S21400639004F13C03A26223630627E979AE6801EBA9
S2140063A04103002826F8237006EB83020CBF022365
S2140063B00423D37001239370084B043493604B1C62
S2140063C05460EB71F8BD00BFBC2E00207936030088
S2140063D00340300101FF300102FF10016D62000032
S2140063E002464179D37808480139042B00EB811026
S2140063F008D8012B04D80BB92DF020B92DF028B9F8
S2140064002DF030B9704700BFD01900200246417900
S214006410D37808480139042B00EB811008D8012BEB
S21400642004D80BB92DF014B92DF008B92DF01AB90F
S214006430704700BFD019002030B587B004464579B4
S214006440FFF73CFC012822D1E2786B1E042A1ED8F6
S214006450DFE802F00431031F2800104663784FF48B
S21400646080728DF804304FF48273ADF80630062340
S214006470ADF8083001238DF80B3000238DF80A00A4
S21400648001A8CDE903238DF81430FFF74BFC07B0C5
S21400649030BD0A4A02EB83135B6B5B79181E18BF8C
S2140064A00120DBE7054A02EB83135B6B5B79B3FAEB
S2140064B083F04009D2E70020D0E700BFD0190020C3
S2140064C030B587B004464579FFF7F8FB012829D197
S2140064D0E3786A1E042B25D8DFE803F00B0B0B03CA
S2140064E02600164B03EB82135B6B5B79003B18BFF1
S2140064F0012362788DF80A308DF804204FF48272FA
S2140065000123ADF8062006228DF80B30ADF80820E2
S21400651000234FF4807201A8CDE903238DF81430D0
S214006520FFF700FC07B030BD044B03EB82135B6B38
S2140065305B79B3FA83F35B09DBE700BFD019002071
S21400654010B586B00446FFF7B9FB012812D1637870
S214006550094A8DF804304FF48273ADF806304FF4D4
S2140065608073CDE90223002301A804938DF814302C
S214006570FFF7D8FB06B010BD0800070110B586B0BF
S2140065800446FFF79BFB012820D16278104B8DF85C
S21400659004204FF4827294F8A01094F8A100597069
S2140065A01870ADF8062004934FF480720223094950
S2140065B001A88DF81430CDE90212FFF7B3FB94F86A
S2140065C0A130013B18BF012384F8A13006B010BDEE
S2140065D0D25800200800050110B583780446D3B1D0
S2140065E00379022B06D143790B48013B00EB83105D
S2140065F02DF038F8A379022B02D12046FFF71CFFB6
S2140066002046FFF7BBFF02232046A4F86C30BDE807
S21400661010402DF05BB810BDD01900204388094A01
S214006620082113808388538083681B8A938090F8A0
S214006630A03093718379D37100780430C0B2FFF72D
S214006640D5B900BFCE51002038B50D4604460178B6
S214006650104812F06DFB4FF602739D420CD1637921
S2140066601BB10D4A12789A4201D20123637120466B
S214006670BDE83840FFF7D2BFB5F57F4FF7D12046CB
S2140066802DF089F8A378022B0CBF01220022A36804
S2140066909A70ECE77AE70300B9580020024B53F8EB
S2140066A02000FFF7D1BF00BFE42E002038B5044617
S2140066B00078134D04302A460821C0B2FFF786F949
S2140066C020B1BDE838400F4812F032BB2B886380FB
S2140066D06B88E978A380AA88A3681A82AB7984F8C5
S2140066E0A030EB79A37119B1074B1B788B4205D20A
S2140066F0064812F01DFB23780133637138BD00BFD6
S214006700CE51002094E70300B9580020BDE70300EF
S214006710F8B504460B78484A0D4642F82300437005
S214006720FFF7C4FFA268454B0226D364444BA11C66
S2140067305365444B44481365444B04F10C0CC2E9C2
S21400674016344FF44013E36001236161E16240496F
S214006750103221632265211D3E4AA1633E496265CF
S21400676004F1A002A061E163E265E01C611D3B4A02
S214006770206261643A483B492266A21D237423774F
S21400678084F8283084F8343084F84030A16484F8E3
S2140067904C6084F8583084F864306062A266E87909
S2140067A0AA6800EB400102EB8107C7F804C04FF06F
S2140067B0060C2D4F42F82170C118C9B201EB4101F9
S2140067C042F821C002EB810700217960274F84F848
S2140067D080302767264F84F89830A767254F264BCA
S2140067E0E767264F84F8746084F88C60C4F89C30A1
S2140067F004F16C06831CC4F88470C4F89060204FC3
S214006800204EDBB203EB4303C4F89460C4F88870F0
S21400681002EB83067034746008261B4C42F8234053
S214006820C31CDBB203EB430302EB8304043042F8E1
S21400683023606160E871F8BDE42E0020EB360300AB
S21400684039370300D965000010003001C336030055
S21400685001FF300104FF200102FF200105FF300187
S21400686000FF300103FF2101070001084A00210054
S2140068705E7C040051001000607C0400617C040013
S214006880550021006F0018001200010400239B6AC7
S214006890B3F5804F03D21968064A914203D000230D
S2140068A0037083607047012202709A689B69426099
S2140068B0F7E700BF07B0CD5E024B034A1A602EF022
S2140068C0F2BA00BF0000002002020FF073B53F4B83
S2140068D004461A781AB102221A7002B070BDCDE9C9
S2140068E000220028F9D001261E7037F0EFF9384D47
S2140068F0384B186016F0FEFF2B785BB902F0F2F901
S21400690040B935480823354A3549006801F038FE55
S21400691000B92E70334B5A68E260334A9A601A6E9A
S21400692022605A6E6260D3F87021A2601B6E5C040F
S2140069302CD52E4AD368D807FCD42D4B1A68531C86
S21400694029D04FF4801393402A4A13660423294C17
S2140069504FF0804223664FF480632366102323663D
S2140069604FF400536846236601A9226663662CF03E
S2140069702AFF009B2366019B63662B78002BACD016
S214006980164B1A6822665B686366A6E71A4AD368DF
S214006990D907FCD4D1E7194B1B78002BD6D1184B5E
S2140069A05A68144B12B94FF480121A66154A526888
S2140069B012B94FF400121A66134B5B68002BC5D150
S2140069C04FF480020B4B1A66C0E700BFD558002074
S2140069D0D65800201C2F002010630020202F0020F7
S2140069E0007108000080004455CEAC000000044052
S2140069F0DC6200200090004400000450D4580020C0
S214006A000080055000C005500000065038B5224DE5
S214006A1004462B78012B02D001232B7038BD0028AA
S214006A20FCD02CF0F5FE013009D02CF0F1FE40F23F
S214006A300113984203D0194AD368DB07FCD42268B6
S214006A40174B1A6662685A66A268C3F87021E26835
S214006A50D40744BF00229A60124B1A68013213D141
S214006A60114A127882B911494968C80748BF1A60A6
S214006A700F4A5268D10744BF01221A600D4A526875
S214006A80D20744BF02221A6016F03CFF0A4B186871
S214006A9037F017F90023C0E7D5580020000004405F
S214006AA000800044DC620020D4580020008005509E
S214006AB000C00550000006501C2F002070B50024B2
S214006AC0A36AB3F5804F23D21A68134B9A421FD19C
S214006AD0124E337813F0FD0518D14FF48034104869
S214006AE0FFF7F4FE032004F0CBF90E4B0320DC6026
S214006AF004F0AAF90C4B1C61AB6ADB6998470446A4
S214006B000748FFF783FF0CB901233370204670BD9A
S214006B104FF48174FAE700BF07B0CD5ED45800206A
S214006B200C2F002000A000440090004413B5204B1A
S214006B301B7803B9FEE700231E4CCDE900336A46F6
S214006B4008231D49206801F01BFDF8B91B4AD2F83E
S214006B504031D2F840211F2B4FF0010311D9203AC3
S214006B609340019A1A43019208236A461249206804
S214006B7001F08EFE124B134A1A602EF094F902B002
S214006B8010BD9340009A1A430092EDE72D28F1D1EC
S214006B900A4AD2F84031D2F840211F2B4FF00103A9
S214006BA085BF203A93409340019398BF0093DBE75C
S214006BB0D5580020106300200071080000800044B3
S214006BC0000000200B020FF038B50025AB6A044623
S214006BD0B3F5804F10D21B6BB3F5804F0CD207482D
S214006BE0FFF774FEAB6A20461B6B5B689847BDE8F0
S214006BF038400248FFF70ABF38BD00BF282F0020E4
S214006C0013B50024A36A0190B3F5804F13D21B6B13
S214006C10B3F5804F0FD20948FFF758FEA36A01214B
S214006C201B6B01A89B69984704460448FFF7EEFED5
S214006C30204602B010BD4FF48174F9E7282F0020DB
S214006C4070B50026B36A0446B3F5804F0D4612D2DF
S214006C501B6BB3F5804F0ED20848FFF737FEB36ABA
S214006C6020461B6B29469B69984704460348FFF756
S214006C70CDFE204670BD4FF48174FAE7282F002021
S214006C8070B50026B36A0446B3F5804F0D4612D29F
S214006C901B6BB3F5804F0ED20848FFF717FEB36A9A
S214006CA020461B6B2946DB69984704460348FFF7D6
S214006CB0ADFE204670BD4FF48174FAE7282F002001
S214006CC0F8B50027BB6A0446B3F5804F0D46164656
S214006CD011D21B6B7BB10948FFF7F8FDBB6A204653
S214006CE01B6B324629465B6A984704460348FFF703
S214006CF08DFE2046F8BD4FF40174FAE7282F0020D9
S214006D0070B50026B36A0446B3F5804F0D4612D21E
S214006D101B6BB3F5804F0ED20848FFF7D7FDB36A5A
S214006D2020461B6B29469B6A984704460348FFF794
S214006D306DFE204670BD4FF40174FAE7282F002040
S214006D40F0B50027BB6A0446B3F5804F0D461646DD
S214006D50ADF5337D20D21B6BB3F5804F1CD21048A7
S214006D60FFF7B4FDBB6A20461B6B40F2C1225B6A8C
S214006D7001A99847044630B10948FFF747FE204668
S214006D800DF5337DF0BD836A32461B6B2946DB6A00
S214006D9001A898470446EFE74FF40174EFE700BFF9
S214006DA0282F002010B50024A36AB3F5804F10D218
S214006DB01B6BB3F5804F0CD20748FFF787FDA36A1D
S214006DC01B6B1B6B984704460348FFF71FFE2046C5
S214006DD010BD0124FBE700BF282F0020F0B58FB0C0
S214006DE0044601A80E461546FFF7EEFE9DF80C3049
S214006DF0012B12D1B5F5402F27D8B4F5402F24D853
S214006E006319B3F5402F20D821462A46304613F0A2
S214006E1031FA002420460FB0F0BD0027BB6AB3F558
S214006E20804F15D21B6BB3F5804F11D20A48FFF77F
S214006E304DFDBB6A2A461B6B314620465B6B984766
S214006E4004460548FFF7E2FDE4E740F20244E1E7C6
S214006E5040F20114DEE700BF282F0020F0B58FB007
S214006E60044601A80E461546FFF7AEFE9DF80C3008
S214006E70012B1FD1B5F5402F06D8B4F5402F03D807
S214006E806319B3F5402F13D940F2024420460FB0E1
S214006E90F0BDE258013225D104339D42F9D82A4686
S214006EA0314620462CF0E4FC0028EDD00024EDE727
S214006EB00023F2E70027BB6AB3F5804F15D21B6BA1
S214006EC0B3F5804F11D20A48FFF700FDBB6A2A4689
S214006ED01B6B314620469B6B984704460448FFF7D9
S214006EE095FDD3E740F20344D0E740F20114CDE726
S214006EF0282F002070B58EB0044601A80D46FFF777
S214006F0063FE9DF80C30012B22D144EA0503C3F33F
S214006F100C03002B33D1B5F5402F04D940F20244C0
S214006F2020460EB070BDB4F5402FF7D82544B5F511
S214006F30402FF3D8204604F500542CF092FCAC42C7
S214006F4002D00028F6D1E9E70028E7D00024E7E7DA
S214006F500026B36AB3F5804F14D21B6BB3F5804F8F
S214006F6010D20A48FFF7B2FCB36A29461B6B2046CC
S214006F70DB6B984704460548FFF748FDD0E740F22C
S214006F800444CDE740F20114CAE700BF282F0020D2
S214006F90BFF34F8F0549064BCA6802F4E0621343FD
S214006FA0CB60BFF34F8F00BFFDE700BF00ED00E0F2
S214006FB00400FA0570B5D0B1C9B10E4E431E0139B2
S214006FC013F8014F2046325D02F00302012A11F841
S214006FD0012F08BF04F12000B55C05F00305012D64
S214006FE008BF2032801A01D1002CE9D170BD0120E3
S214006FF0FCE700BFB9A304000348044A0449121A78
S21400700092102CF081BC00BF34410000D04200003A
S2140070101C60002008B5154B83F30A8800F030F892
S214007020FFF7EAFF124B13498B4212D30020124B94
S21400703012498B4218D3FDF755FE186850F82240C7
S214007040586840F82240013298688242F5D30C33E3
S214007050EAE70022F8E71C6844F8220001325C6880
S214007060A242F8D30833E4E70022F8E7080000203D
S21400707078C8040084C8040084C8040084C80400D7
S214007080124B134A70B59A60D3F88820114D42F41B
S2140070907002C3F888206FF0010205F500542266DE
S2140070A041F2FF7262660222C3F8D020BFF34F8F10
S2140070B0BFF36F8F4FF44036032003F0E1FE03204A
S2140070C0E66003F0C1FE2E6170BD00BF00ED00E07B
S2140070D00040000000800044014B1860704700BF6D
S2140070E0E4620020054B1860054B1B6F03F0070396
S2140070F0032B01D134F09CBE704700BFEC62002029
S214007100008000502DE9F04104464FF001080C25A0
S2140071100D4E0CB9BDE8F08194FAA4F0B0FA80F0F8
S2140071200F2808FA00F2C8BF103824EA0204CABFC3
S21400713005FB006205FB0062B4325768002FE8D0FA
S2140071409168C0B2B847E4E7382F002008B50C486D
S21400715036F05AFE192003F085FE28B1192003F0F8
S2140071608FFE192003F070FE1A2003F07BFE28B174
S2140071701A2003F085FE1A2003F066FE002008BDE4
S214007180C07E04002DE9F0410E461746054618B3AA
S2140071900F2923D80378DBB1013BDBB2022B19D8C9
S2140071A0104AD35C6A78D340DB0717D50E4BD3F86A
S2140071B01043ACB936F08AFD80463A46284631463A
S2140071C002F0BEFB404636F07CFD2046BDE8F0816E
S2140071D07F23E7E70023E5E72224F6E72124F4E708
S2140071E00224F2E7B47C040000C0035010B5044645
S2140071F010B30378E3B1013BDBB2022B1AD8104A76
S214007200D35C6278D340DB0718D536F05FFD0122E9
S214007210617823788A4030214B4341F2100103F114
S214007220A04303F570335A5036F04BFD002010BDD6
S2140072307F23E6E70023E4E72220F8E72120F6E7AD
S214007240B47C040010B5044610B30378E3B1013BE8
S214007250DBB2022B1AD8104AD35C6278D340DB0725
S21400726018D536F033FD0122617823788A40302124
S2140072704B4342F2100103F1A04303F570335A501A
S21400728036F01FFD002010BD7F23E6E70023E4E76D
S2140072902220F8E72120F6E7B47C040038B50D4636
S2140072A0044618B311B30378E3B1013BDBB2022BFB
S2140072B01AD8104AD35C6278D340DB0718D536F06C
S2140072C005FD30222378534303F1A04303F57033C2
S2140072D05B696278D34003F001032B7036F0F1FC53
S2140072E0002038BD7F23E6E70023E4E72220F8E706
S2140072F02120F6E7B47C04002DE9F0410D46164641
S2140073009846044600284FD000294DD00178002921
S21400731040D04B1EDBB2022B3ED8254AD25C6378A7
S214007320DA40D20701D4FF2940D1022E01D9042E1B
S2140073303CD136F0CBFC23780746FF2B05D03246EF
S2140073402046296802F042FB28602B68013309D1E9
S2140073502378FF2B06D1174B6078D3F824142DF032
S21400736012F8286029684B1C18D00C23124A03FB1D
S2140073700122069BC2F8048093602378FF2B04D07A
S21400738001230E4A8B40C2F82434384636F099FC66
S214007390002007E07F22C2E70022C0E7384636F02A
S2140073A090FC2D20BDE8F0812220FBE72120F9E7A4
S2140073B0B47C040000C00350382F002000D00350D7
S2140073C008B502F0B3FA044B00F05530C3F82004B9
S2140073D0BDE80840FFF796BE00E0035008B502F08F
S2140073E0A5FA044B00F0AA30C3F82004BDE8084014
S2140073F0FFF788BE00E003502DE9F04F144605461F
S2140074000E469B46C36B87B001225B6902A9606883
S2140074109847EB6B01225B6903A93046984702A8A0
S2140074202CF071FE074648B10023A37563754FF034
S214007430FF33A360002007B0BDE8F08F03A82CF050
S2140074406FFE0123A375237E04EBC303DE611F8456
S2140074506368B3420ED1206003A82CF083FE4FF081
S214007460FF332075A360237D043B022B26D8002320
S214007470A375DFE723681A1A53425341A37503A87E
S2140074802CF070FE237D834218BFA77503A82CF04E
S2140074904BFE074602A82CF047FE874218BF002383
S2140074A003A818BFA3752CF047FE074602A82CF0C9
S2140074B043FE87421CBF0023A375D4E703A82CF025
S2140074C033FE80B1EB6B022230465B6904A9984715
S2140074D004A82CF038FE0346207D032839D8DFE8C0
S2140074E000F03838040903A8F3E7CC22237E04EB27
S2140074F0C3031A8401F06EFC109B187003A8277E45
S2140075002CF006FE04EBC70787F82200237E03A8AC
S21400751004EBC303B3F8209093F822702CF004FE1B
S214007520804603A82CF008FE8246B8F1000F15D05E
S214007530EB6B022230465B6904A9984704A82CF03E
S214007540C7FD6075637D6BB90023A3754FF0000817
S21400755038E0227E04EBC2021384CBE703A82CF0AB
S214007560A2FDEEE794F81680B8F1000FEED0B9F160
S214007570000F09D1DFB10123E375637E002B4FD1E5
S214007580012F42D1677614E06B6C06EB0A015A4273
S21400759086EA010010421CBF0022A2755A1E0A404D
S2140075A09B1A9945D0D8A37D002BE3D1CEE7E37D87
S2140075B043B94FF000084B465246314628462CF059
S2140075C0EDFAA060A27D12B123694B4423611A49EB
S2140075D0237E097899422AD901332376BBF1000F1E
S2140075E027D032B3E37D23B3B8F1000F21D1032FA8
S2140075F01FD0A1684B1C1CD0109B22460093284627
S2140076000123FFF7F9FEA07513E095F8343063B94F
S214007610EB6A0133CFD1032FCDD10123A376C8E780
S214007620012FCFD0032FC4D1F7E79846C3E7002336
S214007630A375A07DFFE600BFD87C04002DE9F04FBF
S2140076400E46984600238BB004464FF0FF31104696
S21400765017468DF8133001F0A7FBB6F5801F20D231
S214007660314605AA04F108002CF09FFC451C014693
S21400767003D1237CBBB92D2010E0384601F094FBE3
S2140076800122394620460DF113032CF0D9FA0028C2
S214007690EFD09DF8133088F8003000200BB0BDE81E
S2140076A0F08FB01CE5D1E56A691C36D12046616AC8
S2140076B02CF0BAF90546B31C18BF0123DFF8CC90AE
S2140076C00193636A626C0293236805A902FB053A7C
S2140076D0E36B05225B695046984705A82CF0AEFD83
S2140076E02CF0D1FD50462CF0D9FD4FF0000B824611
S2140076F001464B1C05D0636C81EA0A025B421342CA
S21400770011D0294620462CF08FF9029BAB422CD094
S214007710BBF1000F2CD10546D3E72368ED1A636C46
S214007720B5FBF3F5C7E7484601F03EFB0DF1130342
S21400773049462046019A2CF083FA034690B1B21CC3
S21400774003D0D9F80020B2420CD19DF81320039341
S2140077500D4B88F8002049461A68384612F08AFD14
S214007760039B9B46D9F80810C3E7BBF1000F82D0F5
S214007770B6F5801F91D2314698F800307A6804F149
S214007780080001F03FFA88E7D47C04001437002094
S2140077902DE9F3410446174698460E46184D816A71
S2140077A0E36A8B4201D04B1C02D102B0BDE8F081E7
S2140077B0284601F0F9FA0122294620460DF1070372
S2140077C02CF03EFA38B14346294620469DF807205D
S2140077D0B8470028E9D0A9684A1C04D16968204641
S2140077E02CF0AFF90146012EDAD16B6881EA03026C
S2140077F0636C5B421A4218BF4FF0FF31D0E700BF00
S214007800E83600202DE9F04F4FF0FF334FF6FF72B9
S2140078100025044600F10806C0E909238BB0C362C0
S21400782005620563304688462CF090FB20462CF017
S214007830CBF860BB204641462CF046F920462CF09B
S214007840C3F860BB5E200BB0BDE8F08F2368E26B28
S214007850606C576900FB0530052205A9B84705A8E6
S2140078602CF0ECFC012807460CD1294620462CF0CB
S214007870FCF8012F024600D10132294620462CF0A2
S214007880C2F803E02CF004FD0028EED10135E369D0
S2140078909D42DBD320462CF097F80028CAD000255E
S2140078A04FF0FF394FF6FF73CA46A846C4E908539F
S2140078B0E36998450AD3A5EB0905012D2CD84FF6A8
S2140078C0FF72636A93423CD16720BCE72368E26B91
S2140078D0606C576900FB0830052205A9B84705A863
S2140078E02CF0ACFC834605A82CF07FFC07465846D7
S2140078F02CF0C9FC68B1574538BFC4F82480B94598
S21400790028BFB946BD4238BF3D46BA46236A013352
S214007910236208F10108CBE74FF6FF730025636288
S214007920E3699D42CBD2676C2068E36B052207FBB8
S21400793005005B6905A9984705A82CF056FC01359B
S214007940EEE7E26B676C2068694607FB0300556943
S2140079500522A84768462CF048FC626A2368606CDB
S2140079604B4D00FB02302CF099FC4FF0FF33A06229
S214007970E3622A466FF00101204605ABFFF75EFE84
S214007980002846D1AD6829462046E5622BF0F8FF70
S214007990206320B92046E16A2CF0D3F8E06229463D
S2140079A020462CF0CEF80546A36A9D4233D12046E9
S2140079B02BF0B9FF00278046B946E36999453CD3CA
S2140079C0B84559D92046616A2CF02EF8002605469F
S2140079D004F1400AB74212D8626C2368694602FB7B
S2140079E00539E36B05225B694846984768462CF0E4
S2140079F0FCFB534602464946E06B2CF051FC2946F8
S214007A0020462CF011F80136B0450546E2D1642038
S214007A1019E7A56AB7E7294620462BF0B1FF236B86
S214007A20294603440746236320462CF08AF8054679
S214007A30002FB9D1C4E90B07B6E7636C25680522A9
S214007A4003FB0955E36B05A95B692846984705A81B
S214007A502CF0F4FB2CF017FC58B128462CF01EFC3A
S214007A60014620462BF08CFF636C143B984208BFFF
S214007A70013709F10109A0E730462CF067FA002328
S214007A8020461946034AFFF783FE0020DBE600BFC8
S214007A90403700202F3C03002DE9F041036B904651
S214007AA0826B07689A4288BF8363426C436A90B0D1
S214007AB002FB0377C36B0E46052201A95B690446E9
S214007AC03846984701A82CF0B9FB012801463070CB
S214007AD057D0656CE26B2368606AD2F814C005FB69
S214007AE00030052206A9E04706A82CF0A7FB0128CF
S214007AF04FF0000523D0D4E90A3201219342CDE9A4
S214007B000B458DF834800E958DF83C102AD1194619
S214007B1020462CF016F8236B626C14339B1AE06236
S214007B2023630C9B53B99DF83C303BB1626A616C91
S214007B302368E06B01FB02312CF038FB0C9DE36BF5
S214007B4005225B6901A93846984701A82CF076FB08
S214007B5030702846236BA26B9A4288BFA36310B08E
S214007B60BDE8F081237C33B91C490BAA04F1080058
S214007B7001F096F8D5E72046194A0BABFFF708FE4A
S214007B80CFE7237C23BB2246164904F1080001F008
S214007B9087F8616A20462BF068FF616A421C20461F
S214007BA02BF031FF054620B9236B626C1344143B5F
S214007BB023632046A16A2BF0C4FF2368A062C01A84
S214007BC0636CB0FBF3F0606220462BF0FDFFB6E777
S214007BD000232046044AFFF7DBFDDAE73D8300007A
S214007BE0B9820000C93C0300653C030073B50D462E
S214007BF0D11E4A421C461B7E4A419A4226D129681B
S214007C002368994222D3636899421FD8114E0DF11A
S214007C1007033246FFF712FDC0B972686B689A42D6
S214007C2014D19DF80730DA1E53425341227E934208
S214007C300CD1636901336361D4E90323934205D20F
S214007C402968A26842F8231001332361012002B09C
S214007C5070BD00BF403700202DE9F04F9B4689B02D
S214007C609DF848309046514A0193136907465B4594
S214007C700D46C0F09580D94653680093B9F1000FC1
S214007C807BD0FB6B01225B6905A90098984705A885
S214007C902CF046FA454B1B68984240F0848005A8B5
S214007CA02CF04AFA0428064615D105A82CF04BFA03
S214007CB0009B04461E44019B002B3ED1804512D9F2
S214007CC01C46A8EB0008384600992BF03AFFA9EBB3
S214007CD004090090D2E7FB6B02225B69009806A9B4
S214007CE0984706A8E2E7A0EB08045C4528BF5C4678
S214007CF0032C4644ABEB040B1DD9FB6B29463046E0
S214007D005B69A208984724F0030304F0030A1E44A4
S214007D101D44DDF80480BAF1000FD4D0FB6B0122BD
S214007D2006A930465B6998475246284606A912F0CF
S214007D30A1FA5544C7E7A246EBE7824600F00303E4
S214007D4002932B1803930644039BA6EB0A00A3EBAF
S214007D500A05029B9A4514D1BAF1000FB3D0FB6B0B
S214007D60012206A95B6998475246284606A912F0E2
S214007D703DFC0028DDD04FF03609484609B0BDE886
S214007D80F08FFB6B012206A95B6998470422284600
S214007D9006A912F02BFC0028EDD1AAF1040AD3E7BD
S214007DA04FF06309E9E74FF06F09E6E76C3700200C
S214007DB02DE9F0410F4616469846044688B060B353
S214007DC090F83450FDB101212BF0F3FD00210E9BFD
S214007DD0CDE90511CDE902379DF83C30CDF8048099
S214007DE08DF81C30237C04968BB90D4901AA04F14A
S214007DF0080000F055FFDDE90553E06B002E08BFD4
S214007E001D462BF06FFF284608B0BDE8F0812046DF
S214007E10044A01ABFFF7BCFCEDE70546F3E700BFFD
S214007E20933C0300ED7B00007FB590F8426004466B
S214007E3001920DF10B030A46304611492BF05AFF0A
S214007E40012E0546E36B17D132465B6903A99847B6
S214007E509DF80B10039B019A59B19BB243EA02436B
S214007E60012228460393E36B03A99B69984704B055
S214007E7070BD62F30F03F3E701229B6901A9F5E7E2
S214007E806C3700202DE9F04F99B00E460D920A6926
S214007E90416C0B931439D31DB3FBF1F3013302EBA2
S214007EA0C302036B04469342C0F001820023DFF84E
S214007EB004940893E36A48461946059300F074FF55
S214007EC0D6E9033707930B9B022B4DD1CC2F40F0FE
S214007ED0D7810D9B3BB1314620462BF061FF656C88
S214007EE01490012044E00120079B656C1B681493E6
S214007EF000F0010000280CBF04230823782F0E93FF
S214007F0049D8059A6B1E1340ED1A3B1D9D423CD284
S214007F10002F3DD0082D3ED80023042506934FF0B1
S214007F20040A336806990B98C9F80030C9F810702F
S214007F302CF01CF94FEA9A030F93059B89F814005E
S214007F400393002309930C9304930A93616C039B99
S214007F504A1E1A408B1A27B35544AB4223D8236BCC
S214007F605B1A134423632FE1782F656CB9D8F07D34
S214007F700D9B002BBCD0E36B01225B69706816A9D1
S214007F80984716A82CF0D0F8B4E700250695C6E763
S214007F9004250697C3E7012300254FF0080A069339
S214007FA0BFE75345DBD3A3EB0A029742039BB846D1
S214007FB028BF90469742534428D90122D9F810107A
S214007FC089F817208F4226D10399C9F80410049225
S214007FD099F817200AB399F818100398CA1C09EBE9
S214007FE0C202506004980131A2F80880907289F8A5
S214007FF01810B8F1000F07D00B9A022A40F08180C3
S214008000099A72B1012209929B46ABE0049A002AB3
S21400801018BF0322DBE70222D9E7039AC9F8042037
S214008020E7E70C9A4244032AEED9E26B18469569B4
S21400803014A901220993A847099B05460028E1D008
S2140080403D2D40F01E8104F1080303932368059A32
S214008050606CA2EB030ABAFBF0FA00FB0A302CF0C5
S2140080601DF9E16A804620462BF06BFDA26A82422B
S21400807000F00F81626CD9F80830511E0B40216B5E
S2140080802768891A0B442363089BE062DF1BB7FB53
S214008090F2F7BA4540F0FA80059BB3EB080A12D017
S2140080A0E36B4FEA9A0241469B6998478346E36A28
S2140080B0059A5344E362236B03989B1A4344236355
S2140080C02BF044FFDA462368616CE06B01FB073156
S2140080D02CF059F820462BF077FC20462BF074FD48
S2140080E02063BAF1000F00F0D4803269616CD31DB2
S2140080F01439B3FBF1F3013302EBC3029042A5D26D
S214008100BFE00D9A002A77D1B8F1030F4FEA980224
S2140081106ED9E16B18468D6907991093A847109B96
S2140081200546C0B918F0030515D0079A28F0030BCA
S21400813002EB0B019B444FF0FF3215A815922A461E
S214008140109312F097F8E26B5846956915A901222C
S214008150A8470546109B9B46079A42440792002D67
S21400816040F08B80049B16A80193069B009399F819
S21400817014204346316800F0CDFDE36B0F9A9B69EF
S214008180039816A99847039A051E089B18BF13461E
S214008190089343465246204603992BF0FFFC236B78
S2140081A008F10302A3EB0A0322F003029B1AC9F8A4
S2140081B008002363002D7FF443AF0C9BA7EB080752
S2140081C043440C93CDF80CB0204603992BF0B9FC31
S2140081D000250390002F7FF4B9AE364A31689368C5
S2140081E004F10800E36252680B9B00F00BFD49E0C7
S2140081F09B46454607999EE79B4606F1200210924D
S214008200F27D7068A2B1002296F818C00A99D5B21D
S214008210AC4511D9109D02F1010E35F832508D4251
S21400822028D90E9806EBC2020144D069084403E040
S2140082300E9A0A990A441044E26B15A95569012260
S2140082401193A847159A0A9B1392E26B043395691B
S2140082505846012213A90A93A847119B054603EB2B
S2140082600802A2EB0B02042A7FF679AF28B90BF1BD
S214008270040BC5E77246491BC9E7CDF820B088E76E
S21400828070252F46384619B0BDE8F08F4FF0000A2B
S21400829019E73269616CD31D1439B3FBF1F301336E
S2140082A002EBC302236B9342BFF404AEE9E71C273C
S2140082B0E8E700BF14370020032A2DE9F3410646FD
S2140082C00D4617461C4606D1237A012B23D00120E3
S2140082D002B0BDE8F081DFF86080096842460DF123
S2140082E00703FFF7ABF960600028EDD19DF8072083
S2140082F0237A032AE8D0D8F804106A689142E3D1BA
S214008300012B2969D4F80CC007D172690CEB010364
S214008310934202D92074207CDAE708316144E16098
S2140083203B46012229463046FFF7ACFD6060002838
S214008330CAD00020CCE700BF403700202DE9F3412B
S214008340089C032A1746266806D1237A012B24D0D8
S214008350012002B0BDE8F081DFF89080304642464A
S2140083600DF10703FFF76AF960600028EDD1256874
S214008370D8F80400A96AD5F844C04840CCF10003F8
S2140083801840227AE1D1012A09D1E268D8F81030E3
S21400839013447269934202D92074207CD9E7286876
S2140083A0EB6A1B1A081AB3FBFCF3B0FBFCF0834223
S2140083B00BD1706CF36A421E1340326B121A1344D0
S2140083C0284633632BF0BDFBE862D8F81020E3683C
S2140083D008321344E36001223B4604492068FFF755
S2140083E051FD60600028B0D00020B2E74037002082
S2140083F02DE9F0410025604B0E46D3F80080044678
S2140084001D6018B921252846BDE8F08190F8347023
S21400841007B30A6803689A4240F0A3804A68436834
S2140084209A4240F09E808A6883689A4240F099801B
S214008430CA68C3689A4240F094800A6943699A42BF
S21400844040F08F808A69C36B9A4240F08A804B69FD
S2140084508361D8E768223946856B11F07BFDD6E943
S2140084600212336804F1080023607368A563636032
S214008470336963617369A3612BF07AFDB36904F114
S2140084804000E3639B68984720B9676C17B1636840
S214008490B3FBF7F794F84330E761002BB2D0002324
S2140084A0656C2366002D64D0002F62D02368B3FB72
S2140084B0F5F205FB1233002B55D16668B6FBF5F3D3
S2140084C005FB1363002B4ED120462BF049FAA36917
S2140084D0043303449E4248D340F634726369CC3B6F
S2140084E0934244D8B5F5805F43D3032120462BF052
S2140084F060FAD4E90001E36B1B6898470546E36B16
S2140085000220DB689847CDB941462046FFF77AF946
S2140085106428054604D141462046FFF773F9054610
S214008520666C5DB9236A2046143E5E432BF018FA4B
S214008530A369043303449E4238BF5A25002D0CBF5E
S2140085400123002384F8343007D1D4E900010B4A14
S2140085501368013313602BF0A5FDE06B2BF0C2FB14
S21400856051E75D254FE759254DE75A254BE75F252F
S21400857049E75B2547E700BFA4300020A030002075
S2140085802DE9FF410C4616461F46054680B390F877
S21400859034307BB3B1F5801F2ED2DFF86080012126
S2140085A02BF007FA2146424628460DF10F03FFF747
S2140085B045F8044670B99DF80F30012B11D1D8F854
S2140085C01030BB4212D10246009031462846FFF7D3
S2140085D043FB0446E86B2BF085FB204604B0BDE861
S2140085E0F081022B14BF2D246024F3E76324F1E707
S2140085F02124F2E71124F0E72924EEE76C37002067
S2140086002DE9F04385B00C4617461E460546DDF8B4
S214008610308098B390F8343093B3B1F5801F31D2E0
S214008620DFF8649001212BF0C4F921464A4628461B
S2140086300DF10F03FFF702F8044688B99DF80F30D6
S214008640012B14D1D9F8102006EB08039A4213D355
S21400865000904346324639462846FFF7FDFA044660
S214008660E86B2BF03FFB204605B0BDE8F083022BFD
S21400867014BF2D246024F3E76324F1E72124F2E7F6
S2140086801124F0E72924EEE76C37002073B50C467A
S2140086901646054630B390F834302BB3B1F5801F3C
S2140086A024D201212BF085F921462846104A0DF1E7
S2140086B00703FEF7C3FF044680B99DF80730032B77
S2140086C00CD0022B0CD1284609492BF069FB3060F0
S2140086D0E86B2BF007FB204602B070BD2D24F7E7B1
S2140086E06124F5E72124F6E71124F4E72924F2E7CC
S2140086F06C3700202DE9F3411E4600230C46174632
S2140087000546336050B390F834304BB3B1F5801F54
S21400871028D2DFF8548001212BF04BF9214642463F
S21400872028460DF10703FEF789FF0446A0B99DF819
S2140087300730032B10D0022B03BF01233B6004231A
S214008740D8F8103018BF38603360E86B2BF0CAFAE0
S214008750204602B0BDE8F0812D24F6E72124F7E795
S2140087601124F5E72924F3E76C37002073B5044697
S214008770056B2BF0F5F8636E03449D422CBF002377
S2140087800123854294BF00252D1A207C84F85030A2
S214008790656584F85800A8B100230C4E1A461946A1
S2140087A0204600962BF0C0FB002305461A461946C5
S2140087B0204600962BF0C1FBE3682844984294BFFD
S2140087C00020C01AE06502B070BD00BFFFFF0F00BA
S2140087D02DE9F3471E4643690446B34288461746CA
S2140087E09DF828904ED300258DF8075020462BF094
S2140087F0B7F8D4F830A082450AD2236AB5EB430F07
S21400880006D2002220460DF10701FFF745F9B8B35E
S2140088109DF80730012B05D1002220460DF10701F7
S214008820FFF73AF9B9F1030F06D0314620462BF090
S21400883087F8256B854227D3144D4FF0FF31284625
S21400884000F0B2FA4B46294600222046C5E90376D8
S214008850C5F80080FFF716FB236E054663B1204679
S214008860FFF784FF94F8503013B994F858301BB1D2
S214008870236E04F150009847284602B0BDE8F08702
S2140088800135B3E76225F7E71C25F5E740370020FA
S2140088902DE9FF410F4690461E46054698B390F8D0
S2140088A0343093B3B1F5801F31D21A4C02212BF02D
S2140088B080F82246394628460DF10F03FEF7BEFE25
S2140088C0024678B10123424600933946334628468D
S2140088D0FFF77EFF0446E86B2BF004FA204604B050
S2140088E0BDE8F0819DF80F30012BEBD12169B14234
S2140088F0E8D10093414633462846FFF7ADF90446D3
S2140089000028DFD1E7E72124E8E71124E6E7292459
S214008910E4E700BF6C3700202DE9F04790F84230BE
S21400892086B0012B05460391A1EB020740F0AA8012
S214008930FF2F03D81E464FF0640807E00226012BDF
S21400894014BF4FF032084FF06408013600244FF68B
S214008950FF79DFF844A195F84230012B14BF32238B
S21400896064239C4202D35FFA88F40DE005AB2246EE
S214008970514628462BF0F2F995F84230012B059B1C
S21400898034D14B452DD1E4B295F84230012B14BFBB
S21400899032226422121BB24217D3012E39D1002292
S2140089A0012B05978DF8132027D1082205A90DF174
S2140089B013002BF08FFC9DF81330059A42EA032231
S2140089C021462846FFF730FA40B102233249009389
S2140089D02846CC23096803AAFFF7FAFE06B0BDE8CE
S2140089E0F087DBB203B902340134B4E7591CCAD0AD
S2140089F09BB2002BF8D10134F6E7102205A90DF141
S214008A0013002BF067FC9DF81330059A42EA0342E8
S214008A10D6E7039A012B059223D10823202205A925
S214008A200DF113008DF813302BF054FC9DF8132035
S214008A30120221462846FFF7F7F995F84230611CE6
S214008A40012BC9B21AD10028BFD12846BDF8142080
S214008A50FFF7EAF90028B8D10234BDF81620E1B2D3
S214008A60AFE71023202205A90DF113008DF813306F
S214008A702BF030FC9DF813201204DAE70028A4D16E
S214008A80059A9EE7B7F5803F4FF00106BFF457AF53
S214008A904FF032085AE700BF6C37002070B586B03A
S214008AA00E4605460392A0B390F834309BB3B1F55A
S214008AB0801F32D202212AF07CFF31462846184A0F
S214008AC00DF11703FEF7BAFD044618B99DF81730E6
S214008AD0032B0ED10223314600932846CC2303AA4B
S214008AE0FFF776FE0446E86B2BF0FCF8204606B04F
S214008AF070BD022B0BD10A4928462BF051F9039979
S214008B0002468142EFD02846FFF706FFEAE76124D7
S214008B10E9E72124EAE71124E8E72924E6E700BF8D
S214008B206C370020F7B50C461646054668B390F835
S214008B30343063B3B1F5801F2BD202212AF039FFFF
S214008B4021462846144A0DF10703FEF777FDC0B903
S214008B509DF80730032B14D0022B14D10E4928465B
S214008B602BF01EF9471C024639462846FFF7D4FE6E
S214008B70044606B13760E86B2BF0B4F8204603B025
S214008B80F0BD2D24F7E76124F5E72124F6E711244C
S214008B90F4E72924F2E700BF6C37002030B50C4616
S214008BA0054685B028B390F8343023B3B1F5801F5E
S214008BB023D202212AF0FDFE0DF10F03214628469E
S214008BC00F4AFEF73BFD034688B99DF80F20032A9F
S214008BD00DD003222146009202462846FFF7F8FDF4
S214008BE00446E86B2BF07EF8204605B030BD2D24F9
S214008BF0F7E72124F8E71124F6E72924F4E700BF75
S214008C006C3700202DE9F043466886B30568984621
S214008C104FF0000CA946AE4655F83C400CF1010C4E
S214008C20C4F31307013401D0B94217D0B4450EF18E
S214008C30080EF1D12F46002403E0B44207F10807DE
S214008C4012D055F8343001340133F6D1C1F3130194
S214008C5041EA0851C7E90012BDE8F08341EA08512D
S214008C60CEE90012BDE8F083B8F1030F03D101236B
S214008C700372BDE8F083002303E0B34209F108095C
S214008C80F5D055F833400133C4F30754032CF4D120
S214008C90C1F3130343EA0853C9E90032BDE8F08381
S214008CA02DE9F0410646406882B0B8B10F469046BE
S214008CB00024336853F8345003EBC403C5F307525B
S214008CC0C5F31301013506D05B683046CDF8008049
S214008CD0B84718B1706801348442EAD302B0BDE8E0
S214008CE0F08100BF024B1968024B1868FFF780BB83
S214008CF0F06200201063002008B534F0DAFF014B64
S214008D00186008BD98370020014B186834F0CCBFB7
S214008D109837002073B504462248012A00EAC1119C
S214008D209DF8185023F07C4007D9961E012E28D9AE
S214008D30073303F07F03194308E09DF81C300A430D
S214008D40DB0603F0C053134343F060410023C4E93D
S214008D5000108DF80730B5B1202221460DF107002E
S214008D602BF0B8FA1A220DF10700211D2BF0B2FAEB
S214008D70082063689DF8072043EA8263636002B0B8
S214008D8070BD1143E2E71B220DF1070021462BF0D0
S214008D90A1FA23689DF80720042043EAC2632360F3
S214008DA0EDE700BF80FFFF0738B5094B0D461A6890
S214008DB00021044611F0CEF800234FF0FF32238343
S214008DC0C4E900252361A260E382A37638BD00BF14
S214008DD0D47C04000138C0B205289ABF014B185C49
S214008DE001207047D97C04002DE9F041074615465E
S214008DF000240E46596888B0490A012922464FEADF
S214008E00510104F10104F8D8DC78997824031B8812
S214008E10C90201F4006104F480540C43C3F30A034E
S214008E205203234492B24FF000089C18274B6FEA77
S214008E300444039325F07843ED4302A90DF107009F
S214008E401B2202938DF807802BF044FA9DF807202A
S214008E50029B02A943EAC2630DF107001B2225F01C
S214008E607845049302958DF807802BF033FA9DF829
S214008E700720029B6FEA144443EAC26305934FF04F
S214008E80FF330794069307A9BB69012206F1100079
S214008E909847BB6905A90446012206F108009847D1
S214008EA0BB69404518BF044604A90122301D9847F7
S214008EB00122404518BF0446BB69304603A99847BF
S214008EC0404508BF204608B0BDE8F08101009AB2D0
S214008ED038B5104B0546D3F800310C4603F00303B3
S214008EE0022B0BD0032B0DD0012B0FD132F0BAFF83
S214008EF0032305B1286004B1236038BD32F0FCFFBF
S214008F000723F6E734F0E8FE0623F2E70123002005
S214008F10EFE700BF0080005038B5134B0546D3F886
S214008F2020010C4600F0070004281AD8DFE800F0FD
S214008F3003090D111500012305B1286004B1236053
S214008F4038BD32F055FF0423F6E732F08BFF0323DB
S214008F50F2E732F08DFF0523EEE732F07FFF0223C3
S214008F60EAE700231846E7E70080005038B5104BC4
S214008F700546D3F840310C4603F00303022B0BD012
S214008F80032B0DD0012B0FD134F0A8FE082305B11A
S214008F90286004B1236038BD32F0AEFF0723F6E741
S214008FA034F09FFE0923F2E701230020EFE700BF1D
S214008FB00080005038B5104B0546D3F860310C469B
S214008FC003F00303022B0BD0032B0DD0012B0FD184
S214008FD034F084FE082305B1286004B1236038BD50
S214008FE032F08AFF0723F6E734F07BFE0923F2E728
S214008FF001230020EFE700BF0080005041F67132E9
S21400900010B5104C104BA04294BF00240124D9691F
S214009010DA639A6801F4803122F4401242EA04527C
S2140090209A600A4A90420A4AD2F818028CBF40F068
S214009030020020F00200C2F8180209B10022DA632A
S21400904010BD00BF005A62020000035080F0FA0212
S21400905000C007502E4B98424AD022D82D4B98423B
S21400906040D014D82C4B984239D00AD82B4B984273
S21400907032D02B4B98422FD02A4B98422CD000202F
S2140090807047294B9842FAD1284B186F7047284BE7
S21400909098422AD0274B9842F1D1244BD3F880002F
S2140090A07047254B98422BD009D8244B984223D0A2
S2140090B0234B9842E3D11D4BD3F88C007047214BCD
S2140090C0984221D003F5740303F510539842D6D185
S2140090D0164BD3F898007047144B986D7047134B97
S2140090E0586E7047114B586F7047104B986F70470B
S2140090F00E4BD3F8840070470C4BD3F888007047AB
S2140091000A4BD3F890007047084BD3F8940070478A
S2140091100048E8010024F400C0CF6A0080841E00E6
S21400912000093D0040420F00405DC6000080E00F91
S214009130C0EA210180BA8C01007E560380D5430226
S214009140006CDC020090D00337B50C460021114BB2
S2140091500191D3F88031054603F00303022B0ED0AD
S214009160032B11D0012B03D101A8FFF7D5FE0D214B
S2140091700DB1019B2B6004B1216003B030BD32F00D
S21400918077FE05210190F3E732F068FE0221019098
S214009190EEE700BF0080005038B5104B0546D3F808
S2140091A040320C4603F00303022B0BD0032B0DD0EA
S2140091B0012B0FD134F092FD082305B1286004B1CD
S2140091C0236038BD32F098FE0723F6E734F089FDB9
S2140091D00923F2E700231846EFE700BF008000509F
S2140091E038B5144B0546D3F800020C4600F00700CD
S2140091F004281BD8DFE800F003090D111500012331
S21400920005B1286004B1236038BD34F067FD08233B
S214009210F6E732F071FE0723F2E734F062FD092329
S214009220EEE732F005FE0C23800AE9E70023184635
S214009230E6E700BF0080005038B5144B0546D3F86B
S21400924008020C4600F0070004281BD8DFE800F0F0
S21400925003090D111500012305B1286004B1236030
S21400926038BD34F03BFD0823F6E732F045FE072311
S214009270F2E734F036FD0923EEE732F0D9FD0C2391
S214009280800AE9E700231846E6E700BF00800050A2
S214009290032814D005D8012805D0022809D00020BC
S2140092A005E00F28FBD1084B186FC0F301300130E2
S2140092B07047054BD3F89000C0F30460F7E7024B05
S2140092C0186FC0F38020F2E7008000501FB500231F
S2140092D00193252817D8DFE800F0131A1D272C362F
S2140092E03B51565B60656A78161A401616561A2762
S2140092F02C27361A5127783B3B3B3B2727275B60BA
S21400930032F07CFD0190019805B05DF804FB32F068
S2140093108FFDF7E732F072FD02460220FFF7B8FF36
S214009320B2FBF0F20192EEE732F082FD0246032035
S214009330F4E732F07DFD02460320FFF7A9FFB2FBFB
S214009340F0F25208EEE7002101A8FFF7FDFEDAE78B
S214009350002101A8FFF7E0FDD5E702934FF0E023D8
S2140093601B695B0705D532F063FD0290029B0193F3
S214009370C9E703A902A8FFF7F9FDF7E7002101A84E
S214009380FFF7F4FDBFE7002101A8FFF713FEBAE7D9
S214009390002101A8FFF724FFB5E7002101A8FFF789
S2140093A04BFFB0E7002101A8FFF792FDABE7094BA2
S2140093B0D3F8803003F00303022BA8D0032B01D090
S2140093C000209FE732F054FD9CE7002101A8FFF73C
S2140093D0E3FE98E70080005008B50120FFF776FF0F
S2140093E0BDE808400349884294BF012102210320BA
S2140093F000F002B880F0FA02032810B50C4627D019
S21400940004D8012804D0022817D010BD0F28FCD19C
S2140094102AF07EFF2AF084FF124A013C136F23F4E1
S214009420405343EA0433136732F002FD0021FFF78E
S214009430E5FDBDE81040FFF7CFBF0A4A4C1ED2F844
S214009440903023F0F85343EA0463C2F89030DCE728
S214009450044A4C1E136F23F4806343EA8423136785
S214009460D3E700BF008000501FB5002301932528D6
S21400947021D8DFE800F013202020202A2F454A4F6D
S21400948054595E7120203420204A202020202A2093
S2140094904520712F2F2F2F2020204F54314B1B6F2C
S2140094A003F00703013B032B05D8DFE803F00C02AB
S2140094B0080A04230193019805B05DF804FB032312
S2140094C0F8E70623F6E70223F4E7002001A9FFF7F2
S2140094D03BFEF0E7002001A9FFF71EFDEBE7029335
S2140094E04FF0E0231B695B0705D532F0A1FC0B2388
S2140094F00393039BDEE703A902A8FFF737FDF8E70F
S214009500002001A9FFF732FDD5E7002001A9FFF7EB
S21400951051FDD0E7002001A9FFF762FECBE700204F
S21400952001A9FFF789FEC6E7002001A9FFF7D0FCD6
S214009530C1E70C4BD3F8803003F00303022B03D0B3
S214009540032B05D00023B5E732F072FC0B23B1E7FE
S21400955032F08EFC0523ADE7002001A9FFF71CFEC4
S214009560A9E700BF0080005008B50320FFF790FE73
S214009570034B18702AF0CCFEBDE808402AF0D0BE97
S214009580D758002010B5044632F052FC0021FFF7F1
S21400959035FD1CB1BDE81040FFF71EBF034B03208E
S2140095A0BDE810401978FFF727BF00BFD758002046
S2140095B038B50546FFF74EFD204B04465A68012A8B
S2140095C004D11F494A609A699207FCD10020FFF730
S2140095D04BFF042803D12AF09BFE2AF0A1FE194A6D
S2140095E024F0407395421FD0174A95421FD0174A61
S2140095F0D16811F0060FFBD19068936091684B40DC
S21400960013F4F81F16D12846FDF766FD0020FFF775
S2140096102BFF042810D132F00BFC0021FFF7EEFCE4
S214009620BDE83840FFF7D8BE43F00073DFE743F0ED
S2140096308073DCE79060E9E738BD00BF00C00150EA
S21400964000E0015040420F0080841E0000000150E0
S21400965070B504460020FFF707FF03287CD045F6C8
S2140096600E030221414AC2F88030414B9962012123
S21400967003F580539962936DD903FCD4D4E90013A3
S2140096801B0543EA0163E17B94F823500B43217BDF
S21400969043EA0143617B43EA0133A17B43EA81133A
S2140096A013619169D4E904031B0643EA806301F061
S2140096B000410B43A17EE07E0B43217E43EA01433B
S2140096C0617E43EA01239361E169136A002923F06E
S2140096D00D0343EA010314BF0121002143EA80037E
S2140096E043EAC103136294F8203094F82200916A8A
S2140096F04FEA431331D194F8216021F0330143EA55
S21400970006130B4343F0010393621A49174A936DFD
S21400971031EA0303FBD10221154B9962936D5B007E
S214009720FCD41369A16823F4700343EA0153136160
S2140097304FF000420E4B9A6118B9022203F580538F
S2140097409A6215B901220C4B9A6294F824301BB128
S214009750064B0A4AC3F8802070BD21F03301294326
S2140097600B4343EA40039362EFE700BF00C000509C
S21400977000D000500300014000E00050F1A7FFFFBA
S214009780014B93F900007047D8580020014B188011
S214009790704700BF386800200C4A10B513690446AD
S2140097A043F00403136132F0B3FE2AF0BDFD084B0C
S2140097B0084AC3F8202430BF2AF0B7FD01F0E2FEC5
S2140097C01CB9BDE8104032F033BB10BD00ED00E020
S2140097D000E003500000FFFF034A0179D36E23F038
S2140097E030030B43D36670470040005041F6713299
S2140097F0034BDA63012203F50053DA60704700BFBB
S2140098000000035041F671320121044BDA6303F580
S2140098100052D1600022DA63704700BF0000035098
S214009820044B1868421C02BF034AD2F89400186022
S214009830704700BF1463002000400050CB784A7881
S21400984010B55B010C7843EA82030A79234343EAA6
S21400985002130C22424302F1B0421363012C02BFF2
S2140098608A78024B43F8202010BD00BFD0800350FA
S21400987008B54FF0B0435A6802B960B15B680BB1E7
S2140098802AF05CFD4FF0B04130B10120074B586024
S2140098902AF054FDC86008BD2AF050FD0223CB60B4
S2140098A02AF04CFD0122024B5A60F4E700100058E3
S2140098B0002000584FF0B0414B6810B50BB12AF0AD
S2140098C03DFD01220B4BC4785A608378934043EAEF
S2140098D0840344782343047943EA0413447943EA2F
S2140098E0C4038B60044B5A600378C3F10203CB6059
S2140098F010BD00BF0020005800100058054B5B69E3
S214009900C3F38512827003F03F021B0B4270037094
S214009910704700BF00C007500120034B9B680A3306
S21400992003F01F03984070470080E00F034BD3F806
S2140099302424D3F820041040704700BF00C0035012
S2140099402DE9F8431E4B0546D3F810334B1E0E2B5D
S2140099500E46174690F8009044781DD909B34FF08C
S21400996000082846D7B134F0BFF909EB4903072CA5
S2140099704FF00F014FEA031315D8A400114808FA58
S21400998004F2A14018442AF0E1FCBEB928468FB183
S214009990BDE8F84334F0A8B98846E2E72AF0E5FCCB
S2140099A0E3E78846E1E7083CA400074808FA04F223
S2140099B0A140E7E7BDE8F8432AF0D7BCBDE8F88346
S2140099C000C0035004C003500CC003502DE9F04102
S2140099D0204B1646D3F810234A1C05460C46407802
S2140099E004D1D3F824142AF0CEFC0446002C2EDB37
S2140099F0072C14DC03274FEA84082A7807FA08F7AE
S214009A003946154802FA08F22AF0A0FC6A78394668
S214009A1002F00302114802FA08F22AF097FC01232A
S214009A2016F0050F0E4A18BF0E4903FA04F30CBFD2
S214009A30C2F81034C1F8103416F0060F18BF094AE1
S214009A40C2F814340123064AA340C2F82034204644
S214009A50BDE8F08100C0035000C4035008C40350A2
S214009A6000E0035000D0035070B504462FF0E0F835
S214009A70064630B90FCC044D0FC594E80F0085E8B4
S214009A800F00304670BD00BF9C37002047F6FF73BE
S214009A909A42F0B570D0022970D8394B5B5C022B25
S214009AA06CD8384DDE0005EBC304A77815F83330C4
S214009AB0012F394638BF0121012B16D1E078401A14
S214009AC00021884205D8012F2CBFC0190130C0B232
S214009AD0F0BD431A6568A0EB530335F91350954261
S214009AE0D4BF194603F1FF30EBE760680028EFD0DB
S214009AF0B0F90040944204DBB0F902409442B8BF8B
S214009B00144683883544FF2B19BFC8232827B0F98D
S214009B100630B0F90870A3EB04030CBF0122002244
S214009B2093FBF7F36E7813441BB29E4201DD002BC5
S214009B3001DA731E1BB24FF47A7C00EBC305EA8889
S214009B40AD685F1C14FB02521D4622EAE2723BB26D
S214009B505C329E42B2FBFCF204DD00EBC307BF881A
S214009B609742EAD200EBC5039888904228BF104679
S214009B70884238BF0846AAE7FF20A9E70020A7E7E3
S214009B80DF7C04009C3700200229F0B560D8314BFA
S214009B90595C02295CD8304B13F83100012816D1E5
S214009BA003EBC1039C78D878012C214638BF0121ED
S214009BB0904294BFC1EB0001C1EB0201001BCAB288
S214009BC08242C8BF00225B6833F91200F0BD002A4B
S214009BD03CD003EBC1035968002939D098789042ED
S214009BE002D3B1F90200F1E7DC78B1F90000944243
S214009BF0ECD95C788B88013CA3F1FF06734201F137
S214009C000405E4B2734101F10C07DEB2B44216D883
S214009C1005EBC3034FF47A756A43B3F902405B68F9
S214009C20D21A04EBD47302EB630292FBF4F2904276
S214009C30CCDBB1F902009042C8DC10B2C6E737F8B8
S214009C4033C05E1C9445E3D33346DEE70348BDE7E6
S214009C500348BBE7DF7C04009C3700200CFEFFFFB8
S214009C600080FFFF08B50448FFF7FEFEBDE8084089
S214009C7001202EF0E3BF00BFE47C04007FB5142271
S214009C80002101A810F066F9044B01A94FF0FF303F
S214009C9002932FF019F807B05DF804FB006A18006D
S214009CA02DE9F0418CB08846DDE912761D46044663
S214009CB0002847D0002945D0002F43D0002E41D0A1
S214009CC013F00F033ED120482049A360002A08BFA6
S214009CD001462362C4E90013404609A92AF0E5FBC1
S214009CE068BB2046099934F05AF82946204634F0D5
S214009CF056F8694640462AF067FC00BB694620468F
S214009D002AF092FC404603A92AF069FCB8B920461E
S214009D1003A92AF089FC06970127204645F000553E
S214009D2006A9079708952AF07FFC204609A90996F8
S214009D300A970B9534F059F8204634F013F80CB017
S214009D40BDE8F0812120FAE70001000400010104CB
S214009D502DE9F04F97B0894690461F460546DDF838
S214009D6080A0002800F0BB80002900F0B8803AB13F
S214009D70229B002B00F0B380239B002B00F0AF80CB
S214009D80BAF1000F00F0AB80219B002B00F0A780FB
S214009D9067B13C680026229B43440293464507D39E
S214009DA007B13C60002017B0BDE8F08F3C46F1E7F5
S214009DB05CB1229B219A9B5D125D01345340239A2D
S214009DC004F00F0493550136E8E7A8EB060BBBF149
S214009DD00F0F58D9434B4846C5E90034AC602C6297
S214009DE013A92AF062FB0028DDD1284613992BF030
S214009DF00F0B33F0D4FF5946284633F0D0FF4846C1
S214009E0004A92AF0E1FB0028CDD1284604A92AF0AF
S214009E100BFC484607A92AF0E2FB0028C3D12846D7
S214009E2007A92AF001FC012322992F4ACDF828A081
S214009E300B930C928A190D9228464BF000520AA9F1
S214009E400E9303920F922AF0EFFB28460DA92AF0F4
S214009E50EBFB239B039A99190123109111931292FD
S214009E60214A284610A9CDF84CA01493159233F039
S214009E70BCFF284613A933F0B8FF284633F072FF1C
S214009E805E4400288FD1229B03EB060B239B1E44C7
S214009E90029B9B4501D1464680E7ACB9219B2246F2
S214009EA0CDE900A3494610232846FFF7F9FE00280F
S214009EB07FF479AF0AF1100212F8013D0133DBB2EC
S214009EC013700BB95245F7D1219A1BF8013B125D6E
S214009ED00134534006F8013B04F00F04D8E7212074
S214009EE061E700BF03030004100000207FB50E46A4
S214009EF01D460446F0B102B9E3B90123019202936C
S214009F0045F00053039300230B4AA360C4E90023E3
S214009F102362204601A92AF087FB3146204633F00B
S214009F203EFF2046294633F03AFF204633F01AFF1C
S214009F3004B070BD2120FBE700000943084B98429F
S214009F4002D0084B984207D10B88B3F5105F14BFB8
S214009F506FF08500002070476FF08500704700BFE7
S214009F60004440040013C0041038102808D8064BDC
S214009F70C34013F0010F0CBF6FF08600002070473F
S214009F806FF08600704700BF010101002DE9F04F19
S214009F90A7B008AFCDE90501DDE93295DDE9346A01
S214009FA000210792384610229846DDF8D8B00FF008
S214009FB0D1FF102200210CA80FF0CCFF069B2BB976
S214009FC06FF08604204627B0BDE8F08F079B002B75
S214009FD0F6D0B9F1000F01D1002DF1D1309B13B9A5
S214009FE0319B002BECD116B9BAF1000FE8D1BBF1CA
S214009FF0000FE5D040460599FFF7A0FF044600286D
S21400A000E0D1014628221CA80FF0A4FF20222146FA
S21400A01014A80FF09FFF1CA833F0B7FE002840F0EE
S21400A020AF80DDE90612059814AB2AF049FB04461A
S21400A0300028C7D11498FFF797FF04460028C1D11F
S21400A04015B9CBF80000BDE7B14518D209EB0503FA
S21400A0509E4214D25545B3D82A46494630460FF09C
S21400A060CBFF554B984526D006D3544B984524D065
S21400A07003F54073984520D06FF08504A2E74F4B58
S21400A08098451BD003F54073984517D04A4B984522
S21400A090F2D1554594D815F00F0291D12B46CDE953
S21400A0A0009614A91CA8FFF7FBFD814600285CD18A
S21400A0B0CBF8005086E7B146EDE7B1461022002106
S21400A0C010A80FF047FF55453FF67AAF3C4B984532
S21400A0D0319B39D10D2B7FF473AF01238DF84030BF
S21400A0E0309B0DF1410203F10C0153F8040B8B4237
S21400A0F042F8040BF9D11B78137001238DF84F300A
S21400A10015F00F0842D025F00F034B440DF1300C2C
S21400A11003F1100E624618685968083303C2734587
S21400A1209446F7D10F2D33D825F00F03334403930D
S21400A1300CABCDE9017310AB00934246002314A983
S21400A1401CA8FFF705FEB0E7102B7FF439AF309B55
S21400A15010AA03F1100E9446186859680833ACE844
S21400A160030073456246F6D1CAE7524600213046E0
S21400A1700FF0F0FE0023B9F1010FCBF8003002D04B
S21400A1806FF092041EE76FF08B041BE70F2D8FD93C
S21400A19010ABCDE9029600930197002325F00F023D
S21400A1A014A91CA8FFF7D4FD81460028DDD1B8F11C
S21400A1B0000F3FF47DAFB7E7004440040010C00432
S21400A1C00013C0042DE9F04F8A46A1B00021DDE956
S21400A1D02A56DDE92C790590934606A81022984663
S21400A1E00FF0B8FE102200210AA80FF0B3FEBAF155
S21400A1F0000F05D16FF08604204621B0BDE8F08F31
S21400A200BBF1000FF6D00DB9002EF3D117B9B9F196
S21400A210000FEFD12E9B002BECD040460599FFF7A0
S21400A2208DFE04460028E7D10146282216A80FF026
S21400A23091FE202221460EA80FF08CFE16A833F0C1
S21400A240A4FD002854D15A46514605980EAB2AF074
S21400A25037FA04460028CFD10E98FFF785FE04464D
S21400A2600028C9D116B92E9B1860C5E7BD4216D284
S21400A270AB199F4213D24E45BCD8324629463846C3
S21400A2800FF0BAFE3A4B98455BD003F540739845FD
S21400A29031D0384B984511D06FF08504ACE7344B7D
S21400A2A098454FD003F54073984525D0314B9845D7
S21400A2B0F2D14E4503D96FF089049DE73D4633073A
S21400A2C098D133460122CDE900570EA916A8FFF70C
S21400A2D0E7FC2E9B05461E6000288DD04A460021CE
S21400A2E038460FF037FE00232E9A012D13603BD020
S21400A2F06FF0920480E73D460D3E4E45DBD80123C5
S21400A3008DF828302B460DF1290205F10C0153F883
S21400A310040B8B4242F8040BF9D11B780D351370F1
S21400A3204FF48073ADF8363006AB01930AAB00935A
S21400A33032460023CDE902570EA916A8FFF708FDFE
S21400A340C7E73D46103E4E45B5D82B460DF1280CC6
S21400A35005F1100E624618685968083303C2734543
S21400A3609446F7D11035DFE76FF08B0444E700BF63
S21400A3700010C0040044400410B54FF42F720021B2
S21400A38004460FF0E7FD8023C4F88C30054B04F13B
S21400A3909C00C4F88430012384F88830BDE810405F
S21400A3A029F076BAF2E7030010B5D0F8A0400A46C6
S21400A3B08CB92AF09BFB044610B90024204610BD39
S21400A3C02D2896BF064B074953F82010064A074823
S21400A3D02AF0D2FCF2E7D0F8A4101046A047ECE72B
S21400A3E0D07D0400F5E703001EE6030025E9030020
S21400A3F0F8B590F88060044616B100263046F8BDE1
S21400A4002AF0A7F90028F8D1012384F8803094F8C0
S21400A410883033B1D4F884101F4884F888602AF056
S21400A420ABFC4FF0FF37D4F8B402421C1FD0C4F880
S21400A430B47210F0FF052CD020462AF087F9294682
S21400A440204600F0A7FB0028EDD020462AF08CF925
S21400A45094F888303BB1D4F884100F482AF08CFC6E
S21400A460002384F88830002384F88030C6E72AF07A
S21400A47068FC431CDDD1D4F88C30D4F89420013B22
S21400A4809A4204DB054A064906482AF075FC01266E
S21400A490E9E70126C7E700BFC0FA03001EE603008F
S21400A4A003E8030025E90300F8B50B780446302BD3
S21400A4B00D46164604D14B7803F0DF03582B11D017
S21400A4C0284F6A1E12F8011F002934D128460A2296
S21400A4D00FF030FC202C03460D4631D1B1FA81F046
S21400A4E040091AE04A1C1F4912F8013F8BB928465A
S21400A4F00FF02CFC1C4B02382340032B12D10134E6
S21400A500A41084420AD1A87837288CBF00200120E6
S21400A51003E0CB5C13F04400E6D1F8BDCCBF0120CD
S21400A5200020FAE7002CB8BF0334B0EBA40FD4BF6A
S21400A53001200020F1E77B5C13F00400C2D1ECE7B9
S21400A54026B1084302D0013B61F100050122A2407A
S21400A550013A1A40002D08BF9A420CBF0120002085
S21400A560DBE700BFB9A3040003000080F0B5037862
S21400A57001467B2B17D10646022400220B4F16F805
S21400A580015F7D2D05D10B5D6BB9D24302F0010052
S21400A59008E07B5D13F0440002D001320134EEE7A0
S21400A5A0202DFBD0F0BD0020FCE700BFB9A30400BF
S21400A5B070B506460D460FF0C9FB044630462AF035
S21400A5C0DBFB044EAC4200D370BD30462AF0D4FB11
S21400A5D00134F7E798F103002DE9F84F044602210D
S21400A5E05148FFF7E5FF1E212068FFF7E1FF63688B
S21400A5F058682AF0C1FB4D482AF0BEFB67683B7BD3
S21400A600FD2B12D8D7F808804FF0FF3640460FF0E3
S21400A6109DFB0546DFF81091DFF870A1DFF84CB11E
S21400A6200C3717F8013BFF2B01D1BDE8F88F212B23
S21400A63018D8212B36D8DFE803F0377274111B1DAB
S21400A6401F213535353535353535232527292B2D2D
S21400A6502F3135353535353535353D33344C002DD0
S21400A6602BD12EE0334C344AFE2B08BF1446F6E7B7
S21400A670324CF4E7324CF2E7324CF0E7324CEEE77D
S21400A680324CECE7324CEAE7324CE8E7324CE6E78D
S21400A690324CE4E7324CE2E7324CE0E7324CDEE79D
S21400A6A0324CDCE7234CDAE7314CD8E72AF058FB8B
S21400A6B001362AE0002DB4D02E4C202B06F10106E0
S21400A6C0AFD002214846FFF773FF1E214846FFF72A
S21400A6D06FFF50462AF050FB594620460FF090FE7A
S21400A6E02549002818BF214624482AF045FB3B7818
S21400A6F0202B02D12B202AF033FB21482AF03CFBEA
S21400A7004DB118F806301F2B05D018F806001F2884
S21400A71001D0AE42CADB05482AF02EFB81E7194C71
S21400A7209DE7194C9BE700BF383304001EE6030084
S21400A730ADE80300BFE80300A40204000AE9030032
S21400A74011E9030002E90300FEE80300F5E8030050
S21400A750EBE80300E1E80300F6E80300ECE803009A
S21400A760E2E80300D7E80300D0E80300C7E80300E8
S21400A770ACE80300B2E80300BDE80300C0FA03003B
S21400A78036EC030009E9030010E903008C0304001B
S21400A7902DE9F04F9BB005468B46002400920393AC
S21400A7A00FF0D4FA249F039B04901C6028463C605C
S21400A7B00AAA09A92AF002FB064658B90A980FF019
S21400A7C0C5FA3446B046039B1860D5F89C30029311
S21400A7D0029B1BB920461BB0BDE8F08F029BD3F846
S21400A7E00890B9F1000F6CD02E4416F8013B202BD0
S21400A7F011D000260C23734309EB030A59F80330E3
S21400A8000193002B58D0099B434555DB9AF8082046
S21400A8102AB1721C39E03B6801333B60E5E73968D2
S21400A820D5F894200793039B521A1A601AAB03EBD1
S21400A830880151F8403C0199184605930FF0A0FD99
S21400A84006900028E5D101980FF080FADDE906238E
S21400A8500146DAF80400D7F800A090F80CC0BCF166
S21400A860FE0F16D103F1FF3EC64512D0D0F8009079
S21400A870059801920FF06AFA0AF1010A019A50440B
S21400A8802B5C23B1386008F101081646B2E70130A8
S21400A890F6E7D5F894200591A2EB0A028A4220DC5E
S21400A8A058460FF053FA059901447B290DD95846AE
S21400A8B01F4A009929F013F82B46049A2A4493421B
S21400A8C02CD1029B1B68029382E7DDE900125846F2
S21400A8D029F005F85846174A0099013428F0FFFF7A
S21400A8E097E7BCF1FE0F94D1013B434591D1D0F8D8
S21400A8F000A0DFF840905AF80C2B22B9049B3B606E
S21400A900039B1A60D8E75846009928F0E8FF4A46A5
S21400A9105846009928F0E3FF0134ECE713F8011BD2
S21400A9200029CCD14FF0200103F8011CC7E700BF77
S21400A93017E9030098F103002DE9F047002486B0DC
S21400A9401C60DDE90EA8064689468AF800401168B4
S21400A950154888F8004017461D468DF81740FCF746
S21400A96029FB18B901242B6801332B600020D6F888
S21400A9709C6036B914B1012388F8003006B0BDE8F3
S21400A980F087B06868B14B460021CDE902A8CDE952
S21400A99000750DF117022AF048F89DF81730002BC5
S21400A9A0E8D13668E5E700BF1CE903002DE9F0476B
S21400A9B00446ADF5447D8022002104A802AF0FF0C6
S21400A9C0C9FA80222046009703AB04A9FFF7E0FEF1
S21400A9D001283DD104A80FF0B9F903993B68461A3F
S21400A9E00B4426EAE6762344054604A8324601448C
S21400A9F018460FF03FFC00228255D4F89060039B67
S21400AA003968D4F890201944B14212DCD4F8941076
S21400AA10E81A0244C4F89020014404AAC4F894102A
S21400AA20D41825182B1B002B0DDC0DF5447DBDE836
S21400AA30F087A05C2AF094F9D4F890300136013300
S21400AA40C4F89030DBE714F8010B2AF089F9E9E73F
S21400AA50EBDD24AD8022002128460DF5887A0FF024
S21400AA6079FA0DF110094FF40072002150460FF0EC
S21400AA7071FA4FF001084A46002312F8016BA6B996
S21400AA8004A84AF828300FF061F92946334698455D
S21400AA901CDB19F8016B0DF5887C5CF8042B8242F0
S21400AAA00CD101F8016B0133F1E7202E03F101030D
S21400AAB004BF4AF8283008F10108DEE70DF1100E51
S21400AAC07244D25CB242E8D00022EA54D4F89060D5
S21400AAD0039BB3422FDC23462C4A04A92C482AF0B9
S21400AAE04BF928460FF032F90646039B3F68F61AE4
S21400AAF01F4426EAE672E01917441D44E11904F1E2
S21400AB00900399423CD904F19803984238D26A1EC1
S21400AB1081190B1A002B27DD12F8013F00F8013BC4
S21400AB20D4F890300133C4F89030D4F89430013320
S21400AB30C4F89430EDE7D4F890300136E05C2AF0A3
S21400AB400FF9D4F890300133C4F89030C0E7D4F849
S21400AB509020013B0132C4F89020D4F894200132B2
S21400AB60C4F89420002BF2DC00232E44E355731B1C
S21400AB70002B7FF75AAF15F8010B2AF0F1F8F6E72D
S21400AB8029460FF077FB3346ECE700BFF2E70300F9
S21400AB9021E903002DE9F843D0E9245604460F4680
S21400ABA0002294F89830012B07D10A2F07D10023F2
S21400ABB084F898300020BDE8F88300F29F801B2FB1
S21400ABC001D10223F4E70D2F0DD1012384F898302C
S21400ABD00D202AF0C5F80A202AF0C2F8002301202A
S21400ABE0C4E92433E7E74FF00008082F84F898807C
S21400ABF034D1454530DDB5420FD138462AF0B0F89D
S21400AC0020202AF0ADF8013D38462AF0A9F8013E8A
S21400AC1004F80580C4E92456CCE7FBDA05F1FF39D1
S21400AC2038462AF09DF804EB0903A6EB09026119E1
S21400AC3018460FF0E1F904F806800146013E484840
S21400AC402AF09AF835464D4501DC4D46E2E70820E5
S21400AC502AF086F8013DF6E7ACD0DBE77F2F1CD163
S21400AC60002EA7DDB542A5DA6319691C21441846F3
S21400AC70721B0FF0C1F904F80680014639482AF025
S21400AC807BF80820013E2AF06BF8B542F9D1D4F8DB
S21400AC909430013BC4F894308CE70A2F98D0092FE3
S21400ACA003D12046FFF782FE84E7D4F88C30013BC0
S21400ACB0B3427FF77FAFB54204EB050805F1010903
S21400ACC00CDB384688F80070D4F89430C4F89090BE
S21400ACD00133C4F894302AF043F86BE74146721B00
S21400ACE004EB09000FF088F940462AF045F80820E2
S21400ACF0013E2AF035F8B542F9DDE2E7022B06D12F
S21400AD005B2F01D1032353E784F8982049E7032BF0
S21400AD107FF450AF413F84F89820032F3FF64AAFA8
S21400AD20DFE807F002070A160121204629F0C9FFCE
S21400AD3040E74FF0FF31F8E7B542BFF63BAF605D46
S21400AD402AF00EF8D4F890300133C4F8903031E78A
S21400AD50002D7FF72FAF013D0820C4F89050BAE7CA
S21400AD602AE9030024ED030008B50248FEF720FC9C
S21400AD70002008BD00B4C40430B58BB06C46174D37
S21400AD800FCD0FC40FCD0FC495E8030084E8030071
S21400AD90134BD3F84C2112031CD5A3F5FE431C8895
S21400ADA04FF6FF739C4208BF8C248DF81940FEF7BF
S21400ADB0E7FC204480F308008DF818000948FCF7EB
S21400ADC091F96846FEF744FC3220FEF7DFFC0020CF
S21400ADD00BB030BDD3F85041E4B2E6E7887E0400FD
S21400ADE00080E00F00F049020028ACBF00F1604090
S21400ADF0064B4FEA0111C9B2ABBF00F5614000F047
S21400AE000F0080F800131954704700BF14ED00E0DF
S21400AE1008B532F05BFF0B4B1A7872B901221A7034
S21400AE2032F04FFF6FF0040210460132052152B295
S21400AE30FFF7DAFF3D2AF7D108BDBDE8084032F03B
S21400AE4040BF00BFD9580020002807DB0123410976
S21400AE50034A00F01F00834042F82130704700BFCD
S21400AE6000E100E0054B421153F8223000F01F00CD
S21400AE7023FA00F0C04300F00100704700E100E054
S21400AE80002808DB01224309034900F01F00824026
S21400AE90603341F82320704700E100E010B5044617
S21400AEA032F007FF024B1C6032F0FEFE002010BDA1
S21400AEB0C437002010B532F0FCFE034B1C6832F09D
S21400AEC0F3FE204610BD00BFC437002038B50C4640
S21400AED01546014610B9FFF7EDFF01462B46224600
S21400AEE003480DF047FF0028D4BF3720002038BDA8
S21400AEF0134F030008B500F0E3FB18B16A210248BF
S21400AF0032F0D6FF002008BD2FE9030008B500F098
S21400AF1049F80C4A536A43F470235362EFF30883EC
S21400AF204FF0CD31084A043B934208D200F070FA45
S21400AF30FFF7E0FFBDE808400448FEF795BD43F87C
S21400AF400419F1E700ED00E008000020E47C0400AE
S21400AF5007B5042200200DEB02012DF02DFE04287B
S21400AF6003D0D721044832F0A3FF019800F0DCF9A3
S21400AF7003B05DF804FB00BF2FE90300082310B5FB
S21400AF800C0A41400648C9B241F30002013B0240A8
S21400AF9013F0FF0382EA5101F6D184EA010010BDE6
S21400AFA02083B8ED38B5FEF73BFC044629F0C0F91F
S21400AFB0E3072AD401221046114600FA01F3234083
S21400AFC002F1010223D01D4B33F811301C48062B2A
S21400AFD0028844881B4920D14FF20F039C4219D1A6
S21400AFE0B2F5406F28BF4FF4C0624CF23C330A8083
S21400AFF0438040F201730A889A4201BF124B134AFB
S21400B000D2E90001C3E9000115E00021DBE7102AC0
S21400B010D2D1DBE74FF4C062E7E740F20725AB4248
S21400B0200AD14FF20F05AC4206D19A4204D14CF237
S21400B0303C320B80428038BD0B80DAE74880040043
S21400B04018600020D6510020C8370020106000206D
S21400B050014B1888704700BFD6510020014B188856
S21400B060000A7047D6510020044B05481B881A0A70
S21400B070B3F5406F38BF00EB82007047D651002012
S21400B08018800400044B1888044B020A53F8223038
S21400B090C0B203EB80007047D6510020E87F040062
S21400B0A010B5044632F009FE4FF20F02044B1C8026
S21400B0B05A80BFF35F8FBDE8104029F0F4BE00BF92
S21400B0C0186000206D4A2DE9F0416D4B55686D4CB7
S21400B0D05D65516A99656C49D1F80002D865D1F86A
S21400B0E00412586B1966916A10F0040F5966D16AFB
S21400B0F04FF000009966116BD966516B1967D26BD9
S21400B100D8645A67D3E90E1218BF11465F4A9142B7
S21400B1101A655DD301F12000A04259D88869C5F3AD
S21400B12008051864CE69062D5E6455D1584DA842B0
S21400B13052D3584DA8424FD205884DF642608542FC
S21400B1404AD11868C3F890005868C3F8940040F2D3
S21400B1500170A242154604D22E680432B6F1CD3FE5
S21400B160F7D00022C3E91E22C3E92022C3E9222227
S21400B170641BDFF81CC1434DDFF818E19C648D4268
S21400B1802DD8D3E91EC7D3E92065D3E922414FF075
S21400B190000E013AD2B2FF2A3CD1BEF1000F05D014
S21400B1A0C3E91EC7C3E92065C3E92241B3F854309A
S21400B1B0C3F308030C2B3BD8022B54D9DA1E092AFA
S21400B1C051D8DFE802F03157404350505050504DB0
S21400B1D00021C3E910112D494FF42060B9E755F856
S21400B1E0044D6445CBD37445C9D2E607C7D50026BF
S21400B1F0294F57F8048FA045C1D00136062EF8D146
S21400B20032B1013AD2B202F11E0643F82640B6E742
S21400B2100522F8E7E0464FF0010EBC4637462E46BC
S21400B22025460C464146B4E740F60120BDE8F081CD
S21400B2303B2B18D1194B9B6913F0020F40F20253B7
S21400B24018BF1846F2E740F60320EFE740F6042260
S21400B25040F20173B0F5206F0CBF10461846E5E7C4
S21400B26040F60520E2E740F60722013B4B2B98BF4D
S21400B2701046DBE740F60220D8E700BF00ED00E00E
S21400B280805F00200810002000E100E00800002099
S21400B290D0420000C0E20300F45F00200080015AA4
S21400B2A000F00CB800F00AB800F008B800F006B8D5
S21400B2B000F004B800F002B800F000B872B61EF055
S21400B2C0080F09D01EF0040F0DD0DFF850E0AEE8EE
S21400B2D0FF1F6FF002000CE0DFF840E0AEE8FF1F53
S21400B2E06FF00E0005E0DFF834E0AEE8FF1F6FF009
S21400B2F006006946EFF309828EE80700864608488E
S21400B300084C854501D3A54501D384F30888FFF78B
S21400B310D9FE84F30888FFF7C3FE0000805F002094
S21400B32048000020081000204BF6EF6283B2002B86
S21400B33008BF1346044A000C13804FF6CE2308BFFE
S21400B3401846024B188070473C6800203A68002078
S21400B3500B4BB3F900201888002AB8BF80F06200B3
S21400B36042001A80074AB2F9001013880029BCBFB1
S21400B37083F4805383F00B035900118058407047C4
S21400B3803C6800203A68002007B5684600F01AF8C6
S21400B390DDE900010022034B03B05DF804EB2AF060
S21400B3A07EB800BFD037002007B5009313460A4684
S21400B3B00146034829F027FE03B05DF804FB00BFF2
S21400B3C0D03700200249034A0160521A4260704793
S21400B3D0106900200000012000487047D037002088
S21400B3E038B54160044632F064FC05462146044800
S21400B3F028F051FA2846BDE8384032F055BC00BF68
S21400B400F8370020014828F043BA00BFF83700207C
S21400B4100222014B1A6770470040005070B532F0A8
S21400B42048FC174E0546174832F0EEFC3378CBB989
S21400B43000F046F9044620B1284632F035FC204696
S21400B44070BDFFF7DFFF32F0A6FD0F4B1C6031F03A
S21400B450DBF90E4B0E4A1860536F43F00103536737
S21400B4602AF039F800F028F82AF04CF8094B0024A6
S21400B470186001232846337032F016FCDFE700BF61
S21400B480E5580020C07E0400FC3700202438002049
S21400B4900040005000380020054B1B685843054B01
S21400B4A000F5742000F23F20B0FBF3F0704700BFB9
S21400B4B02438002040420F00294B2A4AD3F8003196
S21400B4C070B503F00303136030F034FF4FF4C87018
S21400B4D0FFF7E2FF0022244B24491860244C0B6837
S21400B4E00132D2B20A2A44F8040BF9D1034400EB25
S21400B4F0C00003440B601F4B1F4D1B7813B3184B43
S21400B500D3F8003103F00303022B22D0032B23D001
S21400B510012B17D130F0A6FC024698B1174B184EF7
S21400B520DC6800231946C4F30B04013404EB8404DE
S21400B5300138E4FB06010EF0A1F9FFF7ADFF2B681A
S21400B54003442B601F20FFF7A7FF2B6803442B60E4
S21400B55070BD30F0D1FCDFE732F0BEFBDCE700BFA9
S21400B5600080005064380020283800202C38002046
S21400B57030380020E95800205C38002000C0015018
S21400B58040420F000122154B10B55A67144B154C5C
S21400B5901B7813B3022032F0EFFCF0B131F0BAF9A9
S21400B5A0D8B1A36DD90302D5E36D9A0715D40D4B18
S21400B5B09B6DDB0711D401220B4B1A7032F0D0FCC6
S21400B5C0BDE81040094B0A4A1860136F23F00703C2
S21400B5D043F00303136730F02BBC10BD00D00050BF
S21400B5E0EA58002000C00050E758002058380020D5
S21400B5F0008000500122014B1A707047EA58002064
S21400B60007B5FFF7C1FE01A8FEF778F99DF80530EB
S21400B610012B25D1234B9A6DD20311D45A6B6FF3AD
S21400B620162242F4BC1242F4A0625A631A6B22F449
S21400B630704242F440421A631A6B42F4E0621A63A4
S21400B6409DF8043063B94FF000531B68164B1B6817
S21400B650164B1B68164B1B68164B1B68164B1B6855
S21400B660164AD2F8803043F00303C2F8803029F03F
S21400B67051FFFFF7CDFBFFF777FBFFF77DFB0DF0E4
S21400B680C3FBFFF7CBFE00F01BF829F044FFFFF7E3
S21400B6903DFC29F04FFF2DF0C9F803B05DF804EB30
S21400B6A029F03ABF00C00050004000200080002073
S21400B6B000C0002000000120004001200080005053
S21400B6C070B532F003FB144E05463478FCB9134BC4
S21400B6D01C60134B1C60134B1C6000F031F80120FB
S21400B6E031F006FA31F0F8F90F4B0246186020B92F
S21400B6F0284632F0E6FA232070BD234640F2E731B2
S21400B7000A480EF0BBF80A4B18600123337028462F
S21400B71032F0D7FA0020EFE7ED580020743800200A
S21400B720703800207C3800207838002018FCFFFF96
S21400B7306C380020014B1868704700BF6C3800203A
S21400B7401FB50024184B18689A880290D3F8060094
S21400B7509B7A00901548ADF80C208DF8043032F036
S21400B76053FB02A88DF808408DF80C40FEF7A2F8AF
S21400B770694601208DF80040FEF760F81F220C4B4A
S21400B7809A615A614FF0B042936A13F00803FBD1F6
S21400B79013620120FEF76CF80A20FFF771FB0A20FF
S21400B7A0FFF752FB04B010BD71800400BC7E04009D
S21400B7B00020005810B532F089FA4FF0B043044626
S21400B7C05B691A07074A03F0010003F00D0348BF40
S21400B7D040F00200536131F0B3F82046BDE8104057
S21400B7E032F06FBA0020005821282DE9F3410546B3
S21400B7F004D82C46204602B0BDE8F08100240B4E4B
S21400B8000B4FDFF830800023CDF800801A4619462B
S21400B810386828F089FB8442EBD2222CE9D056F80F
S21400B820043BAB42E6D00134EDE700BF9083040052
S21400B83010630020FFFF0F002DE9F04F644E654DAA
S21400B84089B029F0C3FE31682868FCF7D1FD0446AC
S21400B850002827D033680024D3E900019A691268CB
S21400B8609047336804A89B699B6898473368022012
S21400B8709B69DB689847326805985368E7B2B3FB64
S21400B880F0F3BB42916904F101044ED8CB68002066
S21400B890984733689B695B68984731682868FCF767
S21400B8A0A7FD04460027DFF844A1DFF84481DFF84F
S21400B8B04491F4B9484B2868DB5D002B00F0838088
S21400B8C0D8F8006002AB314603AAFCF713FF2D2818
S21400B8D007D070B9039B012B0BD031462868FDF7C3
S21400B8E05DF9DAF8003031461A682868FDF7D6F8B0
S21400B8F004460137222F0AF1040A08F1040809F168
S21400B9000109D6D1B4FA84F3344A5B0913702B6864
S21400B9101B7C33B129F026FE18B1DB21304832F00B
S21400B920C7FA204609B0BDE8F08F12680B6907FB1E
S21400B930002098479FE7D8F8003003AA194402ABC6
S21400B9400191FCF7D7FE2D28034601992BD02868D5
S21400B95013B30BF1010B5FFA8BF18E422868EAD81D
S21400B960204BDB5D002BC4D0F3B27E2B2868C0D8FA
S21400B970D8F8003003AA06EB030B594602ABFCF7D7
S21400B980B9FE2D28B5D059462868FDF707F90136C7
S21400B99004460028E8D0ACE7039B7BB999F8002062
S21400B9A0029B9A42D5D099F80030DAF80020286831
S21400B9B0FCF76EFF0028CCD00446D1E70191FDF7D6
S21400B9C0EDF80199EFE7084BA346DE5DC3E700BF3D
S21400B9D0F0620020106300206C830400EF58002003
S21400B9E0B6E903004A830400068304007C80040052
S21400B9F09083040028830400F8B51F46214B0446B4
S21400BA001B780D46164623B100F47E23B3F50E2FA1
S21400BA102BD02046FFF7E8FE2128044614D81A4B00
S21400BA2053F82010194B1B78ABB1194B212C186812
S21400BA301DD8184B1B5DD3B13268FDF72FF80446AE
S21400BA4050B129F08EFD07E0FF2807D93A46314667
S21400BA5080B229F09AFA00242046F8BD4FF4A97166
S21400BA600D4832F025FA0021DCE70146DAE77F2DA3
S21400BA7008BF00253B46324651FA85F1FCF708FF21
S21400BA80DDE700BFEE58002090830400EF5800204A
S21400BA90106300206C830400B6E9030030B513463B
S21400BAA000F07E62B2F17E6F8BB00DD10A46C0F315
S21400BAB00B016846FEF71AFA20B140F293110948C6
S21400BAC032F0F6F90BB030BD5A0829F04DFD0028CB
S21400BAD0F8D04FF49C7103480BB0BDE8304032F00C
S21400BAE0E7B900BF47EA03002DE9F743C707054655
S21400BAF00E46144604D540F2E311494832F0D8F910
S21400BB00E10704D54FF4F271454832F0D1F9454BC0
S21400BB1093F80080B8F1000F20D043F260239D42D6
S21400BB2008D12246314640480EF0A4FB002003B060
S21400BB30BDE8F083C5F30B0705F44055B5F5805F07
S21400BB4014BF4FF40F204FF40E20234632467F21B9
S21400BB50384303B0BDE8F043FFF74EBF05F470432B
S21400BB60B3F5805F3FD1C5F30B05304A05F17E651E
S21400BB70631E2B44934230D82F46DFF8A49007EB81
S21400BB800408474542D1AA070ED04FF6FF7336F891
S21400BB90022BA81E43EA024304220DEB0201019386
S21400BBA0FFF77CFF0235023CA3070ED0023C24F0D0
S21400BBB00103F35A04226FEA03436FEA13430DEBC3
S21400BBC0020128190193FFF769FF002CAED0224628
S21400BBD031462846FFF762FFA8E740F2FD111048FD
S21400BBE032F066F9C8E705F46043B3F5005F04D1A8
S21400BBF0C5F30B0505F53E25BEE740F205210848CE
S21400BC0032F056F96FF00F074546B6E717F8013BD6
S21400BC10FF2BB6D04FF40471484632F049F9B0E72E
S21400BC2047EA0300EE5800203E680020FF03E00FBE
S21400BC3010B500F077F829F0E3FC044618B100F0E0
S21400BC4079F8204610BD00F07BF804460028F6D1AF
S21400BC500122014B1A70F2E7F0580020054B1B78C2
S21400BC6033B1054BC0F3130100221868FCF75ABF26
S21400BC7011207047F058002010630020144B2DE967
S21400BC80F0411B7805460E461746FBB129F09FFC8F
S21400BC90012805D9841EE4B2012C09D9212412E01A
S21400BCA03B4631462846BDE8F041002200F052B837
S21400BCB000F038F83B4600223146284600F076F879
S21400BCC0044600F037F82046BDE8F0811124FAE774
S21400BCD0F0580020124B70B51B7804460D461646E9
S21400BCE0E3B129F074FC012805D9831EDBB2012BD1
S21400BCF008D9212410E0324629462046BDE8704087
S21400BD0000F040B800F00EF820463246294629F0EA
S21400BD1079FC044600F00EF8204670BD1124FBE7BF
S21400BD20F058002008B531F0C4FF014B186008BD7C
S21400BD3080380020014B186831F0B6BF80380020EC
S21400BD40024B1968024B1868FCF752BBF0620020E1
S21400BD501063002037B505460C46C0F313010848AB
S21400BD60ED02006805D5224603B0BDE83040FCF77A
S21400BD708DBC009313462246FCF742FC03B030BD50
S21400BD801063002030B405461346074A0C46C0F33D
S21400BD9013011068EA0203D5226830BCFCF77EBEA9
S21400BDA0224630BCFCF774BD10630020F7B505468C
S21400BDB00F4614461E461BB92125284603B0F0BD83
S21400BDC00029F9D029F003FC4BF23462ABB293425F
S21400BDD020D14FF0FF3322466946CDE9003325488F
S21400BDE03346FFF7E3FF08220546234968460EF070
S21400BDF0FDFB38B933462246694641F2F010FFF79C
S21400BE00D5FF0546002DD8D13246694638460EF095
S21400BE1031FAD2E741F2F01293420FD1174B3119A3
S21400BE2008299A6CDB6CC7D8CDE9002332460DEBA7
S21400BE30040138460EF01EFA0025BEE702280BD194
S21400BE40C5F30C4332199342B6D3C5F30B0104F184
S21400BE507E6432462144ECE7032809D1C5F30C433F
S21400BE6032199342A8D3C5F30B0104F53E24F0E73C
S21400BE700125A2E7021008C01C8404000080E00F21
S21400BE8010B52BF073FE2CF029FFBDE810400346DA
S21400BE9001210220014A02F00BBC00BFDEEA0300CB
S21400BEA013B5D0E9023253F822301C7820462BF026
S21400BEB06FFE2346009001210220024A02F0F8FBA2
S21400BEC002B010BDF2EA0300014B18782BF035BA29
S21400BED0F1580020FF232DE9F04F8FB011220021EA
S21400BEE008A88DF813300EF035F808A82AF0E1FB04
S21400BEF001210220B04A08AB02F0DAFB41F2490306
S21400BF00AE4A0121022002F0D3FB06A82AF000FD6B
S21400BF1008A90DF113002AF006FD02200021A84A08
S21400BF2002F0C6FB00202BF039FA10B106A809F083
S21400BF30CDFB9DF92A3001210220A24A00939DF8EC
S21400BF402B3002F0B5FB2BF00DFE831EDBB2FC2B74
S21400BF50054631D8012102209B4A02F0A9FB0124A4
S21400BF609A4E9B4FDFF8D0822346324600210220AD
S21400BF7002F09EFB05A9E0B22BF0F6FD034650B199
S21400BF80A0F11602012A40F2AA80424601210220B0
S21400BF9002F08EFB0CE09DF914303A4601939DF8B2
S21400BFA016300121009302209DF8153002F080FB28
S21400BFB00134E3B29D42D7D8BDF8284007F072FF9F
S21400BFC023460021834A0090022002F071FB0220E3
S21400BFD00021814A02F06CFB00202BF0DFF910B143
S21400BFE008A809F073FB01217C4A022002F060FBDE
S21400BFF02BF016FD04462BF011FD23460121784A4E
S21400C0000090022002F054FB08F024FC00210220DD
S21400C010744A02F04DFB9DF81330FF2B65D00021CB
S21400C0200220714A02F044FB01216C4A022002F011
S21400C0303FFB2AF07DFC012103466C4A022002F0F9
S21400C04037FB07F007FF00210346694A022002F08B
S21400C0502FFB2AF073FC04462AF072FC23460121CB
S21400C060644A0090022002F023FB31F02EFF08F015
S21400C07099FC01210346604A022002F019FB0025C4
S21400C080DFF8B88108F08EFCECB2A04233D831F06D
S21400C0901CFF0123594A1946022002F009FB002022
S21400C0A02BF04BF9564B574C0093012100230220EE
S21400C0B0554A02F0FDFA236863B1012102201B787D
S21400C0C0524A02F0F5FA2368012102205B78504AB2
S21400C0D002F0EEFA2BF036F90FB0BDE8F08F012132
S21400C0E002204C4A02F0E4FA62E7002102204A4AA3
S21400C0F002F0DEFA98E7494B204603EB0416D6F822
S21400C100089008F009FD8246204608F051FC444F8E
S21400C11000280CBFC346BB46204608F0FDFC0AF0CC
S21400C120B7FA002808BF4746534600210220CDE94B
S21400C13000B73C4A02F0BCFAB37901210293B388F7
S21400C140022001937388384A0093337B02F0B0FADA
S21400C1500026DFF8ECB099F80430F4B2A34203D816
S21400C16031F0B3FE01358DE714235C43D9F8007037
S21400C17002203A5B07EB040A9AF90C3000922B4A2D
S21400C180002132EA230228BF5A461346284A02F004
S21400C1908FFA00202BF002F938B150463C5B2AF0AB
S21400C1A036FC014620460AF0C1FA01210220214A47
S21400C1B002F07EFA0136CEE733EB030042EB0300D3
S21400C1C05EEB03008AEB030065EB03007BEB0300EA
S21400C1D082EB0300B7EB0300D7EB030021EC030070
S21400C1E0E0EB030002EC0300230A04000DEC03005E
S21400C1F023EC030039EC03004FEC0300C8EC03000B
S21400C200E0EC03001C3D0020D4EC0300EEEC030041
S21400C21002ED03009FEB0300BFE80300503C002044
S21400C2200AEB03005AEC03007AEC030027EB03004A
S21400C230B0EC030038330400AAEB030012EB030053
S21400C2401BEB03002DE9F7430025134EDFF858805B
S21400C25008F0A8FBECB2A04202D803B0BDE8F08319
S21400C2602701204616F8079008F0A2FB0B4A4B461B
S21400C270002808BF4246002102200092084A02F029
S21400C28017FAF05D2AF060FB01210220054A02F051
S21400C2900FFA0135DCE700BF503C0020D13904001E
S21400C2A01DED030038330400DB39040008B583684D
S21400C2B05A681178C26853F82230A1F165025142DB
S21400C2C05141187808F02AFD30B9BDE80840012130
S21400C2D00220024A02F0ECB908BD00BF28ED0300B8
S21400C2E000210220014A02F0E3B900BF42ED03003C
S21400C2F000210220014A02F0DBB900BF70ED030006
S21400C30010B5044686B01822002168460DF022FEBD
S21400C31068462AF08FFFD4E9022052F8203002EB5C
S21400C32080021B788DF80B30516891F900108DF85B
S21400C3300A1091680988ADF808106168091A03297F
S21400C34007DDD26803F01F03127843EA42138DF824
S21400C3500B30684607F054FE00210346024A0220CE
S21400C36002F0A6F906B010BD8CED030007B500205C
S21400C3702BF0BCFB00210090034B0220034A02F086
S21400C38097F903B05DF804FB99ED03009FED0300F9
S21400C39013B5D0E9023253F8221003EB82035B6830
S21400C3A0087819680023094CA222994208BF214642
S21400C3B0C01A18BF01202BF08DFB01210090044B02
S21400C3C00420044A02F074F902B010BD00F8FF071A
S21400C3D0662F0400B1EE030013B5D0E9023203EB7A
S21400C3E0820153F82230D1E901141878FF22003870
S21400C3F018BF0120237809682BF06CFB0121009000
S21400C400034B0420034A02F053F902B010BD00BFEC
S21400C410AAED0300B1EE030008B5002101230C4A83
S21400C4202BF0CAF90A482AF028FF0020094909F02B
S21400C430E5F900202AF0B2FF10B1054809F046F9E8
S21400C440BDE8084001210420034A02F031B900BFCC
S21400C450225E0020BFED03003833040010B52AF03A
S21400C46071FA034630B1BDE8104001210420054AA8
S21400C47002F01EB90121BDE810400420024A02F075
S21400C48017B900BFCDED0300DEED030010B52AF0AE
S21400C490F8FEBDE81040034601210220014A02F0E2
S21400C4A007B900BFE9ED030010B52AF0B9FEBDE8F4
S21400C4B01040034601210220014A02F0F9B800BFED
S21400C4C0FFED030037B5D0E90232012453F82230DD
S21400C4D04FF6FF701D78FE2204FA05F100232BF0BC
S21400C4E06DFB2B46009021460420024A02F0E0F83D
S21400C4F003B030BD13EE0300D0E9023253F8223009
S21400C5001B7823B101210220024A02F0D1B8024A68
S21400C5101370704732EE0300F158002007B56846E6
S21400C5202AF0F6F907F0BEFC01210346084A02206D
S21400C53002F0BEF8684609F0C9F807F027FF0121A7
S21400C5400346044A022002F0B3F803B05DF804FB89
S21400C55048EE030062EE030037B5D0E902454068B6
S21400C56054F82530401B0328D8BF002004EB850470
S21400C570C8BFE06819786368C8BF00781A78A368EF
S21400C58093F90030009001202BF092FA38B901217F
S21400C5900220084A03B0BDE8304002F089B8064BD6
S21400C5A00190009301210220044B054A02F080F816
S21400C5B003B030BD73EE03007BEE0300151B0400D2
S21400C5C08FEE030007B501202BF07AFA48B90090E9
S21400C5D001210220084B094A02F06AF803B05DF810
S21400C5E004FB054B0190009301210220044B054AF1
S21400C5F002F05EF8F2E700BF7BEE0300A6EE030053
S21400C600C44704008FEE030008B5D0E9023253F8A1
S21400C610223018782BF008FA30B9044A0121BDE818
S21400C6200840042002F044B8014AF7E7BBEE0300D6
S21400C630D7EE030008B5D0E9023253F82230188846
S21400C6402BF0F0F930B9044A0121BDE80840042077
S21400C65002F02EB8014AF7E7F6EE030026EF0300D5
S21400C66073B50378044613F0050F0ED04588062DE3
S21400C67017D1836801215B68174A1B78019383886A
S21400C68004200093154B02F013F82378012B20D0DA
S21400C69001210420114B124A02B0BDE8704002F09E
S21400C6A007B835B98388012104200E4A02F000F845
S21400C6B0EBE7012DE9D186680B49002009F09EF8CA
S21400C6C0304609F003F829460420084A01F0F0FF36
S21400C6D0DBE702B070BD00BF5CEF030053EF030062
S21400C6E0AEEF030079EF030096EF03003833040043
S21400C6F02DE9F04F00268FB0364D09AC0FCD0FC494
S21400C7002B6801210220344A236001F0D1FF344611
S21400C710DFF8DC902AF010F9F5B2A8420BD82AF020
S21400C7200BF923460090012102202C4A01F0C0FF9D
S21400C7300FB0BDE8F08F284605A92BF057F9034641
S21400C740002841D19DF81430032B39D904238DF8E5
S21400C75014302B4600210220214A01F0A9FF9DF843
S21400C76014300EAA02EB830300214A4653F8143C09
S21400C770022001F09DFF28469DF821A09DF815B0E7
S21400C7809DF81870BDF816802BF032F95346CDE9A7
S21400C790028000210220CDE900B7124A01F088FF8E
S21400C7A001340020E4B22AF0F9FD18B10DF11900A9
S21400C7B008F08CFF002102200B4A01F079FF01E00F
S21400C7C0002BC6D10136A5E700210220074A01F05A
S21400C7D06FFFF7E724840400C0EF030039F003007E
S21400C7E07DEB0300EDEF03001EE6030014F00300EC
S21400C7F0C0FA0300C3688268013BDBB252F82330FC
S21400C80002201B78652B14BF00220121044B1BBF9E
S21400C81001211A70034A044A08BF197001F048BF84
S21400C820A568002050F003005EF00300D0E9023255
S21400C83053F822301A88014B1A807047406800204F
S21400C84007B5D0E9023103EB810253F82130526874
S21400C8501988054B0548128800930088012309F0C3
S21400C86029FC03B05DF804FB61C6000040680020A8
S21400C870C3688268013BDBB252F823305B78A3F1D1
S21400C880660253425341014A13707047A86800205D
S21400C89030B5D0E9023253F8223089B01D78012332
S21400C8A002AA194604462AF087FF012300931023A4
S21400C8B002210DEB030220462AF05FFF284604AA59
S21400C8C002A92BF095F9044600202AF067FD18B15E
S21400C8D02146044807F076FB0020034908F074FF61
S21400C8E009B030BD6DF0030038330400002330B5C6
S21400C8F08FB00221009309AA122305462AF03DFFB5
S21400C90005AA014609A807F0E1F8044698B12328CD
S21400C91005D1134A0121042001F0CAFE09E02128AE
S21400C92001D1104AF6E70346012104200E4A01F021
S21400C930BFFE0FB030BD01232846194603AA2AF0D1
S21400C9403BFF05A903A82BF055F9054620462AF01B
S21400C95025FD18B12946054807F034FB044AD9E7F7
S21400C9607AF003009DF00300D8F00300F9F003000E
S21400C97038330400F0B5D0E9023253F8221003EB46
S21400C98082039B6805461F7887B038460E782AF0E3
S21400C990E5FC044608BBD5E9022101238DF80830E2
S21400C9A0194452F8210002EB810200888DF80970C4
S21400C9B09268ADF80A00127804218DF80C202846FB
S21400C9C00DF10D022AF0F8FE304602A98DF815404A
S21400C9D02BF010F804462AF0B5FC3346012104205B
S21400C9E0024A009401F064FE07B0F0BD0EF10300A9
S21400C9F02DE9F04101218EB00220274A01F058FEB1
S21400CA00002005AB01AA09A92BF0ECF80025044686
S21400CA10224E234FDFF898801CB128460EB0BDE8A2
S21400CA20F08102202B463246214601F041FE204688
S21400CA302AF0B4FC10B10AA808F048FE3A460021D5
S21400CA4002209DF8303001F033FE424600210220DD
S21400CA50079B01F02DFE00210220BDF82030114A70
S21400CA6001F026FEBDF8143000210F4A022001F026
S21400CA701FFE013501A82AF08CFCEDB20121022030
S21400CA800A4A01F015FE284605AB01AA09A92BF0B3
S21400CA90A9F80446C0E700BF40F1030086F1030092
S21400CAA08EF10300420A0400A3F1030038330400A9
S21400CAB09AF103002DE9F047064698B0C0B929F070
S21400CAC039FF074600250EA82BF096F80121022014
S21400CAD0384A01F0EDFD2C46DFF8E080DFF8E09004
S21400CAE0DFF8E0A0BC4205D3284618B0BDE8F087C2
S21400CAF00127E7E713A82BF07FF8002E4CD002237F
S21400CB0006A913A88DF84C30FE242BF067F80028F1
S21400CB103FD102A913A82BF067F89DF8593043F0CF
S21400CB2001038DF85930002E3DD1234631460220B0
S21400CB30214A01F0BDFD9DF859300AA943F00103D2
S21400CB4013A88DF859302BF04FF800202AF026FC59
S21400CB5010B114A808F0BAFD0C9B42460021022032
S21400CB6001F0A6FDBDF82820002112F4007F0CBFBE
S21400CB704C23412312F0100F0CBF6E2279220220A4
S21400CB8000924A4601F094FD06A82AF002FC013500
S21400CB90EDB20134E4B2A5E720460AAB06AA13A913
S21400CBA02BF01EF8B3E752460021022001F080FD6C
S21400CBB0C1E700BFADF1030086F103009AF1030060
S21400CBC0E9F10300E2F1030030B5012499B00EA8A4
S21400CBD02BF012F813A88DF838402AF0A3FFC0B93E
S21400CBE0BDF84C1011EA040513D121460220444A30
S21400CBF001F05EFD29460220424A01F059FD214619
S21400CC0002203F4A01F054FD214602203C4A01F032
S21400CC104FFD06A90EA82AF0E1FF20B11022FF2141
S21400CC2006A80DF097F904A82AF0E0FF059B01215D
S21400CC300220354A0093354B01F03AFD9DF812303C
S21400CC4001210220324A0093304B01F031FD0021D1
S21400CC502E4B304A022001F02BFD06A82AF099FB45
S21400CC6013A82AF0C9FF02230AA913A88DF84C308E
S21400CC702AF0BAFF00283FD10B9B00930121022027
S21400CC80254B264A01F014FD0121234B244A02209D
S21400CC9001F00EFD0120FFF70DFF01211E4B214A7A
S21400CCA0022001F005FD0020FFF704FF044629F0EE
S21400CCB041FE23460090012102201B4A01F0F8FCA9
S21400CCC001211A4B174A022001F0F2FCFFF790FEF2
S21400CCD01749022803461748174A28BF0A46084934
S21400CCE028BF01460092CDE9013102200121134AF6
S21400CCF001F0DEFC19B030BD4FF0FF33BDE700BFDA
S21400CD0038330400FCF103003AF2030032F2030069
S21400CD104AF203009F190400C62704005DF20300D0
S21400CD206DF2030074F203007DF2030091F203003B
S21400CD30F8F10300090F04005B0F04009FF20300E4
S21400CD4010B5D0E9023253F822301C78201E18BFE6
S21400CD5001202AF0D3FE054A054B0020002C18BF00
S21400CD601A46BDE81040034908F02EBDCCF2030079
S21400CD70C7F20300D5F20300D0E9023210B553F82B
S21400CD8022301C8820462AF0BBFE2246BDE8104012
S21400CD900020014908F018BD16F3030037B5044615
S21400CDA007F058F8014638B100200D4A0D4903B087
S21400CDB0BDE8304008F008BDE368A268013BDBB27E
S21400CDC052F8233008481D780123084A00936C2D3A
S21400CDD008BF0246102320462AF0CFFC03B030BD21
S21400CDE064F303006CF303008E6800207E68002066
S21400CDF013B583689A681278672A22D101A82AF0A8
S21400CE0091FE0446A8B9BDF80420174908F0DCFCDA
S21400CE10BDF80430DA070AD413F0020F134B144A95
S21400CE2018BF1A461349002008F0CEFC19E0124A33
S21400CE30F8E702461149002008F0C6FC22461049D1
S21400CE40F1E7C26801A953F8220003EB82035B688E
S21400CE5000681B68ADF804302AF06AFE0446002815
S21400CE60ECD102B010BD00BF9FF3030092F30300A5
S21400CE70FC1A0400C0F3030082F30300D2F303009D
S21400CE80FEF30300034A04491388C8540133138091
S21400CE90704700BFE6510020F758002073B5154DC7
S21400CEA001242B78144E13F0040F0CBF0223042326
S21400CEB0124A21461470328802200192EB5C104A16
S21400CEC00093104B5B8801F0F3FB002102200E4A12
S21400CED001F0EEFB0D4B29460093328823460220D4
S21400CEE001F02CFC21460220094A02B0BDE8704041
S21400CEF001F0DEBBF7580020E6510020F65800206F
S21400CF000DF40300D851002032F4030054F403005B
S21400CF103833040070B516464FF48A52114B124D42
S21400CF20DA805980114B1B881A1E18BF012240EA6E
S21400CF3082000F4A1278003A18BF012240EA021017
S21400CF40287063B103246B701B0AAB7009F00EFCEB
S21400CF50631C2855EE54074B02341C8070BD012418
S21400CF60F4E700BFD8510020F7580020E451002015
S21400CF70F5580020E651002038B5D1E902320C46BB
S21400CF80054653F82230024619880C4B1878FFF7EE
S21400CF90C1FFE368A268013352F82330188828F0EE
S21400CFA073FB4DB1E368A268023352F82330187859
S21400CFB0BDE83840FFF766BF38BD00BFF258002016
S21400CFC0F0B50546EB68AA68023352F823300846E7
S21400CFD01C78294685B0FFF7CFFF204629F003FDD1
S21400CFE0204E214F78B3204629F009FD0321441C2A
S21400CFF003AA284627F0AFFB3288E4B2C2F1FF034B
S21400D00003991B1B9BB28B4222443CBFC2F1FF0319
S21400D01003930123032100933A449DF80C302846DD
S21400D0202AF0ABFB039A022C338804BF0F48110A80
S21400D030FA5408BFC15413441C44348005B0BDE8FC
S21400D040F040FFF72BBF204607F00CFC0123328888
S21400D05004460093032103463A4428462AF08DFBF3
S21400D0603388E9E7E6510020F7580020F8580020FA
S21400D070052307B5012100930220044B044A01F062
S21400D08017FB03B05DF804EBFFF79EBD3BF403000F
S21400D09042F4030013B504462AF040FD38B1CDE94A
S21400D0A0004001210220034B034A01F001FB02B0BD
S21400D0B010BD00BF64F3030059F40300194B37B5E5
S21400D0C01B783BB901210220174A03B0BDE8304067
S21400D0D001F0EEBAD0E90232144C53F822300121A6
S21400D0E01D78638802200093114A2B4601F0E0FA6F
S21400D0F0104B25711B78104D63B1012102200F4A99
S21400D10001F0D6FA20460E4A298803B0BDE8304022
S21400D11029F00ABA20460A4A298803B0BDE83040FA
S21400D12029F0C4BAF658002070F40300D851002045
S21400D1307EF40300F3580020E651002095F4030027
S21400D140F75800202DE9F041D0E9023253F82210BA
S21400D15003EB82035A680C7817889A68DB68B2F883
S21400D1600080C6B01D780021304B0220304A009463
S21400D170CDE9017801F09CFA002D0CBF6E237923CF
S21400D180012102202B4A01F093FAFF23002D0DF116
S21400D190170606AD019320460CBF80234023424667
S21400D1A039460296009529F064FF0446002835D1DA
S21400D1B0307829F01EFC0746B0B128462AF0ADF8B4
S21400D1C01D4BFD28A8BFFD200093234682B20DF11B
S21400D1D01901022001F0B2FA01210220174A01F0DB
S21400D1E067FA46B0BDE8F081307829F008FC60B1F7
S21400D1F028462AF097F8FD28A8BFFD200E4B82B2DD
S21400D20000930DF11A013B46E3E7307807F02AFB5E
S21400D2100B4B0246009329460123DAE700900121D2
S21400D2200220084B084A01F043FADAE762280400B5
S21400D230AFF40300D4F40300E63C040038330400E3
S21400D24054F403005CFD0300DEF40300D0E9023270
S21400D25053F8221003EB82032DE9F04F5A680F783B
S21400D260B2F800809A68C7B0B2F80090DA681B6916
S21400D27092F800A01E7800212F4B304A0446CDE9D4
S21400D28001890220009701F013FABAF1000F0CBFD3
S21400D2906E23792301210220294A009606AD01F06B
S21400D2A007FAFF22002128460CF054FE304629F0EB
S21400D2B0A0FB834608B30023052100932046FD23E8
S21400D2C00DF119022AF059FA2870BAF1000F0CBFB6
S21400D2D0802340234A4641463846CDE9005629F089
S21400D2E093FE0146144806F06DFE01210220154A01
S21400D2F001F0DEF947B0BDE8F08F304629F07FFB3D
S21400D30060B1FD2305212046CDF800B00DF11A02CC
S21400D3102AF033FA85F801B02870D6E70590304633
S21400D32007F0A0FA059A0346009205212A462046F1
S21400D3302AF023FAC9E700BF55280400AFF403001B
S21400D340EFF40300383304002DE9FF471C465B6802
S21400D350E5685B1B00255FFA83F803952E46FFF70A
S21400D360D9FDEBB298450BD90C9B9B5D282B39D881
S21400D370202B00F2CB800136F6B2002B40F0C9809D
S21400D380FFF78CFD04B0BDE8F087132A2FD801A163
S21400D39051F822F05BD400006DD400007FD400006A
S21400D3A0B3D4000081D3000081D3000081D30000F5
S21400D3B081D30000EFD30000EFD30000EFD30000CE
S21400D3C0EFD30000EFD30000EFD30000EFD3000050
S21400D3D0EFD30000EFD30000EFD30000FFD3000030
S21400D3E0D9D40000A3F13102D1B21329CDD9013628
S21400D3F0F6B2A3F14102032AC2D8422B6CD06C4F7E
S21400D40000213A88DFF8B0A1C2F1FE039BB2FF2BE1
S21400D41028BFFF2301320091DBB22046524469B296
S21400D4202AF087F93B880AF803000133184438804D
S21400D43011E04FF00409E368A2682B4452F8233049
S21400D4401F68F8B209F1FF39FFF71CFD19F0FF0954
S21400D4504FEA1727F5D1013583E7E368A2682B4426
S21400D46052F823301878FFF70DFDF4E7E368A2685A
S21400D4702B4452F82330188828F006F9EBE7E368C7
S21400D480A2682B4452F823301F68B7F1807F09D278
S21400D490F8B2FFF7F7FCC7F30720FFF7F3FCC7F374
S21400D4A00740E0E72B4601210820424A01F000F938
S21400D4B066E74FF00409E368A2682B4452F823306D
S21400D4C01F68F8B209F1FF39FFF7DCFC19F0FF0915
S21400D4D04FEA1727F5D1BEE7294603AA204627F0CC
S21400D4E03AF90021324F344A3B88DDF80C9002EBC3
S21400D4F0030CCAB2914501F1010102D84B443B80AE
S21400D500A9E710F802A00CF802A0F2E7242B3FF6D9
S21400D51070AF013B232B3FF633AF01A252F823F046
S21400D5205BD400006DD400007FD4000033D400002C
S21400D53081D3000081D3000081D3000081D3000096
S21400D54081D3000081D3000081D3000081D3000086
S21400D55081D3000081D3000081D3000081D3000076
S21400D5605BD400006DD400007FD40000B3D400006C
S21400D57081D3000081D3000081D3000081D3000056
S21400D58081D3000081D3000081D3000081D3000046
S21400D59081D3000081D3000081D3000081D3000036
S21400D5A05BD400006DD400007FD4000033D40000AC
S21400D5B0E651002008F50300F7580020094B1B78B9
S21400D5C023B101210820084A01F072B8D0E90232DE
S21400D5D053F82230054A1B88012113800820044A8C
S21400D5E001F066B8F65800202EF50300E45100203E
S21400D5F070F50300D0E9023253F82230054A1B7852
S21400D6000121003B18BF012308201370024A01F0D5
S21400D6104FB800BFF458002096F50300D0E9023258
S21400D62053F82230034A1B78012113700820024A5F
S21400D63001F03EB8F5580020C5F5030010B5D0E956
S21400D6400232044653F82230132219880B4B1878FE
S21400D650FFF760FCE368A268013352F823301878BD
S21400D660FFF710FCE368A268023352F823301878FC
S21400D670FFF708FCBDE81040FFF710BCF25800208A
S21400D68010B5D0E90232044653F822301122198828
S21400D6900B4B1878FFF73EFCE368A268013352F89C
S21400D6A023301878FFF7EEFBE368A268023352F8DF
S21400D6B023301878FFF7E6FBBDE81040FFF7EEBB17
S21400D6C0F2580020D0E9023253F82230034A1B7881
S21400D6D0003B18BF0123DB0013707047F258002090
S21400D6E010B5D0E9023253F82230044619880E4BA2
S21400D6F006221878FFF70EFC0120FFF7C3FBE3684D
S21400D700A268034452F82330188827F0BDFFE36868
S21400D710A268023352F82330188827F0B5FFBDE818
S21400D7201040FFF7BBBB00BFF25800202DE9F043C6
S21400D730D0E902324FF0FD09013253F8221003EB14
S21400D74082035A68C7B017889A68B1F800801478C0
S21400D75053F8043C002C0DF1170506AE18783A462F
S21400D76014BF4023802341460295CDF804900096CE
S21400D77029F07FFC034638B1184A0121082000F042
S21400D78097FF47B0BDE8F083201E18BF01200A228D
S21400D7904146C000FFF7BEFB384627F075FF2878E5
S21400D7A0FFF770FB4A463146287829F0D0F8044641
S21400D7B028B10B4F3D88C5F1FF03984202DD234692
S21400D7C0084ADAE7024608483146284425440CF061
S21400D7D051FD3D80FFF762FBD3E700BFFBF503007A
S21400D7E0E651002017F60300F758002010B5D0E9E0
S21400D7F00232044653F82230082219880B4B187858
S21400D800FFF788FBE368A268023352F823301878E3
S21400D810FFF738FBE368A268013352F82330188814
S21400D82027F032FFBDE81040FFF738BBF258002063
S21400D83073B5D0E902320546023253F8221003EBE4
S21400D840820353F8042C53F8083C0C781988234BB1
S21400D850168818780622FFF75DFB0020FFF712FBFC
S21400D860304627F011FF2046FFF70CFBEB68AA684E
S21400D870033352F82330188827F006FFEB68AA68AF
S21400D880043352F82330188827F0FEFE204609F0AD
S21400D8906DF9E8B9204606F0E5FF0521044601903B
S21400D8A001AA284626F057FF019B01469C4206D057
S21400D8B0224631460A480BF03BFA02B070BD094DCD
S21400D8C009482E882246304434440CF095FB2C80C0
S21400D8D002B0BDE87040FFF7E1BA00BFF258002082
S21400D8E043F60300E6510020F758002073B5D0E950
S21400D8F002324FF48A5153F82230104D1A88104BDA
S21400D900D9805A8000232A4600930121FF2329F05C
S21400D91034FF2B78044613F0040F0A4B08BF012689
S21400D9201B7818BF032613B108F020FFA855064B36
S21400D9301C8002B0BDE87040FFF7B0BAF758002070
S21400D940D8510020F4580020E6510020D0E90232D9
S21400D95053F82230034A1B78003B18BF012313708C
S21400D960704700BFF358002010B50C4608B907F002
S21400D97089FE024B18715C7110BD00BFD8510020A3
S21400D98002462DE9F341D0E90253526855F82310B8
S21400D990D21A0C8805EB8301013BDBB255F82380D5
S21400D9A0294D022A4868C8BF8A682B78D8BFFF214D
S21400D9B00078C8BF11783BB901210220234A02B083
S21400D9C0BDE8F04100F074BEFFF7CEFF06F06AFA3D
S21400D9D01F4F204E3B880146224600931E48334682
S21400D9E029F033FC0246C8B998F804103B885F2932
S21400D9F017D1CDE900364FF6FF712046164B28F0BA
S21400DA0087FD28B1034601210220144A00F050FE8B
S21400DA100023134A2B701380124A137002B0BDE81D
S21400DA20F0814FF6FB718C4208D9CDE900362146CD
S21400DA30094B4FF6FF7028F0C9FDE2E72146064A7B
S21400DA40009628F0F5FDDCE7F65800208EF6030079
S21400DA50E6510020F7580020D851002095F6030024
S21400DA60E4510020F5580020002210B50A21044693
S21400DA701046FFF74FFA002027F006FE0122044B5F
S21400DA801A70FFF70BFA2046BDE81040FFF778BF84
S21400DA901F5E002038B51C4615460123224629F095
S21400DAA08BFE60B9214628462AF062F8044620B16B
S21400DAB001210420034A00F0FBFD204638BD002467
S21400DAC0FBE700BFBCF603002DE9F0430C46154605
S21400DAD01F46D0E9022352F8231002EB8302936814
S21400DAE00E8893F80080D3688BB0B3F80090324667
S21400DAF0012106ABFFF7CEFFF0B90DF1200CF4B113
S21400DB0001232A884021CDE902C2CDE90471CDE97E
S21400DB1000932221434606AA304629F084FE0B4B8A
S21400DB200B4A00930B4B0190002C08BF13460121B3
S21400DB300420094A00F0BCFD0BB0BDE8F083624645
S21400DB4028686968032303C22246DBE71BF7030045
S21400DB5000F70300FAF6030008F7030007B50123F1
S21400DB606A46002129F028FE6846034908F04EFB65
S21400DB7003B05DF804FB00BF61C60000D0E90232C6
S21400DB8053F822300149188808F012BB61C600001D
S21400DB9010B5D0E9023203EB8201496853F822300F
S21400DBA009784FF48A52188829F02DFEBDE81040F7
S21400DBB0034601210420014A00F07ABD25F7030040
S21400DBC0D0E9023253F8223002214FF48A5210B5BF
S21400DBD0188829F00AFEBDE81040034601210420FB
S21400DBE0014A00F065BD00BF3EF703001FB5D0E94F
S21400DBF0023203EB820153F82230496818884FF44A
S21400DC008A5309880293094B094A0193094B1B78EA
S21400DC1000931278084B29F05EFE0121034604208B
S21400DC20064A05B05DF804EB00F042BDE85100205E
S21400DC30F7590020F6590020F251002055F703004E
S21400DC402DE9F043D0E9023253F8221003EB8203A9
S21400DC505A680E8817789A68DB688BB092F800903E
S21400DC60B3F800803246042106AB0446FFF712FFE5
S21400DC7028BB08AD01232A460521204629F09CFD35
S21400DC8038B9042001210F4A00F012FD284628F07A
S21400DC903FFE4FF48A53CDE904930023CDE90253A7
S21400DCA003232121CDE9008306AA3B46304629F00E
S21400DCB0BAFD01210346044A042000F0F9FC0BB02B
S21400DCC0BDE8F0836DF703009CF7030038B5D0E994
S21400DCD0024303F18043023B02220F4954F823001B
S21400DCE09D000CF083FC60B90C4B0D491A78042A91
S21400DCF00BD82C44A068008821F8120001321A7054
S21400DD0038BD084B08491A78F1E70121BDE83840CC
S21400DD100420064A00F0CCBC90200400F7590020EE
S21400DD20F2510020F6590020E8510020AEF703001B
S21400DD3008B5C368806803F18043023B02220649A7
S21400DD4050F823000CF052FC10B9044B187008BDB4
S21400DD500022034B1A70FAE790200400F7590020BF
S21400DD60F659002037B5D0E9023153F821208C004F
S21400DD7015784268521A012AC5BF1B195B686C09E0
S21400DD801C78DCBF44F0180405F01F052946204621
S21400DD9029F065FC034640B12346012104200E4AC3
S21400DDA0009500F085FC03B030BD0121A94074B990
S21400DDB02346FE224FF6FF7029F000FF012103469E
S21400DDC00420064A03B0BDE8304000F071BCFE22D5
S21400DDD041EAC461EEE700BFC4F70300E4F70300BE
S21400DDE070B5D0E9021551F8253001EB85010446DF
S21400DDF018884B681A788B68052A1B8802D85E1E1E
S21400DE00072E0BD9012104200C4A00F051FCBDE876
S21400DE107040012104200A4A00F04ABC6468641B72
S21400DE20032CCABFC9680749096829F0C7FEBDE8C0
S21400DE30704002460449002007F0E0BC02F80300E8
S21400DE4022F8030000F8FF073FF8030008B5D0E902
S21400DE50023253F8220003EB82035968FF2203883C
S21400DE6009684FF6FF7029F0A9FEBDE80840024693
S21400DE700149002007F0C2BC52F8030008B5D0E9FB
S21400DE80023253F8223005214022188829F0ADFCD2
S21400DE90BDE8084002460249002007F0AFBC00BFBC
S21400DEA073F8030008B5D0E9023203EB8201486834
S21400DEB053F82210027840230988312029F0E8FC24
S21400DEC0BDE8084002460249002007F097BC00BFA4
S21400DED094F8030008B5D0E9023203EB82014868E3
S21400DEE053F82210027840230988332029F0D0FC0A
S21400DEF0BDE8084002460249002007F07FBC00BF8C
S21400DF00AEF803001FB5D0E9023253F8221003EB37
S21400DF1082039B6808881A780023D21A18BF012249
S21400DF20CDE9023302A94023D20129F0C0FC012129
S21400DF300090044B0420044A00F0BAFB05B05DF8DC
S21400DF4004FB00BF1BF70300CCF8030007B5D0E9BD
S21400DF50023253F8223003214022188829F045FC6B
S21400DF6001210090034B0420034A00F0A1FB03B0FC
S21400DF705DF804FB1BF70300DBF8030037B5C36846
S21400DF808268053352F8233004211D786A4601233F
S21400DF90044629F011FC38B904200121064A00F095
S21400DFA087FB684628F0B4FC2B466A4600212046CC
S21400DFB0FFF78AFD03B030BDF5F8030007B5D0E9DA
S21400DFC0023203EB8201486853F82210027840239D
S21400DFD00988322029F05CFC01210090034B0420C4
S21400DFE0034A00F065FB03B05DF804FB1BF7030073
S21400DFF026F9030070B585690446EA0705F00206AF
S21400E00005D476B1C5F3072029F0A8F909E01EB1BA
S21400E010B2210F482FF04CFFA069C0F3810029F011
S21400E0208CF9E3691BB9BA2109482FF041FF204655
S21400E03014F0D0F9E3693EB1607E9847AB0706D08E
S21400E040BDE8704029F07EB920469847F6E770BDD7
S21400E0503BF9030008B514F0D1FD28B1BDE808402F
S21400E060472102482FF024BF08BD00BF3BF903003C
S21400E0702DE9F041FF2B04460F4690461D469DF8BD
S21400E080186005D0FF2E03D0D52111482FF010FFC1
S21400E0900023FF2D18BFAD000E4A1CBF45F001053A
S21400E0A0EDB222600C4AC4E9063818BFA561FF2EFF
S21400E0B0C4E901232361E76007D0A36943F00203A4
S21400E0C023F47F4343EA0623A361BDE8F08100BF43
S21400E0D03BF9030084380020F5DF0000002310B56C
S21400E0E0054C03610460054CC261C0E9014301238D
S21400E0F0C160836110BD00BF84380020F5DF0000DA
S21400E10070B58669044606F00303032B0D4603D15B
S21400E110FC2114482FF0CCFEFF2D16D0B20704D4F5
S21400E12040F201110F482FF0C3FE284628F0B0FD3C
S21400E130FF28054604D14FF482710A482FF0B8FE36
S21400E1402DB204EB4514204670BDF307FBD5A3693A
S21400E15013F00C0FF7D040F20B1102482FF0A8FE78
S21400E160F1E700BF3BF903000023054AC0E906318A
S21400E17003610260C360034A034B426083607047DA
S21400E18084380020F5DF0000A123020001482BF0B0
S21400E19015BC00BF8438002001482BF01BBC00BF14
S21400E1A08438002013B50E482BF0E2FB27F0E8FA7F
S21400E1B02AF090FB2AF0ACFB2AF0B3FBFCF748FFF2
S21400E1C00446FCF75FFF2346009001210420054A21
S21400E1D000F06EFA02B0BDE81040FCF73FBF00BF8B
S21400E1E084380020CEF90300022808B503D12FF0AA
S21400E1F058FE014B186008BDB438002008B50CF076
S21400E2000FFF0122044B1A702FF0D4FEBDE8084021
S21400E21002490348FDF7E4B8F95900201C630020C2
S21400E220B8380020014B1870704700BFF85900201E
S21400E230024B187808B105F019BE70479E6800209A
S21400E24008B5074B1B780BB1002008BDFFF7F0FFA1
S21400E2500028F9D106F0E4F9023818BF0120F4E7E7
S21400E260F859002070B5FFF7EBFF174D20B1FFF708
S21400E2708DFF0428044613D82B781BB92FF09AFE7E
S21400E28001232B7027F08AFA0446D8B12B781BB9E5
S21400E290F7210E482FF00CFEBDE87040FFF776BF62
S21400E2A027F07EFA0028E7D02B785BB12FF001FD2F
S21400E2B00646002101202DF0C1FE30462FF0F4FC6A
S21400E2C000232B70204670BDF9590020EFF903009B
S21400E2D01FB5FFF7C7FF0446FDF72CFAA04228BF7C
S21400E2E0204688B103A92EF095FA034638B9CDE941
S21400E2F00000064A039906482FF0EFFD18B18E215C
S21400E30004482FF0D5FD012004B010BD9B57030034
S21400E31094380020EFF903000D4B70B51B780D4DB7
S21400E3200D4C0121002B0CBF2B46234602200B4A26
S21400E33000F0BEF90A4B01211B780220002B0CBF0F
S21400E3402B462346BDE87040064A00F0B1B900BF30
S21400E3509E680020AF200400CE20040085FA03004B
S21400E360F8590020A4FA030010B5D0E9023253F899
S21400E370223002201B780121002B15BF0124002427
S21400E380044A054A00F094F92046BDE81040FFF71D
S21400E39049BF00BFC3FA0300E0FA0300D0E9023227
S21400E3A053F82230034A1B78003B18BF0123137032
S21400E3B0704700BF9E68002038B50125084B1D70C9
S21400E3C02FF077FC0446294628462DF037FE2046D7
S21400E3D02FF06AFCBDE8384002490348FDF700B854
S21400E3E0FA59002024630020E038002070B514F0AD
S21400E3F08BFC10F0070F1D4D11D02B785BB9012652
S21400E4002E702FF056FC0446314630462DF016FE90
S21400E41020462FF049FCBDE8704014F039B929F0C9
S21400E420A9FB0228E9D1124C2378032BE5D914F076
S21400E4306BFC10B92378032B14D814F029F9044682
S21400E4400028DAD02B785BB100262E702FF031FC36
S21400E4500546314601202DF0F1FD28462FF024FC1C
S21400E460204670BD4FF0FF34ECE700BFFA5900209D
S21400E4709E5E00201FB5FFF7B9FF0446FDF75AF968
S21400E480A04228BF204688B103A92EF0C3F9034650
S21400E49038B9CDE90000064A039906482FF01DFD5D
S21400E4A018B18C2104482FF003FD012004B010BDE4
S21400E4B0675D0300C0380020FFFA030010B5094C62
S21400E4C00949002007F080F923681B68587928F06E
S21400E4D015FC23681B68587927F04EFC04F092FE62
S21400E4E0002010BDE03D00208DFB030008B529F09C
S21400E4F031FB024628B1BDE808400020014907F07C
S21400E50063B908BDB0FB030008B529F039FB024625
S21400E51028B1BDE808400020044907F055B9542248
S21400E520BDE80840FF2102480BF014BDC8FB0300FD
S21400E530FC51002038B504460D4629F025FB02465E
S21400E54028B1BDE838400020034907F03DB9034B29
S21400E55023F8145038BD00BFE6FB0300FC51002032
S21400E5602DE9F34100240C4E0C4DDFF838800C4F9B
S21400E57056F8043B0BB9D8F8003035F8022B39466C
S21400E580009200202246013407F01EF92A2CEFD113
S21400E59002B0BDE8F08100BF30630020505200207A
S21400E5A002FC03002C63002008B52A21034829F04A
S21400E5B0E3FABDE80840FFF7D3BF00BF5052002083
S21400E5C007B5D0E9023253F822301A78292A0DD836
S21400E5D0084B53F822300BB9074B1B68074900203D
S21400E5E031F812100091064907F0EEF803B05DF816
S21400E5F004FB00BF306300202C6300205052002034
S21400E60002FC030008B52A21034829F0B7FABDE842
S21400E6100840FFF7A5BF00BF5052002038B5D0E92C
S21400E620023253F8221003EB82035B680C781D88D5
S21400E6300020044907F0C8F829462046BDE83840BF
S21400E640FFF778BF0DFC03002DE9F34100240C4EC4
S21400E6500C4DDFF838800C4F56F8043B0BB9D8F851
S21400E660003035F8022B394600920020224601344D
S21400E67007F0AAF82A2CEFD102B0BDE8F08100BF5F
S21400E68030630020FC51002002FC03002C630020B5
S21400E69010B5024627F086FB20B9044C236811B15A
S21400E6A01343236010BD23EA0203FAE7DC6300206D
S21400E6B00CB413B502460C4627F074FB60B9094B40
S21400E6C01B681A4208D005A9049801910AF044FB79
S21400E6D014B105482AF08AF802B0BDE8104002B02E
S21400E6E0704700BFDC6300200CFF0300034610B534
S21400E6F0D3E9023253F8223008461C78211E18BF90
S21400E7000121FFF7C5FF014648B9084A084B022019
S21400E710002C08BF1346074AFFF7CAFF10BD0021AA
S21400E7200220054AFFF7C4FFF8E700BF12EB03001C
S21400E7300AEB03000EFF030024FF03002DE9F0415F
S21400E74005461F460C46DFF82C808E18B44201D1D1
S21400E750BDE8F0810021284614F8013B069AFFF731
S21400E760A7FF002FF2D0424600212846FFF7A0FF61
S21400E770ECE700BF98F1030002460249002007F0CC
S21400E78023B800BF35FF030010B5234C2348FF21F4
S21400E79026F0E8FF207802281ED003282ED0012875
S21400E7A004D02120BDE81040FFF7E6BF1C4B1978C7
S21400E7B00029F7D002231B4A23701378052B0EBFBF
S21400E7C000230133DBB29942137003D10523137083
S21400E7D00020E7E7052BFBD0124B1B78052B02D158
S21400E7E003232370DDE7104A104932F8230007F0B0
S21400E7F0DFFC032323700028D4D110BD094B0C4A3C
S21400E8001878094B03EB8001897833F8200007F06D
S21400E8109FFC0123EEE700BFFB590020E8380020EC
S21400E820045A0020A0680020A452002011EA00002C
S21400E830BDE900002DE9F04F0D46144695B0049052
S21400E840112200210FA89946DFF86C810BF082FB9D
S21400E85004EB45030393D9F800301C2B02D0039B2E
S21400E8609C4202D115B0BDE8F08F0123DFF844A129
S21400E8708DF81C3023884C4AADF81E309AF80030CC
S21400E8804A4D08EB83039B7828788DF82030136870
S21400E8908DF81D00CDF821305368CDF8253028F0CE
S21400E8A053FD049B8DF8290021882878002B4AD137
S21400E8B028F015FA002844D09AF800300FAA38F845
S21400E8C0230007A927F08AFA00283AD028F034F85F
S21400E8D04FF0000B074606461C255FFA8BF2974260
S21400E8E034D8B7422BD99DF81C30032B1AD10FAB66
S21400E8F00193BDF8213000220421009301202C4B07
S21400E90006F0E8FD9AF8003008EB83039978274B69
S21400E910187806F05BFE9AF80030002038F82310CE
S21400E92028F063FC5DB107A9304629F063F8214B57
S21400E93005461B78304638F8231029F05DF8C9F8EC
S21400E9400050023487E728F0C1F9B3E710460BA958
S21400E950059229F04BF830B99DF82C1031B9059A7C
S21400E960B74208BF16460BF1010BB6E7BDF82E00FE
S21400E970BDF81E209042F6D19DF830009DF820206C
S21400E9809042F0D19DF81C208A42ECD1032A14BF95
S21400E990082202220DF121010DF131000BF026FEB6
S21400E9A0002808BF0025DEE7FC5900209F680020ED
S21400E9B0B2010400A0680020A452002013B503464C
S21400E9C00020114A9C6812780190052A03D01B7813
S21400E9D0032B00D12CB9012002B0BDE81040FFF790
S21400E9E0CBBE6268217801ABFFF724FF217A0120B5
S21400E9F0E26801ABFFF71EFFFF21044802B0BDE846
S21400EA00104026F0A7BE00BFA0680020E83800200F
S21400EA10094B1B78052B02D00378032B02D001206C
S21400EA20FFF7AABE8168054A0B68054813604B6865
S21400EA30FF21536026F08EBEA0680020FC590020FF
S21400EA40E838002038B50024114B124D1870124BD0
S21400EA50FF211C702C7006F0B9FD01220321104620
S21400EA600E4B06F037FD4FF6FF712246084628F09B
S21400EA70BFFB044648B940F6B832FF21084826F0E6
S21400EA8060FE01232B70204638BDFFF775FEFAE7BF
S21400EA909F680020FB590020045A002038330400E9
S21400EAA0E8380020144BF0B51A6814491368097842
S21400EAB0587988420BD11249D78808460022114D52
S21400EAC01E792B78D4B2A34203D8052C0AD1002095
S21400EAD0F0BD0C88BC4202D18C78B442F7D001322B
S21400EAE00431EFE7A342F2D120F82270013300EBA5
S21400EAF0820086702B70EAE7E03D00209F680020C9
S21400EB00A4520020045A0020FF2307B50021044A1F
S21400EB1004480093FFF7ACFA03B05DF804FB00BFAF
S21400EB2089E70000E83800201FB5B4230321044617
S21400EB30ADF80E3028F0CAF898B12123204600938D
S21400EB40002203210DF10E0328F06FFA0446002080
S21400EB50054B064A0649009406F036FE204604B0E9
S21400EB6010BD8624F3E700BF5FFF03006CFF0300C1
S21400EB7081FF0300D0E9023253F82230034A1B78A3
S21400EB80012113700220024AFFF792BDBB680020E5
S21400EB9090FF03000122014B1A707047BB680020EB
S21400EBA00A4B90F805111B7890F8082119448A4200
S21400EBB0BCBFB2FBF3F103FB11234FF0FF32B8BF2B
S21400EBC0DBB202FA03F380F80A317047BB68002014
S21400EBD02DE9FF410446057F867EDFF870806E4390
S21400EBE0237F98F8002013449D4212DB607F60B9B3
S21400EBF0238B029363690193237C00936288A31D91
S21400EC00217805F0EFFDFF232370002004B0BDE857
S21400EC10F081E37EAB42E9D9A77E228BF1199142BF
S21400EC20A4BF921BD7B205EB0323E3813A463346D3
S21400EC302946204627F0ECF80028E7D1637F3744C2
S21400EC40013301356377BEB2EDB2C9E7BB68002079
S21400EC5037B5054628F004FF0D4B04461B68694689
S21400EC601B78032B82BF0B4B1B881B18284688BFBC
S21400EC709CB228F07DFF38B9684628F0F3FE18B934
S21400EC80044B1B8823449CB2204603B030BD00BF13
S21400EC901C3D002048680020084B1B78FF2B0BD13A
S21400ECA0074B1B78FF2B07D1064B1B78022B03D094
S21400ECB04FF4807028F0DEBA704700BFE063002093
S21400ECC0383A00200839002010B50446FF2126F007
S21400ECD049FD054B9C4202BF0023A4F588742370AF
S21400ECE0BDE81040FFF7D8BF183A00202DE9F047DE
S21400ECF09A462A4B81461B7888461646BDF8205011
S21400ED00002B49D0FF2D3ED938252846BDE8F08790
S21400ED10234B0C223146A01D636184F80090A4F8B2
S21400ED2002800BF069F9A289414642F4004242F0A3
S21400ED3040022046A28127F07DF82A4651466069A7
S21400ED400BF05AF941464846A21D258328F0C9FB18
S21400ED50A0760028D8D00544013DB5FBF0F0FF288A
S21400ED60D2DC0023E0762046A383FFF731FF05467A
S21400ED7080B923794FF48070B37228F03CFA227C75
S21400ED80099B1A80C1E7074C2778FF2FC0D040F6B2
S21400ED900345BAE72770F2E70225B6E7BB6800200E
S21400EDA0065A0020383A0020B0F9063010B5002B7D
S21400EDB025DA144C2278237CFF2A02D0827A9A42E3
S21400EDC007D0114C2378FF2B17D0827A237C9A42E7
S21400EDD013D169B9637F013BDBB263775BB90B4A3A
S21400EDE0237F1278204613442377FFF7F1FE01466F
S21400EDF0204627F02EF8FFF74FFF012010BD002019
S21400EE00FCE700BF383A0020E0630020BB68002023
S21400EE102DE9F04F9A46B1F9063091B0002B0D4619
S21400EE201746DDF86880049080F22981B8F8003033
S21400EE30FF2B04D94FF4B871A6482FF039F8A64B2B
S21400EE4000241A7893F80401B3F80211002A40F05F
S21400EE50A5802E7AA14A1278B24240F2AF800222F2
S21400EE60A3F802711A70AA7AFF2483F804210022FC
S21400EE70A3F8084183F80521A3F80621B8F8002076
S21400EE80954883F80C21FFF78BFE3846FFF7E0FE27
S21400EE90214600EB4002924826F053FC4FF4807067
S21400EEA028F0A9F98C4C94F80A91B9F1FF0F20D1FB
S21400EEB08A4A94F8053112781344B34219DC94F860
S21400EEC00C1184F80531B4F80631204601FB0233F4
S21400EED0A4F80631FFF764FE0122824B38461A700A
S21400EEE0FFF7B6FE494600EB400204F5887026F0B0
S21400EEF028FC94F80531B34260D8DFF8E0B19BF8FF
S21400EF0000C00CEB0302964258DA764994F80821C2
S21400EF100878013A002853D0964205DAB8F800205F
S21400EF2084F80C2100220A70B6FBFCF901220CFBC7
S21400EF30196994F80A015FFA89F902FA09F2D1B25E
S21400EF40024076B92889000A844584F8080108D961
S21400EF502046CDE906210593FFF722FEDDE90621CE
S21400EF60059B94F80A01014384F80A1182B994F8C3
S21400EF700921B4F806C1013284F80921B8F8002046
S21400EF80DAF800100CEB0200FF2826DD03232370BE
S21400EF9094F80831013B9E4230D138E0AE7A864282
S21400EFA002D18F4200D11C462E7A002C7FF47BAF14
S21400EFB0002A3FF44FAF012A3FF44CAF01205FE038
S21400EFC09642B1DA94F80C1198F800209142ABD032
S21400EFD004F58870FFF778FEF0E794F80CE1F31A72
S21400EFE00EFB03C3A01C10FA83F005920BF004F886
S21400EFF094F80831059A013B9E4244D0012394F8C8
S21400F0000A2103FA09F3013B1343FF2B04D12246DE
S21400F0102946384626F00FFF94F8083194F809215F
S21400F0209A42CBD19BF80030B2FBF3F103FB1122DE
S21400F03012F0FF0218BF13462278022A26D1264A6B
S21400F040023410785178012804BF01315170012232
S21400F05024F8022CEA88B4F8041122F04002EA8070
S21400F06094F809210A44591E94F80A3113FB01F357
S21400F0701344A8F80030CAF80040FFF70DFE002041
S21400F08011B0BDE8F08F84F80B21C0E7697900293C
S21400F09094D0032A92D1B4F8062194F80B1108AE46
S21400F0A011445A1E94F80C31284613FB02F30B4405
S21400F0B000219BB2A21CA8F80030CAF80020CDE9B7
S21400F0C000710296049907F05FFD8921304628F00A
S21400F0D005FA7DE7B7FF030008390020BB6800206B
S21400F0E0183A0020055A002013B5044618B1012826
S21400F0F00BD002B010BDFF2301460093064A074816
S21400F100FEF7B6FF064B1C70F3E7FFF743FDFF2242
S21400F110044B1A70EDE700BFC9EC0000183A002057
S21400F12008390020383A002013B501A909F0D2FEAC
S21400F130044648B9BDF806309DF80420034906F099
S21400F14043FB204602B010BD8120FBE74E000400C2
S21400F15013B5694609F0CAFE044688B9BDF8023000
S21400F1609DF80020074906F049FB2046019906F065
S21400F1709DFA2046044906F027FB204602B010BD43
S21400F1808120FBE7720004009800040037B569464A
S21400F19009F0D0FE044618BB9DF801309DF800200B
S21400F1A0104906F02BFB104D9DF80120E3B29A4261
S21400F1B006D800200D4906F007FB002003B030BD3E
S21400F1C00198630003F4FF7302220021184428F01C
S21400F1D09EF829460246002006F010FB0134E3E7BD
S21400F1E08120EBE79A000400C900040038330400CD
S21400F1F013B501A909F074FE044648B9BDF80630F7
S21400F2009DF80420034906F0DFFA204602B010BD40
S21400F2108120FBE7D300040030B500240B4D85B0F9
S21400F2206946E0B228F0E2FB50B99DF80030032BA7
S21400F23006D12946BDF805309DF8012006F0C4FA2F
S21400F2400134202CECD105B030BD00BFFA0004001C
S21400F25008B50020034906F0B7FABDE80840FF20CD
S21400F26000F0DEBA0C0104002DE9F04F85B006462A
S21400F2700D46174626F02DFE044640B130463A4667
S21400F280294626F010FE002005B0BDE8F08F4FF0AE
S21400F29003094FEA15285FFA84FA6946504628F0B3
S21400F2A0A5FBB8B99DF800B0BBF1000F12D16946B6
S21400F2B050468DF800908DF805508DF806808DF834
S21400F2C0016028F097FB02460028D7D0584606492A
S21400F2D006F07AFA0134202CDDD10020034906F02E
S21400F2E073FA8920D0E700BF21010400480104001A
S21400F2F01FB5002304468DF80F3026F0D5FD28B143
S21400F3009DF80F3063F07F038DF80F3018230193BC
S21400F3100DF10F030022009304214023204627F01E
S21400F32073FE024618B10020024906F04DFA04B0FA
S21400F33010BD00BF630104001FB502A909F0E8FD77
S21400F340044688BBBDF80820184906F057FA204640
S21400F350039906F0ABF92046154906F035FA4FF644
S21400F360F672BDF80810134C4B1E9BB2934219D888
S21400F3702368039A1B685879FFF776FF23681B7982
S21400F380012B0BD8BDF808300022CDE9000304217C
S21400F390094B092006F09EF828F09AF86FF0FF0057
S21400F3A004B010BD8720E9E78120F9E78201040058
S21400F3B098000400E03D00209901040070B5044662
S21400F3C08AB005AD1122002128460AF0C3FD20466A
S21400F3D004A909F091FD044600283AD11E4EBDF856
S21400F3E010201E4906F0F0F932681379012B28D850
S21400F3F04FF6F670BDF810104B1E9BB2834224D811
S21400F4001368587926F065FD08B333682A461B68EA
S21400F410BDF81010587926F045FDBDF810300122D1
S21400F4200421CDE9004309200D4B029506F052F861
S21400F43028F04EF8034620B100200A4A0A4906F092
S21400F440C3F96FF0FF000AB070BD8724E5E78B2490
S21400F450E3E78120F7E700BFE03D00209C010400C1
S21400F460B1010400B5010400C00104002DE9F04715
S21400F4709AB004A909F058FD0446002840F0B5806B
S21400F4809DF810205B4906F0B9F925465A4E9DF8BE
S21400F4901020EBB29A4254D80020584906F094F94E
S21400F4A09DF81050002D40F099802C462E46544F63
S21400F4B006A9F0B228F09AFAC8B99DF81830032BBE
S21400F4C015D13B689DF819201B685B799A420ED1CE
S21400F4D09DF81D2005F168036B4403F8402C9DF849
S21400F4E01E200235013403F83F2CEDB2E4B201369B
S21400F4F0202EDDD19DF810300BB1002C77D00AAB52
S21400F500CDE90143FF2302220421009309203D4B4D
S21400F510039505F0DFFF27F0DBFF034660B19DF89B
S21400F5201020002A5FD0384A3849002C08BF0A4607
S21400F5300020374906F048F96FF0FF001AB0BDE822
S21400F540F08705986B0003F4FF730222002118442D
S21400F55027F0DDFE31460246002006F04FF9013561
S21400F56095E70598730003F4FF7302220021184400
S21400F57027F0CDFE002780465FFA80FA06A9F8B28B
S21400F58028F034FA00BB9DF81830032B1CD1D9F8AC
S21400F59000309DF819201B685B799A4214D19DF8BB
S21400F5A01D30534510D19DF81E30C8F307229A42ED
S21400F5B00AD105F168036B440235013403F840AC08
S21400F5C003F83F2CEDB2E4B20137202FD6D1013636
S21400F5D09DF81020F3B29A42C3D88BE70025DFF8D7
S21400F5E020902E46F4E7084AA2E78120A6E78B2063
S21400F5F0A4E700BF1A020400C90004003833040060
S21400F600E03D002039020400EB010400090204007A
S21400F6103D0204002DE9F04389B002A909F072FC0E
S21400F6200446002867D1BDF80820344906F0CCF817
S21400F6304FF6F672BDF80850DFF8D4906B1E9BB2FA
S21400F640934254D8D9F8003029461B685F7938466B
S21400F65026F03FFC00284CD026465FFA86F8404647
S21400F66003A928F0C3F928B92946384603AA26F084
S21400F6701DFC20B90136202EEFD14FF0FF08404682
S21400F68028F0B2F9014658BB112203A80AF062FC22
S21400F6902946384603AA26F006FCD9F800301A791F
S21400F6A0012A18D81B68BDF80810587927F0F0FD15
S21400F6B0BDF8083003220421CDE900430920104B91
S21400F6C005F008FF27F004FF034620B100200D4A8E
S21400F6D00D4906F079F86FF0FF0009B0BDE8F08339
S21400F6E002460A49002006F06FF80124D5E7872471
S21400F6F0D3E78B24D1E78120EFE700BF5F02040049
S21400F700990104009D020400C00104007602040072
S21400F710E03D00202DE9F043DFF894800020D8F883
S21400F720003021491B688BB05E79002506F04CF846
S21400F73001275FFA85F9484601A928F057F90446DB
S21400F74090B99DF80430032B0ED19DF80530B342D6
S21400F7500AD1484628F048F90146A0B102461349A6
S21400F760204606F031F827460135202DE1D1D8F89D
S21400F770003000211B68587927F08AFD87F00100C9
S21400F7800BB0BDE8F083112205A80AF0E3FBBDF834
S21400F79009403046214605AA26F085FB214630461C
S21400F7A027F076FDE0E700BFAA0204007602040018
S21400F7B0E03D002037B5694609F0B0FB044638BB8B
S21400F7C0BDF80020134906F019F8134D204601999C
S21400F7D005F06CFF2046114905F0F6FF2B681B6804
S21400F7E0587927F064FE70B14FF6F672BDF8001037
S21400F7F04B1E9BB2934209D82B68019A1B68587916
S21400F800FFF732FD0446204603B030BD8724FAE7F2
S21400F8108120F9E7BE020400E03D002098000400C5
S21400F8207FB505460024E6B26946304628F0DEF885
S21400F830A8B99DF80030032B11D19DF80130AB42DA
S21400F84004D0FF2D0BD19DF80D3043B9304628F07B
S21400F850CBF8024618B10020034905F0B5FF013485
S21400F860202CE0D104B070BD76020400034B1B6868
S21400F8701878012808BF0220704700BF1C3D0020F2
S21400F880D0E9023253F822301A78024B1A7000F090
S21400F890E7BA00BF055B002070B5D0E902456B1ED5
S21400F8A0DBB254F8230003221B490AF09FFE54F8EB
S21400F8B0253004EB8504197863681A78A2F10B03E7
S21400F8C00F2B05D915490020BDE8704005F07CBF18
S21400F8D001290FD1124C9140236840B90B43114ABD
S21400F8E023600020BDE870400F4905F06DBF23EA95
S21400F8F00103F4E702290CD101230C4903FA02F2B2
S21400F9000B6818B913430A4A0B60EAE723EA0203B6
S21400F910F9E70A460749D6E7E2020400E6020400D1
S21400F92004640020FC0204000403040000640020B9
S21400F930170304002103040007B5D0E9023103EBE6
S21400F940810253F821300B491B785268012B0A4B71
S21400F95008BF0B4612684FF000001A600092074A74
S21400F960074B084918BF1346074A05F02DFF03B09A
S21400F9705DF804FB04640020006400203C030400DF
S21400F98034030400460304004884040038B5254ABE
S21400F990254B264C0020264905F016FF0020254959
S21400F9A005F012FF22682449002005F027FF206892
S21400F9B0224C234D05F0E2FE2146002005F004FF10
S21400F9C02A682049002005F019FF286805F0D6FEB1
S21400F9D02146002005F0F8FE1B4B1C491A781C4BEC
S21400F9E0002053F8223005F0EFFE00F00DF919491B
S21400F9F00246002005F0E8FE174B00201A7817494B
S21400FA0005F0E2FE164B17491A78002005F0DCFEDA
S21400FA1004F020FABDE8384002461349002005F0FD
S21400FA20D3BE00BF488404006003040004640020C2
S21400FA30670304006F0304007D03040021EC030049
S21400FA40006400208E030400335B00209F03040044
S21400FA5008640020B2030400185B0020C6030400FC
S21400FA60175B0020D8030400EA03040007B500F083
S21400FA7071F8054B0090054A0020054905F0A4FEE4
S21400FA8003B05DF804FB00BF0004040048840400D3
S21400FA9081FF0300F8B504460B4F0C4E0C4D0020BA
S21400FAA00C4A0D4905F090FE20463B7829783278BE
S21400FAB0F6F726F900233B7033702B70FF21BDE864
S21400FAC0F840064825F04EBE335B0020175B00204A
S21400FAD0185B00204884040005040400583A0020FF
S21400FAE037B51248FF2125F03DFE114B187810F06F
S21400FAF0100505D0002003B0BDE8304003F01CBF61
S21400FB000121B42004F020FB04460A4B0A4A0B49A4
S21400FB100090284605F058FE2046FFF7BBFF4FF43E
S21400FB20806003B0BDE8304027F0A4BB583A002000
S21400FB30335B00201C0404004884040081FF03009B
S21400FB400021024A0248FEF7C9BA00BFE1FA0000E7
S21400FB50583A002008B5054B1B7823B11720FFF74D
S21400FB6099FF002008BD0220FCE700BF335B0020A1
S21400FB7010B550B1054B00F1100250F8044B9042FE
S21400FB8043F8044BF9D1024B197010BD195B0020E5
S21400FB90295B002037B5174D04462B78DB0626D5A3
S21400FBA00090154B0020154A154905F00DFE1E2C39
S21400FBB00BD0652C09D0032C19D0002027F096FF17
S21400FBC040F61C40FFF766FF0DE027F0B7FF4FF446
S21400FBD0FA63B0FBF3F202FB1300C218FF210948D8
S21400FBE092B225F0AEFD2B7823F010032B7003B0F5
S21400FBF030BD00BF335B0020350404004884040099
S21400FC0081FF0300583A0020014B1879704700BF67
S21400FC10B852002070B54C4E8EB0337803F0FB021D
S21400FC20A3F10905022AEDB258D0042B41F60412BE
S21400FC3057D0A3F108014B424B415B0013434348A6
S21400FC40ADF80C3026F075F948B9414B3F4A03F140
S21400FC50100153F8040B8B4242F8040BF9D13D4BCC
S21400FC601B78002B3FD03C4B0DF10E0203F1100128
S21400FC7053F8040B8B4242F8040BF9D103A827F083
S21400FC8055FF2328044610D1012D49D80020334AB9
S21400FC90334905F099FDBDF80C3003A823F4005352
S21400FCA0ADF80C3027F042FF0446002C41D14FF44B
S21400FCB00C7027F039FF044600283AD103F0FAFE0C
S21400FCC0012D36D8274A01AB1068516803C3264970
S21400FCD001A827F08FFF78B319242AE043F6041210
S21400FCE0A7E70223AAE73378042B0DD0082B0BD006
S21400FCF01E4B0DF10E0203F1100153F8040B8B425C
S21400FD0042F8040BF9D1B9E7104A0DF10E0302F1DF
S21400FD10100152F8040B8A4243F8040BF9D1ADE700
S21400FD20337803F0FB03022B03D10020104905F0C3
S21400FD304BFD20460EB070BD044901A827F05AFFBF
S21400FD4004460028C8D1F4E7335B0020075B002098
S21400FD5002050400295B0020195B0020488404008B
S21400FD605904040013050400388404001C0504002C
S21400FD70B404040070B5002686B00446252027F09B
S21400FD80BBFE1622002116480AF0E4F8154B1E604A
S21400FD90154B1878FFF76AFD022814BF01230423C9
S21400FDA003208DF8083027F0F5FE04238DF8103078
S21400FDB00E4B02A80593039403F030FD05460C4B4A
S21400FDC00C4A19680C4B3046A14208BF13460094F3
S21400FDD00A4A0B4905F0F8FC284606B070BD00BF7D
S21400FDE0B8520020783A0020335B0020D50001008E
S21400FDF004640020340304003C0304004884040028
S21400FE002D05040008B5134A1378042B09BF124BBE
S21400FE1001331B78C3F10603DBB2137003F0FD0257
S21400FE20092A04D11720FFF735FE172008BD0A4A15
S21400FE301278002A14BF052206229A4207D1074BE1
S21400FE4018680028EED0FFF795FF4D20EEE700205B
S21400FE50ECE700BF335B0020295B00200064002035
S21400FE6073B51E4C1E4E23683268134334D01D4BA8
S21400FE701B6853B31C4D2B783BBB03F0EBFFF8B964
S21400FE804FF4806027F0B7F9184B24681B7894B1BC
S21400FE90C3F102032B7003F047FD2046FFF76AFF0D
S21400FEA004460020124B134A1349009405F08CFCBC
S21400FEB0204602B070BDC3F1060334682B70EAE733
S21400FEC00121B42004F040F9EAE70020094A0B4972
S21400FED005F07AFC0224E4E70224E9E70464002043
S21400FEE0006400201C3D0020335B0020295B0020BE
S21400FEF0750504004884040081FF03005B050400C8
S21400FF002DE9F347384D394E00202A792B88384999
S21400FF1005F05AFC3268287922FA00F010F0010049
S21400FF2002D1344905F050FC334F3C783CB10822EE
S21400FF30324933480AF05AFB041E18BF0124DFF882
S21400FF40DC80DFF8A490DFF8B4A014E098F8000096
S21400FF5049460130C0B288F8000027F0BFFD0028EF
S21400FF6035D13C783CB10822514625480AF03EFB84
S21400FF70041E18BF01242A793368D340DB07E5D571
S21400FF80002CE3D100922B881E4A1F49204605F01C
S21400FF901BFC1E4B1878FFF769FC0123032212494D
S21400FFA027F0A2FD1A4A054613780133137010B9DC
S21400FFB002B0BDE8F08720462B46124A154905F0E8
S21400FFC003FC284602B0BDE8F047FFF763BD0020FB
S21400FFD0114905F0F9FBFFF715FF0028E8D102B03C
S21400FFE0BDE8F04700F01CB8B8520020783A002070
S21400FFF07B050400AC050400325B00202A5B002071
S214010000C6520020488404007B060400335B0020AF
S214010010175B00201C06040045060400065B002052
S2140100202DE9F041214C224D2378002055F823304C
S214010030204A214905F0C8FBFFF7ECFD03461D4E9B
S2140100401E4FDFF874802BB92378042B15D8B3B96B
S2140100501B4B15E032463946002005F0B5FBFFF78D
S214010060D1FE00BB2378324655F82330414605F0D1
S214010070ABFBFFF7CFFD0346E5E7092BE8D1114BB4
S21401008000201B68104A11491360114B187027F0A5
S21401009025FD20B1BDE8F0410120FFF7FBBCBDE81E
S2140100A0F041FFF72DBFBDE8F08100BF335B0020B4
S2140100B008640020488404009B060400A806040087
S2140100C00064002004640020783A0020B852002022
S2140100D0065B002070B51C4C23789BB3838913F410
S2140100E0407F2FD0056835B12A46BDE87040002014
S2140100F0164905F069BB27F0EFFC154E0346307034
S214010100144A2846144905F05FFB33781BB1BDE855
S2140101107040FFF785BF2378082B0CD8042B0CD82A
S2140101200E4B1B78C3F1060323700D4BBDE87040E0
S2140101301868FFF71FBE0A2BF2D1BDE870401820E1
S214010140FFF7A8BC70BD00BF335B0020D3060400D8
S214010150185B00204884040000070400295B002087
S2140101600064002030B5464D03460446454A00204B
S214010170454987B005F028FB2B782BBB01A827F053
S2140101803BFD022301A88DF8043027F023FDB0B90A
S2140101903E4901A827F020FD88B1152C0FD127F084
S2140101A0CDFC47F23153B0FBF3F202FB130000F52E
S2140101B01C50103080B203F0BFFB07B030BD162CC8
S2140101C0FBD103F0F3FBF8E7152C2AD100202D4ACA
S2140101D02F4905F0F9FA2B78042B11D0082B0FD0F4
S2140101E02C4B1B78DA070BD401A827F099FC18B919
S2140101F0BDF804309B0703D42B7843F010032B7013
S21401020027F09CFC4FF4FA63B0FBF3F2FF2102FBEC
S2140102101300C218204892B207B0BDE8304025F05E
S21401022090BA27F0BDFC04460028C6D12B78013BC6
S214010230092B1ED8134A194905F0C6FA184A194956
S21401024013780133D8B2107027F048FC60B120460D
S214010250154905F0B9FAFFF7D5FD0028ADD107B06D
S214010260BDE83040FFF7DCBE07B0BDE83040FFF721
S21401027047BE40F61C4007B0BDE83040FFF70ABC59
S214010280335B0020488404002407040038840400FB
S2140102903B070400055B0020583A00204E07040087
S2140102A0065B0020B8520020450604002DE9F04107
S2140102B00B4686B004460E4617463A4902460020CB
S2140102C005F082FA4FF000080123CDE901380DF15F
S2140102D016030093424640230621204626F0C9FE17
S2140102E0054640B102463049404605F06DFA2846BB
S2140102F006B0BDE8F0819DF816202AB936B900206F
S2140103002A4905F061FAF2E7012EF8D082F00103DE
S214010310002027498DF8173005F056FA9DF817305A
S2140103200DF1170633B310230022CDE90063062131
S2140103304023204626F068FE064630B132460020AD
S2140103401C4905F041FA3546D1E74FB90821204648
S21401035026F0BCFC20B120469DF8171026F099FF28
S2140103600521204626F0B2FC0028C0D0204626F003
S2140103708DFFBCE74FB90821204626F0A7FC20B127
S21401038020469DF8171026F084FF10230022CDE9A1
S214010390006306214023204626F036FE0646002846
S2140103A0DED0CBE77D09040099090400B2090400F8
S2140103B0D2090400F2090400002208B5034B1146D5
S2140103C01B681B685879FFF771FF08BDE03D0020E8
S2140103D008B5044B00221B6801211B685879FFF7FA
S2140103E065FF08BDE03D002008B5044B00221B68F0
S2140103F002211B685879FFF759FF08BDE03D002030
S21401040010B50123002488B001A88DF80430CDE989
S2140104100244F6F73BFA20469DF80420124905F0FF
S214010420D3F92046039A114905F0CEF92046029ADF
S2140104300F4905F0C9F910220E4B0DEB0201188881
S21401044040F0604040F48010FBF718FC20460A4953
S21401045005F0D4F904A826F09CFF2046074905F0CC
S214010460B3F908B010BD00BF0B0A04002A0A040045
S214010470490A040018840400680A0400383304009A
S21401048008B525F087FD0020024905F09DF90120F9
S21401049008BD00BF850A04000023054A8360C360C7
S2140104A0044BC0E9002311B14FF6FF730B80704770
S2140104B0491042AA0130021110B5044660B100206D
S2140104C0064905F081F9052C06D002F0CBF904495E
S2140104D00246002005F078F9012010BD990A0400B3
S2140104E0AA0A040037B500216A4601AB054625F085
S2140104F012FE044668B100220F49104605F064F961
S21401050002F0B0F90D490246002005F05DF903B08E
S21401051030BD0B4905F058F9012024F014FD01F017
S21401052099FF431C02D008F025F8F0E7214628463B
S214010530FFF7A6FFEBE700BFD30A0400AA0A0400F0
S2140105401B0B040038B5054601F084FF044626F06F
S21401055066FE4DB100200E4905F036F9631C14BF46
S2140105602046002007F0C8FF25F022FD0228044699
S21401057005D0012805D10020064905F025F92046B9
S21401058038BD0020044905F01FF90024F7E700BF35
S214010590380B0400520B04006B0B040008B5002056
S2140105A0034A044905F010F9BDE8084000F050BDC3
S2140105B0151B0400840B040008B50020034A0449F7
S2140105C005F002F9BDE8084001F0CAB9A30B040022
S2140105D0840B04001FB5D0E9023253F82230684676
S2140105E01C78214601F0D0FB684601F073FC28B95F
S2140105F02246044905F0E8F804B010BD6846FFF746
S21401060071FFF9E7A90B04000020014905F0DCB8E9
S214010610C50B04007FB50DF1060102A8FFF73CFFEC
S2140106200020264905F0D0F80020BDF8082024490E
S21401063005F0CAF80020BDF80A20224905F0C4F8E2
S214010640039A0020204905F0BFF800201F4905F055
S214010650D5F84FF6FF73BDF806209A4229D0002040
S2140106601B4905F0B1F800201A4A1B4905F0ACF801
S21401067000201A4A1A4905F0A7F80022194910461F
S21401068005F0A2F80020154A174905F09DF80A2240
S2140106900020164905F098F80A220020144905F0B2
S2140106A093F80A220020134905F08EF807B05DF88A
S2140106B004FB0020104905F087F8D4E7D40B0400AA
S2140106C0EC0B0400050C04001E0C0400370C04009F
S2140106D0420A0400E09304004D0C0400C027090000
S2140106E06C0C04008B0C0400AA0C0400C90C04005A
S2140106F0E80C0400060D04004A0C040008B50020AE
S214010700034905F061F8BDE80840012001F0FAB997
S214010710240D040008B50020034905F055F8BDE88E
S2140107200840002001F0EEB93D0D040030B5104B35
S214010730104D1B5C85B08DF80F302B780446834234
S21401074006D00D4B0D4953F82020002005F03CF84B
S21401075030232C700A4801930DF10F0300930622F3
S21401076080231921007826F04FFC05B030BD00BF6C
S2140107705F8404003B5B00206C840400550D04007C
S214010780A26800201FB5232303900193064803ABFC
S2140107900093012280231921007826F035FC039866
S2140107A005B05DF804FB00BFA268002073B5164DC6
S2140107B004462B78154ECBB125F01BFC012815D02D
S2140107C0346040F6B244124B1B78072B17D02D78B5
S2140107D0C5B925F00EFC031E18BF01230D48009570
S2140107E022461921007825F093FF03E000233360A9
S2140107F0002CE8D1201E18BF012002B070BD0225D2
S2140108000123EBE70025FBE7385B00207C3A00205C
S2140108103B5B0020A268002008B50448FFF7C6FF2E
S214010820BDE808400220FFF781BF00BFC0270900CE
S21401083010B5064C208826F02DFD608826F02AFD8E
S2140108406068BDE8104026F034BD00BF803A002045
S2140108507FB523238DF813300DF113030293042380
S2140108600648019305AB00930122802319210078E5
S21401087026F0FFFB059807B05DF804FBA268002090
S2140108802DE9F047DFF84C91044699F800009046B0
S2140108900F4626F0FDF90B2899F8002005D9BDE88A
S2140108A0F04700203F4904F08FBF00263E4B3F4DE6
S2140108B01E803F4BDFF820A103EB00135B8801206D
S2140108C02B802A7104F0A8FE05F050FF04F0A4FE68
S2140108D0204604F0A1FE0123042C8AF800300BD830
S2140108E0022C45D89C4216D02346BDE8F04700208E
S2140108F0304A314904F068BF062CF5D130462F49FD
S21401090004F062FF384604F087FEFFF791FF97B1C7
S2140109108AF800600FE04FF6FF76294F3888801B73
S21401092018BF012004F078FEFFF782FF3888B04236
S21401093001D026F0AFFC19236B8099F80030002017
S2140109402B71204B1B786B71EB8843F04003EB80D7
S2140109501D4B198826F049FC034620B1224600208B
S2140109601A4904F031FF4046BDE8F047FFF71EBFC5
S214010970304604F051FEFFF75BFFFFF769FF26F0F4
S21401098098FC134B1B78002B0CBF3F20202004F053
S21401099043FE042CCFD14FF4806026F07BFC32203E
S2140109A0C7E700BF680D0400DC520020E0520020BB
S2140109B0503C00205CFD0300B40D0400970D0400BC
S2140109C0D0520020A168002042680020CD0D04000E
S2140109D0375B0020A2680020385B002038B504464B
S2140109E005200D46FFF7A2FE184B1A884FF6FD7339
S2140109F09A4207D10020164904F0E6FEBDE83840C9
S214010A00FFF70ABF65B1134A13780133DBB2092B2E
S214010A10137014D90A2200200F4904F0D5FEEDE721
S214010A20012C0ED10B4B1D700C490D48FFF734FD00
S214010A30BDE83840002101200A4AFFF721BF012CFA
S214010A40F2D0BDE838400748FFF7B0BE4268002044
S214010A50070E04003A5B0020320E0400D05200203C
S214010A60803A0020E093040008B50649002004F00F
S214010A70ABFE0548FFF736FDBDE8084000210846F5
S214010A80FFF7ACBF760E0400803A0020814237B5EE
S214010A900346154608D2002000910F4A0F4904F07C
S214010AA093FE002003B030BD0C1A224600200C49EC
S214010AB004F08AFE40F6BB5322460020094904F0A2
S214010AC083FE4FF47A735C43074B01209C4294BF2C
S214010AD02C602B60E6E700BF5CFD0300870E040078
S214010AE0C40E0400DF0E040080EE360010B5044686
S214010AF00820FFF71BFE0D4B3CB91C700021BDE81A
S214010B00104006200A4AFFF7BBBE1B78092BF5D911
S214010B100A220020074904F057FE0020064904F087
S214010B2053FEBDE81040FFF79FBF00BF3A5B0020B1
S214010B30C02709000B0F04004C0F040073B51F4DAE
S214010B402C7834B100201E4902B0BDE8704004F094
S214010B503BBE0220FFF7EAFDFF221A4E1A4B307801
S214010B601A7026F095F80B2807D9204632781749CF
S214010B7002B0BDE8704004F027BE154B154900933E
S214010B8001EB0011012319224FF6FD70498805F08B
S214010B9091FA70B12046104904F016FE00220F4B60
S214010BA00F481C700F4B1A7002B0BDE87040FFF77B
S214010BB0FDBD01240C492C70EEE700BF395B002017
S214010BC05D0F0400A2680020A1680020680D0400E3
S214010BD0CD0E0100503C00209E0F0400385B002023
S214010BE0C02709003A5B0020C40F040038B5144D35
S214010BF004462B78052B21D91249FFF75DFC24B951
S214010C0018B9114904F0E0FD0424104B195D21B90F
S214010C10BDE838400846FFF769BF032C06D02B789D
S214010C20052B03D006200A4AFFF72AFE0021094BAE
S214010C3008461970BDE83840FFF7D0BE38BD00BF82
S214010C403B5B0020803A0020E60F04005584040038
S214010C50C0270900385B002030B5044689B007205C
S214010C60FFF764FD052C0AD100222A4B03A91A704E
S214010C7002A804AA01F0FEFD30B1022045E09CB9AD
S214010C800122244B1A700224224D287878B1421E84
S214010C90504221495041FFF755FC022304462B7070
S214010CA0022C0ED10A200FE0022CE6D1EBE7631FDF
S214010CB05A424FF0050018495A4125F0A1F9044659
S214010CC0EEE7032C04D10020FFF770FD09B030BD1C
S214010CD0062C06D10020114904F076FD01232B7065
S214010CE0E0E70F4A0F4B2878002C18BF13460E4931
S214010CF00E4A0094002808BF0A4600200C4904F05A
S214010D0063FD201E18BF0120400009B0BDE8304039
S214010D10FFF76CBF365B0020803A002021100400EC
S214010D201A10040013100400021004000C10040032
S214010D305C10040013B51F4C0620FFF7F7FC227861
S214010D40092A09D900201C4904F03EFD042002B0FE
S214010D50BDE81040FFF74ABF184B1B782BB30020A5
S214010D6024F015F925F045F968B9FFF771FD144B24
S214010D70196825F035F902460420002102B0BDE8C5
S214010D801040FFF77DBD01A825F031F9FF2809D1F4
S214010D904FF4FA6023780133237002B0BDE81040A7
S214010DA0FFF704BD0198FFF7EDFC4FF4FA6203204C
S214010DB0E3E700BF3A5B002077100400375B0020B2
S214010DC0903A0020F023F0B589B0CDE9000334480D
S214010DD08023002219210078324E334F26F014F971
S214010DE00020324904F0F0FC3246394603A801F0EF
S214010DF041FD032804462E4D1CD10626039A2D4993
S214010E00002004F0E1FC0398FFF7BCFC00203968E1
S214010E1000F0ACFE2E7001F09FF900220446264B2E
S214010E2030461A70FFF782FC84BB09B0BDE8F0407B
S214010E30FFF780BF28BB7268204904F0C5FC214635
S214010E4004A8FFF729FB059B726893420BD0204646
S214010E501B4904F0B9FC072305202B7009B0BDE837
S214010E60F040FFF7F9BE1A462046164904F0ACFCDE
S214010E700523002101202B7009B0BDE8F040FFF7E3
S214010E80ADBD0020104904F09FFCF1E7042C05D00D
S214010E90042009B0BDE8F040FFF7A8BE09B0F0BDD8
S214010EA0A2680020803A0020903A0020AF1004008B
S214010EB03B5B0020E01004003A5B00201B1104009D
S214010EC054110400A8110400E4110400F7B5044607
S214010ED0876800202378364D012B287004D0354BC7
S214010EE03549187004F070FC26785EBB334B1B78CE
S214010EF0FF2B04D103B0BDE8F040FFF78DBC304BAB
S214010F001B78032B11D82F4C0320FFF70FFC6946E3
S214010F10208826F02DFE002843D02B49208805F096
S214010F2047F920B12E70FFF777FC03B0F0BD01241E
S214010F30204B26491C7004F047FC0320FFF7F6FB04
S214010F402C70F2E7012E25D13B78002BEDD01B4DFE
S214010F502B78FF2BE9D1A68802F0A4FF864206D1A2
S214010F6000201B4903B0BDE8F04004F02DBC194B2E
S214010F70A2881B783BB132B11749002003B0BDE807
S214010F80F04004F021BC7B6814491B782B700D4B94
S214010F901A80F2E7032E08D108226846A16809F0F4
S214010FA02BF86846FFF70EFFBFE700232B70A1E77B
S214010FB0385B0020395B0020FF110400A168002087
S214010FC03B5B002042680020CD0E0100C40F0400E8
S214010FD01F120400355B0020451204007012040045
S214010FE07FB5094B1A78FF2A0AD1187001F088FBE1
S214010FF00022064B0DF1060102A81A80FFF74CFAF3
S21401100007B05DF804FB00BFA2680020CE520020A6
S214011010152838B517D10C4B1D78A5B926F08EFDCD
S214011020C4B2012C38BF01240120FFF77FFB2846FC
S2140110302246064904F0C8FB4FF47A706043BDE8C7
S2140110403840FFF7B3BB38BD3B5B00208D12040070
S214011050034B1B78022B01D8FFF770BD704700BF0A
S2140110603B5B002070B5284C24F0BEFF2578274E48
S214011070BDB10020264904F0A7FB264A13780133A8
S2140110801370002323703378062B0AD1BDE8704015
S214011090214B1868B0F5FA6F38BF4FF4FA60FFF7C6
S2140110A085BB3378013B082B2CD8DFE803F0050914
S2140110B00D2B13191D222700BDE87040FFF7C8BF8E
S2140110C0BDE87040FFF73ABD00232370BDE87040CD
S2140110D0FFF7A2BB2946BDE870400120FFF77EBCA2
S2140110E0BDE87040FFF726BE0220BDE87040FFF75E
S2140110F0B3BD0120BDE87040FFF7F8BCBDE8704005
S214011100FFF7B2BC70BD00BF385B00203B5B002020
S214011110BC1204003A5B00207C3A002010B905207E
S214011120FFF764BD034B1B78062B01D1FFF79ABF6F
S214011130704700BF3B5B00202DE9F0478E680546EF
S21401114033189A780C46092A8EB008D90020A3498C
S21401115004F03AFB852420460EB0BDE8F08750B96E
S2140111608B899F49895C8B4205D200919D4904F089
S2140111702BFB8024EFE79C4BE7881B889F4236D0E9
S2140111809A490978012932D932B13A46002098495C
S21401119004F01AFB7E24DEE7964B1A70934B2679F1
S2140111A01B78052B03D0012B3AD8FFF751FF5EB908
S2140111B03146204626F092F90346002851D03046A3
S2140111C08D4A8E4904F000FBD4F80880A48998F86B
S2140111D0037098F80450002E4CD13046884A89494D
S2140111E004F0F2FA00210120FFF7F8FB4FE000219E
S2140111F0804B1970072A00F28A8301A353F822F064
S2140112009D1101004B1301004B1301005D150100F8
S2140112105D1501005D150100F3170100F3170100CC
S214011220022B17D102F03EFE8742B3D00020764A49
S214011230764904F0C9FAFFF781FC46BB31462046E1
S21401124026F04CF9034610B36B4A6C49002004F0B3
S214011250BBFA1CE06E4A00206E4904F0B5FA012480
S21401126079E7A3681B78DA06AED432466A4904F0F9
S214011270ABFAA9E700210AA8FFF70EF9032F08D950
S2140112805F4B664A66490097002004F09DFA0024E9
S21401129061E76B1E632B04D9594B604A614900957F
S2140112A0F2E7614BE4B2DB5D9C4209D0CDE9014334
S2140112B00020534B594A5D49009704F085FAE6E74A
S2140112C057B3A4B222460521404626F020F8BDF8C1
S2140112D02830834203D04A4B554A5649B6E7012F78
S2140112E01AD022460721404626F011F8BDF82A30CA
S2140112F0834203D0424B4E4A4F49A7E7032F0BD1F7
S21401130022460921404625F0FFFF0B9B984203D158
S2140113103B4B474A494999E7642D3FF463AF26F0B2
S2140113200DFC6423C0B2B0FBF3F203FB12030133DE
S214011330DBB29D42BFF456AFCDE900530020304BDF
S2140113403B4A3F4904F040FAA1E7284B1B78052B9E
S21401135001D03C4A7FE7EB1CDBB2277BF45C44B14F
S21401136023460020374A384904F02EFA00210C465D
S2140113700BE00F2F0DD81023204634490093314A35
S2140113803B4604F021FA802401210020FFF726FBCA
S214011390E1E60435EDB220462A4A2D4904F014FA56
S2140113A07A1B7119D2B206A824F031FE05443A46DA
S2140113B0E9B2304625F0A8FF264D069A2B68264F3F
S2140113C09A42386001D100284AD1244900201D4A9A
S2140113D004F0FAF985240121D7E700BFD9120400E9
S2140113E098840400F1120400426800203B5B002050
S2140113F020130400385B0020961304009E1304009B
S214011400261404003B140400641304007113040042
S214011410C6130400D3130400F01304005014040090
S21401142058140400721404005B8404009014040031
S214011430E5180400CA140400F41404001C15040082
S214011440431504007715040091150400C015040027
S214011450D7150400803A0020903A002000160400B8
S21401146000F08EFF3E68B0420AD200F089FF9D4927
S21401147003463246204604F0A7F98924012184E771
S214011480079A6B689A4205D12046974A974904F015
S2140114909BF96BE79649097859B19A4209D22046D9
S2140114A0944904F091F996210620934AFFF7E8F94A
S2140114B05CE7924A924905A801F0DCF9079E48B913
S2140114C06A68964206D88F4904F07EF90520FFF730
S2140114D0C3FB40E6324600208B4904F075F93968B3
S2140114E00027002000F042FB00206E60FFF74AF95B
S2140114F0864B06201F80FFF719F9854B1F7001F0F8
S214011500B1F90646F8B94FF6FF73824A0AA8118860
S214011510994214BF13463B466A88298801F012F99E
S2140115200AA800F0D7FC58B10AA801F0DDF938B1D5
S2140115303046794904F048F90420FFF757FB0AE6DC
S214011540FFF7F8FB07E6042805D1744B1921187834
S21401155025F0F5F8FFE538467149EBE7714B1B7846
S214011560062B01D0704A76E6DFF8A0A1EB1C94F8B2
S2140115700C90BAF80080DBB22EB930466B4904F005
S21401158023F98724E7E5F75C2C1D972FE4B22FD0CB
S21401159025D8812F71D0952F67D017BBB9F1100FC1
S2140115A07FF6E7AD31194A460AA824F030FD044417
S2140115B0E4B221464A46304625F0A6FE231DDBB29C
S2140115C0053416F803A0E4B2A9EB04035345054617
S2140115D066DA009338465346534A5549C7E5982F6D
S2140115E043D03B460020504A524904F0EDF8C8E784
S2140115F0B9F10A0F7FF6BDAD1FFA89F721463A46C3
S214011600304625F081FE05F1080104463A46C9B286
S214011610304625F079FE0AAA01462046FFF736FA3B
S21401162008B9454B0A93B9F10C0F12D905F10C0113
S2140116303A46C9B23046DDF8288025F068FE0446F1
S21401164002463E49002004F0BFF8AAF80040444490
S2140116500A940A9C3A492246002004F0B5F820462E
S214011660FFF7A4F824F0CBFC11E63649002004F07D
S214011670ABF80320FFF7BAFA09E6334C23786BB1CF
S21401168024F0B0FC50B10020304904F09DF800234E
S214011690237024F0B4FCFFF74DFBF8E52C49E5E791
S2140116A0DFF8A49099F8003043B9FFF7D1F88542E6
S2140116B0034607D01C4A27490095E5E524F099FC26
S2140116C00128F2D110220D480AA908F08FFF10B99F
S2140116D0BAF13F0F42D9144A1F49002004F074F8AA
S2140116E04FE700BF1F1604007715040057160400C5
S2140116F0345B00208C160400C0270900803A0020C5
S214011700903A00201B110400CD160400CE52002092
S2140117103A5B0020D0520020EF160400A268002099
S2140117200E1704003B5B0020341704004917040021
S2140117307618040058180400E09304008417040087
S214011740AF170400CE170400375B0020EA17040029
S21401175029180400B2180400EE1804006D4B187026
S21401176099F800304BB124F03DFC30B1284624F006
S2140117703CFC042807463FF48AAD514628463219F8
S21401178024F076FD28B10020634904F01DF80420FA
S21401179070E799F80030554463B124F023FC48B152
S2140117A0FF2FF4D0012F3FF472AD032F16D124F092
S2140117B024FC05462846FEF7E5FF044602460521B9
S2140117C0564824F04BFC564B1B689C420AD32046D5
S2140117D024F049FD0520FFF73FFA58E524F00BFCFD
S2140117E08046E7E74046FEF7E1FF00287FF44FAD6D
S2140117F051E74C4B1B7803F0FD03082B01D04A4AF6
S21401180029E5A48935B1F27822B10020474903F0D1
S214011810DBFF2EE7E4B22246F11C0AA824F0F7FB10
S214011820434BBDF828201988054691420DD04FF646
S214011830FF718A4209D03C4A00203E4B3E4903F0E4
S214011840DDFFBDF828203D4947E7BDF82A20598825
S21401185091420CD04FF6FF718A4208D0324A0020DE
S214011860374B354903F0CAFFBDF82A20EBE70B9A40
S2140118705B689A420AD0013208D02B4A2E490020D2
S214011880304B03F0BBFF0B9A2F4926E7A4B2E91CA5
S2140118902246C9B2304625F037FDE91DC9B20746D2
S2140118A02246304625F030FD431C014606D108206D
S2140118B0FEF73CFF2548FEF779FFE8E4384606AA1E
S2140118C0FFF7E4F8A8B9214B0693214B00221978BB
S2140118D0204B187824F077FB069C2046FEF766FF1F
S2140118E0224600201C4903F06FFF0920FEF71EFF69
S2140118F0CDE440F6B733069A9A42E6D840F6B832B7
S2140119000020164903F060FF40F6B833DCE7812477
S21401191021E400BF3A5B00202119040044190400A9
S214011920903A00203B5B00204D1904006219040028
S214011930803A0020E414040089190400420A0400D5
S2140119400E150400A4190400A121040080EE36003F
S214011950A1680020A2680020DC190400B119040067
S21401196008B50420FFF742F90020FEF7DFFE00234A
S214011970054A19211370054A1370054B1878BDE8FE
S214011980084024F0DCBE00BF385B0020395B002035
S214011990A268002010B5164B164C1A78164B00207C
S2140119A053F82220154903F00FFF2178144B154AEE
S2140119B00020002918BF1A46134903F005FF2378B3
S2140119C02BB1124B00201A68114903F0FDFEFEF7F9
S2140119D03FFF0446FEF73CFF0E4B196824F031FB2F
S2140119E02246BDE8104003460B49002003F0ECBE3A
S2140119F03B5B0020385B00206C840400F81904006F
S214011A00CE200400AF200400051A04007C3A002012
S214011A101F1A0400903A0020381A040038B501460F
S214011A2004460020FFF788FB054698B1E37C0020BA
S214011A300A4A0B4903F0C8FE2379042B0AD029462B
S214011A40204625F04BFD034620B10020054A0649F5
S214011A5003F0BAFE6FF0FF0038BD00BF5CFD030067
S214011A60601A0400961304009E13040010B5134672
S214011A70094A127882420DD163B1084A00201468DF
S214011A800A46074903F0A0FE2146BDE810400120A2
S214011A90FFF752BB10BD00BFA2680020E03D00204A
S214011AA0821A040010B50D4B1C782CB1BDE810400D
S214011AB000200B4903F088BE6420FEF763FE4FF654
S214011AC0F0716FF00F02074B0320C3E900122246A4
S214011AD02146BDE81040FEF7D3BE00BF3B5B0020A9
S214011AE0BB1A0400803A0020014B1870704700BFF3
S214011AF0375B002000210620014AFEF7C1BE00BF69
S214011B00C0270900014B1870704700BF345B0020E6
S214011B10114B2DE9F04107460D4618680F49101A7A
S214011B20096824F08EFADFF840800D4E98F80040E0
S214011B300346FF2C307004D0A8420AD32C44A0429E
S214011B4007DB3A460020074903F03EFE337888F863
S214011B5000303078BDE8F081983A0020943A0020B1
S214011B603C5B0020E91B0400A368002050EA010248
S214011B7008D0FF22054B091A1A70054B1860054B51
S214011B801960704711461046FFF7C2BFA3680020D0
S214011B90983A0020943A00202DE9F04FAFB006ADF8
S214011BA0284600F0FDFD0026624FDFF8D09128465A
S214011BB000F090F9044648B900F0BEFD5E490246C1
S214011BC0204603F001FE2FB0BDE8F08F3946002015
S214011BD0F2B203F0F9FD284616A900F0FFFD04460F
S214011BE020B15649002003F0EFFD8FE0BDF85820E4
S214011BF0534903F0E9FD49462046BDF85A2003F053
S214011C00E3FD2046BDF85C204E4903F0DDFD20468D
S214011C10BDF85E204C4903F0D7FD2046BDF8602094
S214011C204A4903F0D1FD2046199A494903F0CCFDF3
S214011C302046BDF86820474903F0C6FD20464649C0
S214011C400DF16A0203F0C0FD44492046239A03F0D1
S214011C50BBFDBDF85C30D90705D520469DF8902020
S214011C603F4903F0B1FDBDF85C309A0714D500205A
S214011C703C4903F0C3FDBDF85830B3F5807F4FD122
S214011C80002025F08BFB18B10DF1910003F01EFD2D
S214011C900020354903F098FDBDF85C305B070BD595
S214011CA00020BDF8B220314903F08EFD0020BDF8BA
S214011CB0B4202F4903F088FD062228460DF11603AD
S214011CC00AA924F0EDF9044690BBBDF8162029496F
S214011CD003F07AFDDFF8A8A0DFF8A8B00DF1280818
S214011CE0BDF81610A2B2914210D9B8F8002051469C
S214011CF0002003F069FD0134D8F80420594600207D
S214011D0003F062FD062C08F10808E9D16C4620466E
S214011D1000F05AFD94E80F00013685E80F0046E70B
S214011D200123202200200DF1910103F0B1FCAFE761
S214011D30114957E7FB1B0400C81D0400041C0400DE
S214011D40281C04005C1C0400751C04008E1C040086
S214011D50A71C0400C01C0400D91C0400EE1C0400CF
S214011D600A1D0400231D040038330400361D040038
S214011D704F1D0400681D04009B1D0400411C040047
S214011D80791D0400891D04002DE9F04188B004ADD9
S214011D90044628468846002700F002FD6E46474561
S214011DA007D195E80F0084E80F00204608B0BDE88B
S214011DB0F081304600F008FD96E80F0085E80F0038
S214011DC0284600F087F801370028E8D1014B0FCBF1
S214011DD0E9E700BF108704001FB5D0E9023253F8C7
S214011DE0223068461978FFF7CFFF684600F07CFD81
S214011DF048B1042809D1074A0020074903F0E4FC4A
S214011E0005B05DF804FB054AF6E70020044903F037
S214011E10DBFCF5E764270400E31D04001A21040037
S214011E20EF16040010B5D0E9023203EB82014968CF
S214011E3053F8223098B00C6804A81978FFF7A4FF6D
S214011E4003AB40220093214608AB04A800F0E2FC55
S214011E50024628B100200E4903F0B6FC18B010BDAA
S214011E60039808A900F007040122C0F3C70003F095
S214011E7055FC039908A8091B01440648012322467C
S214011E80008803F005FC044803F03EFCE6E700BFCB
S214011E90F31D0400EC52002038330400F0B504466C
S214011EA00D460B4BEF880FCB84E80F00AB882E89CD
S214011EB09B0741BFD5F83900D5F83D1004F108035A
S214011EC003C3EA682046278066806260F0BD00BFD3
S214011ED0A4840400102208B5034908F087FB0038E3
S214011EE018BF012008BD00BF1087040008B526F002
S214011EF0ACFAC288FF219208012A38BF01220248A3
S214011F0023F01FFC012008BDA83A002038B513466F
S214011F1090B10120274A1070274A00201160274AF5
S214011F2013600A46264903F04FFC02F09DFB254B41
S214011F301870022002F09EFB26F0A2FAE8B91D4DA9
S214011F401D4C2B782BB926F080FA2268C3681344FF
S214011F5023601A4B24681B689C4229D226F075FA26
S214011F60C168204606F0AAF8002402462C7050B933
S214011F7026F086FAFFF7BAFF03E0FFF7B7FF00285F
S214011F80DDD0012038BD20460F4903F01DFC0D4B66
S214011F90187802F06FFB00200C4903F015FC00F0E6
S214011FA091F908B900F0AEF92046FFF7B7F8E8E76F
S214011FB00124ECE73E5B0020A03A00209C3A00207A
S214011FC01A1E04003D5B0020461E0400661E040027
S214011FD038B500F04BFA044600F042FA241A26F00F
S214011FE034FA054618B9B1211B482BF061FFAB88BE
S214011FF003F00303032B03D0B22117482BF058FF3D
S21401200000F02EFA054624F0BEF801238340013B7A
S2140120102B4203D0B42110482BF04AFF24F0B3F82A
S21401202001238340013B234203D0B5210A482BF00C
S2140120303FFF05F019FE054624F0A5F84FF480632E
S214012040B3FBF5F3C440A34205D2BDE83840BA213C
S21401205001482BF02DBF38BD7C1E0400FF2108B5BA
S214012060044823F07FFBBDE80840002211461046D5
S214012070FFF74CBFA83A0020F7B504460E4600F01D
S21401208089F8054626F0E1F9C3682B449C4220D323
S21401209024F079F82C44C440013C114F3B68DEB172
S2140120A0A34219D101340023ADF8043000F0E4F95D
S2140120B0054605F0D9FD103504FB005405F0D4FDA6
S2140120C001A90246204605F021FE24F06CF838608E
S2140120D004E04FF0FF34E0E7A342E4DB03B0F0BDD9
S2140120E0346400204FF0FF320A4B10B51A6000220C
S2140120F0094B1A7000F0B4F9044600F0B7F921460E
S21401210002460120FFF702FF00280CBF0120042031
S21401211010BD00BF346400203F5B002038B500F0DE
S214012120D1F808B9002038BD094D0A4C2B7823B9DF
S21401213024F039F8012320602B70246824F023F85A
S21401214001348440EED000F025F82044EBE700BFD0
S2140121503F5B00203464002070B50D4C2368002BD3
S21401216001DA012070BD00F07BF9054626F06DF915
S2140121702468C66824F007F8013404FA00F12944FB
S21401218001208A19FFF7C2FE0028EAD00420E9E7F9
S21401219034640020024B18680C3024F034B800BFB9
S2140121A038640020FF2307B50021044A0448009341
S2140121B0FBF75EFF03B05DF804FB00BF5D20010086
S2140121C0A83A00200E4B70B51C680546036804F556
S2140121D082641C440E46FFF7DDFF2B68834208D25B
S2140121E032681A44824208D9C31A012033602C602F
S2140121F070BD044A126813441C1A0020F7E700BF9A
S21401220038640020A43A00202DE9F04FB3F5803F52
S21401221087B00F469846019003D3002007B0BDE86B
S214012220F08F03A904A8CDE90332FFF7CBFF002402
S214012230824600F10109DFF888B05FFA89F9019B4F
S214012240DDE90356AAB27BB13046109926F004F9AF
S2140122500028E2D1B9F1020F2BD1DBF8003004934C
S214012260019B03BB2F4421E03946304605F04EFD65
S2140122700028D2D1BAF1000FECD0002CEDD105F038
S214012280F3FC2E44B6FBF0F303FB10600028E4D009
S21401229005F0EAFC05A902463046059405F036FD30
S2140122A00028DAD0B9E7109B2B441093A8EB05055C
S2140122B00395631C4B454FF00104C0D32046ADE7A0
S2140122C0A43A00207FB56B460C4A1068516803C3D8
S2140122D090680C2218600A4B0DEB0201186826F074
S2140122E0BBF80C2268460DEB020108F07FF9B0FA44
S2140122F080F0400907B05DF804FB00BFB484040019
S214012300386400201FB5084A01AB1068516803C342
S214012310906801A91860054B0C22186805F0F6FCB8
S21401232005B05DF804FB00BFB484040038640020E7
S214012330F7B5044615460E4681B9072A03D8002488
S214012340204603B0F0BD0D4B80791968E37906305D
S21401235000EB03200C3180B223F05FFF00272146FB
S2140123602B46324638460097FFF74EFF04460028B4
S214012370E5D039467019FFF77FFEE1E738640020A3
S214012380024B1868A0F50060704700BF4464002047
S21401239010B58AB0684606F09DF810F0FF0027D108
S2140123A0009BFBB1174C01A9206006F00BF810F05A
S2140123B0FF001DD12268009B9A4204D34FF4DD71C1
S2140123C011482BF075FD019B104A11491360029AC2
S2140123D013440B600F49A3F500630A600E4A1360AD
S2140123E0009B63B940F2CF1107482BF061FD06E070
S2140123F0044A034612680020084903F0E5F90AB0CA
S21401240010BD00BF3C6400202F1F0400A43A00202A
S214012410406400204464002038640020D71F040074
S21401242008B5FFF7B5FF26F010F850B126F00DF805
S214012430064B02691B689A4203D2B32104482BF06B
S21401244037FDFFF7C5FD012008BD00BF446400202D
S2140124502F1F0400014B1868704700BF3C64002022
S214012460014B1868704700BFA43A0020014B18685A
S214012470704700BF40640020014B1868704700BFDA
S2140124803864002010B5FFF749FE044628490020AD
S21401249003F09AF90020274903F096F9002026490F
S2140124A003F092F90020254903F08EF9244B002011
S2140124B01A68244903F088F922462349002003F0CC
S2140124C083F9FFF767FE21490246002003F07CF9F5
S2140124D01F4B00201A681F4903F076F91E4B1F4C4C
S2140124E01A6800201E4903F06FF9226800201D4972
S2140124F003F06AF94FF4806200201B4903F064F987
S214012500226800201949103203F05EF92268002083
S21401251017490C3203F058F922680020154902F5D4
S214012520826203F051F9BDE8104005F0D1BA00BF50
S2140125305620040093200400B2200400D220040098
S2140125403C640020FD2004001C2104003F210400FF
S214012550A43A002062210400406400203864002070
S21401256085210400A8210400CB210400EE210400EB
S21401257011220400342204002DE9F04194B00446EF
S2140125800D460020482102AA23F058FE18B95349E7
S21401259003F01AF919E060220021204607F0DAFC60
S2140125A004224F4902A808F021F890B16DB19DF8B8
S2140125B00B30002001939DF80A309DF80820009307
S2140125C048499DF8093003F0FFF8012014B0BDE832
S2140125D0F081BDF80C20B2F5807F228003D04249FD
S2140125E003F0F2F8F1E7BDF81420BDF80E102281D1
S2140125F0DDF816206180E2600499BDF81A2061605A
S214012600228284F8320007AD04F112020FAE2B4687
S21401261003CBB342106051601D4602F10802F6D1A9
S2140126200F9B324A63631360314B10221846002118
S21401263007F090FCE288A388028022894280E26843
S21401264042600BB90020C1E700263546A388D907AA
S21401265009D536B105F150026A4412F8482C84F8BF
S21401266038200135EDB29A0714D5208823F0FCFCFA
S21401267007466EB102AB03EB05080246414604F17C
S214012680390007F0F7FD3A4641461A4807F0F2FDD1
S2140126902F44FDB2A3885B070DD556B105F1500353
S2140126A06B4433F8482C33F8463CA4F85A20A4F877
S2140126B05C300435EDB2002EC4D1482D02D9304627
S2140126C00D4965E72946382002AA23F0B7FD08B967
S2140126D00A495DE738250126B8E700BF57220400FE
S2140126E0C084040089220400BF220400C83A0020E6
S2140126F0CC3A0020D43A0020DA2204002A2304002F
S21401270030B50B4C99B025786DB9FFF789FE68B1E5
S21401271029466846FFF730FFB0FA80F0054B4009BE
S214012720187001232370002019B030BD0120FBE78B
S214012730405B0020415B0020014B1878704700BFCA
S214012740415B002070B51E46134B044618881D4693
S214012750884298B002D15B88934206D00F4B0FCBCC
S21401276084E80F00204618B070BD96B10021684677
S214012770FFF702FF0028F1D1BDF804305B0708D54A
S2140127803388BDF85A209A42E8D8BDF85C209A42B0
S214012790E4D395E80F00E3E7CC3A00201087040065
S2140127A0064B10B51B7804462BB9054B0FCB84E8B6
S2140127B00F00204610BD034BF8E700BF415B002029
S2140127C010870400CC3A002010B50446024B0FCB0C
S2140127D084E80F00204610BD108704000B4B10B58F
S2140127E01B78044608467BB10021FFF7C5FE48B9B1
S2140127F010222146064807F0F9FE003818BF0120CE
S214012800C0B210BD0120FBE70120FAE7415B0020C2
S214012810CC3A00202DE9F0410E4690460E49102292
S2140128201F4607F0E3FE044670B90C4B3A461D6896
S2140128303046AD1B454528BF4546294623F0FEFCDC
S21401284028B9074902F0C0FF0120BDE8F081069BC8
S21401285020461D60F9E700BFCC3A0020C83A0020A8
S2140128602A2304000022024B1A70FFF73BBC00BF6C
S214012870415B00202DE9F0419CB00F46164680468C
S214012880FFF74CFC054602461549002002F09CFF66
S214012890382D20D9012104A8FFF76EFE0446D0B9D1
S2140128A0119B04A93B606F463846FFF7F7FA97E895
S2140128B00F0086E80F00119BAB4297BF012103244E
S2140128C0084AC8F8003094BF1170C8F80050204676
S2140128D01CB0BDE8F0810022024B01241A70F6E715
S2140128E05C230400415B002070B5084D00262B7860
S2140128F053B1FFF7F7FB04461022002104482E705F
S21401290007F028FB204670BD3446F5E7415B002002
S214012910CC3A002008B50020064902F055FF064BC8
S21401292000201A78054902F04FFFBDE80840FFF77E
S214012930A9BD00BF7B230400415B0020A523040042
S21401294003460120024AC3E9032000221A70704799
S2140129500100FEFF2DE9F0410024264E264FDFF848
S214012960A88088B000F0D4F9A5B2854202D308B099
S214012970BDE8F081284603A923F096FCA2B23146B1
S214012980002002F03BFF9DF80D2012B39DF81210B7
S214012990BDF81030402914BF6E2179210020CDE901
S2140129A000313946BDF80E3002F028FFBDF814207C
S2140129B01AB10020114902F021FF9DF80C00BDF864
S2140129C0182070B9079B0E490093BDF81A3002F023
S2140129D015FF00200B4902F0F7FE01342BF075FAC3
S2140129E0C0E7BDF81C304146009300209DF81A3020
S2140129F0EDE700BFBE230400C4230400E723040060
S214012A00F1230400383304001824040010B500F044
S214012A10ABFABDE810400346024A0020024902F024
S214012A20D3BE00BF932F0400B1EE0300D0E90232FB
S214012A3053F8223010B5188800F086FABDE8104029
S214012A400346024A0020024902F0BEBE40240400AA
S214012A50B1EE030010B5D0E90232002486B08DF83D
S214012A60044053F8221003EB8203097801A88DF87D
S214012A7005105A681288ADF806209A681288ADF8D3
S214012A800820DA681278ADF80C40A24214BF402242
S214012A9080228DF80A201A691288ADF810205A692A
S214012AA09B691288ADF812201B68059300F0D0FBD5
S214012AB0034A03460349204602F086FE06B010BDCF
S214012AC0E2020400B1EE030038B50024064D2BF0F7
S214012AD0E8F945F824000634C02CF8D10020BDE8FA
S214012AE03840024902F070BE8010002047240400DE
S214012AF030B5002087B0204902F066FE00201F494D
S214012B0002F062FE00201E4902F05EFE2BF0C9F9BB
S214012B1000240546A0B201A9013423F0C5FB202CF0
S214012B20F8D12BF0BEF91749421B002002F04CFEEB
S214012B301549002002F048FE2BF0B3F904460120A7
S214012B4000F09EF82BF0ADF90E49021B002002F0B2
S214012B503BFE0E49002002F037FE2BF0A2F9044698
S214012B6023F093FB2BF09DF9021B0020054907B0CB
S214012B70BDE8304002F028BE73240400A2240400FD
S214012B80D2240400EF240400FE24040018250400C7
S214012B9010B50C4603F07CFD08B9032C12D101F0E8
S214012BA059F904280ED001F055F905280AD006482F
S214012BB002F0BAFC1C2801D124F014FBBDE8104039
S214012BC002F0C2BC10BD00BF956203002DE9F04FB4
S214012BD000274FF0FF36DFF8A4B0264C87B0BBF8CD
S214012BE00030B8B2834209D8731C3BD03246FF216D
S214012BF0214807B0BDE8F04F22F0A3BD01A923F09C
S214012C0053FB9DF8050001F05BFFF8B19DF80480C9
S214012C10B8F1000F1AD1BDF810A0BDF812902BF034
S214012C2040F918210246BBB24B43E018E158007C3C
S214012C304FF47A73A2EB010C50B103FB0AF3634520
S214012C400ED30B44981A864228BF06460137C6E7BC
S214012C504D466B43FAD06345F5D31944881AF2E71B
S214012C604046F0E7FF21044807B0BDE8F04F22F0E8
S214012C7079BD00BF80100020DC3A0020D25200202F
S214012C802DE9F041014688B058B1022810D023F052
S214012C9025FB78B3D221194808B0BDE8F0412BF0E6
S214012CA007B9FF23164A17480093FBF7E1F9EEE749
S214012CB000244FF001082746134EA5B2284603A963
S214012CC08DF80D7023F0F0FA9DF80D0068B101F053
S214012CD0F7FE20B19DF80C300BB986F81080013450
S214012CE0202C06F11806E8D12546084B1D80FFF773
S214012CF06DFFCCE708B0BDE8F08100BF38250400C1
S214012D0035300100DC3A002080100020D25200202D
S214012D10014B1888704700BFD25200202DE9F04FB2
S214012D20634A077D89B004466249002002F066FDC9
S214012D30002024F033FB20B12368218A588803F051
S214012D40F5FC00205C4902F03FFD637DDFF87491DD
S214012D50002B236808BF08205988574B18BF00204E
S214012D600093228A4FF0090314BF4FF080084FF0FA
S214012D70400802F089FBA289BB1C93420CDB24F0BD
S214012D80A7FB034620B100204C4A4D4902F01CFD2A
S214012D90012009B0BDE8F08FA068791C89B2C55D35
S214012DA024F0B5FA0337012D0646BFB213D82368BF
S214012DB0324659885879238A0093434623F0EDFE1C
S214012DC0824600283ED1862002F026FC284602F0E4
S214012DD023FC304668E08520F6E703A923F064FA71
S214012DE09DF80C30AB4223D123689DF80D105A791B
S214012DF091421DD1BDF80E105A88914218D1BDF8E6
S214012E001020B24214D19DF81220424510D1BDF8CF
S214012E101410228A91420BD1002D38D0BDF818101B
S214012E20E288914204D19DF81A201B799A422ED04D
S214012E300BF1010BB9F800305FFA8BF08342CCD866
S214012E408B20C1E74FF0000BF4E79AF8020002F07E
S214012E50E3FBBDF8180024F01DFABDF81A0024F0B3
S214012E6019FA9AF8020003F081FE002883D19AF835
S214012E70020001F0F7FC0546079E002D3FF47BAFEC
S214012E80F0B2013D02F0C8FB360AEDB2F5E70020CC
S214012E9002F0C2FB284602F0BFFB304624F0FAF9E6
S214012EA0012DD2D1BDF81C0024F0F4F963E700BF70
S214012EB0C72504009F19040038330400D4250400F4
S214012EC0F1250400D25200202DE9F04391B0694665
S214012ED0804623F0E9F90023194F8DF80130388830
S214012EE0431E98B28045388009D16946404623F092
S214012EF0E3F9684623F0C7F911B0BDE8F0834FF057
S214012F00180905A923F0D0F90E4C3E880AAD09FB35
S214012F1006460FCE0FC596E8030009FB084485E870
S214012F2003000AAE404605A923F0C6F90FCE0FC42A
S214012F3095E8030084E8030069463888D7E700BFB0
S214012F40D25200208010002008B5064B1B88834211
S214012F5005D9FFF7B9FFFFF739FE002008BD272086
S214012F60FCE700BFD252002038B5074D2C882CB99B
S214012F70FF21064822F0F6FB204638BD601E80B2CF
S214012F80FFF7A2FFF2E700BFD2520020DC3A002092
S214012F902DE9F3479A4618239DF82890244FCDE94A
S214012FA0001203FB09731446D3E9022324F06FFBD6
S214012FB0064620460D4603F0D9FD04F0FD03382BE6
S214012FC080460FD1009432462B460021DAF81000D5
S214012FD023F095F9B8F1010F1BD135431ED102B08C
S214012FE0BDE8F087392CDAF810300BD107EE906A7D
S214012FF007EE103AF4EEC77AF1EE10FAACBF0120F4
S2140130000020E7E79E4275F100032CBF0120002057
S214013010E0E7B8F1000FE2D10028E0D0182303FB67
S214013020097701233B7402B0BDE8F047FFF7CEBD38
S214013030801000202DE9F04F00252E46A846AA460E
S2140130402C46DFF8BC91D1B0694BA8B21B888342ED
S21401305009D81CB161882079FFF79AFDFFF7B6FD04
S21401306051B0BDE8F08F0BA923F01EF92AF019FF25
S2140130701823AFB27B4309EB030B59F803300590D5
S2140130809DF82D00049301F01BFD002800F0AE8092
S2140130909DF82C10002940F0A980DDE90432D01AF1
S2140130A04FF47A72BDF838305343834200F29E8063
S2140130B09BF8103043B9BDF83A30002B00F09680EB
S2140130C05343834200F29280FD230022CDE9013270
S2140130D010AB00930DF119020DF11A03E9B20BA81A
S2140130E0F1F7F6F8002877D1BDF81A30DA1C049308
S2140130F0D2B214B33F4B9DF82D101B88134422798E
S214013100914214D1BDF82E10628891420FD19DF8DC
S2140131103220B8EBD21F0AD1BDF83420524506D171
S214013120B3424DDD0020344902F04EFB01E0B342CC
S214013130F8DC61882079FFF72BFD02F041FA04469E
S2140131409DF932002D4BC043C00F0093BDF83420CB
S2140131500A23BDF82E10C0009DF8328002F094F9C3
S2140131609DF82D304FF0000B23714FF48A53FF2644
S214013170BDF834A04FEAD818E38007A95FFA8BF0B0
S21401318024F034FCC0B2B0B99DF81D109DF82D2076
S214013190914210D1BDF81E10BDF82E2091420AD1E1
S2140131A022469DF829109DF81C0024F09AF9B04299
S2140131B028BF3046C6B20BF1010BBBF1200FDCD1A4
S2140131C0BDF8300024F066F89DF8190002F024FAE4
S2140131D0049910A802F034FA182300225F4309EB81
S2140131E007031A742AF05DFE49F8070001352BE73C
S2140131F0D2520020DC520020B026040038330400EE
S2140132008010002070B500240126104D8AB02B884E
S214013210A0B2834204D80AB0BDE87040FFF7D6BC1E
S21401322005A923F041F89DF8150001F049FC50B1BD
S2140132309DF814303BB91A46CDE901360093E1B248
S21401324005A8F1F745F80134E1E700BFD2520020A6
S2140132502DE9F0430389DFF858818BB0B8F8009068
S21401326000930446837982884188407823F095FC50
S214013270002800F09580E78927B1A389BB4200F2B8
S21401328091800027B8F80030BDB2AB4214D84D4645
S21401329001264FF6FF73E2899A4226D146B9B8F85D
S2140132A00030AB4202D92846FFF70EFEFFF78EFC30
S2140132B000200BB0BDE8F083284605A922F0F4FFF4
S2140132C09DF814307BB92268059B5340FF2B0AD822
S2140132D06368069E5E4036F07F4604D1BDF81C202A
S2140132E023899A42D5D00137CCE7E2689A422BD09F
S2140132F0002E53D1D4E90323CDE9082305A822F0F3
S214013300C2FF0028D5D1B8F80030AB4204BF6B1C11
S214013310A8F800302AF0C5FD18236B43234AE9B20A
S214013320D050D418002305A81A46CDE901330093DE
S214013330F0F7CEFF18B100220023C4E90223284685
S21401334005A922F0B9FFB1E7234605AA04F1100C3E
S214013350174618685968083303C763453A46F7D1D4
S2140133601868386005A822F091FF0028C0D01F2DEC
S2140133701AD800238DF8143063788DF815306388D9
S214013380ADF81630A388ADF81830A3798DF81A3049
S2140133902389ADF81C300028B0D1ABE70020E6E762
S2140133A0862086E7872084E7892082E78010002030
S2140133B0D25200202DE9F04FB04A90F814908DB00B
S2140133C00446AF49002002F019FA002023F0E6FF78
S2140133D020B12368218A588803F0A8F90020A9495A
S2140133E002F0F2F9637DDFF8B8A2002B14BF802348
S2140133F040230293236808BF08205988A14B18BFB1
S21401340000200093228A072302F03EF8002303934C
S214013410A28909F10305954211DB039B13B91846EE
S21401342002F0FAF824F054F8034620B10020964A38
S214013430964902F0C9F901200DB0BDE8F08FA068E9
S21401344009F1010189B210F8096023F060FF3246E4
S214013450804603468E490020ADB202F0B5F98EB122
S214013460012E00F08A808527384602F0D5F83046CE
S21401347002F0D2F8404623F00DFF852FD2D001236B
S214013480039376E0A06809F10401A28989B2475D39
S21401349023F03DFF09F10601A289049089B2A068D4
S2140134A023F035FF3A4605900090049B3046794953
S2140134B002F08AF909F1080938461FFA89F503F07E
S2140134C055FB002857D1384601F0CCF9294603466A
S2140134D08146A289A06823F00BFF6F4983463046D8
S2140134E002F08CF9A1684A4629443346304602F078
S2140134F0CFF83046634902F067F9A9441FFA89F507
S2140135002368424659885879238A0093029B23F000
S21401351044FB18B18378BB4240F0AC80483FFFB211
S214013520092F05D840F21133FB40DB0700F1A480D8
S21401353000238DF81C30236807A85A798DF81D20C2
S2140135405B88ADF82080ADF81E30029BCDF82CB01C
S2140135508DF82230238AADF82430049BADF828304C
S214013560059BADF82A30FFF773FE074600287FF467
S2140135707BAFA9464CE7B346C2E72946A289A068B5
S21401358023F0C5FE4FF0000B0246074643490020D4
S21401359002F01AF909F10509BAF800301FFA89F59F
S2140135A0BAF800201FFA8BF94A4503D81F2B31D9E8
S2140135B0892759E7484607A9049322F075FE9DF826
S2140135C01C20049B012A22D122689DF81D005179F6
S2140135D088421CD1BDF81E005188884217D1BDF81B
S2140135E02010414513D19DF82210029881420ED138
S2140135F0BDF82400218A884209D1BDF82800E18857
S214013600884204D19DF82A10127991421BD00BF101
S214013610010BC5E7012299468DF81C2022685179D5
S2140136208DF81D105188ADF82080ADF81E10029956
S2140136308DF82210218AADF82410E188ADF8281003
S21401364012798DF82A2007A8ADF82C7022F01BFEFF
S214013650074600287FF408AFBAF800304846994577
S21401366008BF09F1010307A908BFAAF8003022F034
S21401367023FE7EE78D27F7E68C27F5E6DB2604009A
S2140136809F190400383304003C270400F125040088
S214013690E326040000270400212704002C27040049
S2140136A0D25200202DE9F04F074688469146002564
S2140136B089B09A46BDF848B09DF84C60149C224BE0
S2140136C01A88A8B2824235D903A922F0EDFD9DF8E9
S2140136D00C201D4BB2BB9DF80D10B94232D1BDF87E
S2140136E00E1041452ED1BDF8101049452AD19DF83E
S2140136F01210514526D1BDF81410594522D1304635
S214013700029201F0AFF8A6F14103012B01460AD857
S214013710204623F002FE0D4B0D4A204484420CD174
S2140137200421029302ACEDB232462046009503AB6B
S214013730FFF72EFC09B0BDE8F08F14F8011F4B40CF
S2140137405343EBE70135BBE7D2520020C59D1C81F0
S214013750930100011FB50F4C2478C4B142EA03223D
S2140137609DF818308DF8051042EA43220A4BADF851
S2140137700C201A78094B8DF80610079903EB0213F3
S21401378000908DF80400DB6868460291984704B003
S21401379010BD00BF425B0020445B0020FC3A0020C5
S2140137A073B51A4DFF211A4821F0DCFF2B7853B36D
S2140137B0184C194E2378180106EB03131A7A596828
S2140137C0305C24F09FF94D281DD0E0B10123002183
S2140137D02278CDE900311201B25CC0B2FFF7BAFF20
S2140137E00A2223780A480133DBB2B3FBF2F102FB6B
S2140137F01133FF2123702B78013B2B7002B0BDE8FB
S214013800704021F0A7BF02B070BD00BF425B002030
S2140138109C3B0020445B0020FC3A0020F8B5104F8A
S2140138203E780A2E1AD00FC8DFF840C00D4D9CF81E
S2140138300040013605EB041585E80F000A23013424
S214013840E4B2B4FBF3F203FB12440748FF218CF801
S21401385000403E7021F07EFF0020F8BD0120FCE70D
S214013860425B0020FC3A00209C3B0020435B00208A
S2140138700021024A0248FAF731BC00BFA137010015
S2140138809C3B0020002337B50C46124D12492A787E
S214013890CDE9003312018A5C01230146E0B2FFF74D
S2140138A059FFA4B90D490A788AB10A202B78013A42
S2140138B00133DBB2B3FBF0F40A70FF2100FB1433D3
S2140138C007482B7003B0BDE8304021F043BF03B07A
S2140138D030BD00BF445B0020FC3A0020425B002064
S2140138E09C3B002008B500F0BDF850B1054B064AD8
S2140138F00649052808BF1A46BDE80840002001F021
S21401390063BF08BD50270400383304007127040044
S21401391008B5032024F010F910B90122014B1A70E2
S21401392008BD00BF455B00200022024B18781A70C4
S214013930704700BF455B00200246FF21014821F089
S21401394000BF00BFBC3B0020114B37B51D78C5B981
S214013950FF21104821F006FFFFF7DAFF044600902A
S2140139600D4B28460D4A0E4901F02EFF4CB10D4B6A
S2140139701B78DB0605D5284624F0B8F8204622F049
S214013980F3FA094B186803B0BDE83040FFF7D4BF1F
S214013990455B0020BC3B00208E270400BC270400AA
S2140139A081FF0300335B002048640020FF210148AB
S2140139B021F0D8BEBC3B002070B51A4E05463378C0
S2140139C00C466BB30020184A184901F017FF032C68
S2140139D001D0652C20D11649002001F00FFF2246A8
S2140139E00020144901F0F0FE0020134901F006FF03
S2140139F0012329460822002001F04AFE00200F4933
S214013A0001F0E2FE032C88BF0023204688BF3370F6
S214013A10BDE87040FCF7BEB8012CE0D00849DBE7F2
S214013A2070BD00BF455B0020BC2704006B0304008B
S214013A30CF270400220A0400ED27040038330400CF
S214013A40E5270400014B1860704700BF486400205A
S214013A500021024A0248FAF741BB00BF493901007A
S214013A60BC3B0020054B10B51C782CB90448FF213F
S214013A7021F070FE204610BD0520FCE7455B0020C6
S214013A80BC3B0020F8B50024074B084E1D68084FC4
S214013A90E3B29D4204F1010400D8F8BD394656F858
S214013AA0230021F016F8F3E768A204006CA20400D4
S214013AB01465002010B5044C23780BB124F02CF8C3
S214013AC00123237010BD00BFA46800202DE9F74331
S214013AD0254B0D4616460446019350B14AB10423C0
S214013AE001AA12F8011BA94235D0013B13F0FF03CE
S214013AF0F7D1212003B0BDE8F08317F8010F90FA43
S214013B00A0F0000E21F021FA014608EB07039945C3
S214013B10F3DCCAB2C1F30F2392FAA2F293FAA3F32B
S214013B20120E1B0E03EB0223DB43621912F8020C82
S214013B3099B2DBB298420CD112F8013CB3EB112FCB
S214013B4007D132462146284603B0BDE8F04323F0AC
S214013B5043BF2320CEE74FF6FF71671EA5F102098A
S214013B60C4F10108D1E700BF080A0E12F0B51546E8
S214013B708FB00E4607462AF040FA254B02A81C785D
S214013B8023F0CEFF15F0FD0F3BD028B9BDF8083065
S214013B909B0701D5032D36D01DF0A4FE58B309A806
S214013BA024F02AF80323306871688DF824300AABB4
S214013BB003C39DF83130012D43F002038DF83130F7
S214013BC019D105A909A824F00FF8002818BF022466
S214013BD023F0B8FB032D18D80E4B0F4A0020CDE971
S214013BE0004753F8243052F825200C4901F0ECFD2B
S214013BF020460FB0F0BD032DEAD1042C08BF0024E7
S214013C00E6E70324E4E72C46E2E70324F0E700BFF7
S214013C10465B0020B4860400A4860400F42E04004B
S214013C20014B1870704700BF475B0020024B1A68B3
S214013C3018608260704700BF4C640020024B186811
S214013C4000B14068704700BF4C64002070B5044660
S214013C5000250A4B1B687BB100211E8807E05A68C5
S214013C6002EB0110013145B9021B554255418AB29A
S214013C709642F4D89B68EEE7184670BD4C64002067
S214013C802DE9F04F1E46002393B0022E07468846C4
S214013C901446DDF870909DF874A0ADF81A3040F225
S214013CA0C08099F800305A0729D5042E40F2B98011
S214013CB099F804B000255F4B33F83520002A00F050
S214013CC0B68001350A2DF7D1209B002B40F0AD8040
S214013CD0FF250023207908AA0DF119018DF8193066
S214013CE023F0A6FA70B1BDF82C309DF81900238098
S214013CF023F023FB0790C0B113B0BDE8F08F99F80D
S214013D0002B0D7E7207922F0C3FF0B28059000F216
S214013D108A80207923F022FB07900028ECD1464ABE
S214013D20059B02EB03135B8823804FF6FF73002F7E
S214013D3008BF434662880021CDE900235846524613
S214013D40238802F0FDFD18B1E38843F02003E380E9
S214013D50209B07A90DA8CDE90D34CDF83C90ADF810
S214013D604080ADF842608DF844708DF845A023F090
S214013D7072FA08B10798BFE7484602F025FDA01D74
S214013D8002F010FD22464146384623F0AAFBB04217
S214013D9027D3E3882246C3F30E03E3809DF87C30E5
S214013DA041460393BDF87830384602930DF11A0365
S214013DB0CDE90093F3B222F0DEFC209B079003B31B
S214013DC0F8B9BDF81A2042B1092D06D81B4B03EBF2
S214013DD0C5018A80209A43F83520112023F00BFA7A
S214013DE01CE0BAF1000F0AD10DF11A03CDE9006308
S214013DF022464B4641463846FAF778FFDDE738203B
S214013E00DBE7052807D1E388DB0607D50023012079
S214013E100793FFF705FF079B002BDED023F092FAEE
S214013E20A8E7012068E7212066E71C2064E7EDB2D9
S214013E304FE700BFE43B0020503C0020E03B002061
S214013E404FF6FF72024B1A805A809A80704700BF65
S214013E50D452002010B5044C2379FF2B02D123F055
S214013E6089FE2071207910BDD452002010B50C4C6B
S214013E702379FF2B08D1002023F05FFA20B923F025
S214013E8079FE207123F05EFA2079022805D00438E5
S214013E90012894BF0020012010BD0020FCE700BFD0
S214013EA0D45200204FF6FF7310B5044C22889A4274
S214013EB002D123F055FE2080208810BDD452002068
S214013EC010B5FFF7BDFF40F61D439842044607D8DC
S214013ED0B0F5416F05D2182826D8152848D829D01C
S214013EE010BDA0F541630D2BFAD801A252F823F0BC
S214013EF0353F0100353F0100E13E0100E13E010092
S214013F00E13E0100E13E0100E13E0100E13E01002B
S214013F10853F0100973F0100313F0100313F01001D
S214013F20313F0100313F010040F606439842D7D1A8
S214013F301C4920E0FFF7B6FF1B490246002001F0AE
S214013F4043FC152C05D123F0F5FDBDE8104023F008
S214013F508BB9164B164A1749B4F5416F08BF1A4676
S214013F60002001F031FC23F07EF923F07DF9ECE727
S214013F701628DDD11049002001F026FCBDE81040CE
S214013F8023F097BA22F0DEFCBDE8104002460B494A
S214013F90002001F019BC0020BDE81040084901F0DE
S214013FA013BC00BF18300400C52F040038330400CA
S214013FB0C02F0400E12F0400013004002D3004005E
S214013FC05530040007B5094A0346108831B9084A36
S214013FD0084903B05DF804EB01F010BC0091064AF5
S214013FE0064901F00BFC03B05DF804FBEC5200201F
S214013FF0B8FC0300753004005CFD030081FF03007C
S2140140000D4B37B51B68044693B11D780389012D06
S21401401008BF02250093C37A084A0020084901F028
S214014020D3FB2146284603B0BDE8304023F05ABDF5
S214014030022003B030BD00BF1C3D0020EA30040062
S21401404099300400002010B523F077F90D4B1B685A
S21401405063B15A78052A03D862B1052402220AE020
S214014060FF2AFAD00020084901F0AEFBBDE8104057
S21401407023F068B91446104623F090FD204623F03D
S2140140808BFDF3E71C3D0020EF30040013B5134C05
S214014090002023F052F9FFF7D3FE23689BB101A855
S2140140A022F043FC78B923681A789DF804309A42C6
S2140140B009D0D91E032906D9D11E012903D9012AFF
S2140140C007D1022B05D1032301A8ADF8043023F054
S2140140D00FFD02B0BDE8104023F034B91C3D0020AE
S2140140E000231946034A01330A2B918042F8081B24
S2140140F0F9D17047E03B00207FB50E46054623F018
S214014100F9FC2A46044603460D49002001F05CFBF3
S21401411096B10C4B36211A889B78ADF80C208DF899
S2140141200E300323002200934FF6FC7003AB8DF88C
S2140141300D5023F020FC0446204604B070BD00BF9D
S2140141401031040020870400FF2810B50C4604D166
S2140141500020044901F038FBFE202146BDE810404E
S214014160FFF7CABF29310400F8B51E460B8807467B
S2140141700C461546002B64D14A88B1F9021000207E
S2140141800029B8BF6B78304901F01EFB6288132AFC
S2140141901DD002F5FF437F339BB2052B23D8A2F532
S2140141A00042013A052A1ED8DFE802F0193F1D0336
S2140141B03C09264A2649002001F006FB13E0254A61
S2140141C02349002001F01AFB2A792349F3E7022E3E
S2140141D094BF4FF6FF72B5F801202049EBE70020A7
S2140141E01F4901F0F1FA33462A462146384624F0A3
S2140141F0EAFB70B933462A462146384624F0E5FBE9
S21401420048F2210362889A4203D13846697823F03E
S21401421018F86388B3F5004F02D9082023F02AF86E
S2140142200120F8BD2A790F49C5E70F4A0849002041
S21401423001F0E4FA032E94BF4FF6FF726A880B4929
S214014240B9E70020EDE700BF643104008C310400BB
S21401425093310400A4310400AA310400B8310400EB
S214014260D0310400EA3104000C320400113204009B
S2140142702DE9F04116888AB0DFF88C80ADF80E3053
S2140142800DF10E03C8F8002015460093324610AB18
S21401429007460C46FAF7BCFD90BB109B8DF8240030
S2140142A00693BDF80E3004A8ADF81C30AB898DF826
S2140142B01070ADF820306B890594ADF81E60ADF82E
S2140142C0223022F0C6FFD8B921463046BDF80E305E
S2140142D0109A01F0C9FF98B921463046BDF80E3054
S2140142E0109AFFF741FF58B9CDE9006039462046DC
S2140142F0BDF80E30109A02F049FB08B9C8F8000064
S2140143000AB0BDE8F08100BFDC3B0020F0B585B007
S21401431004AB03E9030000231C469DF80D609DF8DD
S2140143200E70154AD9B202EBC1004568EDB99DF889
S2140143300C30284600939DF80A209DF80B300F4953
S21401434001F05CFA26B1324628460D4901F056FACC
S2140143500C4A0020002C18BF2246BDF808300A4936
S21401436005B0BDE8F04001F02FBA12F83110013364
S214014370B94208BF2C46D5E7C8860400233204009C
S2140143803432040027FC0300383204004FF6FF7372
S21401439010B5084C88B062889A4207D102A90DF17F
S2140143A0070022F0C0FABDF810306380608808B0BC
S2140143B010BD00BFD45200202DE9F04F85B08946CC
S2140143C092461C460746BDF83850BDF83C80109E04
S2140143D0002833D00346464A0020464901F00EFA2B
S2140143E02388002B76D040F20912934274D0424AB9
S2140143F04249B3F5827F08BF0A46CDF8048061883A
S214014400002000913E4901F0F9F9238893B1B8F1F3
S214014410020F0FD933783B4913F0010F3A4A18BF00
S2140144200A4659074FF000004CBF3379B378374935
S21401443001F0E4F90020364901F0C6F900233549B8
S21401444031F83320AA4249D1334A52F833B0002317
S21401445031F83300DA00A84246D100202E490A443A
S214014460908041F8330047B9238833B9B4F9023054
S214014470002B02DB082022F0BEFE012022F0FAFE0D
S2140144809EB13578EB0710D515F0040004D04246EE
S2140144900121304622F03BFFCDE90170434622461A
S2140144A051464846009622F050FCBBF1000F06D05C
S2140144B04346224651464846CDE90067D84743461B
S2140144C0224651464846CDE9006722F004F905B078
S2140144D0BDE8F08F114A90E7114A8EE701330A2BA7
S2140144E0AED14FF0000BB2E701330A2BB0D1BAE7D9
S2140144F064F303005F32040028FC03004D3204001D
S2140145006D32040050320400583204009E3204001A
S21401451038330400E43B0020E03B00204632040030
S2140145204A3204000D4BF0B54FF00C0C1F880546BF
S21401453000230B4EDCB2BC4201D30020F0BD0CFBC5
S21401454004F43019345DAC4205D144888C4202D162
S21401455004799442F2D00133ECE700BF44680020AE
S2140145605C64002073B501262B4D2C4C2A46204650
S214014570FF2300210096F9F77BFD2A462046FF23FC
S21401458000210096F9F774FD2A462046FF230021F4
S2140145900096F9F76DFD2A462046FF230021009676
S2140145A0F9F766FD2A462046FF2300210096F9F713
S2140145B05FFD2A462046FF2300210096F9F758FDA5
S2140145C02A462046FF2300210096F9F751FD2A4688
S2140145D02046FF2300210096F9F74AFD2A46204689
S2140145E0FF2300210096F9F743FD2A462046FF23C4
S2140145F000210096F9F73CFD2A462046FF230021BC
S2140146000096F9F735FDFF232A460021204600963D
S214014610F9F72EFD02B070BD05600300303C0020A6
S2140146202DE9F84300244FF00C090C4B0C4F1E7873
S214014630DFF830803A88E5B2954202D33046BDE8CD
S214014640F88309FB0585FF21A86821F092F818B9BF
S214014650AB799E4238BF1E460134EBE7485B00202B
S214014660446800205C640020014B1878704700BF46
S214014670485B0020014B1870704700BF485B002064
S214014680F8B506460C4622F0D1FD0546C8B93046B7
S21401469022F0FEFA0B2815D80B4B03EB00131F7BF9
S2140146A087B95A88012122809A88304662809B7990
S2140146B0237100F037FA39466071304600F032FA5D
S2140146C0A07101252846F8BD503C002070B504466F
S2140146D00E46154622F0DCFA0B2802D94FF6FF707B
S2140146E070BD094B03EB00131A7B002AF6D146B9BD
S2140146F001222946204600F03DFA0028EED0008827
S214014700EEE7012EEAD1F4E7503C0020FF2313B573
S2140147100DF1070104468DF8073022F085FD18B12A
S2140147209DF8070002B010BD074B03EB04131B7B7B
S2140147300BB1FF20F6E7204600F03AF90028F8D042
S214014740204600F0E9F9EDE7503C002013B5F6F7F6
S21401475085FC0446F6F788FC2246034612490020EB
S21401476001F032F800F084FFFFF7BAFC00F0A6F87B
S2140147700221084602F074FDFFF764FC41F249008D
S21401478023F026FA4FF0FF130093FF2368468DF8B7
S214014790043023F0FBF94FF4004023F0D9F9002050
S2140147A023F0F6F902B010BDED32040038B5054627
S2140147B022F05CFD90B9284623F016F9044628B18C
S2140147C040F60443984214BF88248D2423462A4683
S2140147D00020034900F0F8FF204638BD8D24FBE792
S2140147E0053304002DE9FF4705460E461746984651
S2140147F0BDF83090DDF834A0BDF83840CDF8009013
S214014800CDE9014AE4B2FFF7D7FD43463A463146C1
S2140148102846CDE90094CDF808A024F09DF8FF21A4
S214014820034B044A044804B0BDE8F04700F01ABE42
S214014830E0520020DC520020205D0020044B01469F
S2140148401888102240F0404040F48010F7F716BA5E
S2140148501A840400024B18685968FFF757BD00BF59
S2140148604EC704000123064AD15C814202D1054AA3
S214014870D05C704702335F2BF6D10020704700BF33
S214014880228704002387040070B500220446094BE2
S2140148901D78094BD0B2854201D8FF2070BD1E7825
S2140148A0A64204D10029F9D05E7BF607F6D4013280
S2140148B01033EFE7495B0020503C00202DE9F04122
S2140148C098B06B46304A1068516803C390680CAACA
S2140148D018602E4B14469C4603F1180615461868B8
S2140148E05968083303C5B3422A46F7D112AA1746B8
S2140148F0274B03F11806154618685968083303C58F
S214014900B3422A46F7D1234A03AB106851684FF0E9
S214014910010E03C3906871681860DCF8300000224D
S21401492006AB03C30C21EC46B068CDE9092218603A
S214014930194BDFF86C801970184B0DEB01060B92C2
S21401494006AD09A91CF8010B0132187034F8020BE8
S2140149500C2A588037F8020B83F80DE0988016F879
S214014960010B03F1100303F80A0C15F8010B08EB11
S214014970C00043F8080C11F8010B03F8040CE1D150
S21401498018B0BDE8F08100BF1F330400928A04000E
S214014990AA8A04002C330400495B0020503C002006
S2140149A08C870400014B1878704700BF495B0020D4
S2140149B0034B03EB0013587B00F00100704700BF68
S2140149C0503C0020F0B504460846D9B100220E4BF3
S2140149D011461F780D4B1D46D6B2B74201D80020AE
S2140149E010E01E78A64206D09E68F688314489B249
S2140149F001321033F0E75E7BF607F9D505EB0215B9
S214014A000180A868F0BD00BF495B0020503C002033
S214014A102DE9F347894690461D46074618B90020FA
S214014A2002B0BDE8F0870029F9D0002AF7D0002BA4
S214014A30F5D0002400780DF10601ADF80640FFF729
S214014A40C1FF0028EBD039460DF10602BDF806601D
S214014A5022F013F807460028E1D00DF10602BDF852
S214014A6006A022F031F80028D9D0C9F80070C8F89D
S214014A700000037913F0200219D1DB0614D4BDF827
S214014A8006300C4A564413FA86F612FA86F20BE002
S214014A901A790C33920642BF13F8092C891889B289
S214014AA09842F5D8044A0A4401202A60B8E721460C
S214014AB0024BF5E76C5C00204A5B0020CC890400C1
S214014AC008B50021FFF7E0FEFF2817BF044B084694
S214014AD003EB0013587B18BF00F0010008BD00BFB0
S214014AE0503C00202DE9F0410D4616461F4622F0A7
S214014AF0CFF80B280AD8074C3B4604EB0010324689
S214014B002946BDE8F041806822F08FB80020BDE854
S214014B10F08100BF503C0020014B0001185C70473B
S214014B20503C002070B50C4622F0B2F80B281BD87A
S214014B300F4B03EB00139A68C2B1002314261846E4
S214014B401579D9B28D4200D870BD116806FB0311E4
S214014B50097B34B911F0800F1CBF0130C0B201339C
S214014B60EFE711F0400FF7E70020EDE71046EBE71F
S214014B70503C0020F8B50D46164622F089F80B2861
S214014B800BD80F4B4FF0140C03EB00139A6800235D
S214014B901C461779D9B28F4201D80020F8BD10689B
S214014BA00CFB0300017B46B911F0800F03D0AC4229
S214014BB0F4D00134E4B20133ECE711F0400FF5E72D
S214014BC0503C00202DE9F04F064600243A4B87B0B2
S214014BD01B783A4F0093009B9C4207D2FF2E08D0C9
S214014BE0304622F055F80B28044606D907B0BDE832
S214014BF0F08F07EB04131B7B2BBB23014FF0000840
S214014C00019307EB041A14E014221B6802FB053516
S214014C102B89B3F5967F01D929F057F94FF0000992
S214014C204FF00C0B29891FFA89F291420ED808F130
S214014C300108019B5FFA88F5FB189B681A79AA425E
S214014C40E2D8FF2ED2D10134E4B2C4E71FFA89F0CC
S214014C500BFB00F06B6819180A7912F0100F23D1BC
S214014C609AF800E012F0400F8DF80CE0B5F800E07D
S214014C70185AADF80EE00CBF4FF0400E4FF0800E04
S214014C80ADF8120028468DF810E021F0C2FE530759
S214014C90ADF81400C8780AD50228896800D90968D1
S214014CA0002203A821F091FF09F10109BAE70228C1
S214014CB08CBF89680831F3E7495B0020503C00202F
S214014CC0052370B5094A06881488B44208D1957838
S214014CD0047B2C403F2C03D90D4201D0506870BD97
S214014CE0013B02F10802EFD11846F8E73C8A0400BE
S214014CF070B50024074D084E2B78E0B2834200D8E9
S214014D0070BD06EB0010437BDB0701D522F09FF850
S214014D100134F1E7495B0020503C0020F8B50C4611
S214014D2000210546FFF7B0FDFF2829D0154A0601E8
S214014D3002EB00135B7B03F001016CB143F001034E
S214014D401644A142737305D0C4B100B202EB001041
S214014D5022F07DF80120F8BD2346F1E77B43116878
S214014D602846CA18127BC95AD20921F0DCFC013444
S214014D70B268E3B211799942F0D8EBE71427F7E766
S214014D800846E8E7503C0020F0B59446497D20B33C
S214014D9039B3012918BF042100254FF6FF702F46AD
S214014DA02A46144E3488644511D196F803E01EEA6B
S214014DB0010F0CD0B4789C4209D30AB1BC4206D884
S214014DC01EF0100F03D08AB1BC420CD370B9013566
S214014DD0072D06F10406E5D1F0BD002908BF08211C
S214014DE0D8E70221D8E727460020F0E72746012228
S214014DF0FAE700BF208A04002DE9F04F0A9FBDF8AC
S214014E0024E09DF82C809DF830904C7D78B394B3C7
S214014E10012C18BF04240025194800F11C0C068833
S214014E2096421ED190F803B01BEA040F19D086787B
S214014E30464516D31BF0100F91F80FA004D0BAF117
S214014E40000F0ED0B1F810A0BAF1000F09D1A94594
S214014E5013D0AE4511D95E553E88013501363E80E8
S214014E60ADB204306045DAD10120BDE8F08F002CE8
S214014E7008BF0824CDE70224CDE70020F5E700BFF0
S214014E80208A04002DE9F04F0024B1F57C4F0E4630
S214014E9038BF4FF0010BA246A1464FF6FF781F46DA
S214014EA028BF274B85B028BFB3F800B00090019209
S214014EB05C4503D3404605B0BDE8F08FB6F57C4FA0
S214014EC00CD3204B3A4603EB840331465B880098AB
S214014ED0FFF708FE054680B300232AE03A4631462E
S214014EE0009821F005FFF5E70C229CB254436A684E
S214014EF00199105B02EB040C884219D3B9F1000F3B
S214014F0001D0504514D861462846CDE9023221F039
S214014F1080FD029B60B1039A125BB9F1000F03D0CA
S214014F20524501D3804503D9924680464FF0010988
S214014F3001332A899CB2A242D6D80134A4B2B7E77B
S214014F4082870400848704002DE9F04F91461A46B3
S214014F5000238BB08DF82020BDF850208DF81C0062
S214014F60ADF81E10ADF8242005460F461A4604A9D2
S214014F7007A8159C9DF858609DF85CA09DF860B048
S214014F809DF864800493ADF8229021F0CAFD049840
S214014F9050B92B46CDE90079644A654900F014FC06
S214014FA086200BB0BDE8F08FBAF1000F14D18378DC
S214014FB0B34206D050465D4A5E4900F005FC8D209E
S214014FC0EFE7037913F0010306D11846574A5A4909
S214014FD000F0FAFB8820E4E703795B072CD58368A9
S214014FE05A689B6805920693807822F032FB049BF0
S214014FF00546DF782146022F03463A4610D805A813
S21401500022F0E3FA81462B463A46214606A822F0CC
S214015010DCFAB9F1010F01D001300DD18720C0E7CC
S214015020059822F0D2FA0128F8D02B463A462146B6
S214015030069822F0CAFAEFE7BBF1000F6FD1049F82
S2140150404FF6FF722146B87821F081FC00286BD01C
S214015050BDF82430C5B20093CDE902549DF8203046
S214015060BDF82220BDF81E109DF81C00019622F006
S214015070EAF8002895D1BDF82430CDE90254009312
S214015080BDF822209DF82030BDF81E109DF81C00AA
S214015090019621F0B6FE002883D121469DF86820AE
S2140150A007A821F092FD00287FF47BAFB8F1000F2E
S2140150B007D03B462046BDF81E209DF81C1021F067
S2140150C027FEBDF82430BDF82220BDF81E109DF83D
S2140150D01C000093CDE901649DF82030FEF7E2FA4A
S2140150E0BDF82430BDF82220BDF81E109DF81C0026
S2140150F00093CDE902549DF82030019622F0A2F8E3
S214015100BDF82430BDF822200093BDF81E109DF88E
S21401511020309DF81C0021F04CFE002041E70020C5
S214015120064900F051FBF8E701203AE7393304005D
S21401513045330400713304008533040099330400B9
S2140151407FB500258DF80830BDF820308DF80400B5
S214015150ADF80610ADF80A20ADF80C306946BDF87A
S2140151602830099A01A80B9E009521F0DAFC044626
S21401517030B916B1009B9B783370204604B070BDE1
S2140151808928FAD12846024900F01EFBF5E700BF40
S214015190B63304002DE9F04F4FF0000AC7B0FFF711
S2140151A001FC5FFA8AF6B04202D847B0BDE8F08F3C
S2140151B05B4B36019A5D00205A4900F005FB002042
S2140151C0594900F001FB00230593554B9DF8144007
S2140151D033449B681A79A24202D80AF1010ADEE733
S2140151E014224FF000091B6802FB043422891FFABF
S2140151F089F39A4202D8059B0133E5E70C231FFA8F
S21401520089F803FB08F8D4F804B028F05EFE0BEB2F
S21401521008052B79454913F0400F3BF808302288E2
S2140152204FF000000093424B18BF0B46414900F077
S214015230E5FA2946204621F0ECFB074600283CD13A
S2140152403D4900F0DBFA2979DFF814C111F0010FAE
S2140152503A4818BF604611F0020FAA78EB7832D1AF
S214015260DFF800C111F0100F354918BF6146CDE9CE
S21401527000010020334900F0C1FA2B793BF80820E1
S21401528013F0400F4FF0000B4FF0FD030DF118081F
S2140152902188CDE9023BCDE9007821480CBF4023A7
S2140152A08023805DFFF74CFF86280ED1264900201B
S2140152B000F08AFA09F1010998E70246234900201D
S2140152C000F09CFABFE72249D1E7A87821F091FBCC
S2140152D0D8B1404622F021F8421C92B20123414641
S2140152E0002000F0D5F93946208801F001FA4FF682
S2140152F0FF73984207D0174B174903EBC0035A6850
S214015300002000F061FA1549D1E7A87821F077FB73
S21401531020B1404622F006F8821CDEE7EA78DDE797
S214015320503C00200834040016340400E033040026
S214015330E533040056340400CD240400ED330400A4
S214015340F03304006A34040086340400273904006C
S214015350F83304000C8B0400AD030400383304005A
S214015360EA330400003404002DE9F04FC7B0BDF85D
S21401537044A10646BAF1040F0D4614461F46BDF871
S21401538040B163D9CDE9013B00920B460246304954
S214015390002000F019FAFD230DF117090DF1180888
S2140153A03046029322463B462946CDE900B8CDF861
S2140153B00C90FFF7C5FE0646B8B9FD22414699F89E
S2140153C0000021F0C4FA0746C0B1AAF104038342E3
S2140153D038BF8926204621F05DFF8EB1304600F0A9
S2140153E01BF9304647B0BDE8F08F009023462A46A9
S2140153F00020184900F0E8F90027EBE78926E9E7DD
S214015400DFF85CA0BA1CBAF80030C3F1FF039A4279
S21401541019DA304600F000F999F8000000F0FCF8BF
S214015420BAF800900C483A4641464844B94404F05C
S21401543021FFAAF8009023462A46304607490097DE
S21401544000F0C2F9CDE7892000F0E6F88926C8E722
S21401545092340400CD340400205D0020F4340400AE
S214015460DC52002010B5044C206004480180044939
S2140154700A60044A136010BD183D0020DA5200206D
S214015480143D0020103D002030B587B00AAC0D4613
S21401549054F8041B0093CDE901141346094902464A
S2140154A0094809880068059421F0F2FD4FF48A52F4
S2140154B0064B1B681880064B1B685D80DA8007B0B8
S2140154C030BD00BFDA520020183D0020143D0020F8
S2140154D0103D002008B410B587B009AB0C4653F850
S2140154E0041B0092CDE9011302460B490B480593B4
S2140154F009880023006821F0CBFD4FF48A52084B3F
S2140155001B681880074B1B685C80DA8007B0BDE813
S214015510104001B0704700BFDA520020183D00204D
S214015520143D0020103D0020044A0346116804483B
S214015530044A09881268006821F083B8143D0020E7
S214015540103D0020183D0020044B054A1B681268D8
S2140155501988044B186820F0E7BF00BF143D0020EF
S214015560183D0020103D002007B5074B1B681B881F
S2140155700192064A12680092054A126821F035F82F
S21401558003B05DF804FB00BF143D0020183D002069
S214015590103D00201FB51446064A12681288CDE950
S2140155A001430091044B05491B68096820F0F9FF87
S2140155B004B010BD143D0020183D0020103D002011
S2140155C0014B1868704700BF103D0020024B1B6856
S2140155D018715971704700BF103D002010B50024A6
S2140155E0084B1C70FEF75EFC074BFF221880214615
S2140155F0064804F0AFFC064B1C80064B1C605C6042
S2140156009C6010BD2A5E0020DE520020205D002036
S214015610DC520020E052002007490B88FE2B9FBF7A
S214015620064AD054581C80B29DBF088000F1FF3056
S21401563080180020704700BFDC520020205D00204B
S214015640F8B5094F0D463B885C18FE2C0ADC074E60
S2140156500A46A4B20146F01804F0CEFC3C80641B56
S214015660A019F8BD0020FCE7DC520020205D0020D8
S214015670024B034A00201A60704700BF1C3D002001
S21401568088870400014B1878704700BF503C002003
S21401569030B4044D044C002B0CBF2B46234630BCC3
S2140156A021F064BE54F40300C735040070B5054606
S2140156B008460C4621F031FE611C0246024B284684
S2140156C0BDE8704021F052BEE63C040000B5037808
S2140156D089B0069343783E2205938378084904935C
S2140156E0C3780393037902934379019383790093F3
S2140156F0C3790448008800F081F809B05DF804FB1E
S21401570022350400EC520020024B0246024918885A
S21401571000F05AB8EC520020C0FA03002DE9F04719
S21401572005460E4617460024DFF84480DFF844A0FD
S214015730DFF84490AC4201D1BDE8F087B8F800002C
S21401574006EBC4015346082221F010FE0134B8F8D6
S21401575000003FB9044AA54208BF4A46034900F083
S2140157604DF8E7E74A46F9E738330400BFFA030085
S214015770EC520020C73504001DE603002DE9F04178
S2140157800E4E0446308821F009FEA8B100250C4FC4
S214015790DFF83080E3070AD518B94146308800F0B3
S2140157A02DF830882A46394600F028F800200135C1
S2140157B01B2D4FEA5404EDD1BDE8F081EC520020D8
S2140157C0192104006A3204000EB417B505A904466F
S2140157D051F8040B019103F0BFFA01210220054A9A
S2140157E0F8F766FF044B1C8003B0BDE8104003B019
S2140157F0704700BF38330400EC5200200EB417B5D2
S21401580005A9044651F8040B019103F0A5FA034BD0
S2140158101C8003B0BDE8104003B07047EC52002076
S21401582013B503680446587900F032FF90B923682F
S2140158305A88032A0ED0E17C5B79CDE9002116490E
S214015840164AFFF7C1FF0121204621F047FE01203D
S21401585002B010BD637D012B0AD0637D33B9236886
S214015860228A5988587921F01FFA48B9C3200AE0DC
S2140158702368228A5988587921F01FFA0028ECD02B
S214015880204621F08DFD064B1B78002BDFD110F54D
S214015890807FDCD0C1B2D7E74F350400473504001E
S2140158A0215E0020002970B50F491D460F4B144696
S2140158B00CBF6E227922002808BF0B4600200C4937
S2140158C0FFF79CFF0B4E2544AC4205D1BDE8704066
S2140158D000200949FFF778BF3146002014F8012B54
S2140158E0FFF78CFFF0E700BF883504007E35040023
S2140158F091350400C5350400561804002DE9F04F13
S214015900C27C8BB00592427D0368002A14BF8022B8
S2140159104022077D0446856886895879B846B3F8DB
S2140159200290069200F0B4FEA0B9059B052B05D89F
S2140159306FF02D03059A1341DB070BD5B9F1030F61
S21401594008D0AB490020FFF73FFF0121204621F098
S214015950C5FD76E0E37B1BB1228A002A00F0B78101
S214015960607D0022B0FA80F05B4203F00403DFF8AA
S2140159708CB2400943EAC000ABF80020FFF74CFEAA
S214015980E37B1BB3208A21F085FC8246A07CFFF7CF
S21401599043FE059A162A00F29A81DFE812F01900F2
S2140159A09E016C005600D2016C009201D9019A0149
S2140159B0E001E701EE013901020298019801980120
S2140159C01402580214027002390102029A46DDE7F7
S2140159D000204B46874A8849FFF7F6FE0120FFF76D
S2140159E01BFE08F10207B74229D84146324628462F
S2140159F021F08DFC8046236842465879BBF800307A
S214015A004946C3F1FF039BB20193238A0093069B89
S214015A1022F0DCFF10B11FFA87F8E2E7236842465E
S214015A205879BBF800304946C3F1FF039BB2019396
S214015A30238A0093069BFFF797FC8928EBD121F078
S214015A4047FD01200BB0BDE8F08F4FF0000B04209E
S214015A50FFF7E2FDF31E0893089B984552D3BBF16E
S214015A60000FECD1E37B94F81480002B0CBF0222CC
S214015A700422624B1A804FF0000B0420FFF7CCFD86
S214015A805F4608F1030A564540F29D80324641467C
S214015A90284621F03CFC05EB08039B78F21EAA443D
S214015AA0A2EB080207905146184692B2099320F0DD
S214015AB04EFF0890002879D02268099B5079CDE9DD
S214015AC001A3238A49460093DDE9063221F06EFAE6
S214015AD082464A460020079B4949FFF78FFEBAF1E6
S214015AE0000F55D10BF10103504646495FFA83FB7F
S214015AF0FFF76AFE089B08F1030813FA88F81FFAF5
S214015B0088F8BEE732464146284621F000FC05EB00
S214015B1008039F78089B08F10301A3EB08022944B8
S214015B20824692B23846099120F011FF079068B379
S214015B3023680999587902970191238A524600935E
S214015B404946069B21F082FA0746B8B10BF10103DC
S214015B5038465FFA83FBFFF75FFD504621F09AFB5C
S214015B6053464A4600202649FFF72EFE3A460020B5
S214015B702549FFF729FE802F3FF471AF079B08F1F7
S214015B80030813FA88F81FFA88F865E78027DDE727
S214015B905046FFF741FD079821F07CFB013752463E
S214015BA000201949FFB2FFF70FFEA3E78720FFF792
S214015BB033FD079821F06EFB0137872212490898BA
S214015BC0FFB2FFF701FE059B052B3FF43AAF002F0E
S214015BD07FF435AFBBF1000F05D10C495846FFF7EE
S214015BE0F3FD8021B2E63846FFF716FD27E700BF32
S214015BF012EB0300D23504001F360400DC520020ED
S214015C00DC3504001F350400F835040002360400B4
S214015C100599A84AA84B0020152918BF1346CDF8A8
S214015C200090A64AA649FFF7CFFD059B0C2B14BF93
S214015C3016200D20FFF7F0FC32462846394621F0A3
S214015C4066FB059B3D440C2B0646AD7835D1192DD8
S214015C5028BF1925E37BB3B14FF6FF73278A9F420E
S214015C6011D1206832464946069B4079FFF70AF96A
S214015C70B84208D0BAF1000F05D020828AF8000099
S214015C80000A8AF801000020BBF80070FFF7C4FC88
S214015C90236832465879059B4946A3F1150CDCF179
S214015CA0000343EB0C03CDE90153238A0093069BC3
S214015CB021F0F0F8834BD855C1E6132D28BF1325E4
S214015CC0C8E72046FDF776FB00287FF4BAAE8121AF
S214015CD03CE62046FDF722F8F6E7B9F10A0F05EB98
S214015CE00708A6EB070A21D1DFF8DCB19BF80030E4
S214015CF0E3B1E37BD3B9BAF1080F17D1324639467F
S214015D00284621F004FB88B998F8023073B998F850
S214015D100320E22A0AD13246391D2846059321F08E
S214015D20F3FA21F0C0FB059B8BF80030414648464C
S214015D301FFA8AF222F04CFE00287FF482AE002180
S214015D4004E6F21B484692B2E91921F09DFAF3E700
S214015D50F21B484692B2E91921F057FAECE7F21B1A
S214015D60484692B2E91921F07CFAE5E7F21B48466B
S214015D7092B2E91922F02EFEDEE72368EE5D58792D
S214015D80238A0137ED5D0193069B3246494600930F
S214015D902B4620F0BEFF2A463146484621F037FA08
S214015DA04FE605987A1CE95DB31AA0F11606704213
S214015DB070410039009018BF012148469BB22A4421
S214015DC021F027FAB8E7059BEE5D112B3D446F786D
S214015DD038D11220FFF720FC0025E37BB3B14FF644
S214015DE0FF73B4F81080984510D133464A462146D1
S214015DF02846FEF7C9FF404508D0BAF1000F05D086
S214015E0020828AF80000000A8AF80100BBF80080A8
S214015E10DFF8B0A0C8F1FE0292B208F101030092C9
S214015E2053444A4621462846CDE90267CDF804B0D8
S214015E30FEF7E2FFBBF800300AF808000133ABF8C2
S214015E400030FCE51420FFF7E7FB0125C5E77B1CC6
S214015E509E422CD3EF5D1D44003F18BF0127F31A65
S214015E609EB233462A4639460020FFF71BFD0096B0
S214015E702B463A464846218A21F0CFF95CE77B1C3F
S214015E809E4214D3EF5DF61A003F18BF01271D444A
S214015E90B6B233462A4639460120FFF703FD00967F
S214015EA02B463A464846218A21F0B5F944E70020B8
S214015EB0C8E500BF38330400CD35040013360400AE
S214015EC01D360400205D00201F5E002038B54FF609
S214015ED0FB750446A9424FF001019DF8100098BFDA
S214015EE043F40043217023816260A07202230020E4
S214015EF0084A0949FFF768FCE07A084B40F6CA02EF
S214015F0003EB4010FF211FF01CFCBDE838400420C5
S214015F1021F071B92D36040038360400603D0020AA
S214015F2030B5054685B028B91D4905B0BDE83040F5
S214015F30FFF74ABC0024007B21F0FFF92046194AEE
S214015F4019492C70FFF740FC184BE87AFF2103EB48
S214015F5040101FF007FC2046154B02019A5C22B93F
S214015F6001300428F9D121F085F9696899B1B5F9AC
S214015F7008302A899B1303F002038DF80430C2F31C
S214015F800E03ADF806304FF6FF73ADF80830002368
S214015F9001A80393884705B0BDE8304021F0D2B987
S214015FA0633604002D36040095360400603D00205B
S214015FB0203D00200948037873B91946084AD37270
S214015FC00133042B1173117051601181917202F12A
S214015FD01002F4D101230370704700BF205E002039
S214015FE0203D002008B5FFF7E5FF002305491A010B
S214015FF08A5C01EB03101AB10133042BF7D10020A0
S21401600008BD00BF203D002070B50D460646FFF7CF
S214016010D1FF0023094800EB0514A17AB14205D14E
S214016020217819B12B4400EB031070BD0133042B0A
S21401603004F11004F1D10020F7E700BF203D002055
S21401604010B50446FFF7B6FF0E4B9C4212D003F183
S2140160502002944210D003F1400294420ED06033E5
S2140160609C420DD10323084800EB0310BDE8104005
S214016070FFF756BF0023F6E70123F4E70223F2E712
S2140160800020F3E7603D0020203D002070B500248D
S214016090064D074E2846324600210134F8F71EF811
S2140160A0042C05F12005F5D170BD00BF603D002030
S2140160B0416001002DE9F34105460C461746984616
S2140160C0FFF790FF064640B91C4A1D49FFF77CFBC7
S2140160D00224204602B0BDE8F0814FF6FB739D42D4
S2140160E00AD94FF6FD739D4204D00020134A154984
S2140160F0FFF76AFB4FF6FD75434621463A462846AA
S21401610021F0B9F9044600F02FFE804634B123464B
S21401611000200A4A0C49FFF757FBDAE73B462046C0
S214016120064A0A49FFF750FB062329463046089AD5
S214016130CDF80080FFF7CAFECBE700BF2D3604007E
S214016140A2360400CC360400013704002A370400C6
S214016150F7B506460C461746FFF744FF054638B91D
S214016160104A1149FFF730FB0224204603B0F0BD68
S21401617021464FF48A52304621F045FB044600F092
S214016180F3FD34B123460020064A0849FFF71CFBFD
S214016190EBE7009004233A4631462846FFF796FE81
S2140161A0E3E700BF2D360400A23604005237040090
S2140161B0F7B506460F46FFF715FF054638B9104AEC
S2140161C01049FFF701FB0224204603B0F0BD002270
S2140161D040231146304621F0F5FC044621F0F0FC40
S2140161E034B123460020064A0749FFF7EDFAEBE7EC
S2140161F0009001233A4631462846FFF767FEE3E75B
S2140162002D360400A23604008537040073B5044613
S2140162100E46FFF7E7FE054638B9104A1049FFF764
S214016220D3FA0224204602B070BD00222046114651
S21401623021F0CAFC044621F0C3FC34B123460020F9
S214016240064A0849FFF7C0FAECE7009023463246B3
S2140162504FF6FC712846FFF739FEE3E72D360400BA
S214016260A2360400B33704002DE9F04188461078C1
S21401627000219EB014461D46FFF7C6FE06460028BE
S21401628000F0FD800778002F7BD0B8F800100029B9
S21401629040F0F5800389B8F8022043F400408242BA
S2140162A040F0ED80617800296BD1A2F50042062A04
S2140162B000F2E580DFE812F0A100A100E300E300B0
S2140162C00700B8006900E3880D3DADF82430238946
S2140162D015F00105ADF8263063798DF82830E37A9C
S2140162E003F1060214F812208DF814308DF81C20E4
S2140162F042D10BA98E46069104F10C005FFA85FC8B
S2140163009C4500F1020009D210F8018C10F802CC6D
S21401631001350CEB082C2EF802CBEFE701EB43011D
S2140163201A440891D2B2590001F10D009A42C0B246
S2140163300BD025186D78205C7831694400EB052078
S214016340013321F84C0CDBB2EDE7B6F908203389AE
S214016350002AACBF01220322C3F30E038DF80820E6
S2140163606288ADF80A3005ABADF80C20049302A99B
S214016370304621F06BF804E0424A43490020FFF71B
S21401638023FA38461EB0BDE8F081042D02D83D4AF6
S2140163903E49F3E72379053DADB29D42B4F802804C
S2140163A002D0384A3A49E9E73A4A3B4B0020002DE9
S2140163B008BF13463949334ACDF80080FFF704FA7F
S2140163C005348DF81450B6F90830069485B1002BC3
S2140163D0ACBF012303238DF82C303389ADF8308010
S2140163E0C3F30E03ADF82E3005AB0D930BA9BFE733
S2140163F0002BACBF06230523EDE70B2DC7D9D4F838
S2140164000200D4F8061013F4004F05AA03C20CBF0D
S214016410042203228DF82C206289C3F30E03ADF803
S2140164203020ADF82E30DFE7042DB0D96388ADF803
S214016430303023790533DBB29D4206D00020114A65
S21401644017490095FFF7C0F99BE70E4A002015494A
S214016450FFF7BAF9B6F908203389002AACBF012242
S2140164600322C3F30E03ADF82E3005AB0D93631D67
S214016470069323798DF82C208DF81430B6E7002783
S2140164807FE700BF2D360400E0370400083804001B
S2140164901C380400D0F203003833040043380400EB
S2140164A060380400A1380400304BF0B5B0FBF3F2BD
S2140164B04FF4616503FB1200B0FBF5F3DCB205FB9C
S2140164C013033C25B3FBF5F3DBB2A0EB04104B71D1
S2140164D0C3EB0313A0EB83004FF4FA630B8040F287
S2140164E001134B8001230C711F4600246425204EA6
S2140164F08871944200D1F0BD91F802C013B1BCF18D
S214016500020F2BD006EB0C0010F801ECC878704592
S2140165100BBF012001300CF1010CC0B208BF81F89D
S21401652002C0C87088780D2816D10B888F70013389
S2140165309BB298070B8014D1B3FBF5F005FB103026
S21401654080B280B94FF4C870B3FBF0FC00FB1C337B
S2140165509BB2B3FA83F35B090134CAE74FF01D0E11
S214016560D4E70023F8E70123F6E700BF80510100D6
S214016570CE8A040010B5044688B006A9FFF794FF3A
S2140165809DF81E300A4803939DF81D30049402932B
S2140165909DF81C309DF81A200193BDF81830054966
S2140165A0009300889DF81B30FFF70EF908B010BD68
S2140165B0EC520020BA380400026808B51188154B61
S2140165C019805188598051791971117959714FF48F
S2140165D08A51D980D28812F0200F0CBF0A464FF498
S2140165E08B528169DA800C4A137831B9C0880B491D
S2140165F023F002030880137008BD43F002031370F2
S214016600074B15221846013103F0F6FC002200F86C
S214016610012CF1E7E05200202A5E0020DE52002025
S214016620EF52002010B5184C2368587920F030FB43
S2140166300B2822D8154B03EB0010027B237F9A42CE
S2140166401BD12368428819888A4205D04FF6FF700D
S214016650814212D1120410D42279023A012A06D9B3
S214016660A37B63B9BDE810400748FFF747B919890E
S21401667058791FF043FC0028F2D1002010BD0248D3
S214016680BDE81040FFF7CCB8E43D0020503C0020A8
S21401669008B520F0FDFA0B2896BF024B0020185CC7
S2140166A008BD00BF2F5E002008B5002020F045FE83
S2140166B0FF2020F020FB20F045FE20F0E8FCFEF74E
S2140166C071F901210246064803F044FC054BFF21FF
S2140166D0054A0648FEF7C6FEBDE80840FEF708BBB9
S2140166E02F5E0020E0520020DC520020205D0020BA
S2140166F0F0B5002204464FF6FF750B4F90B237F8FF
S21401670030600346AE4201D12846F0BDA64209D10B
S214016710B4F57C4FF9D307EBC3035B888B42F4D007
S2140167200029F2D00132E9E70C8B040010B50446CB
S214016730FFF7DEFF094A034610884FF6FF729342C1
S21401674014BF074A2246BDE8104017BF02EBC30339
S21401675004495A680449FFF751B800BFEC520020BB
S2140167600C8B0400DD380400AD030400034B1878DD
S2140167700130C0B2187000F07F007047A668002094
S214016780044A137818B143F001031370704703F0FD
S214016790FE03FAE72A5E0020014B1870704700BF1F
S2140167A02D5E002038B1074B1B78012B04D10388DE
S2140167B043F0400303807047022BFCD1038823F08B
S2140167C04003F7E72D5E002068B1074A1378012BD6
S2140167D007D1064B1B781370037843F01003037040
S2140167E001E0022BF8D070472C5E00202B5E0020C3
S2140167F07FB50121264B274E197033780246D907FB
S21401680044D42549096881B10868C1888D0641BF0D
S214016810224CE18841F02001E180C1884C0641BF4D
S2140168201E48C18841F04001C1801D4D1D49287890
S214016830097840074CBFE97069701B4913F00204E0
S214016840098809D0164A194820F0F7FC337823F056
S2140168500203337004B070BD154B18884FF6FB73F6
S214016860984208D80B46CDE9005201460B4A20460D
S2140168701FF0BBFEEEE74FF6FF73CDE90142009332
S2140168800A46074B05491FF08CFEE3E70020E1E7C7
S214016890215E00202A5E0020E03D0020E05200201C
S2140168A0205D0020A7680020DC520020EE52002068
S2140168B0DE52002070B503790446012B0D461646BC
S2140168C031D883681B78DB0600D561B3A37B13B987
S2140168D0E37C0B2B27D00022144B1A80637DB3FA7E
S2140168E083F35B09D800E37BABB9FEF795FEA07C8A
S2140168F0FEF792FE0B20FEF78FFEE07CFEF78CFE85
S2140169002846FEF789FE2046FFF756FE3046BDE8CC
S2140169107040FFF76DBF40F00400FEF77DFE208A51
S21401692020F0B8FCE3E7002070BD00BFDC52002079
S214016930024B0A4601461868FFF7BCBFE03D00203F
S214016940F0B4054618460F4B0C461B78BDF81010E0
S214016950012B0D4E01D0377827B10023337000206C
S214016960F0BC70470CB9002AF9D143B14FF6574332
S214016970994204D02B462246F0BC20F044BC0120AC
S214016980EEE700BFA86800202E5E00202DE9F04F3C
S214016990684C4FF0000A25468446964698460F46B0
S2140169A0654B664E83F800A00FCE0FC596E80F0024
S2140169B085B085E80F00DDF83C90BDF838307246AA
S2140169C00093394643466046CDE9019400F0DCF871
S2140169D0DFF89081064670B90025FEF7FFFD162206
S2140169E00021574803F0B6FA00232846C8F80030BD
S2140169F005B0BDE8F08F534BA27CC8F800401A7072
S214016A00514B1B78002B36D020F04FFD4F490246E4
S214016A105046FEF7F3FE22685046537952884C4999
S214016A200092A289FEF7EAFE504620F0B7FC20B19C
S214016A302368218A5888FFF779FEE37B23B100207B
S214016A40228A4449FEF7DAFEA36800201A78E37C1E
S214016A5041490093A37CFEF7D1FE207DA289A1685F
S214016A60121A01440123002092B2FEF711FE002003
S214016A703A49FEF7A9FE2F48FFF79EFD2D4821F063
S214016A80A0FF054630BBB9F1000F25D12168E0888B
S214016A900B8801904988BA1E032A00918CBF0022F8
S214016AA001220121E07CFFF74BFF38B923685B79AF
S214016AB0FF2B3AD0FFF7B6FD05468EE72368DB8845
S214016AC09A06F3D40121264C1A48217020F006FDBF
S214016AD084F80090354680E7B9F814309B07E5D472
S214016AE07AE75846FEF718F882465846FDF760FFE3
S214016AF088B123685046228A598820F0CCF850B1D4
S214016B003846FFF759FD236889F804A083F805A0E5
S214016B10FFF788FD00B9284605460136FDF742FF16
S214016B205FFA86FB5845DCD857E70026014FDFF8A9
S214016B303890F3E7E43D0020215E0020EC8A040053
S214016B40EE520020A7680020A5680020F638040051
S214016B50FF380400203904002C39040021EC03001E
S214016B602E5E0020E03D0020E05200200023054A72
S214016B70D15C814202D31A44507870470233DBB2AB
S214016B80F6E700BFDA8A040073B515462E781A4672
S214016B9016F0040F0CBF032605269E42089C08D952
S214016BA0224A234900960020FEF70EFE002002B07E
S214016BB070BDBDF8183021712060E380A560A28108
S214016BC02B7803F00103A3732B7803F00403002B47
S214016BD014BF01210021E1732978C1F3C001617559
S214016BE04FF00101217518D0284620F090FB237D37
S214016BF0208202332375227D531CDBB22375A95CE8
S214016C000232D2B2A1742275EB5CE374A3899A4274
S214016C1005D900920749054AC5E72382EBE7079B9A
S214016C200120A36100232377C1E700BF64F30300BB
S214016C306F3904008B3904002DE9F7430024204FF7
S214016C40DFF89C80DFF89C90E0B220F0EFFEFF2892
S214016C5005460FD12346012102201A4AF7F728FDDF
S214016C60194B013418781EF06EF9152CECD103B0CF
S214016C70BDE8F08346B238EA260328BF4B46012119
S214016C800093022057F82430104AF7F711FD002E22
S214016C90E6DA0923E340DB070AD50D4A0D4B15F06A
S214016CA0010F18BF1A4601210220F7F701FDD7E7A9
S214016CB00A2CD5D1084A094B15F0010FF1E700BFA0
S214016CC0248B0400E4390400A96800200C3A04006F
S214016CD0BD390400A7390400D9390400CF390400AE
S214016CE0D0F203003833040008B5542200210248CC
S214016CF003F030F9002008BDDC53002008B554220B
S214016D00FF21024803F026F9002008BD8853002021
S214016D10024B23F810100020704700BF8853002054
S214016D20002310B4074ADCB2A14203D85DF8044B35
S214016D30FFF7DABF2A2BF9D032F8024B20F81340BE
S214016D400133F0E7DC530020002310B5054A9942D1
S214016D5001DD2A2B00D110BD32F8024B20F813407A
S214016D600133F4E7DC530020024B187800F07F0073
S214016D70704700BF3B5E0020034B18780130C0B25D
S214016D80187000F07F0070473B5E002030B51C464F
S214016D9000238BB0ADF82220021D92B2012A0E9D6F
S214016DA0ADF82030ADF81E10ADF81C3003D94FF603
S214016DB0FF7290420FD10022CDE90352CDE90124A2
S214016DC0094B01461B784FF6FF70009307AB20F086
S214016DD04BFE0BB030BD0146CDE901531846009479
S214016DE007AA20F05DFEF4E7AA68002038B505463C
S214016DF04FF480500C4603F0B3FA4FF480532860EA
S214016E00236030B940F2A511BDE83840014827F0AB
S214016E104FB838BDFB3A040000487047BA56002008
S214016E20014B1878704700BFC6680020014B1888D0
S214016E30704700BF4C680020014B1878704700BFB0
S214016E40BF680020014B1878704700BFB668002065
S214016E50014B1878704700BFB9680020014B1878BD
S214016E60704700BF405E0020014B1870704700BF9E
S214016E70405E0020014B1878704700BF3F5E00203F
S214016E80014B1870704700BF3F5E0020014B187819
S214016E90704700BFBA680020014B1888704700BFD2
S214016EA04A6800202DE9F74F414B424A0193424B75
S214016EB0DFF844911B78DFF84481DFF844E1DFF81E
S214016EC044C13E4F3E4E3F4D3F49404802EB431AB8
S214016ED0019B524503F1200309F1200908F120081E
S214016EE00EF1200E0CF1200C07F1200706F120060A
S214016EF005F1200501930FD100221146344B324D86
S214016F001C78344E344B314FD0B2844203F1200307
S214016F1046D803B0BDE8F08F304B314C53600023A8
S214016F2049E907432F4CDFF8E0B048E907432E4C08
S214016F30C2E902304EE907432C4C11604CE9074385
S214016F402B4C136147E907432A4C49E9050348E9F5
S214016F5005034EE905034CE9050347E9050349F82E
S214016F60201C48F8201C4EF8201C4CF8201C47F822
S214016F70201C46F8201C46E90743019C45E907B357
S214016F80DFF888B046E9050345E9050344E907B398
S214016F9044E9050345F8201C44F8201C203297E7F5
S214016FA043E9085643E9061743F8101C0132ABE7DC
S214016FB02C4100204C420020CD6800208C4100204E
S214016FC06C4100204C410020C8500020383304009A
S214016FD0C468002011B60200CC410020695F02009F
S214016FE01FA10300C9730200F1FE020079B103007C
S214016FF0B1960200D77903002C4200200C420020F3
S214017000EC410020AC410020212C03006D5C020005
S214017010002208B5074B1A605A6020F0C3FC064BE5
S214017020187020F0BFFC054B1870054B1A78054BFD
S2140170301A7008BD6A5000209B5E00209A5E0020F0
S214017040B7680020995E0020002100B593B008467D
S2140170506A460AF0FBF90146C8B90E4B0E4A099377
S2140170600E4B0D920A930E4A0E4B0E920B930E4A3E
S2140170700E4BCDE90F230C930D4B6A4611930AF084
S2140170809BFC003818BF012013B05DF804FB0120FB
S214017090FAE700BF339C0300656D0200379E0300CC
S2140170A095360200197A030065840200979E030054
S2140170B0B5670200084B1878112806D8012809D9A7
S2140170C0064BC34003F001007047A0F1430358424A
S2140170D058417047002070479D5E00203400020032
S2140170E008B5064B1B78013B022B05D80020FFF79D
S2140170F0E1FF0138C0B208BDFF20FCE79E5E00201C
S214017100044B00F1100250F8041B904243F8041B94
S214017110F9D170479F5E0020044B03F1100253F82B
S214017120041B934240F8041BF9D170479F5E002070
S21401713030B5002491B0114B0546214614220BA808
S214017140CDE9094302F006FF102209ABCDE9004460
S2140171500693CDE90452CDE90252094B09490AA822
S2140171601DF0F0FA04460AA821F0D2F91CB1A021BC
S214017170054826F09DFE11B030BD00BF00248000FA
S214017180004440049F5E0020863B040070B5002446
S21401719090B0154B05460E46142221460BA8CDE9A4
S2140171A0094302F0D7FE102209ABCDE9004406934D
S2140171B03146CDE90452CDE902520C4B0AA81DF026
S2140171C0C1FA04460AA821F0A3F91CB1BA2108485D
S2140171D026F06EFE099B102B03D0BB21044826F037
S2140171E067FE10B070BD00BF00248000004440045C
S2140171F0863B040030B50D4600218FB0124B044685
S214017200142209A8CDE9071302F0A4FE102207AB49
S214017210CDE90242CDE90042049329460B4B08A86A
S2140172201DF092FA044608A821F072F91CB1D1218A
S214017230074826F03DFE079B102B03D0D2210448B9
S21401724026F036FE0FB030BD002480000044400416
S214017250863B0400014B93F95A007047005000200A
S2140172600022034B1870034B1970034B1A707047BA
S214017270B05E0020B15E0020AF5E00202DE9F04F29
S214017280DFF89080064698F800300D4685B0002B52
S2140172903AD04FF6FB73984236D84FF0000B1C4F8E
S2140172A0DFF874A03C7898F800305FFA8BF94B450C
S2140172B09AF8000011D9484402AA0DF10601C0B29D
S2140172C016F028FA082229460DEB020003F08EF983
S2140172D00BF1010B0028E6D14C463B78A34208D1BE
S2140172E098F80020631CDBB29A423B7004BF00236F
S2140172F03B70324629469AF800301C44E0B205B08D
S214017300BDE8F04F16F0F4BA05B0BDE8F08F00BF47
S214017310AF5E0020B15E0020B05E00202DE9F74F81
S21401732006460D4614461F464FF0010BDFF87890CF
S21401733003F10C0A15B903B0BDE8F08F102DA8466D
S21401734028BF4FF010083A46164B5FFA88F152F8FC
S214017350040B524543F8040BF9D101919AF8002029
S21401736011481A70002389F80F4089F800B089F88F
S2140173700E30FFF7DDFE324601340B480199E4B2C8
S21401738012F801CB10F8013B83EA0C0302F8013C2A
S214017390931BDBB28B42F3D3A5EB080816461FFA04
S2140173A088F5C7E7B35E0020B25E00202DE9F04FF6
S2140173B09046914685B00090981A029383B2019345
S2140173C0009B0F46354903F10C0453F8045BA342B6
S2140173D041F8045BF9D11B78314E0B7049233370A9
S2140173E0019BF0731B0A3046B373FFF7A1FE02211F
S2140173F0BB460D46737888EA030373704FF0000AA4
S2140174001DE0C5F11004A9EB0A039BB2A4B29C428D
S21401741028BF1C4600231FFA83FCE8186445C0B247
S2140174201FD82544EDB2A344102D54441FFA84FA04
S21401743005D1002530460391FFF77AFE0399D14521
S214017440DFD807EB080B25B115480391FFF770FE4F
S214017450039901294FF000050DD00121DDF80490B4
S214017460CCE71BF803C016F800E001338CEA0E0CDB
S21401747006F800C0CFE7029B09491F44094B38466E
S2140174801C78224602F0F6FE2A4621463846009B24
S21401749005B0BDE8F04FFFF741BF00BFB35E002067
S2140174A0B25E0020CE68002030B540780C46012838
S2140174B04FF0110387B001F1100516D1144A01A946
S2140174C00BF002F8234601AC2246186859680833C7
S2140174D003C2AB421446F7D111230D4A002001A97D
S2140174E00AF0F2FF002007B030BD0120094A01A9C9
S2140174F00AF0EAFF234601AC2246186859680833A9
S21401750003C2AB421446F7D11123024AE6E700BF95
S21401751075E4010079EB010030B50C46407887B080
S21401752001284FF011030DBF0B4A0C4A012001A997
S21401753018BF01A90AF0C8FF234601AA05AD1446E3
S21401754003CCAC4218605960224603F10803F6D119
S214017550002007B030BD00BF75E4010079EB0100E3
S21401756010B50C4688B01A230C4A01A901200AF06E
S214017570ABFF21460DF10E0304F1100251F8040B86
S214017580914243F8040BF9D11A230020034A01A9BA
S2140175900AF09AFF002008B010BD00BF24E10100E8
S2140175A0F0B58BB004460D4622F0B8FAA8B101A892
S2140175B013F082FE88B1667B271D16F0020F05D0F8
S2140175C00822384601A903F011F8D0B901AB46F0FC
S2140175D0020603CB6060796066731A230A4A03A920
S2140175E001200AF071FF29460DF116030DF126025E
S2140175F053F8040B934241F8040BF9D100200BB069
S214017600F0BD2D20FBE700BF24E10100F0B50546E3
S214017610071D00220C463846082193B022F010FAC6
S2140176206A7B0646D0070BD5687808A920F0A1FE2C
S214017630DDF83D306B60DDF841307B6080B10BE0FA
S214017640910709D5D2000121384602F0800220F0C8
S2140176509DFEFF28687002D12D2013B0F0BDD6B173
S214017660687801A920F01AFE9DF81C305B0604D547
S2140176704FF4C6710A4826F01BFC234603AD07AC3F
S2140176802A4603CAA24218605960154603F1080348
S214017690F6D10020E1E708A920F06BFECEE700BF97
S2140176A0043C04002DE9F04106468AB01F480F4607
S2140176B015460024FFF730FD002C01A914BF4FF03A
S2140176C05C0C4FF0360C10238846184A12F8010B52
S2140176D0013B8CEA000013F0FF0301F8010BF5D122
S2140176E005A823F013F84246102105A823F012F846
S2140176F0C4B93946324605A823F074F82A460DF176
S214017700140C0DF1240E634603CB734510605160D3
S2140177109C4602F10802F6D114B10AB0BDE8F08128
S2140177200124C9E72A461021E5E700BFE25E0020F2
S2140177302DE9F04791460D46C0B09DF82041DDF891
S21401774028811E46DFF87CA09DF824310746224694
S214017750494640468AF8003002F08CFD9DB123462A
S214017760324641463846FFF721FEB44207D9A11BEF
S2140177703B46012289B208EB0600FFF7CFFD002049
S21401778040B0BDE8F087A11B3B46012289B208EB59
S2140177900600FFF7C3FD22464146684602F06AFD31
S2140177A03246694638462346FFF700FE9AF800201F
S2140177B00DEB040109EB040002F018FF0028DED0EF
S2140177C02C20DDE7CE68002038B50346104601F1CF
S2140177D0100451F8045BA14242F8045BF9D1044954
S2140177E01BB1FFF7D3FC002038BDFFF703FDFAE716
S2140177F0E25E002030B5054689B0694620F0C3FB3D
S2140178006B8804ACABB122462946684620F05BFB88
S2140178100E4A08AD234603CBAB42106051601C46AE
S21401782002F10802F6D10948FFF76AFC002009B008
S21401783030BD6B46054D1A4603CAA24228606960F0
S214017840134605F10805F6D1EDE700BFE25E00201C
S21401785050B10B4B0B4A03F1100153F8040B8B424A
S21401786042F8040BF9D17047064B054A03F11001A3
S21401787053F8040B8B4242F8040BF9D1704700BF52
S214017880E25E0020C25E002008B51022024802F027
S214017890B3FB002008BD00BFD25E002008B5084635
S2140178A01022024902F0A8FB002008BDD25E00208B
S2140178B010B5044686B001A9114A112301200AF029
S2140178C003FE9DF8143001A8E37023F015FB80F049
S2140178D001000C4A01A96070112301200AF0F4FD91
S2140178E09DF8143001A8A37023F006FB80F0010078
S2140178F0207012F06DF86060002006B010BD00BF69
S21401790075E4010079EB010010B5044686B0112339
S214017910134A012001A90AF0D7FDA3789DF8142087
S2140179209A4207D08DF81430002011230C4A01A981
S2140179300AF0CAFD11230B4A012001A90AF0C4FD71
S214017940E3789DF814209A4207D08DF81430002071
S2140179501123044A01A90AF0B7FD06B010BD00BF05
S21401796079EB010075E401002DE9F04186B0064689
S21401797003A80C4614F0EEFC054600284AD1BDF8D3
S2140179800C30980646D510222946204602F0E2FA27
S21401799001A813F091FCC0B1777B06F1040817F03B
S2140179A0020F06D00822404601A902F01FFE002859
S2140179B02ED101AB47F0020703CB7060C8F8041064
S2140179C07773238843F008032380238843F0020358
S2140179D0238013F041F8606022F0A0F830B10E4B1E
S2140179E01B68A360238843F0040323800B4B1A68AB
S2140179F0D1035EBF238843F010032380130203D50F
S214017A00238843F400632380284606B0BDE8F0814E
S214017A102D25F9E72425F7E77C4200208042002047
S214017A2010B5D0E9023253F8223090B01C684022DB
S214017A306946204620F010FD034630B1224600205C
S214017A400549FDF7C1FE10B010BD012269460820A8
S214017A50FDF764FEF7E700BF9A3C040070B500F03E
S214017A60B1F800280CBF6E22792200201349FDF7D9
S214017A70ABFE00F0A7F8F0B120F002FD00280CBF25
S214017A806E22792200200E49FDF79EFE0822002074
S214017A900C49FDF799FE00250B4C0C4E234654F875
S214017AA0042C314600200335FDF78EFE182D04F117
S214017AB00C04F3D170BD3F22E4E700BFD23C0400C2
S214017AC0E93C0400F93C0400A4430020183D0400EE
S214017AD070B520F0BAFC044621490020FDF774FE7B
S214017AE02CB92046BDE870401E49FDF76DBE00F07A
S214017AF0BBF805461C4B62690020002A08BF1A46DF
S214017B001A492668FDF760FEA28800201849FDF78D
S214017B105BFE1849E2880020FDF756FEA3882289FD
S214017B2013F010001ABF002013491449FDF74CFE4C
S214017B30E26800201249FDF747FE2269002011493C
S214017B40FDF742FE104A114B0020B6F5817F38BF83
S214017B5013460F492A46BDE87040FDF735BE00BF03
S214017B604D3D04005A3D04004A0C04007B3D0400D0
S214017B70993D0400BA3D0400D73D0400F43D0400DD
S214017B80123E0400303E0400453D04003B3D040027
S214017B904E3E040038B5014600230C25084A05FB75
S214017BA003F4A0181459013404D10C2202F024FA6B
S214017BB0002038BD0133082BF1D10120F9E700BFC1
S214017BC0A0430020034B1878012894BF0020012011
S214017BD0704700BFF45E002038B50446044D28788F
S214017BE0A04203D0214620F010FC2C7038BD00BF07
S214017BF0F45E002000B58FB03422002101A802F007
S214017C00A9F901A8EEF7E0FF0598D0B182680E4BFE
S214017C10B2F5803F34BF92B2C2F38F2241881A81F7
S214017C20028828BF41F010011A6042689980DA8004
S214017C30C268DA6002691A6142695A61027E1846B0
S214017C401A760FB05DF804FB24430020054B1B7821
S214017C5020B1012B04D80220FFF7BEBF012BFBD8B1
S214017C60704700BFF45E002010B5084C237853B966
S214017C7020F0EBFB0123237028B10368B3F5817F65
S214017C8024BF037E2370207810BD00BFF35E002062
S214017C9070B5184B1B78012B2BD820F0B9FB164D6D
S214017CA0024616490020FDF78FFD0120FFF7CEFFA3
S214017CB02E78FF2E1DD1FFF79DFFC8B18488602264
S214017CC03146C4F340040E482C7002F043F960229A
S214017CD031460C4802F03EF95CB1FFF7C5FF0428B7
S214017CE007D9BDE8704040F22B11074826F0E0B8EE
S214017CF0287070BDF45E0020CF680020713E04003D
S214017D00A043002040430020833E04002DE9F04FAD
S214017D10DFF884928DB003AB07468846144699E88F
S214017D20070083E80700FFF7B3FFFFF79DFF944BBB
S214017D3006461D784B46012D40F07081012840F221
S214017D407281B7FBF0F200FB1272002A00F06B8121
S214017D508C4900228B46D1F800C0BCF1FF3F04D00D
S214017D60087A6044874200F019810132082A01F13D
S214017D700C01F0D193E8070006AE0DF1240A86E85F
S214017D8007008AE80700FFF76FFFB7FBF0FB00FB71
S214017D901B7BA0EB0B094A46414606460AA80997F3
S214017DA08DF82C9002F066FA00224FF00C0E764900
S214017DB002E00132082A0ED00EFB02F000EB010CA5
S214017DC008580130F5D19AE807008CE807006F499A
S214017DD00A7801320A70A14504DD4FF4E2716C485D
S214017DE026F066F8A41B5C444F44A1B217FA84F44B
S214017DF0B4FBF6F206FB1242C8448E1A91B1A41ADD
S214017E0008EB060107A88DF82020069402F032FA46
S214017E1006A8FFF7BFFEFF2804D140F2D9115C483F
S214017E2026F046F8B6B2B6B10320FFF7D5FE802E8F
S214017E300AD832464146574802F01CFA32463846BE
S214017E40544920F0EDFA05460220FFF7C5FE284604
S214017E500DB0BDE8F08F0025F9E74FF40E714C48E0
S214017E6026F026F8464B1B78012B00F0E380002C09
S214017E7036D00320FFF7B0FE802C2FD8224641468D
S214017E80444802F0F7F922463846424920F0C8FA3B
S214017E9005460220FFF7A0FEDFF8F09099F80030C3
S214017EA093B1039CFFF7E0FE374B002798461A680C
S214017EB0511C04D0197A411A521A944224D001371F
S214017EC0082F03F10C03F2D1002DC0D1039B01331F
S214017ED0C1D003A8FFF75EFE0546B8E70125D8E73F
S214017EE02546D9E740F26D21294825F0E1FF012515
S214017EF024E0012D30D0802E2FD832462549039814
S214017F0020F08EFA054628E0002DA0D10C247C43F3
S214017F1008EB04039DF814A093F808B00AEB0B03D2
S214017F20802BDFDC1B4B524604A9184602F0A2F94F
S214017F30211D5A464144504402F09CF90C2303FB90
S214017F4007839DF814201B7A13449E42D1D040F239
S214017F5073210F4825F0ACFF01250220FFF73CFEF8
S214017F6099F8003013B1013B89F800304FF0FF3328
S214017F7008EB040248F80430C2E9013367E700BFA2
S214017F80CF680020A043002040430020F25E00207E
S214017F90833E0400A4420020888B04004FF00C0AA4
S214017FA00AFB02B3187AA6EB00095FFA89F9A14524
S214017FB001D35FFA84F90AFB02FA0AF104052844A0
S214017FC04A464146584402F055F90BEB0A031A7A21
S214017FD0A4EB09044A44D2B2B242A4B21A7219D12D
S214017FE003200193FFF7F8FD32460BEB05015BF822
S214017FF00A0020F015FA05460220FFF7EDFD4FF0C6
S214018000FF32019B4BF80A20C3E90122002D7FF4C1
S2140180101EAFC844002C3FF41EAF4F44104B1B78D4
S214018020012B7FF424AFB7FBF6F306FB1373002B8B
S2140180307FF413AFE319B3FBF6F506FB1535002DF8
S2140180403FF415AF641B5B1B08EB04012A4604A82A
S2140180500393A4B202F00EF98DF8145007E700BF9F
S214018060CF68002070B5134B1B78012B0CD1FFF79E
S2140180700FFE0026104D55F8043C013306D1033699
S214018080182E05F10C05F6D1002411E00320FFF7A8
S214018090A3FD55F8044CFFF7E7FD294602462046A6
S2140180A020F0BEF904460220FFF796FD002CE6D02C
S2140180B0204670BDCF680020A443002070B5054659
S2140180C00C46FFF7E5FD0520FFF786FD214628460D
S2140180D020F0B4F906460220FFF77EFD00220A4B87
S2140180E02C441968481C08D0A94206D3A1423EBFB9
S2140180F04FF0FF31C3E9001199600332182A03F1EA
S2140181000C03EED1304670BDA0430020D0E9023208
S21401811053F8223010B51C68204600F095FA28B1B5
S2140181202146BDE81040024800F002BE10BD00BF67
S214018130013F040008B5D0E9023253F8223018682E
S21401814000F06CF920B1BDE80840024800F0F0BD2F
S21401815008BD00BF233F04002DE9F041D0E90232FB
S21401816053F8221003EB82035B680F681D789AB000
S214018170642D04D96421114800F0DAFD64252A46ED
S214018180384601A900F002F9044698B90C4800F0F7
S214018190CFFDDFF8348001AE013DA54202DC1AB006
S2140181A0BDE8F0813919404616F8012B00F0C0FDF4
S2140181B00134F2E7034800F0BBFDF0E7463F040058
S2140181C0663F0400903F04007D3F04002DE9F04720
S2140181D000252D4FDFF8E080DFF8E0908CB02846D0
S2140181E003A900F0EFF810B10CB0BDE8F087049BCE
S2140181F02946039A0093384600F09AFD404600F05F
S21401820097FD059910290CD810290CD8DFE801F044
S2140182100F14320B340B0B0B360B0B0B0B0B0B0B20
S2140182203A0020292CD0194800F082FD07E01848B2
S21401823000F07EFD0135D2E7164800F079FD06997B
S214018240484600F075FD0799134800F071FD134884
S21401825000F06EFD1024DFF868A00DF11F065046F1
S21401826016F8011F013C00F063FD14F0FF04F6D17F
S2140182700B48DDE70B48E0E70B48DEE70B48DCE799
S2140182800B48DAE70B48D8E7AB3F04005040040040
S2140182900040040010400400764004008E400400B4
S2140182A01EE6030018400400204004002940040094
S2140182B0344004004B400400EF3F04005F400400DC
S2140182C09F40040010B50B4C8EB023785BB9EEF7D7
S2140182D0F5FB014650B9012301A82370EEF774FCA3
S2140182E0054B049A1A6020780EB010BD034800F0C2
S2140182F01FFDF8E7F55E0020E4460020A5400400D7
S21401830000B58FB0FFF7DEFF002829D001A8EEF7F1
S2140183105BFC059B1448198800F00AFD059B134871
S2140183205969134B002908BF194600F001FD059B4A
S2140183301048598800F0FCFC059B0F48196900F0AD
S214018340F7FC059B0D48D96800F0F2FC059B0C482C
S214018350197E00F0EDFC0B4B0B48196800F0E8FCA9
S2140183600FB05DF804FB00BFE2400400F4400400D7
S2140183704A0C0400064104001A4104002E41040080
S21401838042410400E44600205641040070B506460A
S21401839015460C4679B172B1FFF794FF68B12146D4
S2140183A02A463046EEF71AFD014618B1044800F099
S2140183B0BFFC012070BD2120FCE71120FAE700BFB9
S2140183C06841040037B505460C46FFF77BFFE0B170
S2140183D0114B1B68AB421AD9CCB10021242220468E
S2140183E001F0B8FD214628461BF004FA88B9284654
S2140183F001AA04F10801EEF7A3FC20B140F20643FE
S214018400C01A18BF012003B030BD1120FBE72120A0
S214018410F9E70120F7E700BFE4460020F0B593B086
S2140184200546FFF74FFF002845D0254B1A68AA429C
S21401843007D829462348013A00F07AFC212013B0D8
S214018440F0BD05A8EEF7C0FB284603A91BF0D2F93C
S21401845098BB049A22F4FF57C2F30C0327F01F07B8
S2140184602BB14FF400532946174800F061FC039ED8
S2140184707FB125F02AFD30464FF40051EEF73AFD64
S2140184803346044606F5005650B9039BF31ABB4221
S214018490EFD32A4639460D4800F04AFC002406E090
S2140184A000902A464FF40051094800F041FC201E76
S2140184B018BF0120C3E71120C1E70120BFE700BFB5
S2140184C0E4460020964104004442040003430400AD
S2140184D0B242040010B5044638B1FFF7F3FE30B1DE
S2140184E00020044B1B68236010BD2120FCE71120EF
S2140184F0FAE700BFE446002010B50446FFF7E2FEA7
S214018500B0B10C4B1A68A24206D821460A48013A75
S21401851000F00EFC212010BD25F0D7FC40F2C12250
S21401852020460649EEF7CCFB003818BF0120F2E7DB
S2140185301120F0E7E4460020964104002044002084
S21401854010B50446FFF7BEFE70B121460848EEF7A7
S214018550D7FB40F20323984208D040F20123984209
S2140185600CBF0520012010BD1120FCE70020FAE712
S214018570204400202DE9F0412D4D04462F68FFF7D9
S214018580A1FE002851D02968A14207D84A1E2948D1
S214018590214600F0CDFB2120BDE8F0812648EEF70C
S2140185A06FFBDFF894800246B0B943462E689642C8
S2140185B022D1BE4214BF3A4606F1FF3212BB314603
S2140185C01D48C8F80040EEF73BFB014600B31B48C8
S2140185D000F0AEFB0120DFE72046EEF711FB044674
S2140185E038B10146164800F0A3FB201E18BF012033
S2140185F0D2E7EEF761F9F8E753F8041B8C42DDD0B9
S2140186000132D4E70C499200081D01F0F5FCD6E7CB
S21401861029680948EEF734FB044610B101460948BB
S214018620D6E7EEF749F92046B6E71120B4E700BFD2
S214018630E44600209641040000440020494304001B
S2140186401F4304007C430400F8B50446FFF73AFED6
S214018650002845D0234B1A68A24207D82146224853
S214018660013A00F065FB21242046F8BD1F4800F0C2
S2140186705FFB25F02AFC40F2C1221D492046EEF799
S2140186801FFB40F20327054625F01FFC184E65B177
S21401869040F203239D421AD02946164800F048FBB3
S2140186A00124154800F044FBDEE725F00EFC2946C0
S2140186B03046EEF725FBB84209D040F20123984236
S2140186C003D10E4800F034FBE1E70546DFE721461B
S2140186D00B4800F02DFB2046FFF74CFF0446E0E771
S2140186E01124C1E7E446002096410400B343040088
S2140186F020440020D34304001EE60300561804005D
S214018700EB43040010B50A46044619B1024B00219A
S2140187101B68984710BD00BF948B040010B5114C20
S2140187202378580744BF23F004032370237899075E
S21401873005D500F05DF8237823F0020323706378F3
S2140187401BB10023084A63605360002308210648D2
S2140187506370FFF7D7FF2378DA0744BF23F00103DE
S214018760237010BDE8460020EC46002038B51A4CB0
S21401877062782378022A01D1072B11D0DD0712D5A2
S2140187802378980707D400F02BF82378054643F0A2
S2140187900203237080B96278237882B15A0716D50E
S2140187A00025284638BD1BF04BFF2378054643F0CD
S2140187B0010323700028E3D0FFF7B0FFF1E7D907E4
S2140187C0ECD5064962604A6002226270E6E743F031
S2140187D004032370E4E700BFE8460020EC460020CF
S2140187E00122024B002083F8F0207047F446002057
S2140187F02DE9F0410A4C002526464FF001080327D3
S2140188002046C4F81C80277601351FF064FE062D2D
S21401881004F12804F4D1002386F8F030BDE8F08195
S214018820F44600202DE9F04F984691B00B1E0A93AE
S214018830B44B914614BF83469B4600251A9E98F872
S214018840000070B94D4538BF2A464B464FF0000030
S2140188500A9928BF09F1FF32D847284611B0BDE86A
S214018860F08F252808F1010806D02A464B460A99BA
S2140188706C1CD8472546E2E70023414611F8012B38
S2140188802B2A16D00AD8202A16D0232A17D0A2F1CE
S2140188903000092834D800270A2418E02D2A05D0EC
S2140188A0302AF4D143F001038846E6E743F0020399
S2140188B0FAE743F00403F7E743F00803F4E743F06D
S2140188C01003F1E7884604FB0722A2F13007414670
S2140188D011F8012BA2F130000928F3D998F80020ED
S2140188E02E2A52D198F8011008F10102A1F13000A8
S2140188F0092843F480633ED800244FF00A0E11E0A5
S2140189002A2A08D156F8047B8846002FBCBF43F0BC
S21401891002037F42E2E70027E0E702460EFB04116E
S214018920A1F13004104610F8011BA1F1300CBCF186
S214018930090FF2D99046424612F8011B6C292DD038
S21401894025D8682933D06A293BD04246904618F884
S214018950010B672860D8572836D8452808D084D90F
S214018960462800F0188147287FF47FAF43F4006360
S21401897043F0200327E12A2906D156F8044B08F1D3
S214018980020824EAE474D6E790460024D3E7742963
S21401899001D07A29D9D143F48073D7E798F801102A
S2140189A06C29F8D143F4407308F10202CEE798F837
S2140189B00110682902D043F08003C7E743F0C003E3
S2140189C0F2E743F40073C1E7A0F158020F2A3FF61D
S2140189D04CAF01A151F822F0798A01006B880100A1
S2140189E06B8801006B8801006B8801006B880100B1
S2140189F06B8801006B8801006B8801006B880100A1
S214018A00798A0100E58B0100798A0100BB8B0100A0
S214018A109B8B0100BB8B0100A0F16901C9B20F2934
S214018A203FF623AF012249F2410C8A4012EA0C02BA
S214018A3018D10A2900F0158107297FF416AF43F0F3
S214018A40210305930823CDE903431023CDE9012330
S214018A5056F8043B2A46009358464B460A991FF09F
S214018A602AFEA8E06F2800F05E8110D9782808D188
S214018A70102223F00C0310E0582839D0622800F0A9
S214018A8054810A2223F01003642806D0F1E76928EE
S214018A904FF00A0223F01003F6D1590548BF23F020
S214018AA00103692803F4007101D0642840D111B391
S214018AB0073626F00706B24670685AF8081BCDE955
S214018AC0077300230593C30F0028029306940B46F1
S214018AD0049202DA4B4260EB4000CDE900304B468F
S214018AE02A4658460A991FF028FE05465646A6E627
S214018AF043F02003BCE7D90506F1040A04D5316822
S214018B0005E000BF1985030058060CD53178CDE97C
S214018B100224CDE9047300294FEAD1730193B8BF4B
S214018B204942009120E01906E9D5B6F90010EEE7B2
S214018B3079B1CDE907730023CDE9042306F1070ACD
S214018B402AF0070A06940293FAE80223CDE90023E5
S214018B50C5E7D80506F1040A0DD5CDE90473CDE9BC
S214018B6002240191336800934B462A4658460A99D7
S214018B701FF0A1FDB9E7590607D53178CDE9047391
S214018B800023CDE902240193CBE7316813F0800F6F
S214018B9018BF89B2F2E743F02003CDE90173073627
S214018BA026F007060094B6EC020B4B462A465846BA
S214018BB00A99EBF7EDFD054641E600F0DF00472890
S214018BC001D143F40063CDE90173073626F00706A9
S214018BD00094B6EC020B4B462A4658460A99EBF728
S214018BE01BFCE8E713F0020426D04FF0010A6B1CC9
S214018BF00B932A464B460A9916F8040BD84774B3CA
S214018C0054460B9A21E04B4620200A99D8470AEB96
S214018C1005020AF1010A5745F5D83A1E18BF012286
S214018C20002A07F1FF3308BF002307F1010A1D449C
S214018C3008BF4FF0020ADAE7A246E8E7551C4B46A2
S214018C4020200A99D8472A460134BC42F6D3A7EB1E
S214018C500A03574538BF00230B9A1A440B920B9D03
S214018C60EDE53246002C52F8046B14BF21464FF056
S214018C70FF310B9232463144107808B1914211D13E
S214018C80A2EB060A13F480620C9202D0A24528BF1A
S214018C90A24613F002030D931BD1AAEB05032A4645
S214018CA00F9308E00132E7E7531C0E9320204B4652
S214018CB00A99D8470E9A0F9BD318BB42F4D3A7EB59
S214018CC00A03574538BF00230AF101021D4403EB8E
S214018CD0020AAB1B0E9304E01C464B462A460A9931
S214018CE0D8470E9BF51816F8010B28B10C9B002BE4
S214018CF0F3D0631E002CEFD10D9B93B12A46AAEB4D
S214018D00050405E0561C4B4620200A99D8473246F2
S214018D101319BB42F6D3A7EB0A03574538BF002306
S214018D201D440B9E8BE50822A3E60222A1E600BFA6
S214018D300FB41FB506AA52F8043B02A9039200928B
S214018D4004484FF0FF32FFF76DFD05B05DF804EB08
S214018D5004B07047DB8703001FB5034600914FF050
S214018D60FF3203A90248FFF75DFD05B05DF804FB7D
S214018D70DB8703001FB5CDE90201009302A9134664
S214018D8003484FF0FF32FFF74DFD05B05DF804FBD9
S214018D90E38703001FB5094B094A1868094B01A967
S214018DA01860094B1360094A0192094A1268CDE915
S214018DB002231BF0ECFC05B05DF804FBFC6400200C
S214018DC0BC370020C0370020F0640020547A04002D
S214018DD0A44A0020014B18681BF0EDBCFC6400207F
S214018DE038B5F2F767F80446064D2B68D3F8B0029B
S214018DF0F2F754F828681BF0F1FC2046BDE838402D
S214018E00F2F74CB8FC64002010B51F4CF0F7ACFB31
S214018E10236F012023F0070343F002032367F0F7D3
S214018E20B1FBD4F82031002023F0070343F00103FF
S214018E30C4F82031D4F8403123F0030343F0010392
S214018E40C4F84031D4F8603123F0030343F0010342
S214018E50C4F86031D4F8403223F0030343F0010331
S214018E60C4F84032D4F8003223F0070343F001037C
S214018E70C4F80032D4F8083223F0070343F00103A4
S214018E80C4F8083210BD00BF00800050064B1B68B6
S214018E901A7A022A01D81AB97047032A00D07047F5
S214018EA01B68024A1360704700650020A44A002030
S214018EB00022024B5A60DA601A607047A84A002006
S214018EC008B501F037FF0022014B1A7008BD00BF3C
S214018ED0F65E00200A4601491FF0EDBCB1A304006E
S214018EE00A4601491FF0E7BCACA304000A46014943
S214018EF01FF0E1BCA5A304000A4601491FF0DBBC34
S214018F00A2A304000A4601491FF0D5BC9FA3040092
S214018F100A4601491FF0CFBC9AA304000A4601493C
S214018F201FF0C9BC95A304000A4601491FF0C3BC43
S214018F3090A304000A4601491FF0BDBC89A30400A2
S214018F4081F0004102E000BF83F0004330B54FEAF4
S214018F5041044FEA430594EA050F08BF90EA020F61
S214018F601FBF54EA000C55EA020C7FEA645C7FEAF4
S214018F70655C00F0E2804FEA5454D4EB5555B8BF17
S214018F806D420CDD2C4480EA020281EA030382EA88
S214018F90000083EA010180EA020281EA0303362D1A
S214018FA088BF30BD11F0004F4FEA01314FF4801CED
S214018FB04CEA113102D0404261EB410113F0004FFF
S214018FC04FEA03334CEA133302D0524263EB4303B6
S214018FD094EA050F00F0A780A4F10104D5F1200E54
S214018FE00DDB02FA0EFC22FA05F2801841F10001AF
S214018FF003FA0EF2801843FA05F359410EE0A5F183
S21401900020050EF1200E012A03FA0EFC28BF4CF0B3
S214019010020C43FA05F3C01851EBE37101F0004569
S21401902007D54FF0000EDCF1000C7EEB00006EEB76
S2140190300101B1F5801F1BD3B1F5001F0CD3490800
S2140190405FEA30004FEA3C0C04F101044FEA445257
S21401905012F5800F80F09A80BCF1004F08BF5FEADE
S214019060500C50F1000041EB045141EA050130BDBE
S2140190705FEA4C0C404141EB0101013C28BFB1F5D0
S214019080801FE9D291F0000F04BF01460020B1FA1B
S21401909081F308BF2033A3F10B03B3F120020CDAEE
S2140190A00C3208DD02F1140CC2F10C0201FA0CF0CC
S2140190B021FA02F10CE002F11402D8BFC2F1200C31
S2140190C001FA02F120FA0CFCDCBF41EA0C019040E7
S2140190D0E41AA2BF01EB0451294330BD6FEA040430
S2140190E01F3C1CDA0C340EDC04F11404C4F120021B
S2140190F020FA04F001FA02F340EA030021FA04F32D
S21401910045EA030130BDC4F10C04C4F1200220FA83
S21401911002F001FA04F340EA0300294630BD21FAC1
S21401912004F0294630BD94F0000F83F4801306BF87
S21401913081F480110134013D4EE77FEA645C18BF7B
S2140191407FEA655C29D094EA050F08BF90EA020F12
S21401915005D054EA000C04BF1946104630BD91EA0A
S214019160030F1EBF0021002030BD5FEA545C05D10D
S2140191704000494128BF41F0004130BD14F580044C
S2140191803CBF01F5801130BD01F0004545F0FE41C0
S21401919041F470014FF0000030BD7FEA645C1ABFF5
S2140191A0194610467FEA655C1CBF0B46024650EA2C
S2140191B0013406BF52EA033591EA030F41F4002158
S2140191C030BD00BF90F0000F04BF0021704730B5DE
S2140191D04FF4806404F132044FF000054FF00001B3
S2140191E050E700BF90F0000F04BF0021704730B574
S2140191F04FF4806404F1320410F0004548BF404249
S2140192004FF000013EE700BF42004FEAE2014FEA9D
S21401921031014FEA02701FBF12F07F4393F07F4F78
S21401922081F06051704732F07F4208BF704793F07B
S2140192307F4F04BF41F40021704730B54FF460748E
S21401924001F0004521F000411CE700BF50EA010291
S21401925008BF704730B54FF000050AE050EA01023A
S21401926008BF704730B511F0004502D5404261EBAA
S21401927041014FF4806404F132045FEA915C3FF4EB
S214019280D8AE4FF003025FEADC0C18BF03325FEA88
S214019290DC0C18BF033202EBDC02C2F1200300FA39
S2140192A003FC20FA02F001FA03FE40EA0E0021FA5E
S2140192B002F11444BDE600BF70B54FF0FF0C4CF44C
S2140192C0E06C1CEA11541DBF1CEA135594EA0C0FFE
S2140192D095EA0C0F00F0DEF82C4481EA030621EA39
S2140192E04C5123EA4C5350EA013518BF52EA033574
S2140192F041F4801143F4801338D0A0FB02CE4FF026
S2140193000005E1FB02E506F00042E0FB03E54FF055
S2140193100006E1FB03569CF0000F18BF4EF0010E4D
S214019320A4F1FF04B6F5007F64F5407404D25FEA49
S2140193304E0E6D4146EB060642EAC62141EA5551FC
S2140193404FEAC52040EA5E504FEACE2EB4F1FD0C3E
S21401935088BFBCF5E06F1ED8BEF1004F08BF5FEABC
S214019360500E50F1000041EB045170BD06F000466E
S21401937046EA010140EA020081EA0301B4EB5C041B
S214019380C2BFD4EB0C0541EA045170BD41F4801113
S2140193904FF0000E013C00F3AB8014F1360FDEBF38
S2140193A0002001F0004170BDC4F10004203C35DA14
S2140193B00C341BDC04F11404C4F1200500FA05F397
S2140193C020FA04F001FA05F240EA020001F0004238
S2140193D021F0004110EBD37021FA04F642EB0601AE
S2140193E05EEA430E08BF20EAD37070BDC4F10C04D8
S2140193F0C4F1200500FA04F320FA05F001FA04F29C
S21401940040EA020001F0004110EBD37041F1000187
S2140194105EEA430E08BF20EAD37070BDC4F1200592
S21401942000FA05F24EEA020E20FA04F301FA05F2FA
S21401943043EA020321FA04F001F0004121FA04F2A2
S21401944020EA020000EBD3705EEA430E08BF20EA72
S214019450D37070BD94F0000F0FD101F000464000AC
S21401946041EB010111F4801F08BF013CF7D041EA2E
S214019470060195F0000F18BF704703F00046520032
S21401948043EB030313F4801F08BF013DF7D043EA03
S2140194900603704794EA0C0F0CEA135518BF95EAB9
S2140194A00C0F0CD050EA410618BF52EA4306D1D140
S2140194B081EA030101F000414FF0000070BD50EA5F
S2140194C0410606BF1046194652EA430619D094EAE9
S2140194D00C0F02D150EA013613D195EA0C0F05D1D3
S2140194E052EA03361CBF104619460AD181EA030127
S2140194F001F0004141F0FE4141F470014FF00000DF
S21401950070BD41F0FE4141F4780170BD70B54FF079
S214019510FF0C4CF4E06C1CEA11541DBF1CEA1355F9
S21401952094EA0C0F95EA0C0F00F0A7F8A4EB0504DB
S21401953081EA030E52EA03354FEA013100F08880D2
S2140195404FEA03334FF0805545EA131343EA12639B
S2140195504FEA022245EA111545EA10654FEA002650
S2140195600EF000419D4208BF964244F1FD0404F509
S214019570407402D25B084FEA3202B61A65EB030565
S2140195805B084FEA32024FF480104FF4002CB6EB22
S214019590020E75EB030E22BFB61A754640EA0C00A2
S2140195A05B084FEA3202B6EB020E75EB030E22BFE2
S2140195B0B61A754640EA5C005B084FEA3202B6EB23
S2140195C0020E75EB030E22BFB61A754640EA9C00E2
S2140195D05B084FEA3202B6EB020E75EB030E22BFB2
S2140195E0B61A754640EADC0055EA060E18D04FEA70
S2140195F0051545EA16754FEA06164FEAC30343EA10
S21401960052734FEAC2025FEA1C1CC0D111F4801FDC
S2140196100BD141EA00014FF000004FF0004CB6E7D5
S21401962011F4801F04BF01430020B4F1FD0C88BF74
S214019630BCF5E06F3FF6AFAEB5EB030C04BFB6EB7F
S214019640020C5FEA500C50F1000041EB045170BD72
S2140196500EF0004E4EEA113114EB5C04C2BFD4EB9F
S2140196600C0541EA045170BD41F480114FF0000E23
S214019670013C90E645EA060E8DE60CEA135594EA9F
S2140196800C0F08BF95EA0C0F3FF43BAF94EA0C0FA2
S2140196900AD150EA01347FF434AF95EA0C0F7FF417
S2140196A025AF104619462CE795EA0C0F06D152EA6B
S2140196B003353FF4FDAE1046194622E750EA41064F
S2140196C018BF52EA43067FF4C5AE50EA41047FF460
S2140196D00DAF52EA43057FF4EBAE12E74FF0FF3CC5
S2140196E006E000BF4FF0010C02E000BF4FF0010C96
S2140196F04DF804CD4FEA410C7FEA6C5C4FEA430C0F
S21401970018BF7FEA6C5C1BD001B050EA410C0CBF5D
S21401971052EA430C91EA030F02BF90EA020F0020BF
S214019720704710F1000F91EA030F58BF994208BF26
S21401973090422CBFD8176FEAE37040F001007047E3
S2140197404FEA410C7FEA6C5C02D150EA013C07D13A
S2140197504FEA430C7FEA6C5CD6D152EA033CD3D085
S2140197605DF8040B704700BF8446104662468C467F
S2140197701946634600E000BF01B5FFF7B7FF0028B2
S21401978048BF10F1000F01BD4DF808EDFFF7F4FFDB
S2140197900CBF012000205DF808FB00BF4DF808ED66
S2140197A0FFF7EAFF34BF012000205DF808FB00BF89
S2140197B04DF808EDFFF7E0FF94BF012000205DF8AB
S2140197C008FB00BF4DF808EDFFF7CEFF94BF012060
S2140197D000205DF808FB00BF4DF808EDFFF7C4FF59
S2140197E034BF012000205DF808FB00BF4FEA4102AC
S2140197F012F5001215D211D56FF47873B3EB6252DD
S21401980012D94FEAC12343F0004343EA505311F003
S214019810004F23FA02F018BF404270474FF0000095
S214019820704750EA013005D111F0004008BF6FF0D3
S214019830004070474FF00000704700BF4A0011D249
S21401984012F5001211D20DD56FF47873B3EB625294
S2140198500ED44FEAC12343F0004343EA505323FAA0
S21401986002F070474FF00000704750EA013002D115
S2140198704FF0FF3070474FF00000704753B94AB9B8
S214019880002908BF00281CBF4FF0FF314FF0FF3002
S21401989000F08CB9ADF1080C6DE904CE00F006F8C5
S2140198A0DDF804E0DDE9022304B070472DE9F04F4E
S2140198B0099D0E4604460F46002B47D18A42944620
S2140198C0B2FA82F35AD943B102FA03FCC3F1200279
S2140198D09F409C4020FA02F217434FEA1C461FFAAB
S2140198E08CFE220CB7FBF6F106FB117701FB0EF09E
S2140198F042EA0742904208D91CEB020201F1FF3707
S21401990002D2904200F23C813946121AA4B2B2FB4E
S214019910F6F006FB102200FB0EFE44EA0244A645C2
S21401992008D91CEB040400F1FF3202D2A64500F26E
S2140199302A81104640EA0140A4EB0E0400211DB125
S214019940DC400023C5E90043BDE8F08F8B4205D912
S2140199500DB1C5E9000100210846F5E7B3FA83F128
S21401996000294FD1B342C0F00281824240F2FF800B
S2140199700846002DE8D0C5E90047E5E7002B40F092
S214019980AF808A1A4FEA1C4E1FFA8CF70121B2FBF0
S214019990FEF60EFB1620220C42EA004207FB06F0FA
S2140199A090420FD91CEB020206F1FF382CBF4FF094
S2140199B001094FF00009904203D9B9F1000F00F0F8
S2140199C0DC804646121AA4B2B2FBFEF00EFB102251
S2140199D000FB07F744EA0244A7420FD91CEB040434
S2140199E000F1FF322CBF4FF0010E4FF0000EA742E0
S2140199F003D9BEF1000F00F0C9801046E41B40EA0F
S214019A0006409CE7C1F120048B4006FA01FC00FAEF
S214019A1001FE22FA04F7E6408A401F4320FA04F3C7
S214019A204FEA174843EA0C031FFA87FC4FEA13492B
S214019A30B6FBF8F008FB106649EA064600FB0CF98F
S214019A40B1450ED9BE1900F1FF3A2CBF4FF0010BFC
S214019A504FF0000BB14503D9BBF1000F00F0A28017
S214019A605046A6EB09061FFA83F9B6FBF8F308FB86
S214019A70136603FB0CFC49EA0646B4450ED9BE192B
S214019A8003F1FF382CBF4FF001094FF00009B44530
S214019A9003D9B9F1000F00F08280434643EA004043
S214019AA0A6EB0C06A0FB028C66454346E14602D3B4
S214019AB007D1C64505D2B8EB02036CEB070C01389B
S214019AC0E1465DB1BEEB030266EB090606FA04F455
S214019AD022FA01F3CE401C43C5E90046002133E7D4
S214019AE002FA03FCC3F1200299409C40D6404FEA9B
S214019AF01C4E20FA02F21FFA8CF7B6FBFEF00A4360
S214019B000EFB1066110C41EA064100FB07F68E4279
S214019B100ED91CEB010100F1FF382CBF4FF00109F3
S214019B204FF000098E4202D9B9F1000F34D04046F9
S214019B30891B92B2B1FBFEF60EFB161142EA0142F8
S214019B4006FB07F191420ED91CEB020206F1FF3823
S214019B502CBF4FF001094FF00009914202D9B9F12B
S214019B60000F16D04646521A46EA00410FE7841AFD
S214019B7066EB030201201746FBE6023E624421E73C
S214019B8002396244C1E664440238D3E664440238CA
S214019B9034E7023E6244E6E702386144C8E7023B26
S214019BA03E447BE702383E445BE700BF704700BF98
S214019BB02DE9F04F924685B089461E460D46554A18
S214019BC00390294615F8014B135D13F00803F8D1ED
S214019BD02D2C7CD02B2C4ED04FF0FF3102936FF002
S214019BE00043CDE9001336F0100851D037464FEA4E
S214019BF0E6783A464346DDE90001FFF73FFE0023DB
S214019C0083468E4618461946A44613E0ACF137043F
S214019C10A6421FDD002B09DB83457EEB010305D33E
S214019C208E4508BF83453BD1A24239DA4FF0FF3358
S214019C3015F801CBACF13004092CE9D9ACF141049B
S214019C40192CE3D9ACF16104192C03D8ACF15704F3
S214019C50A642DFDC5A1C2FD0029A12B1404261EBB9
S214019C604101BAF1000F03D0002B48D1CAF8009089
S214019C7005B0BDE8F08F4FF0FF30029336F01008C4
S214019C806FF000432C7801F10205CDE90003ADD158
S214019C90302C25D0002E3AD10A27B0463E46A8E7FA
S214019CA000FB08F307FB0133A0FB07010B44201858
S214019CB043EBE4710123BBE72223039A1360BAF155
S214019CC0000F17D005F1FF39DDE90001CEE74FF0AF
S214019CD00047009301232C788D1CCDE9017382E7A0
S214019CE02B7803F0DF03582B0CD086B90827B04633
S214019CF03E467EE7DDE9000105B0BDE8F08FCDE91F
S214019D000001DFE710276C7802353E4671E7102721
S214019D103E466EE7B9A304004AE700BF10B4044C00
S214019D2013460A46014620685DF8044B40E700BF2B
S214019D303065002010B4044C13460A4601462068DC
S214019D405DF8044B34E700BF3065002020F00301C6
S214019D5010F00300C0F1000051F8043B00F1040CC0
S214019D604FEACC0C6FF000021CBF22FA0CF2134330
S214019D704FF0010C4CEA0C2C4CEA0C4CA3EB0C02F9
S214019D8022EA030212EACC1204BF51F8043B043063
S214019D90F4D0C2F1000102EA0102B2FA82F2C2F183
S214019DA01F0200EBD20070472DE9F04780460C46B3
S214019DB04548264614F801EB10F80EC01CF0080CB6
S214019DC0F7D1BEF12D0F5BD0BEF12B0F3AD0654611
S214019DD033F010003ED04FF0FF379A46B7FBF3F74B
S214019DE003FB07F96FEA0909002630460EE0AEF1DB
S214019DF0370C63451DDD002E04DBB84202D833D193
S214019E00CC4531DD4FF0FF3614F801EBAEF1300CE6
S214019E10BCF1090FEDD9AEF1410CBCF1190FE6D931
S214019E20AEF1610CBCF1190F03D8AEF1570C6345C6
S214019E30E1DC731C1CD005B140420AB1F6B91160D1
S214019E40BDE8F08733F0100094F800E0654606F1AF
S214019E500204C0D1BEF1300F17D06BBB0A234FF0FE
S214019E6005091A4F9A46BFE700FB0AC00126CBE751
S214019E7022233046C8F80030002AE1D0611EDEE712
S214019E8094F800E00125B41CA2E7207800F0DF007A
S214019E90582807D083B908234FF007096FF06047A9
S214019EA09A46A1E7102394F801E04FF00F09023417
S214019EB06FF070479A4697E710234FF00F096FF03F
S214019EC070479A4690E700BFB9A30400999999197B
S214019ED06AE700BF10B4044C13460A4601462068E0
S214019EE05DF8044B60E700BF3065002010B4044CF9
S214019EF013460A46014620685DF8044B54E700BF46
S214019F00306500200F4B70B50F4DAB42A3EB050635
S214019F1007D0B6100024013455F8043B9847A642F2
S214019F20F9D80A4D24F0CCF9094B5E1BAB424FEA37
S214019F30A60606D00024013455F8043B9847A642ED
S214019F40F9D870BD04690020046900200469002066
S214019F500869002070B5860747D0541E002A3ED0F7
S214019F60CAB2034601E0013C39D303F8012B9D0731
S214019F70F9D1032C2CD9CDB20F2C05EB052505EB19
S214019F80054535D9A4F1100C03F1100E1A462CF034
S214019F900F064FEA1C1CB644C2E90055C2E9025539
S214019FA010327245F8D10CF1010214F00C0F04F0D6
S214019FB00F0C03EB021213D0ACF1040323F00303DE
S214019FC00433134442F8045B9342FBD10CF00304C0
S214019FD02CB1C9B21C4403F8011BA342FBD170BDCE
S214019FE064461346002CF4D1F9E703461446C0E74D
S214019FF01A46A446E0E700BF88420ED98B18834272
S21401A0000BD900EB020C002A6ED0624613F801CD84
S21401A010994202F801CDF9D170470F2A0FD80346AD
S21401A02002F1FF3C002A5FD00CF1010C013B8C448D
S21401A03011F8012B614503F8012FF9D1704740EA69
S21401A04001039B0751D1A2F1100301F1200C70B559
S21401A05023F00F0501F1100E00F110041B09AC44AA
S21401A0605EF8105C0EF1100E103444F8205C5EF8B9
S21401A0701C5C44F81C5C5EF8185C44F8185C5EF8DE
S21401A080145CE64544F8145CEAD1013312F00C0F77
S21401A09002F00F0C01EB031100EB031329D0ACF116
S21401A0A0040C1C1F8E462CF003064FEA9C0C1E4423
S21401A0B05EF8045B44F8045FB442F9D10CF1010484
S21401A0C002F0030203EB840301EB840102F1FF3C7F
S21401A0D04AB10CF1010C013B8C4411F8012B61458E
S21401A0E003F8012FF9D170BD704702F1FF3C03461A
S21401A0F09AE76246EAE700BF2DE9F04F82468E46B0
S21401A1003F4875461EF801BB10F80B4014F00804D2
S21401A110F7D1BBF12D0F5BD0BBF12B0F6FF00049D0
S21401A12004BF9EF800B005F1020E33F0100010D106
S21401A130BBF1300F04D0002B5ED10A231F4609E085
S21401A1409EF8000000F0DF0058284ED0002B53D1B7
S21401A15008231F460025B9FBF7F6284607FB169885
S21401A1600EE0ABF1370C63451DDD002D04DB8642A6
S21401A17002D321D1E0451FDA4FF0FF351EF801BBAF
S21401A180ABF1300CBCF1090FEDD9ABF1410CBCF1D0
S21401A190190FE6D9ABF1610CBCF1190F03D8ABF17D
S21401A1A0570C6345E1DC6B1C0AD004B140420AB18E
S21401A1B0CDB91160BDE8F08F07FB00C00125DDE7D2
S21401A1C02223CAF800305AB10EF1FF314846F0E7B3
S21401A1D09EF800B04FF0004905F1020E0124A4E7F5
S21401A1E04846BDE8F08F8146EEE710239EF801B0A1
S21401A1F00EF1020E1F46ADE710231F46AAE700BF69
S21401A200B9A30400242B02D8012B00D074E710B5A3
S21401A21000F02EFA16230360002010BD10B5242A84
S21401A220084C1346246807D8012A05D00A46014679
S21401A2302046BDE810405FE700F01AFA16230360D7
S21401A240002010BD3065002010B5242A084C1346A6
S21401A250246807D8012A05D00A4601462046BDE8EB
S21401A260104049E700F004FA16230360002010BDF1
S21401A27030650020844641EA000313F0030349D108
S21401A280403A23D30B6803604B6843608B68836056
S21401A290CB68C3600B6903614B6943618B6983615A
S21401A2A0CB69C3610B6A03624B6A43628B6A836242
S21401A2B0CB6AC3620B6B03634B6B43638B6B83632A
S21401A2C0CB6BC36340304031403ADBD230320BD3E4
S21401A2D00B6803604B6843608B688360CB68C36020
S21401A2E010301031103AF3D20C3205D351F8043B3A
S21401A2F040F8043B043AF9D2043208D0D2071CBF16
S21401A30011F8013B00F8013B01D30B88038060463E
S21401A310704700BF082A13D38B07B1D010F0030390
S21401A320AED0C3F10403D21ADB071CBF11F8013B00
S21401A33000F8013BA4D331F8023B20F8023B9FE72B
S21401A340043AD9D3013A11F8013B00F8013BF9D29E
S21401A3500B7803704B7843708B7883706046704738
S21401A360024B014618681AF0F8BF00BF306500209E
S21401A370024B014618681AF0F3BF00BF3065002093
S21401A380CAB384460B4630B504460843800719D045
S21401A3909CF800000C78A04212D150B3012A28D0B4
S21401A3A0E64603E01CEB030F23D010B31EF8010FA3
S21401A3B011F8014FA2EB0E03A04203F1FF33F1D0D7
S21401A3C0001B30BD032A07D8E2E7043A11D01EF07D
S21401A3D0803F0ED1032A10D92068194653F8045B32
S21401A3E0A446A0F1013E0434A8422EEA000EECD0A9
S21401A3F0CEE7002030BD10467047A4461946C7E791
S21401A40080EA010C1CF0030F37D110F0030C20F08A
S21401A410030021F0030150F8042B08BF51F8043B58
S21401A4200ED08CF0030C6FF07F434FEACC0C23FA6E
S21401A4300CFC51F8043B42EA0C0243EA0C0300BF51
S21401A440A2F1013C9A4201BF2CEA020C1CF0803FAB
S21401A45050F8042B51F8043BF2D04FEA02604FEA61
S21401A4601222012828BFB0EB036F08BF1B0AF4D0E5
S21401A47003F0FF03000EC01A704710F0030F0AD056
S21401A48010F8012B11F8013B012A28BF9A42F4D09B
S21401A490A2EB030070474DF8045D50F8042B01F061
S21401A4A0030521F0030151F8043B022D26D04DD8B7
S21401A4B022F07F45B5EB132FA2F1013C2CEA020CEA
S21401A4C00DD11CF0803C08BF51F8043B0AD185EA47
S21401A4D00205B5EB036F0CD150F8042BE8E74FEA01
S21401A4E013235BE03CF07F4C54D10B784FEA1265A6
S21401A4F054E04FEA126503F0FF034FE04FEA0245CE
S21401A500A2F1013C4FEA15452CEA020CB5EB134FBC
S21401A51018D11CF0803C08BF51F8043B07D185EAEE
S21401A5200205B5EB034F09D150F8042BE6E75FEAC5
S21401A5300C4C2FD10B884FEA12452FE04FEA03430C
S21401A5404FEA12454FEA134328E000BF02F0FF0529
S21401A550B5EB136FA2F1013C2CEA020C0DD11CF0F5
S21401A560803C08BF51F8043B0AD185EA0205B5EBE9
S21401A570032F0AD150F8042BE8E74FEA13630DE0E6
S21401A58012F0FF0F06D051F8043B4FEA122523F0D4
S21401A5907F4303E04FF0000020BC704705F0FF0248
S21401A5A003F0FF00012828BF904204BF2D0A1B0AB2
S21401A5B0F4D0A2EB000020BC704700BF08B5064BE4
S21401A5C0044613B1002100F0AFF8044B1B6803B139
S21401A5D09847204619F096F929A70100F04B00206C
S21401A5E0002301461A46184600F048B8032A30B43C
S21401A5F015D941EA000484460B46A40704D0541E2C
S21401A6000FE0043A032A08D91946604653F8044B6A
S21401A6105CF8045BA542F4D0F1E760461946541E87
S21401A6207AB1431E0139021901E09A4209D013F8A2
S21401A630010F11F801CF6045F7D0A0EB0C0030BC3C
S21401A6407047002030BC704738B5074D074C2C1BAF
S21401A650A41005D0013C55F8043D9847002CF9D1CB
S21401A660BDE8384023F032BE0C690020086900209E
S21401A670014B1868704700BF30650020F0B5264CC6
S21401A68083B006460F46256805B36C681F2C3FDC71
S21401A690A6B1D5F8880048B3D0F800114FF0010CE8
S21401A6A040F82420022E00EB84020CFA04FC4CEA4B
S21401A6B00101C0F80011C2F8803010D0631C0020E0
S21401A6C002346B6045F8247003B0F0BD134914489A
S21401A6D0216010B10068C1F88800104DD5E7D0F8A8
S21401A6E0043143EA0C03C0F80431E7E70D49CDE92C
S21401A6F0002369B14FF48470FFF732FE40B10021A8
S21401A7006C68C0E94011DDE90023C5F88800C5E79B
S21401A7104FF0FF30D8E700BF804C0020F44B0020FC
S21401A7200000000061A301002DE9F04FDFF8B490AE
S21401A73083B0D9F8006096B3884601907568D6F85C
S21401A74088706C1E2BD4013507F1800B06EB85054E
S21401A750B8F1000F26D173682A68013BA3423BD0AB
S21401A76000232B60BAB1D6F804A05FB30123D7F853
S21401A7700011A3400B4225D0D7F8040157F8241046
S21401A78003422BD1019890477368D9F800205345AE
S21401A7901ED1B2421CD1013C043D631CD8D103B08A
S21401A7A0BDE8F08F4FB15BF824304345D3D0013C70
S21401A7B0043D621CF3D0002FF5D1013CEFD3013CE0
S21401A7C0FBD2ECE790477368D9F800205345E0D0F8
S21401A7D0002AE4D01646B1E77460C3E708469047FE
S21401A7E0D2E700BF804C0020431E033306D8044B3B
S21401A7F0984228BF1846642838BF6420704700BFB7
S21401A80040420F0038B5194B05461B680C4603B18C
S21401A810984744B1236833B11B68013303D0E3681A
S21401A8200BB1A3684BB91EF002FD00204FF4C172B4
S21401A830412100F0FFF9212038BD204602F04AFCF4
S21401A84000230B4A85F83C31C5E93743C2E900339A
S21401A85063694BB1074A422110684FF4D272C31A9A
S21401A8605842584100F0E6F90020E5E7F04E002096
S21401A870B8610020544F0020F8B5044623F019FAB9
S21401A880002607460E4B1B6893B19E68AEB196F83C
S21401A8902420D20711D435460FCC0FC50FCC0FC5D7
S21401A8A023682B6096F8243043F0010386F82430A1
S21401A8B0384623F0F9F93046F8BD1B68E4E700BFD7
S21401A8C08465002010B5044618B9054B054A136087
S21401A8D010BD00F0D9FCD4F8E830002BF6D1F4E72F
S21401A8E0D989030080650020014B1868704700BFB6
S21401A8F0B861002008B502460868FFF775FF0860D2
S21401A9004868FFF771FF48608868FFF76DFF886049
S21401A910C868FFF769FF0B69C860581C03D00B486D
S21401A920834228BF03460B614B69581C03D0074876
S21401A930834228BF034688694B61FFF755FFBDE890
S21401A94008408861104601F07BBC00BF40420F0002
S21401A950D0F8E0302DE9F04105460C4613B1C38D21
S21401A9608B424CD0D5F8DC30002B4BD09E68002EA5
S21401A97048D0D868002845D0013800B200281ADB34
S21401A980002106E0128A591CA24217D209B2884257
S21401A99011DB0B1803EBD3735B1003EBC30206EB5F
S21401A9A08202B2F80EC003F1FF3EA445EAD90FFABF
S21401A9B08EF08842EDDA2120BDE8F0814FF6FF7275
S21401A9C099B29142F7D09BB203EBC30306EB830621
S21401A9D02846B6F9122095F83011D5F8F080EFF731
S21401A9E055F80746B8F1000F04D000233246284632
S21401A9F01946C047EC85C5F8E06085F83971002036
S21401AA00BDE8F0810E20BDE8F08100BF2DE9F047DA
S21401AA1082B004460F46164601F086FE002863D132
S21401AA204F4D2B68D4F8DCA0D4F8E0800BB1534529
S21401AA3076D04FF00009AF6001F09EFE0128074670
S21401AA4065D120461EF032FB002851D12B68DAF87A
S21401AA500010D8F8002013B1186888426BD0204641
S21401AA601EF0D6FAC5E900A8D4F8F0508DF80760B4
S21401AA70002D67D00022204611460DF10703A84796
S21401AA80204600F0EDFF0546B9F1000F0FD076B96C
S21401AA90D4F88C300BBB012F05D025B1314B0021EA
S21401AAA003205B689847284602B0BDE8F087B5FAF0
S21401AAB085F040F207523321400900F0BBF83146D9
S21401AAC0204601F00BFA284B05461B6841462046F6
S21401AAD09847D4F88C30002BDDD000224FF4007359
S21401AAE0204600F0E1FBD6E700231D4D6B6098E79A
S21401AAF094F82530DA07A9D5D4F894305B05A5D5A6
S21401AB001A4B0122002120461B6898479EE7002128
S21401AB10012000F001FC01F02FFE0128FBD190E797
S21401AB206B68002B85D0434583D1AB689F4215D017
S21401AB304FF001097FE7696811B10968914291D028
S21401AB4059688CE794F82A1094F8393132469942BC
S21401AB5028BF1946204600F0D1FE91E70025A2E75E
S21401AB60B86100208C65002080650020F44E00202E
S21401AB70F8B50F46054623F09CF8394606462846A2
S21401AB80FFF7E6FE044620B1304623F08DF8204656
S21401AB90F8BD01F0A7FD224639462846FFF736FFE5
S21401ABA004460028F0D128461EF080FA0028EBD093
S21401ABB095F8253013F001030DD0D5F894205205F1
S21401ABC00DD5B5F82A21BA4205D0B5F82C31DB1BD4
S21401ABD0B3FA83F35B09034A82F8C430D4E7234609
S21401ABE0F9E700BF001E00B013B5044669461EF023
S21401ABF021F820461EF065F9FF28024606D02046B9
S21401AC009DF80010EEF7C0FF02B010BD0048FBE74C
S21401AC100080FFFF38B5044D044C054B28602160C9
S21401AC201A6022F09BFC38BD844E00208865002007
S21401AC30884E002010B550B90548064B01600648FD
S21401AC4002601868054B18601868FFF7E3FF10BD2F
S21401AC5088650020E04F0020884E0020844E0020AA
S21401AC602DE9F0418AB001AC05460B462746194A44
S21401AC7002F1200C264610685168083203C6624568
S21401AC803446F7D1002B08BF3B46002710681C4608
S21401AC903060384603F10C0690B95FFA87F84246F1
S21401ACA0284621881EF005FA50B942462846E18812
S21401ACB01EF010FA20B94246314628461EF01CFA0C
S21401ACC00137032F06F1080604F10204E4D10AB0A5
S21401ACD0BDE8F081DCA40400F0B589B005460E4657
S21401ACE01EF019FA044600BB01AC06F10C070FCFA3
S21401ACF00FC497E8070084E8070001A92846FFF774
S21401AD00F9FD2846311D1EF0E0FB044648B92846E9
S21401AD10074901F057FA044618B9284601F0C6FD5E
S21401AD20044628463168FFF79BFF204609B0F0BD70
S21401AD30D4A4040001491DF0D0BF00BF7DC80100A6
S21401AD4070B5164E032804460D4633781ED023FAF6
S21401AD5004F202F00102AA421DD053B10122A24020
S21401AD60A54023EA02032B43DBB233704BB101202B
S21401AD7070BD2DB10A4B01201B6898473378EDE76B
S21401AD803570074B00201B689847F0E79A07DED01E
S21401AD9003F0FC03E9E7002070BD00BFF75E00206A
S21401ADA0C84E002038B504460D4605F077FD60B163
S21401ADB001F0C6FC48B9012D07D801201EF056F94E
S21401ADC00D4B1B6823B15B6898470C4B1C7038BD54
S21401ADD023F0C6F80A4B1A68801A186021F038FD6D
S21401ADE04FF47A72074B1B6802FB00301DF073FFAD
S21401ADF0012001F0ADFCE8E7EC4E0020D168002010
S21401AE00C04E0020C44E0020F8B505460C4622F080
S21401AE1050FF104F06463B7833B1012D04D01CB9C4
S21401AE200D4821F067FC3C7021462846FFF788FF55
S21401AE300A4B04461B783BB93B782BB91EF00AF93E
S21401AE4010B1074B1B689847304622F02DFF20466D
S21401AE50F8BD00BFF85E00209C4E0020F75E002083
S21401AE608C650020054A0B46117831B1002111701E
S21401AE70034A01215268187810477047F85E00208F
S21401AE808C650020124B0239012910B518701ED8A6
S21401AE9005F004FDD8B101F053FCC0B101F034FA5D
S21401AEA0A8B90C4B1C6834B123689847BDE810401C
S21401AEB000201EF0DBB81DF00CFF074B186023F0D6
S21401AEC04FF8064B1860204601F042FCEEE710BD35
S21401AED0D1680020EC4E0020C44E0020C04E002059
S21401AEE038B5044680B122F0E4FE01210446084646
S21401AEF021F0A4F801210B4A08461AF002FB20466D
S21401AF00BDE8384022F0D0BE22F0D3FE05462146E9
S21401AF10012021F093F801202146024A1AF0F1FAA5
S21401AF202846EDE7387B0400F0B585B022F0C1FE77
S21401AF30344D04462B7823B1334821F0DBFB00283F
S21401AF4052D121F061FC02AA03A91EF06DF8034656
S21401AF50002838D01EF07CF8029B98421CD10020B5
S21401AF602A4B03991B682A4E9942307020D9002734
S21401AF70C91A012324482B70264A3346CDE90077A7
S21401AF8022F0CAFF002837D1234A1378D90701D502
S21401AF903178F9B1204611E01EF058F8029B98422C
S21401AFA028D0002318461949194A096813700391D5
S21401AFB00121FFF7C5FE002320462B7022F074FE08
S21401AFC0002005B0F0BD20462B7022F06DFE21203A
S21401AFD005B0F0BD03F0FE031370002BDAD10F4B62
S21401AFE01B6898472046E9E7204622F05DFE0E20C2
S21401AFF005B0F0BD0220B3E7032320462F7033705F
S21401B000F3E700BFF85E00209C4E0020BC4E0020F7
S21401B010D068002065AE0100F75E0020C84E002013
S21401B02038B522F046FE0F4D04462B789BB90E4AE2
S21401B0300E4913700E4B0F4A0F481A600F4A5A609A
S21401B040F0F7CEF90E490F48F0F7CAF90E4B0F4A42
S21401B0501A6001232B70F0F7CDFA204622F024FE69
S21401B060002038BDF95E0020F85E002000A504002F
S21401B0708C65002029AF01008C4E002009AE01002E
S21401B08008A50400944E0020C84E0020E1AE010041
S21401B0902DE9F0438F7880460F2F0C4685B003D9F3
S21401B0A0212005B0BDE8F08327B90123374A0020E7
S21401B0B01370F6E70D784E78EDB9002EF0D194F9BD
S21401B0C00310E08803F00AF82128E9D055EA0603C0
S21401B0D0A088DFF8C89013D003F064F84FF6040395
S21401B0E0B9F8002001469A424BD1AE42334638BFEA
S21401B0F02B4600262DE0082DD2D8082ED0D8DEE724
S21401B10003F050F84FF6040501464FF60500204AB5
S21401B110136E9BB2AB4208BF0346B1F5803FA9F858
S21401B12000300FD902230825136680230126C2F8B2
S21401B13080302B4649084FF6FF720139914228BFED
S21401B140114608E08023012608251666C2F88030DD
S21401B1502B460029EFD1002202920122013FFFB2C5
S21401B160009201972A4608F1F80002F0B7FE1EB1D8
S21401B1704FF48012074B5A65074BA2681A600223E8
S21401B18094E703480266A9F80030AEE7FA5E0020AD
S21401B19000C001B800D001B8D44E00205468002089
S21401B1A010B50446D0F818210B4B4FF40061C3F8D4
S21401B1B0A82090F82420D20102F4006205F0D2FA09
S21401B1C094F8243013F0100F4FF4007314BF034AA1
S21401B1D0034A136710BD00BF001E00B0001002B87E
S21401B1E0002002B8431C07D06FF0FF02034B10404B
S21401B1F01A62A3F580531862704700BF00E000B8DA
S21401B200F8B504460F46164622F053FD0546A047FC
S21401B210044620B1284622F047FD2046F8BD04F03A
S21401B2207FFC04220549D1F8D83E23EA07033343BD
S21401B230C1F8D83E024B1A67ECE700BF001000B019
S21401B240002002B800F01803182B0AD003070AD40E
S21401B25040F2011310F0100018BF1846034B186592
S21401B26070470020FAE70120F8E700BF001F00B092
S21401B270044B1868830654BFC0F30F204FF6FF70C7
S21401B280704700BFBC4F002038B10368044A002B4A
S21401B29008BF1346034A13607047014BFAE700BF25
S21401B2A0218D03009865002010B4D0E95441224056
S21401B2B00B4052EA030104D003495DF8044B0968C8
S21401B2C008475DF8044B7047986500200F2938B58C
S21401B2D005460C460ED801F04FFA01280CD1074A54
S21401B2E02846D36B23F00F032343D3631DF022FFBD
S21401B2F0002038BD2120FCE70220FAE7001F00B03D
S21401B300014B186C704700BF001F00B0014B0020B6
S21401B31019647047001F00B003282DE9F3478846DB
S21401B32055D82C4B13F800902B4B1E5C2B4B13F867
S21401B33000A022F0BEFC074604F03EFB054640B1E5
S21401B34000230022CDE9003301200023002104F070
S21401B35079F904F039FB48B100230022CDE9003326
S21401B360002000234FF4004104F06CF96EB31C4B2F
S21401B370DC6C04F008041B4B3146DC64484604F0E0
S21401B3802DFC52463146484604F092FC164BDC64CE
S21401B3906DB1164B1868D0F89410F83003F06EFAB9
S21401B3A013490868FFF71EFF4FF0FF330B60B8F133
S21401B3B0000F04D00F4B002103205B6898473846E6
S21401B3C002B0BDE8F04722F06FBC3446D3E702B0C6
S21401B3D0BDE8F08718A5040014A5040010A5040014
S21401B3E0004000B8006000B8005000B8E04F0020F0
S21401B3F0946500208C6500200F4A136F13F0A00F90
S21401B40015D1506F10F0040013D10C4BD3F8D83E71
S21401B41023F07F4323F0FF035BB1D368C3F30362DA
S21401B420092A07D0B2F10C0018BF0120704700208E
S21401B43070470120704700BF000002B8001000B03E
S21401B44070B50D46064620B91A4B1B68A3B10E20EF
S21401B45011E001F091F9012829D1174B93F9004029
S21401B460C4F11C04641BC4F11C03002BB8BF5B426F
S21401B470232B0CDD212070BD81EAE173A3EBE17380
S21401B480DBB2232BF6D80C4B19700020F3E786F8B5
S21401B490285022F00EFC094AE402D36904F4FF2482
S21401B4A023F4FF231C43D46122F0FEFBEDE70220C8
S21401B4B0E1E700BFE04F0020FB5E002000C000B8BF
S21401B4C018B9034B93F90000704790F928007047AC
S21401B4D0FB5E002010B504461DF0E8FD10B101200A
S21401B4E001F0D4F92046FFF75BFE22F0E2FB0A4AA0
S21401B4F00121D2F8A030044623F02003C2F8A03080
S21401B5000222064B08469A60054B5B689847204620
S21401B51022F0CAFB002010BD001E00B0001002B8C9
S21401B5208C650020064B5A6A920207D4D3F8803005
S21401B53013F4706F14BF012000207047012070477C
S21401B540004001B8F8B50E46D0F8943002EA01047E
S21401B55023EA01032343C0F89430464A01F00B0363
S21401B56023EA0401D1642340A2F58052D364720712
S21401B570054610D50121FFF7D5FF60B104F0D0FADA
S21401B5804FF4007314F0040F14BF3B4A3B4A536256
S21401B59004223B4B1A67F30606D514F0100F14BFAE
S21401B5A000221B22374B5A6537061DD5200616D5B5
S21401B5B04FF40012304B1A62012203F58053C3F890
S21401B5C0002122F076FB0E210746032003F09EF8A9
S21401B5D040F201222B4B3846DA6222F065FB214607
S21401B5E005F1F80003F04AF9F10503D5E2052AD57D
S21401B5F003F05CF8B30503D5A70527D503F062F879
S21401B60016F48C6F1DD014F4806224D095F8253082
S21401B610DC070CD5EA8DB5F82A31934219D0B5F876
S21401B6202C31981A43424341174A82F8C430D5F860
S21401B630E41028461DF075FB8022144BD864144B89
S21401B6401A610020F8BD03F02BF8D3E703F034F8B5
S21401B650D6E70123E8E77105E9D595F82530DB073C
S21401B660E5D5094B114683F8C4200A4B28461B68CA
S21401B6709847DCE7006000B8005001B8006001B8E8
S21401B680002002B8004000B8001E00B0001F00B045
S21401B690000002B8F44E0020014B1868704700BF46
S21401B6A0E04E002037B522F004FB002401230022DF
S21401B6B0CDE90034002305461946104603F0C2FFC3
S21401B6C0022002F0E7FA064B21461C60054B0220D9
S21401B6D05B689847284622F0E7FA204603B030BD5B
S21401B6E0E84E00208C6500202DE9FF4102290D4619
S21401B6F016469846039004D1FFF7D4FF04B0BDE880
S21401B700F08122F0D6FA1E4F04463B683BB1B342A5
S21401B71005D022F0C9FA002321203B60EEE7194B41
S21401B7200022C3F800803E60002301264FF0000887
S21401B73010461946CDE9006603F084FF124B02203D
S21401B74083F8008002F0A6FA43462A46022003A99F
S21401B75002F0BEFA0D4B039A1A6008B92046D8E7E4
S21401B7600B4D2B689847212804D0204622F09CFADE
S21401B7700020C3E731466B6802209847F5E700BF13
S21401B780E84E0020E44E0020FD5E0020E04E002042
S21401B7908C650020044B5B6E5B054EBF0120034B9E
S21401B7A0187800F00100704700C001B8FD5E002067
S21401B7B00A78022A11D0101F4242424152004B78A9
S21401B7C01201022B0BD0191F4B424B415B0005495E
S21401B7D0054842EA8312FFF713BD0122EFE7012372
S21401B7E0F5E700BFF0FFFF00C1C701000B78022B91
S21401B7F010D0181F434243415B004A78022A0BD0FF
S21401B800111F4A424A4152000F21044843EA82026C
S21401B810FFF7F6BC0123F0E70122F5E7EDC70100CB
S21401B8202DE9F8430E780446042E0D4690F8308133
S21401B8300BD100275FFA87F9484601F07DFD08B174
S21401B8404E4602E00137042FF4D1304601F074FD74
S21401B850002849D094F83031B34209D1AA88D4F8E7
S21401B860A8309A4204D16A88B4F832319A4238D064
S21401B87084F83061AB883046A4F834316B88A4F87C
S21401B8803231AB8804F59875C4F8A830FF2384F8E4
S21401B8902B301DF000FD84F82A00284601F078FCC4
S21401B8A018BB284601F03EFDF8B9D4F8E03053B194
S21401B8B094F83011414506D02046B3F91220EEF730
S21401B8C0E5F884F83901204601F09AFE0949A4F802
S21401B8D034010123084AD1F8FC1004F1F80003F002
S21401B8E0AFFC0020BDE8F88321200C2384F830311A
S21401B8F0F8E700BF001F00B0581F00B0F8B50546B6
S21401B90090F830010C460C28164623D0FF2923D088
S21401B9101AB14FF0FF32114B1A601DF0BCFC0746FE
S21401B92095F8300101F068FD844228BF0446E4B270
S21401B930BC4238BF3C46E0B285F82B0001F002FE5F
S21401B940FF280CBF2124002416B9284601F068FD03
S21401B9502046F8BD0224FBE72124F9E79C65002078
S21401B96010B590F8303104460C2B43D0D0F8E030B7
S21401B97080F82A10D3B3D0F8F020CAB990F839313C
S21401B9808B421BD300222046FFF7B8FF40BB1A4B61
S21401B9901B78022B23D8204601F032FE17490123DB
S21401B9A0174AD1F8FC1004F1F80003F049FC16E040
S21401B9B0B0F94220B3F912309A42E3DD0022204664
S21401B9C094F83911FFF79AFF50B9C4F8E000204601
S21401B9D01DF0AAF84FF6FF739842014601D10020E8
S21401B9E010BD2046BDE81040FFF7C2B8FF2380F81F
S21401B9F02B30F4E70220F3E758680020001F00B060
S21401BA00581F00B0F0B51D46144B04461B780F4670
S21401BA10164685B05BB1D0F8E030E3B102AAB3F9BF
S21401BA2012300092002218F0CEFC05B0F0BD02A93B
S21401BA301DF000F99DF808103A462046EEF726F864
S21401BA40014626B92A462046FFF758FFEDE720466D
S21401BA50FFF786FFE9E71846E7E700BFE27C040048
S21401BA60D0F89C30012B01D10020704770B50446F8
S21401BA7065498CB01DF044FCD4F8E0600146E58DC4
S21401BA80C4F8E40026B1336813B15B68002B71D1AA
S21401BA9022F00FF922F008F90123D4F8E4108DF80A
S21401BAA00630B389D6E90120EB1A9BB200FB0322CC
S21401BAB05648ADF80430036800928B4207D0204602
S21401BAC01DF02FF980225249524BC8641A61514D1C
S21401BAD000F052FE0128FBD1AB689E06F8D4204642
S21401BAE09DF80620009906AB03F0E6F800283ED143
S21401BAF000F042FE0128FBD1464A136FD801FCD460
S21401BB0093689906F9D4684606A903F08DFA0546A6
S21401BB1068BBE28D404B5A6494F8243060F34103CD
S21401BB2084F8243000F0EEFFD4F8E0305969431E63
S21401BB300E68DBB2FD2B029622D9F31C34D84B6873
S21401BB40FF2803935ED10126DA1C25D8024602A9F6
S21401BB5020461DF0FEFAE6B9D4F8543199053FD4D3
S21401BB6094F8243043F0020384F8243011E00220D4
S21401BB700CB070BD1A68032A8AD99B6A5B0E8EE7E1
S21401BB804B6801280393DED00246204602A91DF029
S21401BB90E0FA00200CB070BD0133204B5B6816D074
S21401BBA0DA1C23D80393D1E71C4B01361B6818BF58
S21401BBB00126DD1C06D802934B68FF280393C3D0E9
S21401BBC00020C3E7FF284B6819D00393C3E7DD1CA9
S21401BBD00FD80246204602A903931DF0BAFABBE726
S21401BBE020464FF480311DF03CFCD2E7FF28B2D14D
S21401BBF0E6E7FF28B0D10022204602A9EDE70120A2
S21401BC000393A1E72A46C0E7FC1F00B0D04E0020F0
S21401BC10001F00B0000002B8008001B8A465002033
S21401BC2010B50C4619B11DF041FA00B10434204696
S21401BC3002F0B8FA024B4042C3F8C80E002010BD0D
S21401BC40001000B0838E70B593420C4615461CD387
S21401BC50836C8B4208BF002422F02BF84FF49C53D0
S21401BC600B490646CA68C2F30362D340DA0702D517
S21401BC700B6F9B0304D401222946204601F016F8D7
S21401BC80304622F011F8002070BD2120FCE700BFED
S21401BC90000002B82DE9F84F064615460B4611B9C5
S21401BCA02120BDE8F88F002AFAD0032905D8002202
S21401BCB001F05EF903460028F2D01C889978B4F5A5
S21401BCC0804F01F0070080F0C580A0F1070C1A79BB
S21401BCD093F805A0DF88DCF1000343EB0C0305288D
S21401BCE02B7394BF0023C1F30013C1F3801C6B7345
S21401BCF08B0985F810C003F00203C1F3C00C43EAB8
S21401BD000C03C1F340116B74A974AF82002A40F092
S21401BD10828096F81E31013BDBB2EB74D6F8943084
S21401BD20DF0600F18380063801287FD8B6F8128036
S21401BD30F76908F1FF38484B083C04EA08045B6DD4
S21401BD403B5D0134802B0EBF6FF07F03323B5BB24D
S21401BD50AB730023AB6096F8279004EA0804B9F1A8
S21401BD60000F61D1631D03EA08035A1C02EA0802A8
S21401BD70BA5CFB5C43EA0223D9040FFA83FB4CD579
S21401BD80D6F8E43013B11B68022B05D841F24D7288
S21401BD904C210020FEF74EFFD6F8E420CBF30B0330
S21401BDA092F82420DB000AB1B3FBF2F39A4508D8D7
S21401BDB03BB1CAEB0A2ABAFBF3FA6FEA0A0A5FFA40
S21401BDC08AF9D6F8EC3023B1484695F90E10984713
S21401BDD08146631C85F80F9003EA0803F95C01337A
S21401BDE003EA0803FA5C013303EA080341EA022185
S21401BDF0FA5C013303EA0803F85C41EA02410023D6
S21401BE0041EA00616A7C304603F0D8FA06232860CE
S21401BE10AB71002045E7531E7EE717F804904FEA02
S21401BE2049095FFA89F9CCE79946D2E70023002051
S21401BE30EB730A4B5A69C2F30723120448BF63F037
S21401BE40FF035AB212F1800F1CBF323B5AB2AA73DB
S21401BE500346DCE7022024E7004000B800C000B833
S21401BE6038B5148811F003054FEAC40422D13F2CDB
S21401BE7020D9B4FA84F4C4F11903DBB2052B01D836
S21401BE80192C15D0052B28BF052301240633DBB258
S21401BE909C40C4F3CF03138003828161448700F082
S21401BEA02DFF054A631E2343C2F8A430284638BD39
S21401BEB02B46EAE72125F9E7001E00B011F5004FF1
S21401BEC01FBF01F30E01044BC1F30E01002014BF86
S21401BED099642120704700BF008001B8F8B5044678
S21401BEE00E4619B990F824305A063FD44FF6FF7320
S21401BEF0618ED4F8E470994204D0314B1B680BB1C3
S21401BF00204698472F4D2B68BB424DD02E4B1B68C1
S21401BF103BB11FB13A68002A48D0BF68394620466F
S21401BF2098470727204601F06BFB002E32D00627E4
S21401BF300126264B94F9282093F900302449C3F1B1
S21401BF401C039B1ACA69DB0222F4FF2203F4FF23B7
S21401BF501343CB61D4F8E4301E4A2B601E4B97671F
S21401BF6020461E701DF0E6F80020F8BD4FF6FF7162
S21401BF70144DD0F8E4702A6866F38613974241861A
S21401BF8080F8243017D0104B1B68002BC1D101F06C
S21401BF9037FB072711493B46114AD1F8FC1004F13B
S21401BFA0F80003F04DF9C2E70127BBE71746204624
S21401BFB039469847B5E701F023FB0127EAE700BFBA
S21401BFC0DC4E0020D04E0020D84E0020FB5E002024
S21401BFD000C000B8006000B8FC5E0020001F00B082
S21401BFE0581F00B0054A12681AB190F81E1119B907
S21401BFF01047084602F0AABB01487047CC4E002005
S21401C00000FEFFFF344B2DE9F7431C6801F400796D
S21401C01000F00103174653EA090206460D4635D0DD
S21401C0204FF000083BB30023002200210120CDE998
S21401C030008803F007FB042001F02CFE4146204651
S21401C040FFF7D0FF01224146208610461CF01EFD58
S21401C050D4F8941004F1F80002F010FC1F490868A7
S21401C060FFF7C0F84FF0FF330B6094F8243043F02D
S21401C070040384F82430B9F1000F07D001212046CB
S21401C0801DF0EFF925F4007506430D432B463246A5
S21401C0902046FFF709F9FB070FD51149114A086831
S21401C0A000211368116001210F4A117003B19847EE
S21401C0B00E4B002102205B68984717F00E0F08D040
S21401C0C04FF409723B21002003B0BDE8F043FEF7B0
S21401C0D0B1BD03B0BDE8F083E04F002094650020B9
S21401C0E0E44E0020E84E0020FD5E00208C65002016
S21401C0F008B5482200210248FDF72CFF002008BDA4
S21401C100DC1E00B073B578216422A0F814118221D8
S21401C1100C23C0E94112C0E94322C0F800210722DE
S21401C1204FF0FF35002680F830314FF6FF73044696
S21401C130C28700F14C0282641E4AC385A0F84030D3
S21401C14080F82C3043864263038780F82860C0F865
S21401C150A850458580F8265003F03EFC2046FFF7A0
S21401C160C7FF94F928102046FFF76AF9602340F6C6
S21401C170FF71114A2046D36402F11C42D162D16597
S21401C1800E4A2946D36440220D4B1A67D4F89420F0
S21401C190FFF7D8F90E230022CDE9003340F202233F
S21401C1A01046194603F04EFA01F0E2F8304602B0A6
S21401C1B070BD00BF4000FFFF004000B8005000B84F
S21401C1C0002002B810B50C46FFF792FFBCB1A37869
S21401C1D0082B16D8E278082A13D843EA021313F07C
S21401C1E0FF030CBF19466168074AC2F8DC102178C4
S21401C1F082F82011617882F8233182F8211100201B
S21401C20010BD2120FCE700BF001E00B0012A10B5BA
S21401C21012D8032B10D803EB82020123074C93405C
S21401C22094F82201DBB221B10343002084F82231C5
S21401C23010BD20EA0303F8E72120F9E7001E00B04D
S21401C240034670B50C68B0F83421013408BFD3F842
S21401C25000418D6808BF0C604C68F830013404BF9B
S21401C260D3F80C414C606E1C3CD1D3F80841CE6823
S21401C2708C60751C3CD1D3F804510E69CD60013633
S21401C28004BFD3F8F8600E614E69013604BFD3F8D7
S21401C290FC604E618E69013604BFD3F810618E6171
S21401C2A08E695EB35A32B24238BF32460E688A6130
S21401C2B016B15A2E38BF5A26C3F808414C68C3E94E
S21401C2C04065C3E943420A69C3F8F8204A690C4944
S21401C2D0C3F8FC20D1F8FC1007230A4A02F0B0FF8D
S21401C2E0002070BD02F15A04AC4238BF2C46BEE7AE
S21401C2F002F17805B54238BF3546BEE76422D5E778
S21401C300001F00B0581F00B070B521F0D2FC0446E3
S21401C3100B4E00F031FA012805D0204621F0C4FC6E
S21401C3200225284670BDF36813F0706FC3F30365EA
S21401C330EFD1B36ADB06ECD5204621F0B5FCF0E779
S21401C340000002B838B521F0B4FC4FF6FF710A4A76
S21401C35013888B4203D121F0A7FC0E2038BD074C71
S21401C360074D1B046566A4F580546366118021F0B1
S21401C3709BFC0020F2E700BF56680020006001B871
S21401C3800000FFFF2DE9F74304460F4615461E46FB
S21401C390FFF732F830B3A38A23B320461CF08CFC97
S21401C3A078B9002E40F0F280794BD3F8D83E03F0EE
S21401C3B03002102A00F0EA8003F0C003402B00F0A0
S21401C3C0E580DFF80082D8F81430D90740F1DE8026
S21401C3D021F06FFC0646032001F058FD30B13046CF
S21401C3E021F062FC022003B0BDE8F083D8F81420E7
S21401C3F012F00608F3D1304621F056FC644B4FF498
S21401C40000612046D3F8D89ED3F8AC6E04F0BEF98E
S21401C41040B14FF4007201215E4B08461A6742464E
S21401C4201CF034FB94F82530DA0707D5D4F894309D
S21401C4305B0542BF4FF40022574B1A673946204628
S21401C440FEF796FB524BC3F8D89EC3F8AC6E002895
S21401C450C9D194F82430980601D4002D57D0C5F3DD
S21401C460400003F023FB022315F4807F1BBF00214D
S21401C470494A484A136717BF484A1367516113630D
S21401C48003F04EFB4FF4806315F0040F14BF444ACB
S21401C490444A15F0400F53624FF004023D4B2846C4
S21401C4A01A674FF0400314BF3F4A404AC2F888302B
S21401C4B0FEF7C8FE20461CF029FD38B14FF4807304
S21401C4C015F0010F14BF344A324A1367A90647D53F
S21401C4D04FF6FF72B4F8403093420FD0344A3549D4
S21401C4E0526E100CC2F301120132B3FBF2F3088054
S21401C4F02B4A2C4930481B0448665366003D18BF3A
S21401C500012594F8243065F3451384F82430204639
S21401C5101CF0CCFDF0B120461CF0F8FCD0B14FF475
S21401C5200031204604F032F9431C03229BB2234813
S21401C53001A91CF073FE9DF8042002F00703052BE9
S21401C5409DF8053015D112070DD443F480731C4AAB
S21401C550C2F8B830002003B0BDE8F0431CF06BBE53
S21401C560FFF7F0FECAE713F0040F09D19DF8063075
S21401C570EBE703F03002202A05D113F0010FF4E7B0
S21401C5804FF48073E3E79DF80630E0E70E202AE7D4
S21401C590001000B0002002B8001002B8004000549D
S21401C5A0005001B8006001B800D000B800E000B843
S21401C5B0004001B8566800200000FFFF0840005404
S21401C5C0001E00B000C001B82DE9F34106468846BA
S21401C5D015461F4621F06DFB0446032001F056FC6C
S21401C5E038B1204621F060FB0E24204602B0BDE89B
S21401C5F0F081042001F04AFC0028F2D1204621F007
S21401C60053FB01232A4641463046FFF7BBFE04464C
S21401C6100028EAD1DFF8C8805FB388F80000394601
S21401C6203046FEF735FD00284CD198F80030012B36
S21401C6301CD02022244B1A67244BDB6CB3F5817F78
S21401C6401FD201201CF038FE21F033FB204B06469A
S21401C6501B680193CBB901F093FC15F0800526D138
S21401C66001F0E0FC284603F0F5F925E003F008FAAE
S21401C670BBE798F80030012BF8D0002BD9D1212444
S21401C680B3E78022134B1A61DBE7042001F002FBBB
S21401C69000230122042001A901F01AFB0028DAD1A7
S21401C6A003F056FA2124304621F0FEFA9DE70022D7
S21401C6B0094B9A6701F0B6FC084B01215B68002024
S21401C6C09847F0E7044690E7001002B8001F00B054
S21401C6D0D44E0020000002B800C001B88C650020CE
S21401C6E0FA5E002008B50C4BD3F84C114B1C12D047
S21401C6F011F080410FD1094B1B6813B10320FEF7DF
S21401C7000BFE4FF080624FF40071054BDA67054A65
S21401C710D16201225A6108BD0080E00FE04F00207F
S21401C720001002B8004000B84FF40022034B186F07
S21401C73003F500531A67C0F3C0407047000002B803
S21401C740024B586900F00100704700BF00C001B8F5
S21401C750084B5A69D10707D508B901F077BA5B6962
S21401C760DA0706D401F064BA5B69DB0701D4002856
S21401C770F8D1704700C001B80F4BDB68C3F3036301
S21401C780013B0B2B0FD8DFE803F006060C06060666
S21401C79006080A080808022070470420704705208A
S21401C7A0704703207047054B5B6913F0060F0CBFFB
S21401C7B001200420704700BF000002B800C001B885
S21401C7C0094AD368C3F303630B2B08D06FF4905068
S21401C7D0184100F0010080F0010040007047106F22
S21401C7E010F48030EDD17047000002B80C4AD368CF
S21401C7F0C3F30363062B07D8042BD8B20BD8C31E8A
S21401C8005842584140007047072B06D1D2F83001F4
S21401C8100028ECD17047022070470020704700BF07
S21401C820000002B8094BDB68C3F303639A1E012AB2
S21401C8308CBF00220122012B02701EBF4FF4026240
S21401C84022FA03F303F001030B707047000002B8ED
S21401C850094AD368C3F30363032B01D0072B08D11E
S21401C860536FDB0605D4906F80F00800C0F3C0005C
S21401C87070470020704700BF000002B8024B00223C
S21401C88019681CF0F4BB00BF7CA50400024B1B68B2
S21401C89003B11847704700BF004F0020024B1B68CA
S21401C8A003B11847704700BFFC4E002010B5FF22A9
S21401C8B04FF6FF7104461CF0FCFB68B9FF224FF6E9
S21401C8C0FF7120461CF006FC30B92046BDE810403A
S21401C8D0FF2202491CF010BC10BD00BF20A50400B9
S21401C8E02DE9F0411C46184B05461E680F4690463A
S21401C8F046B1306801F01CFEF3681BB1B3681868D6
S21401C90001F016FE114B1B682BB1DA681AB19B6851
S21401C910186801F00DFE9DF81830640744EA0842D5
S21401C9205B0503F0BC6342EAC7621A43284608491E
S21401C93042F4C87203F016FF002228461146FFF79C
S21401C94081F90020BDE8F08178A504007CA50400EB
S21401C9509007E12D08B5FFF77BFF88B1094BDA692F
S21401C96012030DD5186F10F4003009D19B6F13F028
S21401C970100F4FF010030CBF034A044A936708BD1B
S21401C9800220FCE7000002B8001002B8002002B83E
S21401C99038B50446F8B1124AD3691B031DD5556F45
S21401C9A0104BC5F38115032DB3F8B4300DD1082211
S21401C9B0083B9BB221460C481CF030FC0020084B7B
S21401C9C025729B6F1B0A637238BD022D05D1023B8F
S21401C9D02A469BB2EEE72120F6E70220F4E700BFE5
S21401C9E0000002B8001E00B038400054431EDBB2FF
S21401C9F0FD2B14D9FF280B6801D14A68134313F0A5
S21401CA00802F1EBF42F20102074BC3F8282251F8BD
S21401CA102020054BC3F85022C3F854227047012842
S21401CA20F5D10023E9E700BF004001B8F0B585B0B5
S21401CA306D460E460F4B074614460FCB85E80F0092
S21401CA400D4BD3F848020090D3F84C2201923EB128
S21401CA50631EDBB2FD2B0AD93060FF2C00D1726059
S21401CA602246294638461CF074FB05B0F0BD012C61
S21401CA70F4E700BF28A504000080E00FF0B585B0FC
S21401CA806E460D4B07460D460FCB86E80F0000F0AD
S21401CA9039F831460446024638461CF0D3FC4DB1FF
S21401CAA040B9FF2C1BBF04AB03EB8404009B54F876
S21401CAB0103C2B6005B0F0BD28A5040030B50C4B2A
S21401CAC00546187085B0082380B90A4AC2F8FC33B7
S21401CAD051B96C46084B0FCB84E80F00074B2A462A
S21401CAE021461868FFF7A2FF05B030BD044AEDE7FE
S21401CAF0D2680020001002B838A50400E04F0020DC
S21401CB00002002B8014B1878704700BFD268002099
S21401CB10124BD3F8E020D2031ED54FF480321049D1
S21401CB20C1F8E020A1F58051C1F8EC201A6CD1B211
S21401CB30C2F30722C3F88010C3F880200422C3F88A
S21401CB4080200022C3F88020C3F88020C3F880200C
S21401CB50C3F88020C3F88020704700BF004000540F
S21401CB6000600054F0220A4B01219A64A022A3F52A
S21401CB7080539A64074B826CC3F8C010FC21C3F83B
S21401CB809810C3F89C204FF40052C3F8BC2070479D
S21401CB90006000B800400054F8B50D46174606463A
S21401CBA021F087F801230421084C094A2363A76072
S21401CBB0E6602561C2F8E010064AC2F8843121F029
S21401CBC073F80DB102232363F8BD00BF0040005483
S21401CBD00060005400E100E00222024B58611A6333
S21401CBE0704700BF004000540122044B1A6640F60D
S21401CBF0FF729963D863DA65704700BF004000543E
S21401CC002DE9F04F042A05460B4683B039D9012693
S21401CC100978141F81615A7803F1040982619A78B0
S21401CC208261DB7883610368D0F808B003F00703FC
S21401CC3006339E4006F1FF3A0AEA0B084768A6EB60
S21401CC400802944247F000570ED84946224607EBA1
S21401CC500800FDF70FFB46EA0A0604EB0B0232401A
S21401CC60AA6003B0BDE8F08F494607EB08000192C1
S21401CC70FDF700FB019A384609EB0201A21B42446C
S21401CC80E7E7013A032AECD8DFE802F00B080502D1
S21401CC9013F8012B826113F8012BAA6113F8012BFB
S21401CCA0AA611B78AB6103B0BDE8F08F38B50C46BE
S21401CCB0154601460F4B60B101220F48C3F8C0204C
S21401CCC02246FFF79DFF1DB104220A4BC3F8C02080
S21401CCD038BD64B1D3F8A420A24284BF0122C3F8B0
S21401CCE0C0200222C3F8A040C3F8C020EBE701220F
S21401CCF0FAE700BF004000549840005438B5044697
S21401CD0020F0D7FF01211A4A638F054611663BB30F
S21401CD10B3FA83F3C3F11903DBB2A069C2F890102A
S21401CD2093660723D066C2F88C304FF4A02302F531
S21401CD300052C2F8E030A2F58052C2F8EC30002270
S21401CD400C4B1A600C4B1B6F5B0209D54FF480022B
S21401CD500A4B04F1F8001A67D4F8941001F08EFD1E
S21401CD604FF4E0232846E363BDE8384020F09CBF3B
S21401CD7000400054044F0020000002B8002002B812
S21401CD802DE9F84305460C46B1B1D0F81880478F17
S21401CD9020F08FFFB5F83CC0791E01EA0C0323F0A2
S21401CDA00702032C0646DFF8F8E042445CD1DEF8C1
S21401CDB0004024B920F078FF0E20BDE8F88324F067
S21401CDC00104DEF8000020F00100A04251D100234A
S21401CDD0CEF80030238894426FEA43436FEA534308
S21401CDE023803CD1EB8F08EB07091846083880B240
S21401CDF002F108044C4528BF4446082804D9B4F873
S21401CE0000E0BEF5804F3ED263440F431B1A3B4001
S21401CE109BB2AB87E887118894781C4AC1F30C0152
S21401CE2051645367C2F88C004FF48022184B04F00B
S21401CE300704C3F8E0200122164BC3F88421FFF74C
S21401CE4067FE042C0BD14FF48002134B05F1F8005A
S21401CE501B6F124B1A67D5F8941001F00FFD304680
S21401CE6020F022FF0020A8E7601E012898BF144684
S21401CE70A7E7E88F4344E31A48BFDB19083898420E
S21401CE80A8DC304696E72246B0E700BF00400054D3
S21401CE900060005400E100E0000002B8002002B883
S21401CEA0044F0020144B10B51968CA8F8B8F488F1A
S21401CEB013440138073B8C69034023F007031C44E5
S21401CEC002F108030D4A9BB2CB87C2F88C304FF4AF
S21401CED080220B4BC3F8E02001220A4BC3F88421C1
S21401CEE0A07800F00700042803D1074AD3681B0383
S21401CEF0FCD4064B1C6010BDE04F002000400054DF
S21401CF000060005400E100E0000002B8044F002079
S21401CF1010B5064C216839B1CB0703D4044B186809
S21401CF20FFF72EFF0023236010BD00BF044F002033
S21401CF30E04F00204FF480320B4B0C49C3F8EC2035
S21401CF40A3F50053C1F8E020D3F888109A6E0123A8
S21401CF5002F0070206329340C1F30C01083B9942E6
S21401CF6001D8FFF7D5BD704700600054005000544B
S21401CF702DE9F04780460C4616468769458F20F016
S21401CF8098FEB8F83C2005F1FF3C02EA0C0323F0BA
S21401CF900701032C82463944B8F83E0019D1494CA2
S21401CFA024689CB90244073A02EA0C0222F00702FE
S21401CFB0BC183B44E31A48BF5B19834210DB50465A
S21401CFC020F072FE00242046BDE8F08724F001041C
S21401CFD0EFE7012C02D0022CEBD108380C46E8E72B
S21401CFE0002E3DD08C423FD1374AD2F84490364984
S21401CFF0B8F81270D1F88820C2F30C02934247DACF
S21401D0002588B5F5804FDAD2A378C5F30C0503F071
S21401D01007037A1EA5EB09053A43052B337005EA8B
S21401D02002052DD82DB2E84340F241420421C00F3B
S21401D030FDF700FE7580E3783374D8F81C207B1E5C
S21401D04003EA0903D118B160A9B213FA85F5AF4214
S21401D0502FBF0023FF1AB780F26024BFB180F360B0
S21401D060504620F021FEAEE7A4F10802974284BFA5
S21401D070ED0802EBC502B2F80090C9F30C09B6E759
S21401D080124B5B6D003B18BF0123A5EBC305C9E737
S21401D0900B6C7A1EA3EB09033A431A400C4915B2EE
S21401D0A0002DCB680BDCC3F30363D81E4342434118
S21401D0B0DB0033708B6F72801B0A3374BDE7082365
S21401D0C0F7E700BF044F002000400054004000B8BE
S21401D0D0000002B8054BA822D3F84C013121431CAD
S21401D0E00CBF0120C0F38070FDF7A4BD0080E00FE7
S21401D0F038B5094D0446286840F69702003818BF2F
S21401D10001202B21FDF796FDFA235C432B680A20AC
S21401D110B4FBF3F4604338BD384F0020174B30B5ED
S21401D1201A68431C164B22D0B2F1407F1FD3154D0F
S21401D13000F03F04D5F8002122F03F021443C3F863
S21401D140C84001F03F042243C3F8D020D5F804318B
S21401D1500D4A1A400D4B03EA500003EA51011043F1
S21401D1601143074BC3F8CC00C3F8D41030BD0020E0
S21401D1700146C3F8C800C3F8D000F2E70080E00F0C
S21401D180001F00B0000002B81FF087E1E0FFFF7F3C
S21401D19073B5574E0446317819B91C225548FCF729
S21401D1A0D9FE2378544A6188137051804FF0FC628F
S21401D1B0524CFF21C4F8FC204FF47F02C4F808212A
S21401D1C04F4A022B4F4D117033D1042307224E498B
S21401D1D0C4F8FC23C5F8FC33C4F800114FF4C07141
S21401D1E0C5F80011C4F8FC234FF48052C5F8FC338F
S21401D1F0C5F870214FF40052C4F87021C4F8083104
S21401D2004FF4FF13C4F8FC304FF4BB13C5F8FC30E1
S21401D2108023C4F8703148F2C8023C4BC3F8D820CA
S21401D2203B4B3C4A0020C3F8C02F0123337002B0A9
S21401D23070BD394A012BC4F80021384B27D14FF471
S21401D240C072C5F80021D3F83802D3F83C12FFF7B4
S21401D25065FF0723C4F8FC330223C5F8FC334FF4FB
S21401D2608053C5F870314FF40053C4F8703104236D
S21401D270C4F808310DEB0300ECF740FB9DF80530D0
S21401D280023B012B9CBF8023C5F87031C3E7244ABB
S21401D290C5F80021D3F83002D3F83412FFF73EFF69
S21401D2A00723C4F8FC330123C5F8FC338023C4F8F4
S21401D2B070314FF4805301A8C4F87031ECF71EFBAF
S21401D2C09DF80530012B05D19DF8043053B948F27D
S21401D2D05D1309E0FBD9023B012B9CBF4FF40053C1
S21401D2E0C5F8703148F25813084AC2F8D83097E7A3
S21401D2F0FE5E0020C41F00B058680020002002B85F
S21401D300D6680020001002B8C0F10F00001F00B060
S21401D310001000B00C4F0020C0F70F000080E00F97
S21401D320C0F60F00034B1A6802609B8883800020BA
S21401D330704700BF5868002010B5044601F026F873
S21401D3400A4BD3F8F83724B983F40023C3F3C0405B
S21401D35010BD012C05D113F4C02F0CBF01200020F5
S21401D360F6E7A31E58425841F2E700BF000002B894
S21401D3706FF07F42154BD3F8FC37934208D0144A1E
S21401D38003F03F031370F123124A1370124A13700D
S21401D3901249134B09781A68A9B1B2F1A06F12D3DA
S21401D3A0D3F850120F4A104BB1F1FF3F18BF134686
S21401D3B00E4A136041F66A020D4B1B68B3FBF2F38B
S21401D3C00C4A13607047084BF2E700BF000002B832
S21401D3D0D7680020D8680020D9680020D5680020CA
S21401D3E00080E00F5082E00F5CA50400084F00208B
S21401D3F0544F0020384F0020012807D0022802D0C1
S21401D40030B100207047034B18787047024BFBE79A
S21401D410024BF9E7D7680020D8680020D9680020B9
S21401D4200023F0B590F8304185B002462046CDE99C
S21401D4300133CDF80B30FFF7DFFF92F82B30411E9A
S21401D440C9B28B4228BF0B46002C3CD0012C38D1E8
S21401D450042418464FF00F0C384E0DEB0405B0FBB4
S21401D460FCF7F75D013CC01BC0B2814238BF00200B
S21401D4706055002CF3D105240F278DF80830B3FB37
S21401D480F7F0305C0344DBB28B4228BF0B462B55CA
S21401D49001340B2CF3D10F2602F1A800D43215F873
S21401D4A0013BB3FBF6F14C1CC1EB01115B1A0133D6
S21401D4B0DBB2E4B21B0443EA045340F8043F824261
S21401D4C0EDD105B0F0BD042418464FF00F0C1C4FEB
S21401D4D00DEB0406B0FBFCF5EDB27D5D013C401B97
S21401D4E0C0B2814238BF0020A055002CF2D10524DD
S21401D4F00F258DF80830B3FBF5F0385C0344DBB23A
S21401D5008B4228BF0B46335501340B2CF3D10F2524
S21401D51002F1A804D43216F8013BB3FBF5F1481C1E
S21401D520C1EB01115B1A0133DBB2C0B21B0443EA43
S21401D530005344F8043FA242EDD1C2E755A50400CA
S21401D54048A5040038B5284B05461A7827490C2A01
S21401D55002D1FF20087038BD10461BF09CFE044621
S21401D5601046FFF749FFA84228BF2846C0B2A0428E
S21401D57038BF20460B78C0B28342ECD0087088B121
S21401D580431EDBB2022A1A490ED14FF0FC62C1F8E3
S21401D590FC20A1F50051D1F8FC2042EA4353C1F822
S21401D5A0FC30D8E70346EDE7124A134C1268AC325A
S21401D5B0C4F8C02F4FF47F02C1F808210F49CA6F83
S21401D5C0D202C8D40F22B3FBF2F2551CC2EB0212F0
S21401D5D09B1A0133D1F808411B0443EA0553234340
S21401D5E0C1F80831B7E700BF58680020D6680020A8
S21401D5F0002002B8E04F0020001000B0000002B882
S21401D6002DE9F04F90F830510646D0F8A82087B0A3
S21401D61035BB1F2A38BF1F22093A4C24844B854844
S21401D6201B6A96F82B10C3F38213DC400368DFF8FD
S21401D6302CA29342DFF828827F4B04F0010414D118
S21401D6401F78A74211D19AF80070AF420DD17B4FD7
S21401D6503F788F4209D1B8F8040007B0BDE8F08FD3
S21401D660032A38BF0322023AD7E7026098F800007F
S21401D6701C70FFF7C1FEFF2924D128461BF00BFEC4
S21401D68007466F493CB3D6F8E4702FB13B68082BC8
S21401D69040F2CB8097F838701DBB0B6840F27121C1
S21401D6A0B3FBF1F353431922B3FBF2F339462A468F
S21401D6B005A805931BF0C5FD02023C04059842F03F
S21401D6C0110988E0471E8F4228BF0F46012F38BF39
S21401D6D00127FFB2D5E7012D29D0022D01D0B5B320
S21401D6E027460B6840F27121B3FBF1F3534319222D
S21401D6F0B3FBF2F33946012207EB072405A805938D
S21401D70007EB04241BF09DFD7F00032F38BF032782
S21401D710020242EA001242EA0009033F00F01F003B
S21401D72007FA00F0FFF7E4FC00F5FA6758E00F236C
S21401D730B7FBF3F3581CC3EB0313FB1A0133DBB23D
S21401D740C0B21B0443EA0053C3F30747C9E70C689A
S21401D75040F27121B4FBF1F40F2354431922B7FBB5
S21401D760F3F3B4FBF2F43748374A0068A2FB04121D
S21401D770013350FA83F313F8013C0392A3F14001FD
S21401D7802A4603A801931BF05CFD039F2F4AE41B66
S21401D790A2FB041200903021049204A82A461BF032
S21401D7A050FDDDF810B08146A4EB0B040122059470
S21401D7B0102144F2100405A81BF043FD009B1A0239
S21401D7C0019B42EA091244EA0344059B42EA000926
S21401D7D007EB0B001844FFF78BFC00F50C572837B6
S21401D7E040F6FF711A4B3846C3F8C010A3F58053B4
S21401D7F0C3F8C090A3F58053C3F8C440154C276006
S21401D80001F0B0FC4FF47A72134B404298652368DE
S21401D8100A49B3FBF2F3A8F8043096F82B30B7FBAD
S21401D820F2F08AF800500B7017E7002734E700BFC4
S21401D830004001B89C650020FF5E0020D3680020F0
S21401D840544F0020084F002069C2F568911E856B71
S21401D850006001B83C4F0020001F00B0D4680020D3
S21401D86058680020014B1870704700BFD56800202B
S21401D87010B5044603F012F878B1174B1B786BB954
S21401D88064B1164B1B784BB1154B1B78013B012B32
S21401D89004D84FF40042134BDA6710BD124BDB6F0E
S21401D8A01B04FAD420F005FA4FF400420F4B04464D
S21401D8B0DA67A3F5A0435B682BB1FEF741FF10B111
S21401D8C002201BF0F9FC0222094B2046BDE810405D
S21401D8D0C3F8842420F0E8B9005F0020015F00202F
S21401D8E0404F0020002002B8000002B8001002B825
S21401D8F000D003500122024B00201A70FFF7B8BF78
S21401D900005F00200022024B01201A70FFF7B0BF13
S21401D910005F0020F7B50646504C00F037FD504B2F
S21401D9202578504F1E7085BB2846FFF7A1FF237848
S21401D930013B012B19D8E37B01A88DF80430237C29
S21401D9408DF80530E9F77EFCC7F884544FF6FF7270
S21401D950454BC3F88420F822A3F58053C3F88420EE
S21401D9600022404BC3F884240DE04FF6FF723E4B75
S21401D970C7F88454C3F88420F822A3F58053C3F86B
S21401D9808420C7F88454394B5BE00020FFF770FF12
S21401D9902378013B012B08D8E37B01A88DF80430DE
S21401D9A0237C8DF80530E9F74DFC0023C7F8843455
S21401D9B0002ECBD062685AB32D4B1B6803EB520383
S21401D9C0B3FBF2F3013B1B0243F0F803267826492A
S21401D9D0022E284A1ED0032E4FF6FF75214826D068
S21401D9E0012E34D143F00203C1F88450C2F88430CA
S21401D9F00723C0F88434E37B01A88DF80430237C28
S21401DA008DF80530E9F7F2FB0120FFF731FF17E04B
S21401DA10F823DBE74FF6FF7043F00103C1F88400FB
S21401DA20C2F8843006220F4BC3F88424E3E743F0A0
S21401DA300503C1F88450C2F884300423C0F8843446
S21401DA400D4B4FF080420020DA6703B0F0BDC1F8FD
S21401DA508450C2F884300023F0E700BF404F002016
S21401DA60015F002000C00350006000B8002002B82B
S21401DA70544F0020005000B8001002B8F0B5294FEE
S21401DA8006463D4604460FCE0FC5336885B02B606B
S21401DA9000F07CFC0022244BC3F88424A17A627A2D
S21401DAA042EA0142C3F89024217CE27B42EA014229
S21401DAB0C3F88C24217B627B41EA0240C3F88804C8
S21401DAC03B78032B2AD8DFE803F022020C178DF8E7
S21401DAD0041004218DF805200DEB01000022E9F762
S21401DAE051FBE37B00228DF80830237C042102A839
S21401DAF08DF80930E9F746FB637A01228DF80C3080
S21401DB00A37A042103A88DF80D30E9F73BFB074BF8
S21401DB10187805B0BDE8F040FFF7FCBE212005B03F
S21401DB20F0BD00BF404F002000C00350015F002041
S21401DB30034BDB6F002BBCBF024BC3F8880070475A
S21401DB40000002B8004000B82DE9F0471BF018FCB1
S21401DB504FF47A762D4BB0FBF6F618604FF4FA7355
S21401DB60734307462A48190E1B021818294A4FF014
S21401DB70000341F10001FBF781FE274BA0F58072FF
S21401DB8005461A6320B948222B21FDF753F80125D3
S21401DB904FF47A724FF0000A6A4353465008310236
S21401DBA0FBF76CFE1C4B1D4AB7F57A7F9A601C4B3F
S21401DBB04FEA056819601B4B8946044618604FEA10
S21401DBC0152505D29B222B215046FDF733F8012659
S21401DBD04FF47A73A8FB030103FB05117308C01801
S21401DBE041F1000100233246FBF748FE0E4B02349A
S21401DBF019600E4B49F10009A408186044EA8974BB
S21401DC00054B013C9C63BDE8F08700BF544F0020E4
S21401DC1020A1070040420F0000C001B80211010018
S21401DC20644F0020604F00205C4F0020584F0020BA
S21401DC301022044BC3F884215A600122024BDA6099
S21401DC40704700BF00E100E000C001B81022064B9B
S21401DC50C3F88421C3F88420BFF34F8FBFF36F8FBF
S21401DC600422024BDA60704700E100E000C001B810
S21401DC7010B50446A242A2EB0000A3EB010104D2B8
S21401DC80034B01399B6B0133184401F0030110BDAE
S21401DC9000C001B838B501250A4B02019D504FF46A
S21401DCA080730446084A8340536620F002F8074A08
S21401DCB0A540137823EA05031370BDE838401FF02A
S21401DCC0F3BF00BF00E101B800E001B80A5F002021
S21401DCD02DE9F84F164605468A461F461FF0E9FF0E
S21401DCE0022E00F0908080461FF0F0FF594B5A4AF2
S21401DCF0D3F82090147D5A6EE4B2520744BFD3F88D
S21401DD002090013404F003041FF0DBFF484621464F
S21401DD1000F036FA8446DAF80000012E04BF01301E
S21401DD206044ACEB000C08BFCAF80000BCF1804FA1
S21401DD307DD300F037FA8145A1EB040188BF454B3E
S21401DD40DFF834C188BF01F1FF3101F0030188BF5C
S21401DD509B6BA0EB090E0CF80510A1B1F90742BFA9
S21401DD6041F61F723D4B5A67BA0742BF3B4B3C4ACE
S21401DD705A677B0742BF0022364B9A673C0742BF71
S21401DD800022344B9A6511244FF0010A314B05F1FC
S21401DD901002120103EB051BCBF80C0131499C5014
S21401DDA01A6A0AFA05F4586E0B78A2EB0902E4B275
S21401DDB0234372450B7025D34FF48073AB40034267
S21401DDC020D11CF80520002A40D10EB3264AF807B8
S21401DDD0536607D541F61F7140F201101F4B596774
S21401DDE050675967B90706D51C4B1D4A1E491F487F
S21401DDF05A6748675A677A0742BF01221C4B1A6165
S21401DE003B071AD440461FF04FFF0120BDE8F88FAC
S21401DE10184A2D0142F805A042F89C3C1FF049FF24
S21401DE2010490B7823EA04030B701FF03DFF4046B0
S21401DE301FF03AFF0020BDE8F88F2120FFF778FE9B
S21401DE404FF48032034B4046DA60DCE7064A404630
S21401DE505366D8E700C001B8C44F002000E001B8FF
S21401DE6000001F1F0A5F002000D001B8000001015A
S21401DE70000002B800E101B8025F0020024B1878EA
S21401DE80003818BF012070470A5F0020034B10308E
S21401DE900001185800F00100704700BF00C001B82B
S21401DEA070B50646FEF74CFC044608B1FFF7CEFEF9
S21401DEB00023084D3046AB61EB612B6200F072F92E
S21401DEC0054BC9B2197528620CB1FFF7B1FE0020E7
S21401DED070BD00BF00C001B8C44F00202DE9F0415D
S21401DEE09DF818800D46B8F1000F08BF0022214E9C
S21401DEF0B5F5803FB168074621F4700141F4A001F1
S21401DF00B1609DF820409DF81C104FEA042444EAB5
S21401DF10016444EA031444EA084444EA02044FF064
S21401DF20180140F2E9222CBF002001207465FCF79D
S21401DF3081FE3564B8F1000F1AD00F4BBC68D3F8D8
S21401DF4088305A2C38BF5A245B0606D500F0F0FB01
S21401DF5018B10A4BB3FBF0F31C44204600F022F93B
S21401DF600130854238BF0022024B34BF5A645864E0
S21401DF70BDE8F08100C001B800C000B800093D004E
S21401DF80214B10B51A6E1A66596C59B11F49C968EA
S21401DF9000292EDB596D4FF0FF3301F00F018B4046
S21401DFA09A4326D110242020FFF7C2FD184B9C600F
S21401DFB002F088FB2022174BC3F8842101F0F4FC01
S21401DFC048B1002200200821FEF71CF8124B5C66BF
S21401DFD0A3F580531C670D4AD36803F07063B3F151
S21401DFE0807FF9D9084B0D4A5A6741F201429A6778
S21401DFF010BD01F0D9FC0028F4D0094B064A53663F
S21401E000A2F580521367EDE700C001B8000002B820
S21401E010001002B800E100E000E001B8011B0118A1
S21401E0201000002008B52120FFF782FD4FF4803252
S21401E030014BDA6008BD00BF00C001B8F8B5184D45
S21401E04004462B6A1B0426D500F0E6FB2B6AA0FBD0
S21401E050044613F0787F4FEA9367C3F34450C3F343
S21401E060044505D140F25A422B21FCF7E3FD01207D
S21401E070AD01B5FBF0F010EB871005D140F25F4221
S21401E0802B21FCF7D7FD012002460023204631460E
S21401E090FBF7F4FBF8BD00F04BFBA0FB0401F9E72E
S21401E0A000C000B80246012030B50B4CA0F1200399
S21401E0B0C0F1200524FA05F504FA03F32B4304FA0C
S21401E0C000F595428B4100D330BD0F2801D00130B9
S21401E0D0ECE7FF20F8E700BF40420F0010B50C4602
S21401E0E0FFF7ACFFC30943EA4163C01A61EBD111E4
S21401E0F0FFF7D8FFFF2814D00F220C4B40F010007A
S21401E100C3F88820A3F58053C3F88800A3F580538D
S21401E1101B6ADBB2802B06D02046BDE8104000F01B
S21401E12067BB212010BD0220FCE700BF00E000B85D
S21401E13038B51FF0CBFD084B084A1D6A147D5A6E90
S21401E140E4B2520744BF1D6A01341FF0BAFD2846E7
S21401E15004F0030138BD00BF00C001B8C44F002061
S21401E1600346064A103302EB00111B01D1F80C01DD
S21401E170D158C1F340011BF0AAB800BF00C001B8D6
S21401E180064B1B68434303EB8171054B1B68A3FBDE
S21401E190003013F1004341EB000070475C4F002054
S21401E1A0584F00200C4A20F04043014610B500208D
S21401E1B014684FF00042E4FB0320084A890F1268F6
S21401E1C002FB0300064B9B6B984204D901330131D5
S21401E1D0C01A01F0030110BD604F0020644F0020FB
S21401E1E000C001B8044B01F0F071103041F003019A
S21401E1F000011950704700BF00C001B808B52220C1
S21401E200FFF796FC4FF48022014BDA6008BD00BF91
S21401E21000C001B808B5064B4FF030401A680549F2
S21401E2209200FCF727F8BDE8084001F0E3B800BF0C
S21401E23098A504009CA5040070B50C68651C15D053
S21401E240C4F302669E42C4F3074530D1A4B2944299
S21401E2502DD804EB8506B24229D2141BA50824F05A
S21401E26003040E59340F04D0012C08D000222124B7
S21401E27002E06B1C51F82320C0E9002470BD0E4C4F
S21401E28034F8133042EA03431A686B1C51F82340F2
S21401E29001EB83014B6822405E4036F0704404D1A6
S21401E2A01B0F032B04BF8B681A430024E4E70135D8
S21401E2B001EB8501C1E700BF70A5040007B501A801
S21401E2C0EBF71CFB4822164B5A65164AD2F8D43097
S21401E2D023F4FC33C2F8D430134B1B689DF8053089
S21401E2E0023B012B19D84022104BC3F8FC23104BDC
S21401E2F0D3F85C32DBB2FF2B00D10623094A1B039D
S21401E300D2F8FC139BB20B43C2F8FC33D2F830218F
S21401E310084B1A6003B05DF804FB00F0E7FEECE77B
S21401E320008001B8000002B8002000B0001002B85A
S21401E3300080E00FF84E002000224FF400710F4BD2
S21401E34010B51A675A679A670D4AD162012102F51C
S21401E350E8325161DA6812F0706FFBD14FF030424B
S21401E36001245A6602F5FC5208329C66DA64054BB3
S21401E3701B689847044B5C6110BD00BF000002B8E3
S21401E380004000B8A0650020002002B801230F4A13
S21401E3900F49C2F880328A6A22F002028A620D4A66
S21401E3A053600D4A53600D4A5360A2F58042536094
S21401E3B0A2F54042536002F5C032536002F5804236
S21401E3C05360A2F500425360704700BF00800050C2
S21401E3D000C0005000D000B800500054005001B8F2
S21401E3E008B5FFF7D3FF0E4B0E4ADA6700F076FE4C
S21401E3F0FFF764FF03220C4BC3F8E020012203F56C
S21401E4004043DA674FF460725A614FF40072DA677C
S21401E410FEF778FBBDE808400021FEF74FBB00BFC2
S21401E420000002B80048F000005001B82DE9F04F96
S21401E430054687B002900F4657F8044B631C06D179
S21401E440029B2C60E81A801007B0BDE8F08F5FEAE7
S21401E450147B18BF0123344AC4F3016108BFC4F317
S21401E460074332F81120A4B24FEAC30A2F4844EA00
S21401E47002440AF104022A4482421BD20722CA40FD
S21401E48002F0010201929A0004EB83030393012335
S21401E490B94603FA0BF808F0940305F1080604924E
S21401E4A00593039B09F10409A34208D10499554435
S21401E4B03944C0E71D4A9542E0D80020C4E7059BD1
S21401E4C053B918F0420F19D118F0280F0BD146F89E
S21401E4D0084C59F8042C21E04FF420623221002028
S21401E4E0FCF7A8FBF3E740F6042232210198FCF77B
S21401E4F0A1FB04F5805246F8082CEAE740F60D2207
S21401E50032210198FCF796FB04F50052BBF1010F8E
S21401E51046F8082CDDD159F8042CD24346F8042CD1
S21401E52004340836BDE700BF70A50400003000B013
S21401E530F8B50546F0B10026154B34461F46154979
S21401E54053F8042BBAB9A00000F13040294600F573
S21401E5500150FFF76BFF30B940F6AE323621BDE809
S21401E560F840FCF767BB0C4B0134044447F82650CF
S21401E57023F81640F8BDAA42FCD001360C2E02D074
S21401E58031F81640DCE740F6C83236210020E6E7CF
S21401E590684F0020AE570020B057002070B50446E3
S21401E5A0A8B1C1B1384A52F8043B984215D10023AC
S21401E5B036498A689206FCD49B00354A03F13043FB
S21401E5C003F50153C2F8B0302022324B9A6070BD79
S21401E5D001330C2B02D1304D12E0012352F8041BFB
S21401E5E0A142F5D12D4A32F81330E1E704D1626831
S21401E5F0C3E90012083403E0012A01D1043419608A
S21401E6002268531CE3D0C2F3016335F81300110CE2
S21401E61093B211F0FE0F43EA004360680DD0043454
S21401E620CAB2022A2168E1D9D4E90160033AC3E9F2
S21401E630001698600C340C33F3E7120F072AD9D86A
S21401E640DFE802F00704090D1013181DC04303F597
S21401E65000531860CEE71A6842401A60CAE703F50D
S21401E6608053F6E71AF028FEC4E7012203F580532B
S21401E6708240F2E7012203F500538240EDE71A6873
S21401E68030EA0202FBD1B5E7684F0020000002B86D
S21401E690001E00B0001002B870A50400AE5700209E
S21401E6A00122014BDA677047001002B80122014BC4
S21401E6B0DA677047002002B84022014BDA677047DC
S21401E6C0002002B84022014BDA677047001002B8FA
S21401E6D00B4B1B68D3F8E43023B11A68022A01D920
S21401E6E0186A7047074B9A6D90B238B1064BC2F361
S21401E6F007421B68DB085343B3FBF0F0704700BFCB
S21401E700E04F0020004001B8544F0020064BDB6864
S21401E710C3F30363984206D1044AD36B23F0F00394
S21401E72043EA0111D1637047000002B8001F00B030
S21401E730054B1B68D3F8E43013B11A680A2A01D8CE
S21401E740FFF7C6BF186C7047E04F00202DE9F7436E
S21401E75006461AF0AAFD00248046DFF890901FF0C6
S21401E760A8FA0DF1070105460DF10600FEF75AF865
S21401E7709DF806308BB9721C29D01AF096FDA0EBD5
S21401E780080428461FF090FA9DF8063013B99DF844
S21401E79007303BB3A642E2D824E0D9F80C3013F494
S21401E7A0603FE8D0D9F810001AF0ECFD731C07465C
S21401E7B003D01AF07AFDA0EB080428461FF074FA7D
S21401E7C017F5007FE0D0384603B0BDE8F083284651
S21401E7D01FF06AFA9DF80630002BC0D19DF807306D
S21401E7E0002BBCD1004FEEE700FEFFFF00C000B8D3
S21401E7F010F1800F04D04D28CEBF7F20323040B2BA
S21401E800FF22044BC0B21A62A3F58053186200209F
S21401E810704700BF00E000B80B4A10B5136E0B4CF2
S21401E820116E03F00703E35CC1F3CD0101FB033373
S21401E830126E0748C2F3454202FB033300688001AB
S21401E840B0FBF3F010BD00BF004001B868A504009E
S21401E850544F0020084910B5D1F89C3040B11C46F1
S21401E860CA68D1F89C309C42F9D1C2F303620270A7
S21401E87003F00F0010BD00BF000002B8094B01F005
S21401E88080011B6F03F480030B4309D14FF4001280
S21401E890054B1A62837F1BB10122044BC3F800218A
S21401E8A0704700BF000002B8006001B8005001B810
S21401E8B02DE9F04F404F804685B038680C461AF077
S21401E8C0FBF920B90024204605B0BDE8F08F2246AA
S21401E8D000214046FBF73EFB384B5D6915F001050C
S21401E8E0F0D1FCF701F806460028EBD03F68384621
S21401E8F01AF01AF94FF6FF73984234D04FF0605170
S21401E9002F4E304B304AD3F82090D6F88C30116217
S21401E9104FF00061A2F58052116224220421C6F84C
S21401E9208C202A4A4FF4804B91604FF48052002786
S21401E930DFF8A4A0CAF868B0F262A7421ED3042189
S21401E940234A9160A2F5F032C2F88C304FF0605243
S21401E9501D4B1A6209EA02031E4A13624FF48042F3
S21401E9601D4B9A66AFE7314638461AF081F80146E4
S21401E9703846FCF7FDF80028C0D0A3E7B26E510474
S21401E980FCD5B268D205F9D5CAF868B0D6F8902099
S21401E9900135012D0392D0D9E21B042AA8BF042217
S21401E9A008EB070003A901930092FBF763FC009AAA
S21401E9B0019B3A4497B2C0E7E04F0020000002B83E
S21401E9C0004000B8004001B8006001B8001002B86D
S21401E9D0002002B8005001B8006000B84FF60401EC
S21401E9E04FF60502044B01201B6C9BB28B4208BFFD
S21401E9F01346024A136670470080E00F00C001B854
S21401EA002DE9F74F81460F464FF0FF35FFF790FB94
S21401EA10002601908A462C463046DFF8D8B006F12B
S21401EA2010031B015BF8033003F00308B8F1010F74
S21401EA3015D13046FFF794FB02460B460198514626
S21401EA40FFF716F9DBF8643006F10802D340DB075E
S21401EA5039D5002F40D000252C463E604046013671
S21401EA60082EDCD160B3234A0027D2F808C0916B88
S21401EA700CF440330131A4FB0141641941F100015A
S21401EA80B3F5003F30D1536B0CF4405C013347F1D2
S21401EA900006BCF5805F22D1156B15F5807505FB68
S21401EAA006F647F1000203FB0266A5FB0332324479
S21401EAB0594304FB0212A3FB04341444C9E900348D
S21401EAC003B0BDE8F08FA84271EB0403C6D207B1CC
S21401EAD03E6005460C46C1E73D463C46BEE732026F
S21401EAE042EA13621B02E3E7136B13F5807347F1E7
S21401EAF00002DDE700C001B808B51AF057FC044B68
S21401EB005A7C012302329340024A536108BD00BF7A
S21401EB10C44F0020002000582DE9F34105460F465A
S21401EB2068461146FFF76CFF0646B0B1AFB1DDE9A6
S21401EB3000321B0A43EA0263A5FB0384094B120A4F
S21401EB4005FB02441A6812B91AF01AFC02460023A1
S21401EB5040462146FAF792FE3860304602B0BDE8DC
S21401EB60F08100BF544F002037B50446FFF70EFC76
S21401EB70E17822791B4841EA0243C0F8CC34E579B2
S21401EB80A37943EA0543C0F8D03423784BB18DF816
S21401EB90041004218DF805200DEB01000022E8F792
S21401EBA0F1FA63785BB10421A37900228DF8043071
S21401EBB0E3790DEB01008DF80530E8F7E3FA2278EA
S21401EBC001235AB1084AC2F8C834627802233AB11E
S21401EBD0054A0020C2F8C83403B030BD034AF2E744
S21401EBE0024AF6E700C0035000D0035000E003508D
S21401EBF070B52C4B0C461A7812B92B4A926D1A70C6
S21401EC002A4AD26F52054AD51D78294B05F00F06C0
S21401EC10B0FBF3F040434FEA151505D140F27C6294
S21401EC202B21FCF707F80120224A0A217243B2FB86
S21401EC30F0F34843B3FBF1F602EB5002B2FBF0F2FD
S21401EC4001FB1633042BD2B207D8C3EB8310C3EBF8
S21401EC5080035BB283B96DB217E0C3F10B0303EB1C
S21401EC608303DBB2B3FBF1F32B44DDB20F2DF2D9F4
S21401EC70013AD2B2053DEEE7053B5BB293FBF1F3F9
S21401EC801D44EBB26DB2002D04DB002042EA0512F2
S21401EC90226070BD01320533D2B25DB2F5E70220C3
S21401ECA0F7E700BF0B5F0020008001B8000002B844
S21401ECB0403B2500809698004FF0000C2DE9F84F58
S21401ECC0A2FB017BC84EDFF85CE3BE1999466BF1E7
S21401ECD00003B6457CEB030308D240F23E220E2128
S21401ECE06046FBF7A7FF0220BDE8F88FD0F8E4A046
S21401ECF00C461546BAF1000F04D0DAF80030032BA3
S21401ED0000F21B81B94BBA4A9B6BD2F8FCA0C3F345
S21401ED101408B84BD3F8EC305E00B64B48BF48F445
S21401ED2000181B6E48EA456858074EBF4FF440036B
S21401ED309B0503F0E07348EA03081DF093F8012DE4
S21401ED400646D0D10028CED0AB4B984200F00481C5
S21401ED5003F5122303F5F863984200F00381A74BED
S21401ED60984200F02F81002502462B4600204FF0E6
S21401ED700071FAF783FD2B46013007FB03F3C8F356
S21401ED80130100FB0B33A1FB0662A7FB007001FB1E
S21401ED900522034420339B09C9F80030F60C984B32
S21401EDA046EA423618F4801F1C6008BF7642954B2F
S21401EDB0954DC9F8144034441E602C60BAF1000F1A
S21401EDC000F0B98000239149C8F381528A5C194644
S21401EDD018F0807F18BF6408002EB8BF76429206EE
S21401EDE06008C2FB06012246FAF748FDDAF8003051
S21401EDF00E2B08D97F4B7D4A926BD969D3F80C311B
S21401EE00C90600F1D68018F4001814BFC42240F2D7
S21401EE1007127F49C0F31300A1FB04614FEA5111A9
S21401EE2002FB01F1C9F80400DAF818004FF4FA738E
S21401EE30B1FBF0F118BF4FF0000801FB03F3A4FB90
S21401EE400262FA33A3FB003004FB0822B34290416E
S21401EE5038BF0131C9B241F4006CC9F808C00029B5
S21401EE607ED0DAF81C00A1FB003624B1B4FA84F295
S21401EE700E2A40F38880E203002E77D1B2FBF3F22C
S21401EE80530003FB0113A3FB00764FEA044EBE4575
S21401EE904FEA144474EB060609D34E003344A0FB34
S21401EEA00371BE4574EB010102F10102F6D2C2F311
S21401EEB00E024CEA023C4CF00063C9F808301CF024
S21401EEC0D1FF2B68002B00F08880B3FA83F4D4F1CD
S21401EED002044CBF1C4623FA04F44E4B9C4288BFE6
S21401EEE06408002846D0B4FBF0F3642100FB13420B
S21401EEF001FB02F2904244D85A1E52085B08013BBD
S21401EF00120242EA0313C9F80C301CF077FF0028FE
S21401EF105CD0B4FBF0F2642100FB124401FB04F464
S21401EF20A0425ED8531E5B085208013A1B0243EA10
S21401EF300213C9F810300020D6E6042BDAF8288030
S21401EF407FF4FBAE18F0807F0CBF08F0E0734FF43F
S21401EF50400328F0E078EEE600232F481D460CE734
S21401EF602120C1E600232D481D4606E70B46002258
S21401EF7089E7044640F2C2422B210020FBF75AFEE5
S21401EF802346013BB8E7C2F10F0702F1110E06FA5C
S21401EF900EFEFB4043EA0E03A7F1200E26FA0EFEF4
S21401EFA043EA0E03FE40013304FA02F246F100067C
S21401EFB062E702F4801203F400131A4308BFC0F597
S21401EFC0801020E7002316481D46D6E640F2E542AB
S21401EFD02B21FBF72FFE621EA4E70028C9D01C4692
S21401EFE0CFE71446F7E700BF006CCA88008001B877
S21401EFF0001F00B0004001B800F04902005A62024A
S21401F000A04F00209C4F0020984F002080A50400B0
S21401F010D34D62103FBE40250A3BB2DF313641DC9C
S21401F020D694BFD6807C814A10B50B46044686B07E
S21401F03039B98279016821486B460068FFF73CFEC2
S21401F0406B461F4A196851631E4AD2F8FC2062B308
S21401F0505A6842B11C4A1D49C2F80C115968A2F5FA
S21401F0608052C2F80C119A6842B1174A1849C2F880
S21401F070EC109968A2F58052C2F8EC101549D868D0
S21401F080D1F8642122F4EE620243C1F86421D1F87A
S21401F0905C21186922F4EE620243C1F85C21A1F5F5
S21401F0A0FF4158692839FFF7A3FD0020A2880A4BC3
S21401F0B09A6203F5A033186406B010BDE04F002035
S21401F0C0008001B8001F00B0006001B8FFFF0F000C
S21401F0D0FFF8FF0F000002B8004000B84FF480624E
S21401F0E0014BDA67704700BF001002B84FF4806228
S21401F0F0034BDA67034B1B780BB1034A93657047E2
S21401F100002002B80B5F0020008001B840B1036800
S21401F110012B05D90069034B002808BF1846704724
S21401F1200048704788A5040010B590B10468012C0A
S21401F1300FD902696AB11168094B102C1960516820
S21401F1405960916888BFD268996094BFD960DA60C7
S21401F15010BD102200210248FAF7FCFEF8E700BFB6
S21401F160A84F0020084BC1171A68A2FB000302FB38
S21401F170013310F1807043F10003400E40EAC310E2
S21401F180803820EAE0707047B84F00200722164BFF
S21401F19070B5DA66154B164A1D68164BEC08E00585
S21401F1A0C0184FEA153141F100010023FAF766FB5A
S21401F1B0114B124E18604EF66020FFF7D3FF404207
S21401F1C0C6F884000E48FEF7EDFF024658B1E3018B
S21401F1D0500818184FEA15714FF0000341F100016D
S21401F1E0FAF74CFBF06570BD000002B8544F0020E2
S21401F1F065CD1D00B2E60E00B84F0020001F00B01E
S21401F20040420F0010B5044698B10B4BD3F8FC00F2
S21401F210FFF78AFF4FF47A7303FB04F0074BA0F65F
S21401F220AC50DA689B681044C01ABDE81040FFF77E
S21401F23099BF4EF66020F8E7001F00B0A84F0020E7
S21401F2402DE9F8430546084614461E46FFF76CFFAF
S21401F2500DB306F0020716F004061ED1DFB14FF417
S21401F2607A706B685843002B40F08C80FFF77AFF6A
S21401F27060626B69002B00F08C804B4AD0684FF4BB
S21401F2807A7202FB0300A0F503501038FFF76AFFFD
S21401F2902062002E57D1BDE8F8832869002868D07F
S21401F2A04FF47A735843404BA0F6AC509B68C01A93
S21401F2B0FFF758FFE061A88B00285DD04FF47A7302
S21401F2C05843394BA0F6AC509B68C01AFFF74AFF6B
S21401F2D02061364BE968D3F8008000294FD04FF4FF
S21401F2E07A735943304BA1F6AC519A685B68891A18
S21401F2F0C91A2F4BC8171A68DFF8BC90A2FB011376
S21401F30002FB003311F1807143F10003490E41EA1B
S21401F310C3118039274B6161DB6EA361D9F80030D8
S21401F32053B1404619F0C2FE30B12246D9F800303A
S21401F3301D49D8F8D80098470021A869FFF762FF51
S21401F340A062002F8BD1A86830BB47F23050FFF780
S21401F35009FFA0604FF47A702B6858432BB1124B0B
S21401F3601B6803F51C5310331844FFF7FBFEE060DF
S21401F37091E74EF660209BE74EF66020A6E74EF634
S21401F3806021B6E7084B1B6803F51C53103318447D
S21401F3906CE747F2305079E74FF47A735843A0F59B
S21401F3A003501038D3E700BFA84F0020E04F0020DD
S21401F3B0B84F0020001F00B0A44F002038B5054606
S21401F3C008461C4619F094FF0246D5F8E400FFF7FC
S21401F3D09DFE4368A018002B044AA8BF4FF4FA729A
S21401F3E01A44034B92FBF3F2104438BD0CFEFFFFA8
S21401F3F018FCFFFF70B5124C88B001AD0FCC0FC5DD
S21401F40094E8070085E807008C2200210D48FAF7EA
S21401F410A1FDD42200210C48FAF79CFD0B4B0C4AA7
S21401F4205A6301F04DFA0B4B1B783BB1044E01AD0C
S21401F4300FCD0FC695E8070084E8070008B070BD39
S21401F440C41F00B0A01E00B02C1F00B0001F00B0EB
S21401F45010111111FE5E002008B51EF02AFC0E4B9D
S21401F4601A78A2B90D4A126812F4843F0FD10C4AD9
S21401F4701021D1671B7863B9084B1B68DB0508D4DC
S21401F480074B2022DA67BDE808401EF00DBC054A8E
S21401F490EEE7044BF5E700BF115F00204816002099
S21401F4A0002002B8001002B80A4B197801F0FF02DA
S21401F4B029B10021197008499202C1F8B42059787F
S21401F4C001F0FF0229B1002159709302024AC2F8E5
S21401F4D0B83070470C5F0020005000B8064BD3F8D8
S21401F4E0D80E064B5B6F1A0103D4054B9B6E1B04AB
S21401F4F001D500F580707047001000B0000002B81A
S21401F500004000B810B51EF0D4FB0E2104460320BF
S21401F510FFF7FCF840F20122034B2046BDE81040FD
S21401F520DA621EF0C1BB00BF004000B808B51EF08D
S21401F530C0FB4FF00042224BC3F88020BFF34F8F31
S21401F540BFF36F8F0122C3F88420BFF34F8FBFF341
S21401F5506F8F0222C3F88420BFF34F8FBFF36F8FE4
S21401F5600422C3F88420BFF34F8FBFF36F8F0822A6
S21401F570C3F88420BFF34F8FBFF36F8F1022C3F8F9
S21401F5808420BFF34F8FBFF36F8F2022C3F88420F0
S21401F590BFF34F8FBFF36F8F4022C3F88420BFF3B2
S21401F5A04F8FBFF36F8F4FF48072C3F88420BFF381
S21401F5B04F8FBFF36F8FBDE808401EF075BB00BFCD
S21401F5C000E100E008B51EF074FB4FF00042094B65
S21401F5D01A6001225A6004225A6008225A601022D8
S21401F5E05A6020225A6040225A60BDE808401EF048
S21401F5F05BBB00BF00E100E0012370B5074C237040
S21401F600074B1E68074B3240D3E900531940284088
S21401F610FCF7F8FC0023237070BD00BF0F5F0020CD
S21401F620C04F0020481600200022044B1A70044BDD
S21401F630197811B11A70FFF70FBF7047105F0020DD
S21401F640115F00202DE9F047DDF820A003EA01084C
S21401F650099B06460C4602EA000703EA0A09BAF1C4
S21401F660000F40F04E81031F0B4300F00E8105286A
S21401F67071F1000380F0E48050EA010300F060813C
S21401F680431E0B4300F02481FFF750FFAD4AD2E939
S21401F690005323EA040325EA06053D4343EA080727
S21401F6A0A94BC2E900571E68DFF8F48226EA0A066B
S21401F6B046EA09061E60FFF7CFFE15F02A4F14BF73
S21401F6C048F202034FF40043A04AB007D26EA048A6
S21401F6D048BF43F4005383EA020122EA0302C266EA
S21401F6E09C4A0B408166D366C5F380421203290308
S21401F6F048BF42F48072EB0648BF42F40052964B74
S21401F700AC0648BF42F400726806D3F80C3248BF14
S21401F71042F48062290648BF42F400628F4882EABA
S21401F720030123EA0203C0F80C328D4B0A40C7F3EB
S21401F7304024A404C0F80812C3F80C22EA0448BF07
S21401F74044F48034AB0348BF44F48014A80748BF90
S21401F75044F4800415F4001F06D0D8F8000019F010
S21401F760FBFE08B944F40024E90248BF44F400341F
S21401F770FA0648BF44F4000473077A4B48BF44F0C6
S21401F78004041A6A44F4001484EA020323F0010311
S21401F79075491A400A621C40CB61744B16F0010F82
S21401F7A01C62734B734A18BF1A46734B7C071B6F58
S21401F7B048BF42F00062714882EA030123EA02036D
S21401F7C003676F4B0A4041661A676E4A05F00103EC
S21401F7D0516CA0F5803081EA030221EA03014164FD
S21401F7E082631A40684B28025A64D8F8002048BF42
S21401F7F0664B92F8F62058BF654B690748BF43F43D
S21401F800806322B115F4C06F18BF43F480733207CA
S21401F810604A48BF43F00043D2F8EC105E4883EAE2
S21401F820010222F4A0221140C0F8EC101340C0F8E7
S21401F830E0205A4ABDE8F047C2F8EC30FFF7C2BEF6
S21401F840A0F580630B4306D020F48063A3F5007314
S21401F8500B437FF419AF1EF02CFA3A49D1E9003276
S21401F86023EA060322EA040242EA08023B43C1E90C
S21401F87000324B4A126892F8F610474A09B313F45D
S21401F880C06F1ED04FF4807311E01EF012FA2D4A9D
S21401F890D2E9003123F004033B4341EA080157EA69
S21401F8A00807C2E900314FF480633B4A0BD0C2F827
S21401F8B0E030A2F58052C2F8EC30BDE8F0471EF009
S21401F8C0F3B94FF48073C2F8EC30C2F8E030F4E7D5
S21401F8D01EF0EFF91B4AD2E9003123F001033B4346
S21401F8E041EA0801C2E9003101232E4A57EA080716
S21401F8F01BBF9363A2F580525364536408BF93639E
S21401F900DBE750EA01037FF4BFAEBAF1010F7FF4E3
S21401F910BBAE1EF0CEF90C4A136823F0010343EA8E
S21401F920090313604FF48063144AB9F1000F04D041
S21401F9305366A2F580521367BFE713675366BCE7A9
S21401F940BDE8F08748160020C04F0020004000B8F0
S21401F950006000B8005000B8004001B8006001B86F
S21401F960005001B8000002B8002002B8001002B82A
S21401F970041C00030418000300C001B800E001B82D
S21401F98000D001B800C000B800D000B80D0A0A09BE
S21401F990090A0A090040005400600054005000544F
S21401F9A0E04F002000E000B8024B5868C0F3C000EA
S21401F9B0704700BF48160020024B186800F001008F
S21401F9C0704700BF48160020024B5868C0F3C0308D
S21401F9D0704700BF4816002010B50446FEF700FD2C
S21401F9E0FFF7A4FD2046FDF7BDF8FEF7A5FCFEF7E0
S21401F9F0ABF8FEF71DF9FFF7C9FB13490723134AB6
S21401FA00D1F8FC1004F1F800FFF71AFC4FF08071F2
S21401FA100020FEF7E7FB4FF000720D4B4FF400118C
S21401FA200120C3F80021FEF7DDFBFEF7D7FF20B962
S21401FA3040F292321421FBF7FDF819F0C0FCBDE844
S21401FA4010400120FDF766BF001F00B0581F00B030
S21401FA5000D001B88023074A1367082340B1136713
S21401FA60054AD2F8A03023F02003C2F8A030704730
S21401FA70024AF4E7001002B8001E00B0002002B8E7
S21401FA8010B51EF016F9012104460020FFF7E2FF2B
S21401FA90044B1961044B5B6898472046BDE810404B
S21401FAA01EF002B9000002B88C650020F8B5194CAA
S21401FAB00546207840F2E442B0FA80F03E21400943
S21401FAC0FBF7B8F855B9607840F2E442BDE8F84073
S21401FAD0B0FA80F03E214009FBF7ACB84FF440661F
S21401FAE00D4F0E4DD7F8B43040F2E442C3F38123F4
S21401FAF02370C5F8B46060783E21B0FA80F0400902
S21401FB00FBF798F8D7F8B830C3F381236370C5F8CC
S21401FB10B860F8BD0C5F0020004000B8006000B877
S21401FB20F8B5084C084D236F0423084F2B67236F45
S21401FB305B0300D4F8BD042602203E6719F0BCFB27
S21401FB402E67F4E7000002B8001002B8002002B8E1
S21401FB50A82238B51A4B1D6F03F500531A671022F9
S21401FB609A60A3F5804302F100521A675A66FFF7BE
S21401FB709BFC144B1B7813B90320FEF78BF800246B
S21401FB80114B9C67FFF7CCFF104A114BD2F8D81ED9
S21401FB900B40C2F8D83E04220E4B1A670E4BAA063B
S21401FBA0C3F8AC4008D503F58073DB6CB3F5817FF1
S21401FBB022BF8022024B1A61BDE83840FCF7C2BB67
S21401FBC0000002B80E5F002000C001B8001000B0AF
S21401FBD0DF0000FF002002B8001E00B010B549B9D2
S21401FBE030B3164AD3681B0E13F00E0F20D193685C
S21401FBF09A061DD4FFF786FC104C0020FEF72AFE5D
S21401FC00032801D0092805D1636FDB03F5D4E36D22
S21401FC100C2BF2D9FFF784FF4FF40072084BDA621F
S21401FC20012203F5E8335A61042203F580531A676B
S21401FC304FF4C062034BDA6210BD00BF000002B889
S21401FC40004000B8006001B808B503210920FEF79E
S21401FC505DFD2022014B1A6108BD00BF000002B8FD
S21401FC6038B505461EF025F80E4B04461868FDF714
S21401FC7045F835B1FFF7D8FC2046BDE838401EF000
S21401FC8013B8094B1B78002BF6D0084B1D78002DB6
S21401FC90F2D1FFF7C9FC2A464FF480400021FFF756
S21401FCA0ABFCE9E7E04F0020105F00200F5F00206B
S21401FCB02DE9F84F5C4B06460D4614461B6F002A8D
S21401FCC040F0AE8013F0A00F14BF4FF001094FF0C3
S21401FCD00009FCF737FBA0234FF0000ADFF8688124
S21401FCE00320C8F87030FDF7D5FF0420FDF7D2FFDA
S21401FCF04E4FFFF799FC4E4B4FF0040B7B67C7F84E
S21401FD0078A0FFF70DFF4B4B4FF48071D3F8A0207E
S21401FD10494842F02002C3F8A020FF22C8F8082074
S21401FD20414A1161D0F8D82E44491140C0F8D81E76
S21401FD30C8F870B0C3F8ACA07B6913F0060F04D006
S21401FD40FEF75CFA5846FDF7A5FFB9F1000F08D09B
S21401FD504FF400623A4B1A674FF40042A3F5E033C2
S21401FD609A6666B1374BDB6C180701D4FFF7CAFBFE
S21401FD70FFF76AFF0420FDF78DFFFFF795FB2A4B7F
S21401FD805A69D10747D5DA6812F0706FFBD12E4B4E
S21401FD902E4A1A672E4AD36B23F0F003D36315B1AC
S21401FDA02046FFF75DFF2B4BD3F84C315A1C01D090
S21401FDB05B0002D50122244B5A6164B3214BDA6EF3
S21401FDC003F500539A6603F5D0331B6A1E4A23F0E7
S21401FDD00103D361204BD3F80C1203F50053C3F88B
S21401FDE0081203F50053D3F8841003F500539967FE
S21401FDF01A4BD3F8EC1003F50053C3F8E010184B78
S21401FE00596C03F500539963164903F58033596617
S21401FE104FF6084313670020BDE8F84FFCF736BDE0
S21401FE204FF0000955E700BF000002B800C001B856
S21401FE3000000101001E00B0001000B0DF0000FF4E
S21401FE40001002B8004000B8002002B810003000D0
S21401FE50001F00B00080E00F004001B800400054D1
S21401FE6000C000B85000002F9B4B2DE9F04F9F6E4D
S21401FE70DB6E85B01F40994B9F66994BD3F8E050D7
S21401FE80D3F8EC301D40974BC3F8E050964BD3F8AF
S21401FE900822D3F80C3202EA0309944BC3F80892FD
S21401FEA003F52043DA691B6A02EA0308904B08F45B
S21401FEB07702DA618F4BD3F80422D20605D4D3F841
S21401FEC00431C3F30016DB0651D51DF0F2FE8A4B52
S21401FED05A695E6E1B6F12F0060F06EA0306874A22
S21401FEE026F0007314BF4FF0010A4FF0000A23F406
S21401FEF000637407536604D5814A137D0133DBB270
S21401FF0013751DF0D1FE002F00F0E28017F40043B8
S21401FF1000F0D3801DF0CDFE0146FFF7DFFA044660
S21401FF20784BD3F800B0DBF80020DBF800309A42BB
S21401FF30FBD0DBF800209A42FBD0FFF7CFFAA042B5
S21401FF4017D108461DF0B0FE6F4B1C606F4BD3F8FF
S21401FF5070B01BF4E0520ED124F07F4424F0DF048D
S21401FF600CB9FFF7F5FD4FF0807B002414E0B24694
S21401FF70C9E70446D7E70192FFF7EAFD5C4B019A11
S21401FF801BF480541A6740F09A801BF4806F0CBFF4
S21401FF904FF0805B4FF0806BB80715D55B4A54482D
S21401FFA0126F02F460410167002900F08B80110492
S21401FFB000F18B8012F4005F0CBF4FF000524FF03F
S21401FFC0006200244BEA020BC7F340377F00504A19
S21401FFD02A40002A4AD015F4206F0AD040F6A31210
S21401FFE006210020FAF726FE0020FFF739FE25F449
S21401FFF08025EB0506D5FF213D4A4BF4C06B916089
S214020000FFF780FA15F0090F0AD040F6B812082159
S2140200100020FAF70FFEFFF717FE0121304A1163A0
S21402002015F0106F0CD040F6C11209210020FAF725
S21402003001FEFFF709FE002211461046FCF736FEC7
S21402004015F4202F0AD040F6C91207210020FAF72D
S214020050F1FD0020FFF704FE25F48025E80301D514
S214020060FCF768FF002DB8BF47F0080769070DD5F3
S2140200701B4AD26A12F4005F4FF4005217BF1949A6
S2140200802449CA624BF4000B08BFCA626A0548BF1D
S2140200904BF0040B15F48023019300F0A480FCF7C8
S2140200A001FF0138062837D8DFE810F028012B01B7
S2140200B028012E013101340134019B4655E74FF0E9
S2140200C0804B52E74FF000727BE74FF0004278E732
S2140200D0BB463C467BE700BF004000B8006000B865
S2140200E00040005400600054004001B8006001B8AF
S2140200F0002002B800E100E000C001B800E001B84C
S214020100C44F00201CA50400BC4F0020000002B80B
S214020110090B0B890050005440F6FA120321002006
S214020120FAF788FD01218548826ED0F8883002F001
S2140201300702063201FA02F2C3F30C0CA2EB0C021F
S21402014092B2072A12D97E4A126F53020ED47D4B00
S214020150826B806D5B6D5BB102F0070206329140E6
S214020160C0F30C00091A89B2072901D84BF4007BA8
S214020170754A1278002A36D0704AD2F8E02012F475
S214020180A02F30D1714A724912789AB9F20411D46A
S2140201900A787AB14FEADB026E4842EA447282F08B
S2140201A00102D0F8D80E02F00102520020FA02F242
S2140201B0930718D10420FDF76DFD674A674850671C
S2140201C0FFF732FA62490A784AB9654A127832B1BA
S2140201D0644A654912680BEA02020A4201D14BF4EC
S2140201E0804B26F48056B9F1000F1DD019F4805FBB
S2140201F018BF4BF4802B19F4807F18BF4BF4002BEA
S21402020019F4005F18BF4BF0100B19F4007F18BFEB
S2140202104BF0200B19F4806F18BF4BF0400B19F40B
S214020220006F18BF4BF0800BB8F1000F48D018F4DF
S214020230001F0AD04D4A13683BB1414A4C48116F21
S21402024000680022C1F3C061984718F4802F18BFD7
S21402025044F4007418F4803F18BF4BF4805B18F423
S214020260801F18BF4BF4003B18F4800F18BF4BF0EA
S214020270020B18F4003F18BF4BF4801B18F4000F53
S21402028018BF44F0100418F4002F19D0394AD2F8D7
S214020290A02012F0C00F13D02949CA68C2F3036225
S2140202A0032A01D0072A05D14A6FD00602D48A6FE4
S2140202B0120732D54FF400212F4A28F40028D161C4
S2140202C0002E00F01B81330540F18F802B48DFF8AB
S2140202D08890C2782A49002A58D04FF40063013A1F
S2140202E0D2B24B66C27032B9264A1278C2B140F612
S2140202F00141254A51670022002173E04BF4803BFE
S21402030010E74BF4006B0DE74BF4806B0AE74BF4F7
S214020310807B07E74BF0080B04E74BF4001BCFE7A4
S214020320D9F8782012F4A05F15BF4FF4807240F619
S2140203300142C9F85820C9F87820DCE7004000548A
S214020340000002B8004000B8115F0020105F0020D5
S214020350135F0020001000B000C001B800000101C9
S214020360125F002048160020088D0100F44E00207F
S214020370E04F0020001E00B0002002B8025F0020FE
S21402038000E001B80E5F002000D001B80320FDF7A0
S21402039081FCD9F81420A84B12F0060F04BF41F6D0
S2140203A01F72A649A64808BF4A674FF40061A34ACF
S2140203B05166D9F8142012F0060208BFC9F8782050
S2140203C05A8A12F4006162D022F400625A820278DB
S2140203D002F0FF09002A5ED1FDF710FFFFF7B8FB17
S2140203E04A4620214BEA020B0C43B00009D52E20C8
S2140203F0FDF79EFB4FF00051904A44F00804116747
S2140204005166F10606D52B20FDF792FB10218B4A8A
S2140204101167516616F0306F05D1F20463D5BAF152
S214020420000F00F0C080330117D52920FDF780FBAE
S214020430844A526C12B11021834A9160FFF7B4FAD3
S21402044048B1824A82487D494A66026700F54050B2
S214020450C068400422D444F0040416F0007A28D07F
S2140204600420FDF717FC2720FDF762FBFFF770FB61
S2140204704FF00071714A5166764AD2F8D82E52066B
S21402048079D40221704A916044F0020428E002788E
S2140204904FF40052A6E74FF400422DE70A672020E9
S2140204A04A66FDF745FB2D2044F00C04FDF740FBA1
S2140204B0D3E716F0807FDFF88C9147D00420FDF753
S2140204C0E9FB2820FDF734FBD9F87820002A3AD138
S2140204D0FFF73EFB594A5D4944F001041167516635
S2140204E00021584A9165720508D55B498A78002A28
S2140204F000F0D880013A8A7000221743574AD2F891
S214020500A020130603D558462146FCF7C7F93A46FB
S21402051058462146FFF770F8019B0BB1FCF7F8FC32
S21402052001224F4B05F00435C3F8E0504D4B18F44A
S214020530002FC3F884211EBF4FF40022424BDA611B
S21402054005B0BDE8F08FC9F878A0C3E7F104C7D5B7
S2140205500420FDF79FFB444AC9F87420FDF74EFEBF
S214020560D9F8642012F0407FBAD12A20FDF7E0FACB
S214020570FFF7EEFA80E7394AD2F8A0108B0683D44A
S21402058002203A4988603A49096891F82510C80756
S2140205907FF57AAF92F8C420002A3FF475AF802127
S2140205A0344A116170E7344A1268013202D04BF0C5
S2140205B0010B98E728490A7952B1013AD2B20A7178
S2140205C012B9234A2D49516700224BEA020B8AE7E9
S2140205D00420FDF75FFB0320FDF75CFB194A224966
S2140205E051671DF066FB81460DF10F00FEF732F9EA
S2140205F0234A824612780AB1FEF784FFBAF1030F45
S2140206000ED1DFF870A00020FEF724F9032807D1E8
S214020610DAF87420D103F6D4DAF85C200C2AF2D980
S2140206209DF80F20032A2FD10121164A4846117041
S2140206301DF03AFBC8E700BFC44F002000E001B837
S2140206400E5F002000C001B8002002B81000002093
S21402065000D001B8001000B0025F0020001E00B0FB
S2140206600060005400E100E000000101001002B842
S214020670E04F0020000002B8946500200000010D43
S214020680145F0020105F0020094AD2F8E02012F41E
S214020690A02FC9D1FEF7C8FF48461DF005FB4FF450
S2140206A0804292E70220FDF7F5FA012225E700BF15
S2140206B0004000540122024B1A62DA61704700BF02
S2140206C0002002B80D4B10B5DC691A6A14400C4AB9
S2140206D024F47F01D161E20706D5D9684FF0FF30D6
S2140206E0C1F3036118F075FE630706D5BDE8104036
S2140206F0042200200021FEF77FBF10BD000002B8D2
S214020700002002B80C4A08B5936B526C13400B4A91
S2140207109363DB070FD50A4B40F663421878122123
S21402072000F00100FAF786FABDE808400022012030
S2140207300021FEF761BF08BD00C000B800E000B8A7
S21402074048160020054AD2F88430DB07FBD4936FA4
S214020750D2F884201340024A93677047008001B89B
S21402076000A001B870B514460D461DF0A2FA064B5D
S214020770D3F8A06074402C407440C3F8A0401DF02B
S21402078093FA06EA050070BD001E00B0034BD3F8CC
S214020790A03099430CBF012000207047001E00B015
S2140207A02DE9F04117460A43012A1D469DF81840D6
S2140207B09DF81C60DDF8208029D8B44227D2082E86
S2140207C025D8032B23D8B8F1000F20D00A460021E3
S2140207D0FBF71CFDFF21EB009940C943DFF834C04C
S2140207E008F1FF38FF00E2B2964202D80020BDE8C8
S2140207F0F0813D190CEB8505D5F8E02018F8010FBD
S2140208000A4098401043C5F8E0000134EBE7212087
S214020810EDE700BF001E00B0034B1868034B00282C
S21402082008BF1846704700BFDC4F00206CC60400A5
S2140208302DE9F843DFF860900646D9F800800846AE
S2140208401746B8F1000F03D00E242046BDE8F88301
S21402085006B3336801331DD1E1B1FAF70DF8054648
S2140208600028F1D0C9F80000FAF72CF8284618F04C
S214020870C4F8044640B14046C9F80080FAF722F8A8
S214020880284618F0B5F8E0E73560002FDDD0284698
S214020890B847DAE72124D8E7E04F0020024B186871
S2140208A0003818BF01207047E04F0020002108B52D
S2140208B0024B08465B689847002008BD8C650020FE
S2140208C00523064AA2F84A3092F8493003F001039B
S2140208D063F0730382F84930704700BF001F00B010
S2140208E00023F0B585B0CDE901330393124B134DC7
S2140208F01B78134E8DF804301DF0E8F92A78337809
S21402090004469A420F4F0CD03178386801AA2970F3
S21402091018F094FD50B140F608210B481DF0C8FAB5
S21402092004E0386818F06AFD0128EDD020461DF074
S214020930C8F905B0F0BD00BFAB680020E268002031
S214020940E3680020FC4F00203D7B0400F8B52B4BEB
S2140209501B7823B140F6FC3129481DF0A9FA1DF098
S214020960B5F9284B07461C8814F0060409D0012165
S2140209704FF480701CF05EF93846BDE8F8401DF072
S214020980A0B921464FF480701CF054F9204600F0BE
S214020990ABFF022808D180221B4B8021186818F072
S2140209A0F6F8FFF79DFFE7E7204600F09DFF0546B5
S2140209B038B1012807D040F6314111481DF078FAC7
S2140209C0DAE70246E8E7FF220F4E104B30681A704D
S2140209D0FFF76CFF306818F011FD0128CCD02A46CC
S2140209E02946306818F00CFD21462C201CF04EF9E2
S2140209F021460A201CF04AF9BEE700BF1A5F002013
S214020A003D7B0400CA570020FC4F0020E26800200D
S214020A10002101481CF054BF0C6600207F2837B521
S214020A20044610D14FF6FF73022217480DF1060155
S214020A30ADF80630EBF722F9BDF80640E2054CBFEA
S214020A406FF04A0464B21DF041F9104B05461C7063
S214020A500F4B1B88DB0710D50E4B1B78002B0E4B5B
S214020A600CBF21466FF07F01186818F0B5F820B168
S214020A7040F6786109481DF01BFA284603B0BDE827
S214020A8030401DF01EB900BF641002C0DA680020B4
S214020A90CA5700201B5F0020FC4F00203D7B04004D
S214020AA010B513F08CFC60B113F08BFC0B4A80B1CE
S214020AB041F20D03BDE8104041F20D0107481CF05B
S214020AC00BBA074B1A781B799A4204D100220023EC
S214020AD0F0E70D23EEE7034AF9E700BF400D0300F7
S214020AE0AB680020488D0100F8B5164E0D463378E7
S214020AF002F0010423B140F2C53113481DF0D8F9C3
S214020B00124B134F1D60134DA4B1134B997801B1CC
S214020B10012120201CF08EF82B783B700F4B1C789E
S214020B200F4B00211C70042333700E48BDE8F840BA
S214020B301CF0C6BE214620201CF07CF82B783B70A9
S214020B40EEE700BF1A5F00203D7B0400EC4F00205A
S214020B50175F0020E4680020F04F0020185F002096
S214020B60195F00200C6600202DE9F8431DF0AEF850
S214020B70DFF8A0810546B8F80030614C13F4807F98
S214020B8003D0237873BBFFF7E1FE002108461CF072
S214020B907DF85C4B1A78FF2A13D01A7802F0FF060B
S214020BA032BBFF221A702378052B0AD1002328466F
S214020BB023701DF086F8304618F0D0FC1DF086F83B
S214020BC005462378504E062B09D13378FF2B06D0E4
S214020BD03378022B15D100214C481CF071FEFF23FE
S214020BE033702BE000214FF480701CF023F8CCE722
S214020BF01A78012A4FF0FF0214BF33264C261A70C9
S214020C00D4E7337813B13378012B22D11CF0B2F833
S214020C1007463E4896F8009001F0DCFBFF235FFA99
S214020C2089F9337077B1B9F1010F44D1642137489D
S214020C3084F800901CF044FEFFF752FE28461DF092
S214020C4040F806E0284627701DF03BF8384618F0B4
S214020C5085FCB8F800301B0605D5002180201BF065
S214020C60E9FF16F06FFF01F0F1FA294E308000B36B
S214020C702778012F42D11CF037FD054610B301300C
S214020C801DF0F4F900F44060B0F5006F1AD10422AA
S214020C90394628461CF068FC28441DF0E7F94FF652
S214020CA0FF7398420ED10020318800F0FFFC00232B
S214020CB03380BDE8F8830023284623701DF001F830
S214020CC03F20C4E7114801F085FB00210846217049
S214020CD0012500F09DFC23780BB9FFF737FE0020B4
S214020CE0318800F0E3FC00233380002DE1D0207829
S214020CF00028DED1BDE8F84318F07BBD0025EAE700
S214020D001A5F0020E1680020E06800200C660020E0
S214020D10C8570020CA57002008B513460A46194687
S214020D20064B186817F0E5FF30B1BDE8084040F200
S214020D30F44103481DF0BCB808BD00BFFC4F0020BC
S214020D403D7B040008B513460A461946064B18684A
S214020D5017F0C9FF30B1BDE8084040F2FB41034836
S214020D601DF0A6B808BD00BFFC4F00203D7B040066
S214020D70024B1878431E5842584170471A5F0020AB
S214020D8008B5064B1B7823B140F2255104481DF0E6
S214020D908FF8FFF7DBFD002008BD00BF1A5F0020BA
S214020DA03D7B040008B5054B01EB8101186849003C
S214020DB017F014FF002818BF212008BDFC4F0020A2
S214020DC008B5044B1868F9F70FFF0A2390FBF3F0F7
S214020DD040B208BDFC4F0020014B1878704700BF98
S214020DE0E368002008B5044B186817F062FEB0FAF4
S214020DF080F0400908BD00BFFC4F002038B5124DF8
S214020E000C462B78012B04D940F246510F481DF0B0
S214020E104FF821460020FFF7E5FF90B10C4B1C70FF
S214020E202B785BB9FFF792FD0A4B93F900100A4B39
S214020E30C901186817F0A6FE002038BDFFF750FD5E
S214020E40F2E72120F9E700BF1A5F00203D7B04008D
S214020E50E36800201C5F0020FC4F002008B5074B0B
S214020E60186817F024FE30B1054BB3FBF0F083B2DE
S214020E700BB1184608BD0120FCE700BFFC4F00205E
S214020E8040420F002DE9F3475C4E01201DF00DF89D
S214020E903388990704D440F63F4159481DF008F8B4
S214020EA0DFF8808198F80030053B012B04D940F624
S214020EB0414153481CF0FCFF524F3B6823B940F6B1
S214020EC044414F481CF0F4FF348814F0200478D0D4
S214020ED0012122201BF0DAFE4FF47A74FFF7BEFFE0
S214020EE03B681B780933434304EBC30498F800308D
S214020EF0A5B2062B0BD11CF005FB0446FFF7AEFF8E
S214020F00602358430C2303FB0400284485B2D7F819
S214020F1000903D4B99F800801C7808F1FF381FFAC4
S214020F2088F8002C52D133885A0505D409F10100FD
S214020F301DF09CF8C0F340143449354A887812787C
S214020F404B7812FB00F2334F93423B70A4BF9B1ABE
S214020F503B703B78CA78BD60934238BF13463B70FD
S214020F6013F035FA002833D013F02FFA012814BFF5
S214020F701025082525430023DFF8ACA00093802225
S214020F8043464946DAF8000017F05AFE20B14FF4FD
S214020F903B611B481CF08CFF1F4BDAF800001978E7
S214020FA01E4B197033889B0614D52A461C4B009795
S214020FB018F042FAC0B9002002B0BDE8F0471CF0B3
S214020FC074BF214622201BF061FE87E70024B3E7A8
S214020FD02546D0E72A460F4B18F02CFA014618B9D8
S214020FE025201BF053FEE6E7214626201BF04EFE88
S214020FF040F6F43102481CF05BFFDCE7CA570020DB
S2140210003D7B0400EC4F00201D5F0020AB680020F3
S214021010175F0020BC650020E3680020E26800201D
S214021020F04F00201A5F0020FC4F0020184B10B52E
S2140210301B889B0704D440F6A66116481CF038FFAE
S214021040154B1B78053B012B04D940F6A7611148C6
S2140210501CF02EFF114B1B6823B940F6A9610D4800
S2140210601CF026FF00240E4B0E4921201C701BF09C
S2140210700DFE014618B9BDE81040FFF703BF02286F
S21402108004D12046BDE810401BF096BE10BD00BF3E
S214021090CA5700203D7B04001A5F0020EC4F002058
S2140210A0155F002045120200F8B55A4C23889A07AD
S2140210B004D54FF43E7158481CF0FAFE574801F02A
S2140210C089F91CF003FE238805465B070DD54FF011
S2140210D0FF3017F0FCFD524B1B68C01AB0F5717F4B
S2140210E003D9002104201BF0A5FD28464D4D1CF017
S2140210F0E8FD2B78042B32D11CF0E8FD2388064647
S2140211005F0708D5454800211CF0DAFB3046BDE8EB
S214021110F8401CF0D6BD1CF0D4FD1CF0D7FD424BA7
S21402112006461B78414F13B9238859050FD5052368
S214021130012102202B701BF07DFDFFF777FF304662
S2140211401CF0BFFD3B68DA78394B1A70F8BD386878
S21402115001301CF08BFF8206E9D50623E8E7062B52
S2140211604DD1344B1B78FF2BF0D1334E13F031F9AF
S2140211703378002B3DD01CF0A9FD238805465B077B
S21402118005D5264800211CF09BFB2846BFE71CF02D
S21402119098FD3378013B33701CF098FD044601211C
S2140211A002201BF047FDFFF741FF20461F4C1CF0B4
S2140211B088FD206801301CF059FF00F44060B0F54D
S2140211C0006F13D124680121042220461CF0CCF9BA
S2140211D020441CF04BFF0146184B04201A78337843
S2140211E0D21AD2B2BDE8F8401CF009BF4FF6FF7122
S2140211F0F2E740202B70BDE8F84018F0AFB9012B9B
S214021200A4D100232B700E4B1868FFF74FFB3F202C
S214021210F1E700BFCA5700203D7B04000C660020A1
S214021220E84F00201A5F00201D5F0020EC4F0020D0
S214021230165F0020E0680020175F0020E4680020A8
S214021240FC4F002008B50A4B1A7882B901221028F2
S2140212501A7004D040F69D6106481CF029FE002153
S21402126020201BF0E7FCBDE80840FFF70BBE08BDD8
S214021270155F00203D7B040008B5094B1B88DB0682
S21402128004D440F2C35107481CF012FE102000217D
S2140212901BF0D0FC044B1868BDE8084018F0C3B831
S2140212A0CA5700203D7B0400FC4F0020012208B5EF
S2140212B0074B1146186818F0A3F800212C201BF0E3
S2140212C0E5FCBDE8084000210A201BF0DFBC00BF99
S2140212D0FC4F0020014B4008185C7047DC68002079
S2140212E008B513460A461946064B186817F007FD56
S2140212F030B1BDE8084040F6E94103481CF0D8BDCD
S21402130008BD00BFFC4F00203D7B040008B5044B1F
S214021310186818F073F8013818BF012008BD00BF1E
S214021320FC4F0020054B10B54C00224601461868BB
S21402133017F042FC031B5842584110BDFC4F0020D8
S21402134070B505461CF0C2FC0E4B0F4E1B880446B9
S214021350DA07357008D50D4B0D4D1B78012B08D9D1
S2140213600121286818F0F4F82046BDE870401CF009
S214021370A8BC1BB113F021F8C305F1D4317881F073
S2140213800101EEE7CA570020DB6800201B5F002041
S214021390FC4F00200C4B10B51B880446DB0711D50A
S2140213A0FFF77EFB094B84F0010208211868D20081
S2140213B017F0EDFB30B1BDE8104040F63671044838
S2140213C01CF076BD10BD00BFCA570020FC4F00209F
S2140213D03D7B040008B5044B0146186817F09AFCDA
S2140213E0003818BF012008BDFC4F002010B50A4C7B
S2140213F023787BB1FFF75AFF002104201BF01AFC6A
S214021400002102201BF016FC00232370BDE81040CA
S214021410FFF79CBA10BD00BF1A5F002038B5094816
S21402142000F0E8FC0024084D95F84430E0B2834210
S21402143000D838BD05EBC000043000F0DBFC0134F8
S214021440F2E700BFA05000200050002008B510466A
S21402145002494822F8F70EFF002008BD5850002027
S21402146008B505481CF094FE014620B9BDE80840C0
S21402147001481CF025BA08BD2C660020002238B5AB
S2140214801C4B15461C461A700132082A5D609D8068
S21402149043F8085FF8D1482200211748F8F75AFDAA
S2140214A04FF6FE73A4F868306FF48033E365134B8F
S2140214B000211A88124B1868F8F74CFD114BC4E944
S2140214C01255C4E9283584F8445084F850506565AE
S2140214D084F8A850E9F73CFFFF220B4B0121187055
S2140214E00A4B00201A70E3F7CFFA0020FFF7B8FF86
S2140214F0002038BD00500020585000204E680020C2
S214021500EC6400200000FFFF1E5F0020735F0020D7
S21402151010B5AC24084B04FB0030836C53B990F82A
S21402152050403CB931B1C0E912122046FFF798FF8D
S214021530204610BD2120FCE700500020AC2370B5E9
S21402154003FB00F5094E731993F850405CB9204628
S21402155010F0AAFC735D204643F002037355FFF7B2
S2140215607FFF204670BD0120FCE700BF0050002030
S214021570AC235843024A135C23F003031354704708
S2140215800050002070B516461F4A04461278C2BBA9
S214021590AC211E4D01FB00518A6C92BB91F8502083
S2140215A03AB1022B2DD191F84410072907D91C20F5
S2140215B026E091F844100729F9D8012B08D0AC2070
S2140215C000FB0450CA00011D0C30F8F715FD00217F
S2140215D0AC2303FB04F000249DF8143000EBC10199
S2140215E02944CB71049B8E808B602B1893F8442081
S2140215F0204601328C7183F84420FFF731FF2046E3
S21402160070BD0120FCE700BF1D5F002000500020D7
S214021610F8B5234B04461B780F46002B3ED1AC236D
S214021620204D03FB0053B3F8A03023B940F24531F6
S2140216301D481CF03DFCAC2202FB0452D2F8A4600A
S21402164036B192F8A33039460020B2F8A020B0474F
S214021650AC2300216343EA18A2F8A010C2F8A41033
S214021660482192F8A82001FB02322A44D2F8982098
S214021670964213D0EB5C9B070CD5AC226243AB5C64
S214021680204623F0020343F00103AB54BDE8F840C2
S214021690FFF7E6BE10F02AFC0028EED1F8BD00BF28
S2140216A01D5F002000500020947B04002DE9F04FBF
S2140216B089B0059008460D461CF016F8044618B97F
S2140216C0212009B0BDE8F08F28461CF029F8C0B2E8
S2140216D00838215C221892F802A00491D178526848
S2140216E0277803920022B4F80130ADF81E20434A50
S2140216F0029192F800B0BBF1000F08D0404B1B6875
S2140217001BB120464FFA8AF298470020D9E703F029
S2140217100703022B70D001340922594620461BF0DB
S21402172023FF023F3F1A3B0606465FFA87F8C7D4F6
S214021730344FD7F89090B9F1000F27D100210DF160
S2140217401E0B434622460846CDF800B010F0E4FAD7
S214021750C3B20546002B4BD1BDF81E0017F042FF60
S214021760E0B9BDF81E0018F039F88146BDF81E0033
S21402177017F038FFF0B906EB080201232146584657
S21402178092B200F07BFDD0B119209AE75B465A462A
S21402179001212846C8470028D0D191E7D7F89430CF
S2140217A0BDF81E00002BDCD0A11998470028D8D11E
S2140217B0022086E742464846A119F8F75BFDBDF8C7
S2140217C01E001BF091FF029B059A0372049B80F891
S2140217D009A08372039B1BBAC360AC2303FB02738C
S2140217E093F85020BDF81E0022B1DB6C03B1984777
S2140217F0E8B266E7BB6FF9E7012062E71D5F0020EB
S214021800E44F0020005000202DE9F84308460F461A
S214021810164602F1010917F0E6FF8046384617F031
S214021820DAFE042856D1384617F0F9FE48F6610566
S2140218304FF6FF7248F64103294C904208BF1D46F8
S214021840B4F85C10301D1CF013FC384617F0E7FEA7
S2140218500146B01D1CF00CFCB4F85E1006F1080040
S2140218601CF006FC06F10A0438460DF067FF10B1BC
S21402187045F01005ADB2294648461CF0F9FB38463D
S21402188017F0ACFF424601462046F8F7F3FC38460E
S21402189001211BF061FF4444074660B11BF040FF84
S2140218A0054638461BF020FFEDB201462A46204682
S2140218B0F8F7E0FC2C440B4AA41B13780134591C9D
S2140218C01170F37034703046BDE8F84309220121E6
S2140218D01BF04ABE48461CF0C9FB4C460546C3E709
S2140218E0005000201E5F0020AC2210B54824504352
S2140218F0094B1A1892F8A81004FB0100034493F847
S2140219007700022806D092F850301BB9032818BF79
S214021910012010BD0020FCE70050002070B508B181
S214021920012070BD234C94F8A850002DF8D129460A
S214021930B4F85C20FFF706FA29462846B4F85E207B
S214021940FFF7EAF92946284604F16002FFF7C8FCC9
S21402195094F87730002BE3D0284694F85860FFF7C7
S2140219603BFA864215D1002094F95A50FFF728FA1E
S214021970854216D10020FFF7B7FF044600201BF071
S214021980A9FD0028CDD02146BDE870400020FFF713
S214021990F7B9284694F85810FFF730FA0028E2D034
S2140219A0BFE7002094F95A10FFF7FCF90028E1D0AF
S2140219B0B7E700BF005000200346AC2010B514461F
S2140219C0164A00FB032292F8770002280CD1E07F29
S2140219D0022809D141B112490978012913D992F88E
S2140219E05810227891420ED118462178FFF7FAF95C
S2140219F090B1482221460B48F8F73CFC00201BF029
S214021A0069FD08B9002010BD044B93F8A800002811
S214021A10F8D1FFF783FFF5E72120F4E70050002016
S214021A20B16800205850002038B5AC230D4C05464E
S214021A3003FB004300205A6DD86483F8500012B1AD
S214021A405865FFF719FCF5F74BFBFF281EBFAC23C2
S214021A5003FB054484F8A8000020FFF75FFF002080
S214021A6038BD00BF005000207FB51D4C94F8A8304A
S214021A7023B1002084F8A800FFF750FF94F85A30EC
S214021A80B4F8A0608DF80F3026B940F2FD21154853
S214021A901CF00EFA144B31461D6800202A46FFF74A
S214021AA0B3FEE46F02469CB10DF10F0301930023CF
S214021AB0294630460093A04702462C7854B9204661
S214021AC02146FFF7A5FD2046FFF7CAFC04B070BD0D
S214021AD00122F2E729460020FFF706F8F6E700BFE4
S214021AE000500020947B0400EC64002038B5494B7B
S214021AF01C78002C58D1484800F06CFC20461BF09D
S214021B00E9FC002850D0454C2378D90733D594F801
S214021B1050201AB123F00303237045E023F001039B
S214021B20237010F0CBF9237805469A0701D510F0FA
S214021B30BBF9294600200FF053FF40B92378284608
S214021B4043F001032370BDE8384010F0ADB900231E
S214021B50482284F8A33094F8A83084F8A25002FBF6
S214021B600343D3F89830A4F8A000C4F8A430BDE824
S214021B703840FFF779BF94F84400B0B104F1A003EF
S214021B80251D95E8030083E80300FFF76DFF94F830
S214021B9044202846D20004F10C01F8F72DFA94F8F6
S214021BA04430013B84F8443038BDA26C62B99B07CE
S214021BB011D52378002023F0020343F0010323709B
S214021BC0BDE83840FFF74CBC0123A06484F85030CF
S214021BD0904723789EE710F089F90028E9D194F817
S214021BE0A83073B1F5F77CFA94F85030002BDBD1AD
S214021BF0FF2818BF84F8A800BDE838400020FFF789
S214021C008DBED4F88C30002BECD098470028CBD170
S214021C10E8E700BF1D5F00202C6600200050002071
S214021C2070B5044600201BF055FCAC235C430B4EFB
S214021C30351995F850300BB1002070BD0028FBD046
S214021C4007481CF0A5FA0028F6D1335D002BF3D125
S214021C5095F84400B0FA80F04009EEE70050002004
S214021C602C66002010B5084A034617F0CAFD146811
S214021C704FF6FF7203EB40039C42184603D90188D5
S214021C8002339142F8D010BDBC5000202DE9F04737
S214021C90204F05463B88A3B3B0F90230002B30DB59
S214021CA0DFF87C801C49D8F80000F8F7A9FB20B9B9
S214021CB04FF4EA7119481CF0FBF80026DFF85CA026
S214021CC0DFF860903A88B3B29A4204D84FF4EB71C8
S214021CD050461CF0EDF8D9F80030B2B253F8320094
S214021CE0D8F8001003EBC20468B943F83210A38890
S214021CF028460133A38017F084FDE38803EB4003F4
S214021D00E380BDE8F087F8F77BFB01360028D9D1DF
S214021D10EDE700BFCC570020617B04006B7B04001C
S214021D204C660020B050002038B5094C094D226898
S214021D302B689A4204D94FF4877107481CF0B8F80A
S214021D4028682368C01A20F0010080B238BD00BFA0
S214021D50BC500020C45000206B7B040038B5124CE7
S214021D60124D21462846F5F741F823680BB12B6839
S214021D701BB9DE210E481CF09BF82A680D4B0E4953
S214021D801A60236823F0010313440B600B4B1A609E
S214021D902AB9BDE83840F82105481CF089B8FFF793
S214021DA0C3FF6428F5D938BDB4500020B8500020CF
S214021DB06B7B0400C0500020C4500020BC500020A2
S214021DC038B5094C094D22682B689A4204D34FF461
S214021DD08A7107481CF06CF828682368C01A20F03D
S214021DE0010080B238BD00BFC0500020C4500020A1
S214021DF06B7B04002DE9F0411D4B04461B78012B3A
S214021E0024D100881BF052FC0546D8B10426DFF820
S214021E1064802C461BF05AFF07462046FFF736FF23
S214021E20638843EA08036380A05B1BF03FFC04461A
S214021E3038461BF046FF1CB1B4F90230002BE9DA33
S214021E40062E01D1BDE8F0810626E2E7022BF9D183
S214021E501BF03CFF024620881BF028FC18B10388C2
S214021E60C3F30E0323801046BDE8F0411BF029BFE2
S214021E701F5F00200080FFFF2DE9F04F0024BA4BC1
S214021E8097B006461C801BF021FF0123DFF8EC8288
S214021E90B64F3B70B8F80030A8F80040ADF81630E0
S214021EA0B34B1B6801931BF00CFFB24B21461A88FA
S214021EB0B14BD2001868F8F74DF80DF11600FFF78F
S214021EC099FF002E3CD1DFF8B8924FF0000B0125A7
S214021ED0D9F80040019B9C4239D3BBF1000F39D19F
S214021EE0002DF2D0D9F80040DFF898A22546224607
S214021EF0019B9A4273D302230DF116003B70FFF743
S214021F0079FF002E40F08F80D9F800603246AA4250
S214021F1080F0A28090881BF0C9FB18B10388C3F337
S214021F200E039380D0881BF0C1FB18B10388C3F35D
S214021F300E03D3801046FFF795FE0246E7E7984762
S214021F40E3B256F823300134002BF8D1BBE7BBF1DD
S214021F50000F3ED00BF1FF335FFA83FB16AB03EBA9
S214021F608B0252F8402CB2F9020051880028B1DAEE
S214021F704B04AFD4924641F48040931D2AF8020FD8
S214021F8002933AF8020F1BF091FBF0B1B0F902E0AF
S214021F90B0F802C0BEF1000F17DB6FEA4C4C6FEAD6
S214021FA05C4CA0F802C00390FFF770FEBBF10F0F67
S214021FB08FBF002516AB039A03EB8B009EBF0BF177
S214021FC0010340F8402C5FFA83FB029B9A45D8D166
S214021FD080E72046FFF746FE22460446C3E7104641
S214021FE017F00FFC8346B2F90200118800280AEAAD
S214021FF0010108DA20461BF04FFB084381B204EBCE
S2140220004B0402EB4B0510461180FFF72BFE0246EF
S2140220106EE798475FFA8AF356F823300AF1010A08
S214022020002BF6D170E74FF0000AF3E73046FFF7D1
S21402203019FE82467EB1B6F902307188002B0ADAA2
S2140220403088C0F30E001BF031FB864203462DD1CA
S214022050C1F30D0171805646AE42E7D3DFF81CA1EC
S2140220601BF034FE00210646504617F02DFC1BF0EE
S2140220701DFB0546002800F0878030461BF021FE37
S214022080284617F0BEFB064620461BF005FB814697
S2140220907600324629462046F7F7AEFF002249462A
S2140220A00DF116001CF04CF83444D9E71BD9304623
S2140220B017F0A7FBC1F30D014200718018463146A6
S2140220C092B2F7F799FFC6E75046FFF7CBFDD14627
S2140220D0854203D9B0F90230002B01DA824603E0CA
S2140220E0FFF7C0FDF4E7B146554507D9BAF8000038
S2140220F0C0F30E001BF0DAFA8245E5D3B9F1000F01
S21402210030D0B9F80000C0F30E001BF0CFFA034639
S21402211038B93346CB46994513D8B1459BD0D946F4
S214022120ECE7484617F06DFBB9F802204946C2F3C1
S2140221300D02A9F80220420092B21846F7F75CFF99
S214022140E7E718460193FFF78DFD019B9B46854204
S21402215003D9B0F90230002B01DA0346DBE7FFF7BA
S21402216081FDF4E7CB46DAE7CE5700201F5F00205A
S214022170BC500020CC570020B0500020D057002082
S214022180C05000200080FFFFBDF816303870A8F857
S2140221900030044B30461C601BF093FD17B0BDE8C0
S2140221A0F08F00BFBC5000202DE9F04105461BF021
S2140221B07DFA0F460446D8B11BF0ACFF20B940F2B8
S2140221C0FB4120481BF074FE28461BF0A9FA054680
S2140221D02046FFF747FDBD42064609D004D840F226
S2140221E0035118481BF064FE2588ED0B02D02781A8
S2140221F0BDE8F0816780204617F003FB074604EB34
S21402220040081BF063FD104B1A68B2420AD1C3F8AD
S21402221000801BF056FD2A464046BDE8F041FF21ED
S214022220F7F798BEA6EB0806B5B21BF04AFD072DD7
S214022230F1D90023083D44F81730C8F80430A8F84E
S2140222400250D5E76B7B0400BC50002038B51BF06B
S2140222503DFD00210546044817F036FB0446284695
S2140222601BF02FFD204638BDD0570020024B1888A1
S214022270B0FA80F040097047D05700202DE9F74F9A
S214022280044600881F461BF011FA88461546064685
S2140222901BF040FF20B940F2FE613F481BF008FEEB
S2140222A03388DB0B009306D033892B44338100201E
S2140222B003B0BDE8F08F20881BF032FA8246304623
S2140222C0FFF7D0FC01901BF001FDDFF8D0B0019BB8
S2140222D0DBF8002081469A421DD1FFF725FDA84271
S2140222E004D248461BF0EDFC1A20E1E70AEB050390
S2140222F073803FB120881BF0F7F92A4641465044C6
S214022300F7F7B8FF3046FFF7ADFCCBF800004846BB
S2140223101BF0D7FCCBE71BF0D4FC20881BF000FA9E
S2140223202844009980B21BF053FA06460028DBD0F8
S2140223301BF0DAF9814620881BF0D6F982462088FF
S2140223401BF0EEF9514602464846F7F793FF304631
S214022350AFB11BF0C9F9074620881BF0E1F92A46FF
S21402236041463844F7F786FF012120881BF0F4F92E
S2140223700121024630461BF003FA268097E71BF03F
S214022380B3F9804620881BF0CBF92A4639464044EA
S214022390F7F7E0FDE8E700BF6B7B0400BC500020C7
S2140223A0342101481BF084BD7F7B0400036910B50D
S2140223B05BB18268064B9A4201D1002010BD446987
S2140223C01BF06FFD201AF9D5F7E74FF0FF30F5E75F
S2140223D0A123020082681C4B70B59A420446056827
S2140223E019D11BF073FC236923B1A34206D1002244
S2140223F02A601A61BDE870401BF063BC1A4611469B
S2140224001269A242FBD12A68A24208BF29600B6168
S21402241000232361EEE7036993B198426E6803D105
S2140224209D210A481BF044FD2B46B44209D122697D
S2140224309D4218BF1A614FF0000308BF6A6023610D
S21402244070BD33463669F0E7A12302007F7B0400A5
S2140224502DE9F047074600254FF0010A154EDFF832
S21402246058808AB0347914B90AB0BDE8F087D6F835
S214022470009087B900972A46B8F80010234603A8AA
S2140224801BF0F5FE2246484603A9E9F723FC25443D
S214022490EDB20836E6E7224603A94846E9F7EEFB20
S2140224A0CDF800A023462A46B8F8001003A81BF071
S2140224B0DEFEECE798C60400D25700200148FFF77C
S2140224C099BC00BFD25700209C46174BF7B505466D
S2140224D008461988164611B1144B1C78CCB1014631
S2140224E062463046BDB103B0BDE8F040E9F7C6BB70
S2140224F01C44E4B208373B79002BF0D03A68964287
S214022500F6D185F00105224600951BF0B0FE03B019
S214022510F0BD074FEFE7E9F7DDFBB0B203B0BDE869
S214022520F04015F013BB00BFD2570020E56800202C
S21402253098C6040010B5074C238843B10020FFF765
S21402254087FF0020FF22044B20801A7010BD022055
S214022550FCE700BFD2570020E5680020142810B51B
S21402256018D8082805D115F06AFBC401E4B2204643
S21402257010BD0E2802D115F065FBF6E7064B53F8A0
S2140225802040002CF3D00A282478F0D107F0C2FBB2
S2140225900443EBE7FF24EAE7E8C60400014BB3F87E
S2140225A06800704700500020004870476A500020BC
S2140225B0014B1878704700BF965E0020014B1878D2
S2140225C0704700BF995E0020014B1870704700BF2D
S2140225D0995E0020204B022810B5204C187002D0BD
S2140225E00438012822D82378042B0BD000211C485B
S2140225F01BF066F92378033B012B03D90021194807
S2140226001BF05EF9184B1B689A0022D513F0805F08
S21402261040F6114418BF4FF44164204615F0C4FE3C
S214022620C8B92046BDE8104015F08EBA0C48FFF730
S214022630D1FE0C48FFF7CEFE17F0BFFB2378033B14
S214022640012B03D815F0AAFE1624E6E70DF0BAFF12
S214022650FAE71524E1E710BD9D5E00209E5E00208D
S21402266070660020EC41002080420020024B187861
S21402267000F00F00704700BF9D5E0020034B1878E5
S21402268000F00F00831E5842584170479D5E00209E
S21402269008B517F07DFBC0B117F093FBA8B10FF099
S2140226A01BFD90B90A4817F0C6F870B1094817F032
S2140226B0C2F850B115F0CBFA38B115F077FE20B952
S2140226C0BDE80840044817F079B9002008BD00BFED
S2140226D0D457002008580020C850002030B50546C0
S2140226E00C4693B081B910B9002013B030BD102348
S2140226F0214A69460120FFF7E7FE9DF805305A1E7B
S214022700052A28D91720F0E7182200212046F7F7D5
S21402271021FC002DEBD1FFF7B1FF30B315F03FF9E6
S2140227206A4601460020FEF791FEBDF804302046B8
S21402273023819DF80230A3729DF80030E37217F0F1
S21402274005FD002304F11401237304F1100004F0C4
S214022750F7FDE081C8E7094A9DF804101278914215
S214022760D0D12B70002CD6D1BEE7054B1B78033B8D
S214022770022BD3D9C6E700BF64EE0100B86800207A
S2140227809D5E002030B593B005460C46FFF776FFF7
S21402279020B90C4B1B78033B022B10D815F0FFF820
S2140227A06A4601462846FEF751FE00209DF8023092
S2140227B0607023709DF80030A37013B030BD1720F0
S2140227C0FBE700BF9D5E0020054B1878012805D068
S2140227D000F0FD00A0F1310358425841704700BF97
S2140227E09D5E00202DE9F3410E46002105461BF0B2
S2140227F0A1FC0023124FADF806002B800DF1060057
S21402280017F019F8044610B102B0BDE8F08121466F
S2140228100DF1060017F058F880461AF065FF438A55
S214022820B34207D99B1B43822246414628461BF0E9
S21402283087FCE3E743895B07E0D53B88F3E700BF05
S2140228405068002008B50A48FFF7C4FD09484FF44F
S2140228507A71FFF7C7FF074816F0EDFF30B9BDE8FB
S21402286008404FF47A7102481BF02AB808BD00BF30
S214022870506600205E6800201FB50146002201A8AF
S2140228801BF0EEF8064801A91BF0B7FC20B11AF0BF
S2140228902BFF4089C0F3400005B05DF804FB00BF83
S2140228A05E68002030B585B00D460022014601A8BC
S2140228B01BF0D6F8084801A91BF09FFC50B11AF08D
S2140228C013FF0446014608222846F7F795FB60895F
S2140228D0C0F3400005B030BD5E68002010B5044C61
S2140228E0204616F0DFFF6388181A80B210BD00BFBC
S2140228F05E680020F8B50546F8B100210F481BF0C7
S21402290019FC0446A8B10D4F20461AF0EDFE064605
S2140229101BF092F8830705D4082229463046F7F7BB
S21402292065FE38B1214638461BF028FC04460028CE
S214022930EAD10024201E18BF0120F8BD5E680020E0
S21402294010B50C46014606481BF057FC30B11AF08B
S214022950CBFE43891C4214BF0120002010BD00BFDD
S2140229605E6800201FB51446024601A81BF078F8E0
S214022970074801A91BF041FC40B134B11AF0B4FE7D
S214022980142201462046F7F737FB012004B010BD9B
S2140229905E6800201FB50146002201A81BF060F801
S2140229A0094801A91BF029FC58B11AF09DFE43897B
S2140229B0024613F0020004D0507B80F00800C0F3F9
S2140229C0C00005B05DF804FB5E68002001460148C1
S2140229D017F08EB85E680020F8B504460E4614203E
S2140229E000211AF0F5FE0546204616F05BFF6388C6
S2140229F0834225D925B33146204617F079F808BB1D
S214022A0028461AF071FE07460A223146F7F7F4FA0C
S214022A10082206F10A0107F10A00F7F7EDFA0A4B57
S214022A201B887B82238823B94FF47A7107481AF0F1
S214022A3047FF2046002229461BF082FB0020F8BDF5
S214022A401C20FCE72E20FAE7506800205066002083
S214022A5010B5044686B0B0B11AF0EEFF10F00200D0
S214022A6011D1CDF80E006168CDF81200ADF816004F
S214022A70206801AB03C32289044801A91A80FFF724
S214022A80ABFF06B010BD2120FBE700BF5E6800204A
S214022A90F8B50D4616461F46044648B31AF0CCFF54
S214022AA030BB2046FFF792FFE0B1214611481BF0EB
S214022AB0A4FB1AF019FE438905734673877343F025
S214022AC0020321894381204601F0F2F9FF280446D9
S214022AD006D001F0F3F818B10022074B43F8242081
S214022AE0002004E02046FFF7B3FF0028DDD0F8BD43
S214022AF02120FCE75E680020BC3F0020F7B59DF869
S214022B0024400D4601949DF82040064600941F4638
S214022B100DF076FC4FF6FF718842044610D0BB07D4
S214022B2011D4284600F0CCFF20461AF0FDFFFF28FD
S214022B301FBF084A32F8103023F4804322F81030C0
S214022B40204603B0F0BD02462946304616F0D7FFAF
S214022B50EAE700BF9857002073B50E4601461448B0
S214022B601BF04BFB0546D8B11AF0BEFD438904465E
S214022B70334012D09B0736B20BD5002E09DAA17B62
S214022B80437B0289007B0191012100912146FFF7D8
S214022B90B5FF638923EA06036381628912B10120C5
S214022BA002B070BD2946024816F0ADFEF7E700BF38
S214022BB05E6800200148FFF71DB900BF5E6800206E
S214022BC01FB50C460B4A014601A81AF049FF01A898
S214022BD0FFF7FCFE60B101A907481BF00EFB1AF0D6
S214022BE083FD0368236043680020636004B010BD61
S214022BF02D20FBE756C704005E68002013B53E4C46
S214022C0012F09FF9D4F8FC311020C3F30743019366
S214022C10FFF7A4FC000650D50020FFF79FFC010634
S214022C204BD5019B802B3ED1236A9A0704D440F6EB
S214022C301544204602B010BDE3699B07F7D52F481E
S214022C4015F0D4FE012016F0A4FC12F08DF904460D
S214022C500028EED100F086F9294816F089FE00F029
S214022C60F1F9E8F775F912F06BF90AF0F1FC0AF0DF
S214022C7043FDF4F717F9F4F7CBF9F4F7E5F904F0A6
S214022C8003FD14F0DEFF14F0DFFF15F092FB1D4883
S214022C900CF00CFC07F092FE15F04AFB0028C8D098
S214022CA015F048FBC5E7019B812BC0D1D4F80C3147
S214022CB05B00BCD5D4F80C31BFE71020FFF74EFC02
S214022CC00006BCD40020FFF749FC0106B7D5019BDD
S214022CD0802B05D1084B1A6AD207A8D5DB69ACE768
S214022CE0019B812BA3D1044BD3F80C21002A9EDA38
S214022CF0D3F80C31A1E700BF0080E00F690345EC72
S214022D00C85000207928020010B517F053F870B3A7
S214022D1001F0B8FB80F00104E4B20020FEF7F6FAF8
S214022D2044EA800424B217F033F810BB02200443AE
S214022D3016481BF02DFA44EA401415481BF028FAF0
S214022D4024B244EA001413481BF022FA24B244EADE
S214022D50801411481BF01CFA24B244EA40240F489F
S214022D601BF016FA24B244EAC02080B210BD012439
S214022D70D3E70B4816F05FFD0028D7D0094816F0B7
S214022D805AFD80F00100C0B24000D0E7B0660020D5
S214022D909467002084420020146700207467002095
S214022DA0D45700200858002008B501F047F90EF065
S214022DB0DFF8FDF7D9FE154816F03DFD08B906F016
S214022DC065F9134816F037FD08B907F0E1FD03F080
S214022DD059FC0CF01DFD0F4816F0FCFD0E4B1B783F
S214022DE0043B022B09D80D481BF0D2F928B1FFF795
S214022DF08BFF102801D109F07DF914F02AFF16F096
S214022E008CFEBDE808400648FFF736B8D4570020C7
S214022E1008580020C85000209E5E002094670020BC
S214022E2060C70400014B1868704700BFFC4F0020C3
S214022E30F8B54FF6FF77104B06461B780C46033B59
S214022E40012B0F8009D830460AF0BAFC4FF6FF7302
S214022E50984220800ED000200DE00CF023FEB842EF
S214022E6005462080F7D1304600F002FDA8422080B9
S214022E70F1D1E8E72D20F8BD9E5E00204FF6F773ED
S214022E8070B5984204460D4686B05AD816F046FEED
S214022E90A04207D108222C492846F7F7ADF80020B1
S214022EA006B070BD294EB6F86830A3420AD1002299
S214022EB0082106F16A0016F0C3FD18B9082206F1C9
S214022EC06A01E9E7ACB1224B1B78033B012B1AD807
S214022ED0002301221946204600930AF01BFBFF2816
S214022EE023D1294620460AF0BFFC80F00100C0B27A
S214022EF0D6E7184B1B689B07E5D4284608F0DCF992
S214022F000028E0D0CBE7204600F06AFFFF2806D173
S214022F1029462046FFF754FE0028D9D1BFE72946A6
S214022F2000F080FF0028F3D0B9E702A918F024F8D1
S214022F300028D6D1DDF80D302B60DDF811306B603D
S214022F40ADE70120ACE700BF205F00200050002064
S214022F509E5E002080420020014B1870704700BF22
S214022F60B868002010B5054C082221460448E8F748
S214022F7085FE204616F00CFE10BD00BF205F002026
S214022F8034B608C000487047205F0020082208B503
S214022F900349F7F72BFBB0FA80F0400908BD00BFE3
S214022FA0205F0020014B1870704700BF915E002022
S214022FB0074B44F6FF701A7840F6FF73012A18BFD3
S214022FC01846044B1B780BB140F40040704700BF14
S214022FD09E5E0020915E0020F7B50D46044616461A
S214022FE01F460021284601F0F1FF0B4B002183F813
S214022FF059402A463346204600970EF0AFFC01465B
S21402300030B10222204603B0BDE8F04000F006B818
S214023010012003B0F0BD00BF0050002013B51346D8
S2140230200C461AB1022A0CBF134601230021044A99
S214023030019100922246FEF7A5FA02B010BD00BF2B
S214023040979E030000B5002093B0FEF717FA1E4BBA
S21402305018880CF031FA1D4B1D491A7800200EF024
S214023060A1FD342200216846F6F774FF0B238DF883
S21402307000306FF4803301934FF6FE73ADF81030D4
S21402308003238DF81D30134B134A0893134B106815
S2140230900993134B51680D93124B6A460E93124BCB
S2140230A00F93124B1093124B119302AB03C30021E2
S2140230B00846FEF781FC6A4601210020FEF77CFCEA
S2140230C013B05DF804FB00BF48680020CB68002000
S2140230D0788B0400ED340200205F0020339C03004E
S2140230E0656D02009536020065840200979E030015
S2140230F0B5670200014B1878704700BF285F0020B2
S214023100014B1888704700BF626800202DE9F74F10
S214023110814610460E4690461AF0A8FFDFF840B1E8
S21402312005469BF8003033B94A4B1B681BB94A4B1D
S2140231301B68002B7FD015F4406A05F040071BD1B0
S2140231409FBBB5F5804F61D24FF48074B9F1400F42
S21402315073D0B9F1800F63D0B9F1100F6BD1002391
S2140231609BF800003D4AD9B2884264D932F8021B65
S2140231700133A142F7D166E008F103001AF076FFA8
S2140231804FF6FF73984214BF0124022487B1052725
S21402319005F44043B3F5004F44F0080425D0B5F5D6
S2140231A0804F24D244F4807421E054460327EFE78C
S2140231B0B5F5804F4FF00507F4D3BAF5406F14BF4C
S2140231C002200820384440441AF050FF019016F0BE
S2140231D0C2FC019B05F4404598420CBF44F008042B
S2140231E044F00404B5F5004F01D144F08004BAF56A
S2140231F0006F0FD108EB07001AF038FF054616F0ED
S2140232008DFCA842A2D144F010049FE7544603273F
S2140232100220D7E7BAF5406F08BF44F0200495E7CE
S2140232200C4B1B683BB10022D1B233F8110033F9C4
S2140232301110002903DA002008E0074BF1E7A0424C
S21402324002F10102F0D106B13480012003B0BDE8DC
S214023250F08F00BFD8500020DC50002032580020EB
S214023260705F0020034B1A78022A04BF09221A70E4
S214023270704700BF295F00200C22034B1A211A70E8
S2140232800320002202F024B8295F00200C2208B591
S214023290054B1A211A700022104602F019F8002275
S2140232A0024B1A6008BD00BF295F0020E4500020D0
S2140232B00C2270B50D4B05461E781A7030B9304692
S2140232C0BDE8704000221A2102F002B8084B1C78B2
S2140232D0E1B21A29F3D825FA04F3DB0703D5442210
S2140232E0304601F0F5FF0134F2E700BF295F002007
S2140232F0E76800200C22024B1A7015F050B800BF87
S214023300295F0020F0B50C8805460E468BB0E4B95E
S2140233104FF6FF77ADF8247015F054F810B9022076
S2140233200BB0F0BDCDE90340CDE90544134A029443
S214023330B2F85C306032019300923B464CF60101D3
S214023340FF2009AA18F061F93080284616F07CFDA5
S2140233500B4C70B1237863B1013BDBB22846237075
S21402336016F072FD38B12078B0FA80F04009C0B28B
S214023370D6E70523F2E70120F9E700BF0050002058
S214023380E6680020034B11461B6803B1184714F089
S21402339099BB00BFE45000200C22024B1A700AF0C0
S2140233A0F1BC00BF295F00200148FEF723BD00BF25
S2140233B0D65700207FB505460C4616461AF064FC22
S2140233C000286BD1062D03D85223EB40DB071AD414
S2140233D0B4F1006F05D3E30E1C3B032B18D94F2024
S2140233E02EE000222F4B1A602F4B1D7016F051FB59
S2140233F003460A2D54D8DFE805F02D183E49182555
S21402340018535341360002F03BFCB4F1006FE2D28F
S2140234100022244B042D1A60234B1D70E6D1022095
S21402342001F02EFC16F035FB0346012202921F4ADB
S21402343001921F4A00921F4A314620460EF088FE2D
S21402344004B070BD314620461B4A04B0BDE8704049
S2140234500EF066BE31462046184B194A04B0BDE847
S21402346070400EF041BE00220292164A0192104AA5
S2140234700092154AE0E702220B4B1A700022104611
S214023480124904B0BDE87040FEF742B8002202922C
S2140234900F4A0192064A00920E4ACDE74D20CFE728
S2140234A00120CDE7E4500020295F0020B13202005F
S2140234B0ED340200839E0300993302008D3202002F
S2140234C085330200F532020005330200653202003F
S2140234D079320200459E030008B50EF069FE0C2202
S2140234E0014B00201A7008BD295F0020F0B585B098
S2140234F0ADF8060018B9762164481AF0D9FCBDF872
S214023500060016F068F80446BDF8060016F063F8E2
S214023510082846D00C2CBDF8060042D116F05EF9FB
S21402352007461AF0A3FD0DF10F010646BDF8060088
S21402353014F070FB002879D00922002138461AF0D0
S21402354013F89DF80F301033C518BDF806001AF0B0
S214023550E7F8EDB2854269D22946BDF806000EF0BC
S21402356035FF06F44C4416F44066054614D0F81CA3
S2140235701AF07CFD4FF6FF73984208BF44F04004F1
S214023580B6F5006F08D1781D1AF070FD4FF6FF737E
S214023590984208BF44F010049DF80F305BB3072D25
S2140235A044D1BDF8060016F00CF80446BDF8060035
S2140235B016F011F8082817D0A30615D524F0200116
S2140235C089B2BDF8060015F0E7FFBDF8060016F052
S2140235D005F90021092219F0C7FF00F1100189B28E
S2140235E00DF1060018F03AF90022BDF80610284838
S2140235F01AF0A6FD1AE0082D16D8BDB1013D072D1A
S21402360014D801A353F825F065360200713602007D
S2140236102D360200313602002D3602007D360200BB
S214023620A3350200833602007C2D24D005B0F0BDFF
S21402363024F48844A4B2B4F5084FF7D1BDF80600C6
S21402364015F0C4FFBDF806100BF0D0FF0028A8D076
S214023650BDF8060016F025F80022014602201AF0F0
S214023660CEFCE3E724F48064A4B2B4F5484F97E7AF
S214023670B4F54C4F94E7B4F54C4F92D04CF6500349
S21402368001E04CF640439C428AE700BF8D7B040073
S214023690D45700202DE9F7430F4690469946064632
S2140236A01AF022F8044630461AF03AF8C5B2083D37
S2140236B02C44E178094BA2781970094B31461A70EE
S2140236C0002043463A46CDF8009012F0EFF8003854
S2140236D018BF012003B0BDE8F08300BF4D5F002095
S2140236E04C5F00202DE9F04FDFF84081DFF8409173
S2140236F098F8002099F8003006469A4285B004D31E
S21402370040F2191142481AF0D3FB30460DF10F0170
S2140237101AF0BEF920B14FF48E713D481AF0C8FB7C
S21402372098F800709DF80F403D1B15F0FF0530D04D
S2140237304FF0FF3C374B01211B78A140184699F801
S21402374000304FF6FF790CFA03FC0023324A01F1EF
S214023750FF3E0193C1F1000A9DF80430984243D817
S214023760122004FB00002D4BA0F1120105EBC5024E
S2140237705200194404F101091844F6F73DFC4FEAD9
S21402378089092748A9F104010144AA004844F6F72A
S21402379033FC224904EBC40201EB420321F8126017
S2140237A0204A013712784FF6FF71DA731A745A7488
S2140237B012025A801C4A0D2012781A7110225A716F
S2140237C000229A73C3F80620C3F80A20144B43F863
S2140237D0242088F800701AF012FC0EB908F05CFF7C
S2140237E0204605B0BDE8F08F13884B450AD05368D3
S2140237F00AEA030B03EA0E030B4403EB4B0343EA0A
S2140238000C035360019B083201330193A4E700BF07
S214023810A07B0400C56800201840002088550020C0
S214023820BC3F00204D5F00202A5F0020975E0020EC
S214023830C36800202DE9F041074600250A4B0B4ECF
S21402384093F80080ECB2A04503D8FF242046BDE8DA
S214023850F08108223846B11DF6F7C8FE0135002869
S214023860F4D01236EEE700BF975E0020885500209F
S21402387008B5FFF7DFFFFF281DBF00B2044B00EBC1
S214023880C0004FF6FF7018BF33F8100008BD00BF27
S2140238908855002007B50DF107011AF0F9F830B186
S2140238A09DF80730034803EBC30300EB430003B065
S2140238B05DF804FB885500202DE9F843294E04469E
S2140238C033785D1E2D1A8342EDB204D84FF4A171EF
S2140238D025481AF0EDFA0123A3404FF0FF305F1E91
S2140238E03B4400214FF6FF7E6FEA03081F4A92F818
S2140238F000C01F4A127890401E4ACBB29C4523D87D
S214023900BDB127B204EBC4041B48640005EBC50234
S21402391004F11201014452002044F6F76DFBBF0089
S2140239201648AA00391D014402F0FC023844F6F794
S21402393063FB33780022013B33704FF6FF71BDE81C
S214023940F8430E201AF05BBB1388734507D0536802
S21402395008EA03093B4003EB59030343536008326A
S2140239600131CAE7975E0020A07B0400C5680020EC
S214023970C36800201840002088550020BC3F002065
S21402398010B50A4C207858B9094B1B781A2B03D964
S214023990992108481AF08CFA0322074B1A7010BDB8
S2140239A00138C0B2FFF788FFECE700BF975E002041
S2140239B0C3680020A07B0400935E00202DE9F04738
S2140239C005461AF030FCFF28044624D1DFF884901E
S2140239D01E4B99F800201B789A422BD22846BDE847
S2140239E0F047FFF77FBE38883B79504518D86F2BD3
S2140239F04FEA131214D85B0710D0123708F10108E9
S214023A0099F800105FFA88F6B142ECD80023104A03
S214023A10DEB28E4214D32046BDE8F087022AECD9E5
S214023A200DF0E2F90028E8D129463046BDE8F04715
S214023A3016F04BBA4FF000084FF6F77A044FDFE75E
S214023A40107901338F28EFD81232E1E7C3680020DD
S214023A5088550020975E00204FF6F773984210B5FF
S214023A6014D8FFF7ABFFFF2810D0134C00B200EBC0
S214023A70C00004EB400412F073F9104938B96288AA
S214023A800B7802EB0313A3EB1213638010BD227CA8
S214023A90637C09789A42E2732374617407D98B4275
S214023AA003D213468B4228BF0B461B02EDE78A421F
S214023AB0F8D31346F9E700BF885500204D5F002073
S214023AC02DE9F04106460F4600240E4DDFF83880F9
S214023AD098F80030A34201D8BDE8F08108222946B2
S214023AE03046F6F783FD40B935F8063CBB4204D0B3
S214023AF02046FFF7E1FE013CE4B20134E4B212359F
S214023B00E6E700BF8E550020975E0020F8B5054612
S214023B1008460E46FFF78EFEFF2830D01D4B29467C
S214023B2053F820703046FFF7CBFF2846FFF746FFD4
S214023B30FF28044625D10CF083F8FF280AD1164C3C
S214023B40207838B113F02EFF2378B0FBF3F202FB95
S214023B501300C0B2294616F0B8F9044623B20F4D38
S214023B6003EBC30305EB430508223146A81DF6F70F
S214023B7043FA2B79204603F00F032B71F8BD00277A
S214023B80D3E7074B1B78002B18BF0027014B43F8DF
S214023B902070E3E7BC3F0020C36800208855002061
S214023BA0E868002038B50B4B04461B780D46834266
S214023BB004D840F25A2108481AF07AF9074804EB6A
S214023BC0C40400EB44002946BDE83840082206300B
S214023BD0F6F712BAC3680020A07B040088550020BE
S214023BE070B5044608460E461AF01DFBFF28054629
S214023BF010D02046FFF71EFEFF2807D0084B1B7882
S214023C0023B9084B53F8202043F82520214628469E
S214023C10FFF7C8FF31462046BDE87040FFF750BFA9
S214023C20E8680020BC3F00202DE9F84300248046C7
S214023C3001272646114DDFF84C9099F80030A34232
S214023C4010D83E430134E4B21A2C4FEA470705F176
S214023C501205F2D14FF0FF30094B1B7898403043E3
S214023C60BDE8F8832B884345EBD0284616F085F945
S214023C700328E6D82B796F2BE3D8E3E78855002094
S214023C80C3680020975E002010B5084C00EBC00009
S214023C9004EB400423795B0707D1204616F06DF942
S214023CA0237923F007031843207110BD885500209E
S214023CB0014B1878704700BFE9680020014B18785E
S214023CC0704700BFE868002070B51A48FEF782FB0E
S214023CD0194B1B78033B012B28D805F0A3FB03F0F6
S214023CE057FBBDE870404FF47A51124819F0E8BD10
S214023CF023798F2B4FEA131111D80131204616F083
S214023D006CF9062901D8032909D12379002223F068
S214023D1007034FF6FF710F2023711AF070F9123461
S214023D2001353278EBB29A42E2D8D6E70025034C48
S214023D30034EF6E7706600209E5E0020885500203F
S214023D40975E00200022084B1878084BD1B28842B2
S214023D5003F1120300D8704713F80D1C013221F04C
S214023D60100103F80D1CF1E7975E0020885500202D
S214023D702DE9F04702261227DFF85C90DFF85C8018
S214023D8099F8004000250CE007FB05F338F803A07D
S214023D900021504616F006F910B15CB1013CE4B2BF
S214023DA0013599F80030EAB29342EDD8A34204D125
S214023DB04FF6FF7A5046BDE8F08713F0F3FD99F808
S214023DC00030012EA3EB040390FBF3F202FB130078
S214023DD0C4B2EDD00126D5E7975E002088550020B4
S214023DE010B504461AF01FFAFF2808D1204619F02B
S214023DF09BFEFF281FBF024B1B78C018C0B210BD27
S214023E00C3680020044B00211A78044B04481B7830
S214023E101A449200F6F79EB8C3680020CA680020CB
S214023E20BC3F002010B5134B0C461B7886B083426D
S214023E3012D9114900EBC00001EB400108222046CE
S214023E400631F6F7D9F800220821204615F0F8FDCB
S214023E5080F00100C0B206E0C01A01A9C0B20CF0A0
S214023E602BFA10B1002006B010BD01AB03CB2060C8
S214023E706160E8E7C36800208855002008B5074B54
S214023E80024653F820308B4206D915204FF6FF71B2
S214023E901AF0B5F8002008BD0120FCE7BC3F002060
S214023EA0024B013143F82010704700BFBC3F002090
S214023EB02DE9F34781460C4600272A4EDFF8ACA0D0
S214023EC09AF80030FDB2AB4210D86946204617F089
S214023ED088F9C0B3082269464846F6F787FB90B3CE
S214023EE04946204616F01FFBFE2537E006F1060877
S214023EF0082241464846F6F779FB90B94FF6FF731B
S214023F009C422BD03388A34228D0204619F00CFEC0
S214023F10FF2814D14946204602B0BDE8F047FFF715
S214023F20F5BD14B912360137CAE73388A342F9D170
S214023F3000220821404615F083FD0028F2D12846CB
S214023F40FFF7BAFCCCE74946002019F0BDFDFF2872
S214023F50054603D0044B1B780344DDB2284602B064
S214023F60BDE8F08788550020C3680020975E0020D1
S214023F7008B5FFF7E7FE054B1B78013B012B03D87C
S214023F80BDE808400CF084B908BD00BF9E5E002064
S214023F900F4B1B7883420CD8C01A0E4AC0B232F8B6
S214023FA01030D90411D443F4805322F81030012083
S214023FB07047094B00EBC00003EB40035A79D10669
S214023FC003D442F010025A71F1E70020704700BF96
S214023FD0C36800209857002088550020F0B5134B80
S214023FE006461B78FBB100251148DFF84CC090F856
S214023FF000E0104807781F44E8B2864501D8002042
S214024000F0BD7C1B94FBF3F003FB10440CEBC400E6
S2140240103CF83440B44204D1002AF1D184788C4270
S214024020EED00135E8E71846EAE700BFC56800208B
S2140240306C420020955E00201840002070B510F0FB
S21402404071FF14250F49104E0B78328830809B1A68
S21402405003449BB2B3FBF5F405FB14330B700B4918
S214024060E2B20B78934292BF00239B1ADBB2032A7A
S2140240700B7088BF002306499EBFD2000B68D34050
S2140240800B6070BD2D5F0020D8570020945E002084
S2140240906C420020084B1868084BC2B21B789A4242
S2140240A008D2074BC0F307201B78984234BF002083
S2140240B001207047012070476C420020C56800202E
S2140240C02C5F0020F8B505461746FFF7E3FF0646C5
S2140240D010B9184B1A783AB9212001224FF6FF710F
S2140240E019F08DFF0020F8BD1348DFF854C003789E
S2140240F00133B3FBF2F402FB143303700F48DCF80F
S214024100002000EBC30420F8335002F10132A17004
S2140241103846CCF80020FFF787FDE670606015F0A1
S214024120FDFCA84201D10120DDE7E3780133E3700C
S214024130F9E700BFC5680020955E00201840002001
S2140241406C42002010B50B4C0B4A2378063B1370CA
S21402415010F0E8FE0022094BFF211880084B0948A0
S2140241601A602278D200F5F7F5FE0422064B1A7082
S21402417010BD00BFC56800202C5F0020D857002065
S2140241806C42002018400020945E002048B139B1ED
S214024190044B1B780B70044B1B780370012070478E
S2140241A0084670472B5F0020EA6800202DE9F84396
S2140241B0074619F076FE05461A4819F0E9FF1A4B2B
S2140241C048B31C683C1B2C44A4B20022174BDFF8F1
S2140241D064901B78164D99F8006005EB03155FFA9C
S2140241E082F8464509D9AB8805F11000A34215D9D5
S2140241F0B21A29461201F5F7FFFE013689F8006069
S214024200AC80B8F1000F03D13946064819F058FBC6
S2140242102846BDE8F8833C461D60D6E705460132CF
S214024220DDE700BF90660020E85000202F5F0020E8
S214024230BC3E0020305F00202DE9F74F19F031FE1A
S2140242404FF0000E284D294F2978294C97F800A0E8
S21402425004EB011303EB0A120092F3465246DFF810
S21402426098801FFA80FC0646B8F80000ACEB0009FE
S214024270A0EB0C001FFA89F901900098984217D11A
S214024280BEF1000F00D02970524503D200203A70CA
S214024290FDF7E6F83B7823B32B78164804EB0314B5
S2140242A0A188C8F8006003B0BDE8F04F19F008BB5B
S2140242B0B3F804C0CC450FD84FF0010E93F802C0F5
S2140242C001310CF1FF3C013AA3F804B083F802C0B6
S2140242D0C9B2D2B21033D0E701988444A3F804C01E
S2140242E0F8E703B0BDE8F08F2F5F0020305F0020B4
S2140242F0BC3E002090660020E85000207FB56C4649
S2140243001E4B1F4D1E78013EF6B21E7095E80F003A
S21402431084E80F001B4B28461A7805F11001324438
S2140243201201F5F769FE9DF8026016F00F0511D12D
S214024330BDF808000EF0C4F9360918BF29464FF03A
S2140243400002BDF8000008BF039904B0BDE8704043
S21402435003F0F4BCBDF80400FFF728FF034682888A
S21402436004ADADF80420224603CAAA42186059607A
S214024370144603F10803F6D104B070BD2F5F002087
S214024380BC3E0020305F0020F8B50024084D094FDF
S214024390094E3B783178E2B20B449A4204F10104AA
S2140243A000DBF8BD2846FDF725FD1035F1E700BF16
S2140243B0BC3E0020305F00202F5F002070B5134BFC
S2140243C006460D46104612491A78124B09781B7893
S2140243D00B44934206DB1F204FF6FF7119F00FFEC7
S2140243E0002070BDFFF7E2FE0135068085700446A8
S2140243F019F052FDE0800EF069F940F60243208182
S214024400E3600020FDF72CF80120EAE7C2680020EE
S214024410305F00202F5F00202DE9F84386460023F8
S214024420144FDFF85C803E7898F8005012497219F3
S214024430DCB294421CDA4FEA041C31F80C900133C9
S214024440F14501EB0410F3D1631CD21A0CF1100CE7
S21402445012016144F5F7D0FDA5428BBF05F1FF3589
S21402446006F1FF3688F800503E700CB9034B1C70FC
S214024470BDE8F883305F0020BC3E00202E5F00209F
S2140244802F5F0020044B054A1B781278D3420CBFDC
S21402449001200020704700BF2F5F0020305F002001
S2140244A0024B1878003818BF012070472F5F002093
S2140244B0002108B5084B09481970094B1970094BB9
S2140244C01970094B1A781201F5F744FDBDE8084049
S2140244D00648FDF77FBF00BF305F0020BC3E0020CD
S2140244E02F5F00202E5F0020C2680020906600200A
S2140244F010B50B4C23784BB10A4803F0ABFD58B10C
S214024500084B0121188815F04BFC08B9002010BD95
S2140245100122054B1A70FAE7FFF7F0FEEAE700BF42
S2140245202F5F0020BC3E00202E5F002010B50E4BF1
S2140245301B78BBB10D4C238883424FF0000311D188
S2140245400B4AE160137049B9A3781033A37015F0D3
S2140245501DFF18B9A37823F00F03A370FFF7CEFE52
S214024560012010BD1846FCE72F5F0020BC3E00204D
S2140245702E5F002070B592B00C46064613F00FFA76
S214024580E17A05460020FCF72DFC28B394F90A00D0
S21402459015F064FA10BB134BE27A294683F85820CA
S2140245A0A27A83F85A206A46FCF750FF4FF6FE734B
S2140245B09E420CBF4FF6FF7323896A4629460020A7
S2140245C0ADF80660ADF80430FDF7F6F940B9228979
S2140245D0054B5A8012B070BD5520FBE75620F9E70E
S2140245E02120F7E700500020EC50002010B50446CA
S2140245F0014608220948F5F7FFFC237B022B0AD85E
S214024600002B14BF3122012205490B7017234B6180
S214024610044B1A7010BD00230122F5E7F05000206B
S214024620EC5000209D5E0020014610230120014A26
S214024630FDF74ABF64EE0100014B5861704700BFA8
S214024640EC500020014B1878704700BFEC50002059
S21402465010B5054C2378112B03D0E221034819F03C
S21402466027FC4123237010BD9D5E0020AB7B040017
S214024670064B01461B78042B04D1054A137E0533EC
S21402468013767047034819F01BB900BF9E5E0020E0
S214024690EC500020B066002008B50648FDF7AAFBDD
S2140246A00548FDF7A7FB13F0C1FABDE8084001F084
S2140246B003BB00BFD457002008580020064B1878CA
S2140246C0332806D000F0EF00A0F1430358425841C9
S2140246D070470120704700BF9D5E0020002208B58B
S2140246E0074B4FF6FE701A7015F024FA4FF6FF705D
S2140246F015F03DFA034B5869BDE8084013F024BA9A
S2140247009D5E0020EC50002008B5064B187838B1A4
S2140247100548FDF74BFE4FF47A73B0FBF3F0C0B2D8
S21402472008BD00BF925E00202C4200202DE9F04317
S2140247308BB00746154698460E469DF8489049B9EE
S214024740104605AC19F0F0F921460BF0B5FD172816
S21402475018BF2646B9F1000F0AD1124B1B781BB9B7
S214024760284616F063FDD0B92846FEF713F902E094
S214024770284616F05BFD80F00104E4B29DF8503046
S2140247802A4602939DF84C303146CDE900933846CE
S2140247904346039415F062FC0BB0BDE8F0834C462A
S2140247A0ECE700BF995E00202DE9F04F97B09946DE
S2140247B09DF88830BDF880B0219D08939DF88C3016
S2140247C00E4658460FA90492079317F0A9F905B3A7
S2140247D0002800F0208195F801A00FACCAF3400A29
S2140247E08E4B19F0800F1B7814BF4F4649F0800796
S2140247F0022B17D04FF6FF78002D40F08781022556
S214024800584614F0E3FE2B464246214615F0FFF9C1
S214024810BCE0584614F05BFF0446002800F0FB801C
S214024820AA46DDE71EB97E4B1B78002BE2D00DF1BF
S2140248303A012046FEF7FCFA584614F05BFF0128C0
S21402484038BF0120C3B2059395B3281D19F00EFC9C
S214024850804609F002032046069315F03AF92146EF
S21402486009908146002019F02FF9069A099B12BB7F
S214024870FF2820D1F2F7E6FA6A4A1278824200F05E
S21402488032814FF6FF72099B934214D1FEF726F847
S214024890002800F028814FF6F773984523D915F0C3
S2140248A012FE11A98146FEF7E9FA0028F7D02EE09B
S2140248B0BDF83A80CDE74FF6F772904520D893427E
S2140248C011D898450FD0194622460AA819F0C8F8FA
S2140248D00A980B9913AB03C3BDF83020022113A824
S2140248E01A80FEF739F9404611A9FEF7C7FA0246C2
S2140248F028B9082111A815F0A3F8002866D0C146E9
S2140249004FF6F67209F1FF339BB29342C7D8BAF15B
S214024910000F03D1444B1B78002B60D1584614F08D
S21402492055FE059B4A4601930123214600933B46CA
S214024930FEF7E4F84FF6FF739842804600F0D38005
S214024940014600220AA819F08BF80A980B9913ABB5
S21402495003C3BDF83020022113A81A80FEF7FCF824
S214024960002D3FF44DAF002E40F0D2804546012385
S214024970C7F3C0074246CDE9016321462B46049899
S2140249800397CDF800A015F069FBA846BAF1000F10
S2140249900FD04FF6FF7398450BD0404619F0C4F877
S2140249A0FF281FBF214A32F8103023F4804322F832
S2140249B01030089B7BB315F0B1F8249B0146009398
S2140249C04246234607980CF0EDFC24E008222046D7
S2140249D011A9F5F70BFE00287FF461AF8FE7002DD3
S2140249E064D0134B1B68980727D5049B0F2B21D046
S2140249F0281D19F03BFB02230121CDE901310023DA
S214024A00C7F3C0070246009321464FF6FF73049889
S214024A10039715F023FB17B0BDE8F08F9D5E0020CC
S214024A20925E0020965E0020995E00209857002035
S214024A3080420020079B012BDAD1281D19F016FBB5
S214024A40804619F071F80990404619F0ECFB4FF6D3
S214024A50FF71BDF83A208A4256D04245099B53D18F
S214024A60FF2B4AD0184616F0F7FB784010F0EF0FEF
S214024A7014BF01230023BDF83A00099319F054F835
S214024A800690BDF83A0019F0CEFB099B66B14FF6C8
S214024A90FF7CBDF83A10614506D0414504D0069A1F
S214024AA00240D2B2FF2AA3D1002BA1D12246494608
S214024AB00AA818F0D5FF0A980B9913AB03C3BDF8E2
S214024AC0302058461A8014F081FD3A460146059B6E
S214024AD013A8FDF7DDFF30B94FF6FF73BDF854801B
S214024AE098457FF43DAF4FF6FF789DB10126281D0D
S214024AF019F0BCFA4546804639E7FF2804D0069BE3
S214024B00B3FA83F35B09B6E70023B4E70226EEE7BF
S214024B100026ECE7012573E60022014B1A76704761
S214024B20EC50002008B50B4B1B78022B10D10A4B19
S214024B301B78033B012B0BD9084B187800F00100B9
S214024B40FEF730FA0023064AC2E90133538008BD55
S214024B500020F3E79D5E00209E5E0020925E00200D
S214024B60EC50002038B5174D2B78033B012B1CD890
S214024B70154BB3F868204FF6FF739A4215D10320FF
S214024B80FDF728FD02F0CEFBFFF7CCFF2B78033BA8
S214024B90012B01D909F0FCF8002018F09BFC78B133
S214024BA0BDE83840002014F027BEFDF7FDFC0446A1
S214024BB0FDF7F4FC0146204608F05EFB0220DFE724
S214024BC038BD00BF9E5E00200050002008B5114A86
S214024BD0114B58611378032B1BD0D3B1332B01D062
S214024BE0432B10D10D4B1B78033B012B05D8032317
S214024BF01370BDE8084012F0A7BF12F0A5FFBDE88B
S214024C000840FFF7AFBF21231370BDE8084002F04B
S214024C109DB908BD9D5E0020EC5000209E5E0020DF
S214024C2038B504461348FDF7D5FB134B1B78013BFA
S214024C30012B1DD8114D5CB92B7823B140F61940D3
S214024C402C7012F081FF0024FFF76CFF204638BD5F
S214024C50FF2C05D04FF47A710648614318F030FEF7
S214024C602B78002BEFD1012340F618402B70E8E793
S214024C700224E9E72C4200209E5E0020925E00207D
S214024C8038B5114D04462B78834218BF287013F0AE
S214024C9091FB80B124B9204613F08EFB02220DE070
S214024CA0012013F089FB2B781A1F012A05D9062B3F
S214024CB0F4D1032202E0002CF5D10122BDE83840EF
S214024CC00021084615F0F0B89E5E002030B5044676
S214024CD085B068460D46FFF7A7FC94B1002128462A
S214024CE0144A02F043FB144B20681B7861688DF867
S214024CF00430124B1B788DF8053002AB03C306F066
S214024D00B1FA0F4B93F8582093F85A308DF80320D7
S214024D108DF8023014F01FFFADF8000014F0FEFE0E
S214024D201023ADF8060069460020064AFDF7CCFBC4
S214024D3005B030BD00F8FF07B86800209E5E002070
S214024D400050002064EE010010B5144B04461A7899
S214024D50134B002083F8582018F0BCFB10B100203B
S214024D6014F04AFD00210846FFF7B0FF0D4B1B78F2
S214024D70033B012B0ED813F011FB2046FCF754FE22
S214024D8040F6174012F0E0FE0023074A1380074A57
S214024D90138010BD0BF016FCEFE700BF315F00205A
S214024DA0005000209E5E0020AE570020AC57002028
S214024DB01FB504466846FFF737FC54B100238DF84A
S214024DC00530102369460020064AFDF77DFB04B035
S214024DD010BD14F0A3FEADF8060014F0BCFEADF84C
S214024DE00000EEE764EE010010B50146044600201E
S214024DF0FBF7F8FF90B10C4B1B78023B032B0FD846
S214024E000A4B1C7018F040FF60B9094A0949FCF7C2
S214024E107FFB003818BF0120800010BD5520FCE73C
S214024E200220FAE74D20F8E79D5E0020315F002061
S214024E300D850200494D0200F8B5064618F024FF1B
S214024E40044668B918F046FB50B1064D204695F860
S214024E50587085F8586014F0CFFC10B185F8587079
S214024E604D20F8BD005000202DE9F041804618463E
S214024E70033B012B0E46174602D918B121243CE00B
S214024E80FFF7FEFE294B1B78012B4CD0284B1D78D2
S214024E90022D08D0032D46D1B8F1000F03D1254BC1
S214024EA01B689B073FD43320FDF794FB01F0E8FC18
S214024EB0B6F1006F34BF204B052231464FF0060094
S214024EC038BF1A78FEF776FA044628BB1B4D2873BD
S214024ED0012000F029FF14F03EFE68802846B8F153
S214024EE0000F0DD0022300F8043B15F02FF96C7367
S214024EF02F613946304612F061FD2046BDE8F0814A
S214024F00012300F8043B15F021F96C732F61394632
S214024F10304612F052FDF0E72846FDF75BFBB8F18B
S214024F20000FF4D0E5E70224E7E700BF9E5E00200C
S214024F309D5E002080420020EB680020EC5000209E
S214024F40034B187818B9034B034A1B78D05C70479A
S214024F509C5E00209E5E002053C8040038B5174BA6
S214024F6004461B78033B012B06D8437BDB0703D59D
S214024F7090F9090013F011FA0025114B83F85950E5
S214024F802079FFF759FFFFF7DBFF61882488034685
S214024F9022462846FEF720F8044620B11720FFF7DF
S214024FA015FE204638BD1723064DC82106486B61FC
S214024FB018F086FC03232B76F3E700BF9E5E0020E4
S214024FC000500020EC500020B0660020F0B51A4DCC
S214024FD006460C4693B0A5F8680005F16A0729BB99
S214024FE0C5F86A10796012F0DAFC6A4601460020BB
S214024FF0FCF72CFAD5F86A30ADF81060CDF812300E
S2140250007B68CDF8163012F0CAFC6A4601460020CC
S214025010FCF7D2FC4FF6FF73B5F86800984203D04F
S21402502014B1064912F0CDFC13B0F0BD0822384682
S214025030F4F7E2FFD7E700BF005000206A500020D6
S2140250402DE9F041DFF8B8801F4698F80030054693
S2140250500C4616461BB102252846BDE8F081531EB3
S214025060052BF8D818F010FE0028F4D13B7B032B52
S21402507014D14FF6FE739C4212D1012E09D0022E95
S214025080E9D114F04BFD4FF6FB73984203D814F0A7
S21402509045FD044604E015F016FAFAE7012EDAD0CA
S2140250A0EDB939462046FFF765FA05460028D3D102
S2140250B098F80030332B03D0532B1CBF0E4B1861CD
S2140250C03046FFF7DDFD00214FF6FF70FFF77EFF4B
S2140250D00A4B1B78002BBFD00BF048FABCE7397B93
S2140250E0721ECB1E594259415042504107F054F9A4
S2140250F005460028D5D0AFE7EC500020EC6800202B
S2140251009D5E00202DE9F84305468846914614F038
S21402511005FD3F4E04463378033B012B06D86B7BD6
S214025120DB0703D595F9090013F037F914F0F6FCFE
S214025130384B394F188014F00EFD384B1880FDF7A7
S2140251402DFA374B1880FDF72FFA0822014635480C
S214025150F4F752FF14F0ABFC334B18702879FFF7C4
S2140251606BFE00216888FFF731FFFDF72DFB60B16B
S2140251704FF6F672631E9BB2934206D915F0A3F958
S214025180B7F8683004468342F8D0204614F0D2FCC2
S214025190288814F0ECFC4946B7F86800C047044675
S2140251A028B91920FFF712FD1920BDE8F883B7F8D1
S2140251B0681014F04AFA00231C4D87F859302B78F1
S2140251C003F0FB03022B02D0204614F037FF002226
S2140251D020461146FFF7F2F80446A8B117236B6182
S2140251E03378042B09D1C821114818F069FB032330
S2140251F02B7684F00100C0B2D7E74FF416710C4844
S21402520018F05EFB0023F3E71720FFF7DFFCF0E75A
S2140252109E5E0020DE57002000500020DC57002053
S214025220DA570020325F00203A5F0020EC50002060
S214025230B0660020F0B50C461E460B4620490746CF
S21402524089B004F1140053F8045B834241F8045B0E
S214025250F9D11B8802AD0B80D4F80E00D4F81210D8
S214025260238803C5ADF8103023798DF812208DF807
S214025270133000233A468DF814304FF6FE710120A3
S21402528002ABFFF7DDFEC8B902A8FFF7AFF9237B32
S2140252904BB10C4D0C4B01AA29460120019313F089
S2140252A058F82A781AB92046FFF758FE03E0204637
S2140252B00199FFF727FF08B9044B1E7009B0F0BD2D
S2140252C0E0570020EC50002063A103003B5F002063
S2140252D001232DE9F341304E05460F4600202F49A3
S2140252E01446737300F0EEFC13F059F8DFF8AC8046
S2140252F038B9012D01D9042D0FD12146384612F0B6
S214025300E7FB102000210AF07FFC00283CD000209A
S21402531002B0BDE8F041FCF7A3B8002CF1D1204B57
S2140253201B78212B03D0062B01D0532B02D101F080
S2140253300DFEE6E7FDF748FA0028E2D000F0EEFCA4
S21402534028B9307BC0F11800FFF740FCD9E7154BAF
S21402535041462046019300F0B5FC20B140F6190103
S214025360114818F0A5FD01AA0B4998F80C0012F096
S214025370F0FF32781AB90948FFF7F0FDC1E7019944
S2140253800648FFF7BFFEBCE7FFF78AF80028BED143
S21402539002B0BDE8F08100BFEC500020E0570020CC
S2140253A09D5E002063A10300AB7B04001FB5144B77
S2140253B004461B88DB0707D44FF6FF700021FFF771
S2140253C005FE002004B010BD0A230E4A012001A9E2
S2140253D0FDF77AF84FF6FF73BDF80C209A42EBD031
S2140253E00822FF2101A814F02BFB0028E4D10CB9F7
S2140253F00120E7E7BDF80C0001A9FFF7E7FDF7E794
S214025400F857002026E1010038B50C46154614F080
S21402541091FB03F0AFFE29462046FFF7D7FD00F0CA
S2140254207DFC48B1074BDB790E2B28BF0E230133D8
S214025430DBB2054A137038BD044B1B78013B18BF1C
S2140254400123F6E7E0570020515F00209E5E002011
S21402545038B500220821044614F0F2FA0546C8B907
S21402546014F05CFB2A464FF6FF71FFF7CDFF20468D
S214025470217CFFF72BFC6269E189207C01F076FF34
S214025480054B1B78012B01D107F0F6F8FFF76AFBF4
S214025490002038BD0120FCE79E5E002038B51D4680
S2140254A0FFF7CEFD0446C8B92B7B2846032B03D153
S2140254B0BDE83840FFF7CCBFFFF798F8084B254603
S2140254C09C8114F0F4FA0121064B81401A780620DA
S2140254D0FDF770FF044608B1034B1D70204638BD29
S2140254E0EC500020EB6800209D5E002030B50120C5
S2140254F087B0FFF75BFF6B460446144A1068516894
S21402550003C384B905F0BCFE02A8FFF78DF84FF678
S214025510FF752246BDF80E002946FFF775FF12F00A
S21402552056FA07B030BD6B46094AD2F86A00D2F87E
S2140255306E10B2F8685003C305F0A2FE02A8FFF789
S21402554073F86A46BDF80E00E6E700BF13050400CE
S2140255500050002073B53A4B04461B781BB1022458
S214025560204602B070BD18F08FFB0028F7D100F07D
S214025570E5FB14B12288334B1A8000210DF1070097
S214025580FDF7ACF8002856D114F0D1FD04460028E9
S214025590E6D12D4D9DF80700FFF772FB2B785A1EB9
S2140255A0012A1FD8FFF7A2FF2B78033B012B01D855
S2140255B001F014F9FFF7D6FA012014F03FFA034679
S2140255C000283AD12A78033A012AC9D81D4A1088F7
S2140255D010F0020521D0052201201C49FFF744FCE9
S2140255E00446BDE7033B012B04D82046FFF7DEFE48
S2140255F00028D7D12B78053B012BB1D8FFF776FFD1
S214025600FFF7B0FA2B78052B0CBF04200520FCF719
S214025610E1FF012014F012FAE2E70D4E02233146B2
S21402562001200C4AFCF750FF33885B0798D52846C2
S21402563001F0E8F894E7172492E7044690E700BFE3
S2140256409D5E0020F85700209E5E002000F8FF07AF
S214025650AA57002027E101007FB50024184E194DF5
S2140256603278E3B29A4201D804B070BD4FF6FF73A7
S214025670B5F868209A421AD0134B1B88DB0714D55C
S214025680124AB5F8683010685168ADF80C3001ABB4
S21402569003C30F4A0A23002001A9FCF715FF0223C1
S2140256A000200C4A0C49FCF70FFF0134D8E7002211
S2140256B00821064814F0C4F90028F6D1DCE700BF3A
S2140256C0C468002000500020F85700206A500020CE
S2140256D026E1010027E10100AA57002010B501F0DB
S2140256E0CFF802F013F8D8B10E48FCF773FE0E4856
S2140256F00E4C017A0E30FFF7E9FA23781BB100F060
S214025700BFFA002323700022094B1A73FFF72AFA06
S21402571008F056FD01F044F9BDE81040FFF79CBFC3
S21402572010BD00BFB0660020E05700203B5F00209F
S214025730EC50002010B52548FCF74CFE01F0E6FFC1
S21402574030B1234B1B781BB9BDE81040FFF7C6BF2C
S21402575001F0DCFF78B11F4C237E83B1C8211B48C1
S21402576018F0AEF80021237E0846013B2376BDE8FA
S2140257701040FBF7E3BEFDF727F80028EBD1FDF754
S21402578023F8154B1B7858B9112B03D003F0FD03F1
S214025790412B19D1BDE810400E4B5869FFF716BAD7
S2140257A0332BF7D10D4B188814F0C4F90C4B18881C
S2140257B014F0DDF90B4B0C491888FFF707FC0B4B6E
S2140257C01878FFF739FBE5E710BD00BFB06600208A
S2140257D0995E0020EC5000209D5E0020DE570020DF
S2140257E0DC570020DA570020325F00203A5F0020A4
S2140257F02DE9F04F0F4685B002AD044629463846DD
S214025800914616F08DF94FF0000B82463846CDF8D9
S21402581004B013F0E3FF4678022C804606F0020638
S21402582009D85CB1FCF7D0FF0446002848D1754B76
S21402583001241B7865E0043C022C3AD9FCF7C4FF2D
S214025840384613F044FF00240546A046DFF8D8A1E8
S214025850384613F0C3FF50F809300DF105000193E6
S21402586018F004FC9DF807B00746B8F1000F4DD1BA
S214025870BBF1000F5BD0DFF88C9199F800300BB1CA
S214025880002E63D0002C61D05F4B1B78022B5DD1BB
S214025890BBF1000F53D1384614F04CF9584659461E
S2140258A0FFF714FA08F08CFC40F6074012F04CF9A9
S2140258B034E014F00BFCFCF787FF0446F8B15C46B4
S2140258C04EB1524B1B78012B02D0043B012B0BD856
S2140258D005B0BDE8F08F4B4B1B782BB14B4B1B78BA
S2140258E003F0FB03022BF3D0BAF1000F404608BFC9
S2140258F0002516F008F94FF001088246A8E7414B4A
S2140259001B78002BF0D0002EEED1E1E7BAF1000FA3
S214025910AED05046FDF73AFB0028A9D1002017F07A
S214025920D9FD0028D4D0002013F066FFD0E74FF64A
S214025930F7739F429FD91720FFF748F9EEE7FCF767
S21402594043FF48B13248FCF745FDF4E7FCF73CFF5D
S21402595010B1BBF1000FF5D1FCF736FF0028DDD001
S2140259602846FDF767FFFF28DFF89CA0294C03D0E6
S2140259709AF80030012B04D12946B4F86800FEF7E5
S214025980C5F8FEF781F92A463846B4F86810FFF7DC
S2140259903BFD214B214A93F906301B0213809AF8ED
S2140259A00030012B19D0312B14BF432311238AF860
S2140259B000301B4B1648196817F082FF00F00EFFE6
S2140259C00023124C99F80010237641B9104817F0BC
S2140259D077FF40F61B436361A0E71123E7E7B8F1C0
S2140259E0000F03D016B1FFF779FEF2E70D4B1B78D6
S2140259F0042BEED10521064817F062FF0923237611
S214025A00E7E700BF995E00209D5E0020EC50002074
S214025A10B066002000500020E0570020F657002015
S214025A20D06600209E5E0020205F00202DE9F04315
S214025A30084693B00E4613F0D1FE09220021804696
S214025A4017F092FD0446304613F041FE0522074643
S214025A500DF1090330460AA912F0D0F80228814651
S214025A601DD09DF8093031461C440023E4B204F1EF
S214025A70100218F8045001200093D2B20FF016FF5D
S214025A8068B1072D09D855B1013D062D07D8DFE8C4
S214025A9005F00918068A062541007C2D45D013B06C
S214025AA0BDE8F0835B4B1B78013B012BF7D83046F1
S214025AB013F08CFD002332461946009414F00AFBBC
S214025AC0EDE7554B1B78012BE9D1544B187800288B
S214025AD0E5D122463146FFF78BFEE0E74D4B1B78B9
S214025AE0013B012BDBD8384609F0DCFF4FF6FF738B
S214025AF09842044606D0304613F068FD22463946E0
S214025B0014F074F8444B1B78022BC8D1384611F0B7
S214025B10DDFFC4E73F4B1B78013B012BBFD849464C
S214025B2030460AAA00F01EF9B9E73A4B1B78013B49
S214025B30012BB4D8A04498F8012098F80230652AC0
S214025B40ADD16D2BABD1304617F0EAFD1334E4B27B
S214025B508442A4D20822394603A8F4F74DFA214615
S214025B6030460DF10A0215F01EFF002897D1BDF847
S214025B700A30002B93D005A809F0B0FA0123284D6D
S214025B80BDF80A002B7017F0CBFD0446BDF80A00DC
S214025B9017F0AAFDE2B2034605A903A811F030FFEA
S214025BA000232B707BE71B4B1B78013B012B3FF638
S214025BB076AF06220021404617F0D6FC404418F085
S214025BC055FA0746FCF758FE044600287FF467AFEE
S214025BD0304613F0F6FCC3047FF561AF46F20403C9
S214025BE00121ADF8143038460223CDE9004405AA57
S214025BF015F028FF054600283FF451AF394613F04A
S214025C0024FD304613F0E2FC22462946FDF706FA4A
S214025C1045E700BF9E5E00209D5E0020EC500020FF
S214025C206C5F002008B5084B187050B1074B1B88F4
S214025C303BB14FF47A710648594317F041FE0020F3
S214025C4008BD0120FCE700BF905E002064680020CB
S214025C502C410020014B1878704700BF905E002050
S214025C60014B1880002070476468002008B5FCF7D6
S214025C70B1FB0022014B1A7008BD00BF905E0020E7
S214025C8010B50024044B05481C80054B1C70FCF71D
S214025C90A1FB204610BD00BFFA570020D4660020A4
S214025CA0455F002008B50348FCF794FBBDE80840B2
S214025CB0FFF7E6BFD46600200148FCF79BB800BF9A
S214025CC0FA570020F7B5134B04461B780E46EBB185
S214025CD083421DD90021104818F02CFA00250146EF
S214025CE00D4F09B9012009E0AC4209D10024162360
S214025CF022463046009418F0BAFA204603B0F0BDA9
S214025D00384618F03BFA01350146EAE71820F5E76F
S214025D102720F3E7455F0020FA570020014B18784A
S214025D20704700BF455F002025289DBF024B1870B4
S214025D3000202120704700BFEE680020012307B52F
S214025D401846064A0DF10701FCF7BEFB9DF8072030
S214025D50034B1A7003B05DF804FB00BF29E1010093
S214025D6066680020F8B507460E46144613F0AFFCE8
S214025D701A4B05461B78022B2FD1194818F008FA41
S214025D8058BB284611F057FF38B3224631463846EC
S214025D9011F04DFF08B311F005FE0446384613F025
S214025DA015FC104B012E1A784FF00F0303FA02F37C
S214025DB09BB2B4FBF3F203FB124404F10104A1B25A
S214025DC006D1094B094A1E702B6813606B68536034
S214025DD00348BDE8F84017F073BDF8BD9D5E00208D
S214025DE04C420020ED680020445F00203C5F00200B
S214025DF084B010B502AC84E80F00082227480DF1E3
S214025E001601089CF4F7F2FB08BB9DF815309A07BA
S214025E1005D4234B1B7803F0FD03312B1DD12149FA
S214025E206378097803F00F028A4203D0012922D14F
S214025E30022A12D1227882B91B09022B0DD11A4BE3
S214025E40A0781B78022B1AD1C0F3800006E000224D
S214025E500821124813F0F4FD20B90020BDE81040D6
S214025E6004B07047114BBDF808205B889A42CCD02C
S214025E70002BCAD0F1E70229EFD1012AD9E703069F
S214025E8009D40B4BB3F86820BDF80A309A42E4D125
S214025E90FEF714FCE2E70120E0E700BFF050002026
S214025EA09D5E0020B86800209E5E0020EC50002018
S214025EB000500020284BF0B55D88002387B08DF88F
S214025EC00830264B0DF10B001B7805F0010743F056
S214025ED020038DF8093014F039F96FF07F43ADF8DE
S214025EE013308DF8153014F0AFF91D4B8DF81600EF
S214025EF01B7805F01006DB00DCB2F0F7A3FF194BA7
S214025F001B7883422CBF44F0040344F084032FB171
S214025F10A9061ED426B143F0020301E0AA07F9D46B
S214025F20002108468DF80A3017F052FCADF806003C
S214025F3058B101230F2202A90DF10600FCF79EF9C3
S214025F4018B90DF1060012F001FABDF8060007B006
S214025F50F0BD43F00103DDE766680020B868002064
S214025F60515F0020965E002010B5FCF733FA0A4B0C
S214025F701B78022B0CD1094B1B78033B012B07D94C
S214025F80074C207828B1002011F058FE0023237019
S214025F9010BD13F0FEFDF9E79D5E00209E5E002018
S214025FA0445F002084B02DE9F0478EB016AC84E83A
S214025FB00F00DFF878C1594BBCF802009DF85DA0CF
S214025FC010F001049DF96220BDF870E09DF875900E
S214025FD09DF976709DF878509DF97A109DF95E804D
S214025FE09DF860601B7835D09DF87D00C0F34004B4
S214025FF0C0F38000002B4AD0494B1B78022B09D1F4
S2140260008A4244DB24D1A81BC0B280288CBF002061
S214026010012016E0434B1B78012B01D1002C7AD0CD
S21402602078B19CF800301E335BB29F42D4BF002783
S21402603001279845D4BF00230123BB4206D18A42DA
S214026040E0DA0EB0BDE8F04704B070473846F8E72D
S2140260500020F6E710F0020F18D0C3B1490814BFAB
S21402606001200020520814BF012300238342E8D1F6
S214026070AB1BDBB2802B0AD9AE42E9D1B84506DBB0
S21402608049D1CA452CBF00200120DAE70BB901200E
S214026090D7E7AE4216D002AC1CAF0FCF0FC497E8BC
S2140260A0030044F8040B2180DDE91A0116AB0090C8
S2140260B0ADF804100FCB12F043F90028E7D1AE4238
S2140260C0A1D1BEE7BDF8583073451ED008AC0DF11D
S2140260D0700CBCE80F000FC49CE8030044F8040BE5
S2140260E02180114C638873450FD10822211D0DF1C2
S2140260F02E00F4F77BFA024638B90821201D13F069
S2140261009FFC10B96388002BC1D1B845BFDBC2D152
S214026110CA45BCD3BFE7204693E700BF455F0020D1
S2140261209E5E00209D5E0020EC50002066680020E7
S21402613084B02DE9F04F8FB06A4E18AC08AD84E8F3
S2140261400F00162200212846F3F704FF33783BB9E6
S2140261500024654B32781B789A4239D2002726E013
S2140261600021624817F0E6FF00270446B846DFF82B
S2140261707C91002C45D13FB1224639465B4813F04C
S214026180C2FB3378013B33703378002BE0D000211A
S21402619056484FF0000917F0CDFF4F468046CA46D4
S2140261A0DFF848B1B8F1000F6CD1002FD1D016211C
S2140261B0002218A813F02DFB014648B1002F00F06C
S2140261C08B802246494813F044FB33780133337000
S2140261D0454B32781B789A4207D9444800220188F8
S2140261E013F091FB3378013B33703378012B03D1E4
S2140261F03F49404817F064FB0FB0BDE8F04F04B0CB
S21402620070470022214616232846CDF8008018F053
S2140262102EF81622294618A8F4F7E8F90028EBD03B
S2140262209DF864209DF824309A4225D1BDF860205E
S214026230BDF820309A421FD108220DF12E010DF131
S2140262406E00F4F7D3F9B8B902AF0DF1600CBCE8F2
S2140262500F000FC79CE8030047F8040B39800EAB0B
S21402626013E903000090ADF8041095E80F00FFF75D
S21402627099FE0028C0D027462146484617F07EFFE2
S214026280044676E71623002241462846CDF800A0AB
S21402629017F0EDFF02AF0DF1600CBCE80F000FC760
S2140262A09CE8030047F8040B39800EAB13E90300A1
S2140262B00090ADF8041095E80F00FFF773FE07464E
S2140262C020B1B9F1000F04BF444681464146584604
S2140262D017F054FF804665E73A46044817F030FF49
S2140262E073E700BF455F0020EE680020FA570020E3
S2140262F020BF0200D46600202DE9F04F002104469C
S2140263009FB00DF14008162240460E91CDE90C11C1
S214026310CDF83B10F3F71EFE052220460DF11F03B3
S21402632016A911F06BFC0228074600F0F8802046FA
S21402633013F054FA064617F099FE8146F01C17F041
S21402634095FEADF84000701D17F090FE012FADF8D7
S2140263504200204640F0E68013F040FA054620460A
S21402636017F0C2F90D3502232D1A00932146434633
S2140263700820EAB20FF09AFA002800F0D0802046F1
S21402638013F031FA012F83469DF84D3040F0E3803A
S21402639000252F4643F001038DF84D3016AE3388A4
S2140263A0022B4DD1F178204602310CF00FF81B2853
S2140263B046D1F178204603310CF008F819283FD16F
S2140263C0F178204604310CF001F84A2838D14FF013
S2140263D0050AF1782046013151440BF0F7FFF178B7
S2140263E00590514420460BF0F1FF059B00EB03207D
S2140263F083B200F03F02932B059240F09B8000236D
S214026400F778214602375744FFB23A4600930CA863
S2140264100F2317F02CFF07F10F01204615F059FA4B
S21402642007F111010546204615F053FAADF8420071
S214026430059B023353445FFA83FA33795345C8D82F
S21402644006360DF17603B342A9D19DF84D20C5F369
S214026450C03363F3410220468DF84D2013F055F900
S2140264608DF84400204613F045F98DF84500204685
S21402647013F045F99DF83230BBF1190FC3F3C3028E
S2140264808DF84720DDF833208DF84600CDF84E20F3
S214026490DDF83720CDF8522094BF00229DF83E202A
S2140264A08DF8482003F003028DF84A206E4A1278CF
S2140264B0022A9DF84D200CBFC3F38003DB0963F369
S2140264C082026A4B8DF84D201B78022B57D1BDF8FD
S2140264D0406013F040FB864251D108A813F036FE06
S2140264E0BBF1190F48D908220DF14E0108A8F4F79E
S2140264F07DF800283DD1B9F5004F02D0B9F5624FBC
S2140265000DD140F6FF7325F440459D4207D1002287
S21402651008210DF14E0013F093FA00283FD01FB069
S214026520BDE8F08F13F05AF90546204617F0DCF85E
S214026530073518E7412B7FF47BAFF178204602310E
S21402654051440BF043FF4A4B1B78C3F1B303184484
S2140265508DF849006CE76FF30003F01D8DF84D309F
S21402656017F084FD0CA90546204613F023FE0B27E0
S2140265706BE700F0B3FFBEE700F0B0FFCFE7B9F578
S214026580004F02D0B9F5624FC9D140F6FF7325F429
S21402659040459D42C3D1BBF1190FC0D9B7E7BBF145
S2140265A01A0F06D007F11F0142462046C9B211F063
S2140265B0CFFE304C304D637BDBB12B78012B1DD1E7
S2140265C0012323730CAB029314AC94E803000090EF
S2140265D0ADF8041098E80F00FFF70AFC90B194E8B3
S2140265E003000090ADF8041098E80F00FFF7A0FD36
S2140265F008E0FCF7E9F80028DFD0E1E703F0FD0346
S214026600042BDDD02B78012B01D0042B87D11B4B1A
S214026610DDF84E001B78DDF852108DF82230BDF8FA
S2140266204030ADF820309DF84D30C3F340038DF86E
S21402663023309DF8313003F00F038DF82C309DF88F
S21402664048308DF82D3009AB03C30D4B1B681BB1C8
S214026650414608A8984762E79DF946209DF84510EE
S21402666008A811F031FA5AE79E5E00209D5E0020CF
S2140266704C5F0020EC500020295F00204B5F00207A
S214026680E05000202DE9F043424B434C1B7885B086
S214026690033B012B22D817F004FC2378022B31D1BE
S2140266A03E4A1468A0422DD03D4910600A68121B6B
S2140266B010443C4A0860127872B1013A93403C2278
S2140266C053434FF47A72534398421BD9032005B0C2
S2140266D0BDE8F043FBF77EBF0A23F2E717F0E1FBC3
S2140266E02378022B0ED12D4A1568A8420AD000271D
S2140266F0DFF8BC802C4E1060451B98F80030FCB2C8
S214026700A34202D805B0BDE8F08356F824302046EE
S2140267102B4446F8243017F05FFAC3074FF00009FF
S21402672010D5204609F0FEF970B156F82430242B15
S21402673008D9102200232046CDF8009009F00CFA62
S21402674046F824900137D8E7184B1B5D13F00F0369
S2140267501FBF03F1FF32022393403C220CBF0A23E1
S21402676053434FF47A72534356F824209A42E9D997
S214026770204609F067F902A914F033FD28B1204635
S21402678009F060F902A911F01DF9204614F0BFFDC8
S214026790D8E700BF9E5E00209D5E00207842002063
S2140267A074420020B368002090400020425E002021
S2140267B0CA680020064B1B88DB0708D50022054B5B
S2140267C043F82020044A135C63F00F031354704707
S2140267D0FC57002090400020425E002008B517F0CB
S2140267E060FB0022024B1860024B1A6008BD00BF15
S2140267F07842002074420020014B1868704700BFA0
S2140268007442002008B50C48FBF7E4FDFBF736FFA0
S21402681080B10A4B0322B3F86810012011F0BAFDCA
S2140268204FF47A71064B04481B885943BDE808406A
S21402683017F046B808BD00BFF466002000500020DE
S21402684046680020014B1880002070476A680020C6
S214026850044A054B1870138823F00303184310806C
S21402686000207047FC570020B4680020034B1888AD
S214026870C0F30E00003818BF01207047AA57002048
S21402688008B5FFF7F3FF30B1002004490223044A9B
S2140268900880FBF719FE002008BD00BFAA5700209B
S2140268A027E10100024B1888C0F30E00704700BFB4
S2140268B0AA5700200023084A01201370074A0849F5
S2140268C01370084B084A1B7843F004031380022314
S2140268D0064AFBF7F9BD00BF485F0020475F00206D
S2140268E0AA570020B4680020FC57002027E10100C8
S2140268F013B514468DF80710DAB9CAB20E2A18D89C
S2140269000E4B1B881341DB0713D517F00DF9FF2832
S21402691011D09DF807200A4B0DF107011A5400F515
S2140269208330012200F58070E5F7D4F9204602B0E4
S21402693010BD0124FAE70224F8E700BF6A680020C7
S214026940425E002030B5012100240B2385B0104D95
S214026950019400918DF80C308DF80D000323B5F8E4
S214026960680003AA8DF80E4015F06CF868B1B5F809
S214026970681013F008FD40B10522064B64211A7018
S214026980054B06481C7016F09BFF05B030BD00BFD5
S21402699000500020475F0020485F00201467002058
S2140269A0064B1B78033B012B06D8054B1B781BB9FD
S2140269B0044B1878FFF7C6BF704700BF9E5E0020E4
S2140269C0465F0020B368002010B51548FBF702FDAD
S2140269D0144B1978F9B9144A13787BB1013B13703A
S2140269E0124B1B78042B02D10846FAF7A7FDBDE826
S2140269F010404FF496710A4816F062BF0C4A12888D
S214026A0002F00302022A0AD1BDE810400322012046
S214026A100849FEF729BABDE81040FFF7C1BF10BD0E
S214026A2014670020485F0020475F00209E5E00201B
S214026A30AA57002000F8FF071FB50C238DF80C306C
S214026A400B4B0C461B88012123F004038DF80E30F5
S214026A5000238DF80D00CDE900132046032303AA78
S214026A6014F0F0FF10B1214613F08DFC04B010BDF7
S214026A70FC570020F8B5064612F013FE05463046CF
S214026A8015F004F8411C044689B230460BF09EFC11
S214026A9002340746A1B230460BF098FC394602464D
S214026AA02846FFF725FF022816D02946FFF7C4FF1F
S214026AB00A4B1B8803F00303022B0DD1284617F05E
S214026AC033F8FF2808D00022054B43F82020054A59
S214026AD0135C63F00F031354F8BD00BFFC5700208D
S214026AE090400020425E0020084B1A785AB10223DA
S214026AF0013A93404EF66022534303210448B3FB07
S214026B00F1F116F0DDBE42F21073F6E7B36800202C
S214026B101467002070B505461748FBF75BFC012298
S214026B20164B28461A7014F0B1FF411C044689B26F
S214026B3028460BF04BFCA11C064689B228460BF0F1
S214026B4045FC0F4C02232080214600200D4AFBF70D
S214026B50BBFC86B9238803F00303022B03D1FFF79D
S214026B603DFEFFF7C1FF23885B0704D5BDE87040F2
S214026B700548FFF747BE70BD14670020485F002037
S214026B80AA57002027E10100F46600202DE9F04311
S214026B901F4C0546238889B0002B33D01D4E00219A
S214026BA04FF4807009F09CFA3378DB0728D5012170
S214026BB0208816F0D1FD0746208812F00FFE02301C
S214026BC017F054FA05A98046208815F065F8337840
S214026BD0384613F0020F104B18BF0025B3F800908A
S214026BE016F09EFD0646384616F07EFDF6B2029078
S214026BF0424606212846CDE9009605AB10F022FF54
S214026C0000232380054809B0BDE8F043FBF7E2BB4A
S214026C1004580020495F00200058002034670020F6
S214026C202DE9F047304F80463D880E461446994679
S214026C30ADB3104612F0E0FCB0F5006F2FD120463F
S214026C4012F0EDFC824616F06FFFFF2827D02EB119
S214026C50264A32F810302B4322F81030B5F5007F62
S214026C6036D0B5F5806F33D0B5F5807F17D1204B7F
S214026C701B88A3421CD14FF6FF718A450FD02046CF
S214026C8012F0E3FC284609F059FA50B93046FFF7ED
S214026C907DFF0023174A1380174A3B801370BDE816
S214026CA0F0870220002108F0AFFF0028EED1F0E7BF
S214026CB0104D2B88A342F2D14FF6FF718A45EED0D3
S214026CC024B1204612F0C1FC00232B800023E3E708
S214026CD00023094A3B80137031464B462246404603
S214026CE0BDE8F04713F0D7B8FE57002098570020AB
S214026CF004580020025800202E5F002010B50446DB
S214026D0040F62140FFF742FF01214FF4807009F060
S214026D10E7F978B10022084B1C80084B1A700BF07A
S214026D20D5FCBDE81040064B1880064B064819886D
S214026D3016F0C6BD10BD00BF04580020495F0020F3
S214026D40005800204868002034670020044A137860
S214026D5018B943F001031370704743F00303FAE7D0
S214026D60495F00202DE9F04FDFF84C9187B099F883
S214026D700060002E40F08C80DFF840B1DFF840A1C2
S214026D809BF80030F4B2A34207D80022424B1A8086
S214026D9007B0BDE8F04FFDF7ABBB20463AF81450FB
S214026DA008F0C0FE8046002860D0204608F04AFE62
S214026DB015F40071074645D001464FF6FF720E20C5
S214026DC013F004FC0546002850D0394612F03DFC6C
S214026DD04FF400730027304E204633803AF81420D2
S214026DE022EA03032AF8143010220023009708F040
S214026DF0B3FE2A4B1B88DB0707D5294B294A43F8E3
S214026E002470135D63F00F031355182000216043AE
S214026E10254B264C0093019101232A46205CFAF763
S214026E20B1FB002814BF0123002389F8003005D1E6
S214026E303388B3F5807F01D11D4B1880404607B0DA
S214026E40BDE8F08F680513D5059113F03CFB0122CF
S214026E5005990346009207203A46CDE90111FDF74F
S214026E6065FC4FF480630546002DB3D1013687E7F3
S214026E70104B18880028F9D0EA05F7D5394612F0E3
S214026E80E4FB0C4B1D880A4B1D804FF48073EBE726
S214026E904FF00008D2E700BFFE570020FC57002044
S214026EA090400020425E0020216C020080130020E9
S214026EB002580020045800202E5F0020CA680020D6
S214026EC098570020042230B501F0400387B0002B0B
S214026ED0054614BF012400248DF80C208DF80D10F1
S214026EE004D004A914F07DF938B304ABCDE900430D
S214026EF001210223284603AA14F0A4FD0446F0B199
S214026F00104B1B78033B012B04D80F4BB3F86810C9
S214026F1012F09BFB4FF6F7739D4209D932220221EB
S214026F202046FDF74BFA80F00100C0B207B030BD34
S214026F302946204613F027FAF5E70120F6E719203E
S214026F40F4E700BF9E5E00200050002010B5FFF759
S214026F5097FC04F0DBFF13F06FF8002014F03CF906
S214026F6016F092FE08B1FCF7B7FA204C2378532BA2
S214026F7012D1032323700023FF2219460120FDF7B6
S214026F8073FF002016F0A6FA10B1002012F034FCAF
S214026F90BDE8104011F002BA062B01D0212BF0D129
S214026FA00120FDF705FF4FF6FE7012F0C3FD4FF607
S214026FB0FF7012F0DCFD0020FDF732FE0020FDF728
S214026FC05FFEFDF7AFFD00F087FB11F0EAF92378CC
S214026FD0212B02D1FDF782FBD3E70020FBF7FAFA5A
S214026FE000214FF4004013F0F9FECAE79D5E002030
S214026FF010B50A4C0A48FBF7EDF92378062B02D1A6
S2140270000120FDF7D5FE2378062B01D0532B03D1A2
S214027010BDE81040FFF79ABF10BD00BF9D5E00207E
S214027020546700202DE9F84FDFF8CC8004460E4660
S2140270301746FFF725FC98F8005015B90220BDE860
S214027040F88F212DFAD0DFF8B49099F80030012B92
S21402705001D1A306F2D4274817F09AF80028EDD1FA
S21402706014F0200439463046DFF894B0DFF894A0D6
S21402707005F00F051BD010F0A3FC012D8BF8007055
S214027080AAF8006033D1212388F80030FFF75EFFAC
S2140270900020D4E7212388F80030FFF757FF0021AD
S2140270A04FF6FE70FDF792FFFEF7D6FAF0E710F005
S2140270B086FC012D8BF80070AAF80060EAD0062341
S2140270C021464FF6FD7088F80030FFF7FBFE40F6CB
S2140270D0020240F2262199F800300648033B012BB3
S2140270E088BF114616F0ECFB002CD1D1D7E753230C
S2140270F0E6E700BF546700209D5E00209E5E0020EB
S2140271004A5F00206C6800202DE9FF410F460546C5
S214027110511C38460BF05AF90446384612F05EFB0C
S2140271200646023016F0A2FF424B80461B7804F059
S2140271304002022B02D0043B012B06D83E4B1B68B2
S214027140580205D5A10603D452B304B0BDE8F081B7
S21402715032B33A4A1278D11E012917D8384BB3F8FF
S2140271606830AB42F1D17378180714D5304614F064
S214027170CAFCFBF70BFF0028E7D00122294604F0E1
S214027180200004B0BDE8F041FFF74CBF022ADCD174
S214027190DF01DAD4E7E712F0C1FC4045D5D1ECE7CF
S2140271A0264B1B78013B012BCFD87378D906CCD55A
S2140271B002A9384614F0B4FC002002A916F084FC9A
S2140271C0FF2806460BD0A20601D413F022F830465A
S2140271D008F038FC04F0BAFE304614F098F8284658
S2140271E017F021F8FF280DD0FCF766FB14F02006F6
S2140271F008D112F093FC28B133460222284602A98F
S21402720005F0E0FF12F08AFC00289ED1A3069CD46B
S21402721002A94FF6FF73022228460EF008FB4FF62D
S214027220FF72034600922846022202A910F0BAFC18
S2140272308BE700BF9D5E0020804200209E5E0020FD
S2140272400050002038B504460D4616F06DFCFF28A7
S214027250034615D00B4A127842B10B4A32F8102078
S214027260520403D514F053F8002038BD184612F025
S214027270D0FF204645F04001BDE83840FFF722BE69
S2140272800120F2E7995E00209857002038B505469F
S21402729012F0A4FA0446284614F0F8FB411C89B200
S2140272A028460BF093F842060DD563781B070FD5D8
S2140272B0204614F028FC0146002016F005FCBDE826
S2140272C0384014F024B80348BDE83840FFF790BEB3
S2140272D038BD00BF5467002038B54FF6FF75A84288
S2140272E0044617D012F037FCA04213D04FF6FD72B8
S2140272F0094B198891420DD9084A1288AA4201D030
S214027300A24207D11C804FF47A71BDE83840044887
S21402731016F0D6BA38BD00BF526800206E6800204C
S2140273200C42002008B50448FBF754F84FF6FF72EB
S214027330024B1A8008BD00BF0C4200205268002093
S21402734037B505460C46082369460120064AFBF770
S214027350BBF815B19DF806302B700CB1009B23606C
S214027360BDF8040003B030BD25E1010007B50823CF
S2140273708DF80600ADF80410009269460020034A14
S214027380FBF7A2F803B05DF804FB00BF25E101009D
S214027390024A13780BB1013B137070478C5E0020D3
S2140273A008B512F0E4FB00214FF6FF72054B0846C3
S2140273B01A80FDF78BFCBDE8084040F6164010F038
S2140273C0C3BB00BF5268002008B5FBF703F80A4BA0
S2140273D01B78023B032B08D84FF6FE73074A108829
S2140273E098424FF6FF7301D1138008BD9842FCD035
S2140273F0BDE80840FFF7D4BF9D5E0020526800201B
S21402740010B5084B1B78042B0AD012F087FB00211C
S21402741004460846FFF794FF231A5842584110BD07
S2140274200020FCE79E5E0020F0B5002689B00546E7
S214027430CDE90566ADF81C6014F028FB0A23024667
S21402744004462946009605A816F011FF9DF8153049
S2140274509DF814701F2B27D803A812F077FE082277
S2140274600DF1160103A8F3F7C1F80646E0B9092F95
S2140274701CD1FFF7C5FFB8B1144B1B78A3B1144B50
S2140274801A884FF6FD739A420ED9124C124A237886
S2140274900433DBB223701278013AB3EB820F03DDBA
S2140274A058B20EF01AFC267009B0F0BD0A34E4B2E7
S2140274B0214628460AF08AFF12F0D1FE611C2846B1
S2140274C014F007FAFFF708FFEEE700BFCC680020CB
S2140274D0526800208C5E0020B268002038B5134B3C
S2140274E01B78033B012B20D9114B4FF6FF711B78FB
S2140274F0ABB1104D2B888B4217D112F02CFB4EF6F7
S214027500602104460C4816F0DBF94FF6FE7322465D
S2140275102B800021BDE83840092012F0AEBE074A93
S21402752013888B421CBF0133138038BD9E5E002039
S214027530CC680020526800200C420020A65700208B
S21402754010B5044661B1FF2112F0E9F80021204689
S21402755012F0EBF812F019F80146204612F0EBF89A
S2140275602146BDE810400022014816F0E9BD00BFE2
S214027570085800202DE9F0410D461746044612F041
S2140275802DF906782846FBF777F9294680462046E5
S21402759012F05BF812F0C2FAA84206D12046012188
S2140275A0FFF7CEFF0120BDE8F0812846B8F1000FB4
S2140275B00AD0FBF7EFF950B9144B3A462046BDE81D
S2140275C0F0411978FCF7FABE13F030FEF3E706F046
S2140275D00306012E08D012F0A1FA002322462946FD
S2140275E002F030FF0028D9D1204611F0EAFF430509
S2140275F005D52046BDE8F041002112F0D1BB204659
S21402760013F0E7FDB0FA80F04009CCE7B06800203E
S21402761010B586B0044614F039FA104B02461868C4
S21402762019790290D3F805005B7A01328DF814308E
S21402763000238DF80C1004902146009392B2052385
S21402764004A816F014FE052204A902A8F2F7CEFF3B
S214027650B0FA80F0400906B010BD00BFBCC70400F7
S21402766008B50748FAF7B6FE064B1B78033B012B14
S21402767005D8BDE8084000210846F9F75FBF08BDF7
S214027680746700209E5E002008B5114812F075F956
S214027690104B1B78012B06D8FF2009F0FDFBFCF7E8
S2140276A051FD08F09DFCFCF76BF902F06BF9FFF751
S2140276B001F914F082FB0BF05BFBFCF7F9FE0BF012
S2140276C085F810F081F9BDE8084003F0B1B900BFB3
S2140276D0C8500020B168002008B5EFF701FDFF286A
S2140276E003D0094B1B78012B06D9002009F0D4FBE6
S2140276F0FCF728FD08F074FCFCF742F902F042F9A8
S214027700BDE8084003F094B9B1680020064B18782B
S214027710112806D000F0FD00A0F14103584258415E
S21402772070470120704700BF9D5E00202DE9F041A2
S2140277300446FCF7AFFC18B100263046BDE8F081DF
S2140277401D4B1B78033B012B09D81C4BB3F8681062
S2140277504FF6FF739942EFD0204611F076FF184B92
S214027760022120461A88FCF729FE06460028E3D0A6
S214027770204612F033F890F807800546043016F0DB
S21402778075FC074612F0CAF9414602463846FCF72F
S21402779099FCA81C16F06AFC4FF6FF73984202D1B9
S2140277A02046FFF7ABFA2B789B07C6D1012120466D
S2140277B0FFF7C6FEC1E700BF9E5E00200050002015
S2140277C0065800202DE9F04F002585B007460395A0
S2140277D012F004F80646043016F048FC8046B01C48
S2140277E016F044FC337804464046009316F09CF9A3
S2140277F082464046FBF740F83378BAF1FF0F0CBFDB
S21402780083464FF0010B9A070AD112F087F94045DA
S21402781014BFD9464FF00109B3791BB90320B9E06A
S214027820A946F9E712F07AF9A04205D112F076F9E4
S2140278300446994B1B7836E0984B1B78052BF8D0FC
S214027840033B012B03D8964BB3F86840F1E720467A
S21402785016F006FD737840B313F00402DFF83882A0
S2140278600BD198F800301A4421463846D2B2FFF7B8
S21402787081FE0028D2D000208CE0384614F0C8F8EA
S2140278800146054638460AF0A1FD421C520029462A
S214027890384602F0FE0212F036FD737823F0040337
S2140278A0737098F800300022DDE75B0726D538466D
S2140278B014F0AEF80146064638460AF087FD8246C0
S2140278C006F101091FFA89F9494638460AF07EFD93
S2140278D0DFF8C481BAF1000F01D0FF2805D10022DB
S2140278E0494638460AF086FDDBE7B11C01EB40014B
S2140278F0C9B2384613F0EDFF0446D2E7204603AA83
S21402790002A913F0E3FD0546B9F1000F4AD0009B29
S21402791003F0C003802B0ED1FF2320468DF80930DA
S2140279200BF03EFAFF281BD00DF109020DF10A01F9
S2140279300BF02AFC14E0402B34D19DF808308BB3B0
S214027940FF2320468DF809300BF02AFAFF2807D0CD
S2140279500DF109020DF10A010BF016FC2D281CD1BF
S2140279603378404603F03F03337016F079FC10B9C3
S21402797012F0D4F88046002342461946204608F004
S2140279804FFE00283FF44AAFC822072138460AF0C5
S21402799055FF012005B0BDE8F08F9DF80930FF2B9A
S2140279A0DED12546039838B99DF80820002A62D110
S2140279B0394B2C461B7856E709F032FA039AFF2811
S2140279C00346127908D1CDE900204FF4E17135481B
S2140279D016F06EFADDE90023B9F1000FE4D002F0EA
S2140279E03002102A0AD0202ADED1BBF1000F24D0A2
S2140279F05146184609F016FC0028D5D1DFF8A890A3
S214027A0099F80030012B45D0204610F0A3FC28B987
S214027A102A4621464046F37913F0DBFCA54212D1F2
S214027A20039A137923F00C0313719DF80830ABB94F
S214027A302C46194B1B78302215E7039B1B7913F053
S214027A400C0FDBD1B0E799F80030022BE8D0039A8E
S214027A50137923F00C0343F00403E5E701212046E3
S214027A6012F0A0FA20B920460BF09AF9FF280FD0A0
S214027A70094B1B78DFE70121204612F093FA002813
S214027A807FF4D7AE20460BF08BF9FF287FF4D1AEF9
S214027A9002207FE7A542D9E7065800209E5E002016
S214027AA000500020217C04004E5F002038B50E4BAB
S214027AB004461B780D46033B012B10D900F1080340
S214027AC09BB2012B0DD812F029F800230246294654
S214027AD0204608F0A5FD80F00100C0B238BD0120A6
S214027AE0FCE70220FAE700BF9E5E00202DE9F04187
S214027AF0064610460D4613F0C9FFA0F11004E7B281
S214027B0056FA84F42146EA1B04F10E00F2F774FAE0
S214027B102823DFF84480F35598F80030637301F0A9
S214027B2045FF611C0246012010F04EFC082209495E
S214027B30601DF2F761FA98F8000013F0BDF905F13E
S214027B400E0130463B460022C9B201F0E1FF122088
S214027B50BDE8F081205F0020985E00202DE9F04FFE
S214027B6089B0044611F03AFE0546204611F099FD0A
S214027B700746281D16F07AFA8146A81C16F076FAF1
S214027B800390384695F807A016F06AFB2B78049007
S214027B90990761D12146042002F0C2F800285BD082
S214027BA0204613F073FF014620460AF00FFC8207B8
S214027BB052D1204613F06AFF014620460AF006FC20
S214027BC010F00303059347D12046FFF721FD002856
S214027BD042D0204614F04FF8461C204615F0A0FD71
S214027BE0F6B206F10A0B834580F29F80504A06AB36
S214027BF01068516803C3711C20460AF0E7FB314641
S214027C00804620460AF0E2FB594600EB082820464A
S214027C100AF0DCFB8346059B2146B21C009306A8AD
S214027C20082316F024FB1FFA88F8204611F039FDC7
S214027C305A46414610F0BCFB0122404606A901F016
S214027C409BFB002871D102200BF036F8013003D1DD
S214027C50404606A9EFF712FB11F060FF48453A4688
S214027C60514608D112F0CCF900285ED109B0BDE821
S214027C70F04F01F077BB484612F0C2F9002854D103
S214027C802C4B1B781BB93946484612F056FB3A462F
S214027C9051464846FCF716FA002846D0297811F0D5
S214027CA0030102D12046FFF74BFCAB79002B3CD0F8
S214027CB0214B1B78DA1E012A37D9062B35D06B7872
S214027CC0DB070DD503982E7A13F095F910B3F30857
S214027CD003F01C0326F01F06334343F001032B7206
S214027CE04FF6FF71204611F0B0FC049BDBB90FF093
S214027CF059FE00F03F0202212046FCF75FFB4FF6DA
S214027D00FF73039A9A4210D1204609B0BDE8F04F9D
S214027D10FEF7F4BF06F01C031C2BE1D0042B04D99B
S214027D20043E2E72DCE70022E5E709B0BDE8F08FDC
S214027D3013050400945E00209E5E00202DE9F043A9
S214027D4085B004460E46174611F045FC0C28204620
S214027D507BD111F043FD0922002115F005FC00F14C
S214027D601005EDB2294620460AF030FB042853D00F
S214027D7006D8012815D0022822D005B0BDE8F08327
S214027D807C28FAD1204615F0CBFC0546204615F095
S214027D90ABFC02463046E9B205B0BDE8F0430FF050
S214027DA02DBE46B91321204613F093FD05B0BDE85B
S214027DB0F04311F0DCBE05B0BDE8F043FCF7ACBE04
S214027DC09D4B1B78013B012BD7D82046E91C0AF0B5
S214027DD0FDFA074686B978B9691C204613F079FD84
S214027DE00546214613F056F83A462946102005B0B5
S214027DF0BDE8F04316F003B90025082321461522F4
S214027E0000950DEB030016F032FA284602A915F08B
S214027E105BFE13F07CFAB0E7884B1B78022BACD1E2
S214027E2046B9FEF73FFDC2070AD5FEF7D7FC002F7C
S214027E3008BF3F26304605B0BDE8F0430FF0EABD66
S214027E40FEF714FD0028F0D0F1E711F0C7FC8046DB
S214027E50043016F00BF9074608F1020016F006F990
S214027E604FF6F773984205460CD8754A13880133C5
S214027E709BB213800BB9734A13801EB1714A1388E2
S214027E800133138098F8009009F00309B9F1010F45
S214027E9040F08380204613F0F9FD014620460AF0A2
S214027EA095FA043809283FF668AF01A353F820F084
S214027EB0D97E02007B7D02007B7D0200FD7E0200F1
S214027EC07B7D02007B7D02007B7D0200E57E020058
S214027ED07B7D0200E57E0200204605B0BDE8F04349
S214027EE0FFF7D4B9544B1B78042B7FF446AF00211E
S214027EF0084605B0BDE8F043F9F720BB4E4B1B78A9
S214027F00013B012B3FF639AF404613F0FCFD00273C
S214027F104D4B01465B898DF80A70ADF80830002893
S214027F203FF42BAF384615F0CFFD0546204613F03A
S214027F30ADFD421C03232146009792B202A816F01A
S214027F4096F99DF80A30E6B93C4A1278022A18D108
S214027F50BBB9FF2DBDF808400AD03C4A214632F88C
S214027F601530284623F4806322F8153013F0AEF954
S214027F70204613F08CFA00222146102016F03FF815
S214027F80FBE6022B3FF4F9AE2BB9304B33F8153033
S214027F905B053FF5F2AE28463BE7B9F1000F7FF4EA
S214027FA0ECAE3146204604F0BBF8002E3FF4E5AEB8
S214027FB04FF6F7739D423FF6E0AE98F8016028460A
S214027FC016F0040620D113F0AFFA044628467CB118
S214027FD013F02CF90346F0B90C22009029463846D5
S214027FE012F009FB0C22002339462846009308E0CB
S214027FF013F01CF90346B8B9154A009012782946C0
S214028000384612F0F8FAB8E613F010F9034678B9D3
S2140280100B220090F3E7062233462946384600969E
S21402802012F0E9FA0622DEE7234600940622E6E785
S2140280304B46CDF80090F9E79E5E00209D5E00203C
S214028040AE570020AC570020BCC70400985700204B
S214028050F06800202DE9F04F05888BB004462846CC
S21402806011F0BCFB8046043016F000F8074608F113
S214028070020015F0FBFF05A90190284613F050FDFB
S214028080284613F003FD0146064628460AF09EF9E6
S21402809098F80030029003F00303012B0CBF8246CF
S2140280A04FF0FF0A15F0F8FEB4F806B0814611F05C
S2140280B035FD98F8073000903846039301F08AF8A9
S2140280C0002838D1019801F085F8002849D1FCF73C
S2140280D0B9FAA9EB0B0B1FFA8BFB8146FAF774FB76
S2140280E0002844D1FFF712FB002840D1A14B1B7891
S2140280F0033B012B42D8BAF1060F00F0BE80BAF15C
S214028100040F00F0BA80FFF701FB20B1029B03F0D8
S2140281100303012B32D0FAF7B1FA28B9964B1B7833
S21402812003F00F03062B6FD1944B2846B3F8681062
S21402813011F08BFA22E0284611F050FB023015F0BF
S21402814095FF4FF6F773984206D9039B23B9284644
S214028150FFF75EFA0028B5D1A37823F00F03A370C9
S21402816054E0019816F07CF80028B0D1F4E7A9F1A3
S21402817004095FFA89F9B9F1020FB7D8BAF1010F0B
S21402818040F0A280284611F04AFA4FF6FF73984252
S2140281906AD100233146284607AA13F0DBF8804648
S2140281A00028D9D042799DF82530934209D9711D0D
S2140281B0284689B20AF01EF9A37823F00F03023389
S2140281C0A3700FF0EFFB7E23B0FBF3F202FB130368
S2140281D003F58073A3809DF8263013F0180F0BD09A
S2140281E0A378190708D1009BBB4205D0384698F8F9
S2140281F0052005A90FF01EFC9DF82700003818BFC1
S21402820001200BB0BDE8F08F2823A3800020F8E7FA
S214028210584B1B78033B012B5FD940F6B8339B457E
S2140282209AD80FF0BFFBFF238DF81330002300F01F
S2140282303F00C0F5FA70A08007A90DF113008DF873
S2140282401C30FBF7A3FF054698F80710384611F0D6
S214028250CBFE002D80D09DF81C20013A032A7BD845
S214028260DFE802F0807A697D4FF6F773019A9A4248
S21402827024D898F80130DA0720D4284611F0CFF92E
S21402828015F08BFF012808BF3D4BA27809BF1B786B
S214028290FA2303EB830303EB830302BF9B00FA3349
S2140282A09BB212097FF458AF5B45FFF455AF0FF04F
S2140282B079FB00F01F001030A08053E02D4B1B7896
S2140282C0033B012BA9D8D8E74FF6F773019A9A42D7
S2140282D09ED898F80130DB079AD4BAF1020F53D130
S2140282E00123314607AA284613F034F8074611F050
S2140282F015FCBDF82230984236D1002F3FF42CAF41
S21402830001227B883146284608F00EFB1D4A137868
S2140283100133DBB288F8073013707B88BDF81E2065
S2140283209A421FBFA37823F00F030233A3704FF4C1
S214028330C873A38016E0009BBB4213D000283FF40C
S2140283400BAF426801323FF407AFC2789DF8133094
S2140283509A42BFF401AF05E0009BBB4202D0A2786E
S2140283601209EBD101204CE7184615F079FF0028D8
S214028370C3D182E79E5E00209D5E00200050002052
S214028380C26800209B5E0020BAF1030F7FF475AF2F
S214028390009BBB427FF471AF711C284689B20AF07B
S2140283A015F80C287FF469AFFBF7E2FC4FF6FF7373
S2140283B0984201463FF461AF284611F046F95CE761
S2140283C02DE9F3410446008811F008FA0546043008
S2140283D015F04CFE0646A81C15F048FE074615F09A
S2140283E05BFD05463046B4F8068000F0F3FE06460E
S2140283F048B9384600F0EEFE58B9194AA378127802
S214028400033A012A0BD8A378002623F00F03A370A1
S21402841021E0384615F024FF0028EED1F3E71B09C9
S214028420F1D1A5EB0805ADB2B5F5C86FEBD80DF1E5
S2140284300301384601AA019313F048F89DF8035049
S214028440014645B94FF6FF73984204D001262088AC
S21402845011F0FBF8A580304602B0BDE8F08100BFFF
S2140284609E5E00202DE9F04105460C4611F0B3F859
S214028470082802D10120BDE8F081201D15F0F6FD86
S2140284800646284694F8078011F00BF90746284658
S21402849011F097F8010612D5184B1B78042B0ED153
S2140284A0174B1B78022B0AD1164BB3F868204FF6EF
S2140284B0FF739A4203D000210846F9F73FF8124BA1
S2140284C01B78002BD6D1A01C15F0D0FD4FF6F77303
S2140284D0984202D86378DA070DD523789B070AD12B
S2140284E03A464146304611F08BFD80F00100C0B29C
S2140284F000F00100BFE70120FAE700BF9E5E002001
S2140285009D5E002000500020505F00202DE9F04FB5
S2140285109DB0044611F05FF80546204611F05BF860
S21402852008285AD14FF40043102200212046ADF805
S214028530503011F0E8FE204615F0D6F80DF0F2FBAA
S214028540002321461A460C2000930DF0AFF998B38B
S214028550204615F0C9F814A902461020FAF7D6FDEF
S2140285600501204615F0C0F814A902464020EDB2D7
S214028570FAF7CCFD10B120460FF028FA204615F087
S214028580B3F814A902468020FAF7C0FDB8B99DB127
S214028590102517A806F0A2FD2046BDF8507015F06B
S2140285A0BFF80646204615F09FF829460090F3B21B
S2140285B0384617AA0FF0A8FA1DB0BDE8F08FBDF82E
S2140285C0503017A8ADF85E40ADF85C300FF0EAFE0A
S2140285D00028DCD145F08005DBE7204611F04EF896
S2140285E0B0F5006F40F00581204611F05AF80646B5
S2140285F0042D40F00181204610F0E3FF80F4006075
S214028600C0F3C02000223146400015F0F8FC954B1E
S2140286101A78022A0DD0FFF779F850B902F0FD0356
S214028620312B06D0043A012A03D98F4B1B78002B34
S214028630C2D02146022001F073FB05900028BBD071
S2140286402046ADF8464011F0C9F80446BDF846008B
S21402865011F027F80546201D15F008FDA31C8346D9
S2140286601846039315F002FD12A90746BDF8460008
S21402867013F056FA63780690BDF8460094F8008028
S214028680099313F003FA6378064608F003082846AF
S2140286900C93FAF7F1F8B8F1010F0CBF032302238B
S2140286A00E93724B08BF4FF00B091D80237818BF3C
S2140286B04FF00A0903F03C03082B0D907FF47CAFC1
S2140286C0BDF8460015F02CF8B0427FF675AFB8F14B
S2140286D0010F03D0237898077FF46EAF644BB3F88C
S2140286E06830AB420DD1634A634BB2F9001093F97E
S2140286F00030002900F0A58001EB0313A3EB211341
S21402870013804FF0010AA6F11003DBB207938DF82F
S214028710453010224846BDF84610CDF800A00DF1AF
S21402872045030DF0C3F800283FF446AF099B13F04B
S21402873002030A9300F00A81504B1B78002B3FF489
S2140287403BAFBDF84690484613F0A0F900230890C8
S2140287504846CDE917331993ADF8683010F0A1FFFB
S214028760089B039003F10E01484689B213F061F9A3
S214028770002870D000234946089A009317A80E23B3
S21402878015F075FD50460DF15D010FF02BFE9DF8BC
S21402879069300B9004939DF85C30282B5BD10DF169
S2140287A06100FAF7F3FB0F90002854D1049812F0F8
S2140287B083FB0F9B002867D1314B049A1B78D31A90
S2140287C0190648D404F04CFD50453CD115F069FB1F
S2140287D02C4E0546346824B104F048FD2C1B844216
S2140287E039D30023FF2219461846FCF73DFB3560B5
S2140287F031E04FF6FD76FBE64FF6FF70301A18BFF3
S214028800012000223146400015F0F9FB0C2D0DD157
S2140288102146012001F084FA00283FF4CDAE21461D
S21402882000201DB0BDE8F04FFDF700B92DB9204677
S2140288301DB0BDE8F04FFDF75FBD042D7FF4BCAE62
S214028840E5E61B025CE704F00BFD022803D104F008
S214028850E9FC0028BAD000221920039915F0CFFBB4
S214028860AAE600BF9D5E0020505F0020245800202C
S21402887000500020F65700204C5F0020995E002032
S214028880985E00201051002010214846089ACDF824
S21402889000A012F04FF90028DDD0A64B049A1B78F0
S2140288A0934240F0AA8003990DF1610214A815F0D4
S2140288B0D7F8012114A8FAF743F8824648F20301D2
S2140288C014A8FAF749F9BAF1000F03D0082114A840
S2140288D00FF023FD484613F0F7F803990DF16100F7
S2140288E0FBF7E6FAFE288246B5D0FF280AD103989F
S2140288F015F099FCFF28824600F087800DF1610191
S214028900FBF750F98B4B049A1B78934200F0A38036
S21402891050460B99FBF7B2FA00283FF44DAE50468C
S2140289200B99FBF7BDFA23789A070FD1484613F046
S214028930ADF80146484609F049FD00F0030001285B
S21402894004D103980DF16101EEF798FCBDF84600DC
S21402895010F037FE030440F18580204615F086FBB2
S21402896040F4007189B2204615F082FB00224FF4D3
S2140289700041BDF8460010F015FEDDF81490012304
S21402898010220093BDF846100E980DF145030CF028
S2140289908DFF00283FF410AE032866D1204615F05E
S2140289A065FB40F4007189B2204615F061FB28464B
S2140289B015F056FC002840F0B780DDF81490B8F1A8
S2140289C0010F40F0C1800320BDF8461001F0A8F95F
S2140289D0002840F0B9803146BDF8460009F0F6FCA2
S2140289E00F2801467FF6E8AD4FF6F7739F423FF633
S2140289F0E3AD284611F0EBFCDEE55046049903F0A1
S214028A0049FD00287FF44FAF25E7237803F00303E0
S214028A10012B08D1484613F039F80146484609F0BA
S214028A20D5FC082892D0444B1A78444B1B789A42BD
S214028A3009D20DF161010398FBF768F8039815F067
S214028A40F2FB82465EE7A01C15F010FB4FF6F773AA
S214028A509842EED9FFE65046FBF79AFA00283FF412
S214028A6057AF5CE74FF0000989E7284615F0F8FB98
S214028A700028A4D00A9B002B58D1B9F1000F53D17D
S214028A80B8F1010FBDF846009DD0314609F09EFCB4
S214028A908246DFF8B09099F80030002B5FD011F0D4
S214028AA03DF887427FF488ADB8F1010F40F082802E
S214028AB0BAF1070F78D8BAF1050F7FF67DAD204BD5
S214028AC01B78022B02D0043B012B03D899F8003006
S214028AD0002B4BD00C9B980640F1BB800D9B002BC5
S214028AE040F0B380284615F01FF8FF2840F0AD800E
S214028AF05D457FF461AD069B002B00F0A48012ABAF
S214028B0046F204020124ADF85C20019321460223BA
S214028B102846009417AA12F095FF00283FF44CADA1
S214028B20214611F03DF947E5DDF81490284607F096
S214028B3053FD44E7985E0020975E0020C36800203D
S214028B409D5E0020995E00203146BDF8460009F081
S214028B503DFC0A9B824613B9B9F1000F99D0A84B87
S214028B601B78022B02D0043B012BB3D8284600F018
S214028B7031FB814600287FF41FAD10F0CFFF8542FF
S214028B8022D1A04B1B78033B012B19D89E4BB3F87E
S214028B90684010F0C3FF4B4601460D222046CDF832
S214028BA0009011F028FD07E5AAF10E03DBB2012BB7
S214028BB085D901E50AF00303012B7FF4FDAC7EE7BD
S214028BC0012000F0A5FBF7E4284615F049FB58B94A
S214028BD010F0C1FF4FF6FF73984205D015F054F817
S214028BE010B92846FAF738FF284615F039FB88B13F
S214028BF010F0B1FF4FF6FF7398420BD015F044F811
S214028C0040B9B8F1010F02D1BAF1060F02D02846D8
S214028C1007F04CFA069BA3B919460122584600F003
S214028C20ABFB814600287FF4C7AC204612F06BFFF0
S214028C304A460146384600F09FFB00283FF44AAFFA
S214028C40BAE412A9E9E7069B5AE7637823F0200301
S214028C5063704FF6FC739F4275D16A4B1B78033BD9
S214028C60012B7FF6A9ACA3790BB1013BA371637804
S214028C70590727D50023584617AA14A9179312F0A6
S214028C8025FC1798F0B108F0CBF88146384614F068
S214028C904BFF179A0146137903F03000102806D0CE
S214028CA003F00C0008281CBF23F00C031371137981
S214028CB003F03303202B05D1FF2903D001224846B7
S214028CC008F078FA284614F02FFFFF281EBF00226D
S214028CD04E4B43F82020099B03F001094FF6F77329
S214028CE09F4200F21381B9F1000F40F01C81294621
S214028CF0584611F022FB10F011FF874200F0DF8089
S214028D00384615F0ADFA00284AD0B8F1010F30D136
S214028D10BAF1010F20D14A463146BDF8460007F0A7
S214028D205FFE384615F09CFA394B1B78002B78D13B
S214028D30584615F095FA002870D1384615F090FA84
S214028D4000286BD138E44FF6FD739F428BD12D4B32
S214028D501B78042B87D12FE4384615F081FA50B3DE
S214028D60BAF1030F27D13146BDF8460011F07BFC5D
S214028D7022E4384615F074FA384612F057FA0028FC
S214028D8048D0002339465846BDF8462001F05AFB23
S214028D9000283FD00021BDF84600FEF7D1FB0BE4C9
S214028DA0384615F05DFA18B1B8F1010FD8D0E3E7EE
S214028DB0B8F1010FE0D1164B1B78002BB8D0BAF1F0
S214028DC0050F2ED110F0AAFE8DF85C0010F0A6FE5C
S214028DD0000A8DF85D000123022217A90DF1460054
S214028DE0F9F74CFA00287FF4E7AB711CBDF8460091
S214028DF089B209F0D9FA03780133037011E000BF93
S214028E009D5E00209E5E00200050002090400020C4
S214028E10C96800209A4B1B78002B89D0B8F1010F45
S214028E20CDD063785A070CD5BDF84640204612F0DE
S214028E30EFFD411C89B2204609F0B6FA0378013BE1
S214028E400370904B1B78033B012B30D8B8F1010F0F
S214028E5006D1BAF1050F1FD110F060FE834522D16C
S214028E60BDF84600FEF7AEFC02281CD1002158468B
S214028E7017AA08F021F930B10379458003F03C03C4
S214028E8043F04003037100237F4A00933946584655
S214028E90127811F0B0FB06E0BDF84600FEF792FC31
S214028EA0BAF1030FE0D1002239461C20D6E4BDF801
S214028EB04600FEF787FCB8F1010FD5D1F0E7B8F10E
S214028EC0010F7FF467AF0AF1FF330C2B00F2AA8082
S214028ED001A252F823F000BF3B8F02003B8F020034
S214028EE0678D0200518F0200618F0200858F02009B
S214028EF0A78F0200D38F0200E98F0200E98F0200DB
S214028F00F58F02000D90020019900200B8F1010FD1
S214028F1000F09480B9F1000F08D1BDF84600FEF7C4
S214028F201DFEFFF749BBB8F1010FCCD0237A03F040
S214028F300303012B7FF440ABEFE7AAF102035A4288
S214028F403146BDF846005A4107F04AFDFFF734BBEA
S214028F5032465846BDF84610FEF7D6F8FFF72CBB49
S214028F60711CBDF8460089B209F030FA0236F6B234
S214028F700246BDF846305846009612A90AF054F842
S214028F80FFF71ABB3F4B1B78013B012B3FF614AB96
S214028F90079B0121009300202346BDF8462011F0CE
S214028FA099F8FFF709BB374B1B785A1E012A07D9D7
S214028FB00120079ABDF84610FCF71AFCFFF7FCBA28
S214028FC0022B7FF4F9AAF9F7FFFB0028F0D1FFF78E
S214028FD0F3BABDF8460006F069FEFFF7EDBABDF833
S214028FE04600FEF721FA98E7BDF84600FEF71CFA9F
S214028FF0FFF7E2BA234B1B78013B012B3FF6DCAAB4
S214029000BDF84600FDF736FDFFF7D6BABDF84600B6
S214029010FDF780FDFFF7D0BABDF846000FF0BCF9A9
S214029020FFF7CABA334622465046BDF846100FF03E
S21402903085F900287FF4C0AA5146DAE40AF1FF3324
S2140290400C2B3FF6B9AA01A252F823F03B8F02007E
S2140290503B8F0200678D0200518F0200618F020073
S214029060858F0200A78F0200D38F0200DF8F0200D7
S214029070DF8F0200F58F02000D90020019900200A9
S214029080C96800209E5E0020F068002010B500210E
S214029090114810F019FC0446E8B110F02BFB0F4BF8
S2140290A01870204610F02BFB0D4B1870204610F05F
S2140290B02CFB0C4B1870204610F02CFB0A4B186049
S2140290C0012014F0F2FE2046FFF720FABDE8104019
S2140290D0002014F0EABE10BDD45700204D5F0020D9
S2140290E04C5F00204B5F00200851002070B5164EE2
S2140290F0044633680D46E3B110F06DFA0C2818D119
S214029100204610F06BFB09220021044614F02CFACC
S214029110235C042B0DD10D4B1B78033B012B08D887
S2140291200B4C25B10B4B22781B789A4203D30023B3
S2140291302370002070BD0848316814F0C1FB237804
S214029140012001332370F5E70C5100209E5E0020BB
S2140291504F5F0020EF68002074670020014B93F9F0
S21402916001007047F6570020014BB3F868007047BD
S2140291700050002070B50024124D2C70EDF762FEF0
S214029180E6B2B04212D8104B1B78013B012B04D832
S21402919000214FF6FF70FBF719FF00220B4B1A70E7
S2140291A00B4B198801B11A80012070BD304614F0AD
S2140291B013FDC30748BF2B7804F1010444BF0133F3
S2140291C02B70DBE7965E00209E5E00208D5E002000
S2140291D0A857002038B50B4B05461B7873B10133F0
S2140291E05C08094B188814F07FFA002330F8132025
S2140291F0AA4205D00133DAB2A242F7D3002038BD24
S2140292000120FCE78D5E0020A857002030B50546F9
S21402921085B008460C4615F01FF8FF280CD011F052
S21402922052F9012200210346CDE90112009221469D
S2140292302A460720FBF77AFA284614F075FCFF2820
S21402924004460FD014F0C8FCC2070DD5204614F011
S214029250C3FC830708D40B4A32F8143043F4806305
S21402926022F8143005B030BD11F02DF9012200218C
S2140292700346CDE90112009207202A46FBF756FA6A
S214029280F0E700BF985700204FF6FA72431E9BB2D3
S214029290934270B504462AD8FFF79CFF38BB194B99
S2140292A01B78042B23D0204614F0BDFFFF2801D0E4
S2140292B0FAF702FB204612F0E2F808B107F0C6FD04
S2140292C02046114E04F046FA20460EF0B1FB3178E5
S2140292D00E4D69B1288814F007FA054601461E228B
S2140292E00230F0F789FE2C8033781E2B07D970BD2A
S2140292F0202014F06DFA28800028EBD1F7E702331D
S2140293003370F4E79E5E00208D5E0020A857002092
S21402931037B5134B05461B78022B1FD110F0FEFB08
S214029320044610F0FBFBFFF7AFFF11F0CCF810F08D
S21402933001FC0020FBF73CFD40F607400EF004FC63
S2140293403DB100230D2221464FF6FD70009311F029
S21402935052F903B0BDE8304004F032BF03B030BD6E
S2140293609E5E0020034B1B7813B90120FFF7D0BF87
S214029370704700BF945E0020F7B504460D461746B8
S21402938010F0CCFB0646002D47D04FF6FB739C42EE
S21402939043D82046FFF71EFF30B1A64204D1204B29
S2140293A01B78033B012B38D92046FFF713FF10B179
S2140293B0012003B0F0BD20460EF00AFBC0B1A64263
S2140293C0F6D00CB369462046F9F758FD0246D8B9DE
S2140293D00821684610F034FBB0B9082269462846D0
S2140293E0F1F704F980B12946204611F09CF8DFE730
S2140293F0A642E6D12846F9F7C9FD28B90120FFF7AB
S21402940087FF06F0DFFDD3E73FB121462846FAF78D
S214029410E7FB2146284604F0B9F90020C9E700BF59
S2140294209E5E0020044A13782BB1013BDBB2137018
S2140294300BB9024A138070478D5E0020A8570020A1
S2140294400148F8F7D7BC00BFA85700202DE9F0471F
S214029450804617460D468CB061B903AE00211B4804
S21402946014F068FE4FF000090446DFF860A01CB94D
S21402947020461DE00E46F1E7002221462423304610
S214029480CDF8009014F0F3FE082241463046F1F77C
S214029490ADF8A8B9337C9BB96FB945B92A462146BF
S2140294A00A4810F030FA0A4A1388013B138001205A
S2140294B00CB0BDE8F0873B88B28953405B06ECD51A
S2140294C02146504614F05AFE0446D0E70C580020B7
S2140294D00A580020024B1888003818BF012070472F
S2140294E00A58002040232DE9F04397B0074611A8FA
S2140294F08946ADF80E300EF0B1FB02238DF84430EB
S214029500002304AE3146384604937360F9F7B6FC7E
S2140295100546002840F0958038460EF01BFF804630
S21402952010F0FCFA0446002840F0BB8099F801309F
S214029530042B40F0B980EDF791FC022840F08480BD
S214029540EDF78CFC022840F08B8096E8030003239C
S2140295508DF8443012AB83E803009DF851300021A9
S21402956043F00603102209A88DF85130F0F7F2FCFA
S21402957009A911A80EF007FD40B111A80EF06EFB66
S21402958030460DAB09AA11A90EF002FEBDF8463010
S2140295900DA943F0040311A8ADF846300EF04CFDB9
S2140295A0102209F10A010DA8F1F720F80546002855
S2140295B072D1EDF753FC022806D13146FF2009AAE4
S2140295C00EF008FD00286AD134240025EDF746FC8B
S2140295D0022808D19DF851301B0704D430460DF1FD
S2140295E00E0111F0C0F92146304611F0E5F91023BC
S2140295F08DF8183004238DF81A303346002203CB38
S214029600CDF81B00CDF81F1006A80B218DF81950B7
S21402961010F0FFF8024638B1002D14BF01230323D1
S2140296203146384603F078F8B8F1000F09D0342CEA
S21402963007D106A83246394614F012FA06A80EF0EA
S2140296406FFE17B0BDE8F0832346214630460094ED
S21402965011AA01F05FFE00283FF472AFAD25C6E7FF
S214029660EDF7FCFB012891D1104B1B6803F0840335
S214029670842B8BD196E8030002238DF84430102306
S214029680ADF8463012AB83E803009DF8513043F044
S21402969002038DF8513079E73324AD2596E7052489
S2140296A094E72C46A325A2E7AA25A0E7804200203D
S2140296B02DE9F04336488DB0F8F78CFE14F0F1FB36
S2140296C0344D2B68C41A4FF47A73B4FBF3F4A4B285
S2140296D014B114F0E6FB28602F4F4FF6FF763B8856
S2140296E0DFF8B880ADF80A3000233B8000210DF188
S2140296F00A0010F0E9F8054658B9284B1B882BB12A
S2140297004FF47A712248714314F0DAF80DB0BDE8CE
S214029710F0834FF0000924234A462946CDF80090EC
S21402972003A814F0A4FDBDF81A30A34294BFDB1AB6
S2140297301B1B9BB2ADF81A30CBB910F0EFF9BDF88F
S214029740183003F04003184380B218B9322103A838
S2140297500EF0E0F9BDF818301B0602D508980EF098
S214029760E6FBB8F80030013BA8F80030BEE79E42A0
S21402977028BF1E4601234A462946009303A82423EF
S21402978014F075FD4A462946384614F0D9FCADE772
S2140297908C410020145100200C5800200A5800204A
S2140297A0F0B50446304A8DB01068516801AB03C369
S2140297B0A378012B54D1162200210DF11A00F0F7DE
S2140297C0C9FBD4F82110D4F81D0003AB03C32388C9
S2140297D0190644BF62680892DA050BD5221D08AE48
S2140297E004F11407354610685168083203C5BA42B8
S2140297F02E46F7D1ADF8183013F0040318BFA3694C
S2140298000593EDF749FB0023ADF81A008DF81C30DE
S21402981010F084F9E0B906A903A811F0A4F8002212
S214029820242103A80FF0F5FF0446D8B10020FFF765
S2140298303FFF002221460D4814F082FC0C4A00200D
S214029840138801331380FFF733FF00200DB0F0BDFD
S214029850082201A903A8F0F7C9FE0028DFD0DAE73C
S2140298600220F3E71920F1E7130504000C58002044
S2140298700A580020F7B5044600200E46FFF718FFE8
S214029880104B1B88A34202D8212003B0F0BD002152
S2140298900D4814F04FFC002501460B4F0029F3D06B
S2140298A0A54208D10024242322463046009414F010
S2140298B0DEFC2046E9E7384614F060FC0135014636
S2140298C0ECE700BF0A5800200C5800200148F8F7C1
S2140298D091BA00BF0C580020014B1888704700BF91
S2140298E00A58002030B5154A8DB0516805461068F2
S2140298F001AB03C307A80EF0B1F9DDE901010323AA
S21402990008AC84E803008DF81C309DF8293003A9C2
S21402991043F0020307A88DF829300EF034FB10B18D
S2140299202D200DB030BD23462868696803C303A9FD
S21402993007A80EF00DFB0028F3D0F1E7130504008C
S21402994070B50C4611460E4A23781278064613F076
S214029950200542EA0302227018BF611D0822F0F7B2
S2140299604BFB002D0CBF05200D20D4F80130B36050
S2140299702378337303F01803082B08BF013070BD39
S214029980995E0020042307B501200DEB0301054A6A
S214029990F8F79AFD019B044A1B03136003B05DF8B7
S2140299A004FB00BF63E511007042002010B5064CB0
S2140299B02368C3F30B0313B90448E2F74FF9206890
S2140299C0431C236010BD00BF7042002063E51100F7
S2140299D0014B1868704700BF7042002007B5002090
S2140299E0054B064A186004230DEB03010190F8F7B5
S2140299F06BFD03B05DF804FB7042002063E51100C6
S214029A007FB511230A4A012001A9F8F75DFD094B2B
S214029A109DF814201A70084B1B780BB1052B05D144
S214029A200DF0BFFF012007B05DF804FB0020FAE747
S214029A3079EB0100985E0020995E00202DE9F04F38
S214029A400646CBB0884600880121174613F084FEEE
S214029A502E4B3A463188ADF8160006A811F03FF8AC
S214029A600DF1280B5A464146C419308810F0C1FF42
S214029A70E4B208EB0003A34208BF044605464FF0D3
S214029A8004091CBFA4EB0804E4B223465A4601218B
S214029A90CDE900090BEB050ACDF808B02D1B06A888
S214029AA0EDF746FEEDB20BEB040300930195234659
S214029AB05A464146308810F0CAFF34883946204656
S214029AC008F084FC394600F0F802204608F092FCC2
S214029AD00121308813F040FE01234A46514680B1E8
S214029AE00DF11600F8F7CAFB01210446BDF8162050
S214029AF0308813F045FEB4FA84F040094BB0BDE856
S214029B00F08F3046F8F7BAFB0446F4E7205F0020F1
S214029B102DE9F04FC9B0044688469246C118224A3B
S214029B2004A81F46FFF70CFF4FF00409C519EDB253
S214029B3008AB0293A5EB0A0BA8EB0A035FFA8BFBB2
S214029B40A8EB0506DBB2F6B204EB0A02009301218B
S214029B505B46CDF8049004A8EDF7EAFD06F590738F
S214029B600DEB03025A44A2F58072136808A844F863
S214029B700830E35D324623F00703E3552C442146C2
S214029B80F0F778FB08ABCDE9019308AA0023012180
S214029B90009604A8EDF7CCFD3246204608A9F0F759
S214029BA069FB49B0BDE8F08F205F0020F8B5064695
S214029BB012F061F8811C054689B2304611F039FF71
S214029BC0F0B1EDB12946304608F000FC12280746EF
S214029BD016D80C4B691C1C5C89B2304608F0F6FBA2
S214029BE02C44052FE4B205D1052809D8064B1B5C88
S214029BF01C44E4B221463046BDE8F84011F019BFD5
S214029C000020F8BD02C80400FCC70400F8B50546EB
S214029C1011F03CFF044628460FF0E0FDA11C074663
S214029C2089B2284611F005FF00283ED0002C3CD011
S214029C302146284608F0CAFB0646611C284689B219
S214029C4008F0C4FB0F2E30D8194B9B5DE118731E2B
S214029C5089B2092B0ED8DFE803F009050D0D120DA7
S214029C600D181E1EC40644BF083189B2820601D5ED
S214029C70083189B22846BDE8F84011F0DABE7B7892
S214029C80DB0612D501EB4001F3E700F01F0000EB04
S214029C9040000144EDE71F2805D8092E0ABF400000
S214029CA0022080B2F5E7C828E4D00020F8BD00BF45
S214029CB015C80400F8B506460FF090FD09220021EB
S214029CC0054613F051FC00F11004284614F0CEF9B4
S214029CD0E4B207462146304608F078FB0546304691
S214029CE013F01EFDBA05A0EB0403DBB20AD47C2DEA
S214029CF00AD0082D0AD8064A505D98428CBF00202A
S214029D000120F8BD1220F8E70320F6E7FF20F4E76B
S214029D1026C80400014B1878704700BFF16800207F
S214029D2038B5114B04461B7808469BB9012038BD4E
S214029D30A24205F101050FD103EBC1035B68984708
S214029D400028F3D11E2022464FF6FF7114F057F971
S214029D500020ECE70025054BE9B213F83120002A73
S214029D60E6D11446EEE700BFF1680020CCC7040037
S214029D704FF6FF7307B502220DF106010348ADF850
S214029D800630E1F7A7FF03B05DF804FB603202E09D
S214029D90002307B5ADF80430134B984221D10B8847
S214029DA0DA0703D5232003B05DF804FB9B0748BF00
S214029DB04FF47F434FF002020C480DF1060148BFF4
S214029DC0ADF80430E1F75AFF4FF6FF73BDF80620F0
S214029DD09A42E7D10222054801A9E1F77BFF00205B
S214029DE0E1E72120DFE700BF1FD1BACA603202E0F6
S214029DF0002313B50222038004460DF106010F4824
S214029E00E1F73CFF2D2801D0112805D14FF6FF734C
S214029E10ADF80630FFF7ACFF9DF80630BDF8062019
S214029E201BB1238843F0010323800020FF2A82BF50
S214029E30238843F00203238002B010BD603202E0A2
S214029E40034B1B78002B14BF442056200E3070475D
S214029E50995E00202DE9F04F8DB0179C0646894684
S214029E60CDE90223BDF85870D588ADF816103CB976
S214029E70EC0605D500970DF0E8FE0DB0BDE8F08FB4
S214029E80C5F380242B054FEA043448BF44F400642B
S214029E90A80511D544F080040A2E00F26981DFE895
S214029EA016F09A002F001700370067016701370087
S214029EB010009A0037009E00E90548BF44F04004AF
S214029EC0EAE74FF001084FF0020B4FF0000A14E0E9
S214029ED008A95FFA89F011F04FF8DDF82500DDF8E1
S214029EE0291006AB03C3A44B33F81930ADF816306D
S214029EF04FF00008C3460DF1180A002F5DD125E089
S214029F0006AA0DF116015FFA89F003F003FCEFE7EB
S214029F104FF6F773994540F22B8115F4026F40F025
S214029F202781964B1B78022B03D0043B012B00F2B1
S214029F30218147BB032E4FF001080CBF4FF00C0BDC
S214029F404FF0080BBA4624F4C074A4B28C4B18889F
S214029F504FF6FF73984206D08A49F8F78FFF10B182
S214029F6024F48054A4B2039B38460093BDF816200E
S214029F70534644F4027108F051FAADF82000002866
S214029F8038D1192079E7384613F0CAFB0246FFF7A4
S214029F9057FF032E08BF0138824201DD38206CE7E6
S214029FA0032E4FF001080CBF4FF00C0B4FF0080BBE
S214029FB04FF0000A24F4C074A4B2029B1B889BB91B
S214029FC01A463946062000930BF093FC0028BDD1B2
S214029FD040F6014051E74FF00008C34675E74FF0E0
S214029FE001084FF0030B70E7002339461A46072094
S214029FF00093E9E74FF6FF73614A118899421CD035
S21402A0000FF0ECFB03465E4A04301188039314F00B
S21402A0102FF85D49039B097814F4805FD97159497A
S21402A020574A1FBF086898604868D8604FF6FF73A3
S21402A03013804FF0FF330B604B605946029A08A814
S21402A04008F0A8FA00289CD0504C2378002B3CD16C
S21402A050A7B1384613F064FB0746BDF8200013F09C
S21402A0605FFB23780744002B14BF12220022EB105A
S21402A07003F0040317443B44842B8FDC15F400578B
S21402A0800AD0BDF8204020460FF09BFA40F48061CB
S21402A09089B220460FF080FAA6F10803012B05D8F4
S21402A0A001221021BDF820000FF07CFA179BBDF8A4
S21402A0B0204043B32046BDF816100FF0C6FABDF88E
S21402A0C02030179A00201380D7E6AA06C0D56B0167
S21402A0D003F020030A2E14BF43F0010363F07E034D
S21402A0E0DBB2B8F1000F08D000215246009108A852
S21402A0F000F086FE0028ABD0BFE61A46514608A8F6
S21402A10010F018FEF6E7204611F0C0FC179B024638
S21402A1102146042000930BF0ECFB00283FF458AFD6
S21402A1200A2E18D84FF4D963F340DB0713D5072E4F
S21402A1300AD00A2E08D0BDF8200010F00EF980F0E2
S21402A1400100C0B2800098E608A80EF006F90028C2
S21402A150F1D0042091E617B125F04005ADB22B46AA
S21402A1603146BDF820005FFA89F201F01BFF84E653
S21402A170012082E6162080E6F05400209D5E002034
S21402A18070680020F26800205B5F0020995E002065
S21402A190F7B50F469DF828100446DDE90B061D4666
S21402A1A0F1B94FF6FF739C421CBF174B1C804FF051
S21402A1B000041CBF154B1A70BDF8240008F080FA84
S21402A1C000232A46CDE90043394606209DF8203072
S21402A1D0FFF740FE10B90EB1AB7A337003B0F0BD94
S21402A1E078B14FF6FF739C421FBF074B1C80074B8C
S21402A1F01A7000220FF00DFB04460028DCD119204D
S21402A200ECE72120EAE700BF706800205B5F0020D1
S21402A2102DE9F04788469DF82810074616461D4643
S21402A2209DF820A0BDF824900B9839B158B30022AF
S21402A2300FF0EFFA044610B9192025E00C464FF647
S21402A240FF739D421FBF114B1D80114B83F800A068
S21402A2504FF6F7739E4208D80E4B4FF6FD761A78E5
S21402A2604FF6FF73002A18BF1E46484608F028FA23
S21402A27000233A46CDE9084331464346BDE8F04757
S21402A2800320FFF7E7BD2120BDE8F08770680020B5
S21402A2905B5F00203C5E00202DE9F04786B09DF80B
S21402A2A038600546DDE90FA80C4617469946B6BB48
S21402A2B0374B1B78022B1DD125BB4FF6F7739C42FA
S21402A2C014D80026484608F0FBF900233A46CDE9A2
S21402A2D000632146FF232846FFF7BCFD38B9B8F1D4
S21402A2E0000F04D0BB7A88F8003000E0012006B0E8
S21402A2F0BDE8F087043B012BDED908460EF02AF8AB
S21402A30010B31DB3022D31D1ECF796FDA042EDD964
S21402A310204B33F814204FF6FD739A4219E0BAF137
S21402A320000F32D01A4B1B78022B05D1FFF788FD9F
S21402A330B042E6D23820DAE7043B012BF6D90846CB
S21402A3400EF008F80028F1D11620D0E74FF6F77382
S21402A3509C42CBD8002EB4D03146002250460FF095
S21402A36058FA06460028ADD11920C0E7012DBDD106
S21402A37004AA0DF10E01E0B203F0CCF9064B1B78ED
S21402A380A342B3D9BDF80E20C5E72120AFE700BF30
S21402A3909D5E0020F0540020BD68002030B5104BB2
S21402A3A087B005460C461868596803AA03C298681F
S21402A3B00C4910609A88DB8852BA23F04003ADF845
S21402A3C012300023CDE90043ADF81020FF230988A0
S21402A3D003AA0720ADF80E50FFF73CFD07B030BDCC
S21402A3E0185800202458002038B50C461146124A48
S21402A3F0124D108022682A6062686A60A268AA60AB
S21402A400E288500616D5EA88520613D561B10022B4
S21402A41018460FF0FEF9014650B16088FFF7BEFFFE
S21402A4200522074B1A7038BD084611F070FAF2E79B
S21402A4301920F5E70220F6E72458002018580020D5
S21402A4406C5F00202DE9F04F074689B0104615468E
S21402A4501C468A4611F01AFB0146284607F0B6FF4C
S21402A460064628460FF0BAF9043013F0FFFD804680
S21402A4700FF054FB804550D0B2074ED1DFF8AC80C7
S21402A480284605A9B8F800B011F006FC9DF8193068
S21402A490A8F8007003BBBDF81430EBB928460FF0DD
S21402A4A09DF9023013F0E2FD4FF6F773984294BF1F
S21402A4B04FF000094FF0010901230134E4B22A46A5
S21402A4C03846CDF8009005A9039303F0C5FE039B1A
S21402A4D040B901339C421ED20020A8F800B009B051
S21402A4E0BDE8F08F022CF8D1012BF6D10C4A0D4BA9
S21402A4F0A3F800A01378591C11700B4A7F3B16F084
S21402A5000C01137007D1BDF81A305B0603D5BDF8EF
S21402A5101600FFF743FF0223D1E70020DFE700BF64
S21402A5209B5E0020706800205B5F0020245800209D
S21402A5302DE9F04FABB00F46ADF81E000FF04EF906
S21402A54000F1020A0646504613F090FDBDF81E4082
S21402A5500546204611F09AFA0146204607F036FFD5
S21402A560814600F00308301D13F080FD434C208026
S21402A5700FF0D4FAA8422DD04FF6F7739D4229D891
S21402A5807378DA0726D4284610F050FE30B101233D
S21402A5902946BDF81E202088FFF754FF0FF0BEFAAA
S21402A5A0364B1B8883420FD1BDF81E40204611F061
S21402A5B06DFA0146204607F009FF10F00C0103D1A0
S21402A5C0BDF81E0001F0ACFD00222D4B1A602BB028
S21402A5D0BDE8F08F2B49BDF81E0011F05DFB2A493D
S21402A5E0BDF81E0011F09CFA0028274B08BF002376
S21402A5F0234ABDF81E0013600FF07CF8234B187038
S21402A600BDF81E000FF07BF8214B1870BDF81E0037
S21402A6100FF080F81F4B186000238DF82230002FB1
S21402A6203ED0184BDB889B063AD50FF077FA10B36C
S21402A630194B1B689D071ED4B8F1010F14BF0823DF
S21402A64018230DF12202009200220DF11E0011467F
S21402A65000F0D6FB20B3B8F1010F9FD10F4B1B7849
S21402A660112B9BD110F005FC002897D140F61D4017
S21402A670F9F7E2FF92E70823E3E700BF2458002039
S21402A6801C51002018580020535F00204D5F002008
S21402A6904C5F002008510020804200209D5E002072
S21402A6A0504613F0E3FC8246BDF81E0013F038F85D
S21402A6B0A0F11005EDB22A4631460AA8EFF7DAFDF8
S21402A6C0FF238DF82F304FF6F7739A4540F2DF805E
S21402A6D0B8F1010F00F0E780B8F1020F00F04681F2
S21402A6E0B8F1000F7FF45AAFA44DBDF81E00EB88F8
S21402A6F0ADF8240004930FF071F8BDF82460074605
S21402A700304611F0C3F90146304607F05FFE8DF879
S21402A7102300B81C7E7813F0A9FC07460FF0FEF95A
S21402A72006F00106B4F8009003906C88002E7FF4C1
S21402A73035AF4FF6F77A4246494657458CBF062054
S21402A740082013F05CFCBDF824B0584611F09EF9C0
S21402A7505946024643460420CDF800800BF0A6F880
S21402A760574583460AD8B5F90620EB88002A05DB4A
S21402A770580603D541462046FFF710FEBBF1000FF0
S21402A7803FF40CAF2B88002B5AD16B79002B57D194
S21402A7904FF6F7730DF126019F42BDF8240094BFD1
S21402A7A04FF0000B4FF0010B10F045FCDFF8D8A17C
S21402A7B000F1FF38BAF800301FFA88F10593EB88EB
S21402A7C0BDF82600069307F001FE069B0499019049
S21402A7D0009322465B460598C1F340110DF0C7FD73
S21402A7E000283FF4DBAE042306200093BDF82610B3
S21402A7F0624B5FFA88F20BF059F800283FF4CEAEAF
S21402A80048F202036A889A4205D1BDF82410BAF8C3
S21402A810000000F08DFF594D09AA29460DF12300CC
S21402A8200DF0A3FD034600287FF4B8AE2104BAF863
S21402A8300000BDF8242060D52346294610F010FCFF
S21402A8409DF823304D4D03F00C030C2B75D128894F
S21402A85010F0D1FB00283FF4A1AE039B002029890B
S21402A8604B4514BF0226032602F02CFE444B1870FA
S21402A8704FF6F7739F42BDF8240075D8A4F138024C
S21402A8805342534132463D4904F066FC86E6B8F12F
S21402A890020F6BD0394BB3F90630002B26DAB8F12B
S21402A8A0010F7FF41DAF0FF039F9238883423FF47E
S21402A8B075AE0520BDF81E10FFF732FA00283FF4E9
S21402A8C06DAE2E4AD3885B0607D50023CDE900334A
S21402A8D00A20FF232188FFF7BDFA3A469DF8223068
S21402A8E02188BDF81E0002F023F957E629460AA879
S21402A8F000F070F80028D2D050E60221DFF88C80F3
S21402A90088F800102946CDF800B003F0A5FC132CF9
S21402A91096D0EB885D0493D41A4B1B78D80703D5E0
S21402A92098F80020022A8BD099077FF537AE98F860
S21402A9300030012B7FF432AE82E700222B791248D8
S21402A94000936B791146008802F0E4FD0C4B1870F8
S21402A9509DF8233003F00C03082B89D1039B4B454B
S21402A96014BF0426052683E701238BE74846BDF875
S21402A9701E20024901F048FB10E600BF18580020CE
S21402A9806B5F00203E5E0020245800205C5F0020A3
S21402A99010B5002108480EF097FF044650B1014654
S21402A9A00420FFF7BDF928B12046BDE8104001217A
S21402A9B0FFF7BEBD10BD00BF08580020034BFF21A5
S21402A9C01A7803489200EFF7C5BA00BFBE680020A7
S21402A9D0A83E002070B5451804464FF0FF31AC4241
S21402A9E012D1104B10481A7805460023934211DB09
S21402A9F00E4C2078431CB3FBF2F602FB163345F8E6
S21402AA002010237000200CE014F8010BE0F7B6FAD1
S21402AA100146E4E750F8044BA14201D00133E5E7D2
S21402AA20012070BDBE680020A83E00205D5F0020A9
S21402AA30042307B501200DEB0301054AF7F744FD91
S21402AA40019B044A1B03136003B05DF804FB00BFBE
S21402AA5023E1110018510020014B1868704700BF0F
S21402AA6018510020014B1868704700BF185100208B
S21402AA7010B5064C2368C3F30B0313B90448E1F779
S21402AA80EDF82068431C236010BD00BF185100205B
S21402AA9023E111002DE9F04F93B003930023DDE983
S21402AAA01C79069399F8003083460DA804930E4647
S21402AAB015460DF0D3F899F8003013F003043ED093
S21402AAC0039B0DF1250A8DF8243000220821384612
S21402AAD00EF0B6FF002870D028880EF07FFE99F898
S21402AAE000301C074CBF0430023013F0BFFA07A92F
S21402AAF08046F7F7D7FE9DF824300446980633D5ED
S21402AB00288806F10D0110F094FFA8B100230093E7
S21402AB10384608232988721D13F0A9FB99F80030DD
S21402AB2003F01803182B4AD1B8F1000F47D0A94BEF
S21402AB30B3F86830434542D040F60A4327E02888F7
S21402AB40711D10F076FF0028F6D0009405233246D9
S21402AB50298809A813F08BFB9DF824300DF1240AEE
S21402AB6003F018030393B0E714BB39464046F8F7E0
S21402AB7085F90028D2D099F800309907DCD0402316
S21402AB8022462146404610F019FB40F6094399F842
S21402AB90002012F0030440F0F780288803930EF09A
S21402ABA080FD224601461A2013F029FA039BEBE0A9
S21402ABB007AB03CB38607960B0E74FF6FF780DF04D
S21402ABC0B7FB044620B104213846F7F793FE044645
S21402ABD01E9B002B5AD009231E990DA88DF83430DF
S21402ABE00DF0B6F9209B0BB1209B0693039B002B1E
S21402ABF040F08E800DA8ECF7FDFD99F800309A071C
S21402AC0000F09880FFF734FF5146024601200DF00F
S21402AC10DBFB99F800309B0710D55946288811F0BF
S21402AC2001F80BF1090350FA83F35FFA83FB5946E6
S21402AC30288810F0CEFF00EB0B06F6B299F800302B
S21402AC4013F0C20F0AF104030DD09DF824206249C6
S21402AC5042F020028DF824200A68CAF804204A68C6
S21402AC605A600AF10C03012209A800921B1A324606
S21402AC7029889BB213F0FBFA324659462846FEF75D
S21402AC80DDFE002800F0A48000237DE01F9B5BB160
S21402AC909E460DF1340CBEE80F00ACE80F00DEF85D
S21402ACA00030CCF800309DE7049B594603F02003A1
S21402ACB02888049307F08AFB10F0030F0CBF0123C9
S21402ACC000230593049B059A003B18BF012342EA22
S21402ACD0430300930DAA06AB38461F9900F01AFBF1
S21402ACE0049A034682B1002880D0059B0DAA0093E1
S21402ACF0384606AB1F9900F00DFB034699F8002074
S21402AD0022F0200289F80020002B3FF46FAF3EE7C6
S21402AD10039B102B06D1BDF8363043F00103ADF885
S21402AD20363067E7039B182B4FD1BDF8363043F019
S21402AD300203F4E701200DF125010DF053FB99F80B
S21402AD400030824613F0040F288821D1069B1BB3DD
S21402AD50002C35D00EF0A5FC00220146162013F07A
S21402AD604EF984B17FB14FF6FF7398450BD000239E
S21402AD700DA91A4638460DF00BFA394640469DF89C
S21402AD8035200DF0EDFA0123184613B0BDE8F08F1A
S21402AD90002CDFD1104F01E0002CDBD1002332461D
S21402ADA0009359463B460FF0C5FE00283FF4C4AE5A
S21402ADB0002C3FF469AF069A0AF10103136063E7B9
S21402ADC01B685345C6D80124E8E740F60A43DBE78A
S21402ADD01923D9E700500020205F0020002307B582
S21402ADE0054A0648136004220DEB02010193E0F7C0
S21402ADF071FF03B05DF804FB1851002023E1110037
S21402AE002DE9F04F0446B1B000888DF82F30164673
S21402AE108A4610F03BFE01468146208810F0D9FE95
S21402AE2000EB0908208810F026FF00239DF82F501B
S21402AE305FFA88F815F001070790ADF8363008D1AA
S21402AE4001460DF13602208810F0ADFD08B1ADF8CE
S21402AE50367016B9CDE90E660EAEFEF73BFB18B19C
S21402AE6045F020058DF82F500023CDE903330293D9
S21402AE700DF12F03CDE9006322465346414648466C
S21402AE80FFF708FE0546002800F0CA809DF82F301E
S21402AE9013F0010747D123F020038DF82F300EF070
S21402AEA03DFE68B17C4A10AB1068516803C3184671
S21402AEB000F002FA0546FEF70FFDBBB298423BD8F9
S21402AEC03A9B13B100233A9A1370BDF83630CBB1D1
S21402AED00121208812F040FC27880546002800F051
S21402AEE0CA800121384612F037FCBDF83670054696
S21402AEF0384612F015FC002300903A4619462846BA
S21402AF0010F0D4FC0023CDE9033302930DF12F0396
S21402AF10CDE900632246534641464846FFF7BAFD4E
S21402AF20054600287CD00EF0F9FD002840F0BA80D5
S21402AF30284631B0BDE8F08F18AB14AA26A9F8B29D
S21402AF400DF07BF9002840F09480082210A927A86B
S21402AF50EFF74CFB8346ADB19DF8A53013F0020F18
S21402AF6008930FD0082212A927A8EFF73FFB48B98B
S21402AF70089B590706D53A9B13B101233A9A1370D8
S21402AF80089507E03A9B002B61D1BBF1000F70D108
S21402AF90002308930DF1740C14AB0FCB8CE80F0052
S21402AFA0BDF83630CBB10121208812F0D5FBB4F8BB
S21402AFB000B000284FD00121584612F0CDFBBDF854
S21402AFC0362083461046099212F0AAFB0023194641
S21402AFD0099A0090584610F069FC304B0DF1740B3C
S21402AFE00493002303930DF12F03CDE90063224659
S21402AFF0534641464846CDF808B0FFF74BFD0028B9
S21402B00037D1002D33D012AA5B464FF482714FF42B
S21402B010005000F0D9F8089B13B126A80CF019FFCF
S21402B0200EF07CFD88B11E4B1B689A070DD4FEF706
S21402B03051FA50B1184A18AB1068516803C300227F
S21402B04026A918A80FF053FC00BB002570E70023C2
S21402B0503A9A137099E7BDF836200A90104609927C
S21402B06012F05EFBDDE9092307990090B2E72A4653
S21402B070CAE701371FE7BDF836B0584612F050FB54
S21402B0802B4600905A463846079939E726A918A84B
S21402B0900FF069FCD3E700BF130504007C420020D2
S21402B0A0804200209DF82F3003F01103102B7FF40E
S21402B0B03FAF3E4B1B78432B7FF43AAF3C4B1B68AB
S21402B0C05B067FF535AF208808F1050110F0B1FC6C
S21402B0D0834600283FF42CAF4146208807F076F9D5
S21402B0E0344B10F0200F08BF1E4612A800F0E4F8FA
S21402B0F00822314612A8EFF779FA002852D03146D4
S21402B10012A80DF0EEF8012326AE00933246002375
S21402B11014A912A800F0FEF800287FF409AF12ABBB
S21402B1200DF12F07CDE903600290009322465346A5
S21402B130414648460197FFF7ADFCA8B3BDF89A30E2
S21402B140102043F0080318AA14A9ADF89A300FF09D
S21402B150ABFB00287FF4ECAE12ABCDE90360CDE981
S21402B160017000932246534641464846FFF792FC3A
S21402B170054600287FF4DCAE18AB4FF49071002031
S21402B18012AA00F021F84FF0005100200FF026FE20
S21402B190BBF1000F3FF459AF4FF0805100200FF083
S21402B1A01DFE52E78346AEE714ABE6E79D5E00203F
S21402B1B0804200206A50002001461A230120014ADC
S21402B1C0F7F782B924E10100F0B5164691B00746BA
S21402B1D009A80D461C46FFF7EFFF3EB1336845F05F
S21402B1E04005CDF826307368CDF82A301B4B1A6816
S21402B1F022EA070242EA050119604B040DD5BDF8A2
S21402B20024200B0A03F4E243C9B222F4E3420B43BE
S21402B21022F07F021343ADF824301A230020104A8E
S21402B22009A9F7F751F9B4B104A80CF017FD0223E7
S21402B2306A468DF810301546234604F11006144669
S21402B24018685968083303C4B3422246F7D1294620
S21402B25004A80CF07DFE11B0F0BD00BF80420020B5
S21402B26024E1010047F2FF10044B196841F48042C2
S21402B270014041F480411A600FF0B0BD80420020C8
S21402B28000B589B0FEF7BCFB01A8FFF795FF094899
S21402B290BDF804200168130221F0FF0103F4E20363
S21402B2A00B43D2B2134343F48043036009B05DF804
S21402B2B004FB00BF8042002010B50C4B0446186801
S21402B2C088B0830706D54FF0FF3323600120636002
S21402B2D008B010BD10F04000FAD001A8FFF76CFFCE
S21402B2E0DDF806302360DDF80A30EFE78042002002
S21402B2F008B5074B02461B6813F0400305D11846F3
S21402B3001946FFF761FF012008BD0020FCE700BFD9
S21402B310804200202DE9F0479EB080460C461D462E
S21402B32091469DF898A0A2B1164630460CF096FCBF
S21402B3301AF0020F0FD004B917AC22463146404627
S21402B34001AB0CF058FF0DB100232B601EB0BDE818
S21402B350F0870DAEE9E701AB3146404605AA0CF090
S21402B36017FF73780AF0010AFF2B26D0002840F058
S21402B370B68054B105AA09AF134603CBBB42206080
S21402B38061601A4604F10804F6D125B17278554B6D
S21402B39003EB82032B60BAF1000F01D10020D5E740
S21402B3A0BDF80430D906F9D418204FF6FF7172782A
S21402B3B012F025FE40F60E40C8E74B4F3DB10EF0A8
S21402B3C0ADFB10B13B689A072BD500232B603B6878
S21402B3D003F03003102B01D0202B24D117A8FFF73F
S21402B3E0EBFE082240460DF15E01EFF7FFF820B1B2
S21402B3F03B6803F04403402B15D0BAF1000F15D179
S21402B40009A80FF0EFFC02233370002C4CD1B9F1DF
S21402B410000FC3D00EF082FB60B3301DFFF74CFF67
S21402B420BCE7324BD2E740F60A408FE73B68DB03C5
S21402B430E6D509A80FF0D6FC0223337074BBB9F127
S21402B440000FB1D00EF06AFBF0B1301DFFF734FFEB
S21402B450AAE73B6803F08403842B2CD009AB0DAF1C
S21402B4601A4603CABA4220606160134604F1080411
S21402B470F6D105E025463B6803F08403842B28D0EA
S21402B480301DFFF719FF26E03B68012503F0840311
S21402B490F4E73B68012503F08403DDE70EF03EFB8C
S21402B4A00028F6D00125D9E70EF038FB054600281D
S21402B4B0CFD00025D2E712A80CF0D0FB022312A8A8
S21402B4C08DF84830ECF796F9224608214046ECF70C
S21402B4D0E9F810237380002D3FF460AF64E72D2057
S21402B4E034E700BF043E0020804200207C42002059
S21402B4F049B9084B197849B14EF66023594328B129
S21402B500054812F0DDB941F28831F8E70248F6F74D
S21402B51061BF00BF3D5E0020CC41002070B586B002
S21402B52005460EF0FBFA10B9022006B070BDF7F71A
S21402B53045F80028F8D001A8FFF7BEFE0646002808
S21402B540F2D08DB92E4B1C6814F0020406D02D4B97
S21402B5501B78112BE8D12C4BB3F868404FF481636B
S21402B5600221ADF80C3023E02846F7F70FFD00283D
S21402B570DAD1234B1C6814F0020406D0214B1B7848
S21402B580112BD1D1204BB3F868400822294601A8D6
S21402B590EFF72CF80028E1D04FF4027300260A21B8
S21402B5A0ADF80C302B68CDF80E306B68CDF8123043
S21402B5B0002203A80EF02DF9024608B91920B4E7B6
S21402B5C00F4B196801F03003102B17D0202B14BF35
S21402B5D001230323490001F004010B432046002106
S21402B5E001F09AF80028E9D000210120FFF780FF39
S21402B5F016B10122054B1A70002096E70323E9E7ED
S21402B600804200209D5E002000500020525F0020F5
S21402B61030B5002585B0CDE90055F6F7DBFE0EF015
S21402B6207DFA1E4C60B905F0AFFF0D2500210846D5
S21402B6302170FFF75DFF294668460CF06BFA18E0AA
S21402B64023784BB3164917480A780078904223D9D4
S21402B6500132012B0A700ED12A464FF4A0712846F9
S21402B66002F012FDC0B2B8B941F288310E4812F0AB
S21402B67027F905B030BD022B09D1284602A9F7F7F3
S21402B680FDFB0028EED102A8FFF748FFEAE7032BEE
S21402B69002D101F0FBF9E5E70425C7E75E5F00206B
S21402B6A05F5F0020FA680020CC41002070B51B4A7C
S21402B6B01B4D04465168106886B02E7801AB03C352
S21402B6C01EB10224204606B070BDF6F7CFFF022850
S21402B6D0F7D10EF023FA0028F3D003A800F03AFEC2
S21402B6E0082201A90DF10E00EEF780FFA0B10D4B66
S21402B6F032464FF4A07130461C7002F0C5FC044678
S21402B7000028DFD10123084A41F2883107482B700E
S21402B710137012F0D5F8D5E72324D3E72FC8040018
S21402B7205E5F0020FA6800205F5F0020CC410020A8
S21402B730F0B50C4600219BB02B4F0646492207A8BF
S21402B7400691EEF707FC3B78012B34D19EBB0DF138
S21402B7500E0120460FF06FFC0546BDF80E0011F0F4
S21402B760DFFF441BE4B2BDF80E1023462A460096BD
S21402B77006A812F07CFD304604A9F7F77FFBD0B985
S21402B780CCB19DF81920B2B9BDF8233003F47E433C
S21402B790B3F5285F1ED3B3F5385F0ED31349BDF851
S21402B7A00E000B6843F400030B6029460CF0B3FD51
S21402B7B018B104233B701BB0F0BD01220C4B04A849
S21402B7C01A70FFF7ABFE41F288310A4812F078F899
S21402B7D00223EFE711463A70FFF78AFE1E2104A8FD
S21402B7E00CF098F9E7E700BF5E5F00208042002079
S21402B7F05F5F0020CC410020014B1870704700BFED
S21402B8005F5F0020014B1878704700BF5E5F002024
S21402B810014B1870704700BF5E5F00202DE9F04FA5
S21402B8200446408891B00E298846ADF81A0079D0B1
S21402B83094F80890A7790DF0D1FF09A90546BDF83E
S21402B8401A00E67910F028FABDF81A000DF0B9FED3
S21402B850420542BFBDF82A3043F40053ADF82A3001
S21402B860E379DB0642BFBDF82A3043F48053ADF8D5
S21402B8702A30BDF82A30980613D5022F57D10CA9C4
S21402B880207A0FF079FBDDF83500DDF8391007ABCA
S21402B89003C307AA0021042300910DF11A00FFF743
S21402B8A0AFFA0121BDF81A0011F056FF022F8246A8
S21402B8B049D1474B33F81950B8F1000F7ED0BDF886
S21402B8C02A2051067AD54FF6FB739D4276D8414B15
S21402B8D01B78033B012B04D83F4BB3F86830AB42CE
S21402B8E06CD0D30502D528460FF028FDBDF82A30C5
S21402B8F0D80463D5002F33D1BDF81A000DF061FECF
S21402B900C10663D548F23403BDF826209A4209D10F
S21402B910324E3078FF2805D003222946FBF782FBF9
S21402B920FF2333700023236011B0BDE8F08F012F90
S21402B93001BF237A2A4A03EB430302EB830314BFB5
S21402B94000229A1CA6E7012F05D10C2303FB09F35C
S21402B950234AD55AB0E7A81C12F088FB0546ABE787
S21402B960284601F0F7FEBDF81A000DF02AFEC206C0
S21402B970C8D463895046059311F0D2FE83465046DA
S21402B98011F0B2FE059B02905FFA8BF04A463946EA
S21402B99001900093404609AB0CF054F8B8F1000F42
S21402B9A014BF0B20092016F0030218BF02F1FF3263
S21402B9B0294618BFD2B212F022FBA3E7BDF81A003E
S21402B9C00DF0FFFDC3069DD4002FD2D1A946D0E7C5
S21402B9D0F05400209E5E002000500020FE680020EA
S21402B9E03054002038B500240F4B104D2A78A2425E
S21402B9F005D8C2B9BDE838400D48F6F7EBBC598801
S21402BA0069B9013AD2B2A2422A70EFD0121B184686
S21402BA1003F110011201EEF7EFFA0346E6E70134EE
S21402BA201033E4B2E2E738BD083E0020625F002031
S21402BA309467002070B51A4B1A4A1D780023DCB2B0
S21402BA40A54200D870BD144666880133864202F1CC
S21402BA501002F4D1E379A588E16003F040028DB9C3
S21402BA60CAB123F00403E3710DF0B8FE037803F0C5
S21402BA707F03037021880029E4D1BDE870400A489C
S21402BA8011F01EBF00216580A180002AE9D1BDE821
S21402BA907040FFF7A7BF2046FFF7C0FEF7E700BFDC
S21402BAA0625F0020083E0020946700202DE9F047E0
S21402BAB0044686B040880F4615460DF08FFEA379E1
S21402BAC08046082B52D8DFE803F0052E1851515154
S21402BAD051510500023012F0C9FA002D4ED06946C7
S21402BAE0F7F7CCF9002841D1684601F0DDFEB0FA3E
S21402BAF080F0400906B0BDE8F08702A9207A0FF070
S21402BB003BFA6B466E46DDF80D00DDF81110334A3F
S21402BB1003C3237A32F81390314AD05C75B13146AA
S21402BB200FF04EFAE6E7237A2E4903EB430301EBC6
S21402BB30830231F82390907A961CEFE74FF6FB7A51
S21402BB40D14515D9304603F0ADFF4FF6FF73984244
S21402BB50054615D00146304601F018FE554508D96F
S21402BB60E379DA060ED440F62243E3600020C1E70A
S21402BB704D46294608F1020012F07AFA0120B9E78A
S21402BB804D46EDE74FF6FC78454512D103F00C031F
S21402BB900C2B1CD1DFB130464FF6FD7101F0F6FDDD
S21402BBA040F61F412046E160FFF738FEFFF71AFF16
S21402BBB0DCE74FF6FD739D4209D100233046194655
S21402BBC01A4602F02DFB4146304601F0DFFDE379CE
S21402BBD043F00C03E37140F62343C6E7F05400201B
S21402BBE0495E00203054002073B5044640880E4655
S21402BBF00DF0F4FD023012F039FA0CF0ABFB18B17E
S21402BC00A11C201D0CF0ABFBE6B1E5790135EDB2C7
S21402BC10E57115F0400514D0EBF708F90122054648
S21402BC2000212046FFF742FF18B1394B1B882B44F0
S21402BC309DB2384B1B78042B01BF354B1B885B1912
S21402BC409DB22580002231462046FFF72FFF20B303
S21402BC5060880DF0C3FDE2792F4922F00C03E371F0
S21402BC600B7805460133DBB20B70C3712B4BA61C57
S21402BC701B780BB3E37998061ED52949097871B16A
S21402BC8059060CD592070AD50022042311463046DF
S21402BC900092FFF7B5F810B1E06002B070BD002266
S21402BCA00123114630460092FFF7AAF820B1E37945
S21402BCB043F00303E371EFE730460CF04EFB002837
S21402BCC0EAD16088FBF77EFD0328E6D8DFE800F0BD
S21402BCD0020D1D19E37943F00403E3711B06DCD55C
S21402BCE0104B1A78104B1A70D7E740F62443E360DD
S21402BCF0E37943F00803E3712B7803F07F032B709C
S21402BD00CBE740F62543E360C7E740F62643FAE76B
S21402BD10486800209E5E00209B5E0020995E002000
S21402BD20FB680020415E0020615F00202DE9F74F8E
S21402BD30064612F0B1F85F4B0546B3F8009018803D
S21402BD405D4BA0EB09041B78A4B2A34298BF002364
S21402BD504FF000084FF6FF7788BF1B1B564A88BF76
S21402BD60DBB21370DFF864B1A9EB00030093534B08
S21402BD705FFA88F2197891420ED80EB1FFF732FEBA
S21402BD804FF6FF739F4200F08E8039464C4803B050
S21402BD90BDE8F04F11F094BDBBF80220002A3CD05B
S21402BDA0484B9BF807201878BBF800A0042818D048
S21402BDB00020BAF1000F08BFA2462044504523D205
S21402BDC0BBF80010009B1944ABF80010002E4ED0B2
S21402BDD002F04802482A4AD100215846FFF704FFDB
S21402BDE045E00192F6F790FF30F01003019ADFD19A
S21402BDF0FAF702FD344B019AB3F800C08445D7D94E
S21402BE00ACEB000080B2D4E702F00C00042807D1A5
S21402BE100022ABF800200BF1100B08F10108A6E790
S21402BE20510602F0030C02F008000ED528B3BCF14E
S21402BE30030F25D1DEB1DBF80C105846002908BFE7
S21402BE404FF44261FFF7EAFC11E040B3BCF1010F88
S21402BE5025D11206EED44FF4C862ABF800209BF848
S21402BE60072022F0030242F002028BF80720BBF8FA
S21402BE700020974228BF1746CDE703208445D9D233
S21402BE8013060ED50C4B1A780AEB0200844208DA27
S21402BE904A44521B0AEB0201ABF80010E7E7012006
S21402BEA0ECE7012199E7064803B0BDE8F04FF6F744
S21402BEB091BA00BF0E580020615F0020625F00202A
S21402BEC0946700209E5E002048680020083E0020FE
S21402BED0F8B500250A4E0B4F3378ECB2A34204D8CD
S21402BEE0BDE8F8400848F5F785BF07EB0414A01C28
S21402BEF0F5F780FF201DF5F77DFF0135ECE700BF63
S21402BF00625F0020083E00200458002070B500241E
S21402BF100B4D0C4E2B78A34208D81B1BDBB22B70A2
S21402BF206BB9BDE870400848F6F754BA06EB041041
S21402BF3040F621410134FFF771FCE4B2EAE770BD36
S21402BF40625F0020083E0020946700202DE9F04141
S21402BF50002506462F46114CDFF8448098F800204C
S21402BF60EBB29A4203D8BDE8F041FFF73BBD6088CA
S21402BF700DF034FC023012F079F8B0420AD1608833
S21402BF80F8F74AFA00230E211846628803F086F96B
S21402BF902780678010340135E0E700BF083E0020A6
S21402BFA0625F0020F8B5154EDFF858E035789EF847
S21402BFB000E0134FAE454FEA051C07EB051419D0F7
S21402BFC0002503F4835343EA1323A1712272E3711B
S21402BFD0608027F80C50A58006F078FB40F60243F6
S21402BFE0E36033786081013328463370FFF79EFEA4
S21402BFF02846F8BD40F60340FBE700BF625F00201C
S21402C000083E0020BC6800202DE9F04F344B0D4658
S21402C0101C78174685B05CB9B1F90680DFF8C8907F
S21402C020DFF8C8A0DFF8C8B099F80030A34202D8FB
S21402C03005B0BDE8F08F0AEB0416B08800B9708828
S21402C04001A90FF029FEAA7A9DF80E309A4244D131
S21402C050B8F1000F0FDA297A9DF80C202B8991424D
S21402C06009D8204800780844824236DA521A1B0A57
S21402C0701341D90731D538460FF0FDFDBDF80A3019
S21402C08004469A0602D5EB889B06D1D5F37903F0CF
S21402C0900C03042B08D17088F8F7BEF900237288C7
S21402C0A01946184603F0FAF800213046FFF7B6FBA9
S21402C0B0FFF798FC384611F033FB844208D2337AF5
S21402C0C001228BF8003029460023384603F044F854
S21402C0D0B8F1000FACDA0024A6E70134E4B2A3E715
S21402C0E0605F0020BB680020625F0020083E0020E0
S21402C0F06B5F002008B511F0CFFE074B1B88C01AF5
S21402C10080B2B0F5807F05D9BDE80840002103481B
S21402C11011F0D6BB08BD00BF0E5800209467002061
S21402C1202DE9F04788B004460D460FF0AFFC0146F5
S21402C130204606F04BF910F0030340F0848010F01E
S21402C1400C0F06D12946204608B0BDE8F047FFF797
S21402C15071BC20460DF035FAC10659D420460FF0C0
S21402C16095FC0146204606F031F9074620460DF0BA
S21402C17035FB0646023011F079FF05A980462046B7
S21402C18007F00C0796F806A00FF086FD73780C2FC2
S21402C1900CBF03270627012113F0010F204618BF04
S21402C1A0032711F0D9FA2B4B81461B78033B012B50
S21402C1B01DD9BAF1010F1AD94FF6F773984502D86E
S21402C1C0337A1F2B13D9301D11F050FFF1798246B6
S21402C1D00DF00AFF06465046F7F726FDDEB17368F5
S21402C1E05A1C04D0834340F6284308BF1D461A4B08
S21402C1F01B88A34212D1B5FA85F04009FAF7A6FDCC
S21402C20020460DF00CFA00220146072011F0F7FE38
S21402C21008B0BDE8F08740F62845E8E706F056FA8B
S21402C2208246484611F07CFA0646484611F05CFA09
S21402C230F6B20290424639462846CDE900A605AB3C
S21402C2400BF000FCDCE7012BE2D110F00C0FDFD183
S21402C25078E700BF9E5E002004580020002210B53A
S21402C260094B1C78094BD1B28C4201D8002010BD74
S21402C270197A814202D19979022902D01033013209
S21402C280F1E70120F3E700BF625F0020083E0020CE
S21402C2900146002210B5084B1C78084BD0B28442E7
S21402C2A001D8002010BD187A884202D19879012858
S21402C2B0F8D010330132F1E7625F0020083E00201A
S21402C2C0002210B40A4B1C780A4BD1B28C4203D817
S21402C2D05DF8044BFFF786BB197A814205D199793E
S21402C2E0012902BF00211980598010330132ECE780
S21402C2F0625F0020083E0020044B1B6813F0300FDC
S21402C30003D0202130200EF069BD70478042002005
S21402C310002310B5044608491A4601EA00414FF0C8
S21402C3207F60FEF751FFE30703D5002130200EF0B1
S21402C33055FD002010BD00BF00007207044B5B884D
S21402C34023F4784323F08D0303800020704700BF58
S21402C3508042002008B500220346C3F80220C3F834
S21402C36006200B4A02301268D1B212F0200F18BF14
S21402C37041F010011980930701D4FEF79DFF054B8B
S21402C3801B78023B032B8CBF1720002008BD00BF82
S21402C390804200209D5E002038B505460C46FDF71B
S21402C3A02FFB98B10E4B187878B10E4B1B681A0407
S21402C3B00FD58CB113F0420F00D17DB103F4407358
S21402C3C0B3F5407F0CBF0020232038BD40F608405E
S21402C3D0FBE740F60B40F8E72046F6E72320F4E7B3
S21402C3E0995E002080420020F0B504468DB007A872
S21402C3F00D4616460BF032FC1022002103A8EDF77C
S21402C400A9FD5CB1234603AC03F110072246186867
S21402C4105968083303C2BB421446F7D1012703A961
S21402C42086EA070307A88DF81C708DF81D300BF0FE
S21402C43080FD80EA070401A8E4B2EBF739FAB6B148
S21402C44001A88DF80650EBF75FFA64B1002303A942
S21402C45007A88DF81D300BF07BFD0C4B1B78432B89
S21402C46001D1F7F7CFFC0A4B1D700DB0F0BD01A845
S21402C4708DF80750EBF748FA002CF6D003A907A868
S21402C4808DF81D700BF064FDEFE700BF9D5E002087
S21402C490985E0020F0B5012593B007460DA80C461D
S21402C4A00BF0DCFB05A90DA8ADF834500BF06BFDC4
S21402C4B001A8EBF7FDF909A90DA88DF835509DF8EE
S21402C4C006600BF060FD0DA89DF807500BF0F1FC1E
S21402C4D070BB731BDBB2802B28D91FB1A64225D0B6
S21402C4E0A54223D105A90DA80BF032FD03A8EBF750
S21402C4F0DFF903A88DF80F60EBF706FA012229464A
S21402C50009A8FFF771FFF7F733FD01214FF400701A
S21402C51003F0E6FDFDF75CFAB0F1004F01D9FDF736
S21402C5205DFA044B18780BF0F3FA012013B0F0BD55
S21402C5300020FBE7985E002070B50E4614460546BE
S21402C5400320FFF765F946F00402294620460BF061
S21402C55059FD0022014B1A6070BD00BF7C420020CC
S21402C560F0B587B0078805461022002102A8EDF72D
S21402C570F1FC3E4B1B78002B76D1BC055ED407F04F
S21402C5808403842B63D00022394C11461046FFF7F1
S21402C5902BFF17F4045F276005F102061CD0B904CE
S21402C5A00AD5304605F0A4F900284ED1236823F4B4
S21402C5B0005343F48073236030460EF09DFC00283F
S21402C5C042D10BF047FB18B9236843F4803323604B
S21402C5D0236843F02003236022680DF1060042F42C
S21402C5E000432360FFF7AAFE12F4805FBDF8063010
S21402C5F031D043F02003ADF806302168334611F0FF
S21402C600400218BF05F123024FF07F60FEF7DCFD03
S21402C610BDF80630DA0703D5002130200EF0DEFB27
S21402C62023689B0506D5012295F8221005F1120013
S21402C630FFF7DAFE00200F4B186006E005F1120045
S21402C6400EF05AFC00289AD0292007B0F0BDB80791
S21402C65099D52320F9E723F02003ADF80630FDF73D
S21402C660BDF9FEF7BBFBC8E70220EEE79D5E0020A1
S21402C670804200207C42002008B5054B1B7833B16F
S21402C680FFF73AFEBDE808400248FEF731BE08BD95
S21402C690995E0020205F002010B5154B1B78D3B1A1
S21402C6A0144B1B78033B012B15D900200EF0E7FE36
S21402C6B0044698B1EAF7EAFB237913F0300F0AD161
S21402C6C048B1012803F0CF0206D0811E4B424B41EF
S21402C6D05B011343237110BD1023FAE7F7F7DAF86C
S21402C6E00028F8D021462046BDE8104004F096B84F
S21402C6F0995E00209E5E002008B50DF00FFA054BED
S21402C70018B91868C0F3800008BD1868C0F3005056
S21402C710FAE700BF804200202DE9F04F0646894620
S21402C7201046002189B01546984605F04FFE10289F
S21402C73007460AD86A4B0341DB0706D4C8F340040F
S21402C7409DB9002009B0BDE8F08F664B1C78002C1E
S21402C750F6D0FFF7D1FF00280CBF4FF4F0744FF469
S21402C760D074FC4004F00104EAE74FF0000A18F027
S21402C770010F5346524629464FF00500CDF800A059
S21402C7800CBF4FF0080B4FF4027B09F0B2F80028FA
S21402C790D7D0C8233246009359465346284605F05A
S21402C7A03DFEADF80E000028CBD018F0080A4AD19C
S21402C7B04FF6F773A7F10F02D2B29E428CBF09233F
S21402C7C00123012A01D843F04003474A8DF810306E
S21402C7D01378591C11708DF81130002C4FD09DF82B
S21402C7E01030052F43F020038DF8103033D03F4B26
S21402C7F01D78002D5AD04FF6F77300259E424FF053
S21402C8000F0248D9012304A90DF10E00F5F736FDF3
S21402C810002896D1002C4DD1BAF1000133463A4693
S21402C82018BF0121BDF80E00CDF800900BF09CFD5C
S21402C830ADF80E00002884D018F0040F4DD0314613
S21402C8400DF0A1FD7EE749460DF10E0005F02AF82F
S21402C8500028ADD175E70121BDF80E0010F07CFF6F
S21402C860012105F0B3FD0123834013F0620F1CD1B2
S21402C8701E4B1B78E3B14FF6F7731825BEE71B4B2A
S21402C88025461B780222002BBCD04FF6F7739E4239
S21402C890B8D8052FB6D0BAF1000FB3D19DF8103034
S21402C8A043F040038DF81030ACE710250F22A9E7BD
S21402C8B01825FBE7BAF1000F0AD002234A46009079
S21402C8C029460DF10E00FEF79BFA0028A4D038E7A1
S21402C8D041235246CDF800A0F2E70DF03EFD31E7C7
S21402C8E09FFEFEFF995E00209A5E00208B5E00206F
S21402C8F02DE9DF431E46144B80461B680F469B07F6
S21402C90091460A9C1BD4204614B10BF015FDC0B20A
S21402C9100622CDE902403B460020CDE900890B49BC
S21402C9200FF034F8024650B10021002E0CBF01234E
S21402C9300323084604B0BDE8D043FFF7EDBE00204F
S21402C94004B0BDE8D08300BF80420020B97B04005B
S21402C9502DE9F04F8DB081468A461F4693469DF8D4
S21402C9605C803AB903A8FEF7A7FCB0BB00200DB066
S21402C970BDE8F08F15460022232110460CF049FF31
S21402C980ADF80A000028F1D010F0AEFE05230446EA
S21402C99018F0100F00F8023B677020D01122002119
S21402C9A0EDF7D8FA04F11306032F4FF0080237D139
S21402C9B059463046EDF720FBC8F3801306F1090509
S21402C9C033720BF0B5FC00283ED000232B706B7040
S21402C9D00123033505F8013C36E003ADCBE701261B
S21402C9E010221699EDF708FB06FA07F313F0620F0A
S21402C9F002D104F11206D7E707A80BF02FF905A813
S21402CA008DF81C60EAF754FF9DF8162018F0200FE8
S21402CA109DF8173008BF134604F11306A374C3E744
S21402CA2051463046EDF7E8FA012306F10802121BDA
S21402CA3028460093BDF80A10082392B211F017FC9C
S21402CA40042F06F11005BCD02D1BA9B20DF10A0069
S21402CA500EF004FF002889D118F0040F0BD04846C8
S21402CA6011F062F8FF281FBF074A32F8103023F48D
S21402CA70804322F81030434651464846BDF80A2005
S21402CA80FFF74AFE73E700BF9857002070B50326EB
S21402CA9090B08DF807600DF041F818B902242046D0
S21402CAA010B070BDF5F78AFD0028F7D002AD284613
S21402CAB0FEF702FC0028F1D01B4B1C6814F002049F
S21402CAC0ECD140F20F43194AADF82430136804A89B
S21402CAD0CDF826305368CDF82A300BF0BFF895E82B
S21402CAE0030005AB83E80300062304A88DF81D3077
S21402CAF08DF81060EAF77EFE01210DF12E020DF18F
S21402CB000700EAF7CFFD22461A2109A80CF081FE9B
S21402CB10024608B91924C2E7012329462046FFF730
S21402CB20FBFD0028BBD1F5E780420020205F0020F5
S21402CB302DE9F04F06460F46002199B01F2210A895
S21402CB4003930F91EDF706FA30460EF09FFF01466B
S21402CB50304605F03BFC8DF81B0030460CF03EFEDE
S21402CB609DF81B3045788146C5F340059806304649
S21402CB7048BF45F002050FF07EF80446304610F036
S21402CB80CFFD0023001B5FFA80FA00935346232B47
S21402CB9028BF2323224631460FA811F068FB00283F
S21402CBA040D19E4B9DF83C801B789DF83DB0002BF3
S21402CBB03BD0FFF7A1FD00280CBF4FF4F0734FF4F3
S21402CBC0D07323FA08F3D9072FD5AA072DD4B8F1C4
S21402CBD0080F24D1BBF1040F24D1FAF797FD08BB46
S21402CBE0012322460093314605200DF11B0308F06F
S21402CBF05DFEB8B1A8F10508B8F10D0F12D8DFE84E
S21402CC0018F02800A001C701EC01F501110011007F
S21402CC1011001100FB019D02A902D702D702B8F14A
S21402CC20050F08D019B0BDE8F08FB8F1100F05D186
S21402CC30039B002BF6D0FAF769FDD1E7FAF766FDFB
S21402CC400028CDD0B8F1050FCAD0B8F1110FC7D061
S21402CC50E8E7BBF1050FE5D830460CF022FD05905B
S21402CC6009F1020011F002FA81460DF11E00FFF7EB
S21402CC7065FB01239DF83D70BB4013F062030393EE
S21402CC8005D0BDF81E309B0701D5AE07CAD50CF0FD
S21402CC9045FF0028C6D0FAF739FD08B9002DC1D0E5
S21402CCA00DF13E0A50460EF027F9039B0490BBB1E5
S21402CCB0032F9DF84EB01AD10DF14F040CF02EFF43
S21402CCC0814540F01781032DACD19DF8561052468F
S21402CCD0003918BF01210DF14E000BF052FBA1E7FF
S21402CCE0032FDDF80CB07BD10DF14E04E6E74C4B7A
S21402CCF01B689C0729D5FF2208210DF157000CF06E
S21402CD009FFE804608BB034601460DF157020220ED
S21402CD10FEF75AFA0CF002FF81450DF157060DF1A7
S21402CD204F0422D04FF6F773994540F2E88000226E
S21402CD30082120460CF084FE002800F0E080002245
S21402CD4059465046FFF750FB6CE70DF157060DF1BA
S21402CD504F0430460EF06AF8002846D00CF0DEFE8D
S21402CD60814540F0C8804FF000082046F6F70EF9DD
S21402CD70002800F0C080012F58D0042F7FF452AF55
S21402CD800EF077F810B1032D7FF44CAF049B002B06
S21402CD907FF448AF324602215046FFF7CDFB214BC7
S21402CDA01B7863B1FFF772FEFEF72CFD022806D150
S21402CDB00120FEF721FD01210846FEF799FB1A4BDA
S21402CDC01B78022B1FD1032130460AF0A3FEFEF782
S21402CDD019FD014600287FF425AFFEF789FB21E7FF
S21402CDE00DF156060DF14E04B3E70F4B1B78432B9D
S21402CDF07FF418AF012F7FF415AF0CF08FFE81453C
S21402CE0079D1B846B1E7412B7FF40CAF044B1B68CF
S21402CE1058057FF507AFF8F761FC03E7995E002037
S21402CE2080420020525F00209D5E0020B64C237890
S21402CE30022B22D02378412B3FF4F4AE049B33B965
S21402CE40FAF764FC594602465046FFF7CDFAFAF75F
S21402CE505DFC00283FF4E6AE0EF00BF8AB4F98B13F
S21402CE603B681A0502D42378432B0DD1AB070BD4AB
S21402CE7040F61A40F7F7E0FBD4E60DF0FAFF00287A
S21402CE80D8D0A907D6D4CDE6386810F0020002D171
S21402CE90059903F0C3FC2378112B16D13B685F0576
S21402CEA013D50020FEF73AFB044600287FF4BAAEFC
S21402CEB00DF00CF940F61C40F7F7BEFB2146204663
S21402CEC0FEF716FBF7F7C4FBACE6AC0701D5FFF797
S21402CED013FAB8F1000F9ED00AF0BCFE18B94FF450
S21402CEE080310DF07BFF0022894B30461A600DF030
S21402CEF094FF90E70026039B002B7FF413AF4FF6B8
S21402CF00FF73204608A9ADF82030F5F791FF20B14F
S21402CF1020460CF0DEFDADF820004FF6FF73BDF89C
S21402CF20200098423FF47EAE049B3246002B0CBF94
S21402CF30042315232146CDE900A33B46FFF708FD4F
S21402CF4070E60CF0EBFD00287FF46CAE714B1B789C
S21402CF50002B3FF467AEA80704D46C4B1B689901FC
S21402CF603FF560AEBAF10C0F0DF1450094BF0024F8
S21402CF7012AC11F07BF802469DF8470003283FF6F4
S21402CF8051AE394600940DF13D0304F00BFA49E622
S21402CF900DF13D00F5F7FAFF28B1022239460020CE
S21402CFA0FAF740F83EE65C4B1B78013B012B3FF656
S21402CFB039AE0DF13D0002F075FD4FF6FF73984253
S21402CFC0044606D10DF13D000CF083FDA0423FF46D
S21402CFD029AE0021FAF736F924E6EA077FF522AEF3
S21402CFE02A4638460FA904F0DBFA1BE69DF83D10E8
S21402CFF00120FFF74FFA15E6474B1B78013B012B42
S21402D0003FF610AEEB077FF50DAE0DF13D0002F0D8
S21402D01049FD4FF6FF7398420546804640F08080F1
S21402D0200DF13D000CF055FD40450546074677D10B
S21402D0300DF13D00F6F71CFCB84205463FF4F2AD92
S21402D040304610F06DFB00220934E4B2071BFFB233
S21402D050394610460CF0DDFBADF81C0000283FF404
S21402D060E1AD4FF0010900232A460821CDF80090D1
S21402D07005F0D4F9ADF81E0000283FF4D3AD2146E2
S21402D08030460EF0CFFD4FF0000A8046162251467B
S21402D09009A8CDF820A0ECF75DFF434622463146AC
S21402D0A0CDF800A008A811F0E2F84B46424608A9BF
S21402D0B00DF11E00F5F7E2F800287FF4B3ADA7EBFA
S21402D0C00807FFB2394607A80EF0C8FB284610F03C
S21402D0D02BFDFF2818BF114A444418BF32F81030FF
S21402D0E0E4B21CBF23F4804322F81030BDF81C00C3
S21402D0F023463246002100970EF0D8FB2946BDF89B
S21402D1001E000DF040F98DE59D5E00208042002055
S21402D1107C420020995E00209E5E002098570020E8
S21402D120284610F001FDFF28074689D0F6F7C6FD0F
S21402D130002885D0384603F099F881E71E4B1B7805
S21402D140013B012B3FF66EAD2A4638460FA9FCF787
S21402D150C9F967E5194B1B78022B20D1002F7FF403
S21402D16061AD08A8FEF7A8F800283FF45BAD144BA3
S21402D1701F709DF83D30002B14BF64246524FEF713
S21402D18041FB032806D138463946FEF7B1F9384640
S21402D190FEF73EFB214608A80AF0BCFC42E5043B2B
S21402D1A0012BDBD938460BF0D5F80028D6D139E565
S21402D1B030460BF0D1F835E59E5E00209D5E0020DD
S21402D1C0525F00202DE9F34105460E461746984663
S21402D1D00DF04FFE044640B101233A46314628463A
S21402D1E0CDF80080FFF784FB04460DF042FE30B116
S21402D1F0FFF782FA78B10A4B1B689B010BD4002317
S21402D2003A4631462846CDF80080FFF771FB002CDF
S21402D2100CBF0446012404F0010002B0BDE8F08110
S21402D2208042002070B58AB005A80AF017FD0223D6
S21402D23001AA15468DF81430084B03F11006144661
S21402D24018685968083303C4B3422246F7D1294600
S21402D25005A80AF06EFE0AB070BD00BF37C804000B
S21402D260014B1878704700BFFC680020014B1888F5
S21402D270704700BF726800204FF6FF732DE9F04337
S21402D280994280460D4685B00BD000274FF6FD79B1
S21402D2901C4EE9F7D1FDFCB2A0420BD84FF6FF7048
S21402D2A01DE0F5F773FE0028EFD005B0BDE8F043A9
S21402D2B00CF034BC36F814304B4517D86946204675
S21402D2C00DF01EFE082241460DF10500EDF78EF91F
S21402D2D04FF6FF7360B99D4204D136F8140005B0CC
S21402D2E0BDE8F08326F814500DF0D3FD0137D0E7E1
S21402D2F09D42FBD036F81430AB4208BF26F8149095
S21402D300F4E700BFF05400202DE9FF4706460F461B
S21402D31000254FF6FD79DFF83C80DFF83CA0E9F700
S21402D3208BFDECB2A04202D804B0BDE8F08738F814
S21402D33014304B450CD8694620460DF0E1FD082214
S21402D34031460DF10500EDF751F908B90AF80470F7
S21402D3500135E4E7F0540020495E0020014B33F823
S21402D36010007047F0540020F0B5064600250D4F19
S21402D37085B0E9F761FDECB2A04201D805B0F0BD78
S21402D38037F81430B3420BD1694620460DF0F4FD4F
S21402D3909DF80030022B1CBF4FF6FD7327F81430A1
S21402D3A00135E6E7F054002030B585B004460D4658
S21402D3B0E9F742FDA0420FD9084B33F814204FF686
S21402D3C0FD739A4208D8694620460DF0D5FD2946D7
S21402D3D00DF10500FFF750FF05B030BDF0540020F8
S21402D3E030B585B00446E9F727FDA04219D9204694
S21402D3F0FEF734FF0546B0B9694620460DF080FDBB
S21402D4009DF800302BB1694620468DF800500DF08D
S21402D41095FD4FF6FF720020044B23F8142005B04A
S21402D42030BD2820FBE740F60440F8E7F054002021
S21402D4302DE9F0410B7805460E461BB9BDE8F041D2
S21402D440FFF7CEBFE9F7F8FCA84231D92846FEF727
S21402D45005FF78BB374617F8058B4FF6FF7138463F
S21402D460FFF70AFF0446384600F01EFAB0FA80F0CC
S21402D4704009B8F1000F15D0B8F1030F15D04FF6DA
S21402D480FF724FF6FD73944208BF1C460B4B3146A3
S21402D49023F815400A4B585528460DF04FFD00203C
S21402D4A0BDE8F0814FF6FF74F0E74FF6FE74EDE745
S21402D4B02820F5E740F60440F2E700BFF0540020CB
S21402D4C0495E00202DE9FF410D4604464FF6FE78E0
S21402D4D00F4F0E0AE9F7B0FCA04204D8FF242046FC
S21402D4E004B0BDE8F08137F8143043450CD16946E4
S21402D4F020460DF005FD9DF80520EBB29A4203D1B9
S21402D5009DF80630B342EAD00134E4B2E2E700BF47
S21402D510F05400202DE9F04F0C4617469846002599
S21402D5204FF6FD7B87B09DF840A0DFF85C90019037
S21402D530E9F782FCEEB2B04201D8FF2616E039F8CF
S21402D54016205A451ED8304602A90DF0D9FC3FB91E
S21402D5509DF80920424515D19DF80C20524511D15F
S21402D56044B939F81620019B9A420BD1304607B0CF
S21402D570BDE8F08F082220460DF10D01EDF736F8D2
S21402D5800028F3D00135D3E7F054002010B5144636
S21402D5900DF0B6FC2046BDE8104008220149ECF723
S21402D5A02BBD00BF205F00202DE9FF47074615462A
S21402D5B00846082224491E46EDF718F804460028B5
S21402D5C03FD14FF6FF7ADFF88490E9F735FC5FFA31
S21402D5D084F880450BD385B3384608F049FA01250E
S21402D5E00C9B18700120357004B0BDE8F08739F83E
S21402D5F0183053451FD0694640460DF081FC7A78B4
S21402D6009DF801309A4216D17A88BDF802309A42C5
S21402D61011D13A799DF804309A420CD108220DF1C4
S21402D6200501781DECF7E2FF28B9002DD7D1404658
S21402D63008F039FAD3E70134C7E7FF2008F033FAD7
S21402D640CEE70020D0E700BF205F0020F054002085
S21402D650F0B50025154E164F85B0E9F7EDFBECB296
S21402D660A04201D805B0F0BD694620460DF048FC40
S21402D6709DF80030032B06D90023694620468DF814
S21402D68000300DF05BFC9DF8002062B14FF6FD7392
S21402D6904FF6FE71032A08BF0B4626F81430002305
S21402D6A001353B55D9E74FF6FF73F6E7F0540020F5
S21402D6B0495E0020F8B50E4604464FF6FF770C4B3F
S21402D6C00C4D1B7803EB430305EB8305A54202D8FA
S21402D6D000242046F8BD2388BB4206D008223146E5
S21402D6E0A01CECF783FF0028F3D00C34EEE700BF53
S21402D6F0BD68002030540020044BFF211A780448ED
S21402D70002EB42029200ECF725BC00BFBD68002087
S21402D71030540020F8B504460C4B0D461B781046D4
S21402D720A3420DD90C27022117FB04117C43084E95
S21402D73008223144ECF760FC335B00202B80F8BDF6
S21402D7400023136053604FF6FF73F6E7BD680020B0
S21402D7503054002038B504464FF6FD75FFF704FE38
S21402D7600022084B1878084BD1B2884200D838BD40
S21402D77033F80C1C0132A14208BF23F80C5C0C33B0
S21402D780F2E700BFBD6800203C54002070B5054695
S21402D7900E460846FFF7DEFF31462846FFF76CFDC9
S21402D7A029460648FFF786FF00B970BD044624F8EE
S21402D7B00C6B0DF06EFB29462046F3E73054002032
S21402D7C010B5082286B023490446ECF70FFF20B9AD
S21402D7D006B0BDE810400CF0A1B9082220461E494A
S21402D7E0ECF704FF20B91D4BB3F8680006B010BD75
S21402D7F00023012221464FF6FF700093FFF78AFEB0
S21402D800FF2806D0164B33F810004FF6FB739842EB
S21402D810ECD903A8FEF79EFD58B9BDF80C305B069E
S21402D82007D5082221460DF10E00ECF7DFFE002890
S21402D830DCD021460B48FFF73DFF40B14FF6FB72A6
S21402D8404FF6FF730088904288BF1846CEE74FF621
S21402D850FF70CBE7205F00206A50002000500020B7
S21402D860F05400203054002070B5002204464FF6D3
S21402D870FB7608460A4B1D780A4BD1B28D4201D878
S21402D880002009E01988B14207D8A14205D1082232
S21402D890991CECF7B1FB012070BD0C330132ECE7AA
S21402D8A0BD6800203054002037B5014605460E48B4
S21402D8B0FFF700FF044640B1807A29460DF080FB50
S21402D8C080F00100C0B203B030BD034600900122D2
S21402D8D029464FF6FF70FFF71DFEFF2816BF034BC3
S21402D8E02046185CE9E700BF30540020495E00205D
S21402D8F02DE9F341224B04461B780F468342154618
S21402D90038D9FEF7C5FCB8BB4FF6FD739D421D4ED7
S21402D9100ED004EB440326F823504FF6FF739D42C5
S21402D9201FD12046FEF7CCFC002002B0BDE8F081F5
S21402D9300DF106013846F5F77BFA4FF6FF72BDF891
S21402D94006303846934218BF1D460C236343F552F1
S21402D95006EB0308FFF7A8FFB0FA80F0400988F844
S21402D9600A000C2303FB0460082239460230ECF757
S21402D97043FBD9E72820D8E740F60540D5E700BFA5
S21402D980BD6800203054002038B504460D46FFF727
S21402D990BBFC21460448FFF78DFE00B938BD8572F0
S21402D9A021460C30F7E700BF305400200023074A18
S21402D9B01370074A1370074A118801B11380064B89
S21402D9C01A880AB100221A80704700BF645F0020DE
S21402D9D0635F002014580020125800202DE9F04FF3
S21402D9E04C4C9846238889B005900F4610469DF801
S21402D9F048A05BB952B10DF04AFF20804FF4FA619D
S21402DA00454809B0BDE8F04F0FF05ABFDFF81C9149
S21402DA10B9F80050002D69D028460FF081FEC0F3F9
S21402DA20470428460FF060FEDFF804A10294BAF815
S21402DA300030DFF800B10193BBF8003005460093D2
S21402DA4000224346012035490DF0A0FFADF81E0026
S21402DA5010B305EB44080124454512D1E4B9BDF8DC
S21402DA601E50CDB12E4B1B782BBB2B4600223946BF
S21402DA70059800F043FA0023ABF80030AAF800300D
S21402DA800AE0012329461A460DF11E00F4F7F6FBBA
S21402DA90023504460028DFD00023224AA9F80030C7
S21402DAA01378013BDBB21370002BA7D109B0BDE897
S21402DAB0F04FFFF77BBF0BF0FAFF0146284604F053
S21402DAC085FC0A218046284604F080FC0646A642CB
S21402DAD002D8FF2CCFD1C8E7284604F10B0104F088
S21402DAE075FC8045C1D80134E4B2F0E70E4C2378C9
S21402DAF023B910F0C9F808B90123237052464146EB
S21402DB000520F5F757FC0028D0D1207009B0BDE8F3
S21402DB10F08F00BF14580020B4670020BF7B0400BB
S21402DB20655F0020645F0020635F002012580020BB
S21402DB30AC570020AE57002030B5154D87B02C8864
S21402DB409CB923464FF4A07248F2380103A80DF0A0
S21402DB501AFB21462046F9F7F3FB22460D4B0094AA
S21402DB6003A9FFF73BFF07B030BD20460BF036FE99
S21402DB70043010F07BFA03A9044628880EF08CF8CD
S21402DB800023009320462A8803A900F065FBEAE7F3
S21402DB901458002000F8FF0737B5002001A9F9F74E
S21402DBA0CFFB0D4C014623780C4D7BB10C4B019AF2
S21402DBB01878F9F7DBFB2078F7F716F900232370BD
S21402DBC02B700848F4F706FC03B030BD2B78002B08
S21402DBD0F7D0FFF7B1FFF4E7675F0020645F00202D
S21402DBE0665F0020B467002008B50548F4F702F91E
S21402DBF00448F4F7FFF8BDE808400348F4F7FAB81B
S21402DC001458002012580020105800202DE9F04F1A
S21402DC1089B089460446CDE905239DF84870139ECF
S21402DC2030B316F801ABBAF1000F23D00AF1FF3475
S21402DC30A400E4B2314601200AF0D4FBC00E1BD188
S21402DC40DFF838B1314601200AF0CCFB9BF80050D1
S21402DC5034442279BDB1002F47D180234846CDE90E
S21402DC600277CDE900773E4A059900F047F93CE095
S21402DC708246DFE75446DDE71B28ECD93146012011
S21402DC800AF0B0FBE7E7DFF8F880FF2A00EA0808A8
S21402DC900BD14246E379A179607901EB032189B27F
S21402DCA009B0BDE8F04FF9F761BB2E4909688B074A
S21402DCB00AD5FE2A35D101230135EDB2202D4FEAD1
S21402DCC043030AD1FF250AE0294628460792F9F7B8
S21402DCD037FB4845BFD1079AEBE79845ECD1224B74
S21402DCE01B78FF2B04D0AB4204D009B0BDE8F08FFE
S21402DCF0FF2DFAD029460020F3F774F80028F4D056
S21402DD009BF800306479002BEFD1FFF74FFE1748DF
S21402DD104FF410510FF0D4FD154B8BF800501C70C9
S21402DD20E3E7052A97D8BAF1010F94D8B8F1000FA5
S21402DD3091D0002FD9D17379002BD6D00D490988FE
S21402DD4021B9082B28BF08230B490B7043464846C7
S21402DD501292DDE9051209B0BDE8F04FFFF73EBEAC
S21402DD60BF7B040080420020FD680020B4670020CC
S21402DD70665F002014580020645F0020675F002062
S21402DD8000F8FF07014B1880FFF7D6BE1258002096
S21402DD9037B5184B1B78022B03D01725284603B03D
S21402DDA030BD00210DF10700F4F798FC0546002867
S21402DDB0F3D1114B1B78013B012B01D90225EDE76C
S21402DDC0F4F7F6FB0028F9D009F0ECFD0446F4F768
S21402DDD0EFFB0A4B4FF47A7118700B23B4FBF3F285
S21402DDE003FB12440A34A4B2614305480FF068FDEF
S21402DDF0D4E700BF9D5E00209E5E00208E5E00205F
S21402DE00AC4100202DE9F043384B00241E784FF435
S21402DE10F813374FA5B003933D78ADF81040F7F7E7
S21402DE208FF8BDF90E30ADF81200A342ADF81440DB
S21402DE3006DB304B1C780134E4B21C7044F08004DC
S21402DE408DF82C40A94602244FF000088DF82D606C
S21402DE50B14529D3002221460BA83D708DF82D80AE
S21402DE600BF0D7FCE8B1B8F1000F09D000234FF64B
S21402DE70FC71CDE9000303AAFF230620FBF7EAFFA5
S21402DE80B5422FD209F08EFD0B23B0FBF3F24FF40E
S21402DE907A7102FB13000A3080B2414316480FF033
S21402DEA00FFD25B0BDE8F083484606A902F004FA45
S21402DEB098B9512C11D804F190030DEB03020834E3
S21402DEC006AB013508F1010803CBE4B242F8640C54
S21402DED042F8601CEDB25FFA88F809F101095FFAB0
S21402DEE089F9B5E70448F4F775FADAE78E5E00209A
S21402DEF08F5E0020695F0020AC4100200CB42DE943
S21402DF00F04F8BB014AA0E4652F8041B074609922D
S21402DF10002940F08F80BDF85400ADF8220000289A
S21402DF2000F0A18033794FF6F778002B40F0868018
S21402DF3047458CBF4FF009084FF008084C4B1C7839
S21402DF40FF2C40F08380B6F90230002BA9BF494B64
S21402DF50347A1C780134A2BFE4B21C7044F0800408
S21402DF60DFF81CB12246002104F044FA9BF8003088
S21402DF70BDF82200002B6CD0DFF808A14FF0000994
S21402DF80BAF8003007930FF0CBFB0546BDF8220027
S21402DF900FF0AAFBEBB2CDE90193FF23CDE903090B
S21402DFA000932246334639460798FCF7F1F84FF6B7
S21402DFB0FF7305468BF80090AAF80030382D33D14F
S21402DFC03246394640460DF122030AF0CBF90028C4
S21402DFD04BD04FF6F7739F4226D8B6F902307088B8
S21402DFE0002B21DA48F204022349244B4FF00008A2
S21402DFF0904214BF894699460BF090FD4946034667
S21402E0008A220120CDF800800DF0C0FC814658B16E
S21402E0102246414604F0EEF9FF2332463946404690
S21402E020CDE90098FBF716FF28460BB0BDE8F04F87
S21402E03002B0704701200DF086FC6EE700234745CC
S21402E0408CBF4FF006089846337177E7FF221A70A6
S21402E05086E7CDE900033246FF2339464046FBF702
S21402E060F9FE0546AAE71925DEE70546DCE700BF06
S21402E070FF680020695F0020D07B0400C57B040097
S21402E080685F00201658002070B54FF40033002455
S21402E0900546164688B0ADF81A100DF10F0204A90F
S21402E0A00593ADF81840ADF81C4004948DF80F4067
S21402E0B00AF02FF99DF80F3028460193049B044A74
S21402E0C0009305A93346FFF719FF08B070BD00BFDD
S21402E0D0C97B040030B54FF48035002487B0039521
S21402E0E0BDF82850CDE900128DF81030074A0346D5
S21402E0F003A9BDF82C008DF81140ADF81250ADF80A
S21402E1001440FFF7FBFE07B030BD00BFD57B04000E
S21402E110B1F1006F2DE9F04314462CBF39223822A4
S21402E1208BB01D464FF00003ADF81E204FF4800260
S21402E1302CBF4FF001099946FF2C0646ADF81C305D
S21402E1400892ADF824304FEA11471FFA81F80FD132
S21402E1500CF07AF8B9F1000F19D1154ACDE902058B
S21402E16043463046CDE9007407A9FFF7C7FE1AE01A
S21402E170FE2C0AD10CF068F80130C0B20CF06FF831
S21402E180B9F1000F12D00B4A02E0E8B2F8E70A4AE9
S21402E190CDE9030501233046CDE90174CDF80080B0
S21402E1A007A9FFF7ABFE0BB0BDE8F083034AD5E73D
S21402E1B0CD7B0400D37B0400CC7B0400D47B04001C
S21402E1C04FF498124FF0806310B586B0CDE9032362
S21402E1D00023ADF814300BF0A1FC0446F6F7B0FEAF
S21402E1E0054B01900093054A234603A94FF6FD709E
S21402E1F0FFF784FE06B010BD205F0020D97B040026
S21402E20008B5064B1B78022B02D0043B012B03D821
S21402E210FFF7D6FF002008BD0220FCE79D5E002027
S21402E22030B500244FF4806587B0CDE900128DF832
S21402E2301030084A034603A94FF6FD708DF81140C8
S21402E2400394ADF81250ADF81440FFF757FE07B02E
S21402E25030BD00BFDD7B04002DE9F04F9BB00E46BB
S21402E26005460EA91046CDE90A329DF890700CF0CC
S21402E270E2FEBDF838A0804650460FF051FAB6F9D5
S21402E28002300446002BB6F80690B6F802B004DA5E
S21402E2900022B24B1A70002049E050460FF040FAB6
S21402E2A04045F5D3A4EB0804E3B2002F18BF4FF4A1
S21402E2B0A079152B099328BF15230024013308F1F2
S21402E2C0FF325146DBB292B2009414A80FF0CFFF91
S21402E2D06FEA4B436FEA5343A1499DF85020086802
S21402E2E04968ADF846300FAB03C3ADF84840ADF809
S21402E2F04440ADF84A90ADF84C20BBF1000F24D153
S21402E3000DF15100F4F742FEA0B10BF007FC5C469B
S21402E31006460DF1590A0DF151030A9A9AF8008041
S21402E320012A2DD157B384F0010404F001001BB07A
S21402E330BDE8F08F0DF1510001F0B4FB4FF6FF740B
S21402E340011B4C4206464C41E3E7BBF1010F40F08D
S21402E3509480BDF851600BF0E1FB86420AD030464D
S21402E3600FA90CF03EFF80F00104E4B20DF1530A4F
S21402E3700FABD2E77B4B0DF1530ACEE70A9CD4E7EC
S21402E38097B3002C75D1B8F1010F72D837D10BF0C4
S21402E390C5FB0BF0C3FB224606469AF80170714B8A
S21402E3A000210120CDE9006102976F490DF0EEFAD7
S21402E3B0ADF83A0000285CD0002C53D1B8F1010F1A
S21402E3C050D12646DFF8B8A19AF800305FFA84F8F2
S21402E3D0434538D940460FF0FFFBC20702D5BFB10E
S21402E3E0013FFFB20134EFE7B8F1010F05D1002C6F
S21402E3F0CDD081229AF80170D2E7002CF9D1B8F17B
S21402E400010F94BF002201229AF80170D201C7E7D9
S21402E410404601F017FB0123ADF8340002220DA995
S21402E4200DF13A00F3F72AFF18BBBDF83A000FF0D9
S21402E43077F9804648460CF070FC08F10108013670
S21402E4408045F6B2CEDBB6B132460C21BDF83A00B4
S21402E45003F0D0FF00222846BDF83A3011A9FFF794
S21402E4604DFD06E00C210DF13A000DF0F7F90028FB
S21402E470F0D001205BE70D21F5E70A9B002B7FF425
S21402E4800AAF7388342B57D1099B092B7FF403AF4D
S21402E490002F7FF400AF9DF959603A46B410082168
S21402E4A00DF1510004F020040BF0CAFAD0B12F4B44
S21402E4B01B78012B3FF4EFAE022B27D12C4B1B68A7
S21402E4C013F0807F25D12A4B1B685B0201D5002EF4
S21402E4D030DA00232846274A11A9FFF70FFD264BFC
S21402E4E01C70D8E60DF15100F4F750FD0028DED17D
S21402E4F00DF1510001F0D6FA4FF6FF73984208D09C
S21402E5002146F8F79FFE034618B903E0033B012BAA
S21402E51006D9C8232846174A11A9FFF7EFFCBAE620
S21402E520164BB3F86830AB42CDD0114B1B6813F0D4
S21402E530805FC7E78D23EDE7099BCDE9059204933B
S21402E5400DF15103CDE9028331462846CDE9007A22
S21402E5500B9B11AA00F058F89DE600BF5C5F0020F6
S21402E56013050400205F0020E17B04009E5E00206D
S21402E57080420020C3320400FE68002000500020C3
S21402E580CA680020024B187840F08000704700BF2F
S21402E590695F002038B50A4B05461C7824B10BF09B
S21402E5A0BDFAB0FA80F46409F8F72AFF08B144F01D
S21402E5B04004E8F74DFC44EA4020284038BD00BF3E
S21402E5C0995E0020014B1880002070477A68002070
S21402E5D04FF6FF71034602881B798A4217BF074926
S21402E5E001200A8041881EBF054A00201180FF2BA9
S21402E5F01EBF044A00201370704700BF76680020D2
S21402E600746800206A5F00202DE9F04FB7B0994683
S21402E610BDF80431439C0D939DF8083183460E9352
S21402E620BDF8143120460F939DF81831B1F802A0B8
S21402E6300F4690469DF8005110930FF017FDBAF161
S21402E640110F064600F28A800BF068FAB04200F01C
S21402E6508F80BAF1060F19D14FF6FD739E423ED057
S21402E660DDB9BC4B1B78033B012B36D930460FF085
S21402E6705BFAFF2814BF8923812300224146CDE995
S21402E68000625846B44AFFF739FC06E02DB9BAF1E3
S21402E690030F08D8BAF1010F0AD80022AF4B1A703E
S21402E6A037B0BDE8F08FAAF10403022BF5D8D8E7FD
S21402E6B0A84B1B78033B012B0DD930460FF034FADA
S21402E6C0FF2814BF8923812341465846A44A009650
S21402E6D0FFF714FCE1E78023F6E78023CDE7A14BA2
S21402E6E01B7859074CD40BF019FA0026034632461B
S21402E6F00120994900960DF049F92379ADF86C008E
S21402E7000F930028CCD0DDE90E320D9803EB4209B8
S21402E7100FF006F85FFA89F909F10507FFB287429A
S21402E720BED239460D9803F051FE109007EB400713
S21402E7300D980EF0F5FF8742B2DADDE90F32134389
S21402E740DBB2002B40F03282002DA9D12F463A468A
S21402E7500421BDF86C0003F04DFE76E1814BBAF160
S21402E7603A0F1B7811D948F23B039A4508D014E0B9
S21402E7707C4B1B785A070BD5AAF10403022B07D849
S21402E780FB8843F48043FB808AE7BAF11B0F1ED84E
S21402E790AAF102039AB2132A5ED9109B4946029343
S21402E7A00F9B5046CDE900530E9A5B4609F0BEFD1C
S21402E7B00F287FF475AF0122684B1A70694B1B78DD
S21402E7C09B0740F1D982002D7FF46AAFD8E7AAF101
S21402E7D01C021E2AE1D801A151F822F001F0020023
S21402E7E09BE702009BE7020021EC02009BE7020087
S21402E7F001ED020001ED02009BE702009BE702002A
S21402E8009BE702009BE702009BE702009BE70200F1
S21402E8109BE702009BE702009BE702009BE70200E1
S21402E8209BE702009BE702009BE702009BE70200D1
S21402E83031ED020031ED02009DEF02009BE702007F
S21402E8409BE70200B7EF02009BE7020051F00200CE
S21402E85067F0020075F00200132B9ED801A252F850
S21402E86023F000BFB5E802007DE902009BE9020042
S21402E87079EA0200E7E602009BE702009BE7020055
S21402E8809BE702009BE702009BE702009BE7020071
S21402E8909BE702009BE702009BE702009BE7020061
S21402E8A09BE702009BE70200BBEB02009BE702002D
S21402E8B02DF0020000241BAB5A4648460E990093E0
S21402E8C01DAB1D948DF86C4009F024FD0BF026F963
S21402E8D0204B05461B78012B03D0022B14BF0224C3
S21402E8E00124E8F7B5FA162894BF0020012044EA6E
S21402E8F04014F6F725FB1C4B0646B3F800A0FBF7C0
S21402E9009FFA1A4B07464FF6FF70B3F80090FFF7D0
S21402E91041FE174B9DF86C201988124B1B7813F09A
S21402E92002031CBF134B1B780B921D9ACDE90701FD
S21402E930CDE9093240234146CDE90143584600233A
S21402E940CDE90579CDE9036A0B4A0095FFF7D6FAB9
S21402E950A6E600BF9E5E0020C57B04005C5F00202A
S21402E960D07B04003E5E00207A6800207668002095
S21402E970746800206A5F0020E77B04000BF0CEF884
S21402E980A34BA44A1B88CDE94003002341465846C0
S21402E99037B0BDE8F04FFFF7B1BAA4781DA9631EE1
S21402E9A0DBB2EF2B204610D9F22C0ED007F0ACFFCC
S21402E9B082240BF0B3F800234146CDE90003964AC1
S21402E9C023465846FFF79AFA6AE607F09DFF0028A4
S21402E9D050D00BF0A3F89DF878209DF87A10049298
S21402E9E0BDF8762049000392BDF87420C9B2CDE97D
S21402E9F001429DF8792003465200D2B208320A44F8
S21402EA0000920120002285490CF0C0FF9DF8793063
S21402EA10ADF86C008DF8673000283FF441AE002652
S21402EA2001230DF167011A461BA8F3F727FC0546DA
S21402EA3000287FF435AE9DF86730EAB2934209D8D3
S21402EA409DF87A308DF8673016B1BDF86C3033E039
S21402EA500126E5E73146204607F058FF0123ADF8C8
S21402EA60680002221AA91BA8F3F708FC0135002841
S21402EA70E1D015E683249CE70BF050F8044607F035
S21402EA8064FF234600900022012063490CF07EFFBB
S21402EA9000283FF405AE00252C46ADF8740007F0BA
S21402EAA054FFEEB2B0420DD822460421BDF87400DF
S21402EAB003F0A0FCBDF87430002241465846FFF72A
S21402EAC01DFAEDE5304607F01DFFFF288DF86C00B5
S21402EAD00AD0012301341A461BA91DA8E4B2F3F793
S21402EAE0CDFB00287FF4DCAD0135D8E75046B4F8FC
S21402EAF0029007F007FFFF288DF8680000F0CF822B
S21402EB001DA907F001FFBDF874304B4507D04FF63C
S21402EB10FF72914540F0C3821B0400F1C0829DF84B
S21402EB20793012930E9B0533DBB213930F9B14932B
S21402EB30002311934FF000094B4613E01793490048
S21402EB40139BC9B219440D9889B20CF0C2FE4FF05D
S21402EB50000A179B159012995FFA8AF28A4217D317
S21402EB6009F10109149A5FFA89F19142E6D39DF8F8
S21402EB707A201292169A1392002B40F08582119BED
S21402EB80002B40F08C8201231193109B1493D1E743
S21402EB9011999DF86800179307F0B8FE159A179B0F
S21402EBA00AF1010A824208BF0123D4E709F10609E5
S21402EBB05FFA89F33746169372E2A71C3946304647
S21402EBC0A57A08F007FF012239463046FAF7D4FB49
S21402EBD030460CF05CFC384600F064FF2288824225
S21402EBE007D04FF6FF72904203D00EF09DFF0CF056
S21402EBF08EFB85F00804C4F3C00421463846FEF7AF
S21402EC00C3FE2146384637B0BDE8F04F09F0BBBB1D
S21402EC1078680020F47B0400C57B0400F87B0400BF
S21402EC20AD4B1B78033B012B7FF63AAD0AF076FF1D
S21402EC3058453FF435AD08F0B5FE0B23B0FBF3F2B2
S21402EC404FF47A7102FB13000A3080B24143A348A4
S21402EC500EF036FEF3F7ACFC00283FF421AD01239C
S21402EC60002218469E4994F800A00CF08FFEADF8DC
S21402EC70680000283FF414AD0026354634460E9B45
S21402EC801BAF01330E93F2B2524514D3002C3FF45D
S21402EC9007AD01232A461DA91AA8F3F7EFFA0028A2
S21402ECA07FF4FEAC22460221BDF8680003F0A2FB08
S21402ECB0BDF8683000E74FF000090E99D200D2B2D4
S21402ECC00A4408230D993846CDF800900FF0CFFA83
S21402ECD0394648460EF0F8FEFF280FD0814B1B5CE3
S21402ECE00F2B0BD997E8030005F1D8036B44643B5E
S21402ECF083E8030008350134EDB2E4B20136C2E718
S21402ED00002D7FF4CDAC18073FF53AAD53462246A8
S21402ED104146584603F066FE00287FF4C1AC8423C1
S21402ED2041465846704A37B0BDE8F04FFFF7E6B89E
S21402ED3023780F9810930BF0F0FF002106465846F2
S21402ED4004F0BAF9644BBAF1310F1B780746A3F107
S21402ED5003030BD1012B13D9644B654A1B78127837
S21402ED601344DBB20D9316230E930DE0012B03D949
S21402ED70604B1B780D9353BB002D7FF491ACCEE70E
S21402ED8001231621CDE90D310024109B2246009363
S21402ED9001202346584901940CF0F8FD00283FF460
S21402EDA07FACF61BF3B22646544FDFF85C91119304
S21402EDB0ADF86C000F940D9BE5B2AB4209D8324613
S21402EDC00221BDF86C0003F015FB0F9AC0E4052380
S21402EDD0CAE7162200211DA8EBF7BCF8BAF1320FDB
S21402EDE03DD13B7903F00302032A21D18DF8762028
S21402EDF0109B0136F6B2B34215D2BDF86C000EF087
S21402EE008FFC0E9B1844119B98420CDC01230E9A31
S21402EE101DA91BA8F3F732FA00287FF441AC0F9B1A
S21402EE200133DBB20F930134083709F11209C2E746
S21402EE30B9790029DCD13249C3F3C203CB5C1DA8E1
S21402EE40012A08BF43F0010339888DF876300FF0A7
S21402EE500FF979880DF177000FF00AF9C8E71DA8B7
S21402EE600BF074F94FF0FF33CDE91F331F4B1B78BD
S21402EE70AB4261D999F804306F2BD4D828461FA923
S21402EE80F4F7D0FF0028CED01E4BB9F80020B3F816
S21402EE90683092B9003B18BF01235B0143F00403BC
S21402EEA08DF8863002238DF88730B9F802301B0AB7
S21402EEB011468DF8893021A8CEE79B1A18BF012388
S21402EEC05B0143F005038DF8863002238DF8873008
S21402EED00F238DF88830E8E79E5E0020AC410020C4
S21402EEE0027C0400425E0020C3320400975E0020CB
S21402EEF0965E0020C8680020007C040002570020AE
S21402EF0048C8040000500020885500200132D2B2C2
S21402EF10551EEDB22846139312920EF05DFEDDE901
S21402EF20122310F0010FF1D063490978611A994251
S21402EF3005D00133DBB2E9E701220023E8E75F4BA5
S21402EF401FA918782844C0B2F4F76CFF00283FF4D3
S21402EF506AAF284600F076FD129028460EF03CFE78
S21402EF6010F0010F129A0FD116238DF88630544BEB
S21402EF701B780133DBB20F2B28BF0F238DF88830A6
S21402EF80504B33F8153092E7284612920EF024FEC4
S21402EF9010F0020F129AE7D11223E6E71A073FF59E
S21402EFA0EFAB23465A4641460F9803F073FD0028FE
S21402EFB07FF476ABE0E695B1434B1B78033B012B1F
S21402EFC07FF66EAB0AF0AAFD18B9BBF1000F7FF40C
S21402EFD067AB207837B0BDE8F04FF5F721BE0AF0F0
S21402EFE09DFD20B1384B1B78033B012B01D88023B3
S21402EFF096E62B4641465846344AFEF77FFFE8E738
S21402F0000AF08CFDB0427FF44BABA01CF3F7BEFFB8
S21402F01000283FF445AB0AF081FD04460AF07EFD67
S21402F0202B4B2C4ACDE940032346AFE420460FF093
S21402F0301DF8FFF7AFFA00283FF432AB40900023EA
S21402F04041465846244A37B0BDE8F04FFEF756BF51
S21402F0504B46424659460020CDE9405437B0BDE8FB
S21402F060F04FFEF7D3BD4B46424659460120CDE946
S21402F0704054F3E72B464A4641465846409437B03A
S21402F080BDE8F04F09F084B901231AA91A461BA855
S21402F090F3F7F4F800287FF403AB0137FFB201362A
S21402F0A007F053FC5FFA86FA50453FF61FAD002F75
S21402F0B03FF44AABFFF74BBB975E0020C3680020C5
S21402F0C0515F00208A5700209E5E0020C332040053
S21402F0D0205F0020057C0400D07B0400F8B5164BA8
S21402F0E004461D88154B20F8025B196879B1082280
S21402F0F0EAF782FF124B0C201B78124EA372124BB9
S21402F10019780023DAB2914205D8FF2209E0C4F842
S21402F11002104160EEE7013300FB03F7F75BAF42F4
S21402F120F0D10A4BE2721B782373094B1B78637388
S21402F130084B1B682361F8BD245800201C51002090
S21402F1406B5F002024540020BD6800204D5F002025
S21402F1504C5F002008510020F0B589B006460C46E8
S21402F16015460CF088FD0DF10A02014630460CF0F9
S21402F1701AFC144F0346F0B901223A702288BDF8F1
S21402F1800A102AB102460090072006F08FFB90B1C3
S21402F19003A8FFF7A3FFBDF80A000EF0C1FA064661
S21402F1A0BDF80A000EF0A0FA21460090F3B22846F7
S21402F1B003AA08F041FC0023034A3B70136009B01F
S21402F1C0F0BD00BF6C5F00201C51002073B5ADF887
S21402F1D006000DF106000AF02EFB014608B102B049
S21402F1E070BD0DF106000AF06FFB04460EF07CFAC5
S21402F1F0C67A002EEDD120460CF004F8FF28E8D09F
S21402F2000EF0D2FC054BD3F88850002DE1D03346E1
S21402F210224641213046A847DBE700BF00500020C7
S21402F22073B5002200210C2000F0C2FC0021194810
S21402F2300EF080FF01250446164E84B120460BF0E0
S21402F240E1FFFF2805D1214630460EF097FF04461F
S21402F250F3E704220023009500F07EFCF3E7214644
S21402F2600D480EF067FF012504460B4E0CB902B09E
S21402F27070BD20460BF0C6FFFF2804D008220023EC
S21402F280009500F069FC214630460EF077FF0446F2
S21402F290ECE700BF285800202A5800202DE9F84F36
S21402F2A010460E46174699460AF0A6F9254A264BF8
S21402F2B00021B0F5006F14BF9046984640460EF007
S21402F2C039FF4FF0000A0446DFF880B00CB9BDE8FB
S21402F2D0F88FBC4228D120460EF006FA857A80F8CE
S21402F2E00BA0013DEDB2857216B13F2E00D02DBBAC
S21402F2F00EF0ECFC054620460AF07EF9B0F5006FEB
S21402F3004FF00002214615D10F480AF0FCFAFFF72B
S21402F31087FF28460EF0D5FCDBF8885025B14B4611
S21402F3203A4631460020A847214640460EF026FFC0
S21402F3300446CBE703480AF0E6FAEAE7FFF770FF6F
S21402F340F2E700BF2A58002028580020005000206C
S21402F35000232DE9F34706460F464FF6FF78284C62
S21402F360DFF8A090ADF8063020460AF064FA0546AB
S21402F37048B9294620460EF0DDFE82460EF0B4F964
S21402F3800389B34217D94C4501D1FFF749FF002143
S21402F39020460EF0CFFE054607F1FF3A5FFA8AFADC
S21402F3A0D5B94C4516D1BDF80600FFF70FFF40460B
S21402F3B002B0BDE8F0877B1EDBB2FD2BD4D929460E
S21402F3C020460AF081FA2A4651460DF106000EF052
S21402F3D0B7FEC9E74C46C7E7BAF1FD0F09D928467A
S21402F3E00EF082F903899B1B9BB2984528BF98466C
S21402F3F00381294620460EF0C1FE0546D0E700BF2F
S21402F4002A5800202858002008B50EF045FD0B4A61
S21402F410FF2113881080C31A98B2FFF799FF4FF6A0
S21402F420FF7301469942064803D1BDE80840F2F749
S21402F430D1BFBDE808400EF043BA00BF2C580020EA
S21402F440D4670020174B00282DE9F041164D18BF4F
S21402F4501D460F4628464FF000010CBF4FF0080825
S21402F4604FF002080EF066FE044610B92046BDE8CC
S21402F470F08120460EF038F9C37A064623B12146BB
S21402F48028460EF07BFEEFE720460AF0E4F84246F6
S21402F49001463846EBF7AAF80028F0D1B378002BDD
S21402F4A0EDD1E3E7285800202A580020014B1860C7
S21402F4B0704700BF2051002010B504460548F2F7F9
S21402F4C089FF0023044A1380044A1380044B1C80DD
S21402F4D010BD00BFD46700202A58002028580020FC
S21402F4E02658002008B50448F2F784FCBDE8084018
S21402F4F00248F2F77FBC00BF2A5800202858002096
S21402F5002DE9F341044688460EF0C6FC324B074608
S21402F51020461E880BF076FE054620460AF06CF85A
S21402F520B0F5006F32D1FF2D06D0012304220093DE
S21402F5302846002300F010FBB8F1000F1DD10EF094
S21402F540C5FB2146054625480AF07AF928460EF0FC
S21402F550B8FB23480EF01CFE224BA8B31988711A7A
S21402F56017FA81F086B220460EF0BEF80323068113
S21402F5708372002002B0BDE8F0810EF0A7FB0022E5
S21402F5802146054615480EF0DBFDDFE716480AF071
S21402F59089F904281ED8FF2D06D0012308220093DD
S21402F5A02846002300F0D8FAB8F1000F05D10EF075
S21402F5B08DFB214605460C48C6E70EF087FB002267
S21402F5C0054621460848DEE7314605481F800EF00C
S21402F5D077F9C8E71C20CDE72658002028580020D7
S21402F5E0D46700202C5800202A5800202DE9FF4717
S21402F5F008460C4609F0E5FF00F4805820460AF05B
S21402F60066F8054620460AF039F8B0F5404F1BD199
S21402F610B8F1000F14D029460020FFF713FF054665
S21402F62070B10EF061F80023404A817804460092D9
S21402F63018462A460193F1F7A5FF08B90123E3729B
S21402F640012004B0BDE8F08728460EF00FFD814683
S21402F6500EF06AFAFF28074637D00125A0F12006E9
S21402F660C0F12003324925FA03F305FA06F61E43D3
S21402F6708540D1E900232A433343C1E900230EF033
S21402F6806DFA044638B138460EF0A6FA10F00C0FA2
S21402F69014BF01240024B8F1000FD1D04FF0000AA5
S21402F6A003A90120ADF80C90FFF7CCFE81460EF0C0
S21402F6B01BF88046B9F1000F1ED1BAF1000F14D123
S21402F6C0FF2FBDD0002CBBD128E01A4B1B684BB1D4
S21402F6D048469847044628B1B8F1000FB0D0002536
S21402F6E02E46DBE7B8F1000F01D10020A9E700257E
S21402F6F001242E46A246D3E774B100230B4A817832
S21402F700009218464A460193F1F73CFF002897D12B
S21402F710012388F80B3093E7FF2F91D0064BD3E9ED
S21402F720001229433243C3E9001289E79DF2020020
S21402F73060160020205100205816002038B50446D6
S21402F74009F05AFF0546204609F085FFA5F5006335
S21402F7500446014658425841FFF774FEB0B9B5F563
S21402F760006F01D0002038BD20460EF07FFC0EF060
S21402F770DBF9FF28F6D0064B00B21B6833F8100000
S21402F78000F4E260003818BF0120ECE70120EAE747
S21402F790245100202DE9F7434FF000090746ADF843
S21402F7A004900EF019FA10F00C0F29D04FF0020850
S21402F7B0154D2B88A5F80090ADF806300DF1060021
S21402F7C00AF039F8044630B1B8F1010F14D04FF000
S21402F7D001080E4DEDE721460DF106000AF074F819
S21402F7E006460BF00FFDB8422246314614BF2846A5
S21402F7F001A80EF0A5FCE1E7BDF80400FFF7E6FC61
S21402F80003B0BDE8F08300BF2A5800202858002025
S21402F8102DE9F04FDFF8208185B0D8E90032134396
S21402F8207CD105B0BDE8F08F02EA040103EA0700C6
S21402F830014327D022EA040223EA0703C8E9002389
S21402F840DAE9002304EA020507EA030C55EA0C0586
S21402F8506FEA04006FEA070124D130460EF0BCF9C5
S21402F860C2070FD530460EF09FF9DBF89C30002B0E
S21402F87045D11D46304600F0E5F8DBF884300BB182
S21402F8802946984724197F4109F10109284B5FFA56
S21402F89089F61B78B342C4D9D8E9002352EA030199
S21402F8A0C2D1BEE702400B403046CAE900230EF042
S21402F8B093F9C307E6D51F4B30461B6833F816305C
S21402F8C003F48873102B10D00EF06EF9DBF89C3020
S21402F8D013BB1D460123102200933046002300F07E
S21402F8E03BF90020F1F7BCFDC4E70EF05DF9DBF84A
S21402F8F09C300125002BBDD00122039502E0002595
S21402F9002A4603950392002130469847039A002A16
S21402F910B0D0002DAED1DDE70025EDE74FF00009AF
S21402F92001244F46DFF814A0DFF814B0AEE700BF9C
S21402F930006900202451002060160020581600207E
S21402F94000500020F8B50346084613B309B3402A10
S21402F9501FD8114900260B6010490027086010497D
S21402F9604FF0FF350A7000210C460433914205DB46
S21402F97000215200EAF7EEFA0020F8BDC3E9036759
S21402F98003F8044C23F8024C1D605D600131183305
S21402F990ECE72120F1E700BF285100202451002087
S21402F9A000690020F0B5144CDDE905672568EDB165
S21402F9B0F0B91248007888421AD901EB41014FEAA1
S21402F9C0C10C05EBC10415F8311011B92169C9073C
S21402F9D010D4002005F80C0062801A6846F0010672
S21402F9E062605A68C4E90467A260F0BD0220FCE7C0
S21402F9F02120FAE72E20F8E728510020006900208F
S21402FA000E4B30B51A68A2B10D4B1B78834212D941
S21402FA1000EB400002EBC003C100002400200025DA
S21402FA20C3E9044550544FF0FF3258805A609A603A
S21402FA3030BD0220FCE72120FAE700BF2851002053
S21402FA4000690020094B1B6863B1094A127882429A
S21402FA5008D900EB400003EBC0031A69D20701D5B0
S21402FA60588870474FF6FF70704700BF2851002035
S21402FA7000690020094A0346106870B1084A1278E5
S21402FA809A4209D903EB430300EBC303186910F04B
S21402FA90010002D0181D7047002070472851002030
S21402FAA000690020F8B50E4B05461C6834B128B133
S21402FAB000260C4B1F78F3B29F4202D84FF6FF7017
S21402FAC009E008222946201DEAF790FD20B923699D
S21402FAD0DB0701D56088F8BD01361834EBE700BFB6
S21402FAE028510020006900200C4B1B689BB14FF682
S21402FAF0F77291420DD80A4A1278824209D900EB6F
S21402FB00400003EBC0031A69D20704D500205980CF
S21402FB107047212070470220704700BF28510020FE
S21402FB20006900200A4A0346106878B1094A12782A
S21402FB309A420AD903EB430300EBC300036913F0AE
S21402FB40010003D0C3F3001070470020704700BFC7
S21402FB50285100200069002070B51C46124B9DF803
S21402FB6010601968D1B1114B1B78834218D900EB8B
S21402FB704000551E01EBC0012543D1E9040301D024
S21402FB80C5070FD52EB110432343C1E90403002055
S21402FB9070BD20EA020023EA0403F6E70220F7E734
S21402FBA02120F5E72D20F3E72851002000690020E8
S21402FBB0134BF0B51B6803B300266FEA000C6FEA1E
S21402FBC0010E104C2778F4B2A74201D80020F0BDEF
S21402FBD0D3E9044514F0010F07D014F0020F04D144
S21402FBE032B104430D43C3E9044501361833EAE74C
S21402FBF00CEA04040EEA0505F5E70220E7E700BF73
S21402FC0028510020006900200B4B70B51B682BB1F1
S21402FC1000240A4A1678E2B2964201D8002070BD45
S21402FC20D3E9042502400D402A4304F1010403F1FE
S21402FC301803F0D00120F2E72851002000690020C6
S21402FC402DE9F0470026FF27B246164DDFF858800A
S21402FC5098F800305FFA86F94B4502D83846BDE878
S21402FC60F0872B792F2B0FD928460AF086F92B79A5
S21402FC706C7903F0070304F0030483422CBFE418F4
S21402FC802418E4B2A24506D95446B946A2464F46BF
S21402FC9012350136DCE7288801F0A6F80028F3D1F1
S21402FCA0F4E700BF88550020975E00202DE9F04F4C
S21402FCB089B0814609F0F5FC029048460BF0E6FE54
S21402FCC00024411C054689B2484602F07FFBA24644
S21402FCD0A346A046274600F01F00023500EB400070
S21402FCE0EAB27D4E50FA85F5EDB2AA4274D9DFF833
S21402FCF0FCA19AF8003033B1A400E4B2B4FBF3F4EA
S21402FD00042C08BF03240298F3F7C4FD0546002816
S21402FD103CD1FFF795FFFF285BD0704B05B20490ED
S21402FD2018780AF011F987422CBFE1192118002F22
S21402FD3014BF01230223684E05EBC50506EB4505F5
S21402FD4053FA81F3284603930AF017F995F804C08C
S21402FD506B790CF0070103F0030388422CBF1B18D3
S21402FD605B18039ADBB29A4233DA049A2FB921B1AE
S21402FD709AF80030033B5B452BDC104602990AF0EA
S21402FD80A4F805B205EBC50506EB45052B791E0959
S21402FD90002F00F08180394628460AF018F9032120
S21402FDA028460AF01AF9B8F1000F09D1002E40F0E1
S21402FDB0868007F0F7FDC0F30B0149480DF080FD81
S21402FDC06B79484623F003031C446C7109F0FEFB72
S21402FDD0A87309B0BDE8F08F50D0424B49461B8845
S21402FDE007A8ADF81C304FF000038DF81E30002334
S21402FDF00093032303920EF03AFA9DF81E30BDF8E4
S21402FE001C101B09039A18BF08F10108CDE9041358
S21402FE1018BF5FFA88F8039209F080FE0499039AE5
S21402FE208842059B03D19DF81E7007F00F072E48E7
S21402FE3090F800C016E016F80E0C10F0070003D07B
S21402FE400BF1010B5FFA8BFBAA4207D036F812ECD5
S21402FE508E4503D113B108B10134E4B20AF1010AA6
S21402FE605FFA8AFAAA4206F112060BD1D4450FD9D6
S21402FE7016F80E0C10F00700E2D1EFE700234FF65B
S21402FE80FF71D4E736F8120C884201D8D445D2D88E
S21402FE900332123ED2B228E7022E14D95B0707D0ED
S21402FEA0394628460AF099F8B8F1000F81D087E75C
S21402FEB0032128460AF091F8B8F1000F80D1062EE9
S21402FEC03FF677AF7CE7314628460AF086F858EACE
S21402FED006063FF46EAF73E7885500204D5F00209C
S21402FEE0EC41002050C80400975E0020C368002042
S21402FEF02DE9F0430823002485B08DF80830064625
S21402FF00022301214FF6FC70CDE9004402AA0BF051
S21402FF1099FDADF80A00D8B12746DFF8A080DFF8D1
S21402FF20A09099F80020E3B29A4224D8BDF80A407D
S21402FF3020460BF0ABFD411C47F06002204689B21A
S21402FF4002F058FA0022BDF80A001146F4F736FA13
S21402FF5007F028FD184AC0F30B01137801F55A5131
S21402FF60013113B1013B89081370304605B0BDE874
S21402FF70F0430DF0A5BC18F80E5C6F2D17D840465E
S21402FF8030F8123D2D01ADF80C3009F0F6FF05F001
S21402FF90700528448DF80E000123032203A90DF1F3
S21402FFA00A00F2F76BF90028D2D10137FFB201340A
S21402FFB008F11208B5E700BF935E00209A550020AC
S21402FFC0975E002010B5054C2046F2F703FA20464D
S21402FFD0BDE8104000210DF073BC00BFEC410020CC
S21402FFE02DE9F0432A4D87B0F6F7F8FB2A7829491F
S21402FFF02948FFF7A7FC09212A782848E9F7AAFF2B
S2140300000026244FDFF89C80DFF89C902B78F4B210
S214030010A34202D807B0BDE8F08304F582300B2272
S21403002003A900F5C070DBF729FE4FF6F670BDF89E
S21403003014209DF81630511E89B2814215D800202F
S214030040C3F3C003DB1840EB0001CDE900312146C2
S21403005003ABFFF7A7FC0028DCD14FF4805327F847
S214030060143048F8240029F8140004F583300122DC
S2140300700DF10A0100F58070DBF700FEBDF80A20DB
S214030080064B01361A558022054B1A55BEE700BFAC
S214030090CA6800209857002080130020425E002084
S2140300A0845E0020904000208A57002010B50A4B3B
S2140300B01C780DF039FDFF280DD0012C38BF012424
S2140300C0064A230232F8101019B101EB1313A3EBFF
S2140300D0111322F8103010BD4D5F00208A57002000
S2140300E02DE9F047002506460F46AA46DFF844905A
S2140300F0DFF8448099F80030ECB2A34202D85046A9
S214030100BDE8F08720460DF067FDC2070CD52046F4
S2140301100DF062FD830707D438F8143037B1334344
S2140301204FF0010A28F814300135E3E723EA060303
S214030130F6E700BFCA6800209857002010B5084BA2
S214030140084A1C780023D9B28C4201D8002010BD7F
S21403015032F8021B013330EA0101F4D10120F6E73D
S214030160CA68002098570020F0B50C464FF6F77182
S21403017087B08A4286461D469DF8306002D9002025
S21403018007B0F0BD596818680DF10C0CACE8030015
S2140301902C49ADF814200978A142F0D900218DF836
S2140301A01660B61006F002060191704621460096C8
S2140301B0FFF7F8FB0028E2D1234B244A43F8240038
S2140301C09DF83830224E1B0222F814304FF4A04319
S2140301D004F582300B2226F8143003A900F5C0700C
S2140301E0DBF778FD9DF834301A4913F0040F17BF78
S2140301F00123194B0B5536F814300CBF1B7843F00C
S214030200080304F583300CBF0B5526F8143001227F
S214030210214400F58070DBF75DFD00210F4B104A8B
S2140302201B782846234442F82310E7F713F80D4BB0
S2140302301855284607F001FD0B4A012013780133B1
S21403024013709DE7CA680020904000208A5700205C
S21403025098570020425E0020B3680020C368002041
S214030260BC3F0020845E0020965E0020054B1B7872
S214030270834206D90021044B044A1B78034442F800
S21403028023107047CA680020C3680020BC3F0020C4
S214030290074B084A18780023D9B2884200D870471B
S2140302A01188013321F4805122F8021BF4E700BFC2
S2140302B0CA6800209857002030B585B004460D461E
S2140302C0E6F7C0FDA04202D8172005B030BD204691
S2140302D00DF082FCC007F7D504F582300B2201A986
S2140302E000F5C070DBF7CAFC9DF80E2001AB03CB0C
S2140302F069609107286030D412F0080F0CBF0423FE
S21403030003232B722046FFF79DFB154B68811B5D6D
S21403031020466B730DF048FC124A2873135D4FF4A6
S2140303207A7103F00F03AB73135D002013F00F0312
S2140303301FBF03F1FF32022393403C2218BF5343EF
S214030340094A08BF0A2352F82420B2FBF1F29A4264
S2140303502CBF00239B1A2B61B7E70223D1E700BF0C
S214030360845E0020425E002090400020F8B51F4EB9
S21403037004463378834237D0FFF764FB4FF6FF77A4
S214030380B84231D020463470FFF704FA2046FFF710
S21403039059FB054609F0C2FB012301461A462846C7
S2140303A00BF00DFD2046FFF72BFB0546E0B9104A80
S2140303B01378013B1370F4F7B5FB294620460AF081
S2140303C085FF80220B4B204623F814500A4B1A5500
S2140303D00A4B23F8145009F02CFB2A463946112001
S2140303E00DF00DFEFF233370F8BD00BF016900203A
S2140303F0965E002098570020845E00208A570020CF
S2140304002DE9F04F0E4615464FF000098BB01F46F8
S2140304109DF854309DF850A0DFF84CB10490059336
S2140304209BF800205FFA89F4A24207D84FF6F773C9
S2140304309D421CD817F0020B3FD01AE02046FFF768
S21403044001FB804604F582300B2207A900F5C07035
S214030450DBF714FC4FF6FF727EB9904516D14FF6C4
S214030460F7729DF82630954203F0EF0311D94FF645
S214030470FF7528460BB0BDE8F08F904506D00822DE
S214030480304607A9EAF7B2F80028E8D009F10109CF
S214030490C6E79F4207F002082CD0F3F70FFC0028AC
S2140304A057D12D4B2D4A1B78234412F823B02046F0
S2140304B00AF02DFFB8F1000FDBD1E6F7C3FC284B9B
S2140304C01B788342D3D0002108460DF0FDFAFF289F
S2140304D00446CCD0059B0146CDE901A32A46334604
S2140304E004980097FFF740FE0028C0D0F4F71AFBE5
S2140304F0D8460FE02046FFF7A5FAA842CDD1B8F1BB
S214030500000FB6D13046E6F7A5FE164B1855304613
S21403051007F093FB514620460AF0ACFE2046FFF751
S21403052091FA054609F0FAFA002301460122284605
S2140305300BF045FCF3F7C2FB28B9074B074A1B78B9
S214030540234442F8238020460BB0BDE8F04FFFF764
S21403055079BA4FF0000BAAE7C3680020BC3F00201F
S214030560965E0020845E0020CA680020F8B5002648
S214030570104F3C78F5B2AC420FD800250E4B640002
S214030580224629460D481D70E9F7E4FC2246294613
S214030590BDE8F8400A48E9F7DDBC2846FFF7FAF855
S2140305A0002128460AF092FE2846FFF729FA01366C
S2140305B0DFE700BFCA680020965E00209857002039
S2140305C08A570020024B80211A780248E9F7C2BCFA
S2140305D0CA680020845E002038B50DF0A5FAFF280F
S2140305E0044616D00B4D35F810301B0711D50A4BB1
S2140305F00A491B7801220B54014400F5833000F5A9
S2140306008070DBF767FB35F8143023F0080325F812
S214030610143038BD98570020B3680020425E00208F
S2140306202DE9F04F794B05461B788946022B174672
S2140306308BB004D0002630460BB0BDE8F08F0DF02B
S2140306400FFE06460028F5D14FF6F9739D4262D099
S2140306504FF6F8739D4276D02B0A28460DF11E01FD
S2140306608DF81C308DF81B50F2F708FC002814BFD9
S214030670B0464FF02008B34614BF06230E230222CB
S21403068029463846039300F0EBFC01220446039BFD
S214030690002840F0B880DFF880A18DF818209AF87B
S2140306A000204946CDE900008DF81A208DF81D007C
S2140306B006AA4FF6FC708DF819800BF0C3F9814635
S2140306C00028B7D009F02AFAB8420FD0484609F0F6
S2140306D085F8394604300DF0CBFC384604A90AF0F9
S2140306E080FD70B1484604A90BF03AFA484B1B78D4
S2140306F0033B012B2BD84FF6FF71484609F043FE08
S21403070006469AF80030FF2B0EBF01230133DBB2F7
S2140307108AF800308FE74FF008084FF0200B3C4B69
S2140307201B78033B012B85D909F0F8F9B84281D130
S21403073009F0F4F9FC238DF81B30FF2305468DF8EA
S2140307401C3006239BE74FF01008C346E7E70AF082
S214030750A7FE80460028D4D009F0E0F9A8422DD1A0
S2140307602C4B1A7852BB03214846F3F727FE002882
S214030770C7D09AF80030A8F8007088F80430002331
S21403078088F8053088F8083009F0C8F9A84202D17D
S214030790204B1B7853B109F0C1F9B84206D12CB1EE
S2140307A0237923F0030343F00103237100224FF65A
S2140307B0FF710C200DF023FC0126A2E759462846BC
S2140307C008F1070200F078FC0446002899D00022BE
S2140307D003214846F3F7F2FD0028CAD1237903F034
S2140307E00303012B8DD109F099F9A84203D1094BD4
S2140307F01B78002B85D0237943F0030323714FF630
S214030800FF7323807DE7164615E700BF9D5E002035
S2140308109E5E0020026900206D5F002037B50E4BF8
S21403082005461B780C46033B012B11D9E6F72EFB36
S21403083001280FD0821E53425341590128460DF119
S214030840070200F039FC18B1002144800AF00FFEBD
S21403085003B030BD1021F1E79E5E00202DE9F04382
S2140308608BB0857AB0F8069004460E46174609F014
S21403087055F98145804605F0400541D10021608841
S21403088009F090FB0246002E44D1082304A9C14573
S21403089001EB03060CBF234902A90868496803C68F
S2140308A0A2B3022100268DF8172001228DF810101E
S2140308B0217A45F020058DF81210A18808338DF8AB
S2140308C01310090A8DF81410E188CDE900268DF877
S2140308D01510090A8DF816106088314604AA8DF89B
S2140308E011500BF0AFF8054680B1618808F0ADFEF5
S2140308F079003246284601F0FE01F3F75FFD06E075
S214030900E08802A90AF06DFC0028B7D100200BB0DE
S214030910BDE8F0833068716806AB03C345F0100585
S2140309201023B3E7205F00202DE9F74389461E46D0
S2140309300746904608F052FF00210446304609F069
S21403094031FB054609F10701384601F02DFD7DB15F
S214030950B8F1000F02D103781D44EDB20570637839
S2140309601A0716D569463046F2F788FA024618B1D2
S214030970002003B0BDE8F0830821684609F060F85C
S2140309800028F5D120460BF0BEF808226946E9F7A1
S21403099033FB09F0C3F80146201D0DF069FB6378AD
S2140309A0DB0603D538460C490BF0DAF83146A01CB3
S2140309B00DF05EFB3146384608F047FE074A1378CB
S2140309C00133DBB21370E371A3790BB10120D0E7D7
S2140309D00123A371FAE700BF205F00209B5E00207F
S2140309E0FF232DE9F04F8FB08146164605918DF80B
S2140309F022301AB301230BAA0AF0ACFC9DF836503A
S214030A000446EF0625D50027059BBDF8308003F185
S214030A1008024946D2B20823009709A8CDE9097708
S214030A200DF025FC3A46404609A9F8F7A5FC002830
S214030A3040F08C80A90627D510220DE013460BAA9A
S214030A400AF088FC9DF836500446A80663D50622AD
S214030A5002E0AA0618D5082200230599BDF83270CD
S214030A600A44CDE9093349460093D2B2082309A8BC
S214030A700DF0FDFB384686F0010209A9F8F77CFC69
S214030A80002863D1002E46D0BDF8307009F046F832
S214030A90874249D038460DF0E3FB8046002E45D109
S214030AA0BDF82EB00021584609F07CFABDF82C306C
S214030AB00390184606930DF0D3FB064609F02EF86E
S214030AC0069B834242D0B64B1B78033B012B3DD992
S214030AD015F04003049339D1039B0BB9002E35D090
S214030AE09DF83570039B05F018051F44FFB2082DCB
S214030AF08DF835706CD120230493002C40F041818F
S214030B000AF0CEFC054608B3002E40F0B28033460A
S214030B100126B24674E0BDF8327008F0FFFF874244
S214030B20B8D14FF00108BBE74FF00108002C43D0C3
S214030B309C4BE279678803EBC20633F83220BDF894
S214030B4032309A4205D04FF6FF7323800FB0BDE8CC
S214030B50F08FBDF82EA0B8F1000F08D00021304664
S214030B600AF085FCA6F802A00AF093F9EEE7BDF8B2
S214030B7030000AF084FC0546414630460AF077FC0E
S214030B80A6F802A0884E2DB1414628460AF06FFC0F
S214030B9063886B800AF07DF93378002BD6D03B460A
S214030BA0002248460599FFF7BFFE0028CED03946F7
S214030BB0484609F0E8FBC9E70AF06BF97A4B1B785D
S214030BC0002BC3D0B8F1000FC0D14FF6FF77E6E78E
S214030BD0102D01D1049590E7B8F1000F8DD1002CAC
S214030BE03AD0C2460021BDF832000DF1220200F0D1
S214030BF063FA03460028A9D0002E40F0CA80254693
S214030C000499BDF830000DF12302079300F054FA5F
S214030C10044600289AD0644A079B1278002A78D0A4
S214030C20BAF1000F26D102462C466179B9427ED925
S214030C302546A4F802B067711446002B00F09E8088
S214030C409DF82230EA799A4200F09880002E40F010
S214030C508E80EB7100253FE00AF022FC0446002854
S214030C603FF474AF4FF0010ABCE700220126134697
S214030C70DBE70126B8F1000F1ED106F093FE7E23B4
S214030C80B0FBF3F202FB130005993A4605315FFA0F
S214030C9080FA484601F0AEFB4FF6FF71484608F06F
S214030CA0D4FC039B032B2CD9AAF17E0A02214846C7
S214030CB05FFA8AF2F3F782FB069BA5F802B02B8055
S214030CC09DF834306F712B7100232B72002E42D1A6
S214030CD09DF82230EB710125B8F1000F3FF436AFD3
S214030CE0484609A90AF01CFF00283FF42FAF2A46FE
S214030CF009A90BA8FFF7B2FD28E7002625463446C8
S214030D00BBE7039B012B94BF0AF1020A0AF1420ACE
S214030D10CCE7BAF1000FCFD16979B94209D9A5F862
S214030D2002B06F71002B8BD1002E93D024E02546A2
S214030D301446049A002A3FF409AF8F427FF406AFA5
S214030D40039306F02FFE83077FF400AF039BA5F8FB
S214030D5002B06F7171E7FF23EB71002CBBD0012546
S214030D602379A4F802B023F003032371B4E7FF2327
S214030D70EB71002C3FF46EAF0025F1E7002CD3D1C6
S214030D8068E7002E7FF471AFB24625460126534628
S214030D9036E7BAF1000FB0D15646524645E700BFD4
S214030DA09E5E002002570020C968002070B50C4BD9
S214030DB04FF6FF751C78002302460A489C4201D171
S214030DC0002005E00688964206D1AA4201D10B70A0
S214030DD070BD8679002EFAD001330830DBB2EDE71A
S214030DE0C868002002570020002210B50A4B1C7862
S214030DF00A4BD1B28C4201D8002010BD59888142DB
S214030E0004D11979890701D1997911B108330132CF
S214030E10EFE70120F1E700BFC86800200257002073
S214030E2010B5084B01461C780023074AD8B2844203
S214030E3001D8FF2010BD914203F10103FAD0083216
S214030E40F4E700BFC86800200257002038B5044600
S214030E50FFF7E6FFFF28054603D13F210B480DF0B9
S214030E6027F84FF6FF7320462380A37103210AF069
S214030E70FEFA074B07481A7800210732D21002FB06
S214030E800500BDE83840E9F765B800BF097C0400F3
S214030E90CA680020735E0020F8B504460026124D8B
S214030EA0124F3A78F3B29A4209D800224FF6FF71EE
S214030EB00F4B1D780F4BD0B285420BD8F8BDFF2CD5
S214030EC002D0AB79A34202D12846FFF7BFFF08350D
S214030ED00136E6E7FF2C02D0187AA04201D119802A
S214030EE019720A330132E6E702570020C868002069
S214030EF0C7680020DA560020FF28F8B504462CD031
S214030F00164B1B78834203D8802115480CF0D0FF7C
S214030F104FF6FF75134A32F8341002EBC400037918
S214030F20A94203F0030318D0012B16D100220E4B5F
S214030F301F780E4BD6B2B74203D8BDE8F840FFF78A
S214030F4085BF1E88AE4205D093F807C0A44504D0DB
S214030F50B14202D00A330132ECE7F8BDC86800207C
S214030F60097C040002570020C7680020DA560020D8
S214030F702DE9F74303F0D6FF324B1B78033B012BD7
S214030F8021D9314B1D88451BADB2E5B118804FF60C
S214030F90FF7700202D4A13782B44C3F3C81403F0BD
S214030FA07F0313702A4B2B4A1E78C3B29E420DD87A
S214030FB000264FF6FF77284CDFF8A09099F800201C
S214030FC0F3B29A4216D803B0BDE8F0831388BB4247
S214030FD00DD0137999070AD104EB9311022928BF80
S214030FE0022103F03F0389B243EA811313710832E7
S214030FF00130DAE734F80A8CB84506D014F8043C16
S214031000AB4205D95B1B04F8043C01360A34D5E72A
S21403101008F084FD804534F80A3C04F8027C24F882
S2140310200A7C09D018460DF10701FFF7BFFE18B179
S2140310309DF80700FFF760FF14F8030CFFF75CFF4B
S214031040E3E700BF9E5E00202E5800206E5F002060
S214031050C868002002570020E4560020C768002016
S214031060F0B500244FF6FF7703461048DFF844C078
S21403107006780F48E5B2AE4201D800200FE0058897
S2140310809D4210D13AB1012A16BFC57905793CF8BD
S2140310903550A94207D1BB4202D114238371F0BD58
S2140310A0057A002DFBD00A300134E3E7C768002039
S2140310B0DA56002002570020F8B50D4611460746BB
S2140310C01646FFF773FE002836D102464FF6FF7C1E
S2140310D01E4B1F4C1978D3B2994206D800231C4CDA
S2140310E08B4221D1F8BD0834F5E7B4F800E00132AD
S2140310F0E645F8D133700123278023710021A171BF
S21403110065B1144B45F008051A782571D31DDA101E
S2140311103078114B02FB0030E8F71CFF237920469A
S21403112003F03F032371DDE722799209022AE1D017
S21403113001330834DBB2D3E7037904469A071EBFAC
S21403114023F0030343F001030371D7E7C8680020C5
S21403115002570020CA680020735E002073B50DF1A5
S21403116007010546FFF722FE40B103799A0705D12A
S21403117013F0300404D043F00303037102B070BDD0
S21403118028460AF084F9094B4FF6FF711D7823466B
S2140311909DF80760064AD8B28542EFD9D079013365
S2140311A0B04204BF118011720A32F4E7C768002008
S2140311B0DA56002030B50A4BCC081B78094D0733A6
S2140311C0DB1000FB0340012301F007018B402C5C7E
S2140311D0DBB212B11C432C5430BD24EA0304FAE7F5
S2140311E0CA680020735E002070B50B4B04461B785C
S2140311F0834204D840F24B2108480CF059FE0025E0
S214031200074E3378E8B2834200D870BD00222146E9
S214031210FFF7D0FF0135F4E7CA680020097C040015
S214031220C8680020FF2810D0FF290ED0084BCA0834
S2140312301B7801F007010733DB1000FB0323054A85
S214031240D05CC84000F0010070470020704700BF24
S214031250CA680020735E00200148F0F7CBBD00BFCC
S214031260305800202DE9F0471E464D4B8CB01B68C6
S2140312701546074688469DF8509003F0080A08F07E
S2140312804DFCA8423FD1B9F1000F14D06EB9ADF8AA
S21403129006603D4604242246414628460AF093F952
S2140312A000F001000CB0BDE8F0870023ADF806306F
S2140312B03D4606243AE038460CF036FCFF28044642
S2140312C005D0F2F7FBFC10B12046FEF7CFFF96B130
S2140312D00023ADF80630F8F7FDF80028E8D006241A
S2140312E040460DF1060202A909F001FBD8B94046B3
S2140312F0F8F7F8FA17E0ADF80660F8F7EBF8002809
S214031300C7D00424ECE73EB3BAF1000F2ED0002377
S2140313100B24ADF80630B9F1000F0AD1F8F7DAF866
S2140313202F460028DCD13D46002EB4D0BAF1000F7C
S214031330B1D004F00402414642F0110228460AF0F6
S21403134042F922460646414628460AF03CF900285A
S21403135014BF30460020A3E7BAF1000F14D00124CF
S214031360ADF80660B9F1000F95D1D7E70B242846F0
S21403137002A9F1F783FD074668B902A806F081FFC4
S21403138020B9ADF80600EDE70124F0E744F00204C7
S214031390ADF80670E6E70023ADF80630E2E700BFD7
S2140313A0804200202DE9F0471E46744B8CB01B7814
S2140313B007460D461446DDF85080002B3ED008F055
S2140313C0ADFB30B36E4B1B68980722D44FF6F7730A
S2140313D09C4233D843463A4631462046FBF7F2FE54
S2140313E008F09CFB854200F0C5803046FEF75AFBAA
S2140313F0A04203D10CF098FB09F089FFBA1E5342B2
S21403140053412946002220460CB0BDE8F0470AF0B7
S214031410D6BCE7B1F91ED1F1000949EB01094FF635
S214031420F7739C4216D90321204606F0CCFA032311
S2140314303A4631462046009506F0B4FB08F06EFBAC
S214031440A84200F097804FF6FF739C42CBE74FF01D
S2140314500109E4E72B463A463146204604F0E7F90D
S2140314602146CDE900082B463246384606F059FF9A
S21403147080460146204606F0A6FAB8F1000F61D171
S214031480B9F1000F12D100233A46314620460095A3
S21403149006F088FB88F001032A4631462046CDF83D
S2140314A0009003F00103FFF7DDFE99E7002FEAD073
S2140314B003AA9246334B03F1100E944618685968F4
S2140314C00833ACE8030073456246F6D107A806F076
S2140314D0C5FB0323306871688DF81C3008AB03C363
S2140314E09DF8293007A843F002038DF8293006F04B
S2140314F0E0FC90B13068716808AB03C3042307A807
S2140315008DF81C3006F0D5FC38B1022307A88DF8F9
S2140315101C3006F0CEFC0028B5D1514607A806F0CD
S21403152008FD0028AFD0F4F795FB0028ABD10323C2
S2140315303A4631462046009506F034FB08F0EEFAAC
S214031540A84250E743463A4631462046009506F001
S21403155029FBB8F1010F9DD0B8F1020F7FF440AF1D
S214031560284607A9F1F78AFC20B93246284607A978
S21403157009F0F0FF0CB0BDE8F08700BF995E0020CD
S214031580804200205AC80400044B1A880AB100227D
S2140315901A8000210846F9F7ABBF00BF3058002079
S2140315A000232DE9F0478EB004460D46CDE90333FC
S2140315B04F7808F0B3FA50B1B64B1B689A0706D4B7
S2140315C0092103A806F0A6FA0EB0BDE8F087204668
S2140315D003A9F1F753FC0646002840F05781022F73
S2140315E03DD0042FECD1E5F739FC002846D0E5F7CB
S2140315F035FC022840F022810DF12408334632469A
S2140316004146304606F0C4FD012103A89DF8255047
S21403161006F0B1FE2840FF2800F0348105AD2846C9
S21403162008F019FA002840F02F8195E80F0088E8A3
S2140316300F003A46414603A806F0E4FC024600289B
S21403164040F02081032303A9CDE9005320463B46FF
S214031650FBF77EF900280CBF13210621B1E78D4B5B
S2140316601B689B07ACD40235082229468A48E8F74C
S214031670BDFF0028A4D0E5F7FDFB08B91121A0E7BC
S214031680864B874E1B78FBB9FFF77EFF3088002812
S21403169060D103AF2946384606F0DEFA002800F08C
S2140316A0CA8028460DF10A01F1F7C2FB40B90DF1D5
S2140316B0240A504608F0CFF98046002800F08780B9
S2140316C0FFF762FF0F217CE73088002842D10146EE
S2140316D00CF07EF8308000283AD0012308223046EA
S2140316E003A9F0F7CBFD98BB012308222946304611
S2140316F0F0F7C4FD60BB01230222694809A9ADF8CF
S2140317002440F0F7BBFD0346308823B1002848D0B9
S2140317104FF0100920E00CF003F861490746204615
S21403172001F0CAFC30880BF0FBFFFFB2874209D1F9
S214031730FF238DF82430012359481A4609A9F0F7E8
S2140317409DFD28B900210120F9F7D2FE0C2138E7C8
S2140317503088DBE74FF007090BF0C6FF07463088F3
S2140317600BF0C2FF3488112100F10808204600F070
S2140317702DFE10218246204600F028FE082204464D
S21403178003A94046E8F732FF002840F0818008228C
S21403179029463846E8F72AFF002879D1B9F1070F1A
S2140317A001D010210DE704EB0A244546A4B271E7E5
S2140317B030884FF0010828B1122100F007FEFF28F9
S2140317C081461ED12A46B9462046402304E03A46BF
S2140317D0A9464346BDF80A0043F00303CDE900A338
S2140317E049460323FBF7B4F800283FF469AF072103
S2140317F0484606F08FF9B8F1000FD9D0FFF7C4FEBC
S214031800E2E6002108460BF0E3FFADF8140048B10A
S214031810204605A901F050FCBDF814000BF080FF2C
S2140318200028CFD1142300934A46394620463388EE
S21403183001F0FAFBC6E7FFF7A7FE1FE7E5F70EFB87
S214031840012801D00621BCE605AD324633462946BB
S214031850009603A8F9F75EFD024608B10A21B0E632
S2140318600C4B20461B6803A95B0003F0040343F0FC
S2140318700303CDE900533B46FBF76AF80028E1D1A2
S21403188013219EE605219CE612219AE60B2198E693
S2140318900E2196E680420020205F00203D5E002059
S2140318A030580020012330B50D4C85B022788DF8D2
S2140318B00430D5188DF805200E228DF806200A6808
S2140318C02570CDF807204A6801A9CDF80B200B2216
S2140318D0F0F7D4FCB0FA80F0400905B030BD00BF85
S2140318E09A5E0020014B1878704700BF6F5F002098
S2140318F0142230B58BB005460DEB02011548DAF716
S214031900BDF910BBBDF81430DA0720D413F0060F68
S214031910C3F3410208BFC3F341220F4B0DF1160177
S2140319209C5C68462246E8F7A5FCBDF8263004F121
S21403193028026A4402F8283C02341B0A02F8273CB1
S21403194069462A46E0B208F0AFFF0BB030BD23204D
S214031950FBE700BF703214E06AC8040010B58AB013
S214031960ADF826200022CDE9052204920CAA0292A5
S2140319704FF6FF720446AC2101200192064A0390FB
S21403198004FB0122603200924CF620010DF1260280
S21403199009F03BFE0AB010BD0050002000B58BB026
S2140319A0ADF824309DF8303003208DF82630002320
S2140319B003900A4909A8CDE90130CDE9053304931C
S2140319C001F160030093B1F85C3002204CF66041ED
S2140319D009F01BFE0BB05DF804FB00BF00500020AF
S2140319E010B54FF6FF741E4A8AB0B2F86800B2F814
S2140319F05E10A042ADF82600B2F85C304FF6FD70DC
S214031A00ADF8241018D081424FF0000094BF48F67A
S214031A1060014CF66001CDE90500CDE90300CDE990
S214031A20010094BF09AA603200920DF12602042039
S214031A3009F0EBFD0AB010BD81424FF000008CBFE9
S214031A40603209AA00928CBF4CF6604148F66041AA
S214031A50CDE90500CDE90300CDE90100014AE6E73B
S214031A60005000206A50002000B50E4B0022B3F849
S214031A705E308BB0ADF824304FF6FF73CDE9052208
S214031A80CDE90322CDE9012209AA00924FF40061B1
S214031A900DF126020720ADF8263009F0B6FD0BB08F
S214031AA05DF804FB0050002030B58BB08DF8253070
S214031AB01B0A8DF8263000230D4991F85840CD6D4A
S214031AC0B1F85C00CDE90533049307236031039333
S214031AD008ABCDE9010300914FF6FF734CF62041A6
S214031AE0082008958DF8244009F08FFD0BB030BD13
S214031AF00050002070B54FF6FE76294C1D46B4F80C
S214031B005E10B4F85C30B14294F85C00A2B04FEAC1
S214031B10132321D14FF440416034ADF808108DF8FB
S214031B200B008DF80C3003CC0DF11504CDF80D0029
S214031B30CDF811102270120A627000221146104668
S214031B40A270E270ADF8062007F026FEADF8060098
S214031B5090B9002022B070BD4FF400448DF80D10EC
S214031B60090AADF808408DF80B008DF80C308DF897
S214031B700E100DF10F04DDE7043402A9621A0123E7
S214031B8092B20DF10600F0F779FB0028E1D1BDF81B
S214031B9006002A4601210BF0F3FDBDF80600D9E73F
S214031BA000500020202A10B5144614D8012A04D168
S214031BB00C88B4F5004418BF0124620030B107480E
S214031BC0E8F71AFA064B00201C7010BD0548E8F724
S214031BD013FA054BF7E72120F7E700BF325800203A
S214031BE0705F002072580020715F00202DE9F047D7
S214031BF0104617460CF03AFADFF814A1DFF81491F2
S214031C009AF8003099F800200546134302D10020C5
S214031C10BDE8F08710F4406800F0400619D186BB93
S214031C20B0F5804F5CD24FF4807400239AF800001E
S214031C30344AD9B288425DD8002399F80000324A64
S214031C40D9B28842E3D932F8021B0133A142F7D155
S214031C5055E0F81C0CF00AFA4FF6FF73984214BFCF
S214031C600124022486B1052605F44043B3F5004F4C
S214031C7044F0080424D0B5F5804F23D244F480748E
S214031C8020E044460326EFE7B5F5804F4FF0050600
S214031C90F4D3B8F5406F14BF02200820304438440C
S214031CA00CF0E4F9194B05F44045B3F85C30834275
S214031CB00CBF44F0080444F00404B5F5004F01D10A
S214031CC044F08004B8F5006F0ED1B8190CF0CEF9C5
S214031CD00E4BB3F85E308342A7D144F01004A4E75A
S214031CE0444603260220D9E7B8F5406F08BF44F000
S214031CF020049AE732F8021B0133A14299D101204E
S214031D0086E700BF7258002032580020005000209B
S214031D10715F0020705F00202DE9F04F104685B0FC
S214031D20164698460CF0A2F95D4F00F00803B7F884
S214031D305C10044600F00709F01C02930391B7F801
S214031D405EB00CF093F906F1050A054650460CF012
S214031D508DF903464FF6FF70854218D00399A1EB21
S214031D60050CDCF1000545EB0C056D004FF6FF7125
S214031D708B420ED145F004050BF086FF029B6BB138
S214031D80B9F1000F11D0422005B0BDE8F08F012550
S214031D90ECE79B4508BF45F00805EDE7B9F1030FEF
S214031DA0F1D8DFE809F0021B795D0BF06DFF08B987
S214031DB0A807E8D524F00804A4B2B4F5004F05D06C
S214031DC0B4F5624F02D0B4F5404FDCD10025294666
S214031DD097F8A820002007F0DFFC3CE0D7F8803017
S214031DE0E3B9002132460846FFF700FFD8B948F6A4
S214031DF0410224F038039BB29342C4D10A2D49D042
S214031E00062DC0D197F87730023B012BBBD8EEF7EF
S214031E10AFFF0028B7D140F6040505E0414630463B
S214031E2098470028DDD00825E20648BF45F0800520
S214031E30A30648BF45F4805505F00C03042BC6D112
S214031E40F01D0CF013F997F8A8303246009341467C
S214031E502B4607F076FC08B30E9B1880002093E70A
S214031E60A90705D14FF6FF73B7F85C209A428AD1CB
S214031E7004F44063B3F5006F0AD0B3F5406F82D124
S214031E80082250460749E8F7B1FB00287FF47BAFEA
S214031E900C25C9E70425C7E7432075E7192073E730
S214031EA00050002060500020034B1A781AB1FF2A16
S214031EB004BF00221A707047735F002070B5084C89
S214031EC0084E2378F55C1DB13E2107480BF0F0FF62
S214031ED0FF2223782846F2540023237070BD00BFE8
S214031EE0725F0020735F0020177C0400034B044AD4
S214031EF01B78D05CFF3818BF01207047725F002044
S214031F00735F00200023074A07491360074A1360DC
S214031F10074A1360074A11600121074A1170074AEE
S214031F20136070473851002095B7030034510020E2
S214031F3030510020F4670020036900204051002040
S214031F400E2A70B50C4606461546194603D9FFF702
S214031F50D9FF502070BD012807D10020EEF722FFDD
S214031F60B0B1FFF7CFFF2120F4E780220021224BF8
S214031F701A70224B1960224B1B684BB134200BF0AE
S214031F8027FC204B188018B9FFF7BCFF0120E1E7B8
S214031F9024F0FF6323F4FF231BB1FFF7B3FF4F20A7
S214031FA0D8E774B92046EEF717FF0124032510F08F
S214031FB0800F43B21BBF00F01F039C409C4044F0BD
S214031FC078440020104B24F078441E700F4B1049C1
S214031FD01D70104B1C60104B1870104B1A68EFF7EF
S214031FE097FA18B1FFF78EFF0420B3E79DF8102089
S214031FF00B4B1A70AEE700BF745F00203C51002005
S21403200030510020B2580020795F0020775F00200F
S2140320100523030040510020785F0020385100203C
S214032020755F00207FB5244B00251A7801232348CB
S214032030234903FA02F200781A440A60ADF80E50F8
S21403204020B3984236D11F4C1F4B20781B680DF1E6
S2140320500E0198471D4EBDF80E20307092B11C4BF2
S21403206029460093284602230195EFF78BFA327828
S214032070237822B1012A12BF1B230133DBB223705C
S21403208004B070BD013818BF0120F0E778235A4327
S214032090013A0A6008220F490BF0E0FA0B49094A95
S2140320A00978137821B1012912BF1B230133DBB250
S2140320B01370E5E71846E3E7775F0020795F0020B3
S2140320C044510020785F0020F46700200369002055
S2140320D04123030015DC0300024B1868003818BFC1
S2140320E0012070473051002037B505461C460BF0DB
S2140320F0CBFD68B974B1084B1A60084B0A461C60DE
S2140321000123294600930323FFF71AFF03B030BDCC
S2140321104D20FBE72520F9E72C5100203451002001
S21403212013B504460BF0B0FD58B962B1074B1A60FD
S21403213001230A46009321460323FFF701FF02B05B
S21403214010BD4D20FBE72520F9E700BF30510020E6
S2140321502DE9F0410446DDE906861D469DF820700C
S2140321600BF092FD88B99EB1A2B10B4B01201A6009
S2140321700A4B0A46C3F80080094B21461E602B46CD
S2140321800697BDE8F041FFF7DBBE4D20BDE8F081C2
S2140321902520FBE72120F9E7F467002038510020CB
S2140321A0345100200148EFF725BE00BFB258002087
S2140321B02DE9F0410020EFF719F9114B114C1E6879
S2140321C0114B20881D68114B114FD3F8008010B1B6
S2140321D03978EFF7E9FF00203870FFF793FEEFF743
S2140321E023FC0EB14046B0473DB12088A8470023E4
S2140321F02380BDE8F0410BF0D6BEBDE8F08100BFFA
S21403220034510020B25800203051002040510020A5
S2140322107A5F0020F8B52F48F0F7DCF82E4B1878D5
S21403222030BBEEF7D9FD2D4F06463B6803B32C4B68
S2140322302C4D1C6824B195F900301A461946A04760
S214032240294B1B6883B1294C2378312B0CD8284B98
S21403225018880BF049FA23785A1C22702A78C2543D
S21403226023785A1C2270C65480232B7000233B60AD
S214032270204C23781A2B22D81F4A1278012A09D118
S21403228000211E4A156825FA03F0C007DAB20ED5F8
S21403229001B122700020EEF79FFD2178884212D10B
S2140322A00022174B1A70FFF7BDFE40B9F8BD013385
S2140322B0D8B21A284FF00101E5D90A442270BDE8C6
S2140322C0F840FFF775BF0020EEF798FD0028E7D02B
S2140322D0F5E700BFF8670020795F00203C51002037
S2140322E02C510020745F0020305100207A5F0020BC
S2140322F0B2580020785F0020036900204051002078
S214032300765F002008B50B4B187880B90221EEF7EC
S21403231037FD094B1B782BB100214FF6FF72084699
S214032320EEF710FDBDE808400448FFF773BF002131
S2140323300846ECE7795F0020755F0020F867002009
S21403234038B5144B0C461D78012D21D181B90846AA
S214032350EEF742FD104A05FA00F013680F4923EA28
S2140323600003136020462A46BDE838400BF076B9D2
S2140323700B4A13780133DBB2022B137004D9BDE882
S21403238038400848FFF746BFFFF74CFE0028F6D153
S21403239038BD00BF795F00204051002015DC0300E4
S2140323A0765F0020F867002038B50C4605460BF02C
S2140323B0B7F9A04203D82D2103480BF079FD284630
S2140323C00BF092F9204438BD2B7C040070B506460A
S2140323D00D460BF089F9044648B130460BF0A0F9D8
S2140323E0A84203D8352102480BF062FD605D70BD3C
S2140323F02B7C040070B50C46064615460BF090F988
S214032400A04203D83E2104480BF052FD30460BF0A1
S2140324106BF900B1055570BD2B7C04002DE9F04324
S2140324201E46574B8FB01B780746033B012B0C46C3
S21403243015469DF8588007D8F4F718FA20B1F0F738
S2140324401DF908B144F400544E4B1B7813B924F419
S2140324500074A4B2200509D546B9284604A9F0F7A6
S2140324600DFD002846D024F40064A4B2ADF818404D
S214032470ADF81A5007F052FB434BADF81C00B8F109
S214032480000F02D01A78424501D293F800803F4AE3
S214032490E105137848BF0DF1210103F10103DBB217
S2140324A0137058BF08A922058DF81E808DF81F30BB
S2140324B006D53368083141F8083C736841F8043C94
S2140324C0E30407D5324A0831136841F8083C5368D9
S2140324D041F8043C0DF11808A1EB08005FFA80F9F7
S2140324E0002148460BF074F9064628B900200FB0C1
S2140324F0BDE8F08304AEB9E70BF0F6F841464A466A
S214032500E7F7B8FE30460BF00BF9804630460BF083
S214032510EBF80023024600934FF6FF7004235FFA9E
S21403252088F107F00EF9ADF80E000028DED040F271
S21403253001131C421AD14FF6F7739D4216D80BF0BF
S214032540EFF80DF10E010446284600F0B5FDBDF880
S2140325500E000BF0E5F8E4B2A04207D9BDF80E0072
S21403256007F03CF9437843F004034370BDF80E00CC
S2140325703A4601210BF004F9BDF80E00B7E700BF99
S2140325809E5E0020995E0020B56800209B5E0020BA
S214032590205F0020F0B50829D58889B028D00C29FB
S2140325A026D0AE0424D405F040030B43424C2678D1
S2140325B016B105F0200423432FB2002FB8BF43F013
S2140325C08003032920D11223AC068DF80430937AB6
S2140325D010D48DF805300DF1060401A9621A012303
S2140325E092B2EFF74BFEB0FA80F0400909B0F0BDA7
S2140325F00B46DBE732228DF805308DF80420002EDB
S214032600E9D00DF11304E8E70C298DF804300ABF6E
S214032610138953798DF80530548805BF1B0A8DF846
S21403262006308DF805300DF1070318BF0DF10603CC
S2140326301C70240A5C70148802399C70240ADC70AF
S214032640147901291C7111D8917A002F597131DA46
S214032650022112899971DA71120A03F109041A72B6
S214032660002EBAD0AB06B8D50534B6E7A9071AD4F8
S214032670002F0CDA117A51B1917A59711189127AB5
S21403268003F1080492B102229A71D971E8E70B4C60
S214032690217801F1010C84F800C091729C1D002F73
S2140326A05971DDDAEAE7917A9C1DF8E70122090AF7
S2140326B09A71EAE79C1DD3E7995E00209A5E002094
S2140326C0014B1880704700BFB4580020014B188890
S2140326D0704700BFB45800202DE9F84307460BF0B7
S2140326E0E0FB05461B480BF053FD1B4B60B31C6811
S2140326F03C1B2C44A4B20022184BDFF868901B78CE
S214032700174D03EB830399F8006005EB43055FFA67
S21403271082F846450AD9AB8805F10A00A34216D9C2
S2140327200A23B21A29465A43E7F766FC013689F8A4
S2140327300060AC80B8F1000F03D1394605480BF0B2
S214032740BFF82846BDE8F8833C461D60D3E7054638
S2140327500132DCE718680020485100207B5F002028
S214032760565500207C5F00201FB5154A154C13787C
S214032770013BDBB213706168206801AA03C221899A
S2140327801180114A1278D21805D00A2320465A43DC
S214032790E118E7F731FC9DF806301B070DD0BDF8AE
S2140327A00C00FFF799FF03468288ADF8082001AABC
S2140327B003CA1288186059601A8104B010BD00BF9E
S2140327C07B5F0020565500207C5F0020002108B563
S2140327D0084B09481970094B1970094B1A7802EB14
S2140327E082025200E7F7B6FBBDE808400548EFF75C
S2140327F0F1BD00BF7C5F0020565500207B5F0020A4
S214032800C168002018680020F8B50024084D094F59
S214032810094E3B783178E2B20B449A4204F1010444
S21403282000DBF8BD2846EFF7E5FA0A35F1E700BF07
S214032830565500207C5F00207B5F0020F8B51646C7
S2140328400C4B0D4A1B781278074613440B4A0D4669
S214032850127893420CD03046FFF73EFF01350681CF
S2140328600780857004460BF017FBE0800120F8BD57
S2140328700020FCE77B5F00207C5F0020C16800200F
S21403288010B5064C207828B10548F5F799FD10B128
S214032890034B188810BDFFF767FFF3E77B5F002045
S2140328A05655002008B50A4A0346107860B1094A0F
S2140328B01088984209D121B99378103323F00F0377
S2140328C09370FFF751FF012008BD0020FCE700BF0F
S2140328D07B5F0020565500202DE9F74F00260BF0AE
S2140328E0E0FADFF8F890B24699F80070B3463A4635
S2140328F0DFF8EC801FFA80FEB8F800C0344CAEEB6D
S2140329000C039BB201932378324D009303EB8303AE
S21403291005EB4303ACEB0E0C5FFA86FEBE4515D300
S214032920BAF1000F01D0009B2370BA422AD3002FBE
S21403293037D00A222378C8F8000002FB0353264840
S214032940998803B0BDE8F04F0AF0BABFB3F804E0C5
S21403295001998E4512D84FF0010A009993F802E0C8
S21403296001310EF1FF3EC9B2013AA3F804B083F871
S21403297002E00091D2B20A330136CDE7E644A3F86B
S21403298004E0F8E789F800204AB10A222378C8F859
S214032990000002FB0353104899880AF091FF23783E
S2140329A013B903B0BDE8F08FFFF76AFF06460028A9
S2140329B0F5D006F034FE0146304607F0E4FC20B1BD
S2140329C000212888FFF76EFFE9E740F60241F8E7A3
S2140329D07B5F002056550020186800207C5F00208F
S2140329E0485100202DE9F04192F808801F4608F16F
S2140329F0FF33DBB2EF2B05460E46144688B00BD9E1
S214032A0082238DF80E30314628469DF80E30204A34
S214032A10FBF774FA012037E00E22002104A8E7F73B
S214032A2099FAB4F809308DF81180ADF81230E37ACC
S214032A3003F07F02032A08D0012B24D103238DF849
S214032A401030A389ADF815300EE0032B14BF022314
S214032A5001238DF81030E368CDF815302369CDF8DF
S214032A601930237D8DF81430A7F121014A420DF168
S214032A700E034A41009321460DF10F0304A8FAF70B
S214032A8093FD0028BFD1002008B0BDE8F08100BF49
S214032A90C33204002DE9F04F00241D7895B0CDE92C
S214032AA002010492234622460120CDE90054404900
S214032AB008F06CFFADF81E00F8B1A346264627467D
S214032AC00DF120090DF1380AE4F7B6F95FFA84F838
S214032AD0404516D83A460221BDF81E00FFF78AFC89
S214032AE032460421BDF81E00FFF784FCDDE903101F
S214032AF00022BDF81E30FBF701FA012015B0BDE831
S214032B00F08F4A4640460AA9FAF740FD9DF828206A
S214032B1022B12DB1013DEDB20137FFB20134D3E747
S214032B20BBF1000FF8D199E803009DF829308AE835
S214032B3003008DF84030BDF82A30032A8DF8413063
S214032B404FEA13238DF8423017BF032301238DF872
S214032B5043309DF82C30DDF83110DDF82D0014BF1E
S214032B608DF84C308DF8433011AB03C302980CBF7D
S214032B704FF00E084FF0150808F0CFF80590BDF893
S214032B801E000AF0CDFD059900EB080399420BDB06
S214032B900123424651460DF11E00EFF76FFB002856
S214032BA0ABD10136F6B2B7E74FF0010BB4E700BF7F
S214032BB0007C040038B505460D4B0E481C88EFF71D
S214032BC0F5FB012D0CD10C4B1C88FA21614358B13F
S214032BD0884209D28408012C204638BF012038BD1C
S214032BE0022D08BF0224F0E702480AF069FEF2E766
S214032BF0525500204C41002050550020012208B5B4
S214032C00054B06481A7000210AF05AFEBDE8084034
S214032C100020FFF7CFBF00BF6A5E00204C410020B4
S214032C201E4B73B51A8802F108039BB2012B02D818
S214032C301B4B1B7823B902B0BDE87040EFF7CABB45
S214032C400024184B184D1C70184B1C702B787BB146
S214032C504FF6FC73164E00932246234621463088D1
S214032C6008F099FA4FF6FD732C70338001200FE0BD
S214032C70104B10461978F4F719FF0028F6D10C4BC1
S214032C801A884FF6FD739A42F0D0012302202B7068
S214032C9002B0BDE87040FFF78DBF00BF545500205B
S214032CA06A5E00206D5E00206B5E00206C5E002076
S214032CB04E5500206E5E0020012808B50AD0022873
S214032CC00CD020B9084B18700848EFF783FB4FF079
S214032CD0FF3008BDBDE80840FFF790BF0020BDE801
S214032CE00840FFF767BF00BF6A5E00204C41002024
S214032CF002280CD859B1064A13780133DBB2137095
S214032D00044A12789A4202D80220FFF7D5BF7047CA
S214032D106C5E00206F5E002038B5A0F61343012BCF
S214032D2004460D4615D80E4A13780133DBB21370EA
S214032D300C4A12789A420CD84FF6FD720A4B0020C2
S214032D401988914201BF00221D80084B1A70FFF7B5
S214032D5031FF29462046BDE8384004F071BE00BF67
S214032D606D5E0020705E00204E5500206B5E0020D6
S214032D7000234FF6FD71054A1370054A1370054A82
S214032D801180054A1370054A137070476D5E002064
S214032D906C5E00204E5500206B5E00206A5E0020AD
S214032DA030B5094B02461B7833B1084B084C1978EB
S214032DB00023D8B2884201D3FF2004E0013334F85D
S214032DC023509542F5D130BDC0680020725E0020C6
S214032DD02E5500200022FF21044B05481A70054B90
S214032DE01970054B1A789200E7F7B4B8725E0020A4
S214032DF032550020715E0020C0680020F7B58DF8BC
S214032E0007100DF10701044602F0BCFD234B1D78A5
S214032E10002D41D02046FFF7C3FF214EFF2831780F
S214032E20204B05D1204A107885422DD9451C1570B4
S214032E30884219D01C4A1B4D92F800C00022D7B214
S214032E40BC450CD92F4697F803E00132864505F1B9
S214032E500405F4D102B203EB8202D278FA7002B20E
S214032E6003EB8202D170307002B203EB820123F8C7
S214032E702240FF228A709DF80720FF2A02D003EB28
S214032E808203987003B0F0BD0A46104603EB820235
S214032E90D278FF2AF9D1CBE7FF20F3E7C0680020FA
S214032EA0715E002032550020725E00202DE9F84343
S214032EB0FFF776FFFF28044669D04FF6FF72354FBB
S214032EC003B2DFF8DC80344E27F8232098F800504E
S214032ED0A54202D10020BDE8F883337820B28100F2
S214032EE0A34207EB800090F803E010D00023294AA2
S214032EF05FFA83F94D45944606D99CF8039001334F
S214032F00A14502F10402F3D18CF803E001E086F850
S214032F1000E0013DEDB22A1BD2B2043192003944DF
S214032F20E7F76AF888F800503378FF2B04D0A342FB
S214032F3024BF03F1FF33337000214FF6FF70154BA8
S214032F40CAB2AA420CD300234FF6FF71134ADCB26F
S214032F50AC42BBD2013332F823008842F7D1B5E73F
S214032F609A78A2420BD11880DA78FF2A04D0A242BC
S214032F7024BF02F1FF32DA7001310433E0E7FF2A9F
S214032F80F2D0A24224BF02F1FF329A70ECE72D2062
S214032F90A1E700BF32550020715E00202E550020A9
S214032FA0725E0020F8B51C4B05461B78084673B3C3
S214032FB0FFF7F6FEFF28044629D02846FFF7F0FE63
S214032FC0FF2806D0154B164E1A780023D9B2914225
S214032FD018D3FF212846FFF711FFFF28014616D016
S214032FE00546104F23B207EB830237F82300967883
S214032FF0FFF704FFA84208BFFF25FF2E214608D18E
S2140330002846F8BD013316F823108142DED1FF258A
S214033010F6E73446E6E700BFC0680020725E00208D
S21403302030550020325500202DE9F04180460E46EB
S2140330301F46002386B001A814469DF830508DF82D
S2140330400330FCF74BF8ADF804802EB13368CDF8A7
S21403305006307368CDF80A3038460AF045FB0DF1A2
S21403306003034219214601A804F0F6FC9DF8033039
S21403307093B931464046E4F701F90E4B1B785BB132
S2140330800B2C09D8FF214046FFF7B8FE064605EB92
S2140330904404E4B2A54202D106B0BDE8F081294655
S2140330A0384608F016FC3146FFF7A8FE02350646FA
S2140330B0EDB2EFE7C068002000232DE9F3470DF1DA
S2140330C007028DF8073004460E4602F046FC9DF8CC
S2140330D00730054663B92046FFF762FE04465EB135
S2140330E030880AF01DFB5FFA80F8FF2C45D10025D7
S2140330F0284602B0BDE8F087B046F6E701320C2A50
S214033100F5D02DB207EB8505AD78FF2DF6D112F07D
S214033110FF0AECD04FEA4A050235EDB2002EE7D09F
S214033120304605EB080108F099FB0028DFD152462C
S21403313041463088FFF75EF90AF1FF3208F10101D4
S21403314008F102093088D2B2C9B25FFA89F9FFF7EB
S21403315051F924B207EB8404A478FF2CC8D023B219
S214033160494637F82320308808F0C3FB0028BED131
S21403317009F102095FFA89F9EBE725460022014FB8
S214033180BFE700BF32550020FF2818BF064B10B517
S2140331901BBF03EB800433F820302D200B801EBFAB
S2140331A0A3780020137010BD3255002008B5D2F75F
S2140331B0F9FAD2F71DF800F08CF9D3F70DF8BDE84D
S2140331C00840D1F7C3BD38B5044690F84410837859
S2140331D0826CCB1A59425941D1F740FEE37893B13A
S2140331E0257985B900F00DF90346A268218A04F112
S2140331F01C009C1A8C4236BF52182946D11ABDE8C9
S214033200384000F0F5B838BD09B1D2F73BBBD2F76A
S21403321049BB38B58388044603B3E3780088A178AE
S21403322004F10C05A3B10023B1FA81F1E370490957
S214033230FFF7EAFF4FF6FF72A388218993421CBF6C
S21403324003F1FF33A3802846BDE8384000F0D0B82A
S2140332500123E370FFF7D8FFE188F4E738BD10B524
S214033260044681780088FFF7CFFF0123E37000232D
S214033270A38010BD10B581780446B1FA81F10088A9
S2140332804909FFF7C1FF0023E370A38010BDFFF7D2
S214033290F1BF70B50446054600262B4655F8040BC9
S2140332A010B11B1B0C2B00DD70BD237C8680002B0E
S2140332B0F3D0637C13B1FFF7D2FFEEE7FFF7DAFF35
S2140332C0EBE7FFF7E6BF70B5044605464FF6FF7615
S2140332D02B4655F8040B10B11B1B0C2B00DD70BDE1
S2140332E08388B342F4D04FF4FA724FF6FF73114655
S2140332F0D1F704FEECE709B1D2F7C4BAD2F7D2BAD3
S21403330010B50446C0600830D2F7B6FB2179208892
S214033310B1FA81F14909FFF7EEFFA37943B12179A9
S2140333206088B1FA81F1BDE810404909FFF7E3BFB1
S21403333010BD00F053B80346184613F8012B8A4213
S21403334001D0002AF8D1704710B53B210446006827
S214033350FFF7F1FF0022034603F8012B20682360E2
S21403336010BD10B540B1421E0A24002012F8013FDA
S214033370303BD9B2092900D910BD04FB0030F5E76C
S21403338008B500F028F850F80C3C23B150F8041C9C
S21403339030F80E0C18477047084619B1FF21103055
S2140333A002F0D8B97047007800F0DF03552B07D03A
S2140333B0642807D0663818BF4FF0FF30C0B2704796
S2140333C0012070470320704718B12D280CBF012039
S2140333D002207047704708B501F0AEFD08B500F04F
S2140333E06DF8BDE8084004F0FDBA50E9023018470E
S2140333F00A460830FF2102F0A4B9FF21083002F084
S214033400B1B908B50AF0ACFDBDE8084009F020BA2A
S2140334102DE9F041044600274FF00C0E8F4202DBE5
S2140334200020BDE8F0812078904204D1002594F86E
S2140334300780454502DB01370C34EFE70EFB05F644
S214033440D4F808C00CEB06003CF806609E42E8D0B1
S2140334500135EEE7F0B585B005460E461746D2F7BA
S2140334604BFB0446A0B131462846D2F713FB8378BC
S2140334703A46002BA36831460293A3782846019365
S2140334804FF0000300930CBF80234023E0F70AF9B4
S21403349005B0F0BD08B51288D2F72EFB50B10279FD
S2140334A0BDF80C309A4207D881680298E6F7A4FD67
S2140334B0002008BD8620FCE78920FAE7002004F0F8
S2140334C015BB08B504F082FB002814BF03200020B8
S2140334D008BD704708B502F019F8FFF767FED2F784
S2140334E097FC642003F0CBFE642003F0C7FE02F0D3
S2140334F00FF8D1F757FC08F005FEF8E7F8B5D0E962
S2140335000176437B04460D4613B133463E461F46BB
S214033510FFF777FF012D206438460ED1D1F756FD0D
S2140335203046D1F777FD257360784FF47F42BDE8C8
S214033530F8404FF48171FFF78DBF022D05D1D1F707
S21403354069FD3046D1F742FDEDE7D1F763FD30461E
S214033550D1F760FD0025E6E738B5037B04468B42CA
S2140335600D4607D190F844305BB3BDE83840483089
S214033570FFF743BFFFF745FF216C431AC72B0CD851
S2140335800123C83184F8455084F84430091A04F1FD
S2140335904800BDE83840FFF72BBF0DB1237B2BB99E
S2140335A029462046BDE83840FFF7A8BF002120463D
S2140335B0FFF7A4FF0123C82184F8455084F844305C
S2140335C0E5E738BD90F84510FFF7C6BF0121FFF7C2
S2140335D0C3BF0221FFF7C0BF0021FFF7BDBF4FF6F1
S2140335E00173994210B5044602D10021FFF7B4FFD8
S2140335F02046BDE81040D2F725BD10B50446806BC3
S214033600D8B1E278022A04D0636B5B7972B984F886
S2140336103C3094F83C306BB1FFF721FE60784FF6F0
S2140336200272BDE810400621FFF714BFB3FA83F316
S2140336305B09ECE7FFF71EFEF0E710BD10B5044686
S214033640406BD1F7C3FC2046BDE81040FFF7D5BF5B
S21403365010B50446406BD1F7DDFC2046BDE81040AC
S214033660FFF7CBBF10B50446406BD1F7F9FC2046F5
S214033670BDE81040FFF7C1BF10B50446002206217F
S2140336804078FFF7E7FEA378022B01D0FF2B04D187
S2140336902046BDE81040D2F7F3BD10BD4FF60273C7
S2140336A0994210B5044601D1FFF7A7FFE378022B32
S2140336B002D02046FFF7A1FF2046BDE81040D2F710
S2140336C0DFBD092901D9FFF789BE7047022307B575
S2140336D0019300F16C0300935522212312214078B5
S2140336E0D2F760FB03B05DF804FB10B5827804469E
S2140336F003797AB90BB1D2F773FE2046D2F79CFE54
S21403370003236078A4F86C305522BDE810401221DC
S214033710FFF7A0BE012B01D1D2F762FEA379012BDE
S21403372002D12046D2F788FE01232046A4F86C3047
S214033730BDE81040FFF7CABF10B58378044683B9C7
S21403374003790BB1D2F762FE2046D2F7B9FE042303
S2140337506078A4F86C305522BDE810401221FFF7BC
S21403376079BEB0F86C30022B12D00379032B01D14B
S214033770D2F736FEA379032B02D12046D2F75CFE9E
S21403378000232046A4F86C30BDE81040FFF79EBF28
S214033790D2F7D6FEF4E7827883685AB9DB78002B33
S2140337A014BF03230423A0F86C305522122140785B
S2140337B0FFF750BE1A7922B9DB78003B18BF012306
S2140337C0F1E70223EFE77FB500239E6A0446B6F5CA
S2140337D0804F0D460CD201A8D3F758F8039B5B0520
S2140337E006D529462046336C04B0BDE8704018471A
S2140337F004B070BD00239B6AB3F5804F05D21B6BE4
S214033800B3F5804F01D29B6818474FF48170704719
S2140338101FB500239A6AB2F5804F04D340F2011015
S21403382005B05DF804FB126BB2F5804FF6D20122A9
S21403383001A8CDE902338DF80420D3F727F8039BBC
S214033840DB03EBD5029B1A0EE8D0012A03D1C3F3A0
S21403385007430A2BE2D900239B6A1B6B1B6C984712
S214033860DEE708B50AF038FDB0FA80F0400908BD77
S214033870134610B542B103439B0707D10AF030FD48
S214033880B0FA80F0400910BD0120FCE70020FAE7FB
S21403389000230360704703680B600160704710B530
S2140338A038B132B129B100230139D45C14B90023ED
S2140338B0037010BD8B42FAD200F8014B0133F4E7D4
S2140338C0034638B10020814204D01A5C02B970471F
S2140338D00130F8E770474FF0FF31FFF7F1BF70B5DF
S2140338E00C461646054660B15AB151B1FFF7F3FFD1
S2140338F0844206D9211A32462844BDE87040FFF7B1
S214033900CEBF70BDFEE7FEE700239A4200D17047A4
S21403391010B550F8234041F8234001339A42F8D1BA
S21403392010BDD3F713BC4369426CD91C143AB1FBE0
S214033930F2F103EBC1000330B0FBF2F00230704744
S21403394038B505460C46FFF7EEFF6A6CE31D143ADE
S214033950B3FBF2F3013304EBC30402FB004038BDB0
S21403396038B5054644692146FFF7EAFF6A6CE31D4E
S214033970143AB3FBF2F3013304EBC304204438BD1B
S214033980F7B507460E4600257C6CA819644280EA04
S21403399006031C4003D02C46204603B0F0BDFB6B49
S2140339A001225B6901A99847019B0133F4D10435D1
S2140339B0EAE770B505460C46D5F79EF9EB6B20464D
S2140339C0BDE87040DB68184770B50025044686B02E
S2140339D00562E369AB4202D8206A06B070BD666C26
S2140339E02068E36B05225B6901A906FB050098477F
S2140339F001A800F023FC00F046FC10B1236A013353
S214033A0023620135E5E738B50446456C006804F1E2
S214033A10400305FB0101E06B00F042FC054620462F
S214033A20FFF7D2FF284638BDF0B50546002687B017
S214033A30EC69013CB44203D80C46204607B0F0BDFF
S214033A4001B14C1E6F6C2868EB6B05225B6901A9FC
S214033A5007FB0400984701A800F0F0FB00F013FCF6
S214033A600028EAD121460136E2E7F0B504460D46C2
S214033A70466CE36B006887B005225B6901A906FB09
S214033A800500984701A800F0D9FB00F0FCFB20B125
S214033A9001A800F0AAFB07B0F0BD29462046FFF7B1
S214033AA0C3FF0646676C2068E36B05225B6901A9C2
S214033AB007FB0600984701A800F097FB431CEAD0D3
S214033AC0B54238BF0130E6E72DE9F0434FF6FF79FC
S214033AD0D0F8248004460E46C84514BF4546002544
S214033AE0002787B0E369BB4202D807B0BDE8F0837E
S214033AF0E26B2368606CD2F814C000FB0530052225
S214033B0001A9E04701A800F099FB022806D0C845A2
S214033B100CD1721C29462046FFF775FFE369013571
S214033B20B5FBF3F2013703FB1255DBE729462046C4
S214033B30FFF79BFFB0F1FF3F14BF02463246013248
S214033B40E8E70368F0B5CC1A436C0646B4FBF3F417
S214033B50002587B0F36937685A1E9542706C08D300
S214033B60706C336800FB043007B0BDE8F04000F02B
S214033B7095BB0134B4FBF3F203FB1244F36B05224B
S214033B805B6901A900FB0470984701A800F056FB87
S214033B9000F079FB0028E3D10135DBE710B423F00E
S214033BA0030422449B070A44436C18BF04325B4257
S214033BB081EA0204234203D05DF8044BFFF7C1BF3A
S214033BC010465DF8044B70472DE9F041D0E90A36FC
S214033BD09E42044686B028D11422C369456802FB78
S214033BE01355284606B0BDE8F0812068676C331A83
S214033BF0B3FBF7F3E26B07FB0300D2F8148001A9CB
S214033C000522C04701A800F019FB012804D0636C05
S214033C101D44013B3340ED1A31462046FFF791FF22
S214033C200646A36AB342E0D1DBE70025F9E708B509
S214033C3008301346D1E90012D4F7E4FF012008BD8B
S214033C4013B50C460021217600936168134622467D
S214033C50D3F7D2FB18B1E37D03B1A07EA075A07D98
S214033C6002B010BD73B5164600F108050C4628468B
S214033C7009680DF1070200F098F9032E06D1636870
S214033C80834203D12846216800F076F9012002B06A
S214033C9070BDD01E009B42424241187E824211D123
S214033CA01A688A420ED85A688A420BD35A69013276
S214033CB05A61D3E9030282423FBF986840F8221054
S214033CC001321A610120704710B5032A029C07D1FE
S214033CD0A26A5340626C5242134201D100F04CF97F
S214033CE0012010BD08B5C36800209847BDE808400A
S214033CF0D5F70AB8012814BF0420022070B50024A3
S214033D0042431C70CC7D101D02F002024CB91AB15E
S214033D10012220F003001A7000F1080348681844D3
S214033D2070BD1AB1012220F003001A7000230C7E26
S214033D3001F12005DAB2A24201D30020F0E735F8FC
S214033D4033205E1C824206D901EBC30300F108024E
S214033D50D8691044E4E73346801AEBE773B50546A3
S214033D6090F842601C4630460DF10303FFF7C2FF8E
S214033D70EB6B012E5B690DD1324601A998479DF87E
S214033D80033013B1BDF806300193BDF80430236049
S214033D9002B070BD0122214602B0BDE8704018474C
S214033DA0F0B5054600244868EB6B87B00E46012243
S214033DB05B69029402A908309847274695F8423073
S214033DC0012B40F0AC80632C00F2AB80612C08D84A
S214033DD005AB224631462846FFF7C0FF9DF8143050
S214033DE05BB305AB2246314628468DF81070FFF7C5
S214033DF0B5FF95F84230012B059B7FD14FF6FF7236
S214033E00934256D0082205A904A800F063FA059B3E
S214033E109DF81010C3F3072291424AD1DBB2029AEF
S214033E201A44029245E0DCD005AB224631462846CA
S214033E30FFF794FFBDF81430D2E795F84230012B14
S214033E4039D1612C2ED822463146284603ABFFF7DC
S214033E5085FF3146284604AB621CFFF77FFF3146D9
S214033E60284605ABA21CFFF779FF102208230DEBAB
S214033E7002010DF107008DF8073000F02BFA10222F
S214033E8005A90DF1070000F025FA039BDAB24AB93B
S214033E909DF80720B2EB132F04D1DDE9043203EBC0
S214033EA00243029395F84230012B14BF01230223E9
S214033EB01C44013482E7302CF4D822463146284687
S214033EC003ABFFF74BFF3146284604AB621CFFF7F4
S214033ED045FF102320220DEB03010DF107008DF89B
S214033EE0073000F0F7F9039B9AB2002ADAD19DF85F
S214033EF00720B2EB134FD5D1049BD2E70133D8D0BA
S214033F00102205A90DEB020000F0E4F9059B9DF8CD
S214033F101010C3F307429142CBD19BB27FE7312CFB
S214033F2081D9029807B0F0BD13B500240194049C10
S214033F300094D3F73DFF02B010BD13B501240194DE
S214033F40049C0094D3F734FF02B010BD00234FF057
S214033F50FF3230B544689C4202D10023037230BD61
S214033F60016801EBC30541F833206A600133F2E7C9
S214033F70C0E90012FFF7EABF0023F0B545689D428B
S214033F8010D00468DF0054F8332004EBC306B2F104
S214033F90FF3F08D0C2F31302914204D14FF0FF3320
S214033FA0E3517360F0BD0133E9E70023F0B54568DC
S214033FB09D4202D14FF0FF300EE00468DE0054F855
S214033FC03340671C09D0C4F31307B94205D1240D47
S214033FD01470036833445868F0BD0133E8E770474C
S214033FE070B59400224605460E460AF079F9431C3E
S214033FF00AD058B9224631462846E6F7F7FA00288B
S21403400014BF3D20002070BD6E20FCE77120FAE748
S21403401013B5044601A8D5F771FC9DF80630238036
S2140340204FF480736380D5F777FC6060002002B09E
S21403403010BDD5F7E7BB08B5D5F7D8FB002008BDFC
S21403404010B5044644EA010313F00303084609D1F6
S214034050934201D1002010BD54F8231040F82310DA
S2140340600133F5E721469200E6F704F9F2E710B5C7
S21403407004460AF031F9431C10D088B9D5F74CFC36
S214034080234620F003002044984201D1002010BDAF
S21403409053F8042B0132F7D03E20F8E76E20F6E7FC
S2140340A07120F4E7704713B50023044601461B222C
S2140340B00DF107008DF8073000F00CF922689DF823
S2140340C00730B3EBD26F0CBF0120002002B010BD47
S2140340D013B500230446014620220DF107008DF890
S2140340E0073000F0F7F80DF107001A22211D00F043
S2140340F0F1F862689DF80730B3EB926F0CBF0120AE
S214034100002002B010BD0068431C58425841704757
S214034110006810F07E0F0CBFC0F3C160002070472C
S2140341200068C0F3D3107047006800F07F000128D2
S2140341308CBF002001207047036813F07E0F14BF66
S214034140042008207047036813F07E0F03D14068ED
S21403415020F07C40704713F078001CBF03F07F0309
S214034160D81F7047006800F07F007047032809D007
S214034170022803D1C1F10201C8B2704700290CBF5F
S21403418007200020704737B5054601F10C04436944
S2140341906946012220469847BDF800300122019364
S2140341A02046AB6901A9984703B030BD37B501F186
S2140341B00C044369012269460546204698474FF694
S2140341C0FF72009B99B291420DD16FF30F0343F434
S2140341D0254343F0A503019301222046AB6901A9B9
S2140341E0984703B030BD0020FBE737B504460025EB
S2140341F01B22011D0DF107008DF8075000F06AF829
S21403420060689DF80720B2EBD06F03D120F07840AA
S21403421003B030BD0DF107001B2204F108018DF831
S214034220075000F057F8A0689DF80730B3EBD06F3F
S21403423001D1C043EAE74FF0FF30E9E74BF29A2299
S214034240036810B5B2EB134F044613D19BB2012B90
S21403425013D1FFF7CAFF01300CD04FF6FF72E068A8
S214034260B2EB104F4FEA104309D180B2C01A18BF01
S214034270012010BD2368013303D00420F9E7022090
S214034280F7E70320F5E701288CBF002001207047DD
S214034290033801288CBF0020012070471430704774
S2140342A02DE9F04105469846036908460E4617462B
S2140342B09847044638B943463A4631462846D4F723
S2140342C093FD044618B131462846FFF75CFF2046A7
S2140342D0BDE8F0811F2A0B689EBF4FF0FF31914067
S2140342E08B43590801F055315B1A03F033319B08B1
S2140342F003F033330B44017803EB13130A444FF0F4
S214034300013103F00F334B43A2EB13620270704785
S21403431008B507F09FFDBDE808400021D4F76EBE40
S21403432002210320D5F768B8704770477047704777
S2140343304FF050234FF400321A6770474FF0B043E4
S2140343405A6812B19A6A002AFAD1704770B50546C0
S21403435014460E4609F0ADFC2B685C4034405C40C6
S2140343602C60BDE8704009F09FBC012241780378B9
S2140343708A4030214B4342F2100103F1A04303F578
S21403438070335A50704721FA00F2D20730B503460D
S21403439000F0FC040FD500220132D2B2042A02D167
S2140343A04FF0FF3008E0831803F00303234421FA99
S2140343B003F5ED07F0D4184630BD00207047002003
S2140343C07047002070470020704701207047012087
S2140343D070470F207047E6F723BE002307B5CDE9E5
S2140343E00033012369464FF0FF308DF8023004F0A6
S2140343F0CBFB03B05DF804FB0020704710B508B98B
S214034400212010BD0029FBD0036813F0704205D1AC
S214034410C3F30E030B607BB10020F2E703F05044B6
S214034420B4F1004F05D0B2F1304F02D0B2F1404F95
S214034430E6D103F07F03EDE74368002BE0D00B6083
S214034440EAE737B50C46054610B9212003B030BD60
S2140344500029FAD0002301A90193FFF7CFFF002814
S214034460F4D12968019A11F0704102F1030222F097
S214034470030201D12260E9E7AD68B1F1004FC5F34D
S2140344808033C5F3403504D103EB45035343236020
S214034490DCE7B1F1204F01D12B44F7E7B1F1304F00
S2140344A0FAD0B1F1404FF7D0CFE737B50C46054603
S2140344B0002800F08780002900F0848000230B602A
S2140344C0036803F070430B60C26822B1032A79D1F4
S2140344D043F080630B60AB689A0149D403F08073A2
S2140344E0EA680AB9002B6DD1226822F040721343A2
S2140344F02360EA68032A05D12A69F62A62D962F399
S21403450017432360AB681B0442BF236843F400438E
S2140345102360EB68032B1FBF23682A6862F30E032E
S21403452023602B68AA68002B2ADB12F4C84F49D1F4
S2140345302B6803F0704303F10043B3F1804F05D2B9
S214034540530542BF236843F4806323600023284651
S21403455001A90193FFF752FF40B92B6813F070428D
S2140345601FD12368019A62F30E03236003B030BDA4
S21403457003F04073B3F1407F18BF4FF00073AFE70B
S214034580500402F4005105D4E1B1236843F4005308
S2140345902360CDE7236843F4804323600029C7D014
S2140345A0F3E703F05043B3F1004F05D0B2F1304FB9
S2140345B002D0B2F1404F05D1019B5A1E236862F325
S2140345C00603D2E72120D1E738B131B101234B608E
S2140345D04FF0005300208B6070472120704737B59B
S2140345E00C46054608B9212016E00029FBD0012316
S2140345F04B60C368A3B901A90193FFF722FF58B91B
S214034600019B6A699A4209D32A69002AEBD0226081
S21403461043F000530020A36003B030BD1D20FBE72A
S214034620032BE0D10023F5E7436813B941607047D5
S2140346305B685A68012AFBD159607047FFF7DCBEF6
S21403464008B5FFF7D9FE002814BF6FF092000020CC
S21403465008BD1346428870B50732072A0C464FEA50
S214034660D20101D0A14222D14668058820221846ED
S2140346700021E5F76FFC360A0346DEB9BCB141F20A
S2140346800102954205D0B5F5885F02D0B5F5905F77
S21403469002D100205C6070BDB5F5105F0DD1182CFB
S2140346A003D0202C01D0102C01D11C60F1E76FF051
S2140346B08600F0E76FF08B00EDE76FF08500EAE722
S2140346C0F0B51C46436806461B0A0F46154689B0D6
S2140346D035D122462946FFF7BCFF68B9EB1C23F009
S2140346E00303C4E90307636145B92022002120467A
S2140346F0E5F730FC6FF0860009B0F0BD01462022D6
S2140347006846E5F727FC6A4629463046FFF7A1FFC9
S2140347100028EAD12368009A9A42E6D16368019A90
S2140347209A42E2D1A368029A9A42DED1A369069A14
S2140347309A42DAD1E369079A9A42DDD0D5E76FF059
S2140347408B00D9E7D5F722BCD5F73CBD70470020D0
S214034750704700207047C3681944836853F82100E4
S21403476030F8023B13607047012310B580F8883099
S2140347700378044653B100F061FA21462046D5F784
S21403478013FE2046BDE8104000F04DBA10BD38B504
S2140347900D460446D5F7F0FD6B682046C4F8B032E4
S2140347A0A96800F096F94FF0FF332046C4F8B432F8
S2140347B0FFF7CDFF38BDD0F8B43210B50133044649
S2140347C001D0002010BD00F0BCFAC4F8B4020130DA
S2140347D0F7D194F8B80280F00100F3E708B5D5F7EF
S2140347E007FE08BD0A7801382D2A0ABF01220022D7
S2140347F08918D5F759BE07281BD8DFE800F0060A44
S2140348000D10131504170120704700220820D5F752
S2140348104BBE00221020FAE700222020F7E70820EC
S214034820FFF7E0BF1020FBE72020F9E70846D5F79F
S2140348309DBE002070472DE9F74307280C46DDE9A7
S2140348400A7690461D4608D8013806280AD8DFE8B7
S21403485000F01D27303A44574A00212850D003B0B1
S214034860BDE8F083002220461146E5F73FFB336898
S214034870C0B205EB83013A6845F82300013348F8D4
S214034880221033603B6801333B60E8E70022204692
S2140348901146E5F72BFB336880B205EB8301EAE7A5
S2140348A0002220461146E5F721FB336805EB83011A
S2140348B0E1E7002220461146E5F7C6FC336840B21E
S2140348C005EB8301D7E7002220461146E5F7BCFC3B
S2140348D0336800B205EB8301CDE70022204611467C
S2140348E0E5F7B2FCE1E7002389461E461D468DF830
S2140348F0063019F8013F7D2B06D125702D0A657009
S2140349003B6848F82340BDE7202BF2D006F00102AF
S214034910013612B98DF80430EBE71022002101A806
S2140349208DF80530E5F790FC631901359870ADB244
S214034930DFE72DE9F04F9B46002385B08B45814684
S21403494088469246CDE902336BDC1A461E4619F8B2
S2140349500340212C09D81F2C04D8103C072C98BFE1
S214034960012200E001260133F1E7FF2CFBD15B4473
S21403497036B1013B43450ADD2B2005B0BDE8F08F79
S21403498062B1013B4345F7DC3546374602E0002576
S2140349902F462E46454504DB0020EEE79845F3D028
S2140349A0EAE75D453BDB19F80730202B18D109EB06
S2140349B007035B78FF2BDFD1CEB920465AF82510C4
S2140349C0FFF719FF78B303AB019302AB00932046BE
S2140349D0DDE90E235AF82510FFF72DFF0135D9E739
S2140349E0212B0ED109EB07035B78FF2BC4D1029B67
S2140349F05AF825200E99012641F823200133029305
S214034A00ECE7A3F11004072C02D91C460137D3E7C1
S214034A1009EB07035B78FF2BAED1E4B2CCE70624A1
S214034A20CAE72120A9E72620A7E72DE9F04F074686
S214034A300E4615469846044685B0DDF84490DDE9F3
S214034A400FAB206808B3DAF80020D8F800108A42C3
S214034A501BDA0E9B53F82210D2F7ACFA48BBDAF8EF
S214034A6000200132CAF800206268117BFE291BD1A0
S214034A700E9B1068012100932A464346CDE902B9EE
S214034A80CDF804A0FFF7D1FF04462B7843B999F875
S214034A9000302BB97EB101233C4689F800302B70D9
S214034AA0204605B0BDE8F08F01238BF800302B704D
S214034AB0EBE70C34C5E73446F2E710B50446236843
S214034AC003B910BD237A13B92046D5F785FD0C34F8
S214034AD0F5E710B541B10A7932B901249C300C715F
S214034AE0FEF7D9FE204610BD0020FCE72DE9F04175
S214034AF0BAB005460AAA084603A900F05FF90446B9
S214034B00B0B90DF10A0301930DF10B038DF80A00FA
S214034B1000930AAA284604AB03A9D5F70DFF9DF810
S214034B200A20B2B19DF80B2048B12AB1D5F754FD3F
S214034B3020463AB0BDE8F081FFF7BFFFF8E7D5F8A7
S214034B409C50002DF4D0A86808B1FFF7B6FF2D6877
S214034B50F7E700B346681AAB06F10C082AAF0193D1
S214034B604046049B039900970AAAFFF7E2FE044611
S214034B700028DDD1039B05A8CDE90637049B0595E0
S214034B80CDE90838D7F7A0F905A83368984705A8EC
S214034B9000F03FFDCCE72D24CAE710B50446AC3041
S214034BA0E5F7D4F804F1AB031A180020934200D1BA
S214034BB010BD13F8011F0029FAD00A2908BF0130D7
S214034BC0F4E70023F0B50B6013600646D0F8AC029A
S214034BD078B196F8AC0060B1012406F1AC07D6F8BC
S214034BE0AC02844210D306F1AC00B3F5007F10D3B9
S214034BF00120F0BD0D6801350D601568013515609F
S214034C00F85C01330A2802D0B3F5007FF2D30134EF
S214034C10E5E7C15C0A29EBD00029E9D01168013326
S214034C2001311160E1E710B50021D0F88C2004466D
S214034C30E5F790F90023C4E9243310BD73B50446A1
S214034C4000F1AC0580212046FEF73AFE4FF40071D2
S214034C5006462846FEF734FE0136C0F50070864247
S214034C6020461FD8E5F772F806462846E5F76EF89D
S214034C7001362946421CA819E5F7BEF92046E5F792
S214034C8065F8214602462846E5F7F4FA2046E5F796
S214034C905DF80A23204480F8AC300023C4F8AC3215
S214034CA002B070BDFFF779FF01AAC4F8AC026946EB
S214034CB02046FFF786FF0022009B234483F8AC20A0
S214034CC0C0E773B50D460446FFF767FF6B1C19D1A3
S214034CD0D4F8AC3213B1013BC4F8AC3200252046FD
S214034CE0E5F734F8A84215D82046FFF79CFFD4F81A
S214034CF0AC322BB16946204601AAFFF762FFA0B982
S214034D0002B070BD012DFBD1D4F8AC328342F7D28A
S214034D100133E1E7082000F023F8202000F020F814
S214034D20082000F01DF80135D9E7009D04F1AC0614
S214034D30019BAB42E4D9715D2046D5F72BFF0135C5
S214034D40F6E707B500200DF1070100F0E7F820B9F4
S214034D509DF8070003B05DF804FB4FF0FF30F9E75A
S214034D6010B5C1B20446002000F0C8F800280CBFF6
S214034D7020464FF0FF3010BD0FB407B504AA52F813
S214034D80041B00200192D6F7A1F8002003B05DF8BB
S214034D9004EB04B0704710B54C1C0B460119045DB8
S214034DA0222C03D07B2C01D05C2C05D1D21A1844BC
S214034DB0E5F722F9012010BD0020FCE72DE9F047B6
S214034DC0054691468846E4F7C1FF2A46064613463B
S214034DD0197801322029FAD0C9F800305C1B012368
S214034DE06FF0404AC8F80030A64201D8002014E00D
S214034DF02F5D29197B2F12D0222F2ED1D8F8003001
S214034E00621C53442A4449F82320012C09D911F87B
S214034E10013C13F0DF0F04D02120BDE8F0877D2787
S214034E20F3E701342B5DBB4209D12B195B7813F0F2
S214034E30DF03F1D1222F00D12B550134D4E75C2BAD
S214034E4007D1324621462846FFF7A5FF0028E3D0C0
S214034E50013E0134A642E5D8DEE75C2F08D1324690
S214034E6021462846FFF797FF0028D5D0013EE4E702
S214034E70202FE2D10022631CB3420A70DDD2EA1867
S214034E80EB5C202BD9D0D8F800300F2B05DC49F883
S214034E9023200133C8F80030CFE71E20BDE700F01B
S214034EA000B800207047D2F773B870B50C461546A5
S214034EB010B9D5F7FFFF38B143682BB12A46214610
S214034EC0BDE8704000681847232070BDF7B50D464F
S214034ED016461C4638B9D5F7EDFF04B901AC20B920
S214034EE0232003B0F0BD03B901ACC768002FF7D089
S214034EF02346324629460068B847F2E707B501223B
S214034F008DF807100DF10701FFF7CFFF03B05DF82B
S214034F1004FB0B4601461846FFF7F0BF00230122A9
S214034F20FFF7D4BF08B508F0BCFFFA23B0FBF3F0D5
S214034F3080B208BD0420704740F20160D6F7B0B8CF
S214034F407047012070470020704749BA89B280EA4B
S214034F500103C3F303125340180380B258405B01A6
S214034F6003F4FF535840704708B5D6F765FC58B1AD
S214034F70A0F15903042B06D8042B04D8DFE803F06A
S214034F800404040304005C2008BDD6F7ADBD7047D7
S214034F90F8B50C468D18073552421540A5F108079B
S214034FA00646384600F0DFF9A188381B628801EB15
S214034FB0E00189B2A2EBE00225F8041C25F8062CD2
S214034FC0A288C310AAB1A4EBC202B2F802C0D18071
S214034FD003EB0C015180E28892B1D31A9BB204EB27
S214034FE0C20425F8023CA380B3680344B360384682
S214034FF0F8BD15F8082C42F0020205F8082CEAE77B
S21403500025F8022CF0E72DE9F04F4FF0000887B0A3
S2140350109946531C109B0546174614BF144608248E
S214035020CDF81480002B00F0C580C3F8008000295B
S21403503000F0C28042688A4240F2BE80073121F007
S214035040070608F043FE05AACDE9008282463A46E3
S2140350504B463146284600F08AF9059F834607B13A
S21403506030B9504608F02DFE192007B0BDE8F08F82
S214035070B7F8028029694FEAC802C0EBC8080139AD
S214035080B8F1270F29617AD9B9F1000F51D18642B9
S21403509006F1080848D0224639462846FFF778FF27
S2140350A004460590059B9844404600F05CF9059934
S2140350B006F10F004A88C308A2EBD002A8F8022024
S2140350C0CA88A8F80430002A30D0D31A9BB201EB62
S2140350D0C202A8F8063093808B88F608A380B8F837
S2140350E004303A46E380414600232846668000F0B3
S2140350F0A6F9AB680833AB60237843F0010323704B
S2140351002B6901332B616288AB68504603EBC203FD
S214035110EA68AB60934288BFEB6008F0D2FD109B51
S214035120083400201C60A0E73C46BBE7A8F806202E
S214035130D2E707EB08042046039200F014F90BF1BC
S2140351400703DB080599638008F10703DB08A380E0
S214035150CB8893B1DB00039AD81D821A5A44C2F354
S214035160CF020B44E2809A80A38808F1FF384FEA07
S214035170D808A1F80280CB80BBE7E380F4E7B9F157
S214035180010F1BD107F10803B3FBF4F204FB123340
S214035190B3B1224639462846FFF7FAFE044623787B
S2140351A03A4643F00103237021460123284600F0C4
S2140351B046F9A8E7222058E7212056E78642E8D199
S2140351C03C46ECE707B500224FF0FF3101AB0192F6
S2140351D0D6F7EAF8019803B05DF804FB2DE9F74F1C
S2140351E004460D46002900F0AB80D0E9056808F0B8
S2140351F06DFD15F8087C35F8061CFB07009000D5F6
S21403520031B9009808F05DFD012003B0BDE8F08FCA
S214035210A368D4F8109035F804ECA3EBC10B09F19E
S2140352200103A5F1080C4A1CC4F808B02361BEF1BB
S214035230000F7BD0ACEBCE03D888B3F802A0019066
S214035240187807F00207C00765D4002F64D10198C9
S214035250A0EB0A07012F69D18A1CABF10807524459
S214035260C4F81090A76035F802ECBEF1000F61D0C9
S214035270D4E900700CEBCE0A07EB0009CA4559D2F5
S2140352801CF83EC057461CF0010C15D1AEEB0101CD
S214035290012911D1BAF80210AAF802C001310A4452
S2140352A0BAF80610002943D00AEBC1072169013971
S2140352B02161A1680839A16015F8081C013A21F09C
S2140352C0010105F8081C002125F8061C5A801A78E7
S2140352D061F300021A707FB3C3F107023A44C2F3C4
S2140352E0CF02DA80BA804EB3B34227D37288002A3D
S2140352F008BF1E46B8F1000F06D0434504D8B8F8D9
S2140353000220002A18BF43460098C4E9056308F044
S214035310D8FC002079E74FB115F8087C724427F0D3
S214035320020705F8087C00279F809CE763469AE7F8
S2140353300F46BBE70027BFE7DF80D4E71E46D9E763
S214035340222062E710B50446D6F746F82146BDE8A4
S2140353501040FFF743BFFFF7F5BF0846FFF732BF1E
S2140353600846FFF7F8BF0023036043607047F0B5B5
S214035370D0E90554561C08BF0822002B4FF0000046
S21403538008BF2C46DDF818C0CCF80000002C37D038
S2140353909DF814706588FF0007EBC505C2F1000E83
S2140353A02078C00708D51BBBE088A0B104EBC00477
S2140353B0658807EBC505F3E78D42F4D363B904F1BB
S2140353C00806B6FBF2F002FB106670180EB1A84290
S2140353D0EAD8CCF80040F0BD082A0FD06088013028
S2140353E004EBC000461A06EA0E06801B8542F0D27E
S2140353F0A0880028EFD0A4EBC004D9E70846E8E766
S2140354002046E8E703460069C0B10AB951B91A68ED
S21403541010460378DB0711D531B9C3885BB100EBBF
S214035420C300F6E79A69F3E7012904D1838823B119
S214035430A0EBC300EDE700207047184670472DE940
S214035440F041D0E90554074688461646ABB1954267
S21403545000D00ABB424600213846FFF7D3FFB442CA
S214035460054600D02EB9424601213846FFF7CAFF4B
S2140354700446C7E90554BDE8F081954208D08D423D
S21403548028BF0D46B44205D0444538BF4446F0E72E
S2140354900D46F7E74446ECE79442EAD1E3E770B5F6
S2140354A000261C46C3E90001C3E90266C3E90500FA
S2140354B01E611A775E62FFF756FF23690139C90832
S2140354C0013341802361A36830460833A360E36851
S2140354D00833E36070BD002307B5684600938DF874
S2140354E00430D4F779F903B05DF804FB10B508F07F
S2140354F0E0FB044606F040FD2046BDE8104008F0F9
S214035500D3BB70474FF4C870D5F7C6BFD6F778B885
S21403551000F01CB87047704708B503F07EF903F037
S21403552086F903F08DF903F09CF9BDE8084003F013
S214035530ABB9704708B503F06BF903F06AF903F0EB
S21403554069F903F069F9FFF7F4FF08BD08B503F03E
S2140355509CF903F09BF903F09BF9BDE8084003F0C0
S2140355609EB97047012070472DE9F34112F00105FB
S2140355700446884622D110F0030525D12F4652084B
S214035580BA4209D1D4F732F90026B74204EB8600B3
S21403559008D1D4F737F911E054F8273001330CD18A
S2140355A00137EDE7042258F826300DEB020101938C
S2140355B008F096FE30B1D4F725F93D25284602B00B
S2140355C0BDE8F0810136E0E70125F7E77047B0F163
S2140355D0006F0FD300F07843B3F1006F0CD000F0E8
S2140355E06040B0F1404F09D0B0F1604F14BF0420C3
S2140355F00320704700207047012070470220704741
S214035600002070471AB111B180B2D6F76DBA2120C7
S214035610704701F097BEDFF71DB9FFF78DBCD0E9E1
S214035620023253F8223000211878DEF765BD704742
S21403563002F0D8B901F018BEC3688268013BDBB23A
S21403564052F823305B78652B02D10020E1F7A4B82B
S2140356506E2B01D10120F9E7662B01D10220F5E775
S214035660704710B5D0E90232044653F82230187852
S21403567002F0A2FAE368A268013352F82330BDE8C9
S2140356801040187802F096BA10B50446C0B2D7F7A1
S214035690F9FB200ABDE81040D7F7F4BBD0E9023285
S2140356A053F822301878D7F7F5BC02F035BADFF78F
S2140356B071BD08B501F0F9FEBDE80840E0F75ABF32
S2140356C0D0E9023253F82230186801F0ECBE00200D
S2140356D0E1F756B80120E1F753B80221D7F770BCBB
S2140356E00321D7F76DBC0521D7F76ABC08B5014679
S2140356F00C20D7F741FCBDE80840D7F7CFBB08B569
S21403570001460020D7F738FCBDE80840D7F7C6BBEC
S21403571007B5C2688368043253F8223001211B8818
S2140357200DF10602ADF806300023D8F7CDF903B025
S2140357305DF804FB08B508F0C8FBBDE80840EDF7C4
S21403574033BB10B51446D8F7DBFC2146BDE8104042
S21403575008F0B6B808B5D8F7D3FCBDE80840002172
S21403576008F0AEB808B5D8F7CBFCBDE80840ECF7B0
S21403577031BE08B5D8F7C4FCBDE80840ECF716BE42
S2140357807047704708B508F0A0FBFFF7FAFF03F071
S214035790E0F8BDE80840D8F7FFBC70470120704723
S2140357A00120704708B5D8F793FD00280CBF0420E6
S2140357B0012008BD70472DE9F34104460D46164601
S2140357C01F46DDF8208008F018FC3B463246294683
S2140357D02046CDF8008003F0BDF83B463246294606
S2140357E02046CDF80080FFF7E5FF02B0BDE8F041A4
S2140357F001F0A8BD2DE9FF4704460D4616461F4691
S214035800BDF830809DF83490DDF838A008F0F5FB3D
S2140358103B46324629462046CDE9019ACDF800801C
S21403582001F041F804B0BDE8F04701F08BBDF8B5D0
S21403583004460D4616461F4608F0DFFB3B46324637
S21403584029462046DEF792F9044601F07BFD204602
S214035850F8BD70472DE9F34104460D4616461F462C
S214035860BDF8208008F0C9FB3B4632462946204651
S214035870CDF8008003F071F83346424629462046A9
S2140358800097FFF7E6FF02B0BDE8F04101F05ABD0E
S214035890704708B508F0B1FB03F060F8FFF7F8FFB0
S2140358A0BDE8084001F04EBD012070472DE9F743DF
S2140358B004460D4616461F469DF8289008F09DFBA5
S2140358C03B46324629462046CDF80090FFF7ECFFCC
S2140358D080463B46324629462046CDF8009003F0E4
S2140358E03EF801F02FFD404603B0BDE8F0830120EB
S2140358F070472DE9F74304460D4616461F469DF8A6
S214035900289008F07AFB3B46324629462046CDF8D7
S2140359100090FFF7ECFF80463B463246294620467A
S214035920CDF8009003F01CF801F00CFD404603B0E0
S214035930BDE8F083F8B504460D4616461F4608F044
S2140359405CFB3B4632462946204603F00AF8BDE890
S214035950F84001F0F7BC00207047F8B504460D4642
S214035960164608F04AFB324629462046FFF7F3FF61
S214035970074632462946204602F0F4FF01F0E2FCD1
S2140359803846F8BD38B504460D4608F036FB2946BA
S214035990204602F0E8FFBDE8384001F0D3BC70476C
S2140359A010B5044608F029FB204602F0DDFF20462A
S2140359B0FFF7F5FFBDE8104001F0C4BC704738B5EB
S2140359C004460D4608F019FB2946204602F0DBFF85
S2140359D029462046FFF7F2FFBDE8384001F0B2BC87
S2140359E0704770B504460D46164608F006FB324669
S2140359F02946204602F0C9FF324629462046FFF7CD
S214035A00EFFFBDE8704001F09DBC704738B5044613
S214035A100D4608F0F2FA2946204602F0B8FF29465A
S214035A202046FFF7F2FFBDE8384001F08BBC704715
S214035A302DE9F34104460D4616461F469DF8208081
S214035A4008F0DBFA3B46324629462046CDF800806E
S214035A5002F09FFF3B46324629462046CDF800809B
S214035A60FFF7E5FF02B0BDE8F04101F06BBC7047FD
S214035A7038B5054608F0C1FA284600F0E1FE0446AC
S214035A800146284601F0ACFF01F05CFC204638BD19
S214035A9038B504460D4602F07DFF29462046FFF73B
S214035AA0E6FF38BD704738B5054608F0A6FA28461F
S214035AB0DEF77CFE04460146284601F08FFF01F020
S214035AC041FC204638BD38B504460D4602F063FF58
S214035AD029462046FFF7E6FF38BD704710B5044653
S214035AE008F08BFA204602F057FF2046FFF7F5FF33
S214035AF0BDE8104001F026BC704738B504460D4695
S214035B0008F07BFA2946204602F047FF294620463E
S214035B10FFF7F2FFBDE8384001F014BC704770B5DC
S214035B2004460D46164608F068FA324629462046CD
S214035B3002F034FF324629462046FFF7EFFFBDE862
S214035B40704001F0FFBB704738B504460D4608F0B9
S214035B5054FA2946204602F022FF29462046FFF73C
S214035B60F2FFBDE8384001F0EDBB704738B5044698
S214035B700D4608F042FA2946204602F011FF294650
S214035B802046FFF7F2FFBDE8384001F0DBBB704765
S214035B9010B5044608F031FA204602F002FF20460C
S214035BA0FFF7F5FFBDE8104001F0CCBB704710B51A
S214035BB0044608F022FA204602F0F4FE2046FFF7D9
S214035BC0F5FFBDE8104001F0BDBB7047704770B5E8
S214035BD004460D46164608F010FA32462946204675
S214035BE002F0E3FE324629462046FFF7EFFFBDE804
S214035BF0704001F0A7BB704710B5044608F0FDF9E6
S214035C00204602F0D3FE2046FFF7F5FFBDE810401E
S214035C1001F098BB704738B504460D4608F0EDF919
S214035C202946204602F0C3FE29462046FFF7F2FF28
S214035C30BDE8384001F086BB7047F8B504460D460C
S214035C4016461F4608F0D9F93B46324629462046F3
S214035C5002F0AFFE3B46324629462046FFF7ECFFEE
S214035C60BDE8F84001F06EBB704770B504460D46BC
S214035C70164608F0C2F932462946204602F09AFE36
S214035C80324629462046FFF7EFFFBDE8704001F095
S214035C9059BB70472DE9F34104460D4616461F4689
S214035CA0DDF8208008F0A9F93B463246294620460F
S214035CB0CDF8008002F07FFE3B463246294620465A
S214035CC0CDF80080FFF7E5FF02B0BDE8F04101F034
S214035CD039BB0E2070470E20704738B5044608F0CF
S214035CE08CF92046FFF7F7FF0546204602F064FED0
S214035CF02046FFF7EEFF01F025FB284638BD704728
S214035D0010B5044608F079F9204602F056FE204600
S214035D10FFF7F5FFBDE8104001F014BB0020704705
S214035D200020704738B5044608F067F92046FFF7A9
S214035D30F7FF0546204602F041FE2046FFF7EEFF3A
S214035D4001F000FB284638BD704708B508F055F942
S214035D5002F035FEFFF7F8FFBDE8084001F0F2BA9F
S214035D60002070477047704708B5D8F783FB0028B4
S214035D700CBF0420012008BD70470B68DA7B1AB9F4
S214035D80DB7C0BB9D8F79ABB8120704708B5D8F7E8
S214035D90ADFBBDE80840D8F7B7BB7047D8F7A6BB3E
S214035DA0D8F7B2BB082808D84FF48B73C34013F058
S214035DB0010F0CBF212000207047212070470121CE
S214035DC0D8F794BC0221D8F791BC0421D8F78EBC2F
S214035DD00821D8F78BBC1021D8F788BC0120704760
S214035DE0D0E9023253F822301878D8F72BBE086869
S214035DF0C37B1BB9C37C0BB9D8F754BE812070474D
S214035E00D0E9023253F822301878D8F78DBE70479F
S214035E1030B50546044615F8100B85B0029565693E
S214035E201D44CDE900250B46A21D618801F038FE0E
S214035E3005B030BD704710B492F80A4192F80531A8
S214035E4003EB04230B8100235DF8044B1A4601F091
S214035E5025BE1FB50446084671B12178FF290BD02D
S214035E60238B029363690193237C00936288A31DAB
S214035E70DEF7B8FCFF23237004B010BD0868C37BAD
S214035E8073B9C37C032B0BD8DFE803F002080406C0
S214035E90D9F74AB9D9F77AB9D9F7AAB9D9F758B910
S214035EA0812070477047704700207047137810B5FD
S214035EB0032B0CD15479CBB29C4208D19379B3EB24
S214035EC0112F04D153781B1A5842584110BD002095
S214035ED0FCE77FB505460E4600246946E0B201F0AE
S214035EE085FD28B96A4631462846FFF7DFFF18B90D
S214035EF00134202CF1D1002004B070BDFFF7E9BFB8
S214035F000868C37B9BB9C37C052B10D8DFE803F076
S214035F10030D070B0905D9F70FBAD9F74BBCD9F709
S214035F20A5BAD9F7F7BBD9F775BBD9F747BA812016
S214035F3070470020704730B5102587B001AA0021AE
S214035F400195FEF708FC04462A46002102A8E4F75A
S214035F5001F82A46214602A8E4F74EF8012102A8D2
S214035F60D9F706FE07B030BDD9F794BD7047FFF7E3
S214035F70FDBF0B68DA7B5AB9DB7C012B04D0022BFE
S214035F8004D02BB9DAF718BADAF722BADAF72CBA4A
S214035F9081207047002307B5012101A80193D0F79C
S214035FA04FFE08B9D0F788FC012003B05DF804FB68
S214035FB008B502F070FA052803D0003818BF012090
S214035FC008BD0220FCE77047D0E9023253F82230BE
S214035FD01878003818BF0120DBF786BDDBF78ABDCB
S214035FE000207047002070477047FF207047FF204F
S214035FF070470020704700207047002070477047A6
S21403600006207047DBF72EB80868DBF707BD70B5C8
S2140360100D46044600212846164601F078F9324616
S21403602020800221284601F072F93246608004215E
S214036030284601F069F90023A360E3606060082046
S21403604070BD034641B181424FF0640005D9434316
S214036050B3FBF1F0C0B2704708467047DBF758BD94
S214036060DCF74EBBDCF756BCB0F5807F05D0A0F559
S214036070007358425841400170470820704730B5B6
S21403608099B00D4669461446DCF7A8FB30B915B13E
S214036090BDF802302B600CB10D9B236019B030BDE8
S2140360A02DE9F04788B00E46904604A905AA074690
S2140360B01D46FFF7E4FF044638BB28800DF10C09A4
S2140360C0DDE904A39A4520D2062251463846CDF888
S2140360D0009006ABDCF79EFBD8B9039B062B18D1C2
S2140360E02A88DDF81A3042450ED2BDF8181026F875
S2140360F032102A8806EBC20253602A8853440132C0
S21403610006332A800493DBE7F7D9204608B0BDE8B8
S214036110F0870124F9E72DE9F0438FB00F46904648
S21403612001A9002204469946FFF7A9FF18B10120EA
S2140361300FB0BDE8F083062220460DF1020302A944
S214036140FFF7AEFF0028F2D105460246BDF802105F
S214036150019CEEB28E42EAD20EAB03EBC60656F8AD
S2140361602C3C36F8306C0634BE4217BFE4180122C6
S21403617013460022013522B1C8F80040C9F80030A2
S214036180D6E71A46E5E770B50024012602F05DF966
S214036190E5B2C26806FA05F59542234604F1010402
S2140361A0F4D3D8B270BD70B586B0DCF765F900F1EC
S2140361B01006E1F759FD00240546142201A93019FB
S2140361C002F04AF91CB99DF80430FF2B16D00023C1
S2140361D003F118026A4412F8142CFF2A06D11C4451
S2140361E0601E90FBF5F080B206B070BD2B44DBB2A8
S2140361F0132BEDD91434B4F5826FDED14FF0FF3094
S214036200F2E7DBF76FBF07B504220DEB020102F0DE
S21403621023F9019803B05DF804FB37B50546084635
S2140362200C46FFF7F0FFA84206D0042220460DEBEB
S21403623002010195E1F76AFD03B030BD07B50B46D1
S2140362400092002102460120DBF7DEFF03B05DF873
S21403625004FB08B50121DBF70FFFBDE80840E1F7B3
S21403626001BFDCF74DBA08B5FFF7F3FF002008BD02
S21403627008B513460A4601461846DCF759F880F077
S2140362800100C0B208BD00207047704708B1DCF7B4
S21403629057BB704730B4DDE902451DB1029430BCEC
S2140362A000F0C6B930BC70471F2804D8142200F586
S2140362B0A030D5F7E3BC70471F2804D8142200F596
S2140362C0A030D5F707BD7047152808B505D1FFF7E9
S2140362D0DCFFBDE80840DCF779BC08BD10B5142424
S2140362E086B02246002101A8E3F734FE2023224687
S2140362F001A94FF4A03001F097FC06B010BD0020B2
S214036300704713B500230C461A460146CDE9003301
S214036310E0B2DDF71FFA02B010BD13B50023144632
S214036320019001220093E0B2DDF714FA02B010BD2B
S214036330D0E9023253F822301868DDF783BB1944DC
S21403634091420ADC4218002003B9704712F8011D77
S214036350013B01EB0020DBB2F6E7002070472DE996
S214036360F04F4FF0000A85B0019381460F4615465D
S2140363705346019A11785FFA8AF2914203D80020B5
S21403638005B0BDE8F08F019909EB050801EB420261
S214036390517892F802B011F04004009101F03F06E4
S2140363A01BD0AC19BC42D4BF00240124334664007E
S2140363B0A20740F18880009B1B0640F192800E9B4B
S2140363C0324603EB0B000021E3F7C4FD3D460023F2
S2140363D01D44ADB20AF1010ACBE7042E07D866B115
S2140363E0B31E022B0BD8DFE803F0122130003E2E3B
S2140363F037D03F2E5BD03D2E4BD00320C0E7BD42A7
S21403640034BF00240124012664003346D0E7AB1CC6
S214036410BB4250DC02233A4629464846FFF78FFF25
S214036420ADF80A0002230DF10A08C1E7EB1CBB42D4
S21403643043DC03233A4629464846FFF780FF03908A
S214036440042603230DF10C08B2E72B1DBB4236DCF2
S21403645004233A4629464846FFF771FF0390042370
S214036460F0E77A1E95422CDA02233A462946484636
S214036470FFF765FF4FF6FF7380B298420EBF022305
S214036480023083B25C19A742B4BF03240124042656
S2140364908EE7BD4215D298F80030FF2B0CBF0123C0
S2140364A00133EC18BC42CCBF03240124EFE70124DC
S2140364B0042600237CE73446B4E70224C0E702241C
S2140364C0CDE70324E3E70E9A02EB0B0014B142F880
S2140364D00B807DE7324641460093E3F7CBFE009BF5
S2140364E076E702204CE710B5144686B018811A46A4
S2140364F00A9B0291CDE9034301230193099B0146BD
S21403650000930320BDF82030DDF7BAFB06B010BDBC
S2140365101FB500240294079C0194BDF8184000940C
S214036520FFF7E1FF04B010BD2DE9F0410E46174614
S214036530054686B098B391B38AB34FF0000802A914
S2140365405FFA88F001F052FA044640B99DF8083025
S214036550032B08D008F10108B8F1200FEFD120462D
S21403656006B0BDE8F0819DF809202B799A42F1D157
S214036570BDF80A206B889A42ECD19DF80C30BDF822
S2140365800D006B7128812B4622464FF6FF71CDE92D
S2140365900067FFF7BDFF0028DCD00446DFE72124B1
S2140365A0DDE710B586B00A9C04949DF82440039456
S2140365B0BDF8204002940124CDE9003413460A4670
S2140365C001460620DDF75CFB06B010BD1FB504468A
S2140365D00846194600230094CDE90123079BBDF81E
S2140365E01820FFF7DEFF04B010BDF0B502280546FD
S2140365F00E4614461F468BB00AD106A9F0B201F028
S214036600F5F998B99DF8193023719DF81C3063711C
S214036610119B224604930023CDE902330193109B7A
S2140366203146009328463B46DDF72AFB0BB0F0BD08
S21403663013B500240194049C0094FFF7D6FF02B020
S21403664010BD2DE9F0450646884614469A460027AF
S21403665001258BB006A9F8B201F0C8F920BB9DF856
S2140366601830012B19D19DF8192033799A4214D189
S214036670BDF81A2073889A420FD19DF81C30324613
S2140366807371B9B2CDE9030ACDE90100434602208E
S2140366900094DDF7F5FA054610B90137202FD9D156
S2140366A028460BB0BDE8F0850546F9E70023FFF75B
S2140366B0C8BF10B50446DEF7C1F80021631E04F117
S2140366C00F0213F8010FFF2808BF19709342F8D181
S2140366D00023237410BD0020704770B506461D4680
S2140366E0DDF720FF044608B9212070BD3046DEF7EB
S2140366F0E7F90028F8D0A0682A46FF21FFF721F81B
S2140367009DF81030002063719DF81430A371ECE7F8
S21403671013B59DF81040CDE9003413460122FFF768
S214036720DCFF02B010BD08B5DDF7FCFE28B18068BB
S214036730FF21FFF717F8002008BD2120FCE7012200
S214036740FFF7F1BF1FB50B466A460146184601F030
S21403675043F96A460823002032F8021B013B13F074
S214036760FF0380EA0100F7D1012838BF012080B279
S21403677005B05DF804FB2DE9F04F87B0DDE9109B0B
S21403678005468846484619461F461446BDF84860DF
S2140367909DF84CA0FFF7D6FF042D0346ABF8000088
S2140367A01AD8022D1DD9042D07D04FF2F222A18844
S2140367B0914222D1E28891071FD5E17A0022CDE9E2
S2140367C0013720463346CDE90392CDF800A001F009
S2140367D058F907B0BDE8F08F6A1F012A11D92120A6
S2140367E0F7E700224146CDE9119228462246109744
S2140367F007B0BDE8F04F01F053B94FF6FF760C2112
S214036800DCE7052D0ED10023E17A0022CDE901371E
S214036810CDE903920091234652464146304601F0A5
S21403682023F9D6E74FF2F222A188914204D1E288F7
S214036830920701D5E17AE8E74FF6FF760C21E4E705
S214036840F0B585B00546DDF72DFB48B16B88B3F58B
S214036850006F05D1681D05B0BDE8F04000F0EFBC41
S214036860284600F005FD0446C8B9E7B2694638462F
S21403687001F0BCF878B99DF8006066B92946384639
S21403688001F0B8F820B140F60443984207D08C26AE
S214036890304605B0F0BD0134202CE6D1F7E78D264F
S2140368A0F6E7DDF7E5BC2DE9FF4704460D4601464E
S2140368B0184617461E46BDF830809DF83490DDF81E
S2140368C038A0D8F771FAD0B92146284601F038F92E
S2140368D033463A4629462046CDE9019ACDF800804C
S2140368E0DDF76AFD33463A4629462046CDE90D9A3A
S2140368F0CDF8308004B0BDE8F04702F02DB804B000
S214036900BDE8F087DDF702BFDDF7BABEDDF7DEBE12
S21403691010B5044601F020F9082201462046BDE8DA
S2140369201040E3F769BB01F019B9002101F016B96D
S21403693001F028B90020704720207047EBF7F4B920
S214036940EBF73EBAEDF7E0BE7047DEF72BB870B54F
S21403695006460C46154600F04CF850B13CB135B12E
S214036960204600F0DAFC013080B2A84200D90020AD
S21403697070BD304600F043F840B1002CF7D0012D2F
S214036980F5D9204600F0CEFC0230EDE73046DDF7C1
S21403699069FFEAE7F8B5BDF8185010B3967855B90D
S2140369A0D478A6F14107012F07D8621ED2B200F0B1
S2140369B0D3FD0020F8BD2C46F3E7433E012E04D852
S2140369C0A21E92B200F0E0FDF3E7D27813B90DB140
S2140369D0AA4206D811B9E3F7BDFAEAE7E3F70CFBD8
S2140369E0E7E78920E6E7413803288CBF002001202B
S2140369F07047413801288CBF002001207047433878
S214036A0001288CBF0020012070470020704700201B
S214036A1070470388B3F57C4F01D3FFF7F8BF0846EA
S214036A20FFF7F3BF10B54A880488A2420DD1037B53
S214036A300C79234009D0B2F57C4F08D3FFF7E7FF64
S214036A400B891B1A5842584110BD0020FCE7012051
S214036A50FAE738B50D88D488A5420AD10388B3F57A
S214036A607C4F08D2FFF7D5FF13891B1A58425841AB
S214036A7038BD0020FCE70120FAE72DE9F04715466C
S214036A800446B8B149B1EAB100264FF0140AB0463D
S214036A9090F80490F3B2994501D800240AE02768D9
S214036AA00AFB06773846FFF7BDFF013628B13C469A
S214036AB0A5F800802046BDE8F0877B8943441FFA8B
S214036AC083F8E7E71446F5E72DE9F0470E46154643
S214036AD00446B8B149B112B300274FF00C0AB846C2
S214036AE0B0F80890BBB2994501D800240AE0636861
S214036AF0324620460AFB0731FFF7ABFF28B10C46A8
S214036B00A5F800802046BDE8F0870B79013713F01F
S214036B10300F02BFCB7843441FFA83F8E2E71446EC
S214036B20F0E72DE9F04186B00D461446984604AAD0
S214036B3005AB03A90646DDF76BFF40B30DB1049B17
S214036B402B6034B3049D03982946FFF762FF2B8816
S214036B50074602467188307800F050FBD8B1297991
S214036B6011F010030BD0EB782A46CDE900433B46E1
S214036B7071883078FCF78EFC06B0BDE8F0812A46B3
S214036B8020460599CDF80080FFF704FFF4E786203A
S214036B90F2E72046F0E77E20EEE71FB51C4600230B
S214036BA0ADF80A20BDF818208DF80400ADF80610DD
S214036BB0ADF80C2069461A4601A800938DF80840E4
S214036BC0FFF7AFFF009804B010BDF0B587B00E46D0
S214036BD005AB04AA03A90446DDF71AFF08B3049D10
S214036BE003982946FFF715FF2B8807460246618858
S214036BF0207800F005FBB0B1297911F0100108D018
S214036C0000963B462A4661882078CFF73BF807B0C4
S214036C10F0BD009101232A4631460598FFF7BAFED8
S214036C20F5E78620F3E77E20F1E72DE9F0410646F7
S214036C3000254FF014080779E8B2874201D80024EC
S214036C401AE008FB05F0D6F800C00CEB00043CF88D
S214036C50000081421AD132B1802A10D194F90CC0B7
S214036C60BCF1000F12DAB0F57C4F05D32046FFF7D0
S214036C70CEFE834200D04BB92046BDE8F081402AC1
S214036C8004D194F80CC01CF0400FECD10135D3E7C7
S214036C900121DDF7F9BD08B513460022DDF722FF13
S214036CA0003818BF012008BD08B513464022DDF79B
S214036CB019FF003818BF012008BD08B51346802207
S214036CC0DDF710FF003818BF012008BD08B54022C5
S214036CD00023DDF707FF003818BF012008BD08B5FD
S214036CE080220023DDF7FEFE003818BF012008BD12
S214036CF00023DDF7F7BE0021DDF764BF10B50446B9
S214036D000121DDF75FFF2046BDE8104001F058BEC5
S214036D107047F8B516461F469DF81820BDF81C3078
S214036D200546DDF7DFFE78B10421DDF7C9FF04462B
S214036D3050B1284600F012FB3A4631462846A04793
S214036D40BDE8F84000F0FEBAF8BD2DE9F74F1E4641
S214036D50DDE90C9B074688461446BDF838302AB34F
S214036D60B9F1000F22D00EB392F804A099F80020D0
S214036D70504612F0080F0CBF802240226188DDF7D0
S214036D80B1FE98B10821DDF79BFF054670B150466A
S214036D9000F0E4FA3346224641463846CDE9009BE6
S214036DA0A84703B0BDE8F04F00F0CCBA03B0BDE887
S214036DB0F08FF8B5BDF8187016461A463B460446DB
S214036DC0DDF790FEE0B177B90221DDF779FF0546DE
S214036DD0B0B1204600F0C2FA31462046A847BDE8C7
S214036DE0F84000F0AFBA1021DDF76AFF054638B168
S214036DF0204600F0B3FA3A4631462046A847EEE767
S214036E00F8BD73B5BDF8184016461A462346054620
S214036E10DDF768FEB8B1C4B92021DDF751FF04469B
S214036E2070B1284600F09AFA099B3146009328462B
S214036E309DF820309DF81C20A047044600F082FAF7
S214036E40204602B070BD8624FAE70024F8E72DE951
S214036E50F04186680446007800F080FA002514277F
S214036E603279EBB29A4203D8BDE8F04100F06ABA31
S214036E707B4332682078D15A02EB030800F0C2F94C
S214036E8001214046DDF71CFF034608B120789847EA
S214036E900135E5E72DE9F04F1C4689B09DF84C30E7
S214036EA0BDF8488001939DF85030924602932246DF
S214036EB0434607460D46DDF715FE8DF81470064665
S214036EC0ADF816508DF81840ADF81AA0ADF81C8032
S214036ED018B9012009B0BDE8F08F05A9FFF7A2FD98
S214036EE00028F6D000252F46A8462C4634E00C236F
S214036EF01FFA85F903FB09F931887368B1F57C4FEE
S214036F0033F8092003EB090B1AD333F8090050456D
S214036F102CD3019BA3422DD900F0BCF99BF80200A9
S214036F20DEF77AFB029B43B19BF8043013F0010FA4
S214036F300CBF05200720DEF76FFB0134A4B219E06F
S214036F40ADF81A205946304605AA0393FFF781FD8C
S214036F50039B0028D9D101353289ABB29A42C6D8F1
S214036F6004EB0800C31B58425841B3E708F1010875
S214036F701FFA88F80137BFB2EDE710B5012488B0D1
S214036F8006949DF83C4005949DF8384004949DF87B
S214036F90344003949DF8304002940B9C0194BDF852
S214036FA028400094DDF7D0FF08B010BD2DE9F04768
S214036FB086B0BDF83880DDF83C909DF840A0CDF84B
S214036FC00080CDE9019A04460D4616461F4600F09A
S214036FD013F9B8B1431EDBB2012B10D800230122EC
S214036FE0811E48424841CDE90432CDE902A03B4622
S214036FF0324629462046CDE90089FFF7BEFF06B094
S214037000BDE8F0870120FAE730B50024012587B0F4
S214037010CDE9044503959DF82C5002950A9DCDE9CC
S2140370200045FFF7AAFF07B030BD30B500240125A1
S21403703087B0CDE9044503959DF828500094CDE923
S21403704001354023FFF799FF07B030BD10B5012483
S21403705086B0CDE90444002403949DF828400294A6
S214037060099C0194BDF820400094FFF786FF06B004
S21403707010BD1FB5089C03949DF81C400294069C03
S214037080019400240094DEF75BF804B010BD70474B
S2140370902DE9F84F0229074688460C9D04D84FF081
S2140370A0000A5046BDE8F88F1BB10429F7D942F011
S2140370B004023A702BB303247B701B0ABB70DFF702
S2140370C055FB4FF000099DF82830385504F1020AA5
S2140370D001343B550B9A5FFA89F3D45C002CE0D05D
S2140370E0732C10D82E464C2C56F804BB3DD0532C8C
S2140370F015D0622C45D1AC8805F1080600231A4644
S21403710016E00124DBE7A4F17503032BC7D8763C0E
S2140371102E1D022C52D8DFE804F0565A58006A682F
S21403712005F1080694B2D2B2B2F1FF0318BF0123E9
S2140371300AEB040119448845B1DB50461946002979
S21403714047D153441FFA83FA5CB1BBF1000FA6D0B4
S214037150224607EB0A005946E3F78CF854441FFA15
S21403716084FA354609F10109B4E74FF6FF736A68F6
S21403717005F1080694B222469C4214BF022300235C
S214037180D6E76C2C05D1584600F0CCF8841CA4B284
S214037190B4E7732C04D1584600F0BFF8441CF6E756
S2140371A0A4F13003DAB2092A01D89CB2A6E7A4F107
S2140371B04103062B3FF673AF373CE8E70123002471
S2140371C02A68A346B4E70223F9E70323F7E7042371
S2140371D0F5E700F1010C01393A54C9B2120A1FFA55
S2140371E08CF0ACE70020DEF79FB90022DEF7BCB9CF
S2140371F00023DEF7CFB970470120704701207047A0
S2140372000120704770470020704700207047002019
S2140372107047002070470020704700207047704773
S2140372200E207047002070470020704700207047EC
S214037230002070477047FF2070470E207047842059
S2140372407047704770470020704700207047002043
S21403725070470020704700207047002070470020CA
S21403726070470020704770470E2070470020704715
S214037270002070477047002070477047704770477C
S21403728070470E2070477047002070478120704774
S2140372907047704738B50546C0B2DEF7BDF90446F9
S2140372A0280ADEF7B9F914B1002808BF00242046DF
S2140372B038BDF8B50546C0B2DEF7AEF90446C5F3E9
S2140372C00720DEF7A9F90746C5F30740DEF7A4F95A
S2140372D00646280EDEF7A0F924B12FB136B10028F2
S2140372E008BF00242046F8BD3C46FBE73446F9E7D2
S2140372F010B4CC18944203DC5DF8044BFFF71FB8B8
S21403730000205DF8044B70470423FFF7F1BF08B570
S2140373100223FFF7EDFF80B208BD0078FF2808BF01
S2140373200020704708B502220021FFF7F0FF4FF652
S214037330FF73984208BF002008BD003818BF01201D
S214037340400070470020704708B5FFF7A1FCFF28F0
S2140373504FF0FF3018BF0020C0B208BD08B5FFF7D6
S214037360F3FFFF280CBF2120002008BDF8B5064612
S2140373700C4615461F4600F011F810B12544AC42E2
S21403738000D1F8BD3946304614F8012BDEF736FA3D
S214037390F5E7014600220220DEF7C0B90120704758
S2140373A037B50546DCF74AFC044601950CB981203F
S2140373B01CE0237823B12046DCF748FC0446F5E7B7
S2140373C02B6862685B889A42F5D1A368EA7B99B218
S2140373D072B12A8A9142EED16A7DB2EB134FEAD19B
S2140373E00020E36801A998478128E4D003B030BDA4
S2140373F04FF6FF72EEE72DE9F84304460F46904634
S21403740099460BB3012A1FD80C20E2F7A9FF0646BC
S21403741010B91920BDE8F8831020E2F7A1FF18B9C8
S2140374203046E2F7A5FFF4E70123002547EA0847BD
S21403743070600570C0F80C904460876033803046F7
S214037440DCF7F4FB2846E5E72120E3E738B50446F6
S214037450436808460D469847B4F90830002B02DB0C
S2140374602B78042B06D1002320466360BDE8384002
S214037470DEF756BD38BD30B54FF48A5587B0ADF844
S21403748016200DF116041A46029543B10023012275
S214037490CDE90033234600F01EFA07B030BD019451
S2140374A001240094F7E7FFF7EBBEFFF7BBBE00200F
S2140374B0704708B500F014FB20B900F05BFB08B971
S2140374C0DBF752FDFFF7CFFEBDE80840FFF7DBBE54
S2140374D00020DFF78DB90021DFF72ABA0022DFF795
S2140374E0E9B91FB5D2880B4612F0200F4FF6FD718F
S2140374F014BF49245224ADF80610510544BF083C76
S214037500E4B2110544BF083CE4B2120444BF023C93
S214037510E4B2032805D8DFE800F0020F161CADF826
S2140375200630BDF80600FFF786FEFF281CBF241AA8
S214037530E4B2204604B010BD02AA0DF10601D8B28B
S21403754000F08CFAEDE7D8B200F052FAADF8060078
S214037550E7E7013CE4B2E4E7F8B5064617460D460E
S21403756081B10C78FF2C0BD00846FFF7D6FEB84245
S21403757028BF3846C4B22246691C701CE2F73CFD9D
S2140375803470F8BD0C46FBE770B5044615460E4648
S21403759011B94170017070BD0B78FF2B05D14B7884
S2140375A0FF2B02D103704370F5E73046FFF7BAFEB0
S2140375B0A84228BF284685B22A46B11CA01CE2F77B
S2140375C01BFD25702D0A6570E5E7F0B523B9013A72
S2140375D0531C2FD1002020E0042AFBD800231C468E
S2140375E0551E6E1C1AD1042A10D00121D200501E3B
S2140375F001FA00F020421EBF914049420C43184254
S2140376001EBF4FF0FF3101FA02F213439C421EDC09
S214037610B4BF4FF0FF30002040B2F0BD40B1465D2E
S214037620EF00BE4034434E5D013DBE403343D8E7D2
S2140376300646F5E78C5C38B90346A34202F1FF32EF
S214037640C6D24FF0FF30E8E7835CA342F5D90120AA
S214037650E3E7283807288CBF0020012070471D2841
S21403766010D004D840B11C2804D0552070471E38CB
S2140376700128FAD81A2901E00B390F298CBF5520A7
S214037680002070470829F9E7002000217047F7B566
S2140376909DF820400546082C104619469DF82460A0
S2140376A036D8002213462C44AC4208D106F0FD041B
S2140376B0382C0ED10096FFF7E7FF03B0F0BD14F8A1
S2140376C0017D1B0243EA12631202BA1843F1000358
S2140376D0EAE7392E10D107EE100A07EE902AB4EE29
S2140376E0E77AF1EE10FACCBF77EE677A77EEC77AD1
S2140376F0002117EE900AE0E7824273EB010403D2FF
S214037700801A61EB0301D8E7101A63EB0101D4E793
S21403771000200146D1E738B5C36814461944836888
S21403772053F821501AB12846E2F710FB207028467A
S21403773038BD2DE9F3411C4616460DF107029DF8A8
S2140377402050FFF7E8FF9DF807308046A34288BF26
S2140377508DF807409DF807700DB1E41BE5B22A4685
S21403776000213046E2F7F6FB3A4641467019E2F747
S21403777043FC384602B0BDE8F0812DE9F3411D46CF
S214037780164601AA9DF82040FCF7E5FF019B8046BC
S2140377909D4238BF0195019F04B1EC1B2246002190
S2140377A03046E2F7D7FB3A4641463019E2F724FC67
S2140377B0F8B202B0BDE8F08173B50024154601AAFD
S2140377C01E460194FCF7C7FF019B072B0AD92146E7
S2140377D0CCB216B1C4F10704E4B2425C0131082905
S2140377E02A55F5D1D8B202B070BD1FB5030A8DF87D
S2140377F00E300323009303AB8DF80D0000F0BBF8A7
S21403780005B05DF804FB1FB58DF80F100421030ABD
S2140378108DF80E30009103AB8DF80D0000F0ABF839
S21403782005B05DF804FBF0B589B016689DF83C50CA
S214037830CDF809608DF811305668BDF83830012D43
S214037840109FBDF84440CDF80D60ADF812308DF8AA
S214037850145014D0032D19D13B68CDF815307B682E
S214037860CDF819309DF848308DF81D301623009357
S214037870BDF84C2002AB00F07EF809B0F0BD8DF8E1
S2140378801540240A0F238DF81640F0E70120F4E78D
S2140378901FB50446084611461A4602238DF80D10F6
S2140378A00093214603AB00F066F804B010BD10B594
S2140378B014461A460B6886B0CDF80D304B68342153
S2140378C0CDF811300A23009303AB8DF8154000F072
S2140378D052F806B010BD2DE9F041B6B014461D4669
S2140378E006460F469DF8F080DFF746FA03AA8DF8A2
S2140378F00C001046330A8DF80F703F0A8DF80E30D1
S2140379008DF80D602B468DF810708DF8114005EB41
S2140379104405AB4202F102021FD16200D2B2931DAC
S214037920DBB23D99D8336B44073203F8CC8C01EBBA
S2140379304805D3B250FA82F2A94202F1020212D1EA
S21403794003EB4803009006213046BDF8F820DBB26F
S214037950DFF71CFA36B0BDE8F08133F8021B11716D
S214037960090A5171D5E731F8024B02F8024C240A92
S21403797002F8014CE0E72DE9F0411C4605460E46A9
S21403798017469DF81880DFF7F7F9207043463A4606
S214037990314628460694BDE8F041DFF7F7B90020E4
S2140379A070477047D3F7D4BC08B5E9F7BBFC00288B
S2140379B040F6124018BF002008BD70477047704756
S2140379C0704770477047704700207047704770478E
S2140379D0002070477047704702F066BFFEF773B823
S2140379E0FEF756B803F0D7BAF5F7FABC03F0C4BAF5
S2140379F0F5F7B4BCF5F71CBDF5F7D6BCFEF735B9FD
S214037A00FEF71BB910B49DF8044001945DF8044BCF
S214037A10FEF70EB8FEF762B8FEF76FB8F1F79EBB37
S214037A20F1F7A2BBEEF70EBFEEF712BFEAF796BD6D
S214037A30FEF7AEB8FEF773B8FDF7BDBEFEF796B811
S214037A40FEF782B830B4BDF808409DF80C50CDE977
S214037A50024530BCFDF7CEBEFDF76CBFF5F75ABE48
S214037A60DFF7E4B9F5F720BF70B49DF80C40BDF816
S214037A7010509DF814600394CDE9045670BCF2F7D9
S214037A8087BB70B49DF80C40BDF810509DF8146089
S214037A900394CDE9045670BCF2F7BABBF2F7A4BC64
S214037AA010B49DF8044001945DF8044BF2F7F4BB60
S214037AB010B49DF8044001945DF8044B01F0BABF7E
S214037AC001F0BABFFDF77BBFFDF78BBFFEF718B912
S214037AD0FDF79CBFEDF7C8B9EEF720B9EEF7F2B89D
S214037AE0ECF7ECBD02F051BBEDF7A4BB02F0A7BB6D
S214037AF0EDF730BDEDF794B8EEF716B9EEF792B89A
S214037B00EEF7AEB8EBF756BCFEF7C4B8FEF75FB8B1
S214037B10FEF772B8FEF77FB800F036BC00F02FBC55
S214037B20F4F718BCF2F764B9F4F7F2BBF4F718BD30
S214037B30F2F72EB9EAF7FEBCF3F7B8BDFFF732BF8C
S214037B40FBF7D6B8FEF701B9FDF72ABFFEF72FB845
S214037B5001F020BDDFF7C8B8EBF714BAEAF7BEBDED
S214037B6001F0DCBF01F0B3BFEAF70CBEEBF75AB97E
S214037B70EBF784B9EAF77ABDDFF7D2B8DFF7E4B8F4
S214037B80DFF7BCB8EAF71ABDDFF7C2B8F6F720BDD1
S214037B9001F09BBF01F062BFEAF716BDEBF7DCB955
S214037BA0EAF76CBD10B4BDF8044001945DF8044BCD
S214037BB0FDF750BEDFF764B9DFF756B9F6F7A8BA94
S214037BC0F6F7E0BC03F0FABA03F000BBF6F718BB0F
S214037BD0F6F7F8BC00F06DB900F0ABB900F0D3B916
S214037BE000F0B9BA00F029BB00F092BADFF760BE26
S214037BF000F0F0B900F01DBA00F030B810B51C461E
S214037C0001F0ECFD06F032FA0023C0F340202370A7
S214037C10400010BD002208B50B461146FFF7EEFFE5
S214037C20023818BF012008BD002070477047B1FA1C
S214037C3081F0400970470120704770477047002065
S214037C40704770470020704770470E20704701202A
S214037C5070477047012070470120704714220021A7
S214037C60E2F778B9704770B505460C468AB0252208
S214037C7000210DF10300E2F76DF96B68CDF81D30B6
S214037C80AB68CDF82130234601AC03F1100622463B
S214037C9018685968083303C2B3421446F7D1012360
S214037CA06A7B8DF8023012F0040F0CBF4FF480731A
S214037CB04FF4A073110748BF43F48063ADF8003058
S214037CC0930748BFBDF80030684644BF43F0080337
S214037CD0ADF80030F1F764FD0AB070BD30B5427BF5
S214037CE00D46D10704468BB007D5407801A9F1F7B6
S214037CF0C1FDD8B12D200BB030BD9307FAD5C2F322
S214037D00800310074FEA8313ADF8023044BF43F4F1
S214037D108063ADF80230BDF80220201D0AB10DF1D4
S214037D20020201A902F0DDFD0028E3D001AB03CB7C
S214037D309DF81430A1602373BDF8103060605906B7
S214037D4042BF627B42F0040262735A0542BF627B03
S214037D5042F0080262731B0742BF637B43F00203D1
S214037D6063732B4606AC0AAD224603CAAA421860C2
S214037D705960144603F10803F6D10020BBE7F0B5BB
S214037D8004460D4693B0252200210DF12300E2F7A9
S214037D90E1F8636804F1040CCDF83D30A36809AE3E
S214037DA0CDF841302B4605F110073246186859685E
S214037DB0083303C2BB421646F7D105238DF822309B
S214037DC0637B5B0103F40073ADF820306378FF2B0D
S214037DD01AD1002360461A4601A900F0D9F99DF886
S214037DE00530FF2B0DD1002301A91A46184600F0D3
S214037DF0CFF99DF80530FF2B03D11C26304613B070
S214037E00F0BD9DF8053063700020617808AA00F085
S214037E10B4FA06460028F1D1607801A900F03EFACC
S214037E202B4603AD2A4618685968083303C2BB427B
S214037E301546F7D1637B6078DB0648BF9DF81C3098
S214037E4001A944BF63F07F038DF81C3000F03DFAB0
S214037E50D4E710B504468AB02422002101A8E2F72D
S214037E6079F8637B590744BF4022ADF810201A0700
S214037E7042BFBDF8102042F48062ADF81020DB0745
S214037E800FD5607801A9F1F7F5FC10B12D200AB0E3
S214037E9010BD01AB03CB637B606043F00203A160BC
S214037EA0637304A9201D02F01EFD0028EED00020F7
S214037EB0EDE71FB5694600F066F8002818BF2D20C9
S214037EC005B05DF804FB73B50D4614460646DFF7AA
S214037ED017F96B881A071AD522463146102002F086
S214037EE0E3FC2046DFF70CF96B88D90717D5002388
S214037EF0224601210DF107008DF80730DFF7D2FB8C
S214037F006B88002B0CBF2120002002B070BDDE065C
S214037F10EAD522460821281DDFF7C4FBE1E79A07C6
S214037F2001D50223E4E75B07EAD50323E0E70F2046
S214037F3070471FB50C46694600F025F81022214607
S214037F406846E2F753FBB0FA80F0400904B010BD70
S214037F50B8B1B1B14388A3B90378013B082B10D855
S214037F60DFE803F00507090B0F0F0F0F0D00DFF710
S214037F709BBADFF7F5BAFFF776BEFFF700BFDFF76A
S214037F8083BC2120704738B50D4609B300B3037888
S214037F90013B082B1AD8DFE803F0050D1013191957
S214037FA019191600DFF7B8FA0446284602F099FEB8
S214037FB0204638BDDFF7F4FAF6E7FFF78FFEF3E760
S214037FC0DFF724FBF0E7DFF769FCEDE72124ECE7B6
S214037FD02124EDE770B586B0064601A80C46154683
S214037FE0FFF73CFE04238DF804301CB1206861685B
S214037FF002AB03C3294601A88DF80560FFF7A8FF67
S21403800006B070BD70B586B0044601A80D46164688
S214038010FFF724FE0323206861688DF8043002AB63
S2140380208DF8116003C3294601A8FFF791FF06B038
S21403803070BD0022FFF7E6BF30B585B00D46694632
S2140380400446FFF7A0FF20B92A4621466846FFF7F5
S2140380503AFF05B030BD30B5437B044613F001024A
S2140380600D468BB007D0407801A9F1F703FC70B139
S2140380702D200BB030BD9B07FAD5ADF8022001A921
S2140380800DF10202043002F02CFC0028F0D000218F
S2140380900E22A81CE1F75EFFBDF810302B80039B71
S2140380A0AB60BDF81230AB819DF81430237301AB7F
S2140380B003CB6060A1600020DBE770B5437B04461A
S2140380C0DB070E468AB003D42D2528460AB070BDBA
S2140380D06946407800F04DF905460028F4D1DDF8EE
S2140380E01D300E226360DDF821300146A360637BFA
S2140380F0B01C43F002036373E1F72CFFBDF80030B6
S214038100069A43F004033380059BB2607360DCE792
S2140381100B4610B50446102200211846E1F71AFF55
S2140381202278032A09D0042A0DD0022A11D1014647
S2140381302046BDE81040DFF717BC01462046BDE8E1
S2140381401040FFF788BF01462046BDE81040FFF702
S214038150B4BF262010BDF8B5074608460C4616469B
S2140381601D46FFF77BFD04232370637B314643F0F4
S2140381700103204667706373FFF705FF08B12D20E0
S214038180F8BD29462046FFF7C3FF0028F8D0F6E7D8
S214038190F8B5054608460C461F461646FFF75EFD2D
S2140381A00423237025B108222946E018E1F724FFAB
S2140381B0637B43F0020363734EB9324601212846BC
S2140381C000F0E4F8FF28607007D12D20F8BD314693
S2140381D02046FFF7D8FE0028F7D1637B43F0010360
S2140381E063730DB90020F1E7002FFBD03946204614
S2140381F0FFF78EFFF6E7F8B50C4607460846164621
S2140382001D46FFF72BFD03232046394600F8043BA3
S2140382100822E1F7F1FE637B314643F00203204672
S2140382206373FFF7B0FE08B12D20F8BD294620463C
S214038230FFF76EFF0028F8D0F6E7F8B507460846BE
S2140382400C4616461D46FFF709FD03232370637B82
S214038250314643F00103204667706373FFF793FECE
S21403826008B12D20F8BD29462046FFF751FF002808
S214038270F8D0F6E718B18022012100F087B8FF2076
S2140382807047002307B51A4619460093F3F742F8DA
S214038290B0FA80F0400903B05DF804FB0B4610B556
S2140382A019220446FF211846E1F754FE7E2C0146A8
S2140382B08CBF04F5C43004F583304FF01902BDE8D3
S2140382C0104088BFAD30D3F7D9BC7E2888BF00F5F1
S2140382D0C4304FF0190294BF00F58330AD30D3F7A6
S2140382E0F9BC30B589B00D46FFF7C4FFFF28044636
S2140382F00DD001A9FFF7D2FF2868696801AB03C355
S214038300204601A9FFF7E1FF002009B030BD2D206C
S214038310FBE7704770470020704770470F20704791
S21403832070479DF8000070470F2070470F20704776
S214038330002070470F2070470020704700207047CA
S21403834084B08DE80F00002004B07047002070470B
S214038350704770470020704770470020704770478B
S21403836000207047012070477047002070470120A7
S21403837070470E207047FF2070470E2070470E2070
S21403838070470020704770470E207047FF207047E5
S214038390704770470020704770477047704700204B
S2140383A070477047002070470020704700207047D2
S2140383B070477047002070477047002070470020C2
S2140383C0704770470020704710B50024E3B210B919
S2140383D0C3F10303DBB20134042CCA544FEA12225E
S2140383E0F4D110BD10B50B784C788A78C97828B9C3
S2140383F010462246044608461946034642EA01202A
S21403840043EA042343EA004010BD7047DFF760BB2E
S21403841008B5CEF753FB002814BF8620002008BDFE
S21403842008B5CEF71BFD003818BF012008BD08B5F8
S214038430CEF7D4FC003818BF012008BD08B5CEF728
S21403844059FD003818BF012008BD08B5DFF720FC2A
S214038450BDE80840DFF7CEBB70B504460D461646AA
S214038460DFF716FC0420DFF7B7FB32462946204623
S214038470FFF7DDFF04460220DFF7AEFB204670BDA4
S21403848008B5DFF705FCBDE80840CEF78BBCDFF781
S21403849037BFDFF717BF08B5DFF714FF20B1BDE816
S2140384A008400020E0F74CB8112008BD10B504467C
S2140384B008B1E0F727F92046BDE81040FCF74BBFAC
S2140384C010B50446006A10B1616AFFF7EFFF00209B
S2140384D0C4E9080010BD38B50546FFF7F1FF2B7E4B
S2140384E00446012B0ED0023B012B0ED8EB69012B61
S2140384F018BF6FF09604282200212846E1F72AFDCC
S214038500204638BDEB69002BF2E76FF09604F2E7DE
S21403851018220021E1F71EBD70472DE9F84F984653
S214038520DDE90B490D9B15469A0706460F4623D0F1
S2140385302A460A9B03EB040A1444A24220D10D9B4D
S2140385409B0705D5A2EB050AD14505EB0A0420D8FF
S2140385502046BDE8F88F434639462020B0470AF147
S214038560010ACA450AEB0B02F5D3A9EB04024C45F4
S21403857088BF00222A44DCE7A246A5EB040BF0E7FB
S21403858002F1010B434639461AF8010DB0475A4625
S214038590D3E74346224639462020B0470AF1010A6C
S2140385A0D2E72DE9F047DDE90D7616F0020F9DF8C8
S2140385B02880DDE90854DDE90BCE1FD106F001095A
S2140385C04FB1B9F1000F06D0B8F1000F02D116F083
S2140385D00C0F00D0013F4FF0300A04E0202C04D0EB
S2140385E005F804A001347445F8D3B9F1000F05D09B
S2140385F04FF03009A74201D9202C2DD116F0100FC9
S2140386001FD016F4806F2CD15CB3744501D0BC42E6
S21403861027D1B4F1010E23D0BCF1100F46D1023C92
S21403862016F0200F28D1202C28D04FF0780C05F810
S21403863004C00134202C21D04FF0300C05F804C0C0
S2140386400134202C1AD0B8F1000F23D04FF02D0C94
S21403865005F804C0013412E005F804900134C9E7B4
S2140386607446BCF1100FDBD0BCF1020FE2D1202C14
S21403867004D04FF0620CDAE7202C08D12024CDE991
S2140386800A76CDE90854BDE8F047FFF746BF4FF03A
S214038690580CCCE716F0040F02D04FF02B0CD7E79C
S2140386A016F0080FEBD04FF0200CD1E7BCF1020F09
S2140386B07446C1D1DDE72DE9F04391B0189D1A9EAB
S2140386C01D9F0DB927F010077C0500D515B317F0CD
S2140386D0200F14BF4FF0410E4FF0610EAC4600253D
S2140386E00DF12008AEF10A0EBCFBF6F906FB19C91C
S2140386F05FFA89F4B9F1090F94BF30347444E4B2D5
S214038700B44508F8014B05F10105BCFBF6F401D3AB
S214038710202D10D11C9C069705941B9CCDE9036461
S2140387209DF86440CDE9015408AC0094FFF739FF87
S21403873011B0BDE8F083A446D6E72DE9F04F95B017
S214038740269ECDE90A23DDE91E74DDE9229B57EA5E
S214038750040308BF26F010067205CDE9080102D50A
S21403876057EA040337D016F0200F14BF41236123C2
S21403877000250DF1300AA3F10A0821464A465B4656
S2140387803846E1F77BF8D2B2092A94BF3032424426
S2140387904F45D2B274EB0B0405F101050AF8012B21
S2140387A001D3202D14D1259B06960593249BDDE942
S2140387B00801CDE903939DF88030CDE901530CAB56
S2140387C00093DDE90A23FFF7ECFE15B0BDE8F08F52
S2140387D007460C46D1E70025E5E708B100F014B8D4
S2140387E0704710B1D1E900311847704738B5441EB9
S2140387F014F8015F25B90A2000F006F8284638BDAC
S214038800284600F001F8F3E701460020FCF776BBA4
S21403881070477047E9F7A2BA704708B5FCF73FFB05
S214038820CEF74CF9BDE80840D0F75CBA704708B5F8
S214038830CEF78CFCFBF775F8BDE80840DFF728BADF
S21403884008B5FBF7FBFEDFF791FFFBF7D5FDE0F777
S2140388502FFBE0F71BFBE0F79DFABDE80840D3F7D4
S214038860E7B908B5D1F7FEF9FBF7B5FDD1F706FA78
S214038870FBF7B3FDD5F7EEFBD5F794FCD5F79CFDD8
S214038880BDE80840D5F7BABC70477047E0F7A8BA0A
S21403889008B5FCF74FFFBDE80840FCF773BF704709
S2140388A007B500220346114601200092D4F74CFD7B
S2140388B003B05DF804FB07B500920B46027D818981
S2140388C08068FDF74CFD003818BF0120C00103B0D7
S2140388D05DF804FB08B50020DBF744FE0020DDF757
S2140388E0D5FB0020D6F710F90020D6F7FDFB0020B5
S2140388F0D7F726F90020D9F755FC0020DAF7C0F998
S2140389000020DAF7B5FFBDE808400020DBF7A0B883
S21403891008B50120FDF73AFABDE808400120D6F76E
S214038920E3BB08B50220DBF711FF0220DBF7AAF84A
S2140389300220DDF7B9FE0220FFF7ABFD0220FDF7AC
S21403894090FC0220DAF79CF9BDE808400220DBF72A
S2140389509DBB7047FDF7A5BF7047704770477047CC
S214038960704770477047704710B50446DBF7A8FAA0
S2140389702046D7F7F7FB2046D8F74AFB2046BDE844
S2140389801040FDF7A1BCFDF7BCBCFDF7C6BCDAF78B
S21403899079BF704770477047704770477047704796
S2140389A070477047704705F027BB70477047DBF783
S2140389B003B87047704770477047704770477047F3
S2140389C07047FEF744BCFEF748BC7047002070476C
S2140389D0FEF745BCFEF74FBC7047431E012B03D979
S2140389E0031F5842584170470120704700F021BCCE
S2140389F04FF4D0720021E1F7ADBA70B50446E3F741
S214038A0081FB0546A8B9A169F1B1238AD3B12046F3
S214038A1004F11002E3F724FA38BBE16919B3638A59
S214038A20A3B1204604F1120200F0CAFA78B1054653
S214038A3003E00023A3612361E36100232846636107
S214038A40236270BDA061E8E72082E6E7E361216A5E
S214038A500029F2D0A28A002AEFD02046E38ABDE896
S214038A60704000F06FBA6182F1E76582E561DEE788
S214038A7011B9D0F8DC1021B1CB6813B18B68D88953
S214038A8070474FF6FF707047E2F720BC10B50C46F0
S214038A901146E2F741FCE3F76FFE012801D10020FF
S214038AA010BD002CF7D10520FAE700F0CFB900F08F
S214038AB0E3B970B500232425D0F8DC00C4689C42D3
S214038AC001D1212070BD826805FB0322D6898E4220
S214038AD002D8128A8A4201D20133F0E70020F1E776
S214038AE0F8B506460D46E1F78DFED8B94FF6FF7387
S214038AF04FF0240CEF68C1B28F4208D81C462146BB
S214038B003046E2F735F800F09AFB2046F8BDAA682F
S214038B100CFB0122D4899C4202D2002CEFD02346C0
S214038B200130E8E70024F0E7C08D70470A7838B5CF
S214038B3005461046FFF751FF60B14C782046FFF715
S214038B404CFF38B12243530704D42846BDE83840C7
S214038B50E2F72EBE212038BD10B504460878FFF78D
S214038B603CFF58B14A781046FFF737FF30B1042A66
S214038B7004D02046BDE81040E2F738BE212010BDE1
S214038B8000F0E8B8E3F79AB9084600F008BBE2F746
S214038B90D9BC38B504460D4600F08EF850B12946C8
S214038BA02046E1F7E5FF30B929462046BDE83840C0
S214038BB0E2F790BC0E2038BD70B516460C4605F09D
S214038BC078F8314605462046E5F772FE0446284601
S214038BD005F06AF8204670BD00F032B970B5044659
S214038BE000200E4600F027FBD4F8F0503DB10023DA
S214038BF031462046AC46BDE870401A4660472B46D1
S214038C00012231462046E2F7FDFE284670BD38B500
S214038C10044648880D4600F00EFBD4F8F0302BB916
S214038C2029462046BDE83840E2F7FABD022038BDA3
S214038C3000F003BB00F03CB9E2F71ABBE4F712BE40
S214038C4070B5BDF81060054606B16BB133442846CF
S214038C509BB200F077F9044620B91EB13146284688
S214038C6000F0ABF9204670BD2124FBE7E4F780B99A
S214038C70C0F8EC1000207047E3F70CB800F05EB9BC
S214038C8010B4BDF8044001945DF8044B00F09FB89F
S214038C900B4610B514461846A1689288E1F7EAFA1F
S214038CA0E168034631B1A0886288121A92B218446A
S214038CB0E1F7E0FA002010BD0346408A18B1188A8F
S214038CC0003818BF012070470846E4F7D7BE00F007
S214038CD0ECBA00F0EABAE5F7E3B8084708B5E2F7F6
S214038CE00FFBC0B208BD022A01D800F0E2B921206A
S214038CF07047022A01D800F0EDB921207047022AF6
S214038D0001D800F0F9B921207047E3F723BE0846DF
S214038D10E3F73EBE00F018BA002070470020704705
S214038D207047D0F8943003F06003402B0DD0602BCF
S214038D3003D0203B58425841704749B10B68012B7A
S214038D4006D9486940F00100704740F201107047A9
S214038D5000207047F7B504461046D4E954C7DDE94A
S214038D6008268CEA020587EA06010540194085EACB
S214038D700C057940C4E95451002523F4004106EA62
S214038D80010320F0010043F40073024043F00203A2
S214038D90CDE90055E6F756FC94F824309A0713D528
S214038DA0D4F854319B050FD54FF48811204600F0B4
S214038DB058FB94F82430024665F3410384F82430C4
S214038DC020460B46E2F770FA002003B0F0BDF0B57C
S214038DD087B01C461746BDF830601AB900242046F3
S214038DE007B0F0BD002BF9D00029F7D001AAE4F7AD
S214038DF0BFF80028F2D0BDF80630A2199A42BDF893
S214038E000850C4BF9B1B9CB2B54212D90399AD1B35
S214038E10ADB23144A5420391ADF808500DD22A46AF
S214038E203846E1F727FA0499621B7819E1F722FA24
S214038E30D5E70499761B3144049122463846F5E774
S214038E400846E5F7D5BC0220E5F720B808B5D0F804
S214038E50E4304BB11A68022A06D993F825204AB1A2
S214038E60186AB0FBF2F008BD4FF446624C210020AE
S214038E70E1F7E0FE0020F6E7D0F8E42008B57AB183
S214038E801368022B0CD9536A13F47F4FC3F30721DD
S214038E9006D0126ADBB253438B42B3FBF1F006D221
S214038EA0002040F67F424C21E1F7C4FE002008BDB7
S214038EB00346D0F830010860B3F8343100208B80C5
S214038EC0704790F830310C2B14BF90F82B00FF201E
S214038ED0704738B50C464FF400610546E7F756FC75
S214038EE070B17CB195F81E3173B94FF480724FF4AC
S214038EF080712846E7F736FC003818BF012038BDD6
S214038F002202F4E72246F2E70020F8E74FF48071E6
S214038F10E7F73CBC08B54A024FF40071E7F722FCBA
S214038F20002008BD08B58A024FF48061E7F71AFCF3
S214038F30002008BD4FF40071E7F728BC0623002085
S214038F408B717047B2F5805FF8B50F460646154637
S214038F5019462ED89A422CD33F2A26D9B2FA82F43F
S214038F600122C4F11F03DBB29A4092B2AA422CBF7D
S214038F70C4F11904C4F11A04E2B20124931DDBB24E
S214038F809C40A4B2AC4212D096F8F5309BB90120AF
S214038F9096F8243060F3C71386F824303846E3F790
S214038FA0FBFD00203762B582F8BD0022ECE7002007
S214038FB0EEE72120F8E70E20F6E70846E3F70CBEB7
S214038FC070B505460E46144602B313883F2B1DD9CB
S214038FD0B3FA83F3C3F11901C9B2062901D8192BD1
S214038FE012D0062928BF062101238A1DD2B2934038
S214038FF030462380E3F7F8FD23882846EE616B822C
S214039000E3F77CFE002070BD0021EDE72120FAE7A0
S21403901010B5144608460121E5F7C0FA2046BDE818
S21403902010400121E5F7BABAF8B504460E461746CE
S21403903004F03FFE3A46054631462046E5F76CFD0A
S2140390400446284604F030FE2046F8BD022070474A
S21403905003207047E4F712BF10B50023E3F792F935
S214039060044608B9E6F70CFD204610BD704770B5F8
S21403907005460E46144600F0E3F831462846FFF749
S2140390802FFD00F0DDF8230704D50B2C9CBF24F03E
S2140390900804A4B221462846E2F738F900224FF422
S2140390A000312846E7F75EFB002070BD8021E7F716
S2140390B06DBB7FB5531C05AAADF8141002920221AE
S2140390C00022DBB2CDE900211146E7F769FB07B0C2
S2140390D05DF804FB7FB5531C05AAADF81410029285
S2140390E004210222DBB2CDE9002100220121E7F7A9
S2140390F057FB07B05DF804FB1FB5531C0291002213
S2140391000821CDE900210122DBB21146E7F748FB2F
S21403911005B05DF804FB07B591F82830009391F885
S2140391202B3091F8292091F82A10E3F7D9FB03B0E6
S2140391305DF804FB10B50446E2F7E2F80146204664
S214039140BDE81040E2F7E2B8002914BF2120002052
S214039150704738B5054610460C46E3F747FCD5B1CD
S214039160D5F8E030BBB15B69ABB1421ED2B2FD2A83
S21403917013D90A68013204BF6FF001020A600A6855
S214039180FF281A6007D16268013202D16FF001022C
S214039190626062685A60002038BD0128F2E738B57D
S2140391A00546E5F7E1FC04460021A878E3F786FCCC
S2140391B0204638BD2DE9F74F01251C469DF8303073
S2140391C0064601930368174603F0070306339D40DC
S2140391D005F1FF380B46A1B1416804EA080BA5EB7D
S2140391E00B0A41F00059524509EB0B0114D95246BC
S2140391F01846E1F73FF849467A1B5A445044E1F7CC
S21403920039F8019B2BB13C4448EA050804EA0804F4
S214039210F46003B0BDE8F08F1846F0E737B50025D5
S21403922014460095FFF7C6FF204603B030BDE3F7AC
S21403923059BA0020704700207047002070477047D7
S214039240704730B549000446056812B102291FD994
S2140392500339C90395B9E1B1B1FA81F3C3F1200328
S214039260C3F10F00012838BF012003F01F03D940C4
S214039270A94201D901384908216030BDB5FA85F302
S21403928039B1B1FA81F29B1A002BE9DC0F20EFE724
S21403929000210F20F0E7012805D9023818BF4FF048
S2140392A0FF30C0B270470120704708B5E4F740FFAF
S2140392B0BDE80840E4F764BF38B50446FFF7F5FF9A
S2140392C00546FFF7F2FF431BA342FAD338BD38B572
S2140392D00D460446E4F72CFF35B1844200D9013924
S2140392E0204601F0030138BD844238BF0131F7E759
S2140392F008B50121FFF7EBFFBDE80840E4F740BFE0
S2140393000B0C23F48053B3F5284FF7B50D468FB2F5
S214039310064699B216D04AF60103994214D04AF685
S2140393200203994212D0B1F5204F14BF042403243C
S214039330D6F8E0300BB1196851B9D6F8DC3093B9DA
S21403934028680EE00024F3E70124F1E70224EFE7A0
S214039350234668463A46E4F76FFFDDE90003002B31
S214039360EBD103B0F0BD19680029E9D0234668465F
S2140393703A46E4F761FFDDE90003002BE0D1F0E7AE
S21403938002F070BD0204C0F3891307D56FEA835356
S2140393906FEA935313F5007F18B206D0A3F1C80003
S2140393A06FF4FF739842B8BF184670474FF03843C0
S2140393B059699A6903F500530A405A6170470E20AB
S2140393C07047E6F751BDE6F74FBDE6F74DBDE6F746
S2140393D04BBD08B50846E7F76DF908BDE6F744BD8B
S2140393E00220704702207047002070470120704714
S2140393F0002070470E20704700207047E3F7BCB983
S214039400084611460122FFF741BB70B505460C46D8
S21403941011461A46E7F700FA06682B462046B44676
S214039420BDE87040604710B5E7F7F6F9BDE81040B1
S21403943083681847FFF710BEE3F7C6B8FFF7A9BB64
S214039440E2F7D0BD70B504460D4616464FF48811B4
S21403945000F01CF8324629462046BDE87040E3F784
S214039460E5BA38B505460C4604F023FCD5F890302B
S2140394701C40D5F88C302343C5F88C3004F014FC1C
S214039480211E18BF01210020490238BD38B5044605
S2140394900D4604F00EFCD4F890301D40D4F88C3002
S2140394A023EA0505C4F88C5004F0FEFB284638BDB5
S2140394B038B504460D464FF48811FFF7E7FF2946F3
S2140394C02046BDE83840E3F7D9BA73B50D780646AB
S2140394D00C4635B304238DF804302379304601A9AE
S2140394E08DF80530FFF738FB0546B8B92278A3791F
S2140394F052BB8DF80430E379304601A98DF8053068
S214039500FFF714FB054648B923783BB1618830461C
S214039510E2F786FB01213046FFF7DBFC284602B064
S21403952070BD2946FFF7D5FC29463046FFF7F2FC07
S21403953029463046FFF7F6FC2378002BCAD1237959
S2140395408DF804306379C9E702228DF80420D3E747
S214039550FFF7E0BCFFF7EEBC0020704710B50446EB
S214039560E7F7F4F921460020E8F752F8BDE8104083
S214039570002000F03EB970470120704708B5E8F7B1
S21403958075FE80F00100C0B208BD4FF0FF30FFF754
S2140395909EBB70470020704710B50C4604F0A4F835
S2140395A0048010BD38B50C46154604F09DF80388B4
S2140395B01DB11C43A1B2018038BD23EA040189B260
S2140395C0F9E708B504F090F8008808BD08B504F07C
S2140395D08BF8C07808BD08B504F086F8008800F05C
S2140395E00C0008BD08B504F07FF8008800F00C00F6
S2140395F0031F5842584108BD38B5054604F074F8B1
S21403960004462846FFF7EEFF30B904F1100004F0D5
S2140396102DFD00F4406038BD4FF40060FBE738B51D
S214039620054604F061F804462846FFF7DBFF0146CB
S21403963048B910342046042203F096FF2044BDE8C0
S214039640384004F013BDA08838BD10B50C4604F0AE
S2140396504BF8848010BD38B5054604F045F804463B
S2140396602846FFF7BFFF014608B1201D38BD10345A
S2140396700422204603F078FF2044F7E738B5054672
S21403968004F032F804462846FFF7ACFF30B904F17D
S214039690100004F0EBFC00F4404038BD4FF40060CB
S2140396A0FBE738B5054604F01FF804462846FFF7DF
S2140396B099FF014648B910342046062203F054FFAA
S2140396C02044BDE8384004F0D1BCA08838BD38B586
S2140396D0054604F009F804462846FFF783FF0146CB
S2140396E008B1201D38BD10340622204603F03CFF87
S2140396F02044F7E708B503F0F7FF007A08BD08B57E
S21403970003F0F2FF90F9090008BD08B503F0ECFF7B
S214039710807A08BD08B503F0E7FFC06808BD10B53A
S2140397200C4603F0E1FF047210BD10B50C4603F0BF
S214039730DBFF447210BD10B50C4603F0D5FFC460C2
S21403974010BD2DE9F8430F468046002107F11000AF
S2140397501646994604F03CF80446D0B103F0C4FF1D
S2140397600546204603F0DCFF002102462846E0F7C4
S214039770F1FB00232046AB7049F00401FFF70CFF12
S214039780A5F804802EB13A46314605F11000E0F7FD
S21403979071FD2046BDE8F883F8B505460F46102050
S2140397A0002104F015F80446B0B103F09DFF064609
S2140397B0204603F0B5FF002102463046E0F7CAFB19
S2140397C0002339462046B370FFF7E6FE25B12A4646
S2140397D00121204603F0D4FF2046F8BD08B503F068
S2140397E083FF103008BD08B503F09AFF1038C0B2E7
S2140397F008BD0020E7F734BE08B5E8F78FF8002069
S21403980008BD4088C0F30C000330800840000430D5
S214039810704770B50E4605461146304603F0D8FF2E
S214039820044635B128B103F05FFF32462946E0F718
S214039830E3FB204670BD0088B0FA80F0400970470D
S21403984038B505880022044604F07AFC05B1258065
S21403985038BDF8B507460D4600880021164603F0C6
S2140398607BFFB042044605D129463846BDE8F8409A
S214039870FFF7E6BF0021204603F06EFFB04205D097
S2140398802046002103F068FF0446F3E72A462046F5
S214039890002103F075FF32462846BDE8F840002154
S2140398A003F06EBF38B5044638B1002104F042FC1D
S2140398B0002301465D1C09B998B238BD204604F062
S2140398C05DFC2B460146F5E7F8B5058807467DB1EE
S2140398D0CCB22146284603F03FFF8542064609D10F
S2140398E000233B8000222146304603F049FF3546DD
S2140398F02846F8BD214603F02FFF21460246284698
S21403990003F03EFFEEE72DE9F047078882468846D8
S21403991014465FB3384603F003FF3D460646E4B2FB
S2140399202146284603F018FF4045814616D12146B6
S21403993003F012FF21460246284603F021FF47455F
S21403994004D1454508BF0025AAF800500022214649
S214039950404603F015FF3046BDE8F0878742FAD04D
S21403996003F0DEFE30444D4686B2D9E73E46F2E7C4
S21403997000220123C0E900237047F8B504460127F7
S214039980002604F0A3F923683BB904F09AF90022F1
S2140399906368012B0ED16360F8BD1D691F612660E5
S2140399A004F08FF9012DF2D02B462D691E61012D8F
S2140399B0FAD1E6E719691A610B46EAE7036823B9A1
S2140399C04068012803D0E8F7F1BC002070474FF049
S2140399D0FF307047F8B5054604F063FA01230646E0
S2140399E00027A8602B7304F071F92B6802467BB13D
S2140399F01C692169A1420CBF2F60196127611046BB
S214039A0004F05FF9012C08D0204663689847EAE71C
S214039A106C68012C04D104F054F900232B73F8BDB1
S214039A206169711AB1F1004FF5D821696960236144
S214039A30E5E7704702207047022070470020704712
S214039A400144884201D10120704710F8013B93423C
S214039A50F7D0002070470821FDF7A6BF70B5014672
S214039A60064692B00020E7F79DF9044670B9FDF765
S214039A7096FF054601466A462046E7F7E7FC6A4630
S214039A80294620468DF80260E7F796FF204612B077
S214039A9070BD00B593B0FDF782FF6A46014600200D
S214039AA0E7F7D4FC9DF9020013B05DF804FB00B59C
S214039AB093B0FDF774FF6A4601460020E7F7C6FC3D
S214039AC09DF8000013B05DF804FBE7F783BC0120A4
S214039AD070477FB54FF6FF7101AAE8F743FF20B141
S214039AE0BDF80C0007B05DF804FB4FF6FF70F9E70E
S214039AF008B504F082FB003818BF012008BD08B57E
S214039B001046EAF703F8BDE80840EAF7BDB8704721
S214039B10704770477047704770477047002100B51D
S214039B2093B06A460846E7F791FCBDF8060013B003
S214039B305DF804FB002110B592B004466A46084659
S214039B40E7F784FC00216A460846ADF80640E7F7C7
S214039B5033FF12B010BD002100B593B06A46084625
S214039B60E7F774FCBDF8040013B05DF804FB0021AE
S214039B7010B592B004466A460846E7F767FC00212C
S214039B806A460846ADF80440E7F716FF12B010BD64
S214039B90704773B50646E9F70BFA04463046ECF70A
S214039BA089F92246034600213046F7F7A3FF054608
S214039BB0D0B1FFF713FE0446284603F095FD0023B5
S214039BC0E21D121A294608200093D2B2FBF791FE33
S214039BD00138C0B2012807D801222946304602B010
S214039BE0BDE87040E9F71ABA02B070BD134610B567
S214039BF00A4600210446F7F757FF014628B12046D8
S214039C00BDE810400222E9F709BA012010BD07B5E6
S214039C10009313460A460021F7F7C0FE28B1002139
S214039C2003B05DF804EBF5F76BBC012003B05DF8F9
S214039C3004FB2DE9F04F87B00C4691460746FFF725
S214039C40CAFC0546661C304604F010FA042D40F0A4
S214039C5090803846FFF7C2FD0378092203F003031A
S214039C60012B14BF0223032301212046039303F091
S214039C707BFC092200210546204603F075FC21786B
S214039C808DF8170001390022204689B2FFF7C1FD7F
S214039C9004EB09088346F0B14FF0010A2A46014651
S214039CA0CDF800A003980DF11703FBF722FE022858
S214039CB0054626D1584603F033FD00222070C0B275
S214039CC0431E00929BB252465946304604F0CFFAE2
S214039CD02378534423703846FFF773FC020424D4D6
S214039CE098F8013021789B071FD50139A1EB0901AC
S214039CF03A464046C9B2EDF7F9FE23781844207079
S214039D0013E020B92070284607B0BDE8F08F03287B
S214039D1009D1404604F0AAF920F4007189B24046FE
S214039D2004F0A6F9D7E70428D5D10125002220465A
S214039D302178FFF76EFD07460028E4D04FF00008B1
S214039D400146434601224046CDF80080FBF7D1FD8D
S214039D50022819D1384603F0E3FCC2B2013A207058
S214039D6093B2394601223046CDF8008004F07FFADC
S214039D70C9E780F0800520F0800081B23046C5F345
S214039D80C01504F075F9D1E70028BCD12070BAE7F6
S214039D9008B50020FFF7F2FB80F00100C0B208BD53
S214039DA00A4608B501460020E9F738F9B0FA80F00C
S214039DB0400908BD0020E7F733BF00210846E7F750
S214039DC0D7BB0020FFF7D8BB70B5044604F04EF9A6
S214039DD0042200210646204603F0C6FB204404F076
S214039DE045F9032205460021204603F0BDFB204427
S214039DF004F03CF94FF6FF730540ADB29D4214D113
S214039E00F30712D506220021204603F0ADFB2044BB
S214039E1004F02CF90446E9F773F9844214BF0224CC
S214039E200624E9F767F9204070BD2046FBF77AFF62
S214039E30C400E4B2F5E708B5FFF7C6FF003818BF5D
S214039E40012008BD0120704710B50446FEF7B5FA99
S214039E5008B9FEF7B4FA03050FD40C231B2B01D164
S214039E60002009E020FA03F1C90703F1010206D531
S214039E70DBB2E31A5842584110BD0B23F9E71346E9
S214039E80ECE710B50C46098819B90846F7F7ECFD58
S214039E902080012010BD08B510461A4600F0B8FA17
S214039EA0BDE8084004F080B870B504460D46164673
S214039EB092B06A46E7F7CAFA6A46294620468DF8FC
S214039EC01F60E7F779FD12B070BD10B50C46E9F7D1
S214039ED0F3FC2046BDE81040E9F704BC0129F8B5B9
S214039EE005460C461DD003291ED0052920D0072978
S214039EF022D00026002400270120E7F7EBF93044A0
S214039F0085421DDA0320E7F7E5F92044854219DA8E
S214039F100520E7F7DFF938448542B4BF072005205C
S214039F20F8BD6FF00406E5E76FF004040526E2E7E4
S214039F3000266FF00407DFE7002405272646DBE745
S214039F400120EDE70320EBE738B50546002420465D
S214039F50E7F7C0F90134A842E4B202D9062CF6D1D9
S214039F600724204638BD38B14379490023F00C0353
S214039F7001F00C010B434371704710B5044678B1EA
S214039F8041794088490801F006010131000AFFF7CC
S214039F90A5FF024601462046FFF7E5FF104610BD23
S214039FA00722FBE738B50D46E9F774FC044608B903
S214039FB0002038BDFFF7E1FF002DFAD1237913F017
S214039FC00703F5D0984238BF1846C0B2F1E70379C5
S214039FD023F00703194301717047037903F00F0356
S214039FE043EA0113037170470022E9F7F7BF002124
S214039FF0012208B5E9F7F2FF401A18BF012008BD91
S21403A00038B51546FFF7F0FF0446284604F00BF96B
S21403A01084B1FF2804D0626822FA00F3DB0701D577
S21403A020012038BD0123834013436360E378013383
S21403A030E370F5E72046F4E7EAF73ABA10B503F01B
S21403A04053FB00F11004204604F010F820F40071CE
S21403A05089B22046BDE8104004F00AB82DE9FF4156
S21403A0601546019101218DF80D301B0A8DF80E302F
S21403A0709DF82C308DF80C008DF80F3028460423FD
S21403A080009103AA9DF828809DF830709DF83460EF
S21403A09001F0D8FC044670B12946FFF7D6FAB8F1AA
S21403A0A0000F02D12046FFF7C9FF2FB146B931464C
S21403A0B02046F5F725FA0024204604B0BDE8F081D3
S21403A0C0002220461146EAF779F9F4E74FF47A704E
S21403A0D0EAF7CEBAF0B5064687B010461C460F46DA
S21403A0E01546FFF77BFB9DF83030184443789CB148
S21403A0F06178012211F0020F0CBF0321002100201A
S21403A100CDE90142CDE903100722394630460095D2
S21403A110EAF74AFB07B0F0BD22462146EFE708B54B
S21403A120E8F758F9BDE808400020EAF779BD00B51E
S21403A1308BB06846EAF778FA009BBDF8060004A9D8
S21403A1400693EAF717FA0BB05DF804FB1FB504464F
S21403A1506846EAF769FA02AB03CB2060616004B095
S21403A16010BD1FB5062304468DF80C30EAF7E8FE4B
S21403A17000238DF80D00CDE900330121022320468C
S21403A18003AA01F05FFC04B010BD70B50C4605468B
S21403A1900120EBF7C9FD237B4BB1FFF7BFFC01465C
S21403A1A023462A46BDE870400120EBF777B94FF601
S21403A1B0FE71F5E7F8B50E460746FFF70FFB0546B3
S21403A1C003F054FF00F44040B0F5404F14BF0022A4
S21403A1D0062202F10A03EB5C0B325C0004F00E0469
S21403A1E05B08144403F0380338461C44FFF7FBFAB5
S21403A1F0844208D2001BC2B20F2A28BF0F22304661
S21403A2002919E0F737F82046F8BD40F62740ECF763
S21403A210BDBC13B5F5F716FC6946044600F0E1FF2E
S21403A22058B1FFF77BFC40B1E8F7C8F928B1002323
S21403A230022269462046F2F7C5FF02B010BDFF2290
S21403A2404FF6FF71ECF7EEBE07B500210DF10700E0
S21403A250EDF776F89DF8070003B05DF804FB13B539
S21403A260044601A90020EDF76BF8019A0146204643
S21403A270EDF77CF8204602B010BDF0B50F4600217E
S21403A28087B0044608461646EDF75AF801230546F6
S21403A2900DF10A008DF808408DF80930FFF756FFD8
S21403A2A0092C1DD131460DF1120003F0E1FE05AB7A
S21403A2B0002102AA9B1A2846CDE90011DBB26421CD
S21403A2C001F0C0FB0546E0B1092C15D1EDF798F86F
S21403A2D0044688B12846EDF7A7F8204607B0F0BD38
S21403A2E031460DF113008DF812704FF6FF7503F02B
S21403A2F0BFFE0DF11503DBE7284600F02EF80446F3
S21403A300EBE70446E9E77FB50D461646ADF80E00C3
S21403A31003F006FA841BE4B2BDF80E20631B9BB25F
S21403A320104629460093731901F0C0FA21460DF131
S21403A3300E0001F093FA04B070BD38B504460D461E
S21403A34003F08EFF40B1AC4206D0204603F0ECFB90
S21403A350BDE8384000F0DBBF38BD10B50446FFF754
S21403A3603DFA023003F082FE4FF6F773984220461A
S21403A37003D9BDE81040EDF7D9B9EDF723FAB0FAE3
S21403A38080F0400910BD0022EDF7F4B870B505461D
S21403A390FFF724FA0646284601F078FB01462846CE
S21403A3A0F8F714F804462846FFF739F94FF6F7731B
S21403A3B0984208D8337803F00303012B05D1A31E74
S21403A3C05842584170BD0120FCE70020FAE741F2ED
S21403A3D0033330B585B00D46ADF808300446FFF7B5
S21403A3E09DFB8DF80A00FFF799FB0021000A8DF804
S21403A3F00B0005232046CDE9001102AA8DF80C5068
S21403A40001F020FB10B12146FFF7BDFF05B030BDBC
S21403A4102DE9F041044617460D46E1B13F294FF0BA
S21403A420000600D135462046FFF7D5F8082814D194
S21403A4300121204603F090F9064603F071F904461D
S21403A440304603F051F93B4601462A46E0B2BDE8E2
S21403A450F041FDF75BBB0126E5E72046FFF7BBF8B7
S21403A460024630B9BDE8F0414FF6FF71012003F014
S21403A470C6BD2046FFF7C0F8B0F5006F0ED12046E4
S21403A480FFF7CDF84FF6FF739842014617D0002D1D
S21403A4900CBF03200520002203F0B1FD2946204609
S21403A4A0EAF744F868B929462046EEF71FFE40B996
S21403A4B0324629462046BDE8F041EDF73FBC012071
S21403A4C0E9E7BDE8F08137B54FF6F675FDF76AFAAA
S21403A4D0431E9BB2AB420446F8D8E9F7DBF90028E3
S21403A4E0F4D169462046E8F7C9FC0028EED020469A
S21403A4F000F0DCFF0028E9D12046FFF778FD0028AE
S21403A500E4D12046EEF766FE0028DFD1204603F0AE
S21403A510A7FE0028DAD12046FDF75AFA0028D5D13F
S21403A520204603B030BD73B504460E46EEF752FE22
S21403A530054688B92046EEF7A7FE21462B460D2290
S21403A5404FF6FD70009500F056F83146204602B0EF
S21403A550BDE87040EEF75ABE02B070BD37B505468B
S21403A56014460C2914D8DFE801F02C132C1313130C
S21403A57007131313132424006946E8F77FFC18B95E
S21403A58001216846F3F700FA41202946F8F7C4FB91
S21403A590D4B12046FFF722F9023003F067FD4FF6E9
S21403A5A0F773984210D9204603B0BDE83040EDF764
S21403A5B0D5BA40F6144040F613430B2908BF184695
S21403A5C0E3E7F6F7CBFDE3E703B030BD1FB503467D
S21403A5D0084603218DF80D308DF80C100123002159
S21403A5E0ADF80E20CDE9003103AA042301F02AFAC0
S21403A5F005B05DF804FB2DE9F34106460F46144605
S21403A6001D469DF82080FFF789FAB04207D1002245
S21403A6102146384602B0BDE8F041FFF79FBF3A46F1
S21403A62031462046FFF7D2FFADF8060060B10D2C89
S21403A63005D100224FF6FF71282003F0E0FC35B960
S21403A640BDF80600FFF789FE02B0BDE8F0810123DE
S21403A650424629460DF10600E7F710FEBDF8063020
S21403A660002BEDD1F0E7F7B50C460546FFF7B6F835
S21403A670611C06462846F7F7A9FEA11C074628468E
S21403A68001F027F9014604463846FDF7D7F90D2FA2
S21403A69034D12046EEF79EFD78B1301D03F0E6FC7C
S21403A6A004462846F679FEF7FCFF31460246204666
S21403A6B003B0BDE8F040FFF7A3BCB01C03F0D6FC24
S21403A6C04FF6F773984202D92846EDF747FA204625
S21403A6D0EEF7DAFDFFF722FAA04205D1002003B019
S21403A6E0BDE8F040EEF714BE6B46B068F16803C3EE
S21403A6F069462046EEF78AFD03B0F0BD2A46394682
S21403A700204603B0BDE8F040FFF728BF142200211F
S21403A710DFF720BC2DE9F04F11F00F0704460E4675
S21403A72015468FB05CD10120DDF792F809A8FDF736
S21403A73095FA092309A88DF82430FDF793FA09A89A
S21403A740DDF758F801A909A8FDF71DFC26F00F0848
S21403A750A84404F1100904F10F0A454511D12369F1
S21403A76001A93344236109A8FDF7F2FB0020DDF7B6
S21403A7706FF8B6F1005F28BF272738460FB0BDE84D
S21403A780F08F05AA234696469446186859680833F8
S21403A790ACE803004B456246F6D12B46224605F14C
S21403A7A0100B53F8041B5B4542F8041BF9D17146A2
S21403A7B009A8FDF7CDFB09A8DDF71CF822462146BC
S21403A7C00120DDF701F8013D631E13F8012F15F88C
S21403A7D0011F534582EA01021A70F6D15D46BCE7B3
S21403A7E00227CAE7F0B5174685B005460C46102281
S21403A7F000216846DFF7AEFBBFB3C4B30F2C04F0EB
S21403A8000F0608D924F00F043A4621462846FFF7D8
S21403A81081FF40BB2744324639466846DFF72AFDA8
S21403A82080222F6906F1100337446B44B7F5005FA7
S21403A83003F8102C2F61C6F110061AD3062E1FDD5F
S21403A840FB001A0E8DF80A201A0C5BBA8DF80B2043
S21403A850ADF80C306A4610212846FFF75BFF002050
S21403A8602B69103B2B6105B0F0BD3E46D8E7264664
S21403A870D6E7022E04DDFB005BBAADF80E30E9E73F
S21403A8806A4610212846FFF745FF2B691022A3F1DD
S21403A8901004002168462C61DFF75CFBB7F5005F08
S21403A8A04FEAC403CDD2E7E770B50E46054686B039
S21403A8B001A81446FFF72AFF3246294601A8FFF7E8
S21403A8C091FF2246054601AB05AE1C4603CCB442B7
S21403A8D010605160234602F10802F6D1284606B0FE
S21403A8E070BDEEF7B3BD0A460021EEF7AFBDF0B577
S21403A8F08BB00C4601A9EEF7A9FD054680B32522C9
S21403A9000021E01CDFF726FB0123A3700E23BDF80E
S21403A91010702380FA0510D523464FF4877206AECF
S21403A92023F8042B0DF1280C324603CA624518603F
S21403A9305960164603F10803F6D13B0605D523886E
S21403A94043F080032380069B636001AB03CB039B2A
S21403A950C4F81D00C4F82110A361F0F783F8606102
S21403A96028460BB0F0BD30B505460C4687B001A8A7
S21403A970FDF774F92868696802AB03C39DF81130C4
S21403A98043F002028DF8112074B12288510644BFA9
S21403A99043F006038DF81130530542BF9DF811307E
S21403A9A043F008038DF8113001A8FDF752FAB0FA08
S21403A9B080F0400907B030BD70B58AB00D4600225E
S21403A9C001A90446EEF742FD88B1204604A9FFF725
S21403A9D0CAFF60B1BDF81060FFF7A0F838B9720679
S21403A9E001D5730503D529462046FDF793F80AB02B
S21403A9F070BD2DE9F3410F460546164602F090FE5C
S21403AA004FF00008C41BE4B2294623463A463046B4
S21403AA10CDF8008003F02BFC0121284602F09CFEB3
S21403AA2088B10121284602F097FE074602F078FE19
S21403AA300546C3B2424630193946CDF8008003F0C6
S21403AA4016FC2544ECB2204602B0BDE8F0812DE9A1
S21403AA50F04F85B00C46054691461F464FF0010A57
S21403AA60DDF838809DF83CB002F05AFE22463B469D
S21403AA7029460646CDF800A0484603F0F8FB5146A3
S21403AA80284602F069FE3C4418B35146284602F0B5
S21403AA9063FEF6B2B442814610DAE7B2F31BDBB2CA
S21403AAA0404622462946CDF800A003935F4403F0B0
S21403AAB0DEFB039BBF1B984407F0FF0B012300221A
S21403AAC00E9349465B46404605B0BDE8F04F03F09B
S21403AAD0CEBB5B4622462946CDF838A0F3E72DE9E0
S21403AAE0F041002686B0074608460C4615469846AB
S21403AAF0CDE9026604968DF8146002F011FE411B40
S21403AB00CBB20D2B28BF0D232A462146009602A85A
S21403AB1003F0ADFB424602A93846EEF711FF0646A0
S21403AB20294620469DF80820F7F764FC304606B011
S21403AB30BDE8F0812DE9F04F0E46CBB00121054666
S21403AB4017461C4602F008FE23463A462946814627
S21403AB5006A8FFF7C4FF0DF1280A00EB070B5246C1
S21403AB60314628465FFA8BFBFFF743FFB34503D214
S21403AB7000204BB0BDE8F08FABEB06085FFA88F811
S21403AB8008F104039842F3DB331F18440423C4B2CA
S21403AB900193A31BDBB20093524643460021CDF834
S21403ABA008A006A8DCF7C4FD0028E1D1A4EB0B043B
S21403ABB00AEB0803E4B25246284631460093019452
S21403ABC04346FFF744FF39462846F7F7FFFB394667
S21403ABD000F0F8022846F7F70DFC0121284602F09C
S21403ABE0BBFD002818BF4D462846ADF8165002F0A8
S21403ABF097FD011FC9B20DF1160000F02FFE0120CC
S21403AC00B7E72DE9D841064600F040FF411C04464D
S21403AC1089B2304600F00DFF98B394B32146304610
S21403AC20F7F7D4FB00F00C03042B074629D000F0FB
S21403AC300308B8F1020F00D11BBB384600F0AFFF84
S21403AC403B060444A4B216D5611C304689B200F014
S21403AC50F0FEB0B121463046F7F7B8FBB8F1010F66
S21403AC60014600F003030CD0032B0AD0384600F04D
S21403AC70A5FF03199CB221463046BDE8D84100F033
S21403AC80D8BE0020BDE8D881F8B5064600F0C0FE61
S21403AC90054604463046FEF7A1FD43785B0718D504
S21403ACA0AC1CA4B22146304600F0C3FEB8B1294618
S21403ACB03046F7F78BFB0746691C304689B2F7F731
S21403ACC085FB1FB1874201D8FF2808D104EB470450
S21403ACD0A4B221463046BDE8F84000F0AABE0020E4
S21403ACE0F8BD13B5044601A8EFF782F8BDF80430A3
S21403ACF0DA0710D49B0707D410220021204602B09F
S21403AD00BDE81040DFF726B9224621461020FFF79C
S21403AD10CBFD0028F0D102B010BD024608B5EFF710
S21403AD208FF8510544BF0838C0B2130544BF08382E
S21403AD30C0B208BDF0B5D30705460C468BB04AD55E
S21403AD40008800F0A3FE00230646029314B9CDE95B
S21403AD50034403AC002208212046FEF771FEA8B187
S21403AD602888FEF73BFD023003F080F921460746AC
S21403AD70E8F784F850B1002240231146384600F025
S21403AD801DFA40F6094528460BB0F0BD3146288823
S21403AD90F7F71CFB10F0030F0CBF01260026EEF797
S21403ADA099FB46EA4000C0B200900021204602AB61
S21403ADB005AAF0F7AFFA0546EEF78CFB0028E2D0BB
S21403ADC0002DE0D000212046009602AB05AAF0F73E
S21403ADD0A1FA0546D7E740F60A45D4E700231A4604
S21403ADE0F0F7F2B930B58BB005AD04462846FCF74C
S21403ADF035FF0223284601A98DF81430FDF7C3F862
S21403AE00234601AA144603CCAC4218605960224676
S21403AE1003F10803F6D10BB030BD08B50023024694
S21403AE2019461846F0F7D0F9012008BD37B5044691
S21403AE306846F0F741FA054648B1082221466846B7
S21403AE40DFF7D4FBB0FA80F0400903B030BDFF2231
S21403AE5008212046FEF7F4FD034628B106212846BE
S21403AE60FFF7BCFF0120F0E722460146F0F7ACF9F6
S21403AE70F8E707B56846F0F71FFA10B16846FDF71E
S21403AE8000FA00F0010003B05DF804FB0120F0F7C0
S21403AE904DBF704737B504460846FEF7DCFB05464C
S21403AEA0FEF73CFE00230146009322462B46012074
S21403AEB0F6F778FA03B030BD30B50124054689B0FD
S21403AEC003A8FCF7CBFE01A88DF80C40DCF7F0FCDA
S21403AED09DF806209DF80730AA4209D0AB4209D157
S21403AEE003A88DF80D40DCF785FC012009B030BDC2
S21403AEF00024F5E70020F9E700221021FEF7A0BDA5
S21403AF007FB50D4600F582300D22694600F5807048
S21403AF10D0F7B4FE6B462A4602AE1C4603CCB442B8
S21403AF2010605160234602F10802F6D120681060D3
S21403AF302379137100236B7304B070BDF0B585B02D
S21403AF406A4605460B46164601F108071446186876
S21403AF505968083303C4BB422246F7D118680D224A
S21403AF6020601B7905F582303146237100F5807029
S21403AF70D0F7B0FE05B0F0BD38B504460D46DBF796
S21403AF805BFFA04205D920462946FFF7B9FF0020FC
S21403AF9038BD2820FCE730B5002485B08DF8004086
S21403AFA0DBF74AFFE5B2A84204D8F2F751FB0020CC
S21403AFB005B030BD69462846FFF7C0FF0134EFE70A
S21403AFC038B50446002002F07FFDFF2805460FD063
S21403AFD002F002FE10F0010009D0284602F0FCFD44
S21403AFE0400840EAC17080F0010000F0010038BD5F
S21403AFF004F00100FBE70146F8B506460020F2F729
S21403B00061FAFF2801D00120F8BDDBF705FF002415
S21403B0100546871CDBF704FFE3B2984201D80020FD
S21403B020F2E735F82430B34203D117F82430002B67
S21403B030E9D10134EEE738B50D460121044602F0A6
S21403B0408BFB30B10121204602F086FB28800120CD
S21403B05038BD20462C8000F00EFE0130C0B2F7E764
S21403B0602DE9F04788B00746894610460DF10A01D8
S21403B0701D469046FFF7DFFF4FF0000ABDF80A6053
S21403B08004463046CDE905AACDF81BA002F048FBDE
S21403B090031BDBB20B2B28BF0B2322463146CDF80E
S21403B0A000A005A803F0E3F848F21F039D4243D02F
S21403B0B00BD885F40043012B15D92346424649464F
S21403B0C028460097FDF730F933E048F23A039D42ED
S21403B0D0F3D1FEF723FDB8422BD02246414605A8FE
S21403B0E0FDF757F925E09DF8143013BBBDF81D4056
S21403B0F0DDF81500DDF8191003AB03C3204603A9DA
S21403B100DCF7BCF80122204603A9EEF735F9A7427F
S21403B11006460ED0012103A8F2F736FC48F20103D7
S21403B1209D4206D12EB9334632463946204600F0B4
S21403B13046FE08B0BDE8F0879DF81450002DF8D100
S21403B1402F469DF815800234EAB24245F1D2D2006A
S21403B150D2B222440823314692B2009703A8CDE91F
S21403B160037703F084F803A8F4F79CFC02F0DCFCF6
S21403B17000F0CDF80135E7E708B5E7F72BF9BDE8AA
S21403B1800840F2F73FBE10B5002441808480048057
S21403B190C280038110BD13B5BDF81040CDE900345D
S21403B1A00023F2F797FF02B010BD13B5BDF81040A9
S21403B1B001900094F2F78EFF02B010BD07B500931E
S21403B1C00123FFF7F2FF03B05DF804FB0123F3F757
S21403B1D027B80121F4F794B901464FF6FF70F4F748
S21403B1E0B7B810B50C4602F09FFCFF2808D0F4F75A
S21403B1F041FC20B10368236043680120636010BDEF
S21403B2000020FCE710B50446FEF7F6F9B0F5006F2C
S21403B210204605D1FEF703FABDE8104002F084BCD1
S21403B220FEF719FABDE8104003F016B808B502F0A9
S21403B2307BFCFF280CD002F0CFFC10F0010309D0F2
S21403B240400840EAC17080F0010000F0010008BD2C
S21403B2500020FCE71846FAE71FB500F582300B22FC
S21403B26001A900F5C070D0F709FD9DF80E0005B0E2
S21403B2705DF804FB30B589B001F0010503A9044667
S21403B280F5F71AF89DB190B9204602F0A5FC10F028
S21403B290010109D0204602F09FFC430843EAC1732C
S21403B2A083F0010303F0010103A8F2F76DFB2046C8
S21403B2B0F5F79AFF9DF81430294600932046BDF80B
S21403B2C0162003ABFCF79EFB09B030BD7FB50C46DA
S21403B2D00546F4F7B7FBA04217D04FF6F7739C4228
S21403B2E013D805F5823606F5C0760B2201A930463B
S21403B2F0D0F7C4FC01A90B223046ADF80C40D0F7BA
S21403B300E9FC21462846F4F7EFFB04B070BD10B500
S21403B3100446DBF797FDA0420FD92046F4F792FBCD
S21403B3204FF6FF73984208D020460021FFF7A2FF8E
S21403B3302046BDE81040F5F719B810BD10B5044611
S21403B340FEF7ECFB0023024619462046BDE81040F4
S21403B350F5F766B92DE9F04114460F4605469846BB
S21403B360FEF73CFA0646043002F080FE20802846AC
S21403B370FEF797F96080B379791CE372C9B2284661
S21403B380F7F724F8B91CA072C9B22846F7F71EF8D7
S21403B390FE1C2072F6B2B8F1000F18D031462846CC
S21403B3A000F097FA0537FEB23146A080284600F033
S21403B3B090FAB11CE080C9B22846F7F707F8607226
S21403B3C0217AA0880122BDE8F041F5F749BE20881E
S21403B3D0EAE72DE9F04186B090461E4604460D4640
S21403B3E0FEF79CFB4FF6F7739845074632D80523BE
S21403B3F0A0428DF80C304FF0010214BF0123002346
S21403B4004FF0000118BF8DF80D30CDE9002114BFB1
S21403B410ADF80E008DF80D30284614BF0423022322
S21403B42003AA00F00FFB0546A0B1A7421AD0FEF709
S21403B430D5F9074621460430803E02F019FE204621
S21403B440FE7104A9FFF7CDFE40B9204604A9E7F72D
S21403B45029FA18B9002006B0BDE8F081284604A9E9
S21403B46000F07EFB41462846FEF78DFFF3E703799F
S21403B47023F00303194301F03F010171704707B539
S21403B4800DF10701F5F792FC03B05DF804FB08B570
S21403B490FFF7F5FF18B1BDE80840F5F7D7BC08BDC0
S21403B4A000224FF6FF701146F5F7DABD10B50446D5
S21403B4B0FFF7E5FF024638B901462046F5F7D0FD0B
S21403B4C0003818BF012010BD0120FCE7F8B5174669
S21403B4D004460E46FFF7D3FF0546386068B1037986
S21403B4E003F00303337023B93A68137903F03F0379
S21403B4F013713B685C882046F8BD01462046FEF77C
S21403B50051FD074628B1E8F7D3FB874201D83570CB
S21403B510F1E731462046FCF701FF0028EBD0032372
S21403B5204FF6FF743370E6E707B501AA0DF1030182
S21403B530FFF7CCFF9DF8033053B9019828B1037980
S21403B54013F0300F14BF0120002003B05DF804FB96
S21403B5500020FAE72DE9FF410646104688461546C1
S21403B560F4F7A0FA0746FEF7D9FA044648BB4FF6A7
S21403B570FF739E4225D09F4206D00146384604B04C
S21403B580BDE8F041EBF75EBE07238DF804302B6869
S21403B5900246CDF805306B68092101A8CDF80930BD
S21403B5A0FEF737F9024618B9192004B0BDE8F08152
S21403B5B0012341463046F1F7AFF80028F4D0204681
S21403B5C0F3E70220F1E72DE9F04390460F460646DF
S21403B5D04FF0010991B00BA803ADFCF73FFB07AC96
S21403B5E029460BA8ADF82C90FCF7CDFC95E80F0088
S21403B5F084E80F004B46002239463046CDE9004822
S21403B600F1F7A6F911B0BDE8F0832DE9F04F002756
S21403B61085B081460C467E2039469846BDF83CB038
S21403B6209DF844A0BDF84C500192ADF80E7002F0A0
S21403B630CFF80646002800F0AA8002F055F83946EF
S21403B6407E22DEF787FC304602F04EF80090304646
S21403B65002F04AF8B9F1FF0F0CBF274644F0030780
S21403B6603B0A14F44062077043705FD14FF008083A
S21403B670C31C184642460199DEF7BEFC034604F493
S21403B6804044434484B1790606D419464FEA1B2244
S21403B69001F802BB5A700B46B4F5004F56D0A4F51A
S21403B6A0404254425441E400224618460E99DEF7BF
S21403B6B0A3FC009A03462044A0EB02085FFA88F82E
S21403B6C09DB14FF47C521A53841C284602F00CF8A2
S21403B6D08346284602F024F8C5B22A465946204631
S21403B6E0DEF7C8FD60190235EDB2B9F1FF0F2FD0B2
S21403B6F05246109900F8019BDEF7BCFD08F10101E4
S21403B7005AFA81F129443046E6F74EFD0C21002211
S21403B710FF0007F0800710463943FEF73DF8ADF803
S21403B7200E00E8B9002005B0BDE8F08FB2F5006F53
S21403B73080F803804FEA182880F8048000F1050398
S21403B74014BF4FF008084FF0020892E70224ABE755
S21403B75008EB0A0129443046E6F726FD0821D6E71A
S21403B760304601F0C1FF0446304601F0D9FF0123FD
S21403B770024621460DF10E00E6F780FD0028D1D1E2
S21403B7800121BDF84820BDF80E0001F0F9FFBDF811
S21403B7900E00C8E710B50C46098821B90846F6F727
S21403B7A063F9208008B1012010BD0220FCE72DE9D3
S21403B7B0F04780460F460646002402F1FF39BC4296
S21403B7C002D219F8015F25B9A6EB080080B2BDE8DE
S21403B7D0F0879A46A5F13102012A5AF8041B10D8BD
S21403B7E03246322D02F8011B06D10134A4B2A74219
S21403B7F032D30912B21C7170013453461646A4B2F2
S21403B800DDE7342D0CD10334BC42DDDA0B0A31708C
S21403B81073700B0C090EB370321DF170A4B2EBE714
S21403B820A5F13302062A0DD8303DADB22B19BB4223
S21403B830CADA2A463046013CDEF7DEFB15FA84F404
S21403B8407219EBE7A5F14102062A01D8373DECE76A
S21403B8509D8803F1080AE9E71646B5E770B505467D
S21403B86000880C4601F05CFFA04228880AD201F04B
S21403B87057FF0023221A19462846BDE8704092B2A5
S21403B880E6F7FCBC2146E6F78FFC002070BD38B512
S21403B890054601F029FF0446284601F041FF002231
S21403B8A001462046BDE83840FDF7B3BFF8B5164657
S21403B8B00C461D46BDF8187001F016FF04443046CA
S21403B8C001F012FF3A4641192046BDE8F840DEF77C
S21403B8D093BB70B50C46013189B20646F6F776FD82
S21403B8E0214605463046F6F771FD00EB052080B28B
S21403B8F070BD1FB50123ADF80C2000930A46022342
S21403B900014603A802F0B3FC05B05DF804FB0FB4D0
S21403B91037B5069D0021A8B201F05AFF044601F090
S21403B920E3FE2CB1002207AB0193D1B28D4205D8BA
S21403B930204603B0BDE8304004B0704753F8041BFC
S21403B94081540132F1E773B504460D4640200021C9
S21403B950164601F03DFFADF8060001F0C5FEBDF842
S21403B960063013B9002002B070BD402133462A4684
S21403B9702044FFF71CFF211889B20DF10600FFF7DC
S21403B9806DFF0028EED1BDF80600ECE70EB403B554
S21403B99003AA52F8041B0192FFF7D5FF02B05DF825
S21403B9A004EB03B070472DE9F7430F4601218146A8
S21403B9B0164601F0D1FE054658B1FFF768FF308002
S21403B9C088B9284601F0ACFE68B1192003B0BDE87B
S21403B9D0F083484601F0A4FEFF2FA0EB0704E4B271
S21403B9E014D014B934800020F0E72A4621462846AE
S21403B9F0FDF70FFF80460028E7D03B464A46294618
S21403BA000094FFF753FFA6F80080ECE70120DDE77C
S21403BA1008B5FDF7E3FE437803F001001A074CBFB1
S21403BA2010300830DB0644BF0830C0B21030C0B256
S21403BA3008BD10B50C4601F073FEA04234BF0020CB
S21403BA40012010BD7FB514460091024641F209213C
S21403BA5041F609209DF820601D46002E18BF0146BA
S21403BA60099B0020F6F7DAFCADF80E0010B90020AB
S21403BA7004B070BD01232A4621460DF10E00E6F7F9
S21403BA80FDFB0028F3D1BDF80E00F1E738B50546F7
S21403BA90FFF7BEFF0446284601F042FE631C9BB236
S21403BAA083420FD82846FDF799FE43785B0707D5F0
S21403BAB021462846F6F78AFC013004EB4004E4B23C
S21403BAC0204638BD0024FBE71FB5ADF80E0001F095
S21403BAD027FE0446BDF80E00FFF7D8FF00F10E035D
S21403BAE0DBB2BDF80E200146E01A80B20090104685
S21403BAF0FFF7DCFEA4F10E0189B20DF10E00FFF78D
S21403BB00ADFE04B010BD4278034612F0080006D01E
S21403BB10D20702D403F10800704703F10900704707
S21403BB2037B505460C46FDF759FE437813F0100269
S21403BB3012D09CB103F001021B074FF00003294605
S21403BB40009320464FF0080354BF1832203202F009
S21403BB508EFB012003B030BD1046FBE72046F9E715
S21403BB6073B505460C46FDF739FE437813F010020D
S21403BB7011D094B1012603F001021B0729464FF0AA
S21403BB800803204654BF18322032009602F06FFB9B
S21403BB90304602B070BD1046FBE72046F9E700F0DA
S21403BBA00303012B08D0C30606D400F00C000C28B0
S21403BBB014BF08200920704702207047034611F07F
S21403BBC0030005D003F00303022B14BF0220032057
S21403BBD07047F8B50C46064601F0A2FD631C834287
S21403BBE002D900252846F8BD21463046F6F7EEFB77
S21403BBF00746FFF7D4FF3B060546F3D50444304615
S21403BC0001F08EFDA4B2631C9BB28342E9D82146A1
S21403BC103046F6F7DBFB01463846FFF7CFFF2844EE
S21403BC20C5B2DFE770B506460D46FFF7D2FF0446FA
S21403BC3010B90024204670BD29463046F6F7C6FBE9
S21403BC408206F7D5304601F06BFD2544ADB26B1C7A
S21403BC509BB28342EDD829463046F6F7B7FB00F091
S21403BC601803082B14BF05340634E4B2830644BF16
S21403BC700834E4B2DEE738B50546FFF707FF0446A7
S21403BC8008B9002038BD01462846FFF7CBFF002839
S21403BC90F7D02044C0B2F5E72DE9F04387B0054658
S21403BCA00C46FDF79BFD804602F0E0F90746284662
S21403BCB0FFF7ECFE064601462846FFF78AFF0022FA
S21403BCC0034600922946324602A802F0D0FA9DF8AF
S21403BCD0086006F00C030C2B06F003090BD0B9F131
S21403BCE0010F59D0F10657D49DF809300DF10A0516
S21403BCF00020637107E0FF230DF10900637102F072
S21403BD00B5F90DF10B05208198F80130DA0704D553
S21403BD1008F1020002F0AAF92081B9F1010F5FFAD7
S21403BD2089F83DD0F3063BD4284602F09FF960809D
S21403BD30A81C02F09BF9053515F8013C20802371F9
S21403BD402B78B006A37206F0400348BF43F02003E7
S21403BD50390627D543F40073F80448BF43F48063D9
S21403BD60390548BF43F400633206E38011D56A7889
S21403BD7012F003020DD06FEA43436FEA5343A978E8
S21403BD80B8F1020FE3800B4611D1EB7841EA0321A9
S21403BD90218107B0BDE8F083FF230DF10905A7E76E
S21403BDA0FF23CCE77A0648BF43F48073D4E7012A1F
S21403BDB004BF0B029BB22381EBE7F7F70BB80BB17B
S21403BDC0F7F774B80AB9F7F7EDB8FF21F7F716B81F
S21403BDD0431C08BF0020DFF773BB0000034B586803
S21403BDE0C0F30800003818BF0120704700ED00E0DC
S21403BDF0014B1868704700BFE4620020084B1B6FB6
S21403BE0003F00703022B04D0032B05D0012B05D028
S21403BE10FEE7044B18687047034BFBE7034870477D
S21403BE2000800050E4620020EC620020002D310107
S21403BE3008B5FFF7E3FF054B1B6FC3F3013301336D
S21403BE40B0FBF3F0024B186008BD00BF0080005043
S21403BE50E06200200048704700B4C40400487047FE
S21403BE60002D3101014B1868704700BFEC620020BB
S21403BE70174A9368C3F304430C2B0AD8DFE803F08E
S21403BE800B0909090909072119091B1D1F00114878
S21403BE90704700207047936803F04073B3F1807FC8
S21403BEA011D0B3F1007F10D0002B0B4818BF002031
S21403BEB070470A4870470A4870470A4870470A4856
S21403BEC070470A4870470A4870470A48704700BFD9
S21403BED00040015A405DC60000093D00C0EA21014A
S21403BEE080BA8C010048E801005A62020024F4007C
S21403BEF080841E0040420F00014B1868704700BF45
S21403BF00E862002007B500F065FC6A4600F0C2FC54
S21403BF1018B14721034801F0CBFFDDE9000103B068
S21403BF205DF804FB2FE903000229F8B596BF104B12
S21403BF3000245C5C012805460E4608D0022809D07A
S21403BF4008B944F002040B4B1F6837B9F8BD44F038
S21403BF500804F8E744F02004F5E77B681A681442FF
S21403BF6003D0314628465B6898473F68EDE700BF35
S21403BF706E800400F837002038B5104D2B78ABB12F
S21403BF800F4C23781BB100F031FA002323700020F6
S21403BF9001F0A1FF0B4C50B100F07AFA0023012107
S21403BFA020782B70FFF7C0FF0123237038BD0122D2
S21403BFB0054B1A702278054B1A70F7E7DF580020F6
S21403BFC0DD580020E4580020E0580020E158002007
S21403BFD00E490B78FF2B01D198B170470BB990B976
S21403BFE07047002814BF0122FF2213440B7060B170
S21403BFF0074B1B78012B08D9064B1B782BB9FFF789
S21403C000BBBF1A46F1E70122EFE77047E35800206B
S21403C010E4580020E058002010B501F04AFE064B15
S21403C02004461B781BB1BDE8104001F03DBEFFF788
S21403C030A3FF2046F7E700BFDC58002002282DE9BF
S21403C040F04147D029480378FF2B41D1002941D13D
S21403C0501A461344DBB2037000293BD0244E3278D1
S21403C060012A37D9002B3ED001F023FE214F044688
S21403C0703B780BB3204D2B781BB901222A701F4A3D
S21403C0801370DFF87C8098F8003023B100F0AEF927
S21403C090002388F80030204601F006FE012001F058
S21403C0A01AFF01F006FE2B7804461BB100F0F0F9E8
S21403C0B000232B7000233B70204601F0F5FD01247E
S21403C0C03078A04206D02146FFF72EFF347001E0F9
S21403C0D013B931B9BDE8F081002914BF0122FF224C
S21403C0E0B7E70122B5E70224EAE700BFE3580020DA
S21403C0F0E4580020DF580020DC580020E0580020D9
S21403C100DD5800202DE9F04385B0EFF3108572B6B5
S21403C110AFF3008001F0B4FF002800F09280624E77
S21403C120624F337823B10020FFF752FF00233370AA
S21403C130387878B903A900F01DFB044650B95C4B68
S21403C140039A1B689A4200F284800120FFF740FF9F
S21403C150012333703B78002B40F09980554B1B78B6
S21403C160002B00F091804FF00208534CDFF86891E3
S21403C1702078404507D099F8003013B94146FFF7B9
S21403C180D3FE84F80080B8F1020F0FD1DFF82481C4
S21403C19098F8003053B9494B1B7823B900F020F9BF
S21403C1A00122474B1A70012388F80030207800F0EC
S21403C1B0F7F899F8003013B1424B1B782370AFF3AE
S21403C1C00080284601F082FEEFF3108572B63E4BE0
S21403C1D01A7852B100221A703A4B20781B7898428C
S21403C1E003D101212170FFF79FFE384800F082FA41
S21403C1F001F05AFF8046002893D12E4F3B789BB11F
S21403C20089F80000DFF8B89099F800301BB100F009
S21403C210EDF889F80080002001F05DFE002839D093
S21403C22000F036F900233B70337823B10020FFF784
S21403C230CFFE0023337000212078FFF775FE00231E
S21403C2402370AFF30080284605B0BDE8F04301F045
S21403C2503DBE1F4BD3F8008000F048F9039B804493
S21403C2609845BFF472AF00F03BF98200039942F0A1
S21403C270020292B2CDE900422346164AA1EB080118
S21403C280124801F02AFE65E700F09CF86BE74FF0D2
S21403C29001086AE7012000F083F8284601F016FE3D
S21403C2A0EFF3108572B6B6E7DE580020E358002099
S21403C2B000380020DF580020E4580020E258002011
S21403C2C0DD580020E1580020DA580020043800200A
S21403C2D0FC37002019C00300E058002010B501F019
S21403C2E0E8FC0022054B1C781A7001F0DDFC00F018
S21403C2F005FBE4B22043C0B210BD00BFDB580020EC
S21403C30038B501F0D6FC094B05461B78012B04D83B
S21403C31001F0CAFC0024204638BD054B1C6800F01B
S21403C320E5F80444284601F0BFFCF4E7E45800208F
S21403C330FC3700201549164A0B6F10B503F00703A8
S21403C3401360144A144C9269032B02F00200C2F3E2
S21403C3504002227017D0D1F8203103F00703022BD6
S21403C36011D0D1F8803203F001030C4A137048B1A0
S21403C37043B9064BD3F8003103F00303591E4B426F
S21403C3804B41137010BD0123EFE700BF0080005040
S21403C3906038002000C00150E9580020EA58002009
S21403C3A0012805D00238012808D80020CDF7F4B9B3
S21403C3B0034A136923F00403136130BF704700BFB9
S21403C3C000ED00E0044B054AD3F8203103F00703E1
S21403C3D01360F7F7ABBF00BF00800050683800203B
S21403C3E00122014B1A707047E8580020F8B51F4B1E
S21403C3F01B78002B39D01E4C2378B3B91D4B9A6D8E
S21403C400D10302D5DA6D92072FD49B6DDB072CD4AC
S21403C41001F0A6FD184B194A1860136F23F00703A3
S21403C42043F003031367FFF703FD01F099FD124B77
S21403C430134D1B68134EC01A2B78134F56F8232040
S21403C44046F82300111A3A681048521A0A213A602D
S21403C4500932B2FBF1F20133DBB20260B3FBF1F255
S21403C46001FB12332B7000232370F8BDEA5800201B
S21403C470E758002000C000505838002000800050C5
S21403C480E6580020303800202C38002028380020BA
S21403C49008B5F7F74CFF0D4A0D49136F096823F0EB
S21403C4A007030B4313670B49D2F82031096823F0BF
S21403C4B007030B43C2F82031074B1B7813B1012245
S21403C4C0064B9A62BDE80840FFF7B2BC00800050F6
S21403C4D06038002068380020EA58002000E000504A
S21403C4E0014B1878704700BFEA580020054B1878B0
S21403C4F018B1054B186800EBD000044B1B681844B2
S21403C500704700BFEA580020283800205C38002017
S21403C51008B50D4B1A7892B100221A700B4A136FA6
S21403C52023F0070343F001031367D2F8203123F007
S21403C530070343F00403C2F82031FFF779FC012216
S21403C540034B5A6708BD00BFE85800200080005020
S21403C55000E000500D490B68A0B10022A3B183424E
S21403C56003D1836822B90B6003E01A469B68F5E79C
S21403C570936083680BB9002070475A6941690A447F
S21403C5805A61F8E72220704702207047743800206B
S21403C59010B501F001FD0A4C0A4B19682368C31A4B
S21403C5A009B9206010BD002BFBD04A699A423ABFF6
S21403C5B09B1A0022D21A4A6128BF00238968EFE734
S21403C5C0703800207438002038B5154D2B682BB30F
S21403C5D05B69B3B1134A022014681C4400F088FA5E
S21403C5E0204600F047FA00220F492B680A70012AFA
S21403C5F005D823B1D88880070AD501230B700020FD
S21403C60038BD022000F074FA022000F093FAEAE73D
S21403C6109B68002BF3D058690244E8E72220EFE733
S21403C6207438002070380020EC580020C38870B59A
S21403C63004460D463BB9FFF763FE8542064602D223
S21403C640F8F754FF35460E4A656113689BB91460C4
S21403C650A3600FE02D1A986819466561034618B162
S21403C6605869A842F6D941B18C60A36013B15A69E0
S21403C670521B5A6170BD0021F2E71460F5E700BF54
S21403C6807438002070B516469DF81420C0E90336AA
S21403C6900271049ABDF818300260002204460D4663
S21403C6A08260C38006BB01F077FC2844A0613DB9D5
S21403C6B0E368656113B120462168984796B135460D
S21403C6C001F0F7FA0646FFF763FF29462046FFF711
S21403C6D0ADFF074B1B68A34201D1FFF775FF30463A
S21403C6E001F0E2FA002070BD01F056FC3044DDE7AD
S21403C6F074380020F8B50546D0B101F0DAFA0646DC
S21403C700FFF746FF0B4B28461F68FFF723FF044639
S21403C71020B1304601F0C8FA2046F8BDAF42F8D142
S21403C720FFF752FF2228F4D1022000F0EDF9F0E7DC
S21403C7302224F1E77438002038B50C460546A8B124
S21403C740A1B100230B7001F0C1FA0121084B1B684D
S21403C75033B901F0B6FA002038BD9D4204D12170EA
S21403C7602278002AF9D0F4E79B68F1E72220F3E762
S21403C77074380020F8B506460F4601F0A7FA0025E0
S21403C7800446124B1B6823B9204601F09AFA1B2075
S21403C79011E05A691544DA88B2420DD101F0FCFB68
S21403C7A00B4E3368C01AA8420AD3002320463B60C8
S21403C7B001F087FA0020F8BDFF2EEFD09B68E2E772
S21403C7C001F0EAFB33682B441B1AEFE774380020AA
S21403C7D07038002070B501F079FA064601F0DCFBEC
S21403C7E0084B044601201D6801F0C6FB18B101F092
S21403C7F0D3FB04460135304601F063FA204629464A
S21403C80070BD00BF7C380020014B1868704700BF1E
S21403C81078380020F8B50C4B05461B680E46834255
S21403C8200FD3002440F2E7302146084B4FF47A72C8
S21403C8301F680023E5FB0701DDF720F8306020467C
S21403C840F8BD2120FCE700BF6C38002078380020B4
S21403C8500F4B10B51A689AB14FF47A71531E1342F0
S21403C860A0FB01010ED1B2FA82F2C2F11F04531CDF
S21403C870D243E04001FA03F3184321FA02F20243DB
S21403C880104610BD0023DCF7F9FF0246F8E700BFA9
S21403C8907838002038B5164B14468342154B8B4127
S21403C8A023D3154B1A6802B34FF47A75A0FB05031E
S21403C8B005FB0131531E134211D1B2FA82F3C3F1C1
S21403C8C01F055A1CDB4301FA02F2E84021FA03F380
S21403C8D010431843E940C4E90001002038BD002393
S21403C8E0DCF7CCFFC4E90001F7E72120F6E700BF39
S21403C8F0EFA7C64B378941007838002010B501F002
S21403C900E5F9034B1C7801F0DCF9E4B2204610BDD0
S21403C910EB58002008B5084B1B7803F0FF004BB11B
S21403C92001F01EFB054B1B689B69C01A02288CBFCF
S21403C9300020012008BD00BFEC58002074380020FA
S21403C940C2072DE9F843044607D5474A136801335F
S21403C9501360FFF71DFEFFF737FEA30740F1818044
S21403C96001F0B4F94FF0000805464646FFF710FEFF
S21403C9703E4F3C680CB16369A3B100223C4B012EC9
S21403C9801A7003D118F0020F18BF1E70FFF71CFEB3
S21403C990222802D1022000F0B7F82846BDE8F84363
S21403C9A001F08FB923465A693AB91A792179914227
S21403C9B088BF1C469B68002BF5D1284601F081F9F9
S21403C9C0D4F81080B8F1000F3FD001F0E5FAA26961
S21403C9D0851AEB17454573F1000337DB23691344C8
S21403C9E0A36101232269CAB1C3B9A38BB8EB0508B7
S21403C9F033B1E28B13449BB2B3F57A7F1CD2E38345
S21403CA0001F064F9054641462046FFF70FFEA36989
S21403CA10226928461344A36101F053F9E36813B16E
S21403CA20204621689847B4F8068001F04FF901368E
S21403CA300546FFF7ADFD9CE7A3F57A73E383A36989
S21403CA4018F1FF38013BA361DAE7454601F03EF9EA
S21403CA5081462046FFF77EFD484601F032F9002363
S21403CA60C0E7BDE8F88300BF7C3800207438002098
S21403CA70EB58002010B5044601F01BF94FF0B04206
S21403CA80936A1907FCD4136A116C5269120704D40B
S21403CA90CA1A032A01D899420ED1E21A022A98BF6B
S21403CAA0DC1CB4F1FF3F38BF013C4FF0B043082213
S21403CAB01C6403F580539A6101F0F6F8054A13786F
S21403CAC03BB14FF0B041CB6B43F00203CB63002383
S21403CAD0137010BD7D68002007B5044B01A91879B3
S21403CAE001F08DF9019803B05DF804FBB07E0400F5
S21403CAF000F001038207034A48BF43F0080393612B
S21403CB00704700BF00100058820700F001030AD5E3
S21403CB100121064A43F0080311704FF0B041CA6B77
S21403CB2022F00302CA63024A936170477D680020BD
S21403CB3000200058830742BF0822014B5A61704702
S21403CB400010005873B502AB164603E90600044608
S21403CB5000F052FF0546204600F05EFF9DF80020D9
S21403CB608DB1202C33780ED8012B2ED84FF6FF75B7
S21403CB702D4803EB4313234430F81310A94202D085
S21403CB80013120F81310294B294E33F8141036F8C8
S21403CB901400814232D34FF6FF75A9424FF00105C8
S21403CBA002D0013123F8141004F0FD01092927D11E
S21403CBB0998AB68A0A44B242B4BF9A829E8233F8EE
S21403CBC01430834227D202B070BD022BDBD14FF65E
S21403CBD0FF704FF6FF75144B33F81410814218BFDD
S21403CBE0013104F1210018BF23F8141033F8101094
S21403CBF0A9421CBF013123F81010C4E70025D0E773
S21403CC001D2CDCD1598F8E18864203DA01390A446B
S21403CC105A87D4E75887002DD5D1204602B0BDE801
S21403CC20704001F0D4B900BF04530020DC53002049
S21403CC308853002038B50D46044601F047F8064AE7
S21403CC4013889BB22DB123431380BDE8384001F00F
S21403CC5038B823EA0403F7E7CA5700200022034B39
S21403CC6001214FF480701A70FFF7E4BF1A5F0020AB
S21403CC7008B5054B1868FCF7C1FB00F00300C31E9C
S21403CC805842584108BD00BFFC4F002038B5044643
S21403CC9001F03BFA0C4B05461978187981420FD000
S21403CCA0631E082B0CD8DFE803F0050D0B0D0B0DE8
S21403CCB00D0D0D0000220146044B1868FCF79CFB83
S21403CCC0284638BD0022F7E7AB680020FC4F00205B
S21403CCD038B54FF0FF300C46FFF77AF80A4B054697
S21403CCE01868FFF775F8641B241A20B210F1630F57
S21403CCF006DB10F1240F05DA64308000C0B238BDBD
S21403CD000020FCE7FF20FAE7FC4F002008B5134B92
S21403CD101B78062B04D040F62101114801F0C8F811
S21403CD20104B1B881B0704D440F622010C4801F065
S21403CD30BFF80D4B2A201978FFF7A8FF002108201B
S21403CD40FFF778FF0222094B1A70094B1868E3F7BE
S21403CD50ADFDBDE8084001F027B900BF1A5F00200B
S21403CD603D7B0400CA570020175F0020E0680020C0
S21403CD70FC4F002010B50E4C236823B940F6A341A0
S21403CD800C4801F095F82068013001F06FF900F0C7
S21403CD90070003280AD1246809220121204600F04F
S21403CDA0E3FB205C031F5842584110BD0020FCE7FC
S21403CDB0EC4F00203D7B040038B50C4640B1002103
S21403CDC00420FFF737FF01F0EFF8012C1DD038BD24
S21403CDD0244B1B889B07F6D50129234A2FD11178AC
S21403CDE069B30139C9B2117011B92020FFF722FFC8
S21403CDF000210220FFF71EFF04221C4B00211C48C3
S21403CE001A7000F05DFD01F0CFF81A4C206801306F
S21403CE1001F02CF900F44060B0F5006F1FD12468D0
S21403CE2001210422204600F09FFB204401F01EF956
S21403CE300146BDE838400022202001F0E0B800217A
S21403CE400D4D02201170FFF7F5FE2B78FF2B04D053
S21403CE5040F29961094801F02BF82C70B3E74FF6BE
S21403CE60FF71E6E7CA570020195F00201A5F00200B
S21403CE70EC650020EC4F0020E16800203D7B0400B9
S21403CE8038B5134C05462388580709D5FFF7F0FE37
S21403CE9001460720FFF7FAFEFF210120FFF78CFF6C
S21403CEA0238899070BD50B4B284619788A1F5142BE
S21403CEB05141FFF7EBFE01210020FFF77DFF23889A
S21403CEC01B0703D5BDE83840FFF720BF38BD00BFBA
S21403CED0CA5700201A5F0020F7B5124CD4E9006544
S21403CEE086EA020C85EA03070CEA000C0F405CEAAC
S21403CEF0070E15D086EA0C067D40C4E90065CDE929
S21403CF0000230B46084902460868FBF739FE38B18A
S21403CF104FF4FD71054803B0BDE8F04000F0C8BF0C
S21403CF2003B0F0BD50160020FC4F00203D7B0400EC
S21403CF3008B50A4B1B88DB0604D440F647010848AD
S21403CF4000F0B6FF00211020FFF774FE002000F06B
S21403CF506BFBBDE8084001F027B800BFCA570020A6
S21403CF603D7B04002DE9F04F5706804614461D46C8
S21403CF7091B005D5FFF77CFE01460120FFF786FE3C
S21403CF80EE0403D500212D20FFF780FEA00224D552
S21403CF904046FCF7DFFA0146F8B94020FFF74AFEA1
S21403CFA040460AA9FBF7B3FEB8B99DF83030022B0A
S21403CFB040F0D980BDF8280000F0B6FDFF2808D160
S21403CFC04046FBF7A2FE40B901214020FFF732FEA0
S21403CFD003E000F0C3FD0028F2D1A10305D5FFF757
S21403CFE047FE01460320FFF751FEE20104F0807678
S21403CFF040F1C080854B1B889B072DD5844E306837
S21403D000FBF71AFE40BB834B834F18703B78FF2B0E
S21403D01004D040F25761814800F04AFF4FF0000900
S21403D02000210220FFF706FE87F800907C4F3B782E
S21403D030062B07D101210820FFF7FCFD49462820CF
S21403D040FFF724FE3B78052B06D100212B20FFF7A4
S21403D0501DFE3068E3F72AFC00F0A6FF220717D56B
S21403D0606B4F0321386805AAFBF700FE064620B976
S21403D07040F2C961694800F01BFF9DF81430072B86
S21403D08000F0D080FFF7F4FD01460420FFF7FEFD15
S21403D090E10505D5FFF7ECFD01460420FFF7F6FD95
S21403D0A014F4863F05D0FFF7E3FD01460220FFF7A1
S21403D0B0EDFDA20113D5FFF7DBFD01460820FFF7C0
S21403D0C0E5FD00210420FFF7B5FD554B1B78012B2A
S21403D0D003D14F4B1868E3F7E9FB00F065FF14F044
S21403D0E0084F09D0FFF7C4FD01460720FFF7CEFD22
S21403D0F0FF210120FFF760FEA30009D5FFF7B8FD67
S21403D10001460620FFF7C2FDFF210120FFF754FE6C
S21403D110A70705D53D4B1B881E0701D5FFF7F6FD70
S21403D1206C0603D500210A20FFF7B0FD280602D5BA
S21403D1300120FCF720FAE90540F1858140460AAA5A
S21403D14005A9FCF757F99DF81430222B00F06D81E2
S21403D15000F28281152B40F26A8140F60A112F48AD
S21403D16000F0A6FE6FE1032B7FF437AF0AA801F0A9
S21403D17067F830E705F0020756EA07030DD0284B99
S21403D18026201978A1F1060EDEF1000141EB0E010F
S21403D190FFF77CFD0121304611E004F0805656EA85
S21403D1A007030FD01E4B26201978A1F1060CDCF1DD
S21403D1B0000141EB0C01FFF769FD02213846FFF73A
S21403D1C0FBFD4BE704F0884151EA060309D0144BF4
S21403D1D0272019788F1F79427941FFF757FD0221DF
S21403D1E0D9E705F008030B4302D02320FFF74EFDD3
S21403D1F0680703D500212420FFF748FDE9077FF5DC
S21403D2002DAF00212520FFF741FD27E7CA57002051
S21403D210FC4F0020195F0020E16800203D7B0400DE
S21403D2201A5F0020314638680AAAFBF725FD20B1AD
S21403D2304FF4DA619E4800F03BFEBDF816303868BE
S21403D24002330AA9ADF82C30FBF718FD20B140F2E3
S21403D250DF61974800F02CFE002300933146042339
S21403D260386804AAFBF70CFD042804D040F2E461F6
S21403D2708F4800F01DFEDFF8589299F80030C3BBC4
S21403D2800DF1110000F0F2FE00F00700022830D185
S21403D290FFF7EEFC01460920FFF7F8FC854B1B78E9
S21403D2A0062B23D1844B9DF813201B789A421DD15D
S21403D2B09DF8353023B940F2FA617D4800F0F8FD59
S21403D2C00DF1110000F0D2FEC0F3001631462920FE
S21403D2D0FFF7DCFC00210820FFF7ACFC774B1E7041
S21403D2E0FFF748FD10B93868E3F7E0FA00F05CFE94
S21403D2F0CEE6BDF816000121083080B200F068FAC9
S21403D300039030B9FFF7B4FC01460420FFF7BEFCD8
S21403D310ECE700F0E9F905AA014606463868FBF78C
S21403D320B7FC99F800A0BAF1000F22D106F1010B61
S21403D330584600F09BFE83065AD53868FCF70AF970
S21403D3400746FFF795FC05370146F8B2FFF79EFC44
S21403D350584600F08BFE00F007000328584F2DD0E8
S21403D36001210420FFF766FC4FF0FF30FBF7AFFC0C
S21403D370386000225349BDF816300978F718F1547F
S21403D3809DF83630BB709DF83730FB700A9B190E3C
S21403D3903971190C7971FB71190A99F80030B97152
S21403D3A023B9737892B343F020037370002000F020
S21403D3B069F97870039800F071FA97E7012109225A
S21403D3C0304600F0D1F8305C01210428C9D1FFF7BC
S21403D3D031FC4FF0FF30FBF77AFC3B4B38601B8881
S21403D3E05806C6D551464020FFF724FC0122C1E764
S21403D3F0FFF73EFC01460920FFF748FC2D4B1B7840
S21403D400012BB6D13868E3F751FAB2E723F02003CD
S21403D410CBE701227E33DBB202FA03F313F00A1FD3
S21403D42031D113F0011F3FF498AE27202CE00122E0
S21403D43002FA03F3254A1A402ABB13F0041FF4D159
S21403D440DA077FF58AAEAB052FD50121802011B010
S21403D450BDE8F04FFFF7EEBB652B1AD8622B12D848
S21403D460452B0CD8422B0ED8352B06D8322B0AD890
S21403D470252B08D9322BD8D06FE6422BFBE7552B4A
S21403D48005D8522BF7D92620FFF7FAFCDBE7622BE9
S21403D490F1E7952B3FF661AE812BBAD8722BC4D039
S21403D4A0733B022B3FF659AEEDE711B0BDE8F08FA4
S21403D4B03D7B04001A5F0020165F0020E068002012
S21403D4C0E84F0020E2680020CA5700203A003800E0
S21403D4D01D5F0020024B1878B0FA80F040097047B1
S21403D4E01A5F002008B5064B4FF0FF311868FBF7AC
S21403D4F0A7FF0028B8BF033040F3870008BD00BF6E
S21403D500FC4F002008B5074B1868FBF7CEFA30B17E
S21403D510054BB3FBF0F083B20BB1184608BD0120F0
S21403D520FCE700BFFC4F002040420F0038B5102038
S21403D5300C460121FFF77EFB064B1D68FFF7E2FF53
S21403D540012200FB04F1044B2846FBF75EFF002094
S21403D55038BD00BFFC4F002031CF0300014800F068
S21403D560A7BC00BF577B0400032A70B5144602D835
S21403D5702C4B985C70BD81F0010519B90D2A07D1B3
S21403D580FF20F7E70D2A03D100780538C0B2F1E78C
S21403D590084400F06BFDC5F1040110F44066024632
S21403D5A0C9B209D1042C0846E4D0052C16D112F0D2
S21403D5B0400F18BF0846DDE7C5F10603042CD8B2B2
S21403D5C0D8D0B6F5006F03D1C5F10805E8B2ECE78D
S21403D5D0B6F5406FE9D1C5F10E05F7E712F4404101
S21403D5E007D1062CC6D0072CC4D0082C13D1013083
S21403D5F0CCE755065CBF831CD8B2062CBAD0B1F56F
S21403D600004F02D1831CD8B2EDE7B1F5404FEAD103
S21403D61000F10803F7E7130744BF0530C0B20C2C2C
S21403D620A8D9ADE794C60400AC2370B5094C0546EB
S21403D63003FB00435E6D26B940F2FD31064800F059
S21403D64037FCAC2303FB0544002363653346BDE880
S21403D6507040184700500020947B040010B40C461A
S21403D6601146AC22064B02FB0033586D20B95C65AD
S21403D6705DF8044BFFF75ABF02205DF8044B704772
S21403D68000500020AC22034B02FB003393F8A800A3
S21403D690704700BF0050002028B1034B1B68C01A18
S21403D6A04010013080B27047C050002030B1044BA8
S21403D6B000F100401B68013803EB4000704700BFD1
S21403D6C0C0500020064B1B68834206D8054B1B68D8
S21403D6D0834294BF0020012070470020704700BF9C
S21403D6E0C0500020BC50002010B5044608B90020E6
S21403D6F010BD00F018FD20B940F2CD41074800F0F8
S21403D700D7FB2046FFF7D2FF0028F0D00388DB0BB9
S21403D71014BFD0F80A000830EAE700BF6B7B0400AA
S21403D72010B508B9002010BDFFF7C0FF044600F08F
S21403D730F1FC20B94FF49D61064800F0B9FB002CBC
S21403D740F0D02388DB0B0ABF60882089C0F30C0067
S21403D750E9E700BF6B7B040038B5FFF7A7FF0D466C
S21403D760044650B100F0D6FC20B940F241510348BC
S21403D77000F09EFB023534F8150038BD6B7B0400C1
S21403D78070B5FFF793FF0C4616460546B0B100F09A
S21403D790C1FC20B940F24D510C4800F089FB3046DD
S21403D7A0FFF784FF00F0B6FC20B940F24E5107485D
S21403D7B000F07EFB023425F8146070BD40F252512F
S21403D7C0BDE87040014800F073BB00BF6B7B0400EC
S21403D7D02DE9F8430746884600F00CFC20B940F2D2
S21403D7E08E512A4800F064FBFC1CA408284B6400F6
S21403D7F00434B7F5005F1E68A4B204D340F2955113
S21403D800224800F055FB00F061FA224981460B6876
S21403D8107BB9214B1D68761BC6F34F06B44227D946
S21403D8200025484600F04DFA2846BDE8F843FFF7C2
S21403D83033BFB8F1000F11D0174A15685A1BC2F34D
S21403D8404F029442ECD81448620005EB440404608B
S21403D850B8F1000F0FD113440B600CE0F61AC6F3B1
S21403D8604F0676B940F2A651084800F021FBD7E7E9
S21403D87005EB44041C6000236F80AB80EB802B8099
S21403D880CFE7B442CCD8044A1568DCE76B7B0400C8
S21403D890C4500020AC500020BC50002038B50546CC
S21403D8A000F014FA044629460448002200F048FC17
S21403D8B02046BDE8384000F004BA00BFD057002029
S21403D8C082684B4B2DE9F0419A4204460E460568A2
S21403D8D015D121B140F21311464800F0E9FA00F0E1
S21403D8E0F5F923691BB92B682BB924612C60BDE8B5
S21403D8F0F04100F0E6B91A6922611C61F6E700F010
S21403D900D0FA8046FEF76AFA20B14FF4957139488B
S21403D91000F0CEFA6FF000439E4221694BD22B7B78
S21403D92008EB0602002B4DD0AB6893424AD1531C3A
S21403D930002949D06169994242D01EB9521AB2F100
S21403D940004F3DD9636123696E689C4203D19D21D4
S21403D950284800F0ADFA2F460023B4420BD0002B24
S21403D96041D172696169891AB1F1004F32D83269BF
S21403D970374694422CD12269BD420CBF6A603A6195
S21403D9807BB92669B44203D1B8211A4800F090FA4D
S21403D9903B46012E05D062697169521AB2F1004FF7
S21403D9A023D99D420BBF6B681A69236122610CBFA2
S21403D9B06C601C6104E0434431B162699342C1D197
S21403D9C0BDE8F0811346B3E76A6822616C60B9E785
S21403D9D01646C6E7A8EB0202B2F1004FC7D93B468C
S21403D9E037463669B9E71F46F9E733463669D0E75F
S21403D9F0A12302007F7B04000823064A12F8011BBA
S21403DA00814205D0013B13F0FF03F7D11846704758
S21403DA100120704745C704000823064A12F8011B75
S21403DA20814205D0013B13F0FF03F7D11846704738
S21403DA30012070473DC7040010B508220749044675
S21403DA40DCF7D4FDB0FA80F04FF6FF732289400965
S21403DA5040009A4208BF40F0010010BD56C70400BC
S21403DA6030B504460D4685B002B9084A10685168B9
S21403DA7001AB03C301AB03CB20602046ADF80C50CB
S21403DA801B886160238105B030BD00BF1305040009
S21403DA90002270B50A4B1C780A4BD5B2AC4202D8AA
S21403DAA000200C7008E01E880132864205D30D70F4
S21403DAB01B881B1A5842584170BD1233EDE700BF4E
S21403DAC0975E002088550020F8B5154B04461D6860
S21403DAD00E46E5B1134B1F78874218D900EB400377
S21403DAE005EBC30526B92B69DA0712D42046F8BD21
S21403DAF008223146281DDCF779FD50B92B69DB0770
S21403DB00F4D40134E4B2A74205F11805F0D1FF249A
S21403DB10ECE70134E4B2A74205F11805E2D1F6E7D3
S21403DB2028510020006900200A4B01461B6830B5C7
S21403DB302BB1094A14780022D0B2844201D8FF20C0
S21403DB4030BD5D888D4202D11D69ED07F8D40132E0
S21403DB501833F1E728510020006900200F4A0346D6
S21403DB601068D0B10E4A12789A4215D919B203EB4F
S21403DB70430300EBC300036913F001000DD0094A09
S21403DB80126832F8112002F4E2622AB913F00C0F7D
S21403DB9014BF012000207047012070472851002041
S21403DBA00069002024510020094B1B686BB1094A09
S21403DBB01278824209D900EB4000C20003EBC00092
S21403DBC00169C90701D5985C7047FF20704700BFFD
S21403DBD028510020006900200C4A0346106890B1C3
S21403DBE00B4A12789A420DD903EB430300EBC300AA
S21403DBF0D0E9043213F001004FF0000104D01846B8
S21403DC001146704700200146704700BF2851002088
S21403DC100069002010B5164B187860B1154C2368C0
S21403DC20CBB14FF4707200201349FFF717FD23683A
S21403DC30013B236010BDFFF755FC1049104A91F9CC
S21403DC400040136884420B4C03F1010313602368FE
S21403DC50B8BF087053B90B4800F09AFA0028E9D108
S21403DC60BDE8104001460748FFF72ABE0822DAE758
S21403DC70795F00204451002015DC0300745F002008
S21403DC803C510020F8670020054B1B682BB9054B59
S21403DC901868003818BF012070470120704700BF7E
S21403DCA0345100203051002010B962B6BFF36F8F95
S21403DCB07047EFF3108072B67047302383F31188F2
S21403DCC0704780F31188BFF36F8F7047EFF31180AF
S21403DCD0302383F311887047002070474FF40040C9
S21403DCE070474FF47A7070470122417803788A4070
S21403DCF030214B4341F2100103F1A04303F5703387
S21403DD005A507047B0F5802F24D010D8B0F5003F96
S21403DD1022D006D828B3B0F5803F14BF0120482090
S21403DD207047B0F5403F14BF01202C207047B0F574
S21403DD30302F13D008D8B0F5E02F11D0B0F5202F30
S21403DD4014BF012010207047B0F57F0F14BF0120C9
S21403DD50062070474B2070472A20704711207047D3
S21403DD602120704708B570B100F022F84FF09843B1
S21403DD705A6CD202FCD5586D10F4702004D0BDE85E
S21403DD800840FFF7BFBF212008BD08B528B12822E9
S21403DD900021DCF7DFF8002008BD2120FCE7036A3A
S21403DDA0042B9FBF00EB83020133D16003627047ED
S21403DDB0036A052B14D84FF09842116CC902FCD5A0
S21403DDC004339B0013650168103B116041681160C2
S21403DDD050F8081F11604FF098420344984200D150
S21403DDE0704750F8041F1160F8E7836813B9816021
S21403DDF070475B685A68012AFBD15960704709B1BE
S21403DE0000F005B822207047012100F043B870B532
S21403DE1006460D46FFF75AFF04461D2E37D8DFE8A1
S21403DE2006F00F18361C1E203622243636362628D1
S21403DE30362A2C2E303636363634363636363632A4
S21403DE40FDF7DCFF002628602046FFF73AFF304642
S21403DE5070BD0120CBF73AFAF4E70320FAE7042073
S21403DE60F8E70C20F6E70220F4E70620F2E707209F
S21403DE70F0E70820EEE70520ECE70920EAE70A20AA
S21403DE80E8E70D20E6E71020E4E70B20E2E70020B2
S21403DE902126D8E70020704708B5FEF733F880B28E
S21403DEA008BD08B5FEF72EF808BD704742DE70477A
S21403DEB038B504460D4600F008F8FFF7FEFE29467F
S21403DEC02046BDE83840FFF7F1BF704710B962B689
S21403DED0BFF36F8F7047012070472DE9FF410D4652
S21403DEE016461F460446A8B14FF00008C0F81C802B
S21403DEF0FEF700FCBDF82C30424602939DF828300E
S21403DF002946CDE9007320463346FEF7BBFB04B033
S21403DF10BDE8F0812220FAE7F0B51F46002387B05C
S21403DF200D46164604468DF81730A8B1C3610DF1A9
S21403DF301701FEF701FC9DF817207AB9BDF83430B7
S21403DF40294602939DF830302046CDE900733346C8
S21403DF50FEF798FB07B0F0BD2220FBE70320F9E7A6
S21403DF6038B5FFF7B3FE054600F016F80446284614
S21403DF70FFF7A7FE204638BD4FF0B04301285B6984
S21403DF8004D0022805D1C3F3C000704703F0010094
S21403DF9070470020704770474FF0B0439A6A1207E5
S21403DFA0FCD4186A7047704708B5FFF7FCFF00F00B
S21403DFB01DF808BD10B5FFF77CFE01210446084690
S21403DFC0FEF73CF82046BDE81040FFF76DBE10B5DF
S21403DFD0044600F012F82046FAF7E5FC2046F7F769
S21403DFE0F4FDBDE81040F9F7ADB9704708B5FFF783
S21403DFF0FCFF08BD0120704770470020704730B50E
S21403E00089B00446ADF806108DF81020FFF7F4FC2F
S21403E01005462046FFF700FD03469DB1BDF8060002
S21403E020ABB900F0BAF8FF2808BF00200DF10F03C4
S21403E0308DF80F001A46204604990593FEF782FDD5
S21403E04009B030BD0028F5D00DF10603F2E700F065
S21403E050A4F8FF2808BF0020BDF806308DF80F008F
S21403E060ADF81A308DF8180006ABE3E70088704762
S21403E0700170090A417070470120704701207047FC
S21403E08038B5DAF7A7FE0446D0F722F9051E18BFFF
S21403E0902546D0F7EFF9041E18BF2C46FFF7ECFF12
S21403E0A0002818BF204638BD38B5FEF717F90446D2
S21403E0B0F6F740FF04281ED002284FF0000508BFDD
S21403E0C00124F7F751FE042817D0022808BF0124BD
S21403E0D0F7F768FB042812D0022808BF0124FFF7CD
S21403E0E0CDFF04280DD0022808BF0124002D18BF39
S21403E0F00024204638BD0125E3E70125E8E701258E
S21403E100EDE70024F5E7FF20704708B5FFF7FBFFB0
S21403E110002008BD08B520B1FFF7D4FA00F00100CF
S21403E12008BD0120FAE708B5FFF7C0FABDE80840C6
S21403E130FFF7F0BF008810B1C9B2FFF70DBB7047F9
S21403E1402DE9F041B0F8008006460C46D5B2B8F18A
S21403E150000F11D029464046FFF7FEFA224607462F
S21403E16029464046FFF70CFB3A4629462046FFF76A
S21403E17007FB3480BDE8F0810F46F5E703461B88AE
S21403E18008468B4202D00021FFF7E6BA002070470C
S21403E1900069003818BF0120704700207047F8B5A3
S21403E1A006460D46FFF748FC0328044621D02846BA
S21403E1B0FFF742FC032807461BD010F0020318D1D2
S21403E1C0A0070DD5F90716D401233C43E20704D470
S21403E1D031892A89914218BF002303F00100F8BD54
S21403E1E0082229463046DCF701FAB0FA80F35B09C9
S21403E1F0EBE70020F3E71846F1E770B50D4600217C
S21403E2000646FFF797FF044630B1FFF76DFA01465F
S21403E2102846FFF7C4FF08B1204670BD21463046A6
S21403E220FFF7ACFFEFE707B50DF10701FFF730FC8B
S21403E23020B19DF8070003B05DF804FBFF20FAE762
S21403E24008B500F009F8FF2804D0FFF7C5FCC0F3B3
S21403E250C00008BD0120FCE701460020FFF734BCE0
S21403E26008B5FFF761FCFF3818BF012008BD2DE98C
S21403E270F84307460846154688461C469DF82090F0
S21403E280FFF732FA4619A4B19EB14046FFF748FAA3
S21403E290254485420FDC2246B9F1000F06D13146EC
S21403E2A03846DBF7A9FE0020BDE8F883394630463A
S21403E2B0F7E72120F8E71D20F6E70000000000003E
S21403E2C0F8B500BFF8BC08BC9E467047F8B500BF5B
S21403E2D0F8BC08BC9E4670475FF800F0AD600020AF
S21403E2E05FF800F049610020446576696365207431
S21403E2F0797065206368616E67652064657465631D
S21403E3007465643A202564202D3E2025640D0A009A
S21403E310427574746F6E2076616C756520636861F0
S21403E3206E67656420746F2025640D0A005072655D
S21403E33073732064657465637465640D0A004D75B4
S21403E3406C74692070726573732064657465637496
S21403E35065643A2025640D0A0052656C6561736531
S21403E3602064657465637465640D0A004C6F6E679C
S21403E3702070726573732064657465637465640DD9
S21403E3800A0072656C61795F73746172745F6C61A5
S21403E390746368696E675F70756C73653A20616E47
S21403E3A06F746865722070756C736520697320617D
S21403E3B063746976650D0A0072656C61795F6F6ECA
S21403E3C00D0A0072656C61795F6F66660D0A0072EE
S21403E3D0656C61795F746F67676C650D0A005772C9
S21403E3E06974696E6720636F6E66696720746F2051
S21403E3F06E763A2025730D0A0053697A653A20250E
S21403E400640D0A004661696C656420746F20777238
S21403E410697465204445564943455F434F4E464914
S21403E420475F4441544120746F204E562C2073742A
S21403E430617475733A2025642E2028627974657397
S21403E4403A202564290D0A00737563636573732187
S21403E4500D0A004661696C656420746F20726561FD
S21403E46064204E565F4954454D5F444556494345DF
S21403E4705F434F4E4649472C207573696E67206489
S21403E480656661756C7420636F6E66696720696E76
S21403E49073746561642C207374617475733A2025F4
S21403E4A0642E202862797465733A202564290D0A40
S21403E4B0005573696E6720636F6E6669673A202539
S21403E4C0642063686172732066726F6D0D0A25732C
S21403E4D00D0A00626D7A666A6E62703B5453303082
S21403E4E031312D4D48423B534134753B5244314400
S21403E4F0303B494136693B4D3B004E6574776F723E
S21403E5006B20737461747573206368616E676564EA
S21403E51020746F2025640D0A004D616E7566616375
S21403E520747572657220746F6F206269670D0A00D6
S21403E5304D6F64656C20746F6F206269670D0A0007
S21403E540496E697469616C697A696E67205A69678E
S21403E550626565207769746820256420737769741B
S21403E560636865732C2025642072656C6179732C4F
S21403E57020256420636F766572730D0A00436F6E01
S21403E580666967207061727365642073756363657B
S21403E590737366756C6C790D0A0072656164207618
S21403E5A0657273696F6E20666F726D206E65772075
S21403E5B06C6F636174696F6E0D0A004661696C6502
S21403E5C06420746F207772697465206C617374536A
S21403E5D065656E56657273696F6E20746F204E564E
S21403E5E02C2073743A2025640D0A004F6C64207641
S21403E5F0657273696F6E3A2025640D0A004375725F
S21403E60072656E742076657273696F6E3A20256440
S21403E6100D0A00524553455420414C4C210D0A0027
S21403E62068616C5F6770696F5F63616C6C6261637E
S21403E6306B3A2065787469206C696E6520256C6476
S21403E6402073746174757320256C750D0A006861F8
S21403E6506C5F6770696F5F63616C6C6261636B3A72
S21403E660206E6F20667265652045585449206C6994
S21403E6706E65730D0A002F686F6D652F72756E6E6B
S21403E68065722F776F726B2F747579612D7A696750
S21403E6906265652D7377697463682F747579612D68
S21403E6A07A69676265652D7377697463682F736922
S21403E6B06C6162735F746F6F6C732F73696D706CCC
S21403E6C069636974795F73646B2F2E2E2F2E2E2F3A
S21403E6D07372632F73696C6162732F68616C2F7A30
S21403E6E069676265652E630044726F7070696E6752
S21403E6F0206F6C64204F544120696D6167652C2040
S21403E70063757272656E74206F66667365743A20FD
S21403E710256C750A00556E6B6E6F776E20636F7689
S21403E720657220636F6D6D616E643A2025640D0A11
S21403E73000417474726962757465206368616E67FC
S21403E74065642C2065703A2025642C20636C7573F1
S21403E7507465723A2025642C20617474723A2025FD
S21403E760640D0A00556E6B6E6F776E20636F6D6D6A
S21403E770616E643A2025640D0A00496E646578204C
S21403E780617420777269746520617474723A202507
S21403E790640D0A004E6F2073776974636820636F95
S21403E7A06E66696720696E204E562C207573696EF7
S21403E7B0672064656661756C74730D0A00496E762E
S21403E7C0616C69642072656C61795F696E646578F3
S21403E7D020256420696E204E562C2072657365745E
S21403E7E074696E6720746F2064656661756C740D5A
S21403E7F00A003E2000556E6B6E6F776E2065727250
S21403E8006F7200496E707574206275666665722055
S21403E81069732046554C4C004D6178696D756D20C3
S21403E8206E756D626572206F6620617267756D65C1
S21403E8306E74732065786365656465640054686503
S21403E84020617267756D656E74206973206E6F74D0
S21403E85020666F726D617474656420636F7272658F
S21403E86063746C7900496E636F72726563742061BA
S21403E8707267756D656E74207479706500496E6392
S21403E8806F7272656374206E756D626572206F6653
S21403E89020617267756D656E7473004E6F20636FCB
S21403E8A06D6D616E6420666F756E640075696E7457
S21403E8B038006164646974696F6E616C002A007560
S21403E8C06E6B6E6F776E0077696C6463617264005B
S21403E8D06865786F707400737472696E676F7074AE
S21403E8E00075696E7433326F70740075696E7431B7
S21403E8F0366F70740075696E74386F70740068656F
S21403E9007800737472696E670075696E74313600C9
S21403E91075696E743332002E2E2E200068656C7077
S21403E920000A25730A257325730025732008002F14
S21403E930686F6D652F72756E6E65722F776F726B6B
S21403E9402F747579612D7A69676265652D737769AA
S21403E9507463682F747579612D7A69676265652DAE
S21403E9607377697463682F73696C6162735F746F1E
S21403E9706F6C732F73696D706C69636974795F73F9
S21403E980646B2F706C6174666F726D2F736572762D
S21403E9906963652F6C65676163795F68616C2F7364
S21403E9A072632F626173652D7265706C6163656D4A
S21403E9B0656E742E63002F686F6D652F72756E6EAD
S21403E9C065722F776F726B2F747579612D7A69670D
S21403E9D06265652D7377697463682F747579612D25
S21403E9E07A69676265652D7377697463682F7369DF
S21403E9F06C6162735F746F6F6C732F73696D706C89
S21403EA0069636974795F73646B2F706C6174666F86
S21403EA10726D2F736572766963652F746F6B656E9F
S21403EA205F6D616E616765722F6C65676163792FD1
S21403EA307372632F736C5F746F6B656E5F6D616E5D
S21403EA40616765722E63002F686F6D652F72756E32
S21403EA506E65722F776F726B2F747579612D7A6975
S21403EA60676265652D7377697463682F747579615A
S21403EA702D7A69676265652D7377697463682F738A
S21403EA80696C6162735F746F6F6C732F73696D70FB
S21403EA906C69636974795F73646B2F706C617466F9
S21403EAA06F726D2F736572766963652F746F6B650E
S21403EAB06E5F6D616E616765722F6C656761637902
S21403EAC02F7372632F736C5F746F6B656E5F6D610C
S21403EAD06E75666163747572696E672E630043753F
S21403EAE07272656E7420436F6E6669673A202530CE
S21403EAF0780053657420434341206D6F646520742A
S21403EB006F2025643A2025307800656E61626C6557
S21403EB10640064697361626C6564006F757428636E
S21403EB206C69656E742900696E2028736572766554
S21403EB307229004D464720537472696E673A202542
S21403EB4073004170704275696C646572204D464768
S21403EB5020436F64653A20307825303458006E6F52
S21403EB606465205B004164646974696F6E616C2040
S21403EB70696E746572666163657300202025643A66
S21403EB80200070616765205B25645D206368616EA5
S21403EB90205B25645D20707772205B25645D006EC4
S21403EBA06F7420616374697665006572726F722094
S21403EBB03078253038580070616E4944205B3078D1
S21403EBC0253034585D206E6F64654944205B307889
S21403EBD0253034585D20007870616E205B307800F5
S21403EBE0706172656E744944205B30782530345802
S21403EBF05D20706172656E7452737369205B256461
S21403EC005D006E6F646554797065205B00536563C1
S21403EC107572697479206C6576656C205B25303275
S21403EC20585D006E6574776F726B207374617465DC
S21403EC30205B253032585D2000427566666572207B
S21403EC4062797465733A202564202F202564004575
S21403EC507020636E743A2025640065702025642056
S21403EC605B656E64706F696E742025732C20646513
S21403EC70766963652025735D20006E776B205B25C0
S21403EC80645D2070726F66696C65205B3078253032
S21403EC9034585D206465764964205B3078253034CB
S21403ECA0585D20766572205B3078253032585D00DB
S21403ECB020202020257320636C75737465723A20B8
S21403ECC030782530345820004E776B20636E743AC4
S21403ECD0202564006E776B202564205B25735D001A
S21403ECE05072696D617279202870726F2900202036
S21403ECF06E6F646554797065205B307825303258C2
S21403ED005D002020736563757269747950726F664F
S21403ED10696C65205B3078253032585D004550209D
S21403ED2025643A20257320004572726F723A2020BC
S21403ED30556E6B6E6F776E20656E64706F696E745A
S21403ED402E00456E61626C65206576656E74206480
S21403ED506562756720696E666F20696E20436F7201
S21403ED606520434C4920636F6D706F6E656E74004B
S21403ED706F6E6C7920636F6F7264696E61746F7205
S21403ED80732063616E20666F726D0A006A6F696E28
S21403ED90203078253038580A006C65617665002582
S21403EDA073203078253032580A0072656A6F696EB0
S21403EDB0446966664465766963655479706500657B
S21403EDC078742E2050414E2049443A20004E574B2B
S21403EDD0206F70656E3A20257520736563004E5765
S21403EDE04B20636C6F7365640066696E64206A6F9C
S21403EDF0696E61626C653A20307825303258006659
S21403EE00696E6420756E757365643A2030782530B4
S21403EE103258004368616E67696E6720746F2063BB
S21403EE2068616E6E656C2025643A20307825303232
S21403EE305800696E76616C6964206E6574776F72CC
S21403EE406B20696E6465780053686F72742049445A
S21403EE503A203078253034582C2045554936343AF4
S21403EE6020002C2050616E2049443A20307825300B
S21403EE7034580053746172746564206D756C7469DC
S21403EE802D70687920696E746572666163650046E5
S21403EE9061696C656420746F2025732025732030A8
S21403EEA07825303258005465726D696E61746564F6
S21403EEB020257320307825303258004B6565702046
S21403EEC0616C69766520737570706F727420656EF9
S21403EED061626C65642E006661696C656420746F9C
S21403EEE020736574206B65657020616C6976652098
S21403EEF06D6F64652E007375636365737366756CF7
S21403EF006C792073657420746865206368696C6423
S21403EF102074696D656F7574206F7074696F6E20E9
S21403EF206D61736B2E006661696C656420746F2077
S21403EF3073657420746865206368696C64207469FB
S21403EF406D656F7574206F7074696F6E206D617375
S21403EF506B2E00646973636F766572004D6174632C
S21403EF6068202573792066726F6D203078253034DB
S21403EF70582C206570202564004E574B204164644E
S21403EF807265737320726573706F6E73653A2030A3
S21403EF9078253034580049454545204164647265F8
S21403EFA0737320726573706F6E73653A20005365D2
S21403EFB072766963652025737920646F6E652E000B
S21403EFC0232020747970652020206E776B20206CB8
S21403EFD06F6320202072656D202020636C7573207C
S21403EFE020206E6F6465202020657569002020252B
S21403EFF0642020202030782530345820203078258F
S21403F0003034582020307825303458203078253056
S21403F01034582000736C5F7A69676265655F67655D
S21403F020745F62696E64696E67204572726F723AC6
S21403F030203078253038580A002564206F6620254E
S21403F040642062696E64696E677320757365640015
S21403F050656E61626C6564207072696E74006469C3
S21403F0607361626C6564207072696E7400616464B7
S21403F070206C696E6B206B6579004552523A2043CB
S21403F080616C63756C617465642043524320646FDE
S21403F0906573206E6F74206D617463680045525209
S21403F0A03A20496E7374616C6C20436F6465206DFF
S21403F0B075737420626520382C2031302C2031344F
S21403F0C02C206F7220313820627974657320696E44
S21403F0D0206C656E677468004552523A204145536A
S21403F0E02D4D4D4F2068617368206661696C6564B9
S21403F0F03A2030782530325800536574206A6F6999
S21403F1006E696E67206C696E6B206B65790073653C
S21403F110742062696E642025643A20307825303284
S21403F1207800454D50545900554E494341004D32E1
S21403F1304F4E45004D554C5449003F20202020009B
S21403F140496E646578204945454520416464726587
S21403F15073732020202020202020204E574B496EFA
S21403F1606465782020496E204643202020202054C2
S21403F170544C28732920466C6167202020204B6559
S21403F1807920202020002564202020202000202015
S21403F19025642020202020202000202025303858D9
S21403F1A020200020307825303458202000496E6413
S21403F1B0657820494545452041646472657373202C
S21403F1C02020202020202020496E20464320202077
S21403F1D020205479706520204175746820204B6583
S21403F1E079002D20202020200025632020202020A9
S21403F1F02563202020202000696573005741524E66
S21403F200494E473A202052454144494E47204F46EF
S21403F210204B45592056414C5545532044495341AC
S21403F220424C4544204259204D464720544F4B45B7
S21403F2304E004E574B204B6579002573206F75742F
S21403F2402046433A202530385800257320736571CD
S21403F250206E756D3A20307825303258002573209D
S21403F2606F75742046433A2025303878005443207F
S21403F270257320002573205461626C650025642F76
S21403F280256420656E747269657320757365642ED4
S21403F290005472616E7369656E74204B6579002540
S21403F2A06420656E7472257320636F6E73756D6963
S21403F2B06E67202564207061636B657420627566D3
S21403F2C066657225732E0057494C4C0057494C4CC3
S21403F2D0204E4F540054727573742043656E7465E4
S21403F2E07220257320616C6C6F772074727573744B
S21403F2F02063656E7465722072656A6F696E73202B
S21403F3007573696E672077656C6C2D6B6E6F776EA1
S21403F310206B65792E005365742074696D656F756F
S21403F3207420666F722054727573742043656E740E
S21403F33065722072656A6F696E73207573696E678E
S21403F3402077656C6C2D6B6E6F776E206C696E6BB9
S21403F350206B657920746F202564207365636F6E58
S21403F36064732E004552524F523A2000257373742D
S21403F37061636B206D75737420626520646F776EAE
S21403F3802E0052656164696E6720416C6C6F776509
S21403F390640048617368696E67206F6E6C790073EA
S21403F3A06C5F7A69676265655F6B65795F736574C1
S21403F3B074696E67735F743A20307825303458006A
S21403F3C020205065726D697373696F6E733A2025DA
S21403F3D073004572726F723A204661696C656420E9
S21403F3E0746F2067657420636F6E6669672C20737D
S21403F3F074617475733A2030782530385800466146
S21403F400696C65643A20307825303858004D736748
S21403F4103A20636C7573203078253034582C20637B
S21403F4206D64203078253032582C206C656E20258C
S21403F43064006275666665723A2000454D42455221
S21403F4405F00257353454355524954595F4C4556FF
S21403F450454C3A2025303258002573657261736532
S21403F460206B65792025643A20307825303858009B
S21403F470636D64206E6F74206275696C74007372BA
S21403F4806320657020253032782C20636C757320DA
S21403F490253034780073656E64696E6720746F2058
S21403F4A06D756C7469636173742062696E6400259C
S21403F4B0733A2065703A2025642C20636C3A20301A
S21403F4C078253034582C20617474723A20307825AD
S21403F4D0303458002C207376723A20256300257347
S21403F4E03A20726561643A20307825303278002CF1
S21403F4F0207376723A2025632C2064747970653AFB
S21403F5002030782530325800417267756D656E7409
S21403F51020617420696E6465783A202564206973D7
S21403F520206F7574206F662072616E676500436F87
S21403F5306D6D616E6420616C7265616479206275BD
S21403F540696C742E202043616E6E6F74207365742D
S21403F550204D464720737065636966696320636F51
S21403F560646520666F7220636F6D6D616E642E0036
S21403F5704D464720436F64652053657420666F725B
S21403F580206E65787420636F6D6D616E643A20300B
S21403F590782530345800557365204E6578742053AB
S21403F5A0657175656E63652053657420666F72209A
S21403F5B06E65787420636F6D6D616E643A20307883
S21403F5C0253032580044697361626C652044656671
S21403F5D061756C7420526573706F6E736520536526
S21403F5E07420666F72206E65787420636F6D6D612C
S21403F5F06E643A20307825303258004552523A200D
S21403F60072656164696E6720617474726962757489
S21403F610652025303278004552523A206174747260
S21403F62069627574652073697A6520256420746F32
S21403F6306F206C6172676520666F722062756666FE
S21403F6406572004572726F723A20617474726962F1
S21403F6507574652049442030782530345820726507
S21403F660706F727461626C65206368616E67652093
S21403F67069732073697A65202564422C2062757449
S21403F6802025644220656E74657265640A006E6F99
S21403F69020636D64004572726F723A20434C4920B2
S21403F6A053656E64206661696C65642C20737461AF
S21403F6B07475733A20307825303858004572726F67
S21403F6C0723A2020455549363420617267756D6558
S21403F6D06E7420697320656D70747920616E642082
S21403F6E06C6F6F6B7570206279206E6F646520494E
S21403F6F044206661696C65642E0047726F757000FE
S21403F700556E696361737400556E62696E64202575
S21403F710732025733078253032580052657175652D
S21403F72073743A20005A444F2073696D706C6520D9
S21403F73064657363207265712025303278005A44FD
S21403F7404F206E6F64652064657363207265712055
S21403F75025303278005A444F206D61746368206404
S21403F76065736320726571202530325800557369BE
S21403F7706E67206D79206C6F63616C204555493642
S21403F7803420666F72206465737420455549363499
S21403F79020696E2062696E64696E67005A444F2062
S21403F7A062696E6420726571202530327800636C5E
S21403F7B07573746572206C696D6974207265616314
S21403F7C068656400696E76616C696420706167655C
S21403F7D03A202564206F72206368616E6E656C3A0A
S21403F7E0202564004368616E6765206368616E6EFA
S21403F7F0656C207374617475733A203078253032E3
S21403F80078006475726174696F6E206D7573742009
S21403F810626520696E2072616E67652030202D2038
S21403F8203500636F756E74206D7573742062652082
S21403F830696E2072616E67652031202D2038007353
S21403F84063616E207374617475732030782530326B
S21403F85058006E6574776F726B207570646174659B
S21403F8602073657420737461747573203078253043
S21403F870325800416374697665204550207265717D
S21403F88075657374207374617475733A20307825C4
S21403F890303258004C5149205461626C65207265C1
S21403F8A071756573743A2030782530325800426992
S21403F8B06E64696E67205461626C6520726571754B
S21403F8C06573743A20307825303258004C6561767B
S21403F8D06520257330782530325800506F7765726F
S21403F8E02044657363726970746F72202573307871
S21403F8F025303258005573696E67206D79206C6F1A
S21403F90063616C20455549363420666F7220646502
S21403F910737420455549363420696E20756E6269C6
S21403F9206E64696E6700526F757465205461626C0D
S21403F93065202573307825303258002F686F6D6543
S21403F9402F72756E6E65722F776F726B2F74757963
S21403F950612D7A69676265652D7377697463682FAD
S21403F960747579612D7A69676265652D7377697435
S21403F97063682F73696C6162735F746F6F6C732F48
S21403F98073696D706C69636974795F73646B2F70E8
S21403F990726F746F636F6C2F7A69676265652F6128
S21403F9A070702F6672616D65776F726B2F636F6D04
S21403F9B06D6F6E2F736C5F7A69676265655F7379C7
S21403F9C07374656D5F636F6D6D6F6E2E6300457840
S21403F9D074656E64656420526573657420696E662B
S21403F9E06F3A203078253034582028257329002F85
S21403F9F0686F6D652F72756E6E65722F776F726B9B
S21403FA002F747579612D7A69676265652D737769D9
S21403FA107463682F747579612D7A69676265652DDD
S21403FA207377697463682F73696C6162735F746F4D
S21403FA306F6C732F73696D706C69636974795F7328
S21403FA40646B2F70726F746F636F6C2F7A69676263
S21403FA5065652F6170702F6672616D65776F726B67
S21403FA602F636F6D6D6F6E2F7A69676265655F6171
S21403FA7070705F6672616D65776F726B5F736C65CE
S21403FA8065702E630053746179206177616B65201E
S21403FA907768656E206E6F74206A6F696E65643A68
S21403FAA020257300466F7263656420737461792042
S21403FAB06177616B653A20202020202020202020BB
S21403FAC0257300466F7263696E67206465766963A3
S21403FAD06520746F2073746179206177616B6500AC
S21403FAE0416C6C6F77696E67206465766963652021
S21403FAF0746F20676F20746F20736C656570002FBA
S21403FB00686F6D652F72756E6E65722F776F726B89
S21403FB102F747579612D7A69676265652D737769C8
S21403FB207463682F747579612D7A69676265652DCC
S21403FB307377697463682F73696C6162735F746F3C
S21403FB406F6C732F73696D706C69636974795F7317
S21403FB50646B2F70726F746F636F6C2F7A69676252
S21403FB6065652F6170702F6672616D65776F726B56
S21403FB702F636F6D6D6F6E2F7A69676265655F734E
S21403FB807461636B5F736C6565702E630052583ADD
S21403FB90205265736574546F466163746F7279445B
S21403FBA0656661756C747343616C6C6261636B004C
S21403FBB0657A737020636F756E7465727320666101
S21403FBC0696C656420257500657A737020526573C9
S21403FBD06574205468726573686F6C64206572720E
S21403FBE06F7220257500657A7370205365742054F0
S21403FBF068726573686F6C64206572726F72202515
S21403FC0075002575292025733A20257500536574DC
S21403FC1074696E67205468726573686F6C642063DA
S21403FC206F6D6D616E64003F3F3F004D6163205210
S21403FC3078204263617374004D61632054782042D8
S21403FC4063617374004D616320527820556361735A
S21403FC5074004D6163205478205563617374004DBE
S21403FC6061632054782055636173742052657472FF
S21403FC7079004D6163205478205563617374204680
S21403FC8061696C004150532052782042636173745B
S21403FC9000415053205478204263617374004150EE
S21403FCA05320527820556361737400415053205497
S21403FCB078205563617374205375636365737300AB
S21403FCC041505320547820556361737420526574F1
S21403FCD07279004150532054782055636173742021
S21403FCE04661696C00526F757465204469736320BE
S21403FCF0496E69746961746564004E656967686214
S21403FD006F72204164646564004E65696768626F5C
S21403FD10722052656D6F766564004E65696768622A
S21403FD206F72205374616C65004A6F696E20496E6A
S21403FD306469636174696F6E004368696C64204D1F
S21403FD406F76656400415348204F766572666C6F24
S21403FD507700415348204672616D65204572726F85
S21403FD607200415348204F76657272756E20457255
S21403FD70726F72004E574B204643204661696C757E
S21403FD80726500415053204643204661696C757284
S21403FD90650041534820584F66660041505320552E
S21403FDA06E617574686F72697A6564204B65790055
S21403FDB04E574B2044656372797074204661696CB4
S21403FDC0757265730041505320446563727970748D
S21403FDD0204661696C75726573005061636B657468
S21403FDE02042756666657220416C6C6F636174654C
S21403FDF0204661696C757265730052656C6179653E
S21403FE00642055636173740050687920746F204DC5
S21403FE104143207175657565206C696D6974207240
S21403FE20656163686564005061636B657420566141
S21403FE306C69646174652064726F7020636F756E9D
S21403FE4074004E574B207265747279206F76657214
S21403FE50666C6F7700434341204661696C75726533
S21403FE60730042726F616463617374207461626CC1
S21403FE70652066756C6C00505441204C6F205072A0
S21403FE8069205265710050544120486920507269B8
S21403FE902052657100505441204C6F2050726920E7
S21403FEA044656E6965640050544120486920507269
S21403FEB0692044656E69656400505441204C6F2088
S21403FEC05072692054782041627274005054412065
S21403FED04869205072692054782041627274004148
S21403FEE064647265737320436F6E666C6963742013
S21403FEF053656E740043534C2052782073636865D1
S21403FF0064756C65206661696C6564000D00446504
S21403FF10627567207072696E742067726F757020E1
S21403FF2025730A0057726F6E6720706172616D6584
S21403FF307465720A0046696E6420616E64204269C5
S21403FF406E6420496E69746961746F723A20436FF8
S21403FF506D706C6574653A203078253032580053DE
S21403FF6074617274207461726765740046696E64A6
S21403FF7020616E642042696E642054617267657402
S21403FF800025733A2025733A2030782530325800FE
S21403FF90467261676D656E746174696F6E20525840
S21403FFA02077696E646F772073697A65207365744A
S21403FFB020746F202564002F686F6D652F72756E31
S21403FFC06E65722F776F726B2F747579612D7A69F0
S21403FFD0676265652D7377697463682F74757961D5
S21403FFE02D7A69676265652D7377697463682F7305
S21403FFF0696C6162735F746F6F6C732F73696D7076
S2140400006C69636974795F73646B2F70726F746F55
S214040010636F6C2F7A69676265652F6170702F66EF
S21404002072616D65776F726B2F706C7567696E2F72
S214040030667261676D656E746174696F6E2F667241
S21404004061676D656E746174696F6E2E63005258D5
S2140400503A2041646447726F7570526573706F6EB0
S2140400607365203078253032582C2030782530348B
S214040070580052583A205669657747726F75705221
S2140400806573706F6E7365203078253032582C2077
S2140400903078253034582C20220052583A204765B0
S2140400A07447726F75704D656D62657273686970BA
S2140400B0526573706F6E7365203078253032582C15
S2140400C0203078253032582C00205B3078253034A8
S2140400D0585D0052583A2052656D6F766547726FC8
S2140400E07570526573706F6E736520307825303284
S2140400F0582C203078253034580065705B25303213
S214040100585D2069645B253034585D00436C656136
S21404011072696E6720616C6C2067726F7570732EDF
S214040120004552523A204661696C656420746F201B
S2140401306372656174652062696E64696E672028FF
S21404014030782530325829004552523A2042696E9A
S21404015064696E67207461626C65206973206675D5
S2140401606C6C004552523A2077726974696E672047
S2140401706E616D6520737570706F727420253032F1
S214040180580052583A2041646447726F75702030A4
S21404019078253034582C20220075760052583A20A0
S2140401A05669657747726F757020307825303458F5
S2140401B00075767300766965775F67726F75700091
S2140401C047726F7570733A206661696C6564207453
S2140401D06F2073656E6420257320726573706F6E6E
S2140401E073653A20307825303258006765745F6747
S2140401F0726F75705F6D656D626572736869702085
S214040200726573706F6E73650064656661756C7491
S2140402105F726573706F6E73650052583A20476557
S2140402207447726F75704D656D6265727368697038
S214040230203078253032582C007575620047726F6E
S2140402407570733A206661696C656420746F2073F8
S214040250656E642025733A20307825303258005273
S214040260583A2052656D6F766547726F7570203008
S2140402707825303458004552523A204661696C65F8
S2140402806420746F2064656C6574652062696E64AE
S214040290696E672028307825303258290072656DDB
S2140402A06F76655F67726F75700052583A205265B4
S2140402B06D6F7665416C6C47726F7570730052583B
S2140402C03A2041646447726F757049664964656E86
S2140402D074696679696E67203078253034582C2026
S2140402E02200616464004368616E6E656C206E6F04
S2140402F0742076616C69643A202564005072696DD6
S214040300617279002573206D61736B206E6F7720A0
S214040310307825303858005365636F6E646172799F
S214040320004D61736B206E6F742076616C69643A5D
S214040330202564007072696D617279007365636F5D
S2140403406E646172790025733A20536574202573B0
S214040350206D61736B20746F203078253038580018
S2140403605374617475730025733A2025733A0043F9
S21404037068616E6E656C206D61736B3A0020202098
S2140403802028312920307825303858205B0020205A
S214040390202028322920307825303858205B005316
S2140403A0746174653A2030782530325820282573D5
S2140403B0290043757272656E74206368616E6E659B
S2140403C06C3A20256400546F74616C206265616326
S2140403D06F6E733A202564004A6F696E20617474E8
S2140403E0656D7074733A202564004E6574776F7279
S2140403F06B2073746174653A203078253032580067
S21404040053746F700025732053746F702E2020432E
S2140404106C65616E696E672075702E0042726F613E
S2140404206463617374696E67207065726D697420A5
S2140404306A6F696E0054727573742063656E7465B2
S21404044072206C696E6B206B6579207570646174BC
S21404045065207374617475730025733A205741528E
S2140404604E494E473A20736C5F7A69676265655FEA
S2140404707365745F696E697469616C5F73656375CF
S214040480726974795F7374617465206661696C65FA
S214040490642E20436F6E74696E75696E6720776983
S2140404A074686F757420696E7374616C6C20636F06
S2140404B064652E004572726F723A20696E737461B9
S2140404C06C6C20636F646520736574757020666158
S2140404D0696C65642E20497320616E20696E73749E
S2140404E0616C6C20636F646520666C617368656418
S2140404F0206F6E746F207468652064657669636522
S2140405003F00D0D1D2D3D4D5D6D7D8D9DADBDCDDE8
S214040510DEDF00FFFFFFFFFFFFFFFF005A696742B1
S2140405206565416C6C69616E636530390025733AA4
S2140405302069737375696E67207363616E206F6ECE
S214040540202573206368616E6E656C7320286D6168
S214040550736B20307825303858290025732069734A
S21404056020616C726561647920696E2070726F67B1
S21404057072657373005374617274004578616D69B3
S2140405806E696E6720626561636F6E206F6E2063AE
S21404059068616E6E656C20256420776974682070C7
S2140405A0616E496420307825303458005468697385
S2140405B020626561636F6E206973206E6F742070AD
S2140405C0617274206F662074686520637572726544
S2140405D06E74206368616E6E656C206D61736B204B
S2140405E028307825303858292E2047657474696E6B
S2140405F067206E65787420626561636F6E20776825
S2140406006F7365206368616E6E656C206269746DD5
S21404061061736B206973207365742E004572726F64
S214040620723A20257320636F756C64206E6F742095
S214040630617474656D7074206A6F696E3A203078E0
S21404064025303258004E6F20626561636F6E7320EA
S2140406506C656674206F6E2063757272656E7420A6
S2140406606D61736B2E204D6F76696E6720746F20F4
S2140406706E657874207374617465002573206A6FE0
S214040680696E696E6720307825303458206F6E2086
S2140406906368616E6E656C20256400257320537450
S2140406A06174653A202573004572726F723A20258C
S2140406B07320636F756C64206E6F74207365747535
S2140406C0702073656375726974793A2030782530C2
S2140406D03258004572726F723A205363616E20631B
S2140406E06F6D706C6574652068616E646C657220ED
S2140406F072657475726E65642030782530325800E1
S2140407002573207363616E20636F6D706C6574650A
S2140407102E20426561636F6E732068656172643A69
S21404072020256400257320737461636B20737461E1
S21404073074757320307825303258002573206E6522
S21404074074776F726B206A6F696E65642E0025730A
S21404075020747279696E67206E657874206E65748D
S214040760776F726B2E004E6F6E65005363616E205A
S2140407705072696D617279204368616E6E656C7340
S21404078020616E642075736520436F6E66696775B5
S214040790726564204B6579005363616E20507269FC
S2140407A06D617279204368616E6E656C7320616E4C
S2140407B0642075736520496E7374616C6C20436F96
S2140407C06465005363616E205072696D61727920AE
S2140407D04368616E6E656C7320616E642055736544
S2140407E02043656E7472616C697A6564204B657922
S2140407F0005363616E205072696D6172792043689C
S214040800616E6E656C7320616E642055736520445A
S21404081069737472696275746564204B65790053F4
S21404082063616E205365636F6E64617279204368FA
S214040830616E6E656C7320616E642075736520430B
S2140408406F6E66696775726564204B6579005363DD
S214040850616E205365636F6E6461727920436861CC
S2140408606E6E656C7320616E642075736520496EC8
S2140408707374616C6C20436F6465005363616E200F
S2140408805365636F6E64617279204368616E6E654A
S2140408906C7320616E64205573652043656E7472B4
S2140408A0616C697A6564204B6579005363616E20D8
S2140408B05365636F6E64617279204368616E6E651A
S2140408C06C7320616E64205573652044697374727A
S2140408D0696275746564204B6579005363616E20A4
S2140408E05072696D617279204368616E6E656C73CF
S2140408F020616E642055736520416C6C204B6579CD
S214040900732028696E7374616C6C20636F64652C45
S2140409102063656E7472616C697A65642C20646900
S21404092073747269627574656429005363616E201A
S2140409305365636F6E64617279204368616E6E6599
S2140409406C7320616E642055736520416C6C204B7B
S2140409506579732028696E7374616C6C20636F64A8
S214040960652C2063656E7472616C697A65642C20EC
S214040970646973747269627574656429004F6E2FB6
S2140409804F6666207365742076616C75653A20251B
S2140409903032582025303258004552523A2072657B
S2140409A06164696E67206F6E2F6F6666202530322D
S2140409B058004F6E2F6F666620616C7265616479AD
S2140409C02073657420746F206E65772076616C756D
S2140409D06500546F67676C65206F6E2F6F666620C0
S2140409E066726F6D202530325820746F20253032A1
S2140409F058004552523A2077726974696E67206FC0
S214040A006E2F6F6666202530325800496E73746107
S214040A106C6C65642054797065202842617365297E
S214040A203A2020307825303258004361706162697C
S214040A306C69746965733A202020202020202020C9
S214040A40202030782530345800426F6F746C6F6104
S214040A506465722056657273696F6E3A2020202092
S214040A60203078253034580053656375726520420B
S214040A706F6F746C6F61646572204B65793A2020E1
S214040A802020202000426F6F746C6F6164696E676B
S214040A90206661696C65642100446F776E6C6F61D3
S214040AA064206661696C65642E0044656C657469CF
S214040AB06E67206661696C656420646F776E6C6F20
S214040AC061642C207374617475733A203078253011
S214040AD0325800496D61676520646F6573206E6FD8
S214040AE07420636F6E7461696E20616E2055706742
S214040AF07261646520496D616765205461672028CA
S214040B00307825303458292E20536B697070696EFE
S214040B106720757067726164652E00457865637535
S214040B2074696E6720626F6F746C6F6164206361B2
S214040B306C6C6261636B2E005374617274696E67C9
S214040B402045424C20766572696669636174696FF4
S214040B506E0045424C206661696C65642076657259
S214040B60696669636174696F6E2E0045424C207035
S214040B706173736564207665726966696361746916
S214040B806F6E2E002573696E67204F544120636C88
S214040B9069656E74207374617465206D6163686939
S214040BA06E650073746F7070004572726F723A20CF
S214040BB04E6F20696D61676520617420696E646597
S214040BC078202564004E6F7420737570706F72748D
S214040BD065642E00436C69656E7420696D61676593
S214040BE020717565727920696E666F004D616E7549
S214040BF0662049443A2020202020202020203078D7
S214040C002530345800496D61676520547970652035
S214040C1049443A2020202030782530345800437543
S214040C207272656E742056657273696F6E3A202010
S214040C3030782530385800486172647761726520D0
S214040C4056657273696F6E3A20004E4100517565A1
S214040C5072792044656C6179206D733A20202020D7
S214040C602020202020202020256C640053657276E6
S214040C70657220446973636F766572792044656C87
S214040C806179206D733A20256C6400446F776E6C2E
S214040C906F61642044656C6179206D733A2020206E
S214040CA0202020202020256C640052756E2055706C
S214040CB067726164652044656C6179206D733A20BF
S214040CC02020202020256C640056657269667920F1
S214040CD044656C6179206D733A2020202020202002
S214040CE020202020256C6400446F776E6C6F61644E
S214040CF0204572726F72205468726573686F6C64F4
S214040D003A20202564005570677261646520576137
S214040D106974205468726573686F6C643A20202086
S214040D20202564004F544120446F776E67726164D7
S214040D3065733A2044697361626C6564004F54417C
S214040D4020446F776E6772616465733A20456E61FE
S214040D50626C656400426F6F746C6F6164207374B8
S214040D606174653A20257300496E76616C69642067
S214040D704550202564207768656E20747279696E04
S214040D806720746F2073656E64204F5441206D6530
S214040D9073736167652E0053656E64696E672055CC
S214040DA070677261646520456E642072657175654E
S214040DB073742E0025733A20696E76616C6964201C
S214040DC0636D644964203078253032580045727269
S214040DD06F723A20204661696C656420746F2073D4
S214040DE0656E64204F544120636F6D6D616E6420A0
S214040DF03078253032582C207374617475733A2019
S214040E003078253032580053657276657220756ED8
S214040E106B6E6F776E2C2066616C6C696E672062F1
S214040E2061636B20746F20646973636F766572798F
S214040E302E004D6178696D756D2071756572792027
S214040E406572726F72732068697420282564292C71
S214040E50207374617274696E672073656172636867
S214040E6020666F72206E6577204F5441207365723A
S214040E707665722E0A004170706C79696E6720750B
S214040E807067726164650025733A20696E76616CDA
S214040E906964206F66667365742063757272656E26
S214040EA07454696D652830782530385829203E20DA
S214040EB07570677261646554696D6528307825308D
S214040EC0385829004F544120436C75737465723A40
S214040ED0207761697420666F72202564207300523F
S214040EE05865642074696D654F75742030782530B4
S214040EF0385820732C204D41582074696D654F7501
S214040F0074203078253038582073004D6178696D28
S214040F10756D20757067726164652072657175659C
S214040F20737473206D6164652028256429207769AD
S214040F3074686F757420726573706F6E736520665F
S214040F40726F6D207365727665722E0055706772C7
S214040F506164696E6720616E79776179004F5441E8
S214040F60205365727669636520646973636F76657A
S214040F7072792070726576656E746564202D2061C2
S214040F806E6F7468657220697320616C7265616443
S214040F907920696E2070726F67726573730046619C
S214040FA0696C656420746F20696E69746961746520
S214040FB0207365727669636520646973636F76650A
S214040FC072792E004F54412053657276696365200A
S214040FD0446973636F7665727920696E2070726FE8
S214040FE0677265737300436C69656E742076657208
S214040FF0696669636174696F6E206661696C6564AD
S2140410002E005369676E6174757265004375737458
S2140410106F6D00706173736564004641494C4544C6
S214041020004E6F207369676E61747572652076650D
S21404103072696669636174696F6E20737570706F28
S21404104072742C20617373756D696E6720696D61A7
S2140410506765206973206F6B61792E00257320768F
S2140410606572696669636174696F6E2025733A20D8
S214041070307825303258004D6178696D756D206E74
S214041080756D626572206F6620646F776E6C6F6133
S21404109064206572726F72732072656163682028BB
S2140410A02564292C2061626F7274696E672E004F66
S2140410B0544120436C75737465723A207365747476
S2140410C0696E67204945454520616464726573739B
S2140410D0206F66204F544120636C757374657200EC
S2140410E05061727469616C2066696C6520646F7700
S2140410F06E6C6F616420666F756E642C20636F6E11
S21404110074696E75696E672066726F6D206F6666A9
S2140411107365742030782530385800466F756E64D1
S2140411202066756C6C7920646F776E6C6F6164658D
S214041130642066696C6520696E2073746F726167DB
S21404114065202876657273696F6E2030782530388E
S21404115058292E00466F756E642066696C65206992
S2140411606E2073746F726167652077697468206493
S2140411706966666572656E742076657273696F6EED
S214041180202830782530385829207468616E20630A
S214041190757272656E742076657273696F6E202838
S2140411A0307825303858290046696C6520696E20E9
S2140411B073746F726167652069732073616D65204F
S2140411C061732063757272656E742072756E6E69D3
S2140411D06E672076657273696F6E202830782530C6
S2140411E0385829004E6F20696D61676520666F75F3
S2140411F06E6420696E2073746F726167652E004F8B
S2140412005441205365727669636520446973636F3D
S2140412107665727920756E626C6F636B65640049DF
S214041220676E6F72696E6720736572766572206684
S214041230726F6D206C6F6F706261636B20616464A3
S214041240726573730049676E6F72696E67203078D3
S21404125025303458204F54412073657276657220C9
S214041260696E20736561726368206F66205443005C
S21404127053657474696E67204F54412053657276C3
S214041280657220746F203078253034580044656CBD
S2140412906179696E67202564207365636F6E647375
S2140412A0206265666F7265207374617274696E6716
S2140412B0204F544120636C69656E740054696D65F3
S2140412C06F75742077616974696E6720666F722023
S2140412D06D6573736167652E00426164204F5441E7
S2140412E020636F6D6D616E643A2030782530325815
S2140412F0004F544120636F6D6D616E642030782515
S21404130030325820746F6F2073686F727420286CA4
S214041310656E202564203C206D696E2025642900B6
S2140413204F544120636F6D6D616E642066726F6DFD
S21404133020756E7265636F676E697A65642073657F
S21404134072766572203078253034582E20204D79F8
S214041350204F5441207365727665723A20307825A2
S21404136030345800496D616765204E6F746966793C
S21404137000476F7420756E657870656374656420C5
S21404138025732E2020537461727420646973636F0E
S214041390766572792E0064656661756C74004F54C8
S2140413A0413A206661696C656420746F2073656ECB
S2140413B06420257320726573706F6E73653A2030EF
S2140413C0782530325800496D616765206E6F746900
S2140413D0667900476F7420756E657870656374650A
S2140413E0642025732E202049676E6F7265642E0074
S2140413F04F54413A2044656661756C742072657377
S214041400706F6E736520666F7220496D6167652024
S2140414106E6F746966792C207374617475732030EA
S214041420782530325800496D616765206E6F74699F
S214041430667920636F6D6D616E6400257320756E2A
S21404144069636173742C207175657279696E6700BF
S214041450496E76616C69640025732025732070617B
S214041460796C6F6164207479706520307825303229
S214041470580025732025733A206F7574206F6620F4
S21404148072616E6765206A697474657220256400EB
S21404149025732025733A207061796C6F6164206C23
S2140414A0656E67746820646F65736E2774206D615B
S2140414B0746368207479706520307825303258203B
S2140414C0282564203C2025642900257320257320C4
S2140414D064756520746F206E6F6E2D6D617463681D
S2140414E0696E67206D616E75666163747572657288
S2140414F02049440025732025732064756520746F85
S214041500206E6F6E2D6D61746368696E6720696DF9
S2140415106167652074797065204944002573202529
S214041520732064756520746F206D61746368696EDA
S21404153067206669726D7761726520766572736975
S2140415406F6E0025732025732C2052782764204A5A
S21404155069747465722028307825303258292C2016
S2140415605069636B6564204A697474657220283018
S214041570782530325829005175657279206E657861
S2140415807420696D61676520726573706F6E73652C
S2140415900025732072657475726E65642030782534
S2140415A03032582E20204E6F206E657720696D618C
S2140415B0676520746F20646F776E6C6F61642E00AD
S2140415C0257320746F6F2073686F727420282564E7
S2140415D0203C202564290025733A204E657720692F
S2140415E06D61676520697320617661696C61626C00
S2140415F06520666F7220646F776E6C6F61642E0070
S2140416002573206973206E6F74207573696E672066
S2140416106D7920696D61676520696E666F2E004579
S21404162052524F523A204E65787420496D61676570
S21404163020697320746F6F2062696720746F20734B
S214041640746F72652028307825303858203E203054
S2140416507825303858290025732072657475726EA3
S21404166065642073616D652046696C6556657273A2
S214041670696F6E2061732063757272656E746C791F
S21404168020696E7374616C6C65642E004F5441203F
S214041690446F776E67726164657320446973616230
S2140416A06C65643A2046696C6556657273696F6E3C
S2140416B020626568696E642063757272656E742054
S2140416C0696E7374616C6C6174696F6E00537461D7
S2140416D07274696E6720646F776E6C6F61642C2019
S2140416E056657273696F6E20307825303858004519
S2140416F072726F723A204661696C656420746F205A
S21404170064656C65746520696D6167652E00457255
S214041710726F723A204661696C656420746F206546
S21404172072617365206F6C642074656D70206461EB
S21404173074612E00496D61676520626C6F636B206F
S214041740726573706F6E7365004F54413A20496D2D
S214041750616765426C6F636B5265706F6E7365206C
S214041760636F6E7461696E7320696E76616C69640A
S214041770206F7220696E636F6D706C65746520648B
S214041780617461005570646174696E67204D696E9A
S21404179020426C6F636B20526571756573742050BC
S2140417A06572696F6420746F202564206D7300442D
S2140417B06F776E6C6F61642064656C617920627902
S2140417C020736572766572202564206D7300446FFD
S2140417D0776E6C6F61642061626F727465642062F8
S2140417E079207365727665722E005365727665721B
S2140417F020646F65736E277420737570706F7274CF
S214041800207061676520726571756573742C206F2E
S2140418106E6C79207573696E6720626C6F636B20DB
S214041820726571756573742E0053657276657220E1
S21404183072657475726E65642027756E7375707044
S2140418406F7274656420636C757374657220636F5D
S2140418506D6D616E64272E00556E6B6E6F776E200D
S21404186025732073746174757320636F6465203008
S21404187078253032580025732068617320646174BB
S214041880612073697A65202825642920736D616C4C
S2140418906C6572207468616E2061637475616C2077
S2140418A07061636B65742073697A652028256429E2
S2140418B02E002573206572726F723A204578706523
S2140418C063746564206F66667365742030782530AB
S2140418D038582C2062757420676F74203078253051
S2140418E038582E202049676E6F72696E670025731C
S2140418F020696E666F20646964206E6F74206D6163
S214041900746368206D7920657870656374656420F7
S214041910696E666F2E202044726F7070696E672E33
S214041920004661696C656420746F2077726974651B
S21404193020746F2073746F726167652064657669BE
S21404194063652100446F776E6C6F61640055706741
S2140419507261646520656E6420726573706F6E7361
S21404196065005365727665722061626F7274656491
S21404197020757067726164652C2073746174757366
S2140419803A20307825303258004572726F723A2009
S21404199025732068616420696E76616C696420250D
S2140419A0733A200066696C652076657273696F6E9B
S2140419B000416464696E67202564206D732E20647C
S2140419C0656C617920666F7220696D6D6564696106
S2140419D0746520757067726164652E00436F756E5A
S2140419E074646F776E20746F2075706772616465B7
S2140419F03A202564206D73002053746174653A2080
S214041A0020202573002057616974696E6720666F0D
S214041A107220726573706F6E73653A2025730020AA
S214041A204E657874204576656E742054696D6572CB
S214041A303A202564206D73002043757272656E74B7
S214041A4020446F776E6C6F6164204F6666736574AE
S214041A503A20307825303858202825642525290052
S214041A6025733A206661696C6564207061727369D7
S214041A706E67204F544120636D64203078253032E1
S214041A8058004F54412044656661756C7420726535
S214041A9073706F6E736520746F20636F6D6D616E07
S214041AA064204944203078253032582C20737461E1
S214041AB07475732030782530325800496D61676537
S214041AC020626C6F636B2072657175657374207425
S214041AD0657374206F6E6C7920776F726B732077E2
S214041AE068656E20737461746520697320424F4F75
S214041AF0544C4F41445F53544154455F4E4F4E45FA
S214041B000052616E646F6D2044656C617920626575
S214041B10666F726520737461727400446973636FD0
S214041B20766572696E67204F5441205365727665F8
S214041B307200476574204F5441205365727665726F
S214041B4020455549004F627461696E206C696E6B5E
S214041B50206B6579005175657279696E67204E65EC
S214041B60787420496D61676500446F776E6C6F61A9
S214041B7064696E6720496D616765005665726966BB
S214041B8079696E6720496D61676500576169746994
S214041B906E6720666F722055706772616465206D8B
S214041BA065737361676500436F756E74646F776EF3
S214041BB020746F205570677261646500576169749C
S214041BC0696E6720746F207570677261646520762D
S214041BD06961206F75742D6F662D62616E64206D69
S214041BE0656368616E69736D0025733A2025642504
S214041BF02520636F6D706C65746500496D6167655B
S214041C002025640020204552524F523A20436F75D7
S214041C106C64206E6F74206765742066756C6C2027
S214041C206865616465722100202048656164657298
S214041C302056657273696F6E3A20307825303458B2
S214041C40002020486561646572204C656E67746880
S214041C503A20202564206279746573002020466942
S214041C60656C6420436F6E74726F6C3A2020307813
S214041C70253034580020204D616E75662049443A5C
S214041C8020202020202020307825303458002020A2
S214041C90496D61676520547970653A2020202020BC
S214041CA030782530345800202056657273696F6E7C
S214041CB03A20202020202020203078253038580054
S214041CC020205A69676265652056657273696F6E6F
S214041CD03A20307825303458002020486561646501
S214041CE07220537472696E673A2020257300202090
S214041CF0496D6167652053697A653A202020202063
S214041D00256C6420627974657300202053656375BE
S214041D107269747920437265643A202030782530DD
S214041D2032580020205570677261646520446573DC
S214041D30743A2020200020204D696E2E204857201B
S214041D405665723A202020203078253034580020FA
S214041D50204D61782E204857205665723A20202060
S214041D6020307825303458002020546F74616C205D
S214041D70546167733A20256400202020205461674C
S214041D803A20307825303458002020202020204C5B
S214041D90656E6774683A20256C64004572726F72CB
S214041DA03A20436F756C64206E6F74206F627461A2
S214041DB0696E2074616720696E666F2066726F6D47
S214041DC020696D6167652E000A256420696D616768
S214041DD0657320696E204F54412073746F72616777
S214041DE0652E00496D6167652064656C65746525BC
S214041DF0732E004572726F723A2020436F756C64BE
S214041E00206E6F74207265616420626C6F636B3A37
S214041E10203078253032582E0A0053746172746963
S214041E206E672065726173652066726F6D206F66DB
S214041E30667365742030782530385820746F2030E7
S214041E40782530385800436F756C64206E6F7420A4
S214041E5073746172742045524153452120283078AA
S214041E60253032582900454550524F4D2045726161
S214041E70736520636F6D706C657465002F686F6D95
S214041E80652F72756E6E65722F776F726B2F747511
S214041E9079612D7A69676265652D737769746368FD
S214041EA02F747579612D7A69676265652D73776914
S214041EB07463682F73696C6162735F746F6F6C739D
S214041EC02F73696D706C69636974795F73646B2FC3
S214041ED070726F746F636F6C2F7A69676265652FB3
S214041EE06170702F6672616D65776F726B2F706CA0
S214041EF07567696E2F6F74612D73746F7261676591
S214041F002D73696D706C652D656570726F6D2F6FBE
S214041F1074612D73746F726167652D656570726F79
S214041F206D2D706167652D65726173652E63002F74
S214041F30686F6D652F72756E6E65722F776F726B34
S214041F402F747579612D7A69676265652D73776973
S214041F507463682F747579612D7A69676265652D77
S214041F607377697463682F73696C6162735F746FE7
S214041F706F6C732F73696D706C69636974795F73C2
S214041F80646B2F70726F746F636F6C2F7A696762FD
S214041F9065652F6170702F6672616D65776F726B01
S214041FA02F706C7567696E2F6F74612D73746F7202
S214041FB06167652D73696D706C652D656570726FEC
S214041FC06D2F6F74612D73746F726167652D65650F
S214041FD070726F6D2E63004F54412053696D706CA0
S214041FE0652053746F7261676520454550524F4DA6
S214041FF0207761726E696E673A20636F756C642031
S2140420006E6F742067657420736C6F7420696E66D7
S2140420106F20666F7220736C6F74202564202865A9
S21404202072726F7220307825303258292E2044651B
S2140420306661756C74696E6720746F20737065636F
S21404204069666965642061646472657373206F668B
S21404205066736574730053746F72616765204472A7
S214042060697665723A202020202020202020202017
S21404207020204F54412053696D706C652053746F53
S2140420807261676520454550524F4D20506C756708
S214042090696E0052656164204D6F646966792057E5
S2140420A07269746520537570706F72743A20206E6E
S2140420B06F00534F4320426F6F746C6F6164696E98
S2140420C06720537570706F72743A202020207965EB
S2140420D07300426F6F746C6F616465722053746F23
S2140420E07261676520537570706F72743A20557309
S2140420F06520666972737420736C6F7400536C6F1A
S2140421007420746F207573653A20202020202020C8
S2140421102020202020202020202564004375727271
S214042120656E7420446F776E6C6F6164204F6666CC
S2140421307365743A202020203078253038580045BE
S214042140424C205374617274204F66667365743A09
S21404215020202020202020202020203078253038E1
S2140421605800454550524F4D2053746172743A20BE
S21404217020202020202020202020202020203078EE
S2140421802530385800454550524F4D20456E643A28
S2140421902020202020202020202020202020202036
S2140421A02030782530385800496D61676520496EBF
S2140421B0666F2053746172743A20202020202020F9
S2140421C0202020203078253038580053617665204A
S2140421D05261746520286279746573292020202052
S2140421E020202020202020307825303858004F66C4
S2140421F066736574206F6620646F776E6C6F6164B7
S214042200206F666673657420202030782530385831
S214042210004F6666736574206F662045424C206FD7
S21404222066667365743A20202020202020307825A6
S214042230303858004F6666736574206F6620696D83
S2140422406167652073746172743A20202020202010
S21404225030782530385800736C5F7A696762656534
S2140422605F61665F6F74615F73746F726167655FE9
S2140422706472697665725F726561645F6362282959
S214042280206661696C65642100426164206D616743
S2140422906963206E756D62657220696E2066696C6E
S2140422A0653A203078253032582030782530325838
S2140422B02030782530325820307825303258004285
S2140422C061642076657273696F6E20696E20666934
S2140422D06C6520307825303458004572726F723A37
S2140422E02072656164416E6456616C6964617465EC
S2140422F053746F726564496D61676528292074722A
S21404230069656420746F2072656164206D6F726500
S2140423102064617461207468616E20697420636F40
S214042320756C6420686F6C642E00736C5F7A6967E2
S2140423306265655F61665F6F74615F73746F726117
S21404234067655F6472697665725F726561645F6310
S214042350622829204641494C454421004C61737447
S214042360206F666673657420646F776E6C6F616445
S21404237065643A203078253038580053746F72619B
S2140423806765204D6F64756C653A204F5441205341
S214042390696D706C652053746F7261676520506C4C
S2140423A07567696E00496D616765732053746F7253
S2140423B065643A20202564206F6620310A002530A3
S2140423C032583A006570202530325820636C757395
S2140423D020253034582061747472202530345820F7
S2140423E073767220256300206D6667202530325888
S2140423F000207265706F7274206D696E202530340B
S21404240058206D61782025303458207270742D63FE
S21404241068672025303858002072656365697665DC
S2140424202066726F6D202530345820657020253064
S21404243032582074696D656F7574202530345800E1
S21404244072656D6F766500636C656172696E672090
S2140424506C617374207265706F72742074696D6534
S214042460206F6620616C6C20617474726962757486
S21404247065730074657374696E672074696D696E3C
S21404248067206F6620766172696F75732072657057
S2140424906F7274696E67206F7065726174696F6EAF
S2140424A073002D2D2D2D2D2D2D2D2D2D2D2D2D2D3A
S2140424B02D2D2D2D2D2D2D2D2D2D2D2D2D2D2D2D43
S2140424C02D2D2D2D2D2D2D2D2D2D2D2D2D2D2D2D33
S2140424D02D002D2D7461626C652072656164732015
S2140424E02D2066756C6C207461626C652D2D0072EF
S2140424F06573756C74203D202564206D73002D2D46
S214042500696E6974202F207363686564756C652032
S2140425107469636B2D2D2D002D2D6C6F6164206303
S2140425206F6E66696775726174696F6E206465663E
S21404253061756C74732D2D002F686F6D652F727521
S2140425406E6E65722F776F726B2F747579612D7A44
S21404255069676265652D7377697463682F74757926
S214042560612D7A69676265652D7377697463682F70
S21404257073696C6162735F746F6F6C732F73696DCC
S214042580706C69636974795F73646B2F70726F74AF
S2140425906F636F6C2F7A69676265652F6170702F41
S2140425A06672616D65776F726B2F706C7567696E96
S2140425B02F7265706F7274696E672F7265706F72B2
S2140425C074696E672E6300524541445F5250545FEF
S2140425D043464700726561645F7265706F72746922
S2140425E06E675F636F6E66696775726174696F6E36
S2140425F0005265706F7274696E673A206661696C22
S214042600656420746F2073656E642025732072657C
S21404261073706F6E73653A203078253032580045F3
S21404262052523A2072656164696E6720636C7573F2
S2140426307465722030782530345820617474726959
S21404264062757465203078253034583A2030782501
S214042650303258004552523A207265706F7274696F
S2140426606E67206F66204C4F4E4720737472696EF7
S2140426706720617474726962757465207479706514
S214042680206E6F7420737570706F727465643A2070
S214042690636C757374657220307825303458206105
S2140426A07474726962757465203078253034580005
S2140426B05265706F7274696E6720456E7472792005
S2140426C046756C6C202D206372656174696E672094
S2140426D06E6577207265706F7274004346475F526A
S2140426E0505400202D20646972656374696F6E3AD5
S2140426F0253032582C20617474723A2530345800D0
S214042700202020747970653A253032582C206D6963
S2140427106E3A253034582C206D61783A253034587A
S214042720002020206368616E67653A0020202074CC
S214042730696D656F75743A2530345800636F6E663C
S21404274069677572655F7265706F7274696E67002B
S2140427502054434C4B2075706461746520616C7220
S2140427606561647920696E2070726F677265737331
S214042770004D616E75616C2054434C4B207570643B
S214042780617465206661696C65642E2573005374F4
S214042790617274696E672075706461746520747202
S2140427A07573742063656E746572206C696E6B2035
S2140427B06B65792070726F6365737300557064611E
S2140427C07465205443204C696E6B204B6579002059
S2140427D04E6577206B65792065737461626C6973E6
S2140427E06865643A00204572726F723A00506172EE
S2140427F0746E65723A20005A434C20676C6F6261AF
S2140428006C20636C757374657220636F6D6D616E96
S214042810647300646972656374696F6E00646973D7
S214042820632D636F6D2D67656E00646973632D6336
S2140428306F6D2D726563006578706563742D7265BF
S214042840706F72742D66726F6D2D6D65007577727C
S214042850697465006E7772697465007265706F726C
S214042860742D726561640073656E642D6D652D61EB
S2140428702D7265706F72740043726561746573209F
S2140428806120676C6F62616C20646973636F766540
S2140428907220636F6D6D616E6420666F722074685B
S2140428A065206173736F6369617465642076616C17
S2140428B07565732E00636C757374657249641F6165
S2140428C0747472696275746549641F6D61784E75B7
S2140428D06D626572546F5265706F72741F00437236
S2140428E06561746573206120676C6F62616C207328
S2140428F0656E64206D652061207265706F72742049
S214042900636F6D6D616E6420666F722074686520F7
S2140429106173736F6369617465642076616C756551
S214042920732E00636C757374657249641F617474E6
S21404293072696275746549641F6461746154797060
S214042940651F6D696E5265706F727454696D651F8C
S2140429506D61785265706F727454696D651F726527
S214042960706F727461626C654368616E67651F00A0
S21404297043726561746573206120676C6F62616C75
S2140429802072656164207265706F7274696E672068
S214042990636F6D6D616E6420666F72207468652067
S2140429A06173736F63696174656420636C757374B3
S2140429B065722C2061747472696275746520616E28
S2140429C064207365727665722F636C69656E742015
S2140429D0646972656374696F6E2E00636C757374D4
S2140429E0657249641F6174747269627574654964BA
S2140429F01F646972656374696F6E1F00476C6F624B
S214042A00616C207265706F7274696E6720636F6D97
S214042A106D616E6400656E64706F696E741F636CBE
S214042A20757374657249641F61747472696275742F
S214042A306549641F6D61736B1F004372656174653D
S214042A4073206120676C6F62616C2072656164201C
S214042A50636F6D6D616E64206D6573736167652069
S214042A60746F20726561642066726F6D2074686589
S214042A7020636C757374657220616E64206174746F
S214042A8072696275746520737065636966696564E6
S214042A902E00636C757374657249641F6174747276
S214042AA0696275746549641F004372656174657371
S214042AB0206120676C6F62616C2077726974652090
S214042AC0636F6D6D616E64206D65737361676520F9
S214042AD0746F20777269746520746F20746865203B
S214042AE0636C757374657220616E642061747472AD
S214042AF069627574652073706563696669656400E8
S214042B00636C757374657249641F61747472696268
S214042B1075746549641F747970651F646174611FF8
S214042B20004372656174652061206578706563741E
S214042B302D7265706F72742D66726F6D2D6D6520C3
S214042B406D65737361676520776974682061737354
S214042B506F6369617465642076616C7565732E00B5
S214042B60636C757374657249641F61747472696208
S214042B7075746549641F74696D656F75741F0043C9
S214042B807265617465206120446973636F7665724B
S214042B9020436F6D6D616E64732047656E65726168
S214042BA074656420636F6D6D616E64207769746804
S214042BB0206173736F6369617465642076616C75F4
S214042BC065732E00636C757374657249641F737441
S214042BD0617274436F6D6D616E6449641F6D6178D4
S214042BE0436F6D6D616E6449641F00536574732092
S214042BF074686520646972656374696F6E20666FB5
S214042C007220676C6F62616C20636F6D6D616E64B9
S214042C10732C2065697468657220636C69656E74CC
S214042C2020746F20736572766572206F72207365E8
S214042C307276657220746F20636C69656E742E00FC
S214042C4053657473206120666C616720736F20740B
S214042C5068617420746865206170706C696361745F
S214042C60696F6E206672616D65776F726B20574967
S214042C704C4C204E4F5420726573706F6E642074F3
S214042C806F20746865206E657874205A434C206DF6
S214042C90657373616765207468617420636F6D651E
S214042CA07320696E206F766572207468652061698A
S214042CB0722E0053657473206120666C61672073FE
S214042CC06F207468617420746865206170706C6924
S214042CD0636174696F6E206672616D65776F726B7F
S214042CE02057494C4C20726573706F6E6420746F65
S214042CF020746865206E657874205A434C206D6590
S214042D007373616765207468617420636F6D65739F
S214042D1020696E206F76657220746865206169721A
S214042D202E00536574732074686520446973616269
S214042D306C652044656661756C7420526573706FAB
S214042D406E7365204672616D6520436F6E74726F94
S214042D506C2062697420746F2075736520666F72C8
S214042D6020746865206E65787420636F6D6D616E7F
S214042D70642069662074686520636F6D6D616E6497
S214042D80206973206E6F7420616C726561647920AB
S214042D906275696C742E0064697361626C6544655F
S214042DA06661756C74526573706F6E73651F00533D
S214042DB06574732074686520666C616720746F2080
S214042DC07573652074686520696E6372656D656EDB
S214042DD07465642073657175656E6365206E756DC4
S214042DE06265722066726F6D207468652066726113
S214042DF06D65776F726B20666F7220746865206EDF
S214042E006578742072617720636F6D6D616E642ED1
S214042E10007573654E65787453657175656E636584
S214042E201F00436C6920636F6D6D616E6420746F60
S214042E302063616C6C20736C5F7A69676265655F9A
S214042E4061665F7365745F74696D652066756E632D
S214042E5074696F6E20646F63756D656E7465642047
S214042E60696E2061662E680075746354696D651F0B
S214042E700053657473207468652074776F206279D4
S214042E807465206D616E7566616374757265722013
S214042E907370656369666963206964656E746966E0
S214042EA069657220746F2075736520666F7220746E
S214042EB06865206E65787420636F6D6D616E64203E
S214042EC069662074686520636F6D6D616E64206941
S214042ED073206E6F7420616C72656164792062750C
S214042EE0696C742E006D6667537065636966696302
S214042EF049641F0054727573742043656E7465725A
S214042F00204A6F696E2048616E646C65723A20735D
S214042F107461747573203D2025732C206465636981
S214042F2073696F6E203D202573202825303258297A
S214042F302C2073686F727469642030782530345896
S214042F4000554E73656375726564206A6F696E001A
S214042F50646576696365206C65667400554E7365B2
S214042F6063757265642072656A6F696E0075736551
S214042F7020707265636F6E66696775726564206B30
S214042F8065790073656E64206B657920696E2074BC
S214042F90686520636C6561720064656E79206A6F8B
S214042FA0696E006E6F20616374696F6E00616C6C8D
S214042FB06F772072656A6F696E73206F6E6C790026
S214042FC06E6F742000534C5F5354415455535F4EF8
S214042FD04554574F524B5F5550203078253034585F
S214042FE00054727573742043656E7465722045557B
S214042FF049206861732025736368616E6765642E73
S21404300000534C5F5354415455535F4E4554574FE9
S214043010524B5F444F574E00534C5F5354415455E4
S214043020535F4E4F545F4A4F494E454400534C5FDE
S2140430305354415455535F5A49474245455F4E459C
S21404304054574F524B5F4F50454E45443A202564E3
S2140430502073656300534C5F5354415455535F5A71
S21404306049474245455F4E4554574F524B5F434C84
S2140430704F5345440025733A2025730064697374DE
S214043080726962757465640063656E7472616C69F6
S2140430907A656400466F726D002573696E67206FEB
S2140430A06E2063682025642C2070616E496420308D
S2140430B07825303458004572726F723A204465762B
S2140430C069636520646F6573206E6F742073757012
S2140430D0706F7274202573206E6574776F726B2020
S2140430E0666F726D6174696F6E004A6F696E00492F
S2140430F06E76616C696420536563757269747920B1
S21404310050726F66696C653A203078253032580004
S214043110704A6F696E20666F72202564207365633B
S2140431203A20307825303258004C696D6974696EDF
S21404313067206475726174696F6E206F66207065AF
S214043140726D6974206A6F696E2066726F6D206690
S2140431506F726576657220283235352920746F20A3
S2140431603235340052583A205A444F2C20636F6D3F
S2140431706D616E64203078253034582C2073746169
S2140431807475733A203078253032580053696D7060
S2140431906C650052583A20257320446573632052A8
S2140431A0657370004D61746368002C204D61746310
S2140431B06865733A20256400446576696365204132
S2140431C06E6E6F756E63653A20307825303458001D
S2140431D052583A20494545452041646472657373E4
S2140431E020526573706F6E73650052583A204163BF
S2140431F07469766520455020526573706F6E7365EA
S2140432002C20436F756E743A202564004E6F6465F7
S214043210002C204D6174636865733A20307825303D
S214043220345800737461636B207665722E205B25B8
S214043230642E25642E256400202573206275696C2F
S214043240642025645D005A444F00534500484100FD
S214043250436C757374657200476C6F62616C00250D
S214043260737478203078253038582C200050726FCC
S21404327066696C653A2025732028307825303458E2
S214043280292C20436C75737465723A203078253087
S21404329034582C2025642062797465732C00205AD7
S2140432A0434C20257320436D642049443A2025640A
S2140432B0005072652D52656C6561736500416C70D3
S2140432C06861203100416C706861203200416C7086
S2140432D06861203300426574612031004265746180
S2140432E02032004265746120330047410052657302
S2140432F0657420696E666F3A20307825303258201F
S214043300282573290064656C6574652062696E649B
S214043310696E673A2025303258202530325800012D
S21404332002030405060708090A0B0C000101010143
S214043330010101010101010100575249544520458C
S21404334052523A2000257365702025303258206387
S2140433506C757320253034582061747472202530BF
S2140433603458206E6F7420737570706F7274656451
S214043370002573696E76616C6964206461746120EB
S2140433807479706500257361747472206E6F74208E
S2140433907772697461626C650057524954453A20E5
S2140433A06E6F2077726974652C206A757374206159
S2140433B0207465737400524541443A2061747472F3
S2140433C069627574652073697A6520746F6F206C02
S2140433D06172676520666F722063616C6C6572004B
S2140433E0636C6E74007372767200525700524F000C
S2140433F0202052414D20200020746F6B656E200003
S21404340065787465726E2000454E44504F494E549C
S214043410202530325800636C7573202F207369643E
S21404342065202F2061747472202F206D666720201B
S2140434302F74797065286C656E292F207277202F7B
S2140434402073746F72616765202F20646174612035
S21404345028726177290025303458202F20257320C0
S2140434602F2025303458202F2000202F20253032BE
S2140434705820282530325829202F202573202F2025
S2140434802573202F2000556E737570706F727465E7
S21404349064004F544120524541443A2065703A2511
S2140434A0303258206369643A253034582061747485
S2140434B069643A25303458206D736B3A2530325897
S2140434C0206D66636F64653A253034580052454172
S2140434D0443A20636C757320253034582C2061746C
S2140434E074722025303458206661696C6564202522
S2140434F030325800524541443A20636C7573202597
S2140435003034582C206174747220253034582C20A2
S214043510646174614C656E3A20253032582C204F15
S2140435204B0028256329253032582530325825305B
S2140435303258253032582530325825303258253006
S2140435403258253032580064697361626C65002510
S21404355073642C2064726F7070696E6720657020C7
S21404356030782530325820636C75732030782530D7
S214043570345820636D64203078253032580047650F
S2140435806E65726174656400526563656976656428
S21404359000446973636F76657220436F6D6D616E68
S2140435A0647320726573706F6E73652028636F6D25
S2140435B0706C6574653A202563292C202573204990
S2140435C044733A200030782530325820005F45583E
S2140435D05400524541445F41545452005752495492
S2140435E0453A20636C757320253034582061747412
S2140435F072202530345820004641494C202530326C
S214043600580057524954453A20746F6F2073686FB8
S214043610727400444953435F415454520025732541
S214043620733A20636C7573202530345800537663E0
S21404363020446973633A2000257357616974696E80
S214043640672025642073656320666F72206469733F
S214043650636F7665727920746F20636F6D706C6526
S214043660746500537461746520636F727265737059
S2140436706F6E64696E6720746F2074686520746862
S214043680652072657175657374206E6F7420666F3D
S214043690756E640A002573636F6D706C6574652EB1
S2140436A00A002573536572766963652044697363FB
S2140436B06F76657279205374617465206C696D69E0
S2140436C0747320726561636865640A002573496CC7
S2140436D06C6567616C2062726F61646361737420E9
S2140436E0616464726573732C2072656D61707069B1
S2140436F06E6720746F2076616C6964206F6E652E29
S2140437000025734661696C656420746F2073656E6A
S21404371064206D6174636820646973636F76657290
S214043720793A203078253032580025735374617204
S21404373074696E6720646973636F76657279206650
S2140437406F7220636C75737465722030782530341C
S214043750580025734661696C656420746F20736530
S2140437606E642073696D706C65206465736372693A
S21404377070746F7220726571756573743A20307850
S214043780253032580025734661696C656420746F71
S2140437902073656E642049454545206164647265FE
S2140437A0737320726571756573743A2030782530AA
S2140437B032580025734661696C656420746F207303
S2140437C0656E64204E574B20616464726573732083
S2140437D0726571756573743A2030782530325800F6
S2140437E04572726F723A2025732062616420736991
S2140437F06D706C652064657363726970746F722093
S2140438006C656E6774682E0025734D657373616707
S2140438106520746F6F2073686F72740025734D652E
S214043820737361676520746F6F2073686F7274209A
S214043830666F72206E756D2E20656E64706F696E8D
S21404384074730025734D61746368257320666F7501
S2140438506E642066726F6D203078253034582E00E2
S2140438604572726F723A20257320696E76616C69B0
S21404387064206C656E6774682028256420213D20CA
S21404388025642920666F7220416374697665204535
S2140438906E64706F696E7420726573706F6E736594
S2140438A0002573676F7420616374697665204550DC
S2140438B020726573706F6E73650055544320746987
S2140438C06D653A2025642F25642F25642025643AE7
S2140438D025643A2564202825303858290028556E52
S2140438E06B6E6F776E20636C75732E205B30782555
S2140438F03034585D29000D0A54253038583A0052A1
S21404390058206C656E2025642C2065702025303286
S214043910582C20636C75732030782530345820007A
S214043920206D6667496420253034580020464320BD
S2140439302530325820736571202530325820636D47
S214043940642025303258207061796C6F61645B00A6
S2140439504261736963004F7665722074686520411E
S214043960697220426F6F746C6F6164696E670025BC
S21404397073525820706B7420746F6F2073686F7264
S214043980743A202564203C20256400257352582070
S214043990706B74206D616C666F726D65643A202579
S2140439A064203C2025640020204861766520526F00
S2140439B07574657220537570706F7274002020459C
S2140439C06E6420446576696365204F6E6C790020CA
S2140439D020456E61626C65640020204469736162F0
S2140439E06C6564004572726F7220726574726965E4
S2140439F076696E6720696E666F20666F72206C69E2
S214043A006272617279204944202564002573206C13
S214043A1069627261727925732070726573656E745B
S214043A20005A69676265652050726F0042696E6469
S214043A30696E6700536563757269747920436F72A3
S214043A4065005365637572697479204C696E6B20E2
S214043A504B6579730043424B45203136334B310076
S214043A6043424B4520445341205369676E00454307
S214043A70430043424B4520445341205665726966D1
S214043A8079005061636B65742056616C6964617477
S214043A9065005A4C4C0043424B45203238334B3178
S214043AA000454343203238334B310043424B4520D4
S214043AB0636F7265004E4350004D756C7469206EDA
S214043AC06574776F726B00456E68616E636564201B
S214043AD0426561636F6E205265710043424B452018
S214043AE03238334B31204453412056657269667927
S214043AF0004D756C74692D50414E002F686F6D65CE
S214043B002F72756E6E65722F776F726B2F74757960
S214043B10612D7A69676265652D7377697463682FAA
S214043B20747579612D7A69676265652D7377697432
S214043B3063682F73696C6162735F746F6F6C732F45
S214043B4073696D706C69636974795F73646B2F70E5
S214043B50726F746F636F6C2F7A69676265652F7313
S214043B607461636B2F636F6E6669672F736C5F7A1D
S214043B7069676265655F636F6E66696775726174AF
S214043B80696F6E2E63002F686F6D652F72756E6E8B
S214043B9065722F776F726B2F747579612D7A6967EA
S214043BA06265652D7377697463682F747579612D02
S214043BB07A69676265652D7377697463682F7369BC
S214043BC06C6162735F746F6F6C732F73696D706C66
S214043BD069636974795F73646B2F70726F746F6353
S214043BE06F6C2F7A69676265652F737461636B2FD8
S214043BF06672616D65776F726B2F6165732D656391
S214043C00622E63002F686F6D652F72756E6E657217
S214043C102F776F726B2F747579612D7A6967626579
S214043C20652D7377697463682F747579612D7A6965
S214043C30676265652D7377697463682F73696C6151
S214043C4062735F746F6F6C732F73696D706C6963E6
S214043C506974795F73646B2F70726F746F636F6CC3
S214043C602F7A69676265652F737461636B2F73655A
S214043C706375726974792F7A69676265652D7365F1
S214043C806375726974792D6D616E616765722D6EE8
S214043C906F2D7661756C742E63004572726F723A7E
S214043CA020204661696C656420746F2072656164C7
S214043CB02066726F6D20454550524F4D206174202A
S214043CC030782534582C207374617475733A202523
S214043CD06400454550524F4D20496E697469616CC5
S214043CE0697A65643A20256300454550524F4D2055
S214043CF0427573793A202563005061727469616C69
S214043D0020576F72642053746F7261676520436F27
S214043D10756E743A20256400416464726573733A60
S214043D202030782534582C205061727469616C20D8
S214043D30576F72643A203078255800636F6E666950
S214043D40726D656400617373756D6564000A45453C
S214043D5050524F4D20496E666F004E6F7420617648
S214043D6061696C61626C6520286F6C6465722062A0
S214043D706F6F746C6F616465722900506172742091
S214043D804465736372697074696F6E3A20202020EC
S214043D902020202020202573004361706162696C16
S214043DA069746965733A2020202020202020202072
S214043DB02020202030782532580050616765204541
S214043DC0726173652074696D65202873293A202012
S214043DD0202020202564005061727420457261738F
S214043DE0652074696D65202873293A2020202020D8
S214043DF020256400506172742045726173652074D6
S214043E00696D6520286D73293A20202020202025FE
S214043E106400506167652073697A65202862797446
S214043E206573293A202020202020202020256C009D
S214043E30506172742073697A652028627974657398
S214043E40293A202020202020202020256C00576F8F
S214043E5072642073697A6520286279746573293AD6
S214043E60202020202020202020256420282570299A
S214043E7000454550524F4D20696E69743A2030789B
S214043E802558002F686F6D652F72756E6E65722FDC
S214043E90776F726B2F747579612D7A6967626565C1
S214043EA02D7377697463682F747579612D7A6967E1
S214043EB06265652D7377697463682F73696C6162D4
S214043EC0735F746F6F6C732F73696D706C6963695D
S214043ED074795F73646B2F7574696C2F706C756777
S214043EE0696E2F706C7567696E2D636F6D6D6F6E7E
S214043EF02F656570726F6D2F656570726F6D2E63BA
S214043F0000556E61626C6520746F20626F6F74205A
S214043F10696D61676520617420736C6F7420256C0D
S214043F20640A00536C6F74204D616E61676572207D
S214043F306661696C656420746F20657261736520C0
S214043F40736C6F740A004D61782072656164206C2E
S214043F50696D69742073657420746F20256420620B
S214043F60797465730A004164647265737320202053
S214043F7020202020202020446174610A0030782507
S214043F80346C7820202020202020307825780A00E1
S214043F904661696C656420746F207265616420668E
S214043FA0726F6D20666C6173680A00536C6F7420C0
S214043FB0256C640A20204164647265737320202093
S214043FC020203A20307825346C580A20204C656E20
S214043FD06774682020202020203A20307825346C0E
S214043FE0582028256C64206279746573290A002099
S214043FF0205479706520202020202020203A20009C
S2140440004E6F2047424C2070726573656E740A00CA
S2140440105A69674265650A005468726561640A00F5
S214044020436F6E6E6563740A00426C7565746F6FD9
S21404403074680A00426C7565746F6F7468206170EA
S214044040706C69636174696F6E0A004D43550A00AB
S2140440504F7468657220283078256C58290A002029
S2140440602056657273696F6E20202020203A203017
S21404407078256C580A0020204361706162696C6977
S214044080746965733A20307825346C580A00202009
S21404409050726F6475637420494420203A200030BF
S2140440A07825582000536C6F74204D616E616765E7
S2140440B0723A206661696C656420746F20696E6963
S2140440C07469616C697A6520626F6F746C6F616481
S2140440D0657220286572726F7220307825347829CC
S2140440E00A0056657273696F6E20202020203A20DD
S2140440F025640A005061727420202020202020208D
S2140441003A2025730A004361706162696C697469B8
S21404411065733A20307825780A00506172742073EB
S214044120697A652020203A20256420420A005061DE
S21404413067652073697A652020203A20256420422A
S2140441400A00576F72642073697A652020203A202B
S214044150256420420A00536C6F74732020202020AC
S21404416020203A2025640A004661696C6564207440
S2140441706F20726561642066726F6D2073746F724F
S21404418061676520666C61736820286572726F7259
S214044190202564290A00496E76616C696420736C74
S2140441A06F7420256420286D617820736C6F7420EA
S2140441B02564290A004661696C656420746F20676B
S2140441C0657420696E666F20666F7220736C6F74F8
S2140441D02025640A00536C6F74204D616E61676518
S2140441E0723A20736C6F7420777269746520666106
S2140441F0696C7572652E2041646472657373206FF2
S21404420066667365742028256429202B20777269D6
S2140442107465206C656E6774682028256429206799
S214044220726561746572207468616E20746F74615F
S2140442306C20736C6F74206C656E67746820282518
S21404424064290A00536C6F74204D616E6167657251
S214044250207761726E696E673A20736C6F742025DE
S21404426064206C656E6774682028256429206E6F48
S2140442707420616C69676E656420746F2070616772
S214044280652073697A6520282564292E205468657C
S21404429020656E7469726520736C6F742077696C20
S2140442A06C206E6F74206265206572617365642E7F
S2140442B00A00536C6F74204D616E616765723A2014
S2140442C06661696C656420746F206572617365202D
S2140442D0256420627974657320696E20736C6F742C
S2140442E020256420617420616464726573732030D1
S2140442F07825347820286572726F72203078257895
S214044300290A004572617365642025642062797405
S214044310657320696E20736C6F742025640A0046EA
S21404432061696C656420746F2073657420736C6FA8
S2140443307420746F20626F6F7420286572726F72B7
S214044340203078253478290A004661696C65642033
S214044350746F20736574206C697374206F662073A1
S2140443606C6F747320746F20626F6F74202865728C
S214044370726F72203078253478290A004661696C99
S214044380656420746F20676574206E6577206C6999
S2140443907374206F6620736C6F747320746F20625E
S2140443A06F6F7420286572726F72203078253478A7
S2140443B0290A00426567696E6E696E6720696D61D9
S2140443C0676520766572696669636174696F6E2EC7
S2140443D02E2E002E6661696C656421202845727253
S2140443E06F72203078253478290A002E7061737332
S2140443F065642120426F6F74696E6720736C6F74F6
S2140444002025640A00666E692B00666E69006E617C
S2140444106E00666E692D006C696273006273656E69
S21404442064007265736574007261770073656E6408
S2140444305F6D756C7469636173740073656E642D67
S2140444407573696E672D6D756C7469636173742D0D
S21404445062696E64696E670074696D6573796E630C
S214044460006765742D7074692D726164696F2D63BD
S2140444706F6E66696700636F6E6669672D63636156
S2140444802D6D6F6465006576656E74730073656381
S2140444907572697479007A69676265655F707269B6
S2140444A06E7400706C7567696E006E6574006B657B
S2140444B07973006F7074696F6E00706C7567006353
S2140444C068616E67656B6579006368616E67656BC6
S2140444D0007A646F007072696E742072656C617421
S2140444E0656420636F6D6D616E64732E0061747411
S2140444F072005A646F2072656C6174656420636F21
S2140445006D6D616E64732E00726F75746500706FE6
S214044510776572006D676D742D6C7169006D676DDB
S214044520742D62696E64006E6F64650073696D70E5
S2140445306C650069656565006E776B00756E62690B
S2140445406E64006E776B2D757064006F75742D63E2
S2140445506C2D6C69737400696E2D636C2D6C6973B5
S21404456074005A646F20696E2D636C2D6C697374C5
S2140445702072656C6174656420636F6D6D616E6432
S214044580732E005A646F206F75742D636C2D6C69DE
S21404459073742072656C6174656420636F6D6D61FD
S2140445A06E64732E005A646F206E776B2D7570647C
S2140445B02072656C6174656420636F6D6D616E64F2
S2140445C0732E007363616E2D6368616E2D6D617367
S2140445D06B007363616E006368616E5067006368A6
S2140445E0616E005A646F20756E62696E642072652F
S2140445F06C6174656420636F6D6D616E64732E0008
S214044600756E6963617374006368616E67656B6574
S214044610792072656C6174656420636F6D6D616E7C
S21404462064732E006C696E6B004F7074696F6E2035
S21404463072656C6174656420636F6D6D616E64731E
S2140446402E0072656769737465720064697363002B
S214044650696E7374616C6C2D636F64650062696E59
S21404466064696E672D7461626C65007072696E743D
S2140446702D72782D6D736773006170737265747232
S214044680790041505320726574727920666C6167B4
S21404469020666F72636520636F6D6D616E64730070
S2140446A0456E61626C65732F44697361626C6573F1
S2140446B0207072696E74696E67206F662052782067
S2140446C06D657373616765732E00656E61626C65F4
S2140446D00042696E64696E67207461626C6520725C
S2140446E0656C6174656420636F6D6D616E64732EB2
S2140446F0005365637572697479206B6579732072EB
S214044700656C6174656420636F6D6D616E64732E91
S2140447100064656C657465004E6574776F726B2013
S21404472072656C6174656420636F6D6D616E64732D
S2140447302E00666F726D0072656A6F696E2D64690D
S21404474066662D6465766963652D747970650065A3
S214044750787470616E69640069736F70656E006268
S214044760726F61642D706A6F696E006368616E674C
S214044770652D6368616E6E656C00696E69740063AE
S21404478068616E67652D6B6565702D616C6976650D
S2140447902D6D6F64650074696D656F75742D6F702B
S2140447A074696F6E2D6D61736B006D756C74692D15
S2140447B07068792D7374617274006D756C74692DEC
S2140447C07068792D73746F700066696E64006E6528
S2140447D074776F726B2066696E6420636F6D6D61AB
S2140447E06E64732E006A6F696E61626C6500756E26
S2140447F07573656400736C6F742D6D616E616765A7
S2140448007200636F756E746572730066696E642DEC
S214044810616E642D62696E6400667261676D656EB2
S214044820746174696F6E0067726F7570732D73654B
S21404483072766572006E6574776F726B2D7374652D
S2140448406572696E67006F74612D626F6F746C6F4A
S2140448506164006F74612D636C69656E74006F74B7
S214044860612D73746F726167652D636F6D6D6F6E06
S214044870006F74612D73746F726167652D65657062
S214044880726F6D0069646C652D736C656570007578
S21404489070646174652D74632D6C696E6B2D6B6525
S2140448A079007570646174652D74632D6C696E6B24
S2140448B02D6B65792072656C6174656420636F6D19
S2140448C06D616E64730074696D6572006E6F770057
S2140448D0436F6D6D616E647320746F20636F6E74C6
S2140448E0726F6C2069646C696E672F736C65657093
S2140448F0696E67206F6620746865206465766963F0
S2140449006500666F7263652D6177616B650061771C
S214044910616B652D7768656E2D6E6F742D6A6F6991
S2140449206E6564007265706F7274696E6720726576
S2140449306C6174656420636F6D6D616E64732E00C4
S214044940636C6561722D6C6173742D7265706F7221
S214044950742D74696D6500746573742D74696D695E
S2140449606E67006F74612D73746F726167652D6571
S2140449706570726F6D2072656C6174656420636F18
S2140449806D6D616E64732E0077697065006F746177
S2140449902D73746F726167652D636F6D6D6F6E2016
S2140449A072656C6174656420636F6D6D616E6473AB
S2140449B0007072696E74496D616765730072656C28
S2140449C06F61640073746F726167652D696E666FDC
S2140449D000646174612D7072696E74006F74612D69
S2140449E0636C69656E742072656C617465642063BB
S2140449F06F6D6D616E64732E0076657269667900FC
S214044A00626C6F636B2D7465737400706167652DDB
S214044A107265717565737400757067726164652D6F
S214044A20726571756573740064697361626C652D73
S214044A30646F776E67726164657300656E61626C3D
S214044A40652D646F776E677261646573006F746159
S214044A502D626F6F746C6F61642072656C6174652F
S214044A606420636F6D6D616E6473006E6574776F3A
S214044A70726B2D7374656572696E672072656C61FE
S214044A8074656420636F6D6D616E64732E0070725E
S214044A90652D636F6E666967757265642D6B6579DF
S214044AA02D736574006D61736B2072656C6174653B
S214044AB06420636F6D6D616E642E0073756274722C
S214044AC06163740067726F7570732D7365727665B3
S214044AD0722072656C6174656420636F6D6D616EBF
S214044AE064732E00667261676D656E746174696FB7
S214044AF06E2072656C6174656420636F6D6D616EA3
S214044B0064732E007365742D72782D77696E646FE6
S214044B10772D73697A650061727469666963696181
S214044B206C2D626C6F636B2D64726F700046696ED9
S214044B306420616E642062696E642072656C6174C0
S214044B40656420636F6D6D616E64732E00696E69B3
S214044B50746961746F7200656E61626C655F747906
S214044B60706500737461636B00617070007A636CC7
S214044B70006C65676163795F61665F64656275672B
S214044B8000636F756E746572732072656C6174650C
S214044B906420636F6D6D616E64732E007072696E4F
S214044BA0742D636F756E7465722D747970650073F9
S214044BB0696D706C652D7072696E74007072696EC2
S214044BC0742D7468726573686F6C647300736574AF
S214044BD02D7468726573686F6C64007265736574AF
S214044BE02D7468726573686F6C64730073656E64A5
S214044BF02D72657175657374007365637572697477
S214044C00792072656C6174656420636F6D6D616E86
S214044C106473007365742D616C6C6F772D74727594
S214044C2073742D63656E7465722D72656A6F696E32
S214044C302D7573696E672D77656C6C2D6B6E6F774B
S214044C406E2D6B6579007365742D616C6C6F772DB2
S214044C5074727573742D63656E7465722D72656AED
S214044C606F696E2D7573696E672D77656C6C2D6B29
S214044C706E6F776E2D6B65792D74696D656F7574BF
S214044C80007365742D6B65792D7265717565737423
S214044C902D706F6C696379006D66672D746F6B6534
S214044CA06E00617073005365637572697479206170
S214044CB070732072656C6174656420636F6D6D61DA
S214044CC06E64732E004765742F736574204D4647D3
S214044CD020746F6B656E2E00656E64706F696E74FB
S214044CE02072656C6174656420636F6D6D616E64BB
S214044CF0732E00656570726F6D207574696C6974C7
S214044D00792072656C6174656420636F6D6D616E85
S214044D10647300536C6F74204D616E616765722016
S214044D2072656C6174656420636F6D6D616E647327
S214044D3000626F6F742D736C6F74006572617365B7
S214044D402D736C6F74006578742D666C6173682DB2
S214044D50696E666F00736C6F74732D696E666F0090
S214044D605072696E74732074696D652E0050726992
S214044D706E7473206174747269627574652E004370
S214044D806C6561727320746865205A444F206C69A0
S214044D907374206F6620636C69656E742028696E70
S214044DA02920636C7573746572732E004164647392
S214044DB020636C75737465727320746F20746865F1
S214044DC0206B6E6F776E20636C69656E742028693D
S214044DD06E2920636C757374657273206F6E20740D
S214044DE0686973206465766963652E00436C656143
S214044DF0727320746865205A444F206C697374205B
S214044E006F6620636C69656E7420286F757429203C
S214044E10636C7573746572732E00416464732063E7
S214044E206C75737465727320746F20746865206B78
S214044E306E6F776E20636C69656E7420286F757468
S214044E402920636C757374657273206F6E207468A2
S214044E506973206465766963652E0053656E6473B2
S214044E6020616E20757064617465206368616E6E7F
S214044E70656C20726571756573742E006368616E67
S214044E806E656C1F0053656E647320616E207570CA
S214044E9064617465206368616E6E656C207061671A
S214044EA065207265712E2054686520737461636B87
S214044EB02073656E6473206E776B20656E68616E12
S214044EC0636564207570646174652072657120661C
S214044ED06F72206E6F6E2D7A65726F2070616765D3
S214044EE02E006368616E6E656C1F706167651F00D7
S214044EF0506572666F726D7320616E20656E6572A2
S214044F006779207363616E2E007461726765744EF0
S214044F106F646549641F7363616E44757261746976
S214044F206F6E1F7363616E436F756E741F004272FB
S214044F306F616463617374732074686520494420E8
S214044F406F6620746865206E6577206E6574776F6B
S214044F50726B206D616E6167657220616E6420619C
S214044F606374697665206368616E6E656C732E0083
S214044F706E776B4D676549641F6368616E6E656C1A
S214044F804D61736B1F00506572666F726D7320619E
S214044F906E20656E65726779207363616E206F6E2E
S214044FA020676976656E206368616E6E656C206D39
S214044FB061736B2E007461726765744E6F64654925
S214044FC0641F7363616E4475726174696F6E1F73D8
S214044FD063616E436F756E741F6368616E6E656C95
S214044FE04D61736B1F0053656E64732061206E659C
S214044FF074776F726B206164647265737320726574
S214045000717565737420666F7220746865206769AD
S21404501076656E2049454545206164647265737300
S2140450202E00696565651F00526571756573747336
S21404503020616E204945454520616464726573733A
S214045040206261736564206F6E20612067697665EF
S2140450506E206E6F64652049442E006E6F64654949
S214045060641F0053656E647320612073696D706CF1
S214045070652064657363726970746F7220726571FB
S2140450807565737420666F72207468652073686F24
S2140450907274206164647265737320616E64206543
S2140450A06E64706F696E7420737065636966696593
S2140450B0642E00646573741F746172676574456E4C
S2140450C064706F696E741F0053656E64732061208C
S2140450D06D6174636844657363726970746F727328
S2140450E05265717565737420746F207468652067E3
S2140450F06976656E2064657374696E6174696F6E33
S21404510020776974682074686520676976656E2000
S21404511070726F66696C652E006E6F646549641FF5
S21404512070726F66696C651F0053656E64732061E8
S214045130206E6F64652064657363726970746F7241
S214045140207265717565737420746F2061206769B9
S21404515076656E207461726765742064657669632B
S214045160652E007461726765741F0053656E647300
S2140451702061205A444F2042696E6420636F6D6D2F
S214045180616E6420746F20612064657669636520AF
S21404519073706563696669656420696E2074686502
S2140451A020636F6D6D616E6420617267756D656EE8
S2140451B074732E0044657374696E6174696F6E1F30
S2140451C0536F7572636520656E64706F696E741FC5
S2140451D044657374696E6174696F6E20656E64707D
S2140451E06F696E741F636C757374657249441F72BD
S2140451F0656D6F746545554936341F64657374452B
S214045200554936341F0053656E647320616E206101
S214045210637469766520656E64706F696E74207257
S21404522065717565737420746F2074686520646591
S2140452307669636520776974682074686520676991
S21404524076656E2073686F72742049442E00536529
S2140452506E647320616E20756E62696E642072657A
S214045260717565737420666F72206120756E69634C
S2140452706173742062696E64696E6720746F20744B
S2140452806865207461726765742064657669636511
S2140452902E007461726765741F736F757263652080
S2140452A065756936341F736F7572636520656E6441
S2140452B0706F696E741F636C757374657249441FEE
S2140452C064657374696E6174696F6E4555493634E6
S2140452D01F64657374696E6174696F6E20656E64AD
S2140452E0706F696E741F0053656E647320616E2060
S2140452F0756E62696E642072657175657374206676
S2140453006F722061206D756C7469636173742062BA
S214045310696E64696E6720746F20746865207461B2
S21404532072676574206465766963652E00746172BD
S2140453306765741F736F75726365206575693634A7
S2140453401F736F7572636520656E64706F696E7423
S2140453501F636C757374657249441F67726F75704A
S214045360416464726573731F0053656E64732061D1
S214045370205A444F204D616E6167656D656E7420DA
S2140453804C6561766520636F6D6D616E6420746F25
S2140453902074686520746172676574206465766934
S2140453A063652E007461726765741F72656D6F762F
S2140453B0654368696C6472656E1F72656A6F696EB0
S2140453C01F0053656E64732061205A444F204D4776
S2140453D04D542D42696E64202842696E64696E6776
S2140453E0205461626C65292052657175657374205A
S2140453F0746F2074686520746172676574206465D0
S214045400766963652E007461726765741F737461D0
S2140454107274496E6465781F0053656E6473206108
S214045420205A444F204D474D542D4C514920284C6A
S2140454305149205461626C65292052657175657303
S2140454407420746F207468652074617267657420B4
S2140454506465766963652E0053656E647320612007
S2140454605A444F20506F776572204465736372699F
S21404547070746F72205265717565737420746F2032
S2140454807468652074617267657420646576696300
S214045490652E0053656E64732061205A444F207253
S2140454A06F757465207265717565737420636F6DAE
S2140454B06D616E6420746F20746865207461726711
S2140454C065742E007461726765741F696E6465780E
S2140454D01F00696E6465781F65756936341F696ECA
S2140454E07374616C6C436F64651F00696E646578E1
S2140454F01F65756936341F6B65791F005443206C2D
S214045500696E6B206B65792072657175657374209E
S214045510706F6C6963791F417070206C696E6B20C4
S2140455206B6579207265717565737420706F6C692C
S21404553063791F00426F6F6C3A20616C6C6F772042
S21404554074727573742063656E7465722072656A0E
S2140455506F696E207573696E672077656C6C2D6B4A
S2140455606E6F776E206B65791F0070726F66696C5C
S2140455706549641F636C757374657249641F0074AF
S214045580617267657449641F00456E61626C657379
S214045590207072696E74696E67206F662052782078
S2140455A06D657373616765732E0053657473207439
S2140455B068652062696E64696E67207461626C65F2
S2140455C000696E6465781F636C75737465721F6C0E
S2140455D06F63616C45701F72656D6F746545701FEF
S2140455E065756936341F00436C6561727320746890
S2140455F0652062696E64696E67207461626C652EEC
S214045600005072696E7473207468652062696E64F3
S214045610696E67207461626C6520746F20746865B7
S21404562020636F6D6D616E64206C696E652E004339
S2140456306C6561727320616C6C2073656375726946
S2140456407479206B6579732E0044656C65746520E7
S21404565074686520737065636966696564206C693F
S2140456606E6B206B657920696E6465782E005072C7
S214045670696E747320616C6C2073656375726974EB
S21404568079206B6579732E005465726D696E61744A
S214045690657320746865206D756C74692D5048595F
S2140456A020696E746572666163650055736564206F
S2140456B0746F207374617274206D756C74692D50E8
S2140456C0485920696E74657266616365206F7468F4
S2140456D06572207468616E206E61746976652061F7
S2140456E06E6420666F726D20746865206E657477CC
S2140456F06F726B2E2054686520737461636B20751B
S2140457007365732073616D652050616E4964206112
S21404571073206E617469766520726164696F206EA9
S2140457206574776F726B2E00706167651F636861BE
S2140457306E6E656C1F706F7765721F6F7074696F1D
S2140457406E734D61736B20284269742030203D20AF
S214045750526F757465727320616C6C6F7765642C18
S214045760204269742031203D2042726F6164636177
S214045770737420616C6C6F776564291F00417474C0
S214045780656D70747320746F206368616E6765203E
S214045790746865206368696C642074696D656F75E8
S2140457A074206F7074696F6E206D61736B20746FF4
S2140457B02066696C746572206F757420756E6465F6
S2140457C073697261626C652076616C7565732028F6
S2140457D0652E672E206E6F206D6F7265207468616B
S2140457E06E20332064617973292E0074696D656FA9
S2140457F07574206F7074696F6E206D61736B1F0013
S2140458005377697463686573206265747765656E3B
S21404581020646966666572656E74206B65657020C3
S214045820616C697665206D6F64657320737570703E
S2140458306F72746564206279206120726F75746576
S214045840722E004B65657020616C697665206D6FFD
S21404585064651F005072696E7473207468652063F3
S214045860757272656E74204E6F64652049442C20F0
S21404587045554936342C20616E642050616E2049AB
S214045880442E00496E697469616C697A6573206197
S214045890206E6574776F726B3B2074686973206939
S2140458A0732061207465737420636F6D6D616E641C
S2140458B0207573656420666F722074632D73776138
S2140458C0702D6F75742074657374696E672E00533B
S2140458D065747320746865206E6574776F726B20C8
S2140458E0696E646578207573656420627920616CDE
S2140458F06C2066757475726520434C4920636F6D21
S2140459006D616E64732E20204265666F7265206535
S2140459107865637574696E67206120434C4920631B
S2140459206F6D6D616E642C20746865206672616D9F
S21404593065776F726B207377697463686573207418
S2140459406F2074686973206E6574776F726B2E208F
S2140459502041667465722074686520636F6D6D619E
S2140459606E642066696E697368657320657865631E
S2140459707574696E672C20746865206672616D653F
S214045980776F726B207377697463686573206261DE
S214045990636B20746F207468652070726576696F17
S2140459A07573206E6574776F726B2E20205468654D
S2140459B020434C49207573657320746865207361B1
S2140459C06D65206E6574776F726B20696E6465789A
S2140459D020756E74696C20746865206465766963E6
S2140459E06520726573657473206F7220697420690C
S2140459F073206368616E676564207468726F756788
S214045A0068207468697320636F6D6D616E642E0020
S214045A10417474656D70747320746F206368616E6E
S214045A20676520646576696365206F7665722074A1
S214045A306F206120646966666572656E74206368AB
S214045A40616E6E656C20676976656E20696E20747B
S214045A506865206368616E6E656C20617267756D3B
S214045A60656E742E00546865206368616E6E656C9E
S214045A7020746F206368616E676520746F1F00660C
S214045A80696E64556E7573656450616E496400662C
S214045A90696E644A6F696E61626C654E6574776F91
S214045AA0726B005065726D697473206A6F696E69F3
S214045AB06E67206F6E20746865206E6574776F72EB
S214045AC06B20666F72206120676976656E206E753E
S214045AD06D626572206F66207365636F6E647320F3
S214045AE0414E442062726F61646361737473206113
S214045AF0205A444F204D676D74205065726D69744A
S214045B00204A6F696E696E67207265717565737475
S214045B1020746F20616C6C20726F75746572732EBE
S214045B2000412073696E676C65206279746520692C
S214045B306E6469636174696E6720686F77206C6F42
S214045B406E6720746865206465766963652073688B
S214045B506F756C642068617665207065726D697413
S214045B60206A6F696E696E67207475726E6564204C
S214045B706F6E20666F722E20412076616C756520EC
S214045B806F662030786666207475726E73206F6E4A
S214045B90207065726D6974206A6F696E20696E6420
S214045BA06566696E6974656C792E1F004368656363
S214045BB06B73206E6574776F726B20706A6F696E94
S214045BC0207374617475732E00577269746573203C
S214045BD074686520657874656E6465642070616EAB
S214045BE020494420666F722074686520646576696F
S214045BF063652E0065787470616E69641F00526573
S214045C006A6F696E7320616E206578697374696E55
S214045C1067206E6574776F726B20696E20612073DF
S214045C206563757265206F7220696E73656375723D
S214045C3065206D616E6E65722077697468206120D8
S214045C40646966666572656E742064657669636504
S214045C5020747970652E00426F6F6C65616E206EDD
S214045C606574776F726B206B657920617661696CF9
S214045C706162696C6974791F4368616E6E656C2035
S214045C806D61736B1F416E20656E756D6572617410
S214045C90696F6E20696E6469636174696E672074E7
S214045CA06865206465766963652074797065207418
S214045CB06F2072656A6F696E2061732E5468652062
S214045CC0737461636B206F6E6C79206163636570B7
S214045CD0747320534C5F5A49474245455F454E44CA
S214045CE05F44455649434520616E6420534C5F5AD1
S214045CF049474245455F534C454550595F454E44D8
S214045D005F4445564943452E1F0052654A6F696EE7
S214045D10732061206E6574776F726B2E00426F6F0E
S214045D206C65616E206E6574776F726B206B657937
S214045D3020617661696C6162696C6974791F436875
S214045D40616E6E656C206D61736B1F004C656176C9
S214045D5065732061206E6574776F726B2E005475C0
S214045D60726E73207065726D6974206A6F696E69ED
S214045D706E67206F6E20666F722074686520616D92
S214045D806F756E74206F662074696D6520696E6425
S214045D906963617465642E00412073696E676C657F
S214045DA0206279746520696E6469636174696E67DC
S214045DB020686F77206C6F6E672074686520646552
S214045DC0766963652073686F756C642068617665B0
S214045DD0207065726D6974206A6F696E696E6720DB
S214045DE07475726E206F6E20666F722E2041207658
S214045DF0616C7565206F66203078666620747572EF
S214045E006E73207065726D6974206A6F696E20699E
S214045E106E646566696E6974656C792E1F004A6FD8
S214045E20696E732061206E6574776F726B206F6E77
S214045E30206120676976656E206368616E6E656CA6
S214045E402C2077697468206120676976656E205413
S214045E505820506F77657220616E642050414E2042
S214045E6049442E00546865206368616E6E656C2034
S214045E706F6E20776869636820746F206A6F696E36
S214045E8020746865206E6574776F726B1F4F6E653D
S214045E902D62797465207369676E65642076616C1B
S214045EA0756520696E6469636174696E67207468D9
S214045EB06520545820506F7765722074686174208A
S214045EC074686520726164696F2073686F756C64AA
S214045ED02062652073657420746F1F5468652050B3
S214045EE0414E204944206F6E2077686963682074A9
S214045EF06F206A6F696E20746865206E6574776FAC
S214045F00726B1F00466F726D732061206E65747726
S214045F106F726B206F6E206120676976656E2063F2
S214045F2068616E6E656C2C207769746820612067E2
S214045F306976656E20545820506F77657220616EBE
S214045F40642050414E2049442E00546865206368FE
S214045F50616E6E656C206F6E207768696368207466
S214045F606F20666F726D20746865206E6574776F37
S214045F70726B1F4F6E652D62797465207369676E48
S214045F8065642076616C756520696E646963617406
S214045F90696E672074686520545820506F77657260
S214045FA020746861742074686520726164696F2067
S214045FB073686F756C642062652073657420746FF3
S214045FC01F5468652050414E204944206F6E207748
S214045FD06869636820746F20666F726D20746865E4
S214045FE0206E6574776F726B1F005468697320693E
S214045FF06E6974696174657320612054434C4B2048
S2140460007570646174652070726F6365647572651B
S2140460102E00537065636966792074686520616D27
S2140460206F756E74206F662074696D6520746F20BA
S21404603077616974206166746572206F6E6520549A
S214046040434C4B20757064617465206F7065726193
S21404605074696F6E20636F6D706C6574657320620F
S21404606065666F726520626567696E6E696E672025
S21404607061206E65772054434C4B207570646174C0
S21404608065206F7065726174696F6E2E0054686562
S21404609020616D6F756E74206F662074696D65205F
S2140460A06265747765656E20737562736571756570
S2140460B06E742074727573742063656E74657220D2
S2140460C06C696E6B206B657920757064617465739A
S2140460D020696E206D696C6C697365636F6E64739A
S2140460E01F00536574206F7220636C6561722073A1
S2140460F0746179206177616B65207768656E206EC0
S2140461006F74206A6F696E656400536574206F72DD
S21404611020636C65617220666F72636520617761C7
S2140461206B6500446973706C6179207468652073CC
S2140461306C6565702073746174757300464F5220E5
S21404614054455354494E4720505552504F53455387
S214046150202D206761746865722074696D696E67A6
S214046160206D65747269637320666F722072657041
S2140461706F7274696E67207461626C65206F7065F7
S214046180726174696F6E732E00436C65617273205E
S214046190746865206C617374207265706F72742005
S2140461A074696D65206F66206174747269627574B3
S2140461B065732E00416464732061206E65772065E4
S2140461C06E74727920746F20746865207265706FBF
S2140461D07274207461626C652E00546865206C6F5E
S2140461E063616C20656E64706F696E742066726F8E
S2140461F06D207768696368207468652061747472BA
S2140462006962757465206973207265706F7274654F
S214046210641F54686520636C7573746572207768B0
S2140462206572652074686520617474726962757439
S21404623065206973206C6F63617465641F546865B8
S214046240204944206F6620746865206174747269FE
S21404625062757465206265696E67207265706F7218
S2140462607465641F3020666F7220636C69656E7493
S2140462702D736964652061747472696275746573DC
S214046280206F72203120666F722073657276657295
S2140462902D736964652061747472696275746573BC
S2140462A01F546865206D696E696D756D2072657022
S2140462B06F7274696E6720696E74657276616C2C91
S2140462C0206D6561737572656420696E20736563FD
S2140462D06F6E64732E1F546865206D6178696D75E2
S2140462E06D207265706F7274696E6720696E74656E
S2140462F07276616C2C206D656173757265642069B5
S2140463006E207365636F6E64732E1F546865206D0C
S214046310696E696D756D206368616E676520746F5C
S214046320207468652061747472696275746520747B
S2140463306861742077696C6C20726573756C742060
S214046340696E2061207265706F7274206265696E72
S214046350672073656E742E1F0052656D6F766573C5
S21404636020616E20656E7472792066726F6D20747B
S2140463706865207265706F7274207461626C652E35
S2140463800054686520696E646578206F66207468BA
S21404639065207265706F727420746F206265207257
S2140463A0656D6F7665641F00436C6561727320616A
S2140463B06C6C20656E74726965732066726F6D20EE
S2140463C0746865207265706F7274207461626C659F
S2140463D02E005072696E747320746865207265703E
S2140463E06F7274207461626C652E005769706573F1
S2140463F020616C6C206461746120696E2074686529
S2140464002073746F72616765206465766963652EB0
S214046410005072696E74732061726269747261727C
S21404642079206279746573206F6620746865204FDE
S214046430544120696D616765206F6E206469736BD3
S2140464402E0054686520696E646578206F66207433
S214046450686520696D61676520746F207072696E67
S214046460742069747320646174611F546865206FB6
S214046470666673657420696E746F20746865204F51
S214046480544120696D61676520746861742077697A
S2140464906C6C206265207072696E7465641F0050AF
S2140464A072696E747320696E666F726D6174696F5B
S2140464B06E2061626F7574207468652073746F72E1
S2140464C0616765206465766963652E0052656C6F46
S2140464D06164207468652073746F726167652064F4
S2140464E065766963652E0044656C6574657320740F
S2140464F0686520696D61676520617420746865202D
S21404650073706563696669656420696E6465782E70
S2140465100054686520696E64657820617420776825
S21404652069636820746F20626567696E2064656CB1
S2140465306574696E672074686520696D6167651F98
S214046540005072696E74732074686520696D6167A3
S21404655065732E00456E61626C6573204F5441204E
S214046560646F776E6772616465732E004469736145
S214046570626C6573204F544120646F776E67726156
S2140465806465732E0053656E647320616E205570C7
S2140465906772616465456E645265717565737420CF
S2140465A0746F20616E204F54412073657276657255
S2140465B02E0043616E206265207573656420746FD7
S2140465C02064796E616D6963616C6C792074757290
S2140465D06E206F66662073656E64696E67207061F0
S2140465E06765207265717565737473206F6E2074A9
S2140465F0686520636C69656E7420736964652C2015
S2140466006966207468652073657276657220646FA7
S21404661065736E277420737570706F727420746857
S214046620697320666561747572652E00426F6F6CBF
S21404663065616E2076616C7565207475726E696E20
S21404664067206F6E20283129206F72206F666620BF
S214046650283029207468652070616765207265712A
S2140466607565737420666C61671F0053656E64738A
S21404667020616E20696D61676520626C6F636B20B4
S2140466807265717565737420666F72206120666921
S2140466906C6520746865207365727665722073680D
S2140466A06F756C64206E6F7420686176652E20208A
S2140466B054657374206861726E657373206F6E6CB4
S2140466C079202874657374206361736520392E35C8
S2140466D02E36202D204D697373696E672046696CCB
S2140466E06529005072696E747320696E666F726DE8
S2140466F06174696F6E206F6E2074686520637572AE
S21404670072656E74207374617465206F6620746895
S21404671065204F544120636C69656E7420646F77FE
S2140467206E6C6F61642E0053746F707320746865AA
S214046730204F5441207374617465206D61636869E9
S2140467406E652E0053746172747320746865204FEE
S214046750544120636C69656E74207374617465209B
S2140467606D616368696E652E205468652073746174
S2140467707465206D616368696E6520646973636F10
S2140467807665727320746865204F54412073657271
S2140467907665722C207175657269657320666F72F2
S2140467A0206E657720696D616765732C20646F774A
S2140467B06E6C6F6164732074686520696D616765CB
S2140467C07320616E6420776169747320666F72202B
S2140467D07468652073657276657220636F6D6D618B
S2140467E06E6420746F20757067726164652E005045
S2140467F072696E747320746865206D616E75666167
S2140468006374757265722049442C20496D6167650E
S21404681020547970652049442C20616E64205665A6
S2140468207273696F6E20696E666F726D6174696FDC
S2140468306E207468617420617265207573656420C7
S2140468407768656E2061207175657279206E65784B
S2140468507420696D6167652069732073656E7420A2
S214046860746F207468652073657276657220627929
S2140468702074686520636C69656E742E00506572BA
S214046880666F726D73207369676E617475726520C6
S214046890766572696669636174696F6E206F6E20CF
S2140468A074686520696D6167652061742074686525
S2140468B02073706563696669656420696E646578CB
S2140468C02E0054686520696E6465782061742077AC
S2140468D06869636820746F20626567696E207665F0
S2140468E072696669636174696F6E206F6620746886
S2140468F06520696D6167651F00426F6F746C6F6118
S21404690064732074686520696D616765206174200E
S2140469107468652073706563696669656420696E6A
S2140469206465782062792063616C6C696E67207494
S2140469306865204F544120626F6F746C6F616420E9
S21404694063616C6C6261636B2E0054686520696ECB
S21404695064657820617420776869636820746F20A2
S214046960626567696E20626F6F746C6F6164696ECE
S214046970672074686520696D6167651F00507269D9
S2140469806E747320696E666F2061626F757420740E
S214046990686520696E7374616C6C656420626F6FE1
S2140469A0746C6F616465722E0053756274726163F1
S2140469B074732061206368616E6E656C2066726F06
S2140469C06D206569746865722074686520707269E4
S2140469D06D617279206F72207365636F6E64617285
S2140469E079206368616E6E656C206D61736B206FD1
S2140469F06620746865206E6574776F726B2D737489
S214046A00656572696E6720636F6D706F6E656E7410
S214046A102E00546865206368616E6E656C206D6137
S214046A20736B20746F207375627472616374207460
S214046A306865206368616E6E656C2066726F6D1F94
S214046A40546865206368616E6E656C20746F20738D
S214046A507562747261637420746865206D61736B0B
S214046A602066726F6D1F0041646473206120636842
S214046A70616E6E656C20746F20656974686572203B
S214046A80746865207072696D617279206F72207304
S214046A9065636F6E64617279206368616E6E656C9F
S214046AA0206D61736B206F6620746865206E657454
S214046AB0776F726B2D7374656572696E6720636F8A
S214046AC06D706F6E656E742E005468652063686121
S214046AD06E6E656C206D61736B20746F20616464E8
S214046AE02061206368616E6E656C20746F1F546845
S214046AF065206368616E6E656C20746F20616464E3
S214046B0020746F20746865206D61736B1F00536575
S214046B107473206569746865722074686520707281
S214046B20696D617279206F72207365636F6E64613C
S214046B307279206368616E6E656C206D61736B2E6E
S214046B4000546865206368616E6E656C206D6173C1
S214046B506B20746F2073756274726163742074683A
S214046B6065206368616E6E656C2066726F6D1F5477
S214046B7068652076616C756520746F207365742073
S214046B80746865206368616E6E656C206D61736BF6
S214046B9020746F2E1F00536574732074686520700C
S214046BA072652D636F6E66696775726564206B65C2
S214046BB07920736F207468617420746865206A6F26
S214046BC0696E696E67206465766963652063616EC5
S214046BD020656E74657220746865206E6574776FC0
S214046BE0726B2E005365747320746865207072652A
S214046BF0636F6E66696775726564206B65791F00DE
S214046C0053746F707320746865206E6574776F7242
S214046C106B207374656572696E672070726F636546
S214046C2073732E0053746172747320746865206ED7
S214046C306574776F726B207374656572696E67200E
S214046C4070726F636573732E0041206D61736B20E1
S214046C506F66206F7074696F6E7320666F7220693A
S214046C606E6469636174696E6720737065636966D0
S214046C706963206265686176696F722077697468F3
S214046C80696E20746865206E6574776F726B2D73F9
S214046C9074656572696E672070726F636573732EB0
S214046CA01F00446973706C6179732074686520638F
S214046CB0757272656E7420737461747573206F6672
S214046CC020746865206E6574776F726B20737465C4
S214046CD06572696E672070726F636573732E004306
S214046CE06C65617273207468652067726F75707363
S214046CF0207461626C65206F6E20657665727920FB
S214046D00656E64706F696E74005072696E74732079
S214046D10696E666F726D6174696F6E2061626F75FD
S214046D20742074686520636F6E74656E7473206F68
S214046D3066207468652067726F757073207461626C
S214046D406C652E004172746966696369616C6C795E
S214046D502064726F70732074686520626C6F636B56
S214046D60206E756D62657220646566696E65642062
S214046D70627920746865207061737365642061723B
S214046D8067756D656E74206F6E6C79206F6E6365C3
S214046D902C20616E64207468656E20616C6C6F775D
S214046DA0732069742075706F6E206120726574722A
S214046DB0792E0054686520626C6F636B206E756D67
S214046DC062657220746F20617274696669636961B2
S214046DD06C6C792064726F7020746F20666F7263B7
S214046DE0652061207265747279202D207365742085
S214046DF0746F203078464620746F2064697361622D
S214046E006C651F005365747320746865207265632F
S214046E10656976652077696E646F772073697A652D
S214046E202E2020427920646566696E6974696F6EE7
S214046E3020696E2074686520536D61727420456EF7
S214046E40657267792070726F66696C652069742054
S214046E506D7573742062652073657420746F2031B9
S214046E6020627574207468697320616C6C6F777324
S214046E7020697420746F206265206368616E67659C
S214046E80642E00546865206D6178206E756D6265A9
S214046E9072206F662074686520626C6F636B732063
S214046EA07265636569766564206265666F726520DF
S214046EB0616E204150532061636B206973206765BF
S214046EC06E6572617465641F004D616B6573207432
S214046ED0686973206E6F64652073746172742069C8
S214046EE064656E74696679696E67206173206120D3
S214046EF074617267657420666F722062696E646975
S214046F006E67207769746820616E20696E6974699B
S214046F1061746F72206E6F64652E00546865206518
S214046F206E64706F696E74206F6E2077686963682C
S214046F3020746F20626567696E20746865204669F0
S214046F406E64696E6720616E642042696E64696E61
S214046F5067207461726765742070726F63657373FB
S214046F601F004D616B65732074686973206E6F64CF
S214046F70652073746172742074686520696E697420
S214046F806961746F722070617274206F6620746811
S214046F90652066696E64696E6720616E6420626946
S214046FA06E64696E672070726F636573732E005427
S214046FB0686520656E64706F696E74206F6E2077E6
S214046FC06869636820746F20626567696E207468F8
S214046FD0652046696E64696E6720616E6420426946
S214046FE06E64696E6720696E69746961746F722075
S214046FF070726F636573731F00456E61626C652FF4
S21404700064697361626C6520646562756720606C90
S214047010656761637920617070206672616D65775B
S2140470206F726B20646562756760207072696E7437
S21404703020747970652E00456E61626C652F6469F4
S2140470407361626C651F00456E61626C652F6469CE
S2140470507361626C6520646562756720607A636C30
S21404706060207072696E7420747970652E00456EA7
S21404707061626C652F64697361626C652064656225
S2140470807567206061707060207072696E74207419
S2140470907970652E00456E61626C652F6469736154
S2140470A0626C652064656275672060636F726560F4
S2140470B0207072696E7420747970652E00456E6156
S2140470C0626C652F64697361626C652064656275C1
S2140470D0672060737461636B60207072696E7420DD
S2140470E0747970652E0053656E6473206120726532
S2140470F0717565737420666F72204F544120636FF8
S214047100756E746572732E005265736574732061B0
S2140471106C6C207468726573686F6C647320766137
S2140471206C75657320746F203078464646462E008C
S214047130536574732061207468726573686F6C6439
S2140471402076616C756520666F72206120706172AE
S214047150746963756C61722074797065206F66203B
S214047160636F756E7465722E0054797065206F6651
S21404717020636F756E7465721F5468726573686FEA
S2140471806C642056616C75651F005072696E74736A
S21404719020746865207468726573686F6C64732005
S2140471A06F6620616C6C2074686520636F756E74FE
S2140471B06572732E00436C6561727320616C6C207B
S2140471C0636F756E7465722076616C7565732E00D8
S2140471D05072696E747320616C6C20636F756E7484
S2140471E065722076616C7565732E005072696E74D4
S2140471F073207468652076616C7565206F662074EC
S21404720068697320706172746963756C6172206357
S2140472106F756E7465722E0054686520636F756EA4
S214047220746572207479706520746F207072696E4C
S214047230741F005072696E747320616C6C20636FE7
S214047240756E7465722076616C75657320616E6404
S21404725020636C65617273207468656D2E005365D7
S21404726074204D464720746F6B656E2C2043414E48
S2140472704E4F5420424520554E53455420425920E3
S214047280434C492E005072696E74204D4647207454
S2140472906F6B656E2E005072696E7420616374693C
S2140472A07665206576656E74732E00446973616234
S2140472B06C652074686520656E64706F696E7420F2
S2140472C0666F72205A434C206D65737361676573ED
S2140472D02E00456E64706F696E7420696E646578FE
S2140472E01F00456E61626C65732074686520656E68
S2140472F064706F696E7420666F72205A434C206DFA
S214047300657373616765732E005072696E742073BB
S2140473107461747573206F6620656E64706F696E31
S21404732074732E0053686F777320746865207665CF
S2140473307273696F6E206F662074686520736F665B
S21404734074776172652E00536574207468652063D3
S2140473506F6E66696775726564203830322E313513
S2140473602E3420434341206D6F646520696E20747B
S214047370686520726164696F2E2053656520646FAA
S21404738063756D656E746174696F6E20726567618E
S2140473907264696E67205241494C5F4945454538D9
S2140473A030323135345F4363614D6F64655F742EEC
S2140473B00041205241494C5F4945454538303231F9
S2140473C035345F4363614D6F64655F742076616C2A
S2140473D075651F0052657475726E7320505449208B
S2140473E0726164696F20636F6E66696720696E6692
S2140473F06F726D6174696F6E20746F206465746556
S214047400726D696E652074686520504859207479D9
S2140474107065206265696E6720757365642062799D
S214047420205241494C2E2072657475726E20766126
S2140474306C756520697320656E756D205241494CE4
S2140474405F494545453830323135345F50746952AA
S2140474506164696F436F6E6669675F7420652E6743
S21404746020205241494C5F49454545383032313534
S214047470345F5054495F524144494F5F434F4E4630
S21404748049475F32503447485A203D2030783030E0
S21404749055205241494C5F494545453830323135CF
S2140474A0345F5054495F524144494F5F434F4E4600
S2140474B049475F32503447485A5F414E5444495610
S2140474C0203D203078303155205241494C5F4945A3
S2140474D045453830323135345F5054495F52414463
S2140474E0494F5F434F4E4649475F32503447485AE8
S2140474F05F434F4558203D20307830325520524166
S214047500494C5F494545453830323135345F50542F
S214047510495F524144494F5F434F4E4649475F32A5
S214047520503447485A5F414E544449565F434F458A
S21404753058203D2030783033550053656E647320F0
S214047540612072656164206174747220666F7220B3
S2140475507468652074696D65206F6620746865209C
S21404756064657669636520737065636966696564D6
S2140475702E2049742073657473206120666C6167DD
S21404758020736F207768656E20697420676574734E
S2140475902074686520726573706F6E7365206974F5
S2140475A020777269746573207468652074696D65E4
S2140475B020746F20697473206F776E2074696D650C
S2140475C020617474722E0049641F737263456E647E
S2140475D0706F696E741F64657374456E64706F694A
S2140475E06E741F005768656E2073656E64696E67F7
S2140475F0207573696E6720612062696E64696E67C0
S2140476002C20737065636966696573207768657492
S2140476106865722061206D756C746963617374208B
S21404762062696E64696E672073686F756C64206245
S2140476306520757365642E007573654D756C746985
S2140476406361737442696E64696E671F0053656E86
S21404765064732061207072652D6275666665726556
S21404766064206D756C746963617374206D657373DF
S21404767061676520746F206120676976656E206790
S214047680726F75702049442066726F6D20612067A2
S2140476906976656E20656E64706F696E742E006719
S2140476A0726F757049641F7372632D656E64706FB4
S2140476B0696E741F00437265617465732061206D82
S2140476C065737361676520627920737065636966A4
S2140476D079696E67207468652072617720627974B0
S2140476E065732E20557365207468652073656E6413
S2140476F020636F6D6D616E6420746F2073656E64B5
S21404770020746865206D657373616765206F6E63AA
S2140477106520697420686173206265656E206372F3
S21404772065617465642E2045783A2072617720304E
S2140477307830303046207B303020304120303020C6
S21404774031312032322033332034342035357D2015
S21404775073656E64732061206D657373616765205D
S214047760746F20636C75737465722031352028300D
S214047770783030304629206F66206C656E677468F2
S214047780203820776869636820696E636C75646561
S2140477907320746865205A434C206865616465727A
S2140477A02E00436C757374657249641F446174617A
S2140477B01F0052657365747320746865206E6F6469
S2140477C0652E005772697465732061206D65737346
S2140477D06167652E00456E64706F696E741F436C36
S2140477E075737465722049441F41747472696275B6
S2140477F074652049441F4D61736B1F446174612096
S214047800747970651F4461746120627974651F0021
S21404781052656164732061206D6573736167652EBC
S21404782000456E64706F696E741F436C757374657F
S214047830722049441F4174747269627574652049E4
S214047840441F312069662073657276657220646908
S21404785072656374696F6E2C203020696620636CD1
S21404786069656E7420646972656374696F6E1F005F
S21404787053656E64732061206D6573736167652E4E
S2140478800044657374696E6174696F6E1F536F7517
S21404789072636520656E64706F696E741F446573E9
S2140478A074696E6174696F6E20656E64706F696E5C
S2140478B0741F00536F7572636520656E64706F691C
S2140478C06E741F004C69737473207768696368204C
S2140478D06F7074696F6E616C206C69627261726934
S2140478E06573206F662074686520737461636B200B
S2140478F061726520696D706C656D656E7465642073
S2140479006F6E2074686973206465766963652E00FB
S2140479105072696E747320696E666F726D617469F5
S2140479206F6E2061626F757420746865206E65746E
S214047930776F726B2073746174652C20636C757337
S214047940746572732C20616E6420656E64706F6952
S2140479506E74732E006F66667365741F00507269CA
S2140479606E747320696E666F726D6174696F6E20D3
S214047970666F7220616C6C20617661696C61626C02
S2140479806520736C6F74732E005265616473207285
S214047990617720646174612066726F6D20666C6125
S2140479A073682073746F726167652E004164647235
S2140479B065737320746F20726561641F4E756D6203
S2140479C06572206F6620627974657320746F207206
S2140479D06561641F005072696E747320666C61730F
S2140479E0682073746F7261676520696E666F726D66
S2140479F06174696F6E2E00457261736573207468D6
S214047A00652073706563696669656420736C6F745A
S214047A102049442E0053746F7261676520736C6F3F
S214047A2074206E756D6265721F00426F6F747320EA
S214047A3074686520696D61676520696E2074686581
S214047A402073706563696669656420736C6F74205F
S214047A5049442E00434C4920696E7374616E636515
S214047A60206578616D706C650064756D6D795F690D
S214047A706E7374005A434C20636F6D6D616E64734D
S214047A8000626173696300676C6F62616C006D66A7
S214047A90672D636F6465007573652D6E6578742D48
S214047AA073657175656E636500782D6465666175CA
S214047AB06C742D7265737000746573742D726573BF
S214047AC0706F6E73652D6F6E00746573742D7265BA
S214047AD073706F6E73652D6F6666005A434C206232
S214047AE06173696320636C757374657220636F6D6C
S214047AF06D616E6473007274666400436F6D6D61CD
S214047B006E64207468617420726573657473206192
S214047B106C6C206174747269627574652076616C2D
S214047B2075657320746F20666163746F7279206460
S214047B30656661756C742E005241494C006C6F7713
S214047B4065722D6D61632D7261696C2D3830322E2D
S214047B5031352E342E63006C69627261696C2E6155
S214047B6000756E636C61696D656400627566666552
S214047B70722D6D616E6167656D656E742E6300654A
S214047B8076656E742D71756575652E63007A696702
S214047B906265652D75707065722D6D61632E630068
S214047BA06E65696768626F722E63006173736F63D4
S214047BB0696174696F6E2E63003138323173003137
S214047BC034323231003132310032730031323231E4
S214047BD0313200313232313100323831003831310D
S214047BE000313832313100313231313132313232D2
S214047BF032317300313232003132313132323100B7
S214047C00313131310032323800726F7574652D743B
S214047C1061626C652E63006D61632D6D756C7469AD
S214047C202D6E6574776F726B2E63006C6567616387
S214047C30792D7061636B65742D6275666665722E48
S214047C406300000102030E312E312E322D6664616C
S214047C5065313134330001000100020303000300E0
S214047C600000000013B779FAC925DDB7ADF3CFE0FD
S214047C70F1B614B80102000000000000FFFFFFFF89
S214047C8001000000010000000000000000000000E9
S214047C9000000000000000000000000000000000DB
S214047CA000000000000000000000000000000000CB
S214047CB000000000033F1F0037400300334003006A
S214047CC011400300DF3F03006F4003004140030000
S214047CD0E13F03002C000000020202030000000043
S214047CE001020000000801B48C7D04000008015A5B
S214047CF0487D040000080040047D040000000000E5
S214047D00000000000000FCFEFFFF00000000000072
S214047D10FFFF000000000000FFFF0000000000005E
S214047D20FFFF00000000000040001806F4D2000028
S214047D302C00B0023DBE00001700F2000C7C0000D0
S214047D400C0041009E4200006400FCFEFFFF0000A1
S214047D5000000000FFFF0000000000005A00F306C9
S214047D60A554FEFF2100A301A1FEFFFF1100A600FB
S214047D70832700000A006100DC26000006003B00A2
S214047D80F820000003001500AD130000C800FCFE38
S214047D90B4008B087BC0FBFF4D00E402E756FFFFF0
S214047DA02C00A20183EBFFFF1A000301B31A0000A4
S214047DB01100A300552900000A005E005A2800009E
S214047DC006003A0021220000040018007316000082
S214047DD038330400F5E70300F5E70300F5E703008E
S214047DE0F5E70300F5E70300F5E70300F5E703000E
S214047DF0F5E70300F5E70300F5E70300F5E70300FE
S214047E00F5E70300F5E70300F5E70300F5E70300ED
S214047E10F5E70300F5E70300F5E70300F5E70300DD
S214047E20F5E70300F5E70300F5E70300F5E70300CD
S214047E30F5E70300F5E70300F5E70300F5E70300BD
S214047E4003E80300F5E7030018E80300F5E703007A
S214047E50F5E703003DE80300F5E70300F5E7030054
S214047E60F5E70300F5E7030065E80300F5E703001C
S214047E70F5E70300F5E70300F5E703007DE80300F4
S214047E80F5E703009BE803000B0000000B0000006E
S214047E900200000000002020000000000300000094
S214047EA08C8C3C0000000000000000000000000075
S214047EB0000000581200000000000000FFFFFFFF53
S214047EC0FFFFFFFF554E4B00474F200042544C0027
S214047ED0474F3200474F3300474F3400474F350073
S214047EE0474F3600474F3700474F3800474F390053
S214047EF0474F4100474F4200474F4300474F440017
S214047F00474F4500474F46004A4D500042445200F2
S214047F105550520042544D004D534D0046544C00AB
S214047F20554E4B00474F200042544C0042414400FB
S214047F3046544C00465243004F54410044534C00B0
S214047F404241500055504700544D450046415500A7
S214047F50545A4600554E4B0050494E00454D340089
S214047F60554E4B0048562000554E4B004558500081
S214047F704C574D00554E4B005242540044534C004F
S214047F80454D3400554E4B0041535400554E4B005E
S214047F9056465900494E4800554E4B004C434B003C
S214047FA058544C004F424600554E4B00485244002D
S214047FB04D454D0042555300555347004442470033
S214047FC0444D410056435400554E4B005550200036
S214047FD052502000415030004150310041502000A2
S214047FE04450200044454300C47E0400C87E040078
S214047FF0207F0400547F0400607F0400687F040030
S214048000747F0400847F04008C7F0400987F04003F
S214048010A87F0400C87F0400554E4B004649420022
S21404802042544C0045585400505752005744470099
S21404803020535700435253004653480042414400DD
S214048040464C540042524F00010401030306010546
S214048050010501090600060B0000070B050B0000CE
S21404806000000000000000000400E40C0A00010404
S2140480701001000000050002000003000483040051
S21404808000830400EC820400E8820400E482040016
S214048090E0820400CE820400BE820400A4820400AF
S2140480A09C82040092820400908204007882040079
S2140480B0758204006D8204005C8204004C82040015
S2140480C03A82040020820400188204000C82040011
S2140480D00882040004820400F6810400EB81040094
S2140480E0D2810400B98104005D8104005C8104002F
S2140480F04C810400248104001981040018810400C2
S21404810004810400000000000000000000000000DD
S21404811000000000000000000F0000000000000047
S2140481200000000000000000000000000000000046
S2140481300000000000000000000000000000000036
S2140481400000000000000000000000000100000025
S2140481500000000000000000000000000F00000007
S2140481600000000000000000000000000000000006
S21404817000000000000000000000000000000000F6
S21404818000000000000000000000000000000000E6
S21404819000000000000000000000000000000000D6
S2140481A000000000000000000000000000000000C6
S2140481B000000000000000000000000000000000B6
S2140481C000000000000000000000000000000000A6
S2140481D00000000000000000000000000000000096
S2140481E00000000000000000000000000000000086
S2140481F00000000000000000000000000000000076
S214048200000000000000000000000000FFFFFFFF69
S214048210FFFFFFFFFFFF000000000000000000005B
S2140482200000000000000000000000000000000045
S2140482300000000000000000000000000000000035
S2140482400000000000000000000000000000000025
S2140482500000000000000000000000000000000015
S21404826000000000000000000000000000FFFFFF08
S214048270FFFFFFFFFF9C0000FF000000000000005F
S2140482800000000000000000000000008000000065
S2140482900000FFFFFFFFFFFFFFFFFFFF00000000DF
S2140482A0FFFF0000000000000000000000000000C7
S2140482B00000000000000000000000000000FFFFB7
S2140482C0FF000000000000000000000000000000A6
S2140482D00000000000000000000000000000000095
S2140482E00000000000000000000000000000000085
S2140482F00000000000000000000000000000000075
S21404830000000000FC03010101010101010101015B
S2140483100101010101000000000000010020060028
S21404832000000601010000200204110404021110DA
S2140483301A080A021801081110111A080A04020D74
S2140483400B19195C0110280B011400000000000032
S214048350000000000000000000010101010101000E
S21404836001010101010101000001010100010001F8
S21404837001000000000000000000000000000000F3
S21404838000010000000000000000000000000000E3
S21404839001FF010023E1010075E4010063E201002E
S2140483A063E5010062E1010079EB010064EE01007F
S2140483B024E1010025E1010026E1010027E1010096
S2140483C028E1010029E101002AE101000000010082
S2140483D0800001000001010080010100000201008C
S2140483E08002010020E201000003010000050100F4
S2140483F080050100000601002C89010080060100AA
S2140484000007010001E5010002E501000008010083
S214048410800801000040010086321010FFFFFFFFB5
S214048420FFFFFFFF22F1030028F103002EF10300F3
S21404843034F103003AF103005A6967426565416CFA
S2140484406C69616E636530394E574B2053746565AD
S21404845072696E67000095969595950507090D0057
S2140484600000000000010203040600006607040082
S214048470011B04001B1B0400321B0400451B0400E4
S214048480551B0400691B04007B1B04008B1B0400A3
S214048490A71B0400BC1B04000208010D0D0101010A
S2140484A012010000FFFFFFFFFFFFFFFF00000000B8
S2140484B0000000000109050100020000000000039E
S2140484C01EF1EE0BD4840400F727040038330400AE
S2140484D0FE00000013280400348604000000000098
S2140484E01D28040024860400000000002A28040036
S2140484F014860400000000003728040004860400E4
S2140485000000000055280400F08504000000000068
S2140485104D280400DC8504000000000054280400F4
S214048520C88504000000000062280400B885040022
S21404853000000000D4260400A48504000000000007
S2140485405B280400948504000000000067280400EB
S214048550808504000000000053EF030070850400CB
S2140485600000000000000000000000000000000002
S214048570ED56030078280400B5280400010100FF26
S21404858031D80000DE28040023290400010100017C
S2140485900107FF00EDD7000070290400DB29040062
S2140485A0010100FF2DD70000FC290400152A040051
S2140485B000010100FF000000FF5603003A2A0400F1
S2140485C0922A04000101FF00E7560300A92A0400CA
S2140485D0002B040001010207FF000000E15603001F
S2140485E0A92A0400002B040001010207FF00000072
S2140485F0DB560300A92A0400002B0400010102072D
S214048600FF000000E1D60000212B0400602B0400CC
S214048610010101FF81D600007F2B0400C42B040057
S214048620010000FF3DD600007F2B0400C42B04008D
S214048630010000FFC5D60000EB2B0400F12904005E
S21404864000FF0000D5560300402C04007B570400AE
S214048650FF000000CF560300B32C04007B57040031
S214048660FF0000001DD60000222D0400972D0400F4
S21404867000FF0000F5D50000AF2D0400112E040005
S21404868000FF0000C1560300222E0400682E0400DA
S21404869002FF0000BDD50000712E0400E52E040084
S2140486A001FF00005E2F0400412F0400502F040039
S2140486B05C2F04006D2F0400832F0400992F040000
S2140486C0A32F0400AD2F040000000000B132040004
S2140486D011000000BD32040012000000C532040080
S2140486E013000000CD32040021000000D53204003F
S2140486F022000000DC32040023000000E332040001
S214048700AA000000EA320400FF0000000000000097
S214048710FFFFFFFFFFFFFFFF000000000000000058
S214048720000001080109020A030B040C050D060EDD
S214048730070F081001180119021A031B041C051D53
S214048740061E071F082001210222032304240525F0
S2140487500626072708280129022A032B042C052DA0
S214048760062E072F08300131023203380239043A44
S21404877008E004E104E204E802E902EA04F008F18D
S214048780100000000000000002050000EC87040052
S21404879002000F001488040002000F003C88040046
S2140487A002000F006488040002000F008C88040096
S2140487B002000F00B488040002000F00DC880400E6
S2140487C002000F000489040002000F002C89040034
S2140487D002000F005489040002000F007C89040084
S2140487E002000F00A489040002000F00000000002D
S2140487F0CC890400030000004000000000000000D4
S21404880019000000F089040004000F008000000036
S2140488100000000000000000CC89040003000000F3
S214048820400000000000000019000000F089040069
S21404883004000F008000000000000000000000009C
S214048840CC89040003000000400000000000000083
S21404885019000000F089040004000F0080000000E6
S2140488600000000000000000CC89040003000000A3
S214048870400000000000000019000000F089040019
S21404888004000F008000000000000000000000004C
S214048890CC89040003000000400000000000000033
S2140488A019000000F089040004000F008000000096
S2140488B00000000000000000CC8904000300000053
S2140488C0400000000000000019000000F0890400C9
S2140488D004000F00800000000000000000000000FC
S2140488E0CC890400030000004000000000000000E3
S2140488F019000000F089040004000F008000000046
S2140489000000000000000000CC8904000300000002
S214048910400000000000000019000000F089040078
S21404892004000F00800000000000000000000000AB
S214048930CC89040003000000400000000000000092
S21404894019000000F089040004000F0080000000F5
S2140489500000000000000000CC89040003000000B2
S214048960400000000000000019000000F089040028
S21404897004000F008000000000000000000000005B
S214048980CC89040003000000400000000000000042
S21404899019000000F089040004000F0080000000A5
S2140489A00000000000000000CC8904000300000062
S2140489B0400000000000000019000000F0890400D8
S2140489C004000F00800000000000000000002001EA
S2140489D020000000080000000400422130000000CF
S2140489E0648A040000FF420030000000000000001B
S2140489F00000F00840000000858A040001002304FB
S214048A00400000008D8A040006003001400000008B
S214048A1000000000FDFF21024000000001000000ED
S214048A2019000004190001011900020419000301C9
S214048A301900050419000601190007040400410082
S214048A40F1F20000060041006F5F03001900810088
S214048A50E10F0100190084006D1A01000080000077
S214048A600000000006435553544F4D00000000001C
S214048A7000000000000000000000000000000000ED
S214048A800000000000FFFFFFFFFFFFFFFFFFFFFFE8
S214048A90FF000401040104010401040104010401AB
S214048AA004010401040104010401FFFFFFFFFFFFAA
S214048AB0FFFFFFFFFFFFFFFFFFFFFFFFFFFFFFFFBD
S214048AC0FFFF000102030405060708090A0B1F1C22
S214048AD01F1E1F1E1F1F1E1F1E1F07021F012F0003
S214048AE037013F005701DF02E700FF0200000000E5
S214048AF0000000000000000000000000000000006D
S214048B00000000000000000000000000000000005C
S214048B10503904001900000056390400FFFF000015
S214048B2000000000213A04002C3A04003833040004
S214048B30343A0400423A040038330400553A040038
S214048B40603A04006E3A0400723A0400823A040062
S214048B506E080400923A0400963A0400A13A04000F
S214048B60AB3A0400B53A0400B93A0400C73A040024
S214048B70DB3A0400F13A0400008000000000000024
S214048B800000000000000000FFFFFFFFFF000000E1
S214048B9000000000559F0100000000000000F03FA8
S214048BA000000000000024400000000000005940BF
S214048BB00000000000408F40000000000088C34012
S214048BC000000000006AF8400000000080842E4187
S214048BD000000000D01263410000000084D79741D3
S214048BE00000000065CDCD41E70B0400D8A10400C9
S214048BF00000000017440400C8A1040000000000A0
S214048C001C440400B8A10400000000001D44040035
S214048C10A8A10400000000006228040094A1040037
S214048C20000000005528040080A104000000000095
S214048C302244040070A1040000000000284404003C
S214048C4060A10400000000002C44040050A10400AD
S214048C50000000003B44040040A1040000000000A3
S214048C605844040030A104000000000061440400DD
S214048C7020A10400000000007644040010A10400B3
S214048C8000000000A919040000A104000000000070
S214048C9086440400C0A00400000000007D480400D0
S214048CA04C98040000000000393804000C980400B6
S214048CB0000000008D4404004C97040000000000EF
S214048CC0964404005096040000000000A3440400E8
S214048CD04492040000000000BF3A04001C91040003
S214048CE000000000AA4404001C91040001000000D7
S214048CF0AE440400DC90040000000000B34404000A
S214048D00A08F040000000000E7E80300A08F040022
S214048D1001000000A3440400449204000000000084
S214048D20BA4404004492040001000000BF44040056
S214048D306C8F040000000000C94404006C8F04001B
S214048D4001000000D14404009C8D040000000000D3
S214048D5058F00300688D04000000000000000000C6
S214048D600000000000000000788D0400D5440400D4
S214048D7038330400FE000000ED440400F4980400B8
S214048D800000000052490400E498040000000000BB
S214048D90000000000000000000000000AC8D04008D
S214048DA0F244040038330400FE00000008450400C2
S214048DB0749A0400000000000E450400649A04003F
S214048DC00000000014450400549A0400000000004B
S214048DD01D450400449A04000000000099ED0300B9
S214048DE0349A040000000000A3EB0300FC9904007E
S214048DF000000000AAF40300E89904000000000044
S214048E0027450400D89904000000000097F00300EA
S214048E10C8990400000000002C450400B89904001A
S214048E200000000033450400A89904000000000078
S214048E303845040098990400000000003C450400EE
S214048E40388F04000000000043450400E08E040050
S214048E50000000004B450400AC8E04000000000037
S214048E6057450400788E040000000000000000004F
S214048E700000000000000000888E04006245040024
S214048E8038330400FE000000E202040014990400D3
S214048E9000000000932F0400049904000000000062
S214048EA0000000000000000000000000BC8E04006B
S214048EB08345040038330400FE000000E202040088
S214048EC03499040000000000932F04002499040041
S214048ED00000000000000000000000000000000089
S214048EE0F08E0400A545040038330400FE0000009C
S214048EF0C34504008499040000000000A14A04004D
S214048F007499040000000000D2450400649904002B
S214048F1000000000D7450400549904000000000037
S214048F20DE45040044990400000000000000000030
S214048F300000000000000000488F0400E345040021
S214048F4038330400FE000000A4020400209A040043
S214048F5000000000004604000C9A04000000000014
S214048F600000000000000000000000007C8F0400E9
S214048F700846040038330400FE00000024460400BB
S214048F80B49A040000000000BF3A0400A49A040047
S214048F9000000000000000000000000000000000C8
S214048FA0B08F04002946040038330400FE00000095
S214048FB042460400649B04000000000065FF0300B2
S214048FC0549B0400000000004B460400449B04002D
S214048FD00000000024460400949A040000000000E8
S214048FE050460400849A0400000000005D46040015
S214048FF09C900400000000006B4604006890040087
S21404900000000000794604002890040000000000D8
S2140490108D4404004C97040000000000000000008B
S214049020000000000000000038900400824604009F
S21404903038330400FE000000C67A0400349B0400A3
S21404904000000000D77A0400249B040000000000FF
S21404905096130400149B04000000000000000000A7
S214049060000000000000000078900400A046040001
S21404907038330400FE000000CA460400849B040043
S2140490800000000047350400749B04000000000044
S214049090000000000000000000000000AC90040087
S2140490A0D146040038330400FE00000058F00300E4
S2140490B0B89B040000000000932F0400A89B040043
S2140490C000000000A14A0400949B04000000000075
S2140490D0000000000000000000000000EC90040007
S2140490E0F146040038330400FE00000058F0030084
S2140490F0E89B04000000000011470400D89B04000D
S21404910000000000932F0400C89B04000000000029
S2140491100000000000000000000000002C91040085
S2140491201847040038330400FE00000032470400E9
S2140491301C9D0400000000004B2F04000C9D04003E
S2140491400000000065470400FC9C040000000000CA
S21404915099ED0300EC9C040000000000662F040058
S214049160DC9C04000000000037470400CC9C04008C
S214049170000000004F470400BC9C040000000000F0
S21404918058470400AC9C0400000000005F4704003D
S2140491909C9C0400000000006B4704006C9C0400C8
S2140491A000000000A14A04005C9C040000000000CB
S2140491B07A4704004C9C0400000000005514040088
S2140491C03C9C0400000000007F4704002C9C040024
S2140491D000000000964704001C9C040000000000E9
S2140491E0AA470400089C040000000000BA470400D4
S2140491F0F89B040000000000C94704001092040015
S2140492000000000000000000000000000000000055
S21404921020920400CE47040038330400FE00000009
S214049220E54704008C9C040000000000EE470400A0
S2140492307C9C040000000000000000000000000009
S214049240000000005492040038330400383304004D
S214049250FE000000F54704008C980400000000009F
S21404926002480400D0960400000000000B480400E6
S2140492701C9604000000000019480400E895040049
S2140492800000000027480400B49504000000000015
S214049290354804001C9504000000000046480400FD
S2140492A0F49404000000000053480400549404009E
S2140492B0000000005E480400FC9304000000000068
S2140492C071480400D49304000000000046270400FC
S2140492D070930400000000008448040030930400E7
S2140492E0000000008F480400FC9204000000000008
S2140492F00000000000000000000000000C930400C2
S214049300A248040038330400FE000000C6480400E7
S2140493103C9D040000000000CC4804002C9D040082
S2140493200000000000000000000000000000000034
S21404933040930400D048040038330400FE000000C4
S214049340520404006C9D040000000000024904005E
S2140493505C9D0400000000000E4904004C9D0400BF
S21404936000000000000000000000000000000000F4
S214049370809304002449040038330400FE000000EF
S21404938058F00300D09D040000000000932F040052
S214049390C09D04000000000040240400B09D0400AA
S2140493A000000000E20204009C9D0400000000008F
S2140493B0404904008C9D0400000000005749040046
S2140493C07C9D040000000000000000000000000077
S2140493D000000000E49304006349040038330400EA
S2140493E0FE00000088490400E09D04000000000020
S2140493F00000000000000000000000000C940400C0
S2140494008D49040038330400FE000000B14904000E
S214049410309E04000000000011470400209E040053
S21404942000000000BD490400109E04000000000077
S214049430C4490400009E040000000000D149040052
S214049440F09D040000000000000000000000000082
S2140494500000000064940400DC490400383304006F
S214049460FE0000004A480400E09E040000000000DD
S214049470F9490400D09E040000000000E70B040035
S214049480C09E040000000000151B0400B09E0400EB
S21404949000000000C4470400A09E04000000000072
S2140494A052040400909E040000000000004A0400D9
S2140494B0809E0400000000000B4A0400709E040016
S2140494C000000000184A0400609E0400000000002B
S2140494D0284A0400509E0400000000003B4A040092
S2140494E0409E040000000000000000000000000091
S2140494F000000000049504004D4A040038330400BC
S214049500FE000000E70B0400F09E040000000000CC
S2140495100000000000000000000000002C9504007D
S2140495206B4A040038330400FE00000052040400B2
S214049530609F040000000000151B0400509F0400F8
S21404954000000000C4470400409F04000000000020
S2140495508E4A0400309F040000000000CD4504003D
S21404956074950400000000000000000000000000E5
S2140495700000000084950400A54A04003833040063
S214049580FE000000A14A0400209F04000000000022
S214049590E2020400109F040000000000BB4A04001E
S2140495A0009F04000000000000000000000000000F
S2140495B000000000C4950400C44A040038330400C4
S2140495C0FE00000058F00300809F04000000000026
S2140495D0932F0400709F04000000000000000000A9
S2140495E00000000000000000F8950400E44A0400AF
S2140495F038330400FE000000044B0400A09F04005F
S21404960000000000174B0400909F040000000000B8
S2140496100000000000000000000000002C9604007B
S2140496202D4B040038330400FE0000004D4B0400AC
S214049630C09F04000000000065FF0300B09F040004
S2140496400000000000000000000000000000000011
S214049650609604003833040038330400FE0000002B
S214049660574B040078960400000000000000000039
S2140496700000000000000000889604003833040050
S21404968038330400FE000000634B040010A00400FE
S21404969000000000B03A040000A00400000000002F
S2140496A0694B0400F09F0400000000006D4B0400AA
S2140496B0E09F040000000000714B0400D09F0400EB
S2140496C00000000000000000000000000000000091
S2140496D0E0960400814B040038330400FE000000CA
S2140496E058F0030090A00400000000009C4B040007
S2140496F080A0040000000000AF4B040070A004002B
S21404970000000000932F040060A004000000000086
S214049710BC4B040050A0040000000000CD4B040025
S21404972040A0040000000000DB4B040030A004004E
S21404973000000000EC4B040020A004000000000021
S2140497400000000000000000000000005C97040019
S214049750F94B040038330400FE000000134C0400E8
S214049760E49A040000000000464C0400D49A040066
S21404977000000000814C0400C49A040000000000AD
S214049780984C0400D897040000000000A24C040083
S214049790A497040000000000000000000000000081
S2140497A000000000B4970400A64C040038330400FC
S2140497B0FE000000C67A0400049B040000000000BB
S2140497C0D77A0400F49A04000000000000000000A9
S2140497D00000000000000000E8970400C54C0400E8
S2140497E038330400FE0000007DFF0300B0A0040030
S2140497F000000000A14A0400A0A00400000000002D
S2140498000000000000000000000000001C98040097
S214049810D84C040038330400FE00000058F003005F
S214049820F0A0040000000000CA460400E0A0040003
S2140498300000000047350400D0A00400000000002B
S2140498400000000000000000000000005C98040017
S214049850F34C040038330400FE000000D149040031
S21404986008A204000000000052040400F8A104004A
S21404987000000000E70B0400E8A10400000000005C
S2140498800000000000000000000000009C98040097
S214049890134D040038330400FE000000314D04006C
S2140498A058A20400000000003B4D040048A2040037
S2140498B000000000464D040038A20400000000002A
S2140498C06228040028A2040000000000554D04008D
S2140498D018A20400000000000000000000000000C1
S2140498E000000000B3560300604D04003833040043
S2140498F0FF000000AF5603006D4D0400383304002B
S214049900FF00000031DD00007F4D04003833040002
S214049910FF000000CDDC0000AC4D040074550400CC
S21404992001FF000031DD0000EC4D04003833040074
S214049930FF000000CDDC00001A4E0400745504003D
S21404994001FF000065DD00005B4E04007C4E040051
S21404995000FF000065DD0000854E0400E24E0400B2
S2140499600000FF00E1DD0000F04E0400094F040093
S214049970010001FF4DDE00002E4F0400704F04006E
S2140499800102FF00E1DD0000864F0400B54F04002D
S21404999001000102FF0000005DDB0000E64F04004A
S2140499A02250040007FF00007DDB0000285004005E
S2140499B05B50040001FF000091DB000063500400CC
S2140499C0B35004000100FF00EDDB0000C8500400A3
S2140499D0195104000101FF00C1DB000029510400F5
S2140499E06351040001FF000041DC00006B510400D9
S2140499F0B4510400010000010707FF007DDE0000EB
S214049A00065204005B50040001FF00007DDF0000E6
S214049A104E52040092520400010700010700FF00A2
S214049A2011570300E75204002D53040001070001F8
S214049A3001FF000005DF000069530400A45304007E
S214049A40010000FFD5DE0000C253040006540400E3
S214049A500100FF00A5DE00001954040006540400AB
S214049A600100FF004DDF0000585404006351040059
S214049A7001FF0000BDDF000093540400C45404003A
S214049A800100FF00EDC8000038330400D25404007F
S214049A90000707FF91C8000038330400EB540400A5
S214049AA0000707FF9DCD000038330400F754040078
S214049AB007FF00009DCD000038330400F75404006F
S214049AC007FF00006356030038330400FC54040008
S214049AD00000FF0079CD000038330400762B040024
S214049AE001FF000041CD0000383304003455040063
S214049AF000FF000071C80000383304003833040047
S214049B00FF00000071C80000383304003833040036
S214049B10FF000000395603003833040038330400CD
S214049B20FF000000395603003833040038330400BD
S214049B30FF000000395603003833040038330400AD
S214049B40FF00000041C80000383304006A550400D2
S214049B500101FF002DC80000383304007F550400BF
S214049B6001FF000035560300383304003833040080
S214049B70FF000000F5C70000A846040038330400C0
S214049B80FF000000F5C700008955040038330400C0
S214049B90FF00000075C90000AA550400C155040062
S214049BA00001000007FF000031560300E7550400DB
S214049BB038330400FF000000F1C60000015604001C
S214049BC038330400FF000000AB5603002F56040091
S214049BD038330400FF0000009D5603004956040075
S214049BE0CB54040000FF000071D000006E56040041
S214049BF038330400FF000000C5C500008856040082
S214049C0038330400FF00000059C50000AB560400BA
S214049C102857040000000310FF00000035C60000AB
S214049C207D570400EB57040001FF000009C600003E
S214049C30005804004358040000FF00001DC500003F
S214049C405458040038330400FF0000002F56030065
S214049C508358040038330400FF000000F9C40000F1
S214049C60CF580400CB54040000FF0000C5C4000015
S214049C70105A0400655A040000FF0000A9C400003E
S214049C807F5A040038330400FF0000008DC400002F
S214049C908F5A040038330400FF0000001F560300E8
S214049CA0A35A0400215B040000FF00005DC400000A
S214049CB0AC5B040038330400FF00000019C4000045
S214049CC0C95B0400F45B040007FF0000D9C300006E
S214049CD0FE5B0400575C0400000500FF91C300000F
S214049CE00A5D04001D5D04000002FF006DC3000051
S214049CF04C5D040038330400FF0000001F560300C8
S214049D005E5D0400985D040000FF000001C30000CF
S214049D101E5E0400645E0400000301FFF1C200003E
S214049D20045F04004A5F0400000301FFE5380100F5
S214049D30EA5F040038330400FF00000031630300C8
S214049D40126004008D60040002FF00009DE3000022
S214049D50E26004007B57040000FF000069E3000093
S214049D600A6104007B57040000FF000019E30000AA
S214049D702361040038330400FF000000F12A0100C8
S214049D803C61040038330400FF000000C92A0100C7
S214049D908961040038330400FF000000552A0100DE
S214049DA0B4610400DA61040000010100010102FF4D
S214049DB02D2A0100596304008163040000FF00009B
S214049DC00D2A0100A863040038330400FF000000D5
S214049DD055290100D263040038330400FF00000054
S214049DE003620300EB63040038330400FF00000042
S214049DF0251E010011640400426404000002FF00F2
S214049E00656003009F64040038330400FF0000000C
S214049E1061600300CC64040038330400FF000000D3
S214049E20D91D0100E76404001165040000FF00006A
S214049E30991B01004165040038330400FF0000004C
S214049E40150701005465040038330400FF000000C1
S214049E50FD0601006C65040038330400FF000000B2
S214049E60DD5F03008565040038330400FF0000004E
S214049E70C95F0300B26504002C66040000FF0000FE
S214049E80A51A01006B66040038330400FF000000C6
S214049E9095190100E366040038330400FF0000004F
S214049EA0B90501002767040038330400FF000000EA
S214049EB09D0501004467040038330400FF000000D9
S214049EC015060100EF67040038330400FF000000A5
S214049ED0090601007D680400C268040000FF000053
S214049EE0D5050100F96804004A69040000FF000073
S214049EF0010401007D69040038330400FF000000FB
S214049F0099F80000A9690400126A04000000FF0022
S214049F1099F80000676A0400C96A04000000FF009C
S214049F2039F900000E6B0400416B04000002FF00C8
S214049F30375F0300966B0400E46B040007FF000021
S214049F406DFA0000006C040038330400FF000000C3
S214049F5081F80000246C0400496C040000FF000033
S214049F608DF90000A26C040038330400FF000000E2
S214049F7051F20000DF6C040038330400FF000000D8
S214049F8019F20000096D040038330400FF000000D5
S214049F900F5E0300446D0400B36D040000FF000070
S214049FA075EB0000046E0400836E040000FF0000DE
S214049FB0015E0300C96E04001B6F040000FF00006E
S214049FC0E15D0300626F0400AF6F040000FF000051
S214049FD0D75D0300F96F04003770040000FF00002B
S214049FE0D15D0300477004003770040000FF0000D2
S214049FF0CB5D03006E7004003770040000FF0000A1
S21404A000C55D0300957004003770040000FF00006F
S21404A010BF5D0300BD7004003770040000FF00003D
S21404A0209B5D0300E670040038330400FF00000064
S21404A030A15D03000871040038330400FF0000002B
S21404A0401DE6000030710400697104000001FF0081
S21404A05049E600008A71040038330400FF0000005B
S21404A0609D5D0300B571040038330400FF00000052
S21404A07005E60000D071040038330400FF00000039
S21404A080C1E50000EB7104001872040000FF000034
S21404A090A9E500003372040038330400FF00000012
S21404A0A0F1CD00005E72040038330400FF000000A7
S21404A0B0F1CD00008572040038330400FF00000070
S21404A0C0E1C200009672040038330400FF0000006A
S21404A0D0ADC20000AB720400D272040000FF0000A0
S21404A0E0ADC20000E2720400D272040000FF000059
S21404A0F045C200000973040038330400FF00000062
S21404A100175603002473040038330400FF000000CD
S21404A110A1BE000047730400B173040000FF0000F2
S21404A12081BE0000D473040038330400FF0000002E
S21404A13069DA00003A750400C7750400010000FFE0
S21404A1404DD90000E47504003876040000FF0000D2
S21404A15081D900004D7604009F7604000100FF00BC
S21404A160EDD80000B5760400A27704000107FF00CE
S21404A1701B560300B277040038330400FF000000C7
S21404A1804DD20000C3770400D57704000001010017
S21404A1900007FF0045D10000107804002178040071
S21404A1A000010100FF00000081D90000707804005F
S21404A1B081780400010000FFBDD000007078040020
S21404A1C0B378040000FF0000396C0100C478040072
S21404A1D038330400FF000000D5BE000010790400E8
S21404A1E038330400FF0000000D84030038330400F5
S21404A1F038330400FF0000005D7A010038330400A1
S21404A20038330400FF000000217A010038330400CC
S21404A2105579040002FF0000CD8101005D79040039
S21404A22038330400FF0000005981010089790400D6
S21404A230AC7904000200FF008F840300D579040083
S21404A24038330400FF00000035810100F77904006C
S21404A250157A040002FF00000D8101002A7A04002A
S21404A260157A040002FF000001000000E847002001
S21404A2700000000000000000FFFF00007B5D0300FC
S21404A2800000000003000000FFFF0100EF5D030074
S21404A2900000000004000000FFFF01007D5E0300D4
S21404A2A00000000004000000FFFF0000015F030040
S21404A2B00000000006000000FFFF0000735F0300BC
S21404A2C00000000019000000FFFF01000960030001
S21404A2D06D4B040020650020000000000000000014
S21404A2E00000000000000000817A040054A304006B
S21404A2F000000000877A0400C48404000000000004
S21404A3008E7A04009486040000000000524904007B
S21404A3108486040000000000977A04007486040013
S21404A32000000000A97A040064860400000000000F
S21404A330B87A04005486040000000000C97A0400B9
S21404A3404486040000000000000000000000000036
S21404A3500000000064A30400DB7A04003833040021
S21404A360FE000000F67A04007CA30400000000004F
S21404A370000000000000000000000000A1880300A8
S21404A380FB7A040038330400FF03010001013F0494
S21404A3900201003F040202003D040202003D0401E3
S21404A3A0020001020003010002023D040201000251
S21404A3B002020100020200000020202020202020AB
S21404A3C0202028282828282020202020202020205C
S21404A3D0202020202020202020881010101010106C
S21404A3E010101010101010101004040404040404B8
S21404A3F00404041010101010101041414141414152
S21404A4000101010101010101010101010101010133
S21404A4100101010110101010101042424242424243
S21404A4200202020202020202020202020202020203
S21404A43002020202101010102000000000000000AB
S21404A4400000000000000000000000000000000003
S21404A45000000000000000000000000000000000F3
S21404A46000000000000000000000000000000000E3
S21404A47000000000000000000000000000000000D3
S21404A48000000000000000000000000000000000C3
S21404A49000000000000000000000000000000000B3
S21404A4A000000000000000000000000000000000A3
S21404A4B00000000000000000000000000000000093
S21404A4C0A00100002814002000021000844C002084
S21404A4D0C81500200000020800000000FFFFFFFF70
S21404A4E0FFFFFFFFFFFFFFFF00000000000000006B
S21404A4F00000000000000000000000000000000053
S21404A50020000000A5AD01001000000085AE01008B
S21404A51000000001000001010001010120C001B893
S21404A5200000000000000000FFFFFFFFFFFFFFFF2A
S21404A530FFFFFFFFFFFFFFFFFFFFFFFFFFFFFFFF22
S21404A540FFFFFFFFFFFFFFFF0001020203030405F6
S21404A55006080C0C0C00010203040707C8C8C8C888
S21404A560C8C8C8C8C8C8C8C803040408080808086F
S21404A57000B801B802B800B05CC1040044C10400CD
S21404A58003040408080500000000000000000000A2
S21404A5900000000000000000EA06000048704C0FAF
S21404A5A044700E0E30707E1302989A173870340F6B
S21404A5B034705A0F307048102C7048102870D01120
S21404A5C02470E81120703E0F1C70901218700C1343
S21404A5D014703A0FB110086001D80A7104B87F7875
S21404A5E0020C7E78641000C6881F00A01DB8707820
S21404A5F003B018600F3027B30F330111C048069814
S21404A6007C0229B0086001D8087109DD047109BB11
S21404A61011101660A048086004100112FF32215081
S21404A6200860D048086000880698381400C4441FA0
S21404A63000A000BA03DF107109DF06720298360321
S21404A6401DB8507800A044132814411581100860E2
S21404A65002D8147110880698201900C014C000B8D7
S21404A6600698861B0091069892020160B83020D89E
S21404A67006711EBC637C784D5412F03240DE0472C0
S21404A680404804DB08720DDD0C72044BEF301448AE
S21404A6900698F20400C4E0400054441208620132F2
S21404A6A02140087C811140D91C72B1123032CF4A45
S21404A6B0013AB1DA107208D8067104D80871804CD1
S21404A6C0237C5670684C441200C4A41E00A0441494
S21404A6D0413AF3240164415C412A047580B800C4FD
S21404A6E06040005481D8367140D90472237C084BEC
S21404A6F00698F20404BA1CB9767900C1204001B861
S21404A70035797F216121007906B906A901D8067139
S21404A71002981002804C307C0298640208D86A7151
S21404A72000C1544000B8141110D95E71584C44123C
S21404A73080BDA26DFF25784C4412FC22513A2814A1
S21404A740104C00C20CC101B8241228140862281444
S21404A7500862281408622814304C304C00C11C408F
S21404A76000B814111814086100C5284001B854151F
S21404A770FF35047110491814B04C441208620132B3
S21404A780067102980401804C08D80C7107BA24D8C4
S21404A790047106BA187004D80C7101BA40D80E7148
S21404A7A002BA0A7005BA20D8047203BA204C4411BF
S21404A7B0C04C1814086118149111383111429111C3
S21404A7C0186110D90472EF3200C1084001B81411A0
S21404A7D010311E6111422814A1110861181406983C
S21404A7E06C1B181400C1084001B814111861FF311D
S21404A7F0181400C1448001B8141118140861181400
S21404A8003088024806989403009308DB047101F824
S21404A81000A027B00F3000A01088B111186180D9AD
S21404A8200A7100C1884000B80811009100A000C455
S21404A830684000B8441000A000C0884000500411CE
S21404A8408261041082601050F07200A054155045C6
S21404A8501271069802050698920407B8707802B832
S21404A86041781EBA5B7A5C7A5D7A00C220C001B871
S21404A870241206982A1900C5481F00A0541551141E
S21404A88000C3FF010000313D09647F3406989C0232
S21404A890015851280475015841280E758111086124
S21404A8A002D90472FF0FCC7007B8727800F8EBBDBB
S21404A8B000C0441F00A00411113D10D91271FF33CB
S21404A8C0186300C1781002B8381107B974795810A3
S21404A8D000A0069892020D300472044809DC047243
S21404A8E0084800C11CC101B8141100C3D01E00A042
S21404A8F0911504351A7218131CBB08D804716C7BA6
S21404A90004D804716A7B1DBB2F7C5B7B1670044BDA
S21404A91018131CBB08D804716F7B04D804716D7BB4
S21404A920217C0C30026006987E040698C40B00B89E
S21404A930B111186140D906720298580401BC00C2CD
S21404A940084001B800DC0A7124150265604A0A70E2
S21404A9502C4A241508654C4A043508D90471202469
S21404A96000C13C1F00A0141200DC327120D806710E
S21404A97001B80C70F0DA0C720CDB087102B8069899
S21404A9808604482400C3384101B834138F7B0E7103
S21404A99002B9911308DB047203B928707C491411B8
S21404A9A01110FD300DDC1C7200C0A01E00A00410A7
S21404A9B080D8107100C0448001B80410E5200475E6
S21404A9C0804900C3884000B8FFB8012011410871CF
S21404A9D0014118130824014200C1284000B814118C
S21404A9E001411C655141911520351E6551411813CE
S21404A9F02813481300C3844000B8341003D81671D3
S21404AA00073005DC1071B1108F780A7200C384C455
S21404AA100350217B1DB8507800B800C13C1F00A02D
S21404AA2014121C602150F0300152281100A040245A
S21404AA30076400C0FFFF0100013C17B00220015864
S21404AA404028067518AC01EC00A0208800C020C081
S21404AA5001B8041217B4211304123052F8711964A1
S21404AA60402400C35C1F00A0341014110698F60D91
S21404AA701961009211592129067600BB11590698CE
S21404AA80D60D8762313B0472215A412A00A000C2C7
S21404AA90686000B8B8B91F610D49181200A0308864
S21404AAA001B9116100C30000C0FF3110312800BC99
S21404AAB0002D0C75115418AC01EC312DF47019648A
S21404AAC051134155312C009300A000C3C00FFEFF64
S21404AAD050B2313A014250AA00A006983E07FFB091
S21404AAE0867808715CB86B786E7800C2548001B8BA
S21404AAF000C0D81F00A004100812B822217A237AB6
S21404AB0052B8417801B80C6021A809B819604CA85D
S21404AB1000C0FFD1C1FF4FB2013A00C0002E300082
S21404AB2001424FAA24B86E78ACB9FFB004D80471B9
S21404AB304CB923A90698A80500C0139001000698EE
S21404AB402E0500A00698020519B81460FFB28C62A0
S21404AB500F32826A214006982E0549BC21B952B8A4
S21404AB6049B207DE2A7105DE0871627C607C1D0C22
S21404AB706179677864786B786278657863786078EA
S21404AB80617C010C010C6878020C69786C78020C04
S21404AB9000C22C8001B8277A287A267A6A78050CAF
S21404ABA041790A0CB11040D806710298BA06784A60
S21404ABB02B7A327A584A247A00C400011100404A9B
S21404ABC000C0108400000812508800C584100100DC
S21404ABD0FBAD10BD01BB8A6B21B9FAA9C44A181291
S21404ABE0217A227A00C0341F00A00410FCA88264D4
S21404ABF0411030300129F9A9F8ADFBB08260FBA8FA
S21404AC000330A0652110044820EC237A0410037A4C
S21404AC10184A2411DC4A01580029241004753150BE
S21404AC20F8B1115081632A71514031400812FCB1C9
S21404AC308461FCA90F310E7117B0112817B1115990
S21404AC401028FA76C44AF9B11812217A227AA0702A
S21404AC5000950812F8A800C20C8001B8207A844A2D
S21404AC6000B80812020CA44A087A020C21B84178EB
S21404AC70784A0B7A127A00C2C81F00A0FFB008D820
S21404AC800472184A241000DC0A7140A80422241016
S21404AC9041A806989C0200C2481F00A02410015137
S21404ACA000C4FF01000041391150081200A00698A4
S21404ACB03E0700BC00C20C8001B8217A52B849781D
S21404ACC0020C4878020C49B8417852AC21AC204AB0
S21404ACD0087A067A077A49AC00A059B840785AB17F
S21404ACE001D9FC72427857B8407858B101D9FC7241
S21404ACF0427800A000C20C8001B8217A227A21B8DA
S21404AD00547852B8BC4A24119979127107B915615E
S21404AD104CA9617800BB03BC0C64147009B91961B2
S21404AD204CA9417801BB126300C4002E300000C059
S21404AD30FFD1C1FF4FB1013941414FA9E44AC8B818
S21404AD40081224AB4CB823A80698A80500C00490A3
S21404AD500100FFB186790471084806982E0500C0E4
S21404AD608009004040A809B8FFB108D9047103B8A7
S21404AD7053A8B11004D80C7156BB607B57BA627ADC
S21404AD80607A02D80C7156BB607B59BA627A607AD4
S21404AD9004B86E783DB8607800C05638000000C12C
S21404ADA0B08001B814119979087200C0D604000066
S21404ADB000C124C000B814119F79047208484CA836
S21404ADC02EB8FFB108D906714AA804704BA80FB86C
S21404ADD034A800C00C5E000046B2014246AA00C178
S21404ADE02C4001B8141108610631087100B90698A0
S21404ADF0501106983E14B11101D90E710698921B93
S21404AE0002D906720698A00C0698381451140698AF
S21404AE10920406982A110698641700A006984E17FE
S21404AE2001D80A711CB85B7807B8757800B84CA8C6
S21404AE304AA84BA800C0F321FFFF46B1013946A932
S21404AE4004B86F7800A0FABC1964415C512C00C0A9
S21404AE50581F00A00410012C067506989204069844
S21404AE60780FB110186005D8327140BA06980E14DF
S21404AE7004B86578911004D816711CB86E7800C0B2
S21404AE80684000B821780698781101400A721DB807
S21404AE90427806984A1402985E0B1DB8717804B876
S21404AEA06C7841B8427863784478FFB104D9067266
S21404AEB00298CA0900C004900100FFB186790471A3
S21404AEC0084806982E0500C32C1F00A000C274C0B4
S21404AED000B82414481300BC48121C4B1C4A241403
S21404AEE0481300BC4812084B584A2414481301BCA3
S21404AEF048124ABA447A427A4BBA447A427AFFB043
S21404AF0086780472617A4CBA647A657A3DBA607A55
S21404AF104DB942B83FBB5B7966796179020C6479B6
S21404AF20050C63796079050C627965795A7900C2F3
S21404AF30340102B8241305B819603140081242B827
S21404AF406A78020C4A78020C40BCFFB208DA067132
S21404AF504ABA06704BBA627A657A677A667A6A790A
S21404AF60667B0298A40A00C32C1F00A000C274C00B
S21404AF7000B8241448131C4B1C4A241448133FBC22
S21404AF8048121C4A00BC4812084B444A241448136E
S21404AF9001BC48124ABA647A627A4BBA647A627A14
S21404AFA0FFB3867B0472617A4CBA647A657A3DBADA
S21404AFB0607A01D94E71647800C1708001B800C00F
S21404AFC08000080008110698860B42B861784DB9CF
S21404AFD07F797E796A7868786278020C7B790F0CC0
S21404AFE07A79140C7479417860787579050CFFB217
S21404AFF008DA06714AB804704BB8657801BC166462
S21404B000407002D93C710698860B42B84DB96878F0
S21404B010407841787F797E797B790F0C7A79140CA5
S21404B020FFB208DA087171794ABA067070794BBAB9
S21404B0307279657A6A78020C4A78050C01BC166443
S21404B040020C417940790C0C00C04C0102B848103F
S21404B0500698F20400C4784000B8007C00C0A01E25
S21404B06000A0041180D93271911104D92C727F206A
S21404B07021200411FD310DDD207200C0448001B88A
S21404B0800411E521147600C0244001B804118A791D
S21404B0900871207C104C207C2AB86278511400C0B9
S21404B0A0581F00A00410012C17B00111876801581E
S21404B0B041280E7605218769415C412D112D0670C5
S21404B0C00698920442B84DBB7C7B6478020C29B87F
S21404B0D068785114404406750698920442B8447839
S21404B0E02AB84278FFB101D90C7100C1548001B866
S21404B0F0CBB80811911004D8147100C0A01E00A08B
S21404B100041080D8067107B8537800F807B800C151
S21404B110CC1E00A000C220C001B8241228117778E3
S21404B12000F8B1109478387106989C02E4B9115965
S21404B1301128067600B80C70A0B9115901290475B7
S21404B140A0B8826000C3C01F00A03413012B3410C3
S21404B15000C3FFFF00FF42B13139114042A800A0EE
S21404B1601DB09178FA7142B86478020C00BA29AA24
S21404B17000C4548001B842B84DB900C3C04001B8F9
S21404B1803413977B047240EC020C44785C7953AA1F
S21404B1900A0C281442B84DB9FFB301DB2671244CBF
S21404B1A000C3FF0FFF01381454794078417855796D
S21404B1B0020C5B795A79140C5F795E794A78427886
S21404B1C0347002DB1471527951795079020C5B7930
S21404B1D05A795F795E791E7004DB1A7100C4FF0722
S21404B1E0000000C3342102B848133FBB467B020C60
S21404B1F05B795A793DBB407B4CBB447B457B00C3A3
S21404B200301F00A03414403C207100C068C000B851
S21404B210481028131C4B1C48341448102813144B8D
S21404B22044483414481028134AAA4BAA04B86D7824
S21404B2301DB851785CB84B784E7800A000C074C036
S21404B24000B80411108800B9181068480411108852
S21404B25001B90B6118102C4804111088008800C12D
S21404B260231C000018104AB864784BB86478260C7F
S21404B27028B000C1FFFF0FF0113871B90B611140FF
S21404B28028A828B97379747900C21010303045AAFA
S21404B29054790E0C00C0E84001B8041100C23030E6
S21404B2A0101045AA0E0C0410008810880698620D2B
S21404B2B00091009020888F618F600698620D009040
S21404B2C0886A21400112906A035800C13F3F00007B
S21404B2D01138FFBC022441281138014245AA28B976
S21404B2E053794AB844784BB84478009000911810C3
S21404B2F000912C48181000916848181000A0916816
S21404B300436091694361115B012B11284160312828
S21404B310315B00BA302806763128204A416330284B
S21404B32006763128104A4163302806763128084AC2
S21404B3304163302806763128044A4163302806766D
S21404B3403128024A416330280476014A00A0115984
S21404B35010D906710860086008D90471086004D919
S21404B3600471046002D90471026001D90471016099
S21404B37000A000BA01D806710148112A1F610160B5
S21404B38001D8F6720138F67200A000C220C001B8D7
S21404B390241211592129127300210E7100C238C0DB
S21404B3A001B824120121212900A002B020D814716A
S21404B3B000C0B01E00A0041002B9457906987613A2
S21404B3C0EA7003B09F78087200B806A800F80698DA
S21404B3D03E0700C5641F00A05088044D1CBC00C076
S21404B3E0B41E00A0811101D91E71407C0095011580
S21404B3F00C4D5088044DFFBB1863315B041106984E
S21404B400EE0D3129F8750698681A54150698921B9D
S21404B41001D908720698580706700698F4071CBBEC
S21404B420547B06984E1701D8067202981A0FFFB975
S21404B43001211038F67281129B7AF07100C24480A2
S21404B44001B8241400C0C01E00A00410011300207C
S21404B450041040500C7200B90698280F18B90A70E8
S21404B46018B90698280F00B900B806981E0F704A37
S21404B47008B806981E0F00C2284000B814B80698EC
S21404B4801E0F00C2EC4001B80CB806981E0F20220E
S21404B49010B806981E0F1088308806985807009330
S21404B4A000910698280F00C0C41E00A00412FFB91D
S21404B4B0012121411810009500F8312811280410A4
S21404B4C0081200A004B831281128F8B1181000A0FA
S21404B4D0069880080E700698C40B0698800806988E
S21404B4E07212069812079112211900C02C4001B856
S21404B4F00A78097800F810B901BA06980414069870
S21404B5002A110698641700C5641F00A081109D7850
S21404B510FC7200F8911203321CB900C3A01E00A0EE
S21404B520341300C4B04000541DB84278707903DE6A
S21404B530067144783A707179A11020D80671029881
S21404B540541080DB1C7102D8187205B80814A110B8
S21404B55010300248081400B8081491100860081443
S21404B5601DB86278A11000DC0676517900BA0698F8
S21404B5704E1701D82272911120311D61911004D802
S21404B5800E7200C1501F00A0141101D90A71208840
S21404B59006985011009200C1204000B801DB1871D3
S21404B5A0084C03DE0471904C441400C3FF1F0000D3
S21404B5B0413BFF233811944900C3384101B8341382
S21404B5C0086380DB0C7103BA186206983C10087096
S21404B5D0186206983C100C49087909791410214021
S21404B5E0081100A000BD0698760210B903DC0471A9
S21404B5F000B901BA0698041402D9067100404E72C6
S21404B60003B118610F3106987811FFD8287281109B
S21404B61008D8187106DD0A710698760203DC0C72E7
S21404B6200698BC1106984A140C7006DD107106982C
S21404B630C211487020B804A806DD10720698800867
S21404B6400698120701F840B804A800F800C0A01E27
S21404B65000A00413086301DB227191100111186124
S21404B66011381DB910D8087144790298541002DBB9
S21404B670FA72A11328DBF47203BD06981E1106980D
S21404B68080081DBA7F7A0698F20400C5681F00A0D9
S21404B6900698760200BA03DC1672044DA11002D88E
S21404B6A004711C4D00C10CC101B80698AE045415B3
S21404B6B0212D06983E050298AA08911001550335D7
S21404B6C05150011900A000C14C1F00A0141001D84D
S21404B6D0427101480860FE200E75811020D808715A
S21404B6E000C1501F00A0141101D9287100C02C40BD
S21404B6F001B80412215108610F3118611152281043
S21404B70000C0084001B80411911221512031115291
S21404B710211900A0811380DB067201B800A000C3C3
S21404B72014C001B8341006302E726C4B34121C4B05
S21404B7303410186002302072811080D8DE71341004
S21404B740014A08620460803021508C480A717F23C5
S21404B7504D233410013000A000BD06981E111CB8FD
S21404B76047784578437802B8447800A0069880085D
S21404B7700698BC1100C5741F00A0541506983E0513
S21404B7800298AA08B1138F7B0A7200C384C40350BC
S21404B790017B06983E1400C1384101B814118F7914
S21404B7A00E7100C1B84000B800BA06983C1050BAF2
S21404B7B006980E1406987811FFD84A71911004D88A
S21404B7C04872811008601CD8407220D93872111251
S21404B7D0FF322151347180218021111400C0D81EFB
S21404B7E000A00413FFBA3151113A215111531DB967
S21404B7F038107B7940440E7200B900C2AC1E00A01B
S21404B8001812067004B860780698381400F800B960
S21404B81000C2A44000541812644A0AB918121CBA8A
S21404B820507A517A1DB942795F7900A0069876025B
S21404B83007DC1072911000200A750698721202989E
S21404B840660F0698120701B9911004D8047100B95E
S21404B85010BA0698041400BA0040347100C0A01E42
S21404B86000A00411086101D9127104D9E272811092
S21404B870086001D8DA711DB8647800C11CC101B82B
S21404B8800698AE0401B81160002A047600BA00C512
S21404B890781F00A05415212D069872120698580792
S21404B8A000C57C1F00A000F800BC811108D91672E0
S21404B8B080D9207201B910BA0698041400400E719B
S21404B8C001BC10700698BC1106984A1420B804A847
S21404B8D000F80698721281110231127100B900C282
S21404B8E0144000541812244A02B918120698BC11BF
S21404B8F000C5801F00A054150698F01A0298AA08DE
S21404B9000411012114711CBA737A0420041228113C
S21404B910042004110121F47200A00698F20401F830
S21404B92006984E1701D81671FFB9012110380E7209
S21404B93081109B78087104B9677900F8911010D8C3
S21404B940287100C51CC101B854110698EE0D00C537
S21404B950C81E00A054155129EA7507B876781DB894
S21404B960447801B804A800F8B110186010D82E71F5
S21404B97000C05040005400C3084000B83114984C2E
S21404B98044113411086101D9FA714412281008626E
S21404B99028100862281008622810E8700298B0027E
S21404B9A006989202113804721E6202BB00C1D81EA9
S21404B9B000A0141120390C72911210DA0672417B21
S21404B9C000A006983E1400C2A01E00A0241220DA8E
S21404B9D00472617B1CBA527A00A01CBA727A811275
S21404B9E004DAFC7200A01CB86B7800C0684000B88B
S21404B9F02F7800A006984E1701D83A7100C22C4042
S21404BA0001B82410036091112031015138311150CE
S21404BA101D6008121DB9457900C2448001B824127D
S21404BA2000C0C01E00A004101820002004102050DF
S21404BA300471657910631EB9637900B902EC00CD10
S21404BA40114502EC00CC01DB087100BB0298D61845
S21404BA5003B841110731FA211C760621911210DA37
S21404BA60087102DD10721E7020B80698B20D3038C8
S21404BA70147208B806987E0400C02C4000B82978D2
S21404BA80207800F8056020D8067102980C1602EC9F
S21404BA9000CA05B823DA187104DBDA7120DAD67125
S21404BAA010DAD2721EB8617800B801DA067202ECB7
S21404BAB000C8911110D9267100C1B81E00A0141137
S21404BAC01150FF300C720761A110115002300A7138
S21404BAD080DB0A720AB89E701DB97C7918609111D1
S21404BAE011402111C031114001191EB8411108D965
S21404BAF00471667820D904726578A11002D806729B
S21404BB00C0DA1E711EB8273123DD087210DB1072EE
S21404BB10607825DD0A7121DD087208DB047162781D
S21404BB2003B8411107310872A1152035AA7102DD48
S21404BB302072A11120D9A07102D91672CCDA98729B
S21404BB40411140D9927206B8054D5A720298AE1445
S21404BB5021114049C0D94C71A031411540350265C8
S21404BB6051410461086308DA1E7204DA3672104919
S21404BB70A1150235067110DB0E7201340A7108DB5A
S21404BB8022711EB86778CC3211101A300ADC08729B
S21404BB90CCDE0471FD3100C00D0F0C0D216001D800
S21404BBA05C7207B80298D81400BA411108D90C710F
S21404BBB002EC00CA05B830DAEC720734F0310361DF
S21404BBC001DA0471014900C0F300A3E3216001D83F
S21404BBD0D27100C09814406821604030014440DAB5
S21404BBE00471204C04320262204A111006301F6091
S21404BBF0014218311D6111420298F614204A00C011
S21404BC00051708502160113001422088FFBB0DDA69
S21404BC10507100C1DE1B250180BC04DA107208DAFC
S21404BC200A7200C120841000E024A0240863414363
S21404BC30026401DA06711E49024B00C0201F00A0F0
S21404BC4008633810BC2002DA127101B91159A11325
S21404BC5080DB087100C100FCFF011810029862180E
S21404BC6000C4A01E00A0441080D87C710092D0DAD4
S21404BC7006710DDA0C711EBD437DEFBD06981403E4
S21404BC8004620DDA8672A11105D95C7100C24040C7
S21404BC90005424121424281401D9067202D93271CD
S21404BCA040D91E7102EC00CA211018320471FA221F
S21404BCB020D804720822FE22087502EC00C8F87028
S21404BCC001D90E7102EC00C802D9067204DC18729F
S21404BCD000C0A01E00A004101D6001D806711EB886
S21404BCE0647807B873780298D61800C0A01E00A01F
S21404BCF0041080300A7100C0C41E00A0041000A006
S21404BD0006984E1701D82E71911010D828728110FB
S21404BD10A0D8227203B084781C7200C12C4001B8EB
S21404BD2014100DBA487A697A6B7A08111CB87B78B5
S21404BD3007B8757800A0641000C6881F00A0C3B8B2
S21404BD4006987C0200C4441F00A014BA281400B845
S21404BD50011AB1108F780A7200C084C403500178A7
S21404BD6091101030011905BA06980E1402D90671FE
S21404BD7001B804A800C0A01E00A00413069864110D
S21404BD8080DB0671029858141DBA7C7A01DB6A714E
S21404BD9000C2241F00A024111114FF3402EC00C8B2
S21404BDA0FF24FA7608610698C20D046111380F3034
S21404BDB004611114011141100698C20D01D80872CD
S21404BDC003B80298D8140C4A01DB227124101128F7
S21404BDD01128041202300471106200C0FFFF000034
S21404BDE0213800C2204000B8FF2008124110086025
S21404BDF00698C20D01D87C7120BC1033767100BB46
S21404BE0000C1201F00A01415C021112C5112186265
S21404BE100F320E71408851140698FA184143009464
S21404BE20511208651C620F320E71411151140698A6
S21404BE30FA181C6441430865513B00C1DC1E00A08F
S21404BE401411111231100F30127100BA056101D8A5
S21404BE500471114201600FD8F472311003601E3071
S21404BE60047201B8003A087204B80298D81402980A
S21404BE70C41600C0384101B804118F7914717F20AC
S21404BE80692004110861303110DD06711DBA637A29
S21404BE900698120300F830885088FF34087102ECC4
S21404BEA0FF24F87002EC00CD14105950014404210C
S21404BEB0FF22F2720F4C0095009300A000C1A81E4A
S21404BEC000A0141100A030880698421B8111086156
S21404BED002D906720298061A1CBB557B086120D943
S21404BEE006710298F6190088A110186006982019A1
S21404BEF008211415FC251EBB5C7B5D7B00C1084035
S21404BF0001B814110731FE21307608D82A7251136D
S21404BF10FC23341304DB20711863FF33315B00C148
S21404BF2010C000B81411086180490C71FF31302923
S21404BF3054751EBB7B7B10707B7B7C7B00DD0471A1
S21404BF407D7B01BB3815EC25541300DF54710425A2
S21404BF5005DF54715415211120880698EE0D0092C1
S21404BF6051293E7500C1084001B8141102DB0C715A
S21404BF700731315B31292A760C7004DF08720161BF
S21404BF8080D91E720698201900C010C000B8069802
S21404BF90861B069820191411FFD9607202984C1A51
S21404BFA00090009300A05415A111186110D9A67230
S21404BFB0082508D8A071082510D89A712088211160
S21404BFC00698EE0DFC255412112AF82554110C255A
S21404BFD020D80871F02554111025202904762159FB
S21404BFE0181500920298B81907B97179811010D8FB
S21404BFF00A711CB8447802B841781CB9747904B93B
S21404C000677900F88110A0D808711CB9497900A096
S21404C010086002D8FA7106982019108806983E140B
S21404C020106210DA087108211415F025541100C2A4
S21404C0300020FEFF202912750698921B01D90A7269
S21404C040069880080698120700941CBB41100C2022
S21404C05006986413411108211410069864133128B5
S21404C060441111120861FF31FF320122105210727E
S21404C0701861181404244413042438140C7018612A
S21404C08021411814082408140298381440441471E2
S21404C09000C1AC1E00A0141551131C630FDB0C72F8
S21404C0A0196506980205411500A000C3784000B83B
S21404C0B03413807B06720698120706983E1408BB53
S21404C0C051140698B01A4415FC25541500C378403C
S21404C0D000B83413807B047100A002983E051CB996
S21404C0E000C3A01E00A03413086308DB1A71811372
S21404C0F0A0DB0671497910706979086302DB08725F
S21404C10004B9677900F800A08111086102D910719A
S21404C1101CB97579069820191411FF3100A0FFB9CF
S21404C12000A0041008211411F421081100A08111A4
S21404C130106110310E710698201908211411F82187
S21404C140141100A09CC304000000000074C1040085
S21404C150010000000000000000F049029CC3040037
S21404C1600000000098C10400010000000000000068
S21404C17000F04902BCC104004063598F404B4C0098
S21404C1800B000B001A00FF7FB465002000000000BF
S21404C1903EC6040000000000ACC204004063598F91
S21404C1A0404B4C000B000B001A00FF7FB4650020C8
S21404C1B0000000003CC6040000000000FC1F010351
S21404C1C09CC504001CC0011000F807001CC0013008
S21404C1D01402080050C001008741300424400601C0
S21404C1E00700620038700000000000000000000332
S21404C1F00068010F40B8244058400101FC00690063
S21404C200804005012363E0119BC34A74F0030000D9
S21404C21003800000BE0A0000E04001013300000075
S21404C220F0400401590B0000640483078813C83ADD
S21404C23090200A0028410101001E00003C410B0129
S21404C24000148C00141A21282E343B4249504355BE
S21404C2507698BA0C286900000100000007212864BB
S21404C26014171A002004C869A1203A093C420101A7
S21404C27029000000A080020170780300D5C00000E9
S21404C280A8800111F0010000A88001310542CB010D
S21404C290AC800111F0010000AC80013105228D0054
S21404C2A0B080010100030002FFFFFFFFFC1F010333
S21404C2B0ECC504001CC0011000F807001CC00130C7
S21404C2C0F502080050C001008741300C24400601E6
S21404C2D007C0520000000000000000000000000339
S21404C2E00000000000000000584001016402FF0046
S21404C2F0804005014B01A0089BC34A74F00300006C
S21404C3000000000000000000E040010133000000CF
S21404C310F040040100000000640483078813C83A50
S21404C3209C200A0028410101031000003C410B0137
S21404C33000000000000000000000000000000000F4
S21404C34000000000000000000100000000000000E3
S21404C3500000000000000000000000003C42010154
S21404C36000000000A080020170780300D5C0000021
S21404C370A8800111F0010000A88001310542CB011C
S21404C380AC800111F0010000AC80013105228D0063
S21404C390B080010100030002FFFFFFFF0C40020013
S21404C3A0018014007F4000002040020000000000CE
S21404C3B000000000304007000000000000000000FD
S21404C3C00000000000000000000000000000000064
S21404C3D0A007000050400100000000005C4002007E
S21404C3E00000000000000000A84001000700000054
S21404C3F0B440040000400000FF4C00000041000070
S21404C400FF4D000008C001000000000020C001101D
S21404C410FF00000020C001300043000024C00400D8
S21404C420EC80B3034375A802000000002E0200004F
S21404C43054C003000E2D09E654060708D1B60200C0
S21404C44064C008000430000040201006C8F24818F3
S21404C4501FE8F600BD4B721511A31805103254766A
S21404C460980A000088C001000000000008000101CE
S21404C470040700001800010100000000200001016C
S21404C480088400001C4002011000000020F9130478
S21404C4905C4005014108000001000000B0070800E8
S21404C4A0A7000000000000009440070101011030BE
S21404C4B050707F7F000000000000000000000000B5
S21404C4C00000000000000000E4400101000000003D
S21404C4D0EC4001017DA8D98B0041020100612000D7
S21404C4E0B75635120C410301F954120020300429C2
S21404C4F088BB4000244101010000000030410301D4
S21404C5006406660C0C010000E853FA006841030157
S21404C510640483078813820000000000304203018D
S21404C520000000000000000E00000000444201016C
S21404C53000000000108001010300000038800201A2
S21404C540114910000100000088800101000000006D
S21404C5509C800101EB400200B48001013700000119
S21404C56088000202000C00044C0000009400010243
S21404C57000040000D00002020E000000900296089C
S21404C580E40001023D094204F40001020000000038
S21404C5901801010260005102FFFFFFFF12000000B5
S21404C5A0666666000000000050C6040040C604002C
S21404C5B000000000001A9A00005A620280841E00DE
S21404C5C00420FE0011495002000000000000000094
S21404C5D0000000000000000000000000B1841E00FF
S21404C5E00000000000000000000000001200000030
S21404C5F0666666000000000050C6040040C60400DC
S21404C600000C0000001A9A00005A620280841E0081
S21404C6100420000011495002000000000000000041
S21404C620000000000000000000000000B1841E00AE
S21404C63000000000000000000000000005040000E8
S21404C640E1190000E11900000000000000000000ED
S21404C650193F01060410010000010106001027001E
S21404C660000900000000000000000000E9B6010018
S21404C67099B60100A5B6010095B70100478E0300E0
S21404C680E1930300E5930300E9930300ED930300AD
S21404C690F19303000001030464EE0100100000009F
S21404C6A024E101001A00000079EB010011000000EB
S21404C6B075E401001100000063E5110004000000A9
S21404C6C023E111000400000025E101000800000039
S21404C6D026E101000A00000027E101000200000034
S21404C6E0000000000000000058C8040047C804000A
S21404C6F00000000059C80400838B040000000000FA
S21404C7007D8B04007F8B040000000000818B0400F6
S21404C71025C804006EC80400848B04007E8B0400C5
S21404C72000000000828B04003CC704007B8B0400DE
S21404C7307C8B0400808B04007A8B040000020304C4
S21404C7400508090A0B0001020304051D2000B401B4
S21404C75008020200AA00FFFFFFFFFFFFFFFFFFFF24
S21404C760E5F402001D1402008943020009280300B0
S21404C77099460200139B0300159B0300179B0300B6
S21404C780199B0300D1BE020041940200E9DB0200BB
S21404C790A5210300A93302000F9B0300CD980200D5
S21404C7A059120300BD240200119B0300C383030037
S21404C7B0B52B02009358030000000000001300008D
S21404C7C0000000000000000000000000010000005F
S21404C7D0B59C02000200000089AC030003000000C0
S21404C7E00D9C02000400000003AC030005000000DA
S21404C7F0AD9B020000000000000000000023001BA8
S21404C8002200FF00000000000C09020200000000E5
S21404C8101C1A0B0303FF06080402020204020A0B96
S21404C820030302030480FF0204FF01010101080060
S21404C830000000000000005A6967426565416C6CA0
S21404C84069616E6365303980000018381030000066
S21404C850000000008F8E8C8081815A69674265656E
S21404C860416C6C69616E6365303906080C10800093
S20C04C8706C84FB7F010000004C
S21004C87884C80400B8610020D50100004C
S21404C8840000000000000000FFFF0000010000009C
S21404C894000000000000000000000000000000008B
S21404C8A4000000000000000000000000000000007B
S21404C8B4000000000000000000000000000000006B
S21404C8C4000000000000000000000000000000005B
S21404C8D4000000000000000000000000000000004B
S21404C8E4000000000000000000000000000000003B
S21404C8F4000000000000000000000000000000002B
S21404C904000000000000000000000000000000001A
S21404C914000000000000000000000000000000000A
S21404C92400000000000000000000000000000000FA
S21404C93400000000000000000000000000000000EA
S21404C94400000000000000000000000000000000DA
S21404C95400000000000000000000000000000000CA
S21404C96400000000000000000000000000000000BA
S21404C97400000000000000000000000000010000A9
S21404C9840000F00108000000081000200100230144
S21404C994040000001010002006003001010000000E
S21404C9A414100020FFFFFFFFC0EA2101C0EA2101A2
S21404C9B40080000000F04902F462002000600B00CE
S21404C9C400800000A8300020C8000000FE0000001C
S21404C9D400000000B87C040018100020FFFFFFFFCE
S21404C9E46880040033000000E9E10000330000001E
S21404C9F4655D030027FC03002BFC030038FC0300DE
S21404CA0445FC030052FC03005FFC030072FC0300B5
S21404CA1484FC030091FC03009EFC0300ABFC0300AF
S21404CA24C0FC0300D3FC0300E5FC0300FAFC03008B
S21404CA3409FD03001AFD030029FD030039FD030064
S21404CA4445FD030052FD030062FD030074FD03006C
S21404CA5483FD030092FD03009BFD0300B0FD030069
S21404CA64C5FD0300DAFD0300FAFD030008FE030017
S21404CA7427FE030042FE030055FE030062FE030085
S21404CA8477FE030086FE030095FE0300A7FE03005C
S21404CA94B9FE0300CCFE0300DFFE0300F5FE03002C
S21404CAA4000000000F000000FF000000000000006B
S21404CAB40000000000000000000000000000000069
S21404CAC400000000000000000030E70400C818035B
S21404CAD4660704006B07040098070400C3070400F1
S21404CAE4F10704001F0804004E0804007B08040031
S21404CAF4AB080400DB0804002B090400FFFFFFFF57
S21404CB0400F80300FFFFFFFF000004000000040019
S21404CB14005C2605506400200600000070A2040091
S21404CB24000000000100190001000000303C002051
S21404CB340100190001000000303C00200100190027
S21404CB4401000000303C0020010019000100000030
S21404CB54303C00200100190001000000303C002095
S21404CB640100190001000000303C002001001900F7
S21404CB7401000000303C0020010019000100000000
S21404CB84303C00200100190001000000303C002065
S21404CB940100190001000000303C002001001900C7
S21404CBA401000000303C00200100190001000000D0
S21404CBB4303C0020AC4000200000000000000000D0
S21404CBC4E88B0400E847002004650020A84A0020F7
S21404CBD4697A04000600000000000000000000005B
S21404CBE400000000D0A20400E8A20400747A040042
S21404CBF438330400FE000000346500200000000002
S21404CC04B84A0020204B0020884B00200000000077
S21404CC140000000000000000000000000000000007
S21404CC2400000000000000000000000000000000F7
S21404CC3400000000000000000000000000000000E7
S21404CC440000000000000000D9890300BCA404000E
S21404CC54FFFFFFFF1D8D0300198D0300FFFFFFFF79
S21404CC64218D0300FFFFFFFF15E20100FFFFFFFF16
S21404CC74FFFFFFFFFFFFFFFFFFFFFFFFFFFFFFFFB7
S21404CC84FFFFFFFF0000000020A1070000000000D3
S21404CC9465CF030000000000000000000000000050
S21404CCA40000000000000000000000000000000077
S21404CCB400000000C8500020110A0200A12302004C
S21404CCC438330400000000000000000000000000E8
S21404CCD400000000C8500020A91002000000000054
S21404CCE438330400000000000000000000000000C8
S21404CCF400000000C8500020ED1A0200A123020020
S21404CD0438330400000000000000000000000000A7
S21404CD1400000000617B0400C8500020452802007F
S21404CD240000000038330400000000000000000087
S21404CD340000000000000000C8500020C93C0200A7
S21404CD440000000038330400000000000000000067
S21404CD540000000000000000C85000203942020011
S21404CD640000000038330400000000000000000047
S21404CD740000000000000000C850002035570200E0
S21404CD840000000038330400000000000000000027
S21404CD940000000000000000B80B0000C85000208B
S21404CDA4A55C020000000000383304000000000004
S21404CDB4000000000000000000000000C85000202E
S21404CDC40568020000000000383304000000000078
S21404CDD4000000000000000000000000C85000200E
S21404CDE4C969020000000000383304000000000093
S21404CDF4000000000000000000000000C8500020EE
S21404CE040BA20300000000003833040000000000F6
S21404CE14000000000000000000000000C8500020CD
S21404CE24F16F020000000000383304000000000024
S21404CE34000000000000000000000000C8500020AD
S21404CE44617602000000000038330400000000008D
S21404CE54000000000000000000000000C85000208D
S21404CE648DAE030000000000383304000000000008
S21404CE74000000000000000000000000C85000206D
S21404CE8499DB0200000000003833040000000000B0
S21404CE94000000000000000000000000C85000204D
S21404CEA409F4020000000000383304000000000007
S21404CEB400000000000000000000000095B7030016
S21404CEC4C850002015220300A123020038330400AE
S21404CED40000000000000000000000000000000045
S21404CEE4C8500020D928030000000000383304008A
S21404CEF40000000000000000000000000000000025
S21404CF04FFFFCEFAEFBEFFFFFDFFFDFF0C002C0172
S21404CF14001E2C01400680001027FFFF04F8FFFFC4
S21404CF240C000000000000004000FDFF2C019C00E3
S21404CF340000FFFFFDFFFFFFFFFF60EA80008000A4
S21404CF4410C1CDAB3201FFFFFFFFFFFFFFFFFFFF62
S21404CF54FFFFFFFFFFFFFFFFFFFFFFFFFFFFFFFFD4
S21404CF64FFFFFFFFFFFF01FF05FFFFFF0101FFFFB8
S21404CF740201FFFF640250FF0F010208031E0605A8
S21404CF84021601010A0C052007051010010F0804F7
S21404CF9410010601010104FF030101FF0C01FF4017
S21404CFA45AB47F0150403000FFFFFF0B03FF050B0C
S21404CFB40101FF03010305020201FFFFFFFFFFFF58
S21404CFC4FFFF010102FFFFFF40FF0101BD4C00000B
S20804CFD4954C00006F
S80400701576
